epoch,class_loss,coral_loss,total_loss,train_accuracy,validation_accuracy,test_accuracy,train_balanced_accuracy,validation_balanced_accuracy,test_balanced_accuracy,train_macro_f1,validation_macro_f1,test_macro_f1,split,task,variant,lambda,seed
1,1.116260290145874,0.0,1.116260290145874,0.5666666666666667,,0.39194139194139194,0.47222222222222227,,0.37152777777777773,0.4122946475887653,,0.26628352490421453,S1_train_I_test_all,three_class_with_air,MLP source only,0.0,0
10,0.6666556596755981,0.0,0.6666556596755981,0.5333333333333333,,0.6153846153846154,0.611111111111111,,0.6354166666666666,0.4908424908424909,,0.5460100959784704,S1_train_I_test_all,three_class_with_air,MLP source only,0.0,0
20,0.3577571511268616,0.0,0.3577571511268616,0.8666666666666667,,0.7142857142857143,0.8888888888888888,,0.724022633744856,0.8545548654244306,,0.709827503769907,S1_train_I_test_all,three_class_with_air,MLP source only,0.0,0
30,0.07294181734323502,0.0,0.07294181734323502,1.0,,0.717948717948718,1.0,,0.7255658436213991,1.0,,0.7242171510598353,S1_train_I_test_all,three_class_with_air,MLP source only,0.0,0
40,0.010826080106198788,0.0,0.010826080106198788,1.0,,0.717948717948718,1.0,,0.7249228395061729,1.0,,0.7258043758043758,S1_train_I_test_all,three_class_with_air,MLP source only,0.0,0
50,0.0043430509977042675,0.0,0.0043430509977042675,1.0,,0.7289377289377289,1.0,,0.7314814814814814,1.0,,0.7380656811908262,S1_train_I_test_all,three_class_with_air,MLP source only,0.0,0
60,0.004050995223224163,0.0,0.004050995223224163,1.0,,0.7545787545787546,1.0,,0.7596450617283951,1.0,,0.7600000000000001,S1_train_I_test_all,three_class_with_air,MLP source only,0.0,0
70,0.0022647592704743147,0.0,0.0022647592704743147,1.0,,0.7692307692307693,1.0,,0.773533950617284,1.0,,0.7762468480859285,S1_train_I_test_all,three_class_with_air,MLP source only,0.0,0
80,0.002038840437307954,0.0,0.002038840437307954,1.0,,0.7692307692307693,1.0,,0.7754629629629629,1.0,,0.774028171180293,S1_train_I_test_all,three_class_with_air,MLP source only,0.0,0
90,0.0015585820656269789,0.0,0.0015585820656269789,1.0,,0.7289377289377289,1.0,,0.7314814814814815,1.0,,0.7375303541388837,S1_train_I_test_all,three_class_with_air,MLP source only,0.0,0
100,0.0009038225980475545,0.0,0.0009038225980475545,1.0,,0.7728937728937729,1.0,,0.7782921810699589,1.0,,0.7784373921316914,S1_train_I_test_all,three_class_with_air,MLP source only,0.0,0
110,0.00705833500251174,0.0,0.00705833500251174,1.0,,0.7655677655677655,1.0,,0.7713477366255144,1.0,,0.7690953803629861,S1_train_I_test_all,three_class_with_air,MLP source only,0.0,0
120,0.0009878441924229264,0.0,0.0009878441924229264,1.0,,0.7472527472527473,1.0,,0.7507716049382717,1.0,,0.753839731686603,S1_train_I_test_all,three_class_with_air,MLP source only,0.0,0
130,0.03201952949166298,0.0,0.03201952949166298,1.0,,0.7765567765567766,1.0,,0.7824074074074073,1.0,,0.7796664152322088,S1_train_I_test_all,three_class_with_air,MLP source only,0.0,0
140,0.00035606074379757047,0.0,0.00035606074379757047,1.0,,0.7655677655677655,1.0,,0.7662037037037037,1.0,,0.7710845392159639,S1_train_I_test_all,three_class_with_air,MLP source only,0.0,0
150,0.0004844186478294432,0.0,0.0004844186478294432,1.0,,0.7619047619047619,1.0,,0.7627314814814815,1.0,,0.7670049285536998,S1_train_I_test_all,three_class_with_air,MLP source only,0.0,0
160,0.000613354379311204,0.0,0.000613354379311204,1.0,,0.7509157509157509,1.0,,0.7529578189300411,1.0,,0.7548009778623103,S1_train_I_test_all,three_class_with_air,MLP source only,0.0,0
170,8.380961662624031e-05,0.0,8.380961662624031e-05,1.0,,0.7582417582417582,1.0,,0.7611882716049383,1.0,,0.7618482786577542,S1_train_I_test_all,three_class_with_air,MLP source only,0.0,0
180,0.00010761329758679494,0.0,0.00010761329758679494,1.0,,0.7655677655677655,1.0,,0.768775720164609,1.0,,0.7685865195963846,S1_train_I_test_all,three_class_with_air,MLP source only,0.0,0
190,0.0007112736930139363,0.0,0.0007112736930139363,1.0,,0.7765567765567766,1.0,,0.7811213991769547,1.0,,0.7789213293618794,S1_train_I_test_all,three_class_with_air,MLP source only,0.0,0
200,0.0002635418204590678,0.0,0.0002635418204590678,1.0,,0.7765567765567766,1.0,,0.7811213991769548,1.0,,0.7795891636249545,S1_train_I_test_all,three_class_with_air,MLP source only,0.0,0
210,0.00011097230890300125,0.0,0.00011097230890300125,1.0,,0.7765567765567766,1.0,,0.7811213991769548,1.0,,0.7795891636249545,S1_train_I_test_all,three_class_with_air,MLP source only,0.0,0
220,9.25309068406932e-05,0.0,9.25309068406932e-05,1.0,,0.7728937728937729,1.0,,0.7770061728395062,1.0,,0.7773444810567908,S1_train_I_test_all,three_class_with_air,MLP source only,0.0,0
230,0.0001049830243573524,0.0,0.0001049830243573524,1.0,,0.7692307692307693,1.0,,0.7722479423868313,1.0,,0.7751032292095094,S1_train_I_test_all,three_class_with_air,MLP source only,0.0,0
240,8.623223402537405e-05,0.0,8.623223402537405e-05,1.0,,0.7728937728937729,1.0,,0.7770061728395062,1.0,,0.7783493324598317,S1_train_I_test_all,three_class_with_air,MLP source only,0.0,0
250,0.00041943087126128376,0.0,0.00041943087126128376,1.0,,0.7692307692307693,1.0,,0.773533950617284,1.0,,0.7735042735042734,S1_train_I_test_all,three_class_with_air,MLP source only,0.0,0
260,0.00015676222392357886,0.0,0.00015676222392357886,1.0,,0.7728937728937729,1.0,,0.7770061728395062,1.0,,0.7773444810567908,S1_train_I_test_all,three_class_with_air,MLP source only,0.0,0
270,0.0002611192758195102,0.0,0.0002611192758195102,1.0,,0.7655677655677655,1.0,,0.7681327160493826,1.0,,0.7701631123075648,S1_train_I_test_all,three_class_with_air,MLP source only,0.0,0
280,0.0001650693448027596,0.0,0.0001650693448027596,1.0,,0.7692307692307693,1.0,,0.7716049382716049,1.0,,0.7734405590193066,S1_train_I_test_all,three_class_with_air,MLP source only,0.0,0
290,7.109984289854765e-05,0.0,7.109984289854765e-05,1.0,,0.7692307692307693,1.0,,0.7716049382716049,1.0,,0.7744386579014769,S1_train_I_test_all,three_class_with_air,MLP source only,0.0,0
300,4.627435919246636e-05,0.0,4.627435919246636e-05,1.0,,0.7728937728937729,1.0,,0.7750771604938271,1.0,,0.7785763014521185,S1_train_I_test_all,three_class_with_air,MLP source only,0.0,0
310,0.0009324487182311714,0.0,0.0009324487182311714,1.0,,0.7692307692307693,1.0,,0.7716049382716049,1.0,,0.7744386579014769,S1_train_I_test_all,three_class_with_air,MLP source only,0.0,0
320,0.00014432158786803484,0.0,0.00014432158786803484,1.0,,0.7692307692307693,1.0,,0.7716049382716049,1.0,,0.7739612020273222,S1_train_I_test_all,three_class_with_air,MLP source only,0.0,0
330,0.0001411396951880306,0.0,0.0001411396951880306,1.0,,0.7692307692307693,1.0,,0.7716049382716049,1.0,,0.7738161391412165,S1_train_I_test_all,three_class_with_air,MLP source only,0.0,0
340,3.433451274759136e-05,0.0,3.433451274759136e-05,1.0,,0.7655677655677655,1.0,,0.7681327160493826,1.0,,0.7701631123075648,S1_train_I_test_all,three_class_with_air,MLP source only,0.0,0
350,7.51671614125371e-05,0.0,7.51671614125371e-05,1.0,,0.7728937728937729,1.0,,0.7750771604938271,1.0,,0.777078849100075,S1_train_I_test_all,three_class_with_air,MLP source only,0.0,0
360,3.954999192501418e-05,0.0,3.954999192501418e-05,1.0,,0.7765567765567766,1.0,,0.7785493827160493,1.0,,0.780346700083542,S1_train_I_test_all,three_class_with_air,MLP source only,0.0,0
370,0.0003057429566979408,0.0,0.0003057429566979408,1.0,,0.7728937728937729,1.0,,0.7750771604938271,1.0,,0.7764967091881522,S1_train_I_test_all,three_class_with_air,MLP source only,0.0,0
380,9.095211862586439e-05,0.0,9.095211862586439e-05,1.0,,0.7692307692307693,1.0,,0.7716049382716049,1.0,,0.7726185297955634,S1_train_I_test_all,three_class_with_air,MLP source only,0.0,0
390,0.002329763723537326,0.0,0.002329763723537326,1.0,,0.7875457875457875,1.0,,0.7915380658436213,1.0,,0.7883317775888248,S1_train_I_test_all,three_class_with_air,MLP source only,0.0,0
400,0.00015688312123529613,0.0,0.00015688312123529613,1.0,,0.7802197802197802,1.0,,0.7858796296296297,1.0,,0.7787064375299669,S1_train_I_test_all,three_class_with_air,MLP source only,0.0,0
1,1.116260290145874,3.584889054764062e-05,1.116267442703247,0.5666666666666667,,0.39194139194139194,0.47222222222222227,,0.37152777777777773,0.4122946475887653,,0.26628352490421453,S1_train_I_test_all,three_class_with_air,Deep CORAL-UDA,0.2,0
10,0.6856863498687744,0.10286127030849457,0.7062585949897766,0.5666666666666667,,0.6263736263736264,0.638888888888889,,0.6458333333333334,0.540952380952381,,0.5601390998310429,S1_train_I_test_all,three_class_with_air,Deep CORAL-UDA,0.2,0
20,0.3471124768257141,0.023552080616354942,0.3518228828907013,0.9,,0.73992673992674,0.9166666666666666,,0.7470421810699589,0.8943001443001443,,0.7435213962991741,S1_train_I_test_all,three_class_with_air,Deep CORAL-UDA,0.2,0
30,0.09170453250408173,0.047287777066230774,0.10116209089756012,1.0,,0.7802197802197802,1.0,,0.782664609053498,1.0,,0.7865149347049799,S1_train_I_test_all,three_class_with_air,Deep CORAL-UDA,0.2,0
40,0.01561248954385519,0.051778681576251984,0.025968225672841072,1.0,,0.8058608058608059,1.0,,0.8069701646090536,1.0,,0.8089333420174186,S1_train_I_test_all,three_class_with_air,Deep CORAL-UDA,0.2,0
50,0.02243995852768421,0.06243373081088066,0.034926705062389374,1.0,,0.7985347985347986,1.0,,0.8006687242798355,1.0,,0.7997871550053713,S1_train_I_test_all,three_class_with_air,Deep CORAL-UDA,0.2,0
60,0.002274857833981514,0.032405368983745575,0.008755931630730629,1.0,,0.8168498168498168,1.0,,0.8186728395061729,1.0,,0.8184365781710915,S1_train_I_test_all,three_class_with_air,Deep CORAL-UDA,0.2,0
70,0.018318628892302513,0.018710369244217873,0.022060703486204147,1.0,,0.8241758241758241,1.0,,0.8224022633744856,1.0,,0.8268733985405451,S1_train_I_test_all,three_class_with_air,Deep CORAL-UDA,0.2,0
80,0.0030228234827518463,0.019192630425095558,0.006861349567770958,1.0,,0.8461538461538461,1.0,,0.845164609053498,1.0,,0.8492405851229381,S1_train_I_test_all,three_class_with_air,Deep CORAL-UDA,0.2,0
90,0.004756669048219919,0.014721072278916836,0.007700883783400059,1.0,,0.7985347985347986,1.0,,0.7968106995884773,1.0,,0.802552905220059,S1_train_I_test_all,three_class_with_air,Deep CORAL-UDA,0.2,0
100,0.002073425566777587,0.02244958095252514,0.006563342176377773,1.0,,0.7912087912087912,1.0,,0.7892232510288065,1.0,,0.7960601237156094,S1_train_I_test_all,three_class_with_air,Deep CORAL-UDA,0.2,0
110,0.0008044664282351732,0.01934046857059002,0.004672559909522533,1.0,,0.8131868131868132,1.0,,0.8106995884773661,1.0,,0.8160807705872083,S1_train_I_test_all,three_class_with_air,Deep CORAL-UDA,0.2,0
120,0.0023827229160815477,0.015866778790950775,0.005556078627705574,1.0,,0.8241758241758241,1.0,,0.8211162551440329,1.0,,0.8266222744483613,S1_train_I_test_all,three_class_with_air,Deep CORAL-UDA,0.2,0
130,0.0007577898213639855,0.00975955743342638,0.0027097011916339397,1.0,,0.8095238095238095,1.0,,0.807227366255144,1.0,,0.8125292271633735,S1_train_I_test_all,three_class_with_air,Deep CORAL-UDA,0.2,0
140,0.0004997481009922922,0.009035853669047356,0.0023069188464432955,1.0,,0.8241758241758241,1.0,,0.8211162551440329,1.0,,0.8273551844980416,S1_train_I_test_all,three_class_with_air,Deep CORAL-UDA,0.2,0
150,0.0005338521441444755,0.006246465723961592,0.001783145358785987,1.0,,0.8241758241758241,1.0,,0.8211162551440329,1.0,,0.8273551844980416,S1_train_I_test_all,three_class_with_air,Deep CORAL-UDA,0.2,0
160,0.00044245479512028396,0.010416812263429165,0.002525817370042205,1.0,,0.8278388278388278,1.0,,0.8245884773662552,1.0,,0.8301005328213927,S1_train_I_test_all,three_class_with_air,Deep CORAL-UDA,0.2,0
170,0.0012123514898121357,0.011759944260120392,0.0035643402952700853,1.0,,0.8315018315018315,1.0,,0.8287037037037037,1.0,,0.8343675844555068,S1_train_I_test_all,three_class_with_air,Deep CORAL-UDA,0.2,0
180,0.0004898064653389156,0.010758776217699051,0.002641561906784773,1.0,,0.8315018315018315,1.0,,0.8287037037037037,1.0,,0.83509503292112,S1_train_I_test_all,three_class_with_air,Deep CORAL-UDA,0.2,0
190,0.0006551593542098999,0.0028995841275900602,0.0012350762262940407,1.0,,0.8351648351648352,1.0,,0.8321759259259259,1.0,,0.8385498105014396,S1_train_I_test_all,three_class_with_air,Deep CORAL-UDA,0.2,0
200,0.0005166331538930535,0.006613415665924549,0.001839316333644092,1.0,,0.8351648351648352,1.0,,0.8321759259259259,1.0,,0.8385498105014396,S1_train_I_test_all,three_class_with_air,Deep CORAL-UDA,0.2,0
210,0.0013202803675085306,0.007414326071739197,0.0028031454421579838,1.0,,0.8315018315018315,1.0,,0.8287037037037037,1.0,,0.83509503292112,S1_train_I_test_all,three_class_with_air,Deep CORAL-UDA,0.2,0
220,0.0005703642964363098,0.00454563507810235,0.0014794913586229086,1.0,,0.8388278388278388,1.0,,0.835648148148148,1.0,,0.8419881181491089,S1_train_I_test_all,three_class_with_air,Deep CORAL-UDA,0.2,0
230,0.0006334705976769328,0.0035146153531968594,0.0013363936450332403,1.0,,0.8315018315018315,1.0,,0.8287037037037037,1.0,,0.83509503292112,S1_train_I_test_all,three_class_with_air,Deep CORAL-UDA,0.2,0
240,0.0013543041422963142,0.005130292847752571,0.0023803627118468285,1.0,,0.8315018315018315,1.0,,0.8287037037037037,1.0,,0.8343675844555068,S1_train_I_test_all,three_class_with_air,Deep CORAL-UDA,0.2,0
250,0.0003992229176219553,0.0015334945637732744,0.0007059218478389084,1.0,,0.8278388278388278,1.0,,0.8252314814814814,1.0,,0.8308855297866479,S1_train_I_test_all,three_class_with_air,Deep CORAL-UDA,0.2,0
260,0.0003484398766886443,0.0019585636910051107,0.0007401526090689003,1.0,,0.8351648351648352,1.0,,0.8334619341563786,1.0,,0.8383466597651682,S1_train_I_test_all,three_class_with_air,Deep CORAL-UDA,0.2,0
270,0.0009195264428853989,0.01661854237318039,0.004243235103785992,1.0,,0.8424908424908425,1.0,,0.840406378600823,1.0,,0.8453356692641876,S1_train_I_test_all,three_class_with_air,Deep CORAL-UDA,0.2,0
280,0.00031307258177548647,0.0034669351298362017,0.0010064595844596624,1.0,,0.8278388278388278,1.0,,0.8252314814814814,1.0,,0.8316231699465232,S1_train_I_test_all,three_class_with_air,Deep CORAL-UDA,0.2,0
290,0.0003734944330062717,0.0032710707746446133,0.0010277086403220892,1.0,,0.8315018315018315,1.0,,0.8293467078189299,1.0,,0.8353598027172967,S1_train_I_test_all,three_class_with_air,Deep CORAL-UDA,0.2,0
300,0.00033366671414114535,0.0022266816813498735,0.0007790030213072896,1.0,,0.8461538461538461,1.0,,0.8438786008230452,1.0,,0.8488057827987707,S1_train_I_test_all,three_class_with_air,Deep CORAL-UDA,0.2,0
310,0.000686336774379015,0.004635899793356657,0.0016135168261826038,1.0,,0.8424908424908425,1.0,,0.840406378600823,1.0,,0.8453356692641876,S1_train_I_test_all,three_class_with_air,Deep CORAL-UDA,0.2,0
320,0.0004653151845559478,0.004748399369418621,0.001414995058439672,1.0,,0.8351648351648352,1.0,,0.8321759259259259,1.0,,0.8385498105014396,S1_train_I_test_all,three_class_with_air,Deep CORAL-UDA,0.2,0
330,0.0003003101155627519,0.0021951140370219946,0.0007393329287879169,1.0,,0.8351648351648352,1.0,,0.8321759259259259,1.0,,0.8385498105014396,S1_train_I_test_all,three_class_with_air,Deep CORAL-UDA,0.2,0
340,0.00038699363358318806,0.009661395102739334,0.002319272607564926,1.0,,0.8278388278388278,1.0,,0.8252314814814814,1.0,,0.8316231699465232,S1_train_I_test_all,three_class_with_air,Deep CORAL-UDA,0.2,0
350,0.0004070203867740929,0.0012854922097176313,0.0006641187937930226,1.0,,0.8424908424908425,1.0,,0.8391203703703703,1.0,,0.84614313561682,S1_train_I_test_all,three_class_with_air,Deep CORAL-UDA,0.2,0
360,0.0002997058618348092,0.0029426277615129948,0.0008882314432412386,1.0,,0.8315018315018315,1.0,,0.8287037037037037,1.0,,0.8343675844555068,S1_train_I_test_all,three_class_with_air,Deep CORAL-UDA,0.2,0
370,0.0009007271146401763,0.00402992544695735,0.0017067121807485819,1.0,,0.8315018315018315,1.0,,0.8287037037037037,1.0,,0.8343675844555068,S1_train_I_test_all,three_class_with_air,Deep CORAL-UDA,0.2,0
380,0.00038624877925030887,0.005223180167376995,0.001430884818546474,1.0,,0.8278388278388278,1.0,,0.8252314814814814,1.0,,0.8308855297866479,S1_train_I_test_all,three_class_with_air,Deep CORAL-UDA,0.2,0
390,0.0008114205556921661,0.003263581544160843,0.0014641368761658669,1.0,,0.8205128205128205,1.0,,0.8182870370370371,1.0,,0.8238680486886921,S1_train_I_test_all,three_class_with_air,Deep CORAL-UDA,0.2,0
400,0.0003959586611017585,0.003161033848300576,0.001028165454044938,1.0,,0.8388278388278388,1.0,,0.8375771604938271,1.0,,0.8413591002967169,S1_train_I_test_all,three_class_with_air,Deep CORAL-UDA,0.2,0
1,1.1242079734802246,0.0,1.1242079734802246,0.56,0.6,0.4065934065934066,0.4666666666666666,0.5,0.3854166666666667,0.4055299539170507,0.4444444444444444,0.2976190476190476,S2_train_I_internal_val_test_all,three_class_with_air,MLP source only,0.0,0
10,0.6300939917564392,0.0,0.6300939917564392,0.64,0.4,0.6043956043956044,0.7000000000000001,0.5,0.625,0.6255810466336782,0.35555555555555557,0.5364102900829012,S2_train_I_internal_val_test_all,three_class_with_air,MLP source only,0.0,0
20,0.33645281195640564,0.0,0.33645281195640564,0.88,0.8,0.673992673992674,0.9,0.8333333333333334,0.6851851851851851,0.8684960263907633,0.7777777777777777,0.6513542412822987,S2_train_I_internal_val_test_all,three_class_with_air,MLP source only,0.0,0
30,0.10854695737361908,0.0,0.10854695737361908,1.0,0.6,0.7032967032967034,1.0,0.6666666666666666,0.7129629629629629,1.0,0.611111111111111,0.6971578511066122,S2_train_I_internal_val_test_all,three_class_with_air,MLP source only,0.0,0
40,0.018946966156363487,0.0,0.018946966156363487,1.0,0.8,0.7216117216117216,1.0,0.8333333333333334,0.7283950617283951,1.0,0.7777777777777777,0.7245237635032108,S2_train_I_internal_val_test_all,three_class_with_air,MLP source only,0.0,0
50,0.00946701131761074,0.0,0.00946701131761074,1.0,0.6,0.7326007326007326,1.0,0.6666666666666666,0.7400977366255144,1.0,0.611111111111111,0.7342196198726691,S2_train_I_internal_val_test_all,three_class_with_air,MLP source only,0.0,0
60,0.0013941173674538732,0.0,0.0013941173674538732,1.0,0.6,0.73992673992674,1.0,0.6666666666666666,0.7476851851851851,1.0,0.611111111111111,0.7409083364868184,S2_train_I_internal_val_test_all,three_class_with_air,MLP source only,0.0,0
70,0.0017846019472926855,0.0,0.0017846019472926855,1.0,0.6,0.7362637362637363,1.0,0.6666666666666666,0.7429269547325102,1.0,0.611111111111111,0.7377238427032661,S2_train_I_internal_val_test_all,three_class_with_air,MLP source only,0.0,0
80,0.0010274974629282951,0.0,0.0010274974629282951,1.0,0.6,0.7435897435897436,1.0,0.6666666666666666,0.7492283950617283,1.0,0.611111111111111,0.7452316317133638,S2_train_I_internal_val_test_all,three_class_with_air,MLP source only,0.0,0
90,0.03890511766076088,0.0,0.03890511766076088,1.0,0.6,0.7362637362637363,1.0,0.6666666666666666,0.7409979423868314,1.0,0.611111111111111,0.7386104894869879,S2_train_I_internal_val_test_all,three_class_with_air,MLP source only,0.0,0
100,0.004987413063645363,0.0,0.004987413063645363,1.0,0.6,0.7509157509157509,1.0,0.6666666666666666,0.7587448559670782,1.0,0.611111111111111,0.7504731062312593,S2_train_I_internal_val_test_all,three_class_with_air,MLP source only,0.0,0
110,0.0003851560177281499,0.0,0.0003851560177281499,1.0,0.6,0.7545787545787546,1.0,0.6666666666666666,0.7615740740740741,1.0,0.611111111111111,0.7542923318058841,S2_train_I_internal_val_test_all,three_class_with_air,MLP source only,0.0,0
120,0.0015468240017071366,0.0,0.0015468240017071366,1.0,0.6,0.7692307692307693,1.0,0.6666666666666666,0.7741769547325102,1.0,0.611111111111111,0.7686211009883032,S2_train_I_internal_val_test_all,three_class_with_air,MLP source only,0.0,0
130,0.0006113597773946822,0.0,0.0006113597773946822,1.0,0.6,0.7655677655677655,1.0,0.6666666666666666,0.7719907407407408,1.0,0.611111111111111,0.7639735875088375,S2_train_I_internal_val_test_all,three_class_with_air,MLP source only,0.0,0
140,0.00024457008112221956,0.0,0.00024457008112221956,1.0,0.6,0.7582417582417582,1.0,0.6666666666666666,0.7644032921810701,1.0,0.611111111111111,0.7565154628333652,S2_train_I_internal_val_test_all,three_class_with_air,MLP source only,0.0,0
150,0.0003443543682806194,0.0,0.0003443543682806194,1.0,0.6,0.7582417582417582,1.0,0.6666666666666666,0.7644032921810701,1.0,0.611111111111111,0.7565154628333652,S2_train_I_internal_val_test_all,three_class_with_air,MLP source only,0.0,0
160,0.014733598567545414,0.0,0.014733598567545414,1.0,0.6,0.73992673992674,1.0,0.6666666666666666,0.7476851851851851,1.0,0.611111111111111,0.7382839138143629,S2_train_I_internal_val_test_all,three_class_with_air,MLP source only,0.0,0
170,0.004334437195211649,0.0,0.004334437195211649,1.0,0.6,0.7472527472527473,1.0,0.6666666666666666,0.7539866255144033,1.0,0.611111111111111,0.7455419176573023,S2_train_I_internal_val_test_all,three_class_with_air,MLP source only,0.0,0
180,0.0005800934159196913,0.0,0.0005800934159196913,1.0,0.6,0.7545787545787546,1.0,0.6666666666666666,0.7615740740740741,1.0,0.611111111111111,0.752770344832962,S2_train_I_internal_val_test_all,three_class_with_air,MLP source only,0.0,0
190,0.0034430215600878,0.0,0.0034430215600878,1.0,0.6,0.7509157509157509,1.0,0.6666666666666666,0.758101851851852,1.0,0.611111111111111,0.7492113845452733,S2_train_I_internal_val_test_all,three_class_with_air,MLP source only,0.0,0
200,7.193303463282064e-05,0.0,7.193303463282064e-05,1.0,0.6,0.7435897435897436,1.0,0.6666666666666666,0.7511574074074074,1.0,0.611111111111111,0.74205768828298,S2_train_I_internal_val_test_all,three_class_with_air,MLP source only,0.0,0
210,6.26269102212973e-05,0.0,6.26269102212973e-05,1.0,0.6,0.7509157509157509,1.0,0.6666666666666666,0.758101851851852,1.0,0.611111111111111,0.7492243086538406,S2_train_I_internal_val_test_all,three_class_with_air,MLP source only,0.0,0
220,0.0001699692220427096,0.0,0.0001699692220427096,1.0,0.6,0.7655677655677655,1.0,0.6666666666666666,0.7719907407407408,1.0,0.611111111111111,0.7632127944641739,S2_train_I_internal_val_test_all,three_class_with_air,MLP source only,0.0,0
230,0.001011798158288002,0.0,0.001011798158288002,1.0,0.6,0.7728937728937729,1.0,0.6666666666666666,0.7789351851851851,1.0,0.611111111111111,0.7696919131052811,S2_train_I_internal_val_test_all,three_class_with_air,MLP source only,0.0,0
240,6.873454549349844e-05,0.0,6.873454549349844e-05,1.0,0.6,0.7692307692307693,1.0,0.6666666666666666,0.7748199588477366,1.0,0.611111111111111,0.7656767955801106,S2_train_I_internal_val_test_all,three_class_with_air,MLP source only,0.0,0
250,0.00012689696450252086,0.0,0.00012689696450252086,1.0,0.6,0.7728937728937729,1.0,0.6666666666666666,0.7782921810699589,1.0,0.611111111111111,0.7692428188450778,S2_train_I_internal_val_test_all,three_class_with_air,MLP source only,0.0,0
260,0.00022451225959230214,0.0,0.00022451225959230214,1.0,0.6,0.7765567765567766,1.0,0.6666666666666666,0.781764403292181,1.0,0.611111111111111,0.7732060755046198,S2_train_I_internal_val_test_all,three_class_with_air,MLP source only,0.0,0
270,0.0007748288917355239,0.0,0.0007748288917355239,1.0,0.6,0.7728937728937729,1.0,0.6666666666666666,0.7782921810699589,1.0,0.611111111111111,0.7692428188450778,S2_train_I_internal_val_test_all,three_class_with_air,MLP source only,0.0,0
280,3.538387318258174e-05,0.0,3.538387318258174e-05,1.0,0.6,0.7728937728937729,1.0,0.6666666666666666,0.7782921810699589,1.0,0.611111111111111,0.7692428188450778,S2_train_I_internal_val_test_all,three_class_with_air,MLP source only,0.0,0
290,0.00016647414304316044,0.0,0.00016647414304316044,1.0,0.6,0.7728937728937729,1.0,0.6666666666666666,0.7782921810699589,1.0,0.611111111111111,0.7692428188450778,S2_train_I_internal_val_test_all,three_class_with_air,MLP source only,0.0,0
300,5.735127706429921e-05,0.0,5.735127706429921e-05,1.0,0.6,0.7728937728937729,1.0,0.6666666666666666,0.7782921810699589,1.0,0.611111111111111,0.7692428188450778,S2_train_I_internal_val_test_all,three_class_with_air,MLP source only,0.0,0
310,8.859652007231489e-05,0.0,8.859652007231489e-05,1.0,0.6,0.7728937728937729,1.0,0.6666666666666666,0.7782921810699589,1.0,0.611111111111111,0.7692428188450778,S2_train_I_internal_val_test_all,three_class_with_air,MLP source only,0.0,0
320,0.00011083461140515283,0.0,0.00011083461140515283,1.0,0.6,0.7728937728937729,1.0,0.6666666666666666,0.7782921810699589,1.0,0.611111111111111,0.7692428188450778,S2_train_I_internal_val_test_all,three_class_with_air,MLP source only,0.0,0
330,0.00019268835603725165,0.0,0.00019268835603725165,1.0,0.6,0.7692307692307693,1.0,0.6666666666666666,0.7748199588477367,1.0,0.611111111111111,0.7652585093952228,S2_train_I_internal_val_test_all,three_class_with_air,MLP source only,0.0,0
340,5.905446596443653e-05,0.0,5.905446596443653e-05,1.0,0.6,0.7692307692307693,1.0,0.6666666666666666,0.7748199588477367,1.0,0.611111111111111,0.7652585093952228,S2_train_I_internal_val_test_all,three_class_with_air,MLP source only,0.0,0
350,3.6148525396129116e-05,0.0,3.6148525396129116e-05,1.0,0.6,0.7692307692307693,1.0,0.6666666666666666,0.7748199588477367,1.0,0.611111111111111,0.7652585093952228,S2_train_I_internal_val_test_all,three_class_with_air,MLP source only,0.0,0
360,5.392455204855651e-05,0.0,5.392455204855651e-05,1.0,0.6,0.7655677655677655,1.0,0.6666666666666666,0.7707047325102881,1.0,0.611111111111111,0.7617259142871987,S2_train_I_internal_val_test_all,three_class_with_air,MLP source only,0.0,0
370,4.869436816079542e-05,0.0,4.869436816079542e-05,1.0,0.6,0.7655677655677655,1.0,0.6666666666666666,0.7707047325102881,1.0,0.611111111111111,0.7617259142871987,S2_train_I_internal_val_test_all,three_class_with_air,MLP source only,0.0,0
380,0.00019516747852321714,0.0,0.00019516747852321714,1.0,0.6,0.7692307692307693,1.0,0.6666666666666666,0.7748199588477367,1.0,0.611111111111111,0.7652585093952228,S2_train_I_internal_val_test_all,three_class_with_air,MLP source only,0.0,0
390,3.352827479830012e-05,0.0,3.352827479830012e-05,1.0,0.6,0.7655677655677655,1.0,0.6666666666666666,0.7707047325102881,1.0,0.611111111111111,0.7617259142871987,S2_train_I_internal_val_test_all,three_class_with_air,MLP source only,0.0,0
400,0.00028098010807298124,0.0,0.00028098010807298124,1.0,0.6,0.7692307692307693,1.0,0.6666666666666666,0.7748199588477367,1.0,0.611111111111111,0.7652585093952228,S2_train_I_internal_val_test_all,three_class_with_air,MLP source only,0.0,0
1,1.1120095252990723,5.850751676916843e-06,1.1120097637176514,0.44,0.4,0.46153846153846156,0.5,0.5,0.47222222222222215,0.3804713804713804,0.3333333333333333,0.3738369451413445,S2_train_I_internal_val_test_all,three_class_with_air,Deep CORAL-UDA,0.05,1
10,0.5444634556770325,0.9279672503471375,0.5908617973327637,0.88,0.6,0.6117216117216118,0.9,0.6666666666666666,0.6274434156378601,0.8684960263907633,0.611111111111111,0.5739539163512527,S2_train_I_internal_val_test_all,three_class_with_air,Deep CORAL-UDA,0.05,1
20,0.2132689505815506,0.044819653034210205,0.21550993621349335,0.92,0.6,0.6813186813186813,0.9333333333333332,0.6666666666666666,0.690843621399177,0.9188197767145135,0.611111111111111,0.6664782246177595,S2_train_I_internal_val_test_all,three_class_with_air,Deep CORAL-UDA,0.05,1
30,0.06412512809038162,0.08669932186603546,0.06846009194850922,1.0,0.6,0.7692307692307693,1.0,0.6666666666666666,0.7716049382716049,1.0,0.611111111111111,0.7699083104512473,S2_train_I_internal_val_test_all,three_class_with_air,Deep CORAL-UDA,0.05,1
40,0.013631702400743961,0.16850420832633972,0.022056913003325462,1.0,0.8,0.7838827838827839,1.0,0.8333333333333334,0.7861368312757202,1.0,0.7777777777777777,0.7841444236024153,S2_train_I_internal_val_test_all,three_class_with_air,Deep CORAL-UDA,0.05,1
50,0.0041083223186433315,0.10591369867324829,0.009404007345438004,1.0,0.6,0.7912087912087912,1.0,0.6666666666666666,0.793724279835391,1.0,0.611111111111111,0.7911720838010922,S2_train_I_internal_val_test_all,three_class_with_air,Deep CORAL-UDA,0.05,1
60,0.0031186265405267477,0.08195995539426804,0.007216623984277248,1.0,0.6,0.8168498168498168,1.0,0.6666666666666666,0.8173868312757202,1.0,0.611111111111111,0.8163566844271615,S2_train_I_internal_val_test_all,three_class_with_air,Deep CORAL-UDA,0.05,1
70,0.002162113320082426,0.06421995162963867,0.005373110994696617,1.0,0.8,0.8278388278388278,1.0,0.8333333333333334,0.8258744855967078,1.0,0.7777777777777777,0.8263423815192422,S2_train_I_internal_val_test_all,three_class_with_air,Deep CORAL-UDA,0.05,1
80,0.013248213566839695,0.0821332111954689,0.017354873940348625,1.0,0.6,0.8388278388278388,1.0,0.6666666666666666,0.8388631687242798,1.0,0.611111111111111,0.8377015740542557,S2_train_I_internal_val_test_all,three_class_with_air,Deep CORAL-UDA,0.05,1
90,0.0012531856773421168,0.032945647835731506,0.002900468185544014,1.0,0.6,0.8498168498168498,1.0,0.6666666666666666,0.8467078189300411,1.0,0.611111111111111,0.8474294954670715,S2_train_I_internal_val_test_all,three_class_with_air,Deep CORAL-UDA,0.05,1
100,0.0013705281307920814,0.039401374757289886,0.0033405967988073826,1.0,0.6,0.8424908424908425,1.0,0.6666666666666666,0.840406378600823,1.0,0.611111111111111,0.8406969663497351,S2_train_I_internal_val_test_all,three_class_with_air,Deep CORAL-UDA,0.05,1
110,0.0009958423906937242,0.013860074803233147,0.0016888461541384459,1.0,0.6,0.8424908424908425,1.0,0.6666666666666666,0.840406378600823,1.0,0.611111111111111,0.8411392606306954,S2_train_I_internal_val_test_all,three_class_with_air,Deep CORAL-UDA,0.05,1
120,0.002275097882375121,0.028512371703982353,0.00370071642100811,1.0,0.8,0.8278388278388278,1.0,0.8333333333333334,0.8252314814814815,1.0,0.7777777777777777,0.8261011077276136,S2_train_I_internal_val_test_all,three_class_with_air,Deep CORAL-UDA,0.05,1
130,0.0005681590409949422,0.015391943976283073,0.0013377561699599028,1.0,0.8,0.8461538461538461,1.0,0.8333333333333334,0.8438786008230452,1.0,0.7777777777777777,0.8456206517382769,S2_train_I_internal_val_test_all,three_class_with_air,Deep CORAL-UDA,0.05,1
140,0.001705407863482833,0.015363268554210663,0.0024735713377594948,1.0,0.8,0.8498168498168498,1.0,0.8333333333333334,0.8473508230452675,1.0,0.7777777777777777,0.849496620730525,S2_train_I_internal_val_test_all,three_class_with_air,Deep CORAL-UDA,0.05,1
150,0.0003674384788610041,0.01805223524570465,0.0012700501829385757,1.0,0.8,0.8424908424908425,1.0,0.8333333333333334,0.840406378600823,1.0,0.7777777777777777,0.8424000904684771,S2_train_I_internal_val_test_all,three_class_with_air,Deep CORAL-UDA,0.05,1
160,0.0003338707610964775,0.014589710161089897,0.0010633562924340367,1.0,0.8,0.8717948717948718,1.0,0.8333333333333334,0.8694701646090536,1.0,0.7777777777777777,0.8728668885889123,S2_train_I_internal_val_test_all,three_class_with_air,Deep CORAL-UDA,0.05,1
170,0.0008148862398229539,0.02140726149082184,0.0018852492794394493,1.0,0.8,0.8754578754578755,1.0,0.8333333333333334,0.8722993827160495,1.0,0.7777777777777777,0.8754896066750469,S2_train_I_internal_val_test_all,three_class_with_air,Deep CORAL-UDA,0.05,1
180,0.0002984259044751525,0.017751017585396767,0.0011859767837449908,1.0,1.0,0.8571428571428571,1.0,1.0,0.8542952674897119,1.0,1.0,0.8562033769246676,S2_train_I_internal_val_test_all,three_class_with_air,Deep CORAL-UDA,0.05,1
190,0.0002952301292680204,0.008808723650872707,0.0007356663118116558,1.0,0.8,0.8498168498168498,1.0,0.8333333333333334,0.8479938271604938,1.0,0.7777777777777777,0.848718355266635,S2_train_I_internal_val_test_all,three_class_with_air,Deep CORAL-UDA,0.05,1
200,0.00021621151245199144,0.010823284275829792,0.0007573757320642471,1.0,0.8,0.8461538461538461,1.0,0.8333333333333334,0.8445216049382717,1.0,0.7777777777777777,0.844737954353339,S2_train_I_internal_val_test_all,three_class_with_air,Deep CORAL-UDA,0.05,1
210,0.0003509213274810463,0.009779566898941994,0.0008398996433243155,1.0,0.8,0.8571428571428571,1.0,0.8333333333333334,0.8549382716049383,1.0,0.7777777777777777,0.8562157241138695,S2_train_I_internal_val_test_all,three_class_with_air,Deep CORAL-UDA,0.05,1
220,0.00047411167179234326,0.012375724501907825,0.0010928979609161615,1.0,0.8,0.8571428571428571,1.0,0.8333333333333334,0.8549382716049383,1.0,0.7777777777777777,0.8562157241138695,S2_train_I_internal_val_test_all,three_class_with_air,Deep CORAL-UDA,0.05,1
230,0.0004228358156979084,0.013136384077370167,0.0010796550195664167,1.0,0.8,0.8498168498168498,1.0,0.8333333333333334,0.8479938271604938,1.0,0.7777777777777777,0.8483115468409587,S2_train_I_internal_val_test_all,three_class_with_air,Deep CORAL-UDA,0.05,1
240,0.0007587546133436263,0.008465726859867573,0.001182040898129344,1.0,0.8,0.8571428571428571,1.0,0.8333333333333334,0.8549382716049383,1.0,0.7777777777777777,0.856666737202954,S2_train_I_internal_val_test_all,three_class_with_air,Deep CORAL-UDA,0.05,1
250,0.00046009226934984326,0.007002265192568302,0.0008102055289782584,1.0,0.8,0.8571428571428571,1.0,0.8333333333333334,0.8549382716049383,1.0,0.7777777777777777,0.856666737202954,S2_train_I_internal_val_test_all,three_class_with_air,Deep CORAL-UDA,0.05,1
260,0.0001533397298771888,0.003811696544289589,0.00034392456291243434,1.0,0.8,0.8608058608058609,1.0,0.8333333333333334,0.8584104938271605,1.0,0.7777777777777777,0.8601924717741136,S2_train_I_internal_val_test_all,three_class_with_air,Deep CORAL-UDA,0.05,1
270,0.0001794027048163116,0.012997927144169807,0.0008292990969493985,1.0,0.8,0.8571428571428571,1.0,0.8333333333333334,0.8549382716049383,1.0,0.7777777777777777,0.8567138343631225,S2_train_I_internal_val_test_all,three_class_with_air,Deep CORAL-UDA,0.05,1
280,0.00023854163009673357,0.007775720674544573,0.0006273277103900909,1.0,0.8,0.8644688644688645,1.0,0.8333333333333334,0.8618827160493826,1.0,0.7777777777777777,0.8645968310259383,S2_train_I_internal_val_test_all,three_class_with_air,Deep CORAL-UDA,0.05,1
290,0.00014002576062921435,0.005247994791716337,0.0004024255322292447,1.0,0.8,0.8571428571428571,1.0,0.8333333333333334,0.8549382716049383,1.0,0.7777777777777777,0.856666737202954,S2_train_I_internal_val_test_all,three_class_with_air,Deep CORAL-UDA,0.05,1
300,0.0002738997573032975,0.006825908087193966,0.0006151951383799314,1.0,0.8,0.8571428571428571,1.0,0.8333333333333334,0.8549382716049383,1.0,0.7777777777777777,0.856666737202954,S2_train_I_internal_val_test_all,three_class_with_air,Deep CORAL-UDA,0.05,1
310,0.0001782374019967392,0.021110817790031433,0.0012337783118709922,1.0,0.8,0.8571428571428571,1.0,0.8333333333333334,0.8549382716049383,1.0,0.7777777777777777,0.856666737202954,S2_train_I_internal_val_test_all,three_class_with_air,Deep CORAL-UDA,0.05,1
320,0.00036573875695466995,0.019563697278499603,0.0013439236208796501,1.0,0.8,0.8571428571428571,1.0,0.8333333333333334,0.8549382716049383,1.0,0.7777777777777777,0.856666737202954,S2_train_I_internal_val_test_all,three_class_with_air,Deep CORAL-UDA,0.05,1
330,0.0001568295992910862,0.008178627118468285,0.0005657610017806292,1.0,0.8,0.8571428571428571,1.0,0.8333333333333334,0.8549382716049383,1.0,0.7777777777777777,0.856666737202954,S2_train_I_internal_val_test_all,three_class_with_air,Deep CORAL-UDA,0.05,1
340,0.0013206795556470752,0.005674458108842373,0.0016044024378061295,1.0,0.8,0.8571428571428571,1.0,0.8333333333333334,0.8542952674897119,1.0,0.7777777777777777,0.8564167297532146,S2_train_I_internal_val_test_all,three_class_with_air,Deep CORAL-UDA,0.05,1
350,0.0001544465631013736,0.00927808042615652,0.0006183505756780505,1.0,0.8,0.8571428571428571,1.0,0.8333333333333334,0.8542952674897119,1.0,0.7777777777777777,0.8564167297532146,S2_train_I_internal_val_test_all,three_class_with_air,Deep CORAL-UDA,0.05,1
360,0.00014279226888902485,0.004781618248671293,0.00038187316386029124,1.0,0.8,0.8571428571428571,1.0,0.8333333333333334,0.8542952674897119,1.0,0.7777777777777777,0.8563629690797322,S2_train_I_internal_val_test_all,three_class_with_air,Deep CORAL-UDA,0.05,1
370,0.00013229971227701753,0.00569554977118969,0.00041707721538841724,1.0,0.8,0.8461538461538461,1.0,0.8333333333333334,0.8451646090534979,1.0,0.7777777777777777,0.8446566598666205,S2_train_I_internal_val_test_all,three_class_with_air,Deep CORAL-UDA,0.05,1
380,0.00036150997038930655,0.004393670707941055,0.0005811934825032949,1.0,0.8,0.8461538461538461,1.0,0.8333333333333334,0.8445216049382717,1.0,0.7777777777777777,0.8443526311419288,S2_train_I_internal_val_test_all,three_class_with_air,Deep CORAL-UDA,0.05,1
390,0.0003339306858833879,0.0035756875295192003,0.0005127150798216462,1.0,0.8,0.8534798534798534,1.0,0.8333333333333334,0.8514660493827161,1.0,0.7777777777777777,0.8518711183643864,S2_train_I_internal_val_test_all,three_class_with_air,Deep CORAL-UDA,0.05,1
400,0.0002864410344045609,0.005762988701462746,0.0005745904636569321,1.0,0.8,0.8608058608058609,1.0,0.8333333333333334,0.8584104938271605,1.0,0.7777777777777777,0.8597240112691522,S2_train_I_internal_val_test_all,three_class_with_air,Deep CORAL-UDA,0.05,1
1,1.076805830001831,0.0,1.076805830001831,0.6,0.4,0.5238095238095238,0.6666666666666666,0.4166666666666667,0.5473251028806584,0.5777777777777778,0.3968253968253969,0.4823435023005838,S3_train_I_internal_20_10_test_all,three_class_with_air,MLP source only,0.0,2
10,0.4341285824775696,0.0,0.4341285824775696,0.85,0.7,0.6336996336996337,0.8333333333333334,0.6666666666666666,0.64184670781893,0.8249999999999998,0.6555555555555556,0.6367716898694673,S3_train_I_internal_20_10_test_all,three_class_with_air,MLP source only,0.0,2
20,0.18103456497192383,0.0,0.18103456497192383,0.95,0.7,0.7289377289377289,0.9583333333333334,0.6666666666666666,0.7398405349794239,0.9581699346405229,0.6518518518518519,0.72682273468437,S3_train_I_internal_20_10_test_all,three_class_with_air,MLP source only,0.0,2
30,0.05158957093954086,0.0,0.05158957093954086,1.0,0.6,0.7326007326007326,1.0,0.5833333333333334,0.7426697530864198,1.0,0.5833333333333334,0.7338349293205654,S3_train_I_internal_20_10_test_all,three_class_with_air,MLP source only,0.0,2
40,0.01453130878508091,0.0,0.01453130878508091,1.0,0.6,0.7509157509157509,1.0,0.5833333333333334,0.7581018518518517,1.0,0.5833333333333334,0.7555129062976215,S3_train_I_internal_20_10_test_all,three_class_with_air,MLP source only,0.0,2
50,0.006436253432184458,0.0,0.006436253432184458,1.0,0.6,0.7619047619047619,1.0,0.5833333333333334,0.7698045267489713,1.0,0.5833333333333334,0.7638873262815175,S3_train_I_internal_20_10_test_all,three_class_with_air,MLP source only,0.0,2
60,0.00304975314065814,0.0,0.00304975314065814,1.0,0.6,0.7692307692307693,1.0,0.5833333333333334,0.7748199588477366,1.0,0.5738095238095239,0.7736292190735025,S3_train_I_internal_20_10_test_all,three_class_with_air,MLP source only,0.0,2
70,0.0010870330734178424,0.0,0.0010870330734178424,1.0,0.6,0.7692307692307693,1.0,0.5833333333333334,0.7761059670781892,1.0,0.5833333333333334,0.7729276895943561,S3_train_I_internal_20_10_test_all,three_class_with_air,MLP source only,0.0,2
80,0.0007334445836022496,0.0,0.0007334445836022496,1.0,0.6,0.7728937728937729,1.0,0.5833333333333334,0.7795781893004116,1.0,0.5833333333333334,0.7763939991823531,S3_train_I_internal_20_10_test_all,three_class_with_air,MLP source only,0.0,2
90,0.0013768470380455256,0.0,0.0013768470380455256,1.0,0.6,0.7692307692307693,1.0,0.5833333333333334,0.7748199588477366,1.0,0.5833333333333334,0.7745129343093056,S3_train_I_internal_20_10_test_all,three_class_with_air,MLP source only,0.0,2
100,0.0018832968780770898,0.0,0.0018832968780770898,1.0,0.6,0.7728937728937729,1.0,0.5833333333333334,0.7776491769547325,1.0,0.5738095238095239,0.7792293906810036,S3_train_I_internal_20_10_test_all,three_class_with_air,MLP source only,0.0,2
110,0.0005320271593518555,0.0,0.0005320271593518555,1.0,0.6,0.7802197802197802,1.0,0.5833333333333334,0.784593621399177,1.0,0.5738095238095239,0.7866972337960857,S3_train_I_internal_20_10_test_all,three_class_with_air,MLP source only,0.0,2
120,0.00022687549062538892,0.0,0.00022687549062538892,1.0,0.6,0.7765567765567766,1.0,0.5833333333333334,0.7811213991769547,1.0,0.5833333333333334,0.7827700611052787,S3_train_I_internal_20_10_test_all,three_class_with_air,MLP source only,0.0,2
130,0.00022800863371230662,0.0,0.00022800863371230662,1.0,0.6,0.7728937728937729,1.0,0.5833333333333334,0.7782921810699589,1.0,0.5833333333333334,0.7759698530782867,S3_train_I_internal_20_10_test_all,three_class_with_air,MLP source only,0.0,2
140,0.00340021844021976,0.0,0.00340021844021976,1.0,0.6,0.7655677655677655,1.0,0.5833333333333334,0.7694187242798355,1.0,0.5738095238095239,0.7690199454728082,S3_train_I_internal_20_10_test_all,three_class_with_air,MLP source only,0.0,2
150,0.0018234492745250463,0.0,0.0018234492745250463,1.0,0.6,0.7728937728937729,1.0,0.5833333333333334,0.7789351851851852,1.0,0.5738095238095239,0.7746256610410418,S3_train_I_internal_20_10_test_all,three_class_with_air,MLP source only,0.0,2
160,0.0001924717507790774,0.0,0.0001924717507790774,1.0,0.6,0.7765567765567766,1.0,0.5833333333333334,0.7824074074074074,1.0,0.5833333333333334,0.7783076061338884,S3_train_I_internal_20_10_test_all,three_class_with_air,MLP source only,0.0,2
170,0.00043713278137147427,0.0,0.00043713278137147427,1.0,0.6,0.7802197802197802,1.0,0.5833333333333334,0.7865226337448559,1.0,0.5833333333333334,0.7818269774517864,S3_train_I_internal_20_10_test_all,three_class_with_air,MLP source only,0.0,2
180,0.00020032189786434174,0.0,0.00020032189786434174,1.0,0.6,0.7875457875457875,1.0,0.5833333333333334,0.7941100823045267,1.0,0.5833333333333334,0.7891359195786635,S3_train_I_internal_20_10_test_all,three_class_with_air,MLP source only,0.0,2
190,0.00029297915170900524,0.0,0.00029297915170900524,1.0,0.6,0.7838827838827839,1.0,0.5833333333333334,0.7893518518518517,1.0,0.5833333333333334,0.786199867665578,S3_train_I_internal_20_10_test_all,three_class_with_air,MLP source only,0.0,2
200,0.00014318803732749075,0.0,0.00014318803732749075,1.0,0.6,0.7765567765567766,1.0,0.5833333333333334,0.781764403292181,1.0,0.5833333333333334,0.7803379621511338,S3_train_I_internal_20_10_test_all,three_class_with_air,MLP source only,0.0,2
210,0.00022030129912309349,0.0,0.00022030129912309349,1.0,0.6,0.7802197802197802,1.0,0.5833333333333334,0.7852366255144032,1.0,0.5833333333333334,0.7843050206817858,S3_train_I_internal_20_10_test_all,three_class_with_air,MLP source only,0.0,2
220,0.00019370617519598454,0.0,0.00019370617519598454,1.0,0.6,0.7765567765567766,1.0,0.5833333333333334,0.781764403292181,1.0,0.5738095238095239,0.7813792933435376,S3_train_I_internal_20_10_test_all,three_class_with_air,MLP source only,0.0,2
230,0.0003680784138850868,0.0,0.0003680784138850868,1.0,0.6,0.7765567765567766,1.0,0.5833333333333334,0.781764403292181,1.0,0.5738095238095239,0.7813792933435376,S3_train_I_internal_20_10_test_all,three_class_with_air,MLP source only,0.0,2
240,9.74269350990653e-05,0.0,9.74269350990653e-05,1.0,0.6,0.7728937728937729,1.0,0.5833333333333334,0.7782921810699589,1.0,0.5833333333333334,0.776892937309604,S3_train_I_internal_20_10_test_all,three_class_with_air,MLP source only,0.0,2
250,0.0066001759842038155,0.0,0.0066001759842038155,1.0,0.6,0.7802197802197802,1.0,0.5833333333333334,0.7852366255144032,1.0,0.5738095238095239,0.7842548844336611,S3_train_I_internal_20_10_test_all,three_class_with_air,MLP source only,0.0,2
260,7.078880298649892e-05,0.0,7.078880298649892e-05,1.0,0.6,0.7875457875457875,1.0,0.5833333333333334,0.7934670781893005,1.0,0.5833333333333334,0.790340710807032,S3_train_I_internal_20_10_test_all,three_class_with_air,MLP source only,0.0,2
270,5.218032674747519e-05,0.0,5.218032674747519e-05,1.0,0.6,0.7728937728937729,1.0,0.5833333333333334,0.7776491769547325,1.0,0.5833333333333334,0.7779341313620273,S3_train_I_internal_20_10_test_all,three_class_with_air,MLP source only,0.0,2
280,0.08005094528198242,0.0,0.08005094528198242,1.0,0.6,0.7802197802197802,1.0,0.5833333333333334,0.780735596707819,1.0,0.5738095238095239,0.7876104579673496,S3_train_I_internal_20_10_test_all,three_class_with_air,MLP source only,0.0,2
290,0.0005134231760166585,0.0,0.0005134231760166585,1.0,0.6,0.8131868131868132,1.0,0.5833333333333334,0.8132716049382717,1.0,0.5738095238095239,0.8161870040853438,S3_train_I_internal_20_10_test_all,three_class_with_air,MLP source only,0.0,2
300,0.002393199596554041,0.0,0.002393199596554041,1.0,0.7,0.8278388278388278,1.0,0.6666666666666666,0.8278034979423868,1.0,0.6518518518518519,0.8302657975315229,S3_train_I_internal_20_10_test_all,three_class_with_air,MLP source only,0.0,2
310,0.0033672857098281384,0.0,0.0033672857098281384,1.0,0.7,0.8278388278388278,1.0,0.6666666666666666,0.8310185185185185,1.0,0.6518518518518519,0.8278971399138001,S3_train_I_internal_20_10_test_all,three_class_with_air,MLP source only,0.0,2
320,0.0004623148124665022,0.0,0.0004623148124665022,1.0,0.7,0.8241758241758241,1.0,0.6666666666666666,0.8275462962962963,1.0,0.6518518518518519,0.8244971917670579,S3_train_I_internal_20_10_test_all,three_class_with_air,MLP source only,0.0,2
330,8.879540109774098e-05,0.0,8.879540109774098e-05,1.0,0.7,0.8205128205128205,1.0,0.6666666666666666,0.8227880658436213,1.0,0.6518518518518519,0.8215108867594676,S3_train_I_internal_20_10_test_all,three_class_with_air,MLP source only,0.0,2
340,0.00038065799162723124,0.0,0.00038065799162723124,1.0,0.7,0.8131868131868132,1.0,0.6666666666666666,0.8145576131687243,1.0,0.6518518518518519,0.8142181725097001,S3_train_I_internal_20_10_test_all,three_class_with_air,MLP source only,0.0,2
350,5.675834836438298e-05,0.0,5.675834836438298e-05,1.0,0.7,0.8168498168498168,1.0,0.6666666666666666,0.8193158436213991,1.0,0.6518518518518519,0.8174171842650103,S3_train_I_internal_20_10_test_all,three_class_with_air,MLP source only,0.0,2
360,3.396018291823566e-05,0.0,3.396018291823566e-05,1.0,0.7,0.8205128205128205,1.0,0.6666666666666666,0.8234310699588477,1.0,0.6518518518518519,0.8203905997984419,S3_train_I_internal_20_10_test_all,three_class_with_air,MLP source only,0.0,2
370,0.00020256645802874118,0.0,0.00020256645802874118,1.0,0.7,0.8241758241758241,1.0,0.6666666666666666,0.8275462962962963,1.0,0.6518518518518519,0.8239215092187457,S3_train_I_internal_20_10_test_all,three_class_with_air,MLP source only,0.0,2
380,1.9901721316273324e-05,0.0,1.9901721316273324e-05,1.0,0.7,0.8205128205128205,1.0,0.6666666666666666,0.8240740740740741,1.0,0.6518518518518519,0.8203651421042726,S3_train_I_internal_20_10_test_all,three_class_with_air,MLP source only,0.0,2
390,2.316524478374049e-05,0.0,2.316524478374049e-05,1.0,0.7,0.8241758241758241,1.0,0.6666666666666666,0.8275462962962963,1.0,0.6518518518518519,0.8241409529080762,S3_train_I_internal_20_10_test_all,three_class_with_air,MLP source only,0.0,2
400,0.00013598114310298115,0.0,0.00013598114310298115,1.0,0.7,0.8205128205128205,1.0,0.6666666666666666,0.8240740740740741,1.0,0.6518518518518519,0.8203651421042726,S3_train_I_internal_20_10_test_all,three_class_with_air,MLP source only,0.0,2
1,1.080032467842102,2.520402085792739e-05,1.080033779144287,0.6,0.5,0.27106227106227104,0.625,0.4166666666666667,0.2762345679012345,0.5913419913419913,0.4222222222222222,0.2505768233219214,S3_train_I_internal_20_10_test_all,three_class_with_air,Deep CORAL-UDA,0.05,3
10,0.5002496242523193,1.0535669326782227,0.5529279708862305,0.85,0.7,0.6190476190476191,0.8333333333333334,0.6666666666666666,0.6298868312757202,0.8249999999999998,0.6518518518518519,0.613955475149505,S3_train_I_internal_20_10_test_all,three_class_with_air,Deep CORAL-UDA,0.05,3
20,0.184963196516037,0.07441872358322144,0.1886841356754303,0.95,0.7,0.706959706959707,0.9583333333333334,0.6666666666666666,0.7170781893004116,0.9407407407407407,0.6518518518518519,0.6973504983388704,S3_train_I_internal_20_10_test_all,three_class_with_air,Deep CORAL-UDA,0.05,3
30,0.04250607639551163,0.097959004342556,0.047404028475284576,1.0,0.6,0.7765567765567766,1.0,0.5833333333333334,0.7824074074074074,1.0,0.5738095238095239,0.7801168438005811,S3_train_I_internal_20_10_test_all,three_class_with_air,Deep CORAL-UDA,0.05,3
40,0.006474108900874853,0.11977631598711014,0.012462925165891647,1.0,0.4,0.7912087912087912,1.0,0.4166666666666667,0.7924382716049383,1.0,0.38888888888888884,0.7992222364983511,S3_train_I_internal_20_10_test_all,three_class_with_air,Deep CORAL-UDA,0.05,3
50,0.027751436457037926,0.12806126475334167,0.0341545008122921,1.0,0.5,0.7619047619047619,1.0,0.5,0.7646604938271605,1.0,0.4920634920634921,0.7712353713950705,S3_train_I_internal_20_10_test_all,three_class_with_air,Deep CORAL-UDA,0.05,3
60,0.0022329133935272694,0.16525954008102417,0.01049588993191719,1.0,0.5,0.7765567765567766,1.0,0.5,0.7804783950617283,1.0,0.4920634920634921,0.7815320016577879,S3_train_I_internal_20_10_test_all,three_class_with_air,Deep CORAL-UDA,0.05,3
70,0.001191014307551086,0.09905414283275604,0.006143721751868725,1.0,0.6,0.7948717948717948,1.0,0.5833333333333334,0.7952674897119341,1.0,0.5738095238095239,0.8006122366193914,S3_train_I_internal_20_10_test_all,three_class_with_air,Deep CORAL-UDA,0.05,3
80,0.001271193497814238,0.03755446523427963,0.003148916643112898,1.0,0.6,0.7948717948717948,1.0,0.5833333333333334,0.7965534979423868,1.0,0.5738095238095239,0.7997970342882836,S3_train_I_internal_20_10_test_all,three_class_with_air,Deep CORAL-UDA,0.05,3
90,0.0034724094439297915,0.03910494223237038,0.0054276566952466965,1.0,0.7,0.8058608058608059,1.0,0.6666666666666666,0.8043981481481483,1.0,0.6666666666666666,0.8102940185667061,S3_train_I_internal_20_10_test_all,three_class_with_air,Deep CORAL-UDA,0.05,3
100,0.0009747877484187484,0.030971907079219818,0.0025233831256628036,1.0,0.6,0.7985347985347986,1.0,0.5833333333333334,0.800025720164609,1.0,0.5738095238095239,0.7994236846997583,S3_train_I_internal_20_10_test_all,three_class_with_air,Deep CORAL-UDA,0.05,3
110,0.0012373090721666813,0.050954557955265045,0.0037850369699299335,1.0,0.6,0.8095238095238095,1.0,0.5833333333333334,0.8097993827160493,1.0,0.5738095238095239,0.8106634936823616,S3_train_I_internal_20_10_test_all,three_class_with_air,Deep CORAL-UDA,0.05,3
120,0.0007138297660276294,0.024848666042089462,0.001956263091415167,1.0,0.5,0.8205128205128205,1.0,0.5,0.8195730452674898,1.0,0.46666666666666656,0.8230519480519481,S3_train_I_internal_20_10_test_all,three_class_with_air,Deep CORAL-UDA,0.05,3
130,0.0007895036833360791,0.022259041666984558,0.0019024558132514358,1.0,0.5,0.8241758241758241,1.0,0.5,0.8230452674897119,1.0,0.46666666666666656,0.826663554310613,S3_train_I_internal_20_10_test_all,three_class_with_air,Deep CORAL-UDA,0.05,3
140,0.0006298397202044725,0.018750052899122238,0.0015673423185944557,1.0,0.5,0.8241758241758241,1.0,0.5,0.8230452674897119,1.0,0.46666666666666656,0.8267925007571538,S3_train_I_internal_20_10_test_all,three_class_with_air,Deep CORAL-UDA,0.05,3
150,0.0003302881377749145,0.028323594480752945,0.0017464677803218365,1.0,0.5,0.8278388278388278,1.0,0.5,0.8265174897119342,1.0,0.46666666666666656,0.8301520185241116,S3_train_I_internal_20_10_test_all,three_class_with_air,Deep CORAL-UDA,0.05,3
160,0.0002761842333711684,0.01390540786087513,0.0009714546613395214,1.0,0.5,0.8315018315018315,1.0,0.5,0.8299897119341564,1.0,0.46666666666666656,0.8330513582417983,S3_train_I_internal_20_10_test_all,three_class_with_air,Deep CORAL-UDA,0.05,3
170,0.00023084614076651633,0.014824110083281994,0.0009720516391098499,1.0,0.6,0.8205128205128205,1.0,0.5833333333333334,0.8176440329218106,1.0,0.5738095238095239,0.8224235062756667,S3_train_I_internal_20_10_test_all,three_class_with_air,Deep CORAL-UDA,0.05,3
180,0.0008075230871327221,0.04066739231348038,0.00284089264459908,1.0,0.5,0.8205128205128205,1.0,0.5,0.8176440329218106,1.0,0.46666666666666656,0.8224235062756667,S3_train_I_internal_20_10_test_all,three_class_with_air,Deep CORAL-UDA,0.05,3
190,0.001056543318554759,0.01002848707139492,0.0015579676255583763,1.0,0.5,0.8315018315018315,1.0,0.5,0.8299897119341564,1.0,0.46666666666666656,0.8329989195863559,S3_train_I_internal_20_10_test_all,three_class_with_air,Deep CORAL-UDA,0.05,3
200,0.0005350671126507223,0.010700242593884468,0.0010700792772695422,1.0,0.5,0.8278388278388278,1.0,0.5,0.8265174897119342,1.0,0.46666666666666656,0.828881500777597,S3_train_I_internal_20_10_test_all,three_class_with_air,Deep CORAL-UDA,0.05,3
210,0.0005730778793804348,0.01383238099515438,0.001264696940779686,1.0,0.5,0.8278388278388278,1.0,0.5,0.8265174897119342,1.0,0.46666666666666656,0.828881500777597,S3_train_I_internal_20_10_test_all,three_class_with_air,Deep CORAL-UDA,0.05,3
220,0.0003174525627400726,0.012762030586600304,0.0009555540746077895,1.0,0.5,0.8278388278388278,1.0,0.5,0.8265174897119342,1.0,0.46666666666666656,0.828881500777597,S3_train_I_internal_20_10_test_all,three_class_with_air,Deep CORAL-UDA,0.05,3
230,0.006298562977463007,0.00648682564496994,0.006622904445976019,1.0,0.5,0.8388278388278388,1.0,0.5,0.8369341563786009,1.0,0.46666666666666656,0.8393278938478933,S3_train_I_internal_20_10_test_all,three_class_with_air,Deep CORAL-UDA,0.05,3
240,0.00036590773379430175,0.01371811144053936,0.0010518133640289307,1.0,0.5,0.8315018315018315,1.0,0.5,0.8293467078189299,1.0,0.46666666666666656,0.8316793677365473,S3_train_I_internal_20_10_test_all,three_class_with_air,Deep CORAL-UDA,0.05,3
250,0.00031394194229505956,0.017697904258966446,0.0011988371843472123,1.0,0.5,0.8278388278388278,1.0,0.5,0.8271604938271605,1.0,0.46666666666666656,0.8285057976187207,S3_train_I_internal_20_10_test_all,three_class_with_air,Deep CORAL-UDA,0.05,3
260,0.0004311575030442327,0.00961637869477272,0.0009119764436036348,1.0,0.8,0.8021978021978022,1.0,0.75,0.7970679012345679,1.0,0.7486772486772487,0.8043397442951751,S3_train_I_internal_20_10_test_all,three_class_with_air,Deep CORAL-UDA,0.05,3
270,0.003393937600776553,0.08945704996585846,0.007866790518164635,1.0,0.5,0.8131868131868132,1.0,0.5,0.8164866255144032,1.0,0.4904761904761905,0.8127358523508993,S3_train_I_internal_20_10_test_all,three_class_with_air,Deep CORAL-UDA,0.05,3
280,0.00035810863482765853,0.0213718693703413,0.001426702132448554,1.0,0.6,0.8058608058608059,1.0,0.5833333333333334,0.8050411522633745,1.0,0.5738095238095239,0.8083154318448437,S3_train_I_internal_20_10_test_all,three_class_with_air,Deep CORAL-UDA,0.05,3
290,0.00044336385326460004,0.021142590790987015,0.0015004933811724186,1.0,0.6,0.8058608058608059,1.0,0.5833333333333334,0.8024691358024691,1.0,0.5738095238095239,0.8081936902385788,S3_train_I_internal_20_10_test_all,three_class_with_air,Deep CORAL-UDA,0.05,3
300,0.0006941631436347961,0.013162250630557537,0.0013522757217288017,1.0,0.6,0.8241758241758241,1.0,0.5833333333333334,0.8224022633744856,1.0,0.5738095238095239,0.8254501026716295,S3_train_I_internal_20_10_test_all,three_class_with_air,Deep CORAL-UDA,0.05,3
310,0.0008214740082621574,0.012348405085504055,0.001438894309103489,1.0,0.6,0.8351648351648352,1.0,0.5833333333333334,0.8328189300411522,1.0,0.5738095238095239,0.8353174603174603,S3_train_I_internal_20_10_test_all,three_class_with_air,Deep CORAL-UDA,0.05,3
320,0.00015383416030090302,0.009075116366147995,0.0006075899582356215,1.0,0.6,0.8461538461538461,1.0,0.5833333333333334,0.843235596707819,1.0,0.5738095238095239,0.8462843070362034,S3_train_I_internal_20_10_test_all,three_class_with_air,Deep CORAL-UDA,0.05,3
330,0.00034522596979513764,0.013907954096794128,0.0010406237561255693,1.0,0.6,0.8278388278388278,1.0,0.5833333333333334,0.8258744855967078,1.0,0.5738095238095239,0.8288107484940065,S3_train_I_internal_20_10_test_all,three_class_with_air,Deep CORAL-UDA,0.05,3
340,0.0004063236410729587,0.007671994157135487,0.0007899233605712652,1.0,0.6,0.8351648351648352,1.0,0.5833333333333334,0.8328189300411523,1.0,0.5738095238095239,0.8357317121457393,S3_train_I_internal_20_10_test_all,three_class_with_air,Deep CORAL-UDA,0.05,3
350,0.00017336843302473426,0.012065079994499683,0.0007766224443912506,1.0,0.6,0.8241758241758241,1.0,0.5833333333333334,0.8224022633744855,1.0,0.5738095238095239,0.8245928687985403,S3_train_I_internal_20_10_test_all,three_class_with_air,Deep CORAL-UDA,0.05,3
360,0.00017165098688565195,0.02697928249835968,0.0015206151874735951,1.0,0.6,0.8315018315018315,1.0,0.5833333333333334,0.8299897119341564,1.0,0.5738095238095239,0.8318284355192663,S3_train_I_internal_20_10_test_all,three_class_with_air,Deep CORAL-UDA,0.05,3
370,0.00024263816885650158,0.009873421862721443,0.0007363092736341059,1.0,0.6,0.8278388278388278,1.0,0.5833333333333334,0.8258744855967078,1.0,0.5738095238095239,0.8280384654716063,S3_train_I_internal_20_10_test_all,three_class_with_air,Deep CORAL-UDA,0.05,3
380,0.00020090260659344494,0.01625659503042698,0.0010137323988601565,1.0,0.6,0.8278388278388278,1.0,0.5833333333333334,0.8258744855967078,1.0,0.5738095238095239,0.8280384654716063,S3_train_I_internal_20_10_test_all,three_class_with_air,Deep CORAL-UDA,0.05,3
390,0.0005472647026181221,0.007166815456002951,0.000905605498701334,1.0,0.6,0.8315018315018315,1.0,0.5833333333333334,0.8293467078189299,1.0,0.5738095238095239,0.8315460616949136,S3_train_I_internal_20_10_test_all,three_class_with_air,Deep CORAL-UDA,0.05,3
400,0.0001356793800368905,0.007047154940664768,0.0004880371270701289,1.0,0.6,0.8278388278388278,1.0,0.5833333333333334,0.8252314814814814,1.0,0.5738095238095239,0.8273456712285919,S3_train_I_internal_20_10_test_all,three_class_with_air,Deep CORAL-UDA,0.05,3
1,1.089624285697937,0.0,1.089624285697937,0.4666666666666667,0.5714285714285714,0.4897959183673469,0.5277777777777778,0.5916666666666667,0.5155038759689922,0.42893217893217894,0.4814063556457066,0.42538948217965905,S4_train_I_val_D1_2,three_class_with_air,MLP source only,0.0,2
10,0.5322462320327759,0.0,0.5322462320327759,0.8,0.6785714285714286,0.710204081632653,0.8333333333333334,0.7000000000000001,0.7206647552299034,0.8002635046113307,0.6124267888973772,0.7125146198830409,S4_train_I_val_D1_2,three_class_with_air,MLP source only,0.0,2
20,0.12347091734409332,0.0,0.12347091734409332,1.0,0.75,0.7142857142857143,1.0,0.7666666666666666,0.7203992779016671,1.0,0.7239819004524887,0.7251631561834442,S4_train_I_val_D1_2,three_class_with_air,MLP source only,0.0,2
30,0.042606521397829056,0.0,0.042606521397829056,1.0,0.8214285714285714,0.746938775510204,1.0,0.8333333333333334,0.7520972708930658,1.0,0.8137254901960785,0.7529901926362849,S4_train_I_val_D1_2,three_class_with_air,MLP source only,0.0,2
40,0.007293888367712498,0.0,0.007293888367712498,1.0,0.8928571428571429,0.7673469387755102,1.0,0.9,0.770786874800892,1.0,0.8976982097186701,0.7749227609354254,S4_train_I_val_D1_2,three_class_with_air,MLP source only,0.0,2
50,0.006596492137759924,0.0,0.006596492137759924,1.0,0.8214285714285714,0.7836734693877551,1.0,0.8250000000000001,0.7856005097164701,1.0,0.8241830065359478,0.7916742314209634,S4_train_I_val_D1_2,three_class_with_air,MLP source only,0.0,2
60,0.00452099833637476,0.0,0.00452099833637476,1.0,0.8214285714285714,0.7714285714285715,1.0,0.8250000000000001,0.7739726027397259,1.0,0.8241830065359478,0.7777149889491661,S4_train_I_val_D1_2,three_class_with_air,MLP source only,0.0,2
70,0.0018992283148691058,0.0,0.0018992283148691058,1.0,0.8571428571428571,0.7755102040816326,1.0,0.8583333333333334,0.777848571731974,1.0,0.8602254428341385,0.7833365121418655,S4_train_I_val_D1_2,three_class_with_air,MLP source only,0.0,2
80,0.0003514706331770867,0.0,0.0003514706331770867,1.0,0.8571428571428571,0.7795918367346939,1.0,0.8583333333333334,0.781724540724222,1.0,0.8602254428341385,0.787069796752879,S4_train_I_val_D1_2,three_class_with_air,MLP source only,0.0,2
90,0.0005813235184177756,0.0,0.0005813235184177756,1.0,0.8571428571428571,0.7836734693877551,1.0,0.8583333333333334,0.7856005097164701,1.0,0.8602254428341385,0.7908009082102319,S4_train_I_val_D1_2,three_class_with_air,MLP source only,0.0,2
100,0.0005248707020655274,0.0,0.0005248707020655274,1.0,0.8214285714285714,0.7836734693877551,1.0,0.8166666666666668,0.7856005097164701,1.0,0.8211833932657729,0.790591417669355,S4_train_I_val_D1_2,three_class_with_air,MLP source only,0.0,2
110,0.0002661774924490601,0.0,0.0002661774924490601,1.0,0.8214285714285714,0.7877551020408163,1.0,0.8166666666666668,0.7894764787087182,1.0,0.8211833932657729,0.7943093354089944,S4_train_I_val_D1_2,three_class_with_air,MLP source only,0.0,2
120,0.0005728404503315687,0.0,0.0005728404503315687,1.0,0.8214285714285714,0.7877551020408163,1.0,0.8166666666666668,0.7894764787087182,1.0,0.8211833932657729,0.7943093354089944,S4_train_I_val_D1_2,three_class_with_air,MLP source only,0.0,2
130,0.0005445074639283121,0.0,0.0005445074639283121,1.0,0.8571428571428571,0.7877551020408163,1.0,0.85,0.7894764787087182,1.0,0.8554112554112554,0.7940437714105869,S4_train_I_val_D1_2,three_class_with_air,MLP source only,0.0,2
140,0.0004030470154248178,0.0,0.0004030470154248178,1.0,0.8571428571428571,0.7836734693877551,1.0,0.8583333333333334,0.7856005097164701,1.0,0.8539562289562289,0.7875612689749601,S4_train_I_val_D1_2,three_class_with_air,MLP source only,0.0,2
150,0.0004920793580822647,0.0,0.0004920793580822647,1.0,0.8571428571428571,0.7877551020408163,1.0,0.8583333333333334,0.7894764787087182,1.0,0.8539562289562289,0.790459562820562,S4_train_I_val_D1_2,three_class_with_air,MLP source only,0.0,2
160,0.003584865015000105,0.0,0.003584865015000105,1.0,0.8571428571428571,0.7836734693877551,1.0,0.85,0.7856005097164703,1.0,0.8554112554112554,0.7873315932541316,S4_train_I_val_D1_2,three_class_with_air,MLP source only,0.0,2
170,0.00026300371973775327,0.0,0.00026300371973775327,1.0,0.8571428571428571,0.7836734693877551,1.0,0.85,0.7856005097164703,1.0,0.8554112554112554,0.7882712479092088,S4_train_I_val_D1_2,three_class_with_air,MLP source only,0.0,2
180,0.000439519266365096,0.0,0.000439519266365096,1.0,0.9285714285714286,0.7836734693877551,1.0,0.9333333333333332,0.7856005097164703,1.0,0.9326599326599326,0.7882712479092088,S4_train_I_val_D1_2,three_class_with_air,MLP source only,0.0,2
190,0.00011242133768973872,0.0,0.00011242133768973872,1.0,0.8571428571428571,0.7755102040816326,1.0,0.85,0.7778485717319742,1.0,0.8554112554112554,0.7797874289902879,S4_train_I_val_D1_2,three_class_with_air,MLP source only,0.0,2
200,0.00020271175890229642,0.0,0.00020271175890229642,1.0,0.8571428571428571,0.7755102040816326,1.0,0.85,0.7778485717319742,1.0,0.8554112554112554,0.7790881247829246,S4_train_I_val_D1_2,three_class_with_air,MLP source only,0.0,2
210,0.0006510817329399288,0.0,0.0006510817329399288,1.0,0.8571428571428571,0.7755102040816326,1.0,0.85,0.7778485717319742,1.0,0.8554112554112554,0.7776952806910074,S4_train_I_val_D1_2,three_class_with_air,MLP source only,0.0,2
220,0.00019484320364426821,0.0,0.00019484320364426821,1.0,0.8571428571428571,0.7755102040816326,1.0,0.85,0.7778485717319742,1.0,0.8554112554112554,0.7790881247829246,S4_train_I_val_D1_2,three_class_with_air,MLP source only,0.0,2
230,0.0002614411059767008,0.0,0.0002614411059767008,1.0,0.8571428571428571,0.7755102040816326,1.0,0.85,0.7778485717319742,1.0,0.8554112554112554,0.7781184267821954,S4_train_I_val_D1_2,three_class_with_air,MLP source only,0.0,2
240,0.0002885243739001453,0.0,0.0002885243739001453,1.0,0.9285714285714286,0.7755102040816326,1.0,0.9333333333333332,0.7785388127853882,1.0,0.9326599326599326,0.7779711319737842,S4_train_I_val_D1_2,three_class_with_air,MLP source only,0.0,2
250,0.00011006529530277476,0.0,0.00011006529530277476,1.0,0.8571428571428571,0.7755102040816326,1.0,0.85,0.7778485717319742,1.0,0.8554112554112554,0.7781184267821954,S4_train_I_val_D1_2,three_class_with_air,MLP source only,0.0,2
260,0.00013884820509701967,0.0,0.00013884820509701967,1.0,0.8214285714285714,0.7755102040816326,1.0,0.8083333333333332,0.7778485717319742,1.0,0.8134088134088134,0.7790881247829246,S4_train_I_val_D1_2,three_class_with_air,MLP source only,0.0,2
270,0.00023562835121992975,0.0,0.00023562835121992975,1.0,0.8214285714285714,0.7877551020408163,1.0,0.8083333333333332,0.7894764787087182,1.0,0.8134088134088134,0.7929792210565138,S4_train_I_val_D1_2,three_class_with_air,MLP source only,0.0,2
280,0.00015878715203143656,0.0,0.00015878715203143656,1.0,0.8214285714285714,0.7918367346938775,1.0,0.8083333333333332,0.7933524477009662,1.0,0.8134088134088134,0.7961950986865887,S4_train_I_val_D1_2,three_class_with_air,MLP source only,0.0,2
290,0.00038793819840066135,0.0,0.00038793819840066135,1.0,0.8214285714285714,0.7836734693877551,1.0,0.8166666666666668,0.7856005097164701,1.0,0.8211833932657729,0.7894773669426988,S4_train_I_val_D1_2,three_class_with_air,MLP source only,0.0,2
300,0.00012819470430258662,0.0,0.00012819470430258662,1.0,0.7857142857142857,0.7795918367346939,1.0,0.775,0.781724540724222,1.0,0.779598662207358,0.7857665683752639,S4_train_I_val_D1_2,three_class_with_air,MLP source only,0.0,2
310,0.00011835434270324185,0.0,0.00011835434270324185,1.0,0.7857142857142857,0.7836734693877551,1.0,0.775,0.7856005097164701,1.0,0.779598662207358,0.7902570626272875,S4_train_I_val_D1_2,three_class_with_air,MLP source only,0.0,2
320,8.175633411156014e-05,0.0,8.175633411156014e-05,1.0,0.8214285714285714,0.7877551020408163,1.0,0.8083333333333332,0.7894764787087182,1.0,0.8134088134088134,0.7939584210363583,S4_train_I_val_D1_2,three_class_with_air,MLP source only,0.0,2
330,4.427814201335423e-05,0.0,4.427814201335423e-05,1.0,0.8214285714285714,0.7877551020408163,1.0,0.8083333333333332,0.7894764787087182,1.0,0.8134088134088134,0.7939584210363583,S4_train_I_val_D1_2,three_class_with_air,MLP source only,0.0,2
340,0.0021007955074310303,0.0,0.0021007955074310303,1.0,0.8571428571428571,0.7918367346938775,1.0,0.85,0.7933524477009662,1.0,0.8554112554112554,0.7973605209959933,S4_train_I_val_D1_2,three_class_with_air,MLP source only,0.0,2
350,8.855115447659045e-05,0.0,8.855115447659045e-05,1.0,0.8571428571428571,0.8040816326530612,1.0,0.85,0.8049803546777105,1.0,0.8554112554112554,0.8084422684634199,S4_train_I_val_D1_2,three_class_with_air,MLP source only,0.0,2
360,8.897867519408464e-05,0.0,8.897867519408464e-05,1.0,0.8571428571428571,0.8040816326530612,1.0,0.85,0.8049803546777105,1.0,0.8554112554112554,0.8084422684634199,S4_train_I_val_D1_2,three_class_with_air,MLP source only,0.0,2
370,0.00022270684712566435,0.0,0.00022270684712566435,1.0,0.8928571428571429,0.8040816326530612,1.0,0.9,0.8063608367845386,1.0,0.8912655971479501,0.8050064823574758,S4_train_I_val_D1_2,three_class_with_air,MLP source only,0.0,2
380,0.00032290906528942287,0.0,0.00032290906528942287,1.0,0.8571428571428571,0.7795918367346939,1.0,0.8416666666666667,0.7810342996708082,1.0,0.8465978465978466,0.7830653200452172,S4_train_I_val_D1_2,three_class_with_air,MLP source only,0.0,2
390,0.0001902212097775191,0.0,0.0001902212097775191,1.0,0.8928571428571429,0.7755102040816326,1.0,0.8833333333333333,0.776468089625146,1.0,0.888888888888889,0.7780022446689113,S4_train_I_val_D1_2,three_class_with_air,MLP source only,0.0,2
400,0.00020935546490363777,0.0,0.00020935546490363777,1.0,0.8571428571428571,0.7673469387755102,1.0,0.8416666666666667,0.7666454284804077,1.0,0.8465978465978466,0.7702261084614026,S4_train_I_val_D1_2,three_class_with_air,MLP source only,0.0,2
1,1.0852763652801514,5.052042251918465e-05,1.085278868675232,0.5,0.32142857142857145,0.24081632653061225,0.47222222222222227,0.3166666666666667,0.24110650950408832,0.4884760921912625,0.32879256965944276,0.22325382572083488,S4_train_I_val_D1_2,three_class_with_air,Deep CORAL-UDA,0.05,3
10,0.526328980922699,0.3925876319408417,0.5459583401679993,0.8333333333333334,0.75,0.6653061224489796,0.8611111111111112,0.7666666666666666,0.6752681321015186,0.8240387063916476,0.7239819004524887,0.6646131646131646,S4_train_I_val_D1_2,three_class_with_air,Deep CORAL-UDA,0.05,3
20,0.17337960004806519,0.07885761559009552,0.17732247710227966,0.9666666666666667,0.7857142857142857,0.7428571428571429,0.9722222222222222,0.7833333333333333,0.7461505787405756,0.959866220735786,0.7787439613526569,0.7521460112736484,S4_train_I_val_D1_2,three_class_with_air,Deep CORAL-UDA,0.05,3
30,0.03739389777183533,0.08836433291435242,0.04181211441755295,1.0,0.8571428571428571,0.763265306122449,1.0,0.85,0.7648401826484017,1.0,0.8503987240829346,0.7701606790238361,S4_train_I_val_D1_2,three_class_with_air,Deep CORAL-UDA,0.05,3
40,0.00337758450768888,0.10024760663509369,0.008389964699745178,1.0,0.9285714285714286,0.8081632653061225,1.0,0.9249999999999999,0.8081660826165445,1.0,0.9249164578111947,0.8127313577299625,S4_train_I_val_D1_2,three_class_with_air,Deep CORAL-UDA,0.05,3
50,0.0008934035431593657,0.047599274665117264,0.003273367416113615,1.0,0.9285714285714286,0.8163265306122449,1.0,0.9166666666666666,0.8159180206010407,1.0,0.9220779220779219,0.8212139675907791,S4_train_I_val_D1_2,three_class_with_air,Deep CORAL-UDA,0.05,3
60,0.002497401088476181,0.08861155807971954,0.006927979178726673,1.0,0.9285714285714286,0.8244897959183674,1.0,0.9166666666666666,0.8236699585855368,1.0,0.9220779220779219,0.8294252642511349,S4_train_I_val_D1_2,three_class_with_air,Deep CORAL-UDA,0.05,3
70,0.0007864423678256571,0.04387104883790016,0.0029799947515130043,1.0,0.8928571428571429,0.8244897959183674,1.0,0.8833333333333333,0.8236699585855368,1.0,0.888888888888889,0.8291835697064561,S4_train_I_val_D1_2,three_class_with_air,Deep CORAL-UDA,0.05,3
80,0.0012265677796676755,0.0347307063639164,0.0029631031211465597,1.0,0.8928571428571429,0.8326530612244898,1.0,0.8833333333333333,0.831421896570033,1.0,0.888888888888889,0.8367922789151323,S4_train_I_val_D1_2,three_class_with_air,Deep CORAL-UDA,0.05,3
90,0.003424449358135462,0.024061452597379684,0.0046275220811367035,1.0,0.8928571428571429,0.8367346938775511,1.0,0.8833333333333333,0.835297865562281,1.0,0.888888888888889,0.8408521897941427,S4_train_I_val_D1_2,three_class_with_air,Deep CORAL-UDA,0.05,3
100,0.001217174343764782,0.029420284554362297,0.002688188571482897,1.0,0.8928571428571429,0.7795918367346939,1.0,0.875,0.7748221301900817,1.0,0.8795986622073579,0.7839492207139265,S4_train_I_val_D1_2,three_class_with_air,Deep CORAL-UDA,0.05,3
110,0.004056394565850496,0.04349717125296593,0.006231253035366535,1.0,1.0,0.8408163265306122,1.0,1.0,0.8419347987681852,1.0,1.0,0.8439085767022209,S4_train_I_val_D1_2,three_class_with_air,Deep CORAL-UDA,0.05,3
120,0.001958190929144621,0.017896920442581177,0.0028530368581414223,1.0,0.9285714285714286,0.8244897959183674,1.0,0.9166666666666666,0.8215992354252947,1.0,0.9220779220779219,0.8294017094017093,S4_train_I_val_D1_2,three_class_with_air,Deep CORAL-UDA,0.05,3
130,0.0005000436794944108,0.019453002139925957,0.0014726938679814339,1.0,1.0,0.8448979591836735,1.0,1.0,0.8437400446001911,1.0,1.0,0.8494670280036134,S4_train_I_val_D1_2,three_class_with_air,Deep CORAL-UDA,0.05,3
140,0.0009266334818676114,0.015496497973799706,0.0017014583572745323,1.0,1.0,0.8408163265306122,1.0,1.0,0.8398640756079431,1.0,1.0,0.8455458781906948,S4_train_I_val_D1_2,three_class_with_air,Deep CORAL-UDA,0.05,3
150,0.00041915432666428387,0.011262800544500351,0.000982294324785471,1.0,0.9285714285714286,0.8408163265306122,1.0,0.9166666666666666,0.8398640756079431,1.0,0.9220779220779219,0.8455458781906948,S4_train_I_val_D1_2,three_class_with_air,Deep CORAL-UDA,0.05,3
160,0.00028532056603580713,0.008291342295706272,0.0006998876924626529,1.0,0.9285714285714286,0.8367346938775511,1.0,0.9166666666666666,0.835297865562281,1.0,0.9220779220779219,0.841468660974865,S4_train_I_val_D1_2,three_class_with_air,Deep CORAL-UDA,0.05,3
170,0.0013774910476058722,0.010836481116712093,0.0019193151965737343,1.0,0.9285714285714286,0.8367346938775511,1.0,0.9166666666666666,0.835297865562281,1.0,0.9220779220779219,0.841468660974865,S4_train_I_val_D1_2,three_class_with_air,Deep CORAL-UDA,0.05,3
180,0.00032984453719109297,0.009204168803989887,0.0007900529890321195,1.0,0.9285714285714286,0.8326530612244898,1.0,0.9166666666666666,0.8321121376234469,1.0,0.9220779220779219,0.8376359090644804,S4_train_I_val_D1_2,three_class_with_air,Deep CORAL-UDA,0.05,3
190,0.00045235303696244955,0.009301810525357723,0.0009174435399472713,1.0,0.9285714285714286,0.8367346938775511,1.0,0.9166666666666666,0.835988106615695,1.0,0.9220779220779219,0.8416024720372547,S4_train_I_val_D1_2,three_class_with_air,Deep CORAL-UDA,0.05,3
200,0.00041398408939130604,0.008735273964703083,0.0008507478050887585,1.0,0.9285714285714286,0.8408163265306122,1.0,0.9166666666666666,0.8398640756079431,1.0,0.9220779220779219,0.8455458781906948,S4_train_I_val_D1_2,three_class_with_air,Deep CORAL-UDA,0.05,3
210,0.0006658383063040674,0.009918048977851868,0.0011617407435551286,1.0,0.9285714285714286,0.8367346938775511,1.0,0.9166666666666666,0.835297865562281,1.0,0.9220779220779219,0.841468660974865,S4_train_I_val_D1_2,three_class_with_air,Deep CORAL-UDA,0.05,3
220,0.0006633585435338318,0.006620271131396294,0.00099437206517905,1.0,0.9285714285714286,0.8367346938775511,1.0,0.9166666666666666,0.835297865562281,1.0,0.9220779220779219,0.841468660974865,S4_train_I_val_D1_2,three_class_with_air,Deep CORAL-UDA,0.05,3
230,0.0003495956480037421,0.010661866515874863,0.0008826890261843801,1.0,0.9285714285714286,0.8367346938775511,1.0,0.9166666666666666,0.835297865562281,1.0,0.9220779220779219,0.841468660974865,S4_train_I_val_D1_2,three_class_with_air,Deep CORAL-UDA,0.05,3
240,0.0001909619168145582,0.0061463117599487305,0.0004982774844393134,1.0,0.9285714285714286,0.8408163265306122,1.0,0.9166666666666666,0.8398640756079431,1.0,0.9220779220779219,0.8455458781906948,S4_train_I_val_D1_2,three_class_with_air,Deep CORAL-UDA,0.05,3
250,0.0006191188585944474,0.006059585604816675,0.0009220981737598777,1.0,0.9285714285714286,0.8448979591836735,1.0,0.9166666666666666,0.8437400446001911,1.0,0.9220779220779219,0.8494670280036134,S4_train_I_val_D1_2,three_class_with_air,Deep CORAL-UDA,0.05,3
260,0.0005135319079272449,0.008642389439046383,0.000945651379879564,1.0,0.9285714285714286,0.8367346938775511,1.0,0.9166666666666666,0.835297865562281,1.0,0.9220779220779219,0.841468660974865,S4_train_I_val_D1_2,three_class_with_air,Deep CORAL-UDA,0.05,3
270,0.008127943612635136,0.0039346348494291306,0.008324675261974335,1.0,0.9642857142857143,0.8408163265306122,1.0,0.9583333333333334,0.8398640756079431,1.0,0.9619047619047619,0.845359477124183,S4_train_I_val_D1_2,three_class_with_air,Deep CORAL-UDA,0.05,3
280,0.0008598783169873059,0.021219205111265182,0.0019208386074751616,1.0,0.9642857142857143,0.8489795918367347,1.0,0.9583333333333334,0.8489964956992674,1.0,0.9619047619047619,0.85325615004685,S4_train_I_val_D1_2,three_class_with_air,Deep CORAL-UDA,0.05,3
290,0.0004551129532046616,0.014219755306839943,0.001166100730188191,1.0,0.9285714285714286,0.8285714285714286,1.0,0.9166666666666666,0.8275459275777849,1.0,0.9220779220779219,0.8332872746414001,S4_train_I_val_D1_2,three_class_with_air,Deep CORAL-UDA,0.05,3
300,0.0005369620048440993,0.010607242584228516,0.0010673240758478642,1.0,0.9285714285714286,0.8285714285714286,1.0,0.9166666666666666,0.8275459275777849,1.0,0.9220779220779219,0.8335802469135802,S4_train_I_val_D1_2,three_class_with_air,Deep CORAL-UDA,0.05,3
310,0.0002358783531235531,0.013197850435972214,0.0008957708487287164,1.0,0.9285714285714286,0.8285714285714286,1.0,0.9166666666666666,0.8275459275777849,1.0,0.9220779220779219,0.8332872746414001,S4_train_I_val_D1_2,three_class_with_air,Deep CORAL-UDA,0.05,3
320,0.0005110502825118601,0.00913151353597641,0.0009676259942352772,1.0,0.9285714285714286,0.8204081632653061,1.0,0.9166666666666666,0.8197939895932888,1.0,0.9220779220779219,0.8254147069455802,S4_train_I_val_D1_2,three_class_with_air,Deep CORAL-UDA,0.05,3
330,0.0002462404372636229,0.008008010685443878,0.0006466410122811794,1.0,0.9285714285714286,0.8040816326530612,1.0,0.9166666666666666,0.8042901136242966,1.0,0.9220779220779219,0.8093548948009041,S4_train_I_val_D1_2,three_class_with_air,Deep CORAL-UDA,0.05,3
340,0.00018224737141281366,0.006866238545626402,0.0005255592986941338,1.0,0.9285714285714286,0.8040816326530612,1.0,0.9166666666666666,0.8042901136242966,1.0,0.9220779220779219,0.8093548948009041,S4_train_I_val_D1_2,three_class_with_air,Deep CORAL-UDA,0.05,3
350,0.00023828912526369095,0.005071716848760843,0.0004918749909847975,1.0,0.9285714285714286,0.8163265306122449,1.0,0.9166666666666666,0.8159180206010407,1.0,0.9220779220779219,0.8215167548500881,S4_train_I_val_D1_2,three_class_with_air,Deep CORAL-UDA,0.05,3
360,0.0004173585039097816,0.004679600242525339,0.0006513384869322181,1.0,0.9285714285714286,0.8244897959183674,1.0,0.9166666666666666,0.8236699585855368,1.0,0.9220779220779219,0.829492509254414,S4_train_I_val_D1_2,three_class_with_air,Deep CORAL-UDA,0.05,3
370,0.0009671406587585807,0.008052048273384571,0.0013697431422770023,1.0,0.9285714285714286,0.8244897959183674,1.0,0.9166666666666666,0.8236699585855368,1.0,0.9220779220779219,0.829492509254414,S4_train_I_val_D1_2,three_class_with_air,Deep CORAL-UDA,0.05,3
380,0.0002378506469540298,0.014074811711907387,0.000941591220907867,1.0,0.9285714285714286,0.8244897959183674,1.0,0.9166666666666666,0.8236699585855368,1.0,0.9220779220779219,0.829492509254414,S4_train_I_val_D1_2,three_class_with_air,Deep CORAL-UDA,0.05,3
390,0.0001949663128471002,0.00636522751301527,0.0005132277146913111,1.0,0.9285714285714286,0.8244897959183674,1.0,0.9166666666666666,0.8236699585855368,1.0,0.9220779220779219,0.829492509254414,S4_train_I_val_D1_2,three_class_with_air,Deep CORAL-UDA,0.05,3
400,0.00033854052890092134,0.012884754687547684,0.0009827782632783055,1.0,0.9285714285714286,0.8244897959183674,1.0,0.9166666666666666,0.8236699585855368,1.0,0.9220779220779219,0.829492509254414,S4_train_I_val_D1_2,three_class_with_air,Deep CORAL-UDA,0.05,3
1,1.089624285697937,0.0,1.089624285697937,0.4666666666666667,0.4230769230769231,0.49783549783549785,0.5277777777777778,0.5,0.522633744855967,0.42893217893217894,0.3493516399694889,0.43442341201775153,S5_train_I_D1_val_D2_3,three_class_with_air,MLP source only,0.0,2
10,0.5322462320327759,0.0,0.5322462320327759,0.8,0.7307692307692307,0.7012987012987013,0.8333333333333334,0.7666666666666666,0.7117552334943639,0.8002635046113307,0.7354700854700855,0.7026529547656307,S5_train_I_D1_val_D2_3,three_class_with_air,MLP source only,0.0,2
20,0.12347091734409332,0.0,0.12347091734409332,1.0,0.7692307692307693,0.7056277056277056,1.0,0.7777777777777778,0.7122920021470746,1.0,0.7727272727272728,0.7165418536360862,S5_train_I_D1_val_D2_3,three_class_with_air,MLP source only,0.0,2
30,0.042606521397829056,0.0,0.042606521397829056,1.0,0.7307692307692307,0.7489177489177489,1.0,0.7444444444444445,0.7541599570585077,1.0,0.7456140350877192,0.7549305146002511,S5_train_I_D1_val_D2_3,three_class_with_air,MLP source only,0.0,2
40,0.007293888367712498,0.0,0.007293888367712498,1.0,0.8461538461538461,0.7619047619047619,1.0,0.8444444444444444,0.7657899445339057,1.0,0.8554112554112555,0.7695026500863308,S5_train_I_D1_val_D2_3,three_class_with_air,MLP source only,0.0,2
50,0.006596492137759924,0.0,0.006596492137759924,1.0,0.8461538461538461,0.7748917748917749,1.0,0.8444444444444444,0.7774199320093039,1.0,0.8521446347533305,0.7832816011505058,S5_train_I_D1_val_D2_3,three_class_with_air,MLP source only,0.0,2
60,0.00452099833637476,0.0,0.00452099833637476,1.0,0.8461538461538461,0.7619047619047619,1.0,0.8444444444444444,0.7650742529969583,1.0,0.8521446347533305,0.7683682103571606,S5_train_I_D1_val_D2_3,three_class_with_air,MLP source only,0.0,2
70,0.0018992283148691058,0.0,0.0018992283148691058,1.0,0.8846153846153846,0.7662337662337663,1.0,0.8777777777777778,0.7691894793344068,1.0,0.886762360446571,0.7743555890326711,S5_train_I_D1_val_D2_3,three_class_with_air,MLP source only,0.0,2
80,0.0003514706331770867,0.0,0.0003514706331770867,1.0,0.8846153846153846,0.7705627705627706,1.0,0.8777777777777778,0.7733047056718555,1.0,0.886762360446571,0.7783045587393413,S5_train_I_D1_val_D2_3,three_class_with_air,MLP source only,0.0,2
90,0.0005813235184177756,0.0,0.0005813235184177756,1.0,0.8846153846153846,0.7748917748917749,1.0,0.8777777777777778,0.7774199320093039,1.0,0.886762360446571,0.7822506965364108,S5_train_I_D1_val_D2_3,three_class_with_air,MLP source only,0.0,2
100,0.0005248707020655274,0.0,0.0005248707020655274,1.0,0.8846153846153846,0.7748917748917749,1.0,0.8777777777777778,0.7774199320093039,1.0,0.886762360446571,0.7819751580400668,S5_train_I_D1_val_D2_3,three_class_with_air,MLP source only,0.0,2
110,0.0002661774924490601,0.0,0.0002661774924490601,1.0,0.8846153846153846,0.7792207792207793,1.0,0.8777777777777778,0.7815351583467525,1.0,0.886762360446571,0.7859050130326727,S5_train_I_D1_val_D2_3,three_class_with_air,MLP source only,0.0,2
120,0.0005728404503315687,0.0,0.0005728404503315687,1.0,0.8846153846153846,0.7792207792207793,1.0,0.8777777777777778,0.7815351583467525,1.0,0.886762360446571,0.7859050130326727,S5_train_I_D1_val_D2_3,three_class_with_air,MLP source only,0.0,2
130,0.0005445074639283121,0.0,0.0005445074639283121,1.0,0.9230769230769231,0.7792207792207793,1.0,0.9111111111111111,0.7815351583467525,1.0,0.9204906204906204,0.7855619547242972,S5_train_I_D1_val_D2_3,three_class_with_air,MLP source only,0.0,2
140,0.0004030470154248178,0.0,0.0004030470154248178,1.0,0.8846153846153846,0.7748917748917749,1.0,0.8777777777777778,0.777419932009304,1.0,0.8759398496240601,0.7786220871327254,S5_train_I_D1_val_D2_3,three_class_with_air,MLP source only,0.0,2
150,0.0004920793580822647,0.0,0.0004920793580822647,1.0,0.8461538461538461,0.7835497835497836,1.0,0.8444444444444444,0.785650384684201,1.0,0.8444444444444446,0.7859677325918201,S5_train_I_D1_val_D2_3,three_class_with_air,MLP source only,0.0,2
160,0.003584865015000105,0.0,0.003584865015000105,1.0,0.8461538461538461,0.7835497835497836,1.0,0.8444444444444444,0.785650384684201,1.0,0.8564593301435407,0.7870059183492019,S5_train_I_D1_val_D2_3,three_class_with_air,MLP source only,0.0,2
170,0.00026300371973775327,0.0,0.00026300371973775327,1.0,0.8076923076923077,0.7878787878787878,1.0,0.8111111111111112,0.7897656110216497,1.0,0.8231591275069535,0.7924412079450839,S5_train_I_D1_val_D2_3,three_class_with_air,MLP source only,0.0,2
180,0.000439519266365096,0.0,0.000439519266365096,1.0,0.8076923076923077,0.7878787878787878,1.0,0.8111111111111112,0.7897656110216497,1.0,0.8231591275069535,0.7924412079450839,S5_train_I_D1_val_D2_3,three_class_with_air,MLP source only,0.0,2
190,0.00011242133768973872,0.0,0.00011242133768973872,1.0,0.8076923076923077,0.7792207792207793,1.0,0.8111111111111112,0.7815351583467525,1.0,0.8231591275069535,0.7834959491752637,S5_train_I_D1_val_D2_3,three_class_with_air,MLP source only,0.0,2
200,0.00020271175890229642,0.0,0.00020271175890229642,1.0,0.8076923076923077,0.7792207792207793,1.0,0.8111111111111112,0.7815351583467525,1.0,0.8231591275069535,0.782795748064066,S5_train_I_D1_val_D2_3,three_class_with_air,MLP source only,0.0,2
210,0.0006510817329399288,0.0,0.0006510817329399288,1.0,0.8076923076923077,0.7792207792207793,1.0,0.8111111111111112,0.7815351583467525,1.0,0.8231591275069535,0.7813634898515837,S5_train_I_D1_val_D2_3,three_class_with_air,MLP source only,0.0,2
220,0.00019484320364426821,0.0,0.00019484320364426821,1.0,0.8076923076923077,0.7792207792207793,1.0,0.8111111111111112,0.7815351583467525,1.0,0.8231591275069535,0.782795748064066,S5_train_I_D1_val_D2_3,three_class_with_air,MLP source only,0.0,2
230,0.0002614411059767008,0.0,0.0002614411059767008,1.0,0.8076923076923077,0.7792207792207793,1.0,0.8111111111111112,0.7815351583467525,1.0,0.8231591275069535,0.7817941024959368,S5_train_I_D1_val_D2_3,three_class_with_air,MLP source only,0.0,2
240,0.0002885243739001453,0.0,0.0002885243739001453,1.0,0.8076923076923077,0.7792207792207793,1.0,0.8111111111111112,0.7822508498837001,1.0,0.8231591275069535,0.7816323502003811,S5_train_I_D1_val_D2_3,three_class_with_air,MLP source only,0.0,2
250,0.00011006529530277476,0.0,0.00011006529530277476,1.0,0.8076923076923077,0.7792207792207793,1.0,0.8111111111111112,0.7815351583467525,1.0,0.8231591275069535,0.7817941024959368,S5_train_I_D1_val_D2_3,three_class_with_air,MLP source only,0.0,2
260,0.00013884820509701967,0.0,0.00013884820509701967,1.0,0.7692307692307693,0.7792207792207793,1.0,0.7555555555555555,0.7815351583467525,1.0,0.7759259259259258,0.782795748064066,S5_train_I_D1_val_D2_3,three_class_with_air,MLP source only,0.0,2
270,0.00023562835121992975,0.0,0.00023562835121992975,1.0,0.8076923076923077,0.7878787878787878,1.0,0.7888888888888889,0.7897656110216497,1.0,0.808237986270023,0.7929846866602693,S5_train_I_D1_val_D2_3,three_class_with_air,MLP source only,0.0,2
280,0.00015878715203143656,0.0,0.00015878715203143656,1.0,0.8461538461538461,0.7878787878787878,1.0,0.8222222222222223,0.7897656110216497,1.0,0.8393939393939394,0.7920269511510387,S5_train_I_D1_val_D2_3,three_class_with_air,MLP source only,0.0,2
290,0.00038793819840066135,0.0,0.00038793819840066135,1.0,0.8846153846153846,0.7748917748917749,1.0,0.8777777777777778,0.7774199320093039,1.0,0.886762360446571,0.7807275286567149,S5_train_I_D1_val_D2_3,three_class_with_air,MLP source only,0.0,2
300,0.00012819470430258662,0.0,0.00012819470430258662,1.0,0.8461538461538461,0.7705627705627706,1.0,0.8222222222222223,0.7733047056718553,1.0,0.8363636363636364,0.7768063814314375,S5_train_I_D1_val_D2_3,three_class_with_air,MLP source only,0.0,2
310,0.00011835434270324185,0.0,0.00011835434270324185,1.0,0.8461538461538461,0.7748917748917749,1.0,0.8222222222222223,0.7774199320093039,1.0,0.8363636363636364,0.7816286526847729,S5_train_I_D1_val_D2_3,three_class_with_air,MLP source only,0.0,2
320,8.175633411156014e-05,0.0,8.175633411156014e-05,1.0,0.8846153846153846,0.7792207792207793,1.0,0.8555555555555555,0.7815351583467525,1.0,0.8698412698412699,0.7855402204286586,S5_train_I_D1_val_D2_3,three_class_with_air,MLP source only,0.0,2
330,4.427814201335423e-05,0.0,4.427814201335423e-05,1.0,0.8846153846153846,0.7792207792207793,1.0,0.8555555555555555,0.7815351583467525,1.0,0.8698412698412699,0.7855402204286586,S5_train_I_D1_val_D2_3,three_class_with_air,MLP source only,0.0,2
340,0.0021007955074310303,0.0,0.0021007955074310303,1.0,0.9230769230769231,0.7835497835497836,1.0,0.9111111111111111,0.785650384684201,1.0,0.9204906204906204,0.7890707266541218,S5_train_I_D1_val_D2_3,three_class_with_air,MLP source only,0.0,2
350,8.855115447659045e-05,0.0,8.855115447659045e-05,1.0,0.9230769230769231,0.7965367965367965,1.0,0.9111111111111111,0.7979960636965467,1.0,0.9204906204906204,0.8007755294369526,S5_train_I_D1_val_D2_3,three_class_with_air,MLP source only,0.0,2
360,8.897867519408464e-05,0.0,8.897867519408464e-05,1.0,0.9230769230769231,0.7965367965367965,1.0,0.9111111111111111,0.7979960636965467,1.0,0.9204906204906204,0.8007755294369526,S5_train_I_D1_val_D2_3,three_class_with_air,MLP source only,0.0,2
370,0.00022270684712566435,0.0,0.00022270684712566435,1.0,0.8846153846153846,0.7965367965367965,1.0,0.8777777777777778,0.799427446770442,1.0,0.8759398496240601,0.7972778410263469,S5_train_I_D1_val_D2_3,three_class_with_air,MLP source only,0.0,2
380,0.00032290906528942287,0.0,0.00032290906528942287,1.0,0.8461538461538461,0.7792207792207793,1.0,0.8222222222222223,0.7808194668098049,1.0,0.8407407407407407,0.7824660633484163,S5_train_I_D1_val_D2_3,three_class_with_air,MLP source only,0.0,2
390,0.0001902212097775191,0.0,0.0001902212097775191,1.0,0.8076923076923077,0.7792207792207793,1.0,0.7888888888888888,0.7801037752728573,1.0,0.8078431372549021,0.7817050970873787,S5_train_I_D1_val_D2_3,three_class_with_air,MLP source only,0.0,2
400,0.00020935546490363777,0.0,0.00020935546490363777,1.0,0.8076923076923077,0.7705627705627706,1.0,0.7666666666666666,0.7704419395240651,1.0,0.7851851851851852,0.7732117419617418,S5_train_I_D1_val_D2_3,three_class_with_air,MLP source only,0.0,2
1,1.089624285697937,1.9185223209206015e-05,1.0896252393722534,0.4666666666666667,0.4230769230769231,0.49783549783549785,0.5277777777777778,0.5,0.522633744855967,0.42893217893217894,0.3493516399694889,0.43442341201775153,S5_train_I_D1_val_D2_3,three_class_with_air,Deep CORAL-UDA,0.05,2
10,0.5307124853134155,0.4305465519428253,0.5522398352622986,0.8333333333333334,0.6923076923076923,0.670995670995671,0.8611111111111112,0.7333333333333334,0.6786544999105386,0.8362193362193362,0.6905494505494505,0.6800780129639191,S5_train_I_D1_val_D2_3,three_class_with_air,Deep CORAL-UDA,0.05,2
20,0.19896690547466278,0.05201321095228195,0.20156756043434143,1.0,0.6923076923076923,0.7229437229437229,1.0,0.7111111111111111,0.7280372159599212,1.0,0.7111111111111111,0.731349234687805,S5_train_I_D1_val_D2_3,three_class_with_air,Deep CORAL-UDA,0.05,2
30,0.04882663115859032,0.0582650788128376,0.0517398864030838,1.0,0.8461538461538461,0.7792207792207793,1.0,0.8444444444444444,0.7808194668098049,1.0,0.8444444444444446,0.7852169722324761,S5_train_I_D1_val_D2_3,three_class_with_air,Deep CORAL-UDA,0.05,2
40,0.009692886844277382,0.06500432640314102,0.012943102978169918,1.0,0.8846153846153846,0.7965367965367965,1.0,0.8777777777777779,0.7979960636965467,1.0,0.8891816717903674,0.8008110936682366,S5_train_I_D1_val_D2_3,three_class_with_air,Deep CORAL-UDA,0.05,2
50,0.0023886538110673428,0.07884090393781662,0.006330699194222689,1.0,0.9615384615384616,0.8095238095238095,1.0,0.9444444444444445,0.8103417427088925,1.0,0.9538239538239538,0.8138601540017113,S5_train_I_D1_val_D2_3,three_class_with_air,Deep CORAL-UDA,0.05,2
60,0.0011986680328845978,0.04322335124015808,0.003359835594892502,1.0,0.9615384615384616,0.8008658008658008,1.0,0.9444444444444445,0.8021112900339954,1.0,0.9538239538239538,0.8033291649201653,S5_train_I_D1_val_D2_3,three_class_with_air,Deep CORAL-UDA,0.05,2
70,0.0025038656312972307,0.03998585045337677,0.004503157921135426,1.0,0.9615384615384616,0.8311688311688312,1.0,0.9444444444444445,0.8316335659330828,1.0,0.9538239538239538,0.8329961594634067,S5_train_I_D1_val_D2_3,three_class_with_air,Deep CORAL-UDA,0.05,2
80,0.004264248069375753,0.0280629750341177,0.005667396821081638,1.0,0.8846153846153846,0.7922077922077922,1.0,0.8333333333333334,0.7917337627482555,1.0,0.8454106280193238,0.796796501056563,S5_train_I_D1_val_D2_3,three_class_with_air,Deep CORAL-UDA,0.05,2
90,0.001124813687056303,0.02444951795041561,0.0023472895845770836,1.0,0.9230769230769231,0.8181818181818182,1.0,0.9111111111111111,0.8185721953837896,1.0,0.9111111111111111,0.8191213052385132,S5_train_I_D1_val_D2_3,three_class_with_air,Deep CORAL-UDA,0.05,2
100,0.002466774545609951,0.03855692967772484,0.00439462112262845,1.0,0.9230769230769231,0.8398268398268398,1.0,0.9111111111111111,0.8384326355340846,1.0,0.9111111111111111,0.8413033017548203,S5_train_I_D1_val_D2_3,three_class_with_air,Deep CORAL-UDA,0.05,2
110,0.0005806753179058433,0.020505724474787712,0.0016059615882113576,1.0,0.9230769230769231,0.8354978354978355,1.0,0.9111111111111111,0.8350331007335838,1.0,0.9111111111111111,0.8357468239821181,S5_train_I_D1_val_D2_3,three_class_with_air,Deep CORAL-UDA,0.05,2
120,0.000841811764985323,0.03160867094993591,0.002422245219349861,1.0,0.9230769230769231,0.8225108225108225,1.0,0.9111111111111111,0.821256038647343,1.0,0.9111111111111111,0.8248545971498449,S5_train_I_D1_val_D2_3,three_class_with_air,Deep CORAL-UDA,0.05,2
130,0.00027376084472052753,0.023576706647872925,0.0014525962760671973,1.0,0.9230769230769231,0.8225108225108225,1.0,0.9111111111111111,0.8219717301842905,1.0,0.9111111111111111,0.8249048599413563,S5_train_I_D1_val_D2_3,three_class_with_air,Deep CORAL-UDA,0.05,2
140,0.006991108879446983,0.03294149786233902,0.00863818358629942,1.0,0.8846153846153846,0.7965367965367965,1.0,0.8555555555555555,0.795848989085704,1.0,0.8614718614718614,0.7998297372807555,S5_train_I_D1_val_D2_3,three_class_with_air,Deep CORAL-UDA,0.05,2
150,0.001622682437300682,0.02621445246040821,0.0029334051068872213,1.0,0.9230769230769231,0.8614718614718615,1.0,0.9111111111111111,0.8597244587582752,1.0,0.9111111111111111,0.8636382064953493,S5_train_I_D1_val_D2_3,three_class_with_air,Deep CORAL-UDA,0.05,2
160,0.00045494665391743183,0.028012998402118683,0.0018555965507403016,1.0,0.9230769230769231,0.8571428571428571,1.0,0.9111111111111111,0.854893540883879,1.0,0.9111111111111111,0.8592189324930688,S5_train_I_D1_val_D2_3,three_class_with_air,Deep CORAL-UDA,0.05,2
170,0.0014700510073453188,0.014131709933280945,0.0021766365971416235,1.0,0.9230769230769231,0.8441558441558441,1.0,0.9111111111111111,0.8425478618715333,1.0,0.9111111111111111,0.845965306416825,S5_train_I_D1_val_D2_3,three_class_with_air,Deep CORAL-UDA,0.05,2
180,0.000887262518517673,0.008140350691974163,0.0012942800531163812,1.0,0.9230769230769231,0.8354978354978355,1.0,0.9111111111111111,0.8343174091966362,1.0,0.9111111111111111,0.8376755189255188,S5_train_I_D1_val_D2_3,three_class_with_air,Deep CORAL-UDA,0.05,2
190,0.0003235390759073198,0.012627243995666504,0.000954901275690645,1.0,0.9230769230769231,0.8311688311688312,1.0,0.9111111111111111,0.8302021828591877,1.0,0.9111111111111111,0.8334450653904936,S5_train_I_D1_val_D2_3,three_class_with_air,Deep CORAL-UDA,0.05,2
200,0.0001714373065624386,0.008442872203886509,0.0005935808876529336,1.0,0.9230769230769231,0.8311688311688312,1.0,0.9111111111111111,0.8302021828591877,1.0,0.9111111111111111,0.8334290624446892,S5_train_I_D1_val_D2_3,three_class_with_air,Deep CORAL-UDA,0.05,2
210,0.00036174056003801525,0.012576073408126831,0.0009905442129820585,1.0,0.9230769230769231,0.8311688311688312,1.0,0.9111111111111111,0.8302021828591877,1.0,0.9111111111111111,0.8334290624446892,S5_train_I_D1_val_D2_3,three_class_with_air,Deep CORAL-UDA,0.05,2
220,0.0004360850725788623,0.009646287187933922,0.0009183994261547923,1.0,0.9230769230769231,0.8354978354978355,1.0,0.9111111111111111,0.8343174091966362,1.0,0.9111111111111111,0.8376312987547099,S5_train_I_D1_val_D2_3,three_class_with_air,Deep CORAL-UDA,0.05,2
230,0.00039043405558913946,0.012665612623095512,0.0010237146634608507,1.0,0.9230769230769231,0.8398268398268398,1.0,0.9111111111111111,0.8384326355340849,1.0,0.9111111111111111,0.8418810083508758,S5_train_I_D1_val_D2_3,three_class_with_air,Deep CORAL-UDA,0.05,2
240,0.0003847782500088215,0.013496038503944874,0.0010595801286399364,1.0,0.9230769230769231,0.8441558441558441,1.0,0.9111111111111111,0.8418321703345857,1.0,0.9111111111111111,0.8468630284652464,S5_train_I_D1_val_D2_3,three_class_with_air,Deep CORAL-UDA,0.05,2
250,0.0002821143134497106,0.007710229139775038,0.000667625805363059,1.0,0.9230769230769231,0.8354978354978355,1.0,0.9111111111111111,0.8336017176596885,1.0,0.9111111111111111,0.8376422163447867,S5_train_I_D1_val_D2_3,three_class_with_air,Deep CORAL-UDA,0.05,2
260,0.00016507142572663724,0.023815790191292763,0.0013558609643951058,1.0,0.9230769230769231,0.8398268398268398,1.0,0.9111111111111111,0.8384326355340846,1.0,0.9111111111111111,0.8418096933310352,S5_train_I_D1_val_D2_3,three_class_with_air,Deep CORAL-UDA,0.05,2
270,0.0017259783344343305,0.02002495899796486,0.0027272263541817665,1.0,0.9230769230769231,0.8484848484848485,1.0,0.9111111111111111,0.8473787797459295,1.0,0.9111111111111111,0.8496664625696884,S5_train_I_D1_val_D2_3,three_class_with_air,Deep CORAL-UDA,0.05,2
280,0.002796141430735588,0.08381201326847076,0.006986742373555899,1.0,0.9230769230769231,0.8354978354978355,1.0,0.9111111111111111,0.8393272499552693,1.0,0.9111111111111111,0.8354266777133388,S5_train_I_D1_val_D2_3,three_class_with_air,Deep CORAL-UDA,0.05,2
290,0.002532911254093051,0.07406815141439438,0.006236318964511156,1.0,0.9230769230769231,0.7965367965367965,1.0,0.9111111111111111,0.7972803721595992,1.0,0.9111111111111111,0.7959770114942529,S5_train_I_D1_val_D2_3,three_class_with_air,Deep CORAL-UDA,0.05,2
300,0.0016892872517928481,0.05861363187432289,0.004619969055056572,1.0,0.9230769230769231,0.8095238095238095,1.0,0.9111111111111111,0.809626051171945,1.0,0.9111111111111111,0.8092997067907902,S5_train_I_D1_val_D2_3,three_class_with_air,Deep CORAL-UDA,0.05,2
310,0.0006745203863829374,0.022793639451265335,0.001814202405512333,1.0,0.8846153846153846,0.8051948051948052,1.0,0.8777777777777778,0.8055108248344963,1.0,0.8721997300944668,0.8049791754670698,S5_train_I_D1_val_D2_3,three_class_with_air,Deep CORAL-UDA,0.05,2
320,0.0009261155501008034,0.023683443665504456,0.002110287779942155,1.0,0.9230769230769231,0.8138528138528138,1.0,0.9111111111111111,0.8137412775093935,1.0,0.9111111111111111,0.8136140994094855,S5_train_I_D1_val_D2_3,three_class_with_air,Deep CORAL-UDA,0.05,2
330,0.0011999515118077397,0.015208631753921509,0.001960383029654622,1.0,0.9230769230769231,0.8225108225108225,1.0,0.9111111111111111,0.8219717301842907,1.0,0.9111111111111111,0.8229154017405383,S5_train_I_D1_val_D2_3,three_class_with_air,Deep CORAL-UDA,0.05,2
340,0.0004539592773653567,0.01606678031384945,0.001257298281416297,1.0,0.9230769230769231,0.8181818181818182,1.0,0.9111111111111111,0.817856503846842,1.0,0.9111111111111111,0.8192724144909938,S5_train_I_D1_val_D2_3,three_class_with_air,Deep CORAL-UDA,0.05,2
350,0.0003695190534926951,0.011471718549728394,0.0009431049693375826,1.0,0.9230769230769231,0.8225108225108225,1.0,0.9111111111111111,0.8219717301842907,1.0,0.9111111111111111,0.8233406153696009,S5_train_I_D1_val_D2_3,three_class_with_air,Deep CORAL-UDA,0.05,2
360,0.00036531113437376916,0.009723260998725891,0.0008514741784892976,1.0,0.9230769230769231,0.8181818181818182,1.0,0.9111111111111111,0.817856503846842,1.0,0.9111111111111111,0.8197246389587726,S5_train_I_D1_val_D2_3,three_class_with_air,Deep CORAL-UDA,0.05,2
370,0.0002708213869482279,0.015611417591571808,0.0010513922898098826,1.0,0.9230769230769231,0.8225108225108225,1.0,0.9111111111111111,0.8219717301842905,1.0,0.9111111111111111,0.8237833851941038,S5_train_I_D1_val_D2_3,three_class_with_air,Deep CORAL-UDA,0.05,2
380,0.0002542723377700895,0.012054073624312878,0.0008569760248064995,1.0,0.9230769230769231,0.8311688311688312,1.0,0.9111111111111111,0.8302021828591877,1.0,0.9111111111111111,0.832823467798001,S5_train_I_D1_val_D2_3,three_class_with_air,Deep CORAL-UDA,0.05,2
390,0.0001888533151941374,0.013877115212380886,0.0008827090496197343,1.0,0.9230769230769231,0.8268398268398268,1.0,0.9111111111111111,0.8260869565217392,1.0,0.9111111111111111,0.8287498024340131,S5_train_I_D1_val_D2_3,three_class_with_air,Deep CORAL-UDA,0.05,2
400,0.00042183601181022823,0.010036962106823921,0.000923684099689126,1.0,0.9230769230769231,0.8311688311688312,1.0,0.9111111111111111,0.8302021828591878,1.0,0.9111111111111111,0.8335583232134955,S5_train_I_D1_val_D2_3,three_class_with_air,Deep CORAL-UDA,0.05,2
1,1.114149808883667,0.0,1.114149808883667,0.43333333333333335,0.475,0.4585365853658537,0.5,0.5,0.46337282957001263,0.36521739130434777,0.39141414141414144,0.36557856557856566,S6_train_I_D1_2_val_D3_5,three_class_with_air,MLP source only,0.0,1
10,0.5573256611824036,0.0,0.5573256611824036,0.8666666666666667,0.725,0.6390243902439025,0.8888888888888888,0.7444444444444445,0.6478128027423802,0.8545548654244306,0.7258906525573193,0.630542892060353,S6_train_I_D1_2_val_D3_5,three_class_with_air,MLP source only,0.0,1
20,0.17498745024204254,0.0,0.17498745024204254,0.9666666666666667,0.875,0.6878048780487804,0.9722222222222222,0.8777777777777779,0.6929726507191295,0.959866220735786,0.8725038402457758,0.6892889897058495,S6_train_I_D1_2_val_D3_5,three_class_with_air,MLP source only,0.0,1
30,0.04159780219197273,0.0,0.04159780219197273,1.0,0.85,0.7414634146341463,1.0,0.8555555555555556,0.7440196735971384,1.0,0.8544332210998878,0.7465146115466856,S6_train_I_D1_2_val_D3_5,three_class_with_air,MLP source only,0.0,1
40,0.007103984244167805,0.0,0.007103984244167805,1.0,0.75,0.7609756097560976,1.0,0.7555555555555555,0.762202846709889,1.0,0.7428571428571429,0.7649782528447847,S6_train_I_D1_2_val_D3_5,three_class_with_air,MLP source only,0.0,1
50,0.006147522479295731,0.0,0.006147522479295731,1.0,0.775,0.7707317073170732,1.0,0.7888888888888889,0.7727848572918995,1.0,0.763888888888889,0.7713791614689353,S6_train_I_D1_2_val_D3_5,three_class_with_air,MLP source only,0.0,1
60,0.007640539202839136,0.0,0.007640539202839136,1.0,0.775,0.7658536585365854,1.0,0.7888888888888889,0.7668976823906402,1.0,0.7694592988710637,0.7665169260044075,S6_train_I_D1_2_val_D3_5,three_class_with_air,MLP source only,0.0,1
70,0.0009212742443196476,0.0,0.0009212742443196476,1.0,0.775,0.7853658536585366,1.0,0.7888888888888889,0.7880617035546612,1.0,0.7659200702678964,0.7856066878980892,S6_train_I_D1_2_val_D3_5,three_class_with_air,MLP source only,0.0,1
80,0.0014641985762864351,0.0,0.0014641985762864351,1.0,0.775,0.7707317073170732,1.0,0.7888888888888889,0.7733810269021536,1.0,0.7659200702678964,0.7721322520459889,S6_train_I_D1_2_val_D3_5,three_class_with_air,MLP source only,0.0,1
90,0.0002443001721985638,0.0,0.0002443001721985638,1.0,0.775,0.7707317073170732,1.0,0.7888888888888889,0.7727848572918995,1.0,0.7814814814814816,0.7729561358593616,S6_train_I_D1_2_val_D3_5,three_class_with_air,MLP source only,0.0,1
100,0.0007915758760645986,0.0,0.0007915758760645986,1.0,0.9,0.7658536585365854,1.0,0.9,0.7680900216111484,1.0,0.9063067150635208,0.769202130344793,S6_train_I_D1_2_val_D3_5,three_class_with_air,MLP source only,0.0,1
110,0.0002563028538133949,0.0,0.0002563028538133949,1.0,0.9,0.7609756097560976,1.0,0.9,0.7627990163201431,1.0,0.9063067150635208,0.7641526269575051,S6_train_I_D1_2_val_D3_5,three_class_with_air,MLP source only,0.0,1
120,0.0012824281584471464,0.0,0.0012824281584471464,1.0,0.9,0.7658536585365854,1.0,0.9,0.7674938520008943,1.0,0.9063067150635208,0.7689441317490099,S6_train_I_D1_2_val_D3_5,three_class_with_air,MLP source only,0.0,1
130,0.000327261135680601,0.0,0.000327261135680601,1.0,0.9,0.7707317073170732,1.0,0.9,0.7727848572918995,1.0,0.9063067150635208,0.7733115335368855,S6_train_I_D1_2_val_D3_5,three_class_with_air,MLP source only,0.0,1
140,0.00041008516564033926,0.0,0.00041008516564033926,1.0,0.9,0.7707317073170732,1.0,0.9,0.7727848572918995,1.0,0.9063067150635208,0.7737423866456125,S6_train_I_D1_2_val_D3_5,three_class_with_air,MLP source only,0.0,1
150,0.00013718154514208436,0.0,0.00013718154514208436,1.0,0.9,0.7707317073170732,1.0,0.9,0.7727848572918995,1.0,0.9063067150635208,0.7739695011794036,S6_train_I_D1_2_val_D3_5,three_class_with_air,MLP source only,0.0,1
160,0.0002538905246183276,0.0,0.0002538905246183276,1.0,0.9,0.775609756097561,1.0,0.9,0.7768835233623966,1.0,0.9063067150635208,0.7790746249762645,S6_train_I_D1_2_val_D3_5,three_class_with_air,MLP source only,0.0,1
170,8.467012958135456e-05,0.0,8.467012958135456e-05,1.0,0.9,0.7804878048780488,1.0,0.9,0.7821745286534019,1.0,0.9063067150635208,0.7834606574121875,S6_train_I_D1_2_val_D3_5,three_class_with_air,MLP source only,0.0,1
180,0.00031664929701946676,0.0,0.00031664929701946676,1.0,0.9,0.7804878048780488,1.0,0.9,0.7821745286534019,1.0,0.9063067150635208,0.7834606574121875,S6_train_I_D1_2_val_D3_5,three_class_with_air,MLP source only,0.0,1
190,0.0002494989021215588,0.0,0.0002494989021215588,1.0,0.9,0.7804878048780488,1.0,0.9,0.7821745286534019,1.0,0.9063067150635208,0.7834606574121875,S6_train_I_D1_2_val_D3_5,three_class_with_air,MLP source only,0.0,1
200,0.00023202277952805161,0.0,0.00023202277952805161,1.0,0.9,0.7853658536585366,1.0,0.9,0.786869364334153,1.0,0.9063067150635208,0.7881872054382573,S6_train_I_D1_2_val_D3_5,three_class_with_air,MLP source only,0.0,1
210,0.0015734853222966194,0.0,0.0015734853222966194,1.0,0.9,0.7804878048780488,1.0,0.9,0.7815783590431478,1.0,0.9063067150635208,0.7842597093933992,S6_train_I_D1_2_val_D3_5,three_class_with_air,MLP source only,0.0,1
220,0.0004693240043707192,0.0,0.0004693240043707192,1.0,0.875,0.775609756097561,1.0,0.8777777777777779,0.7774796929726507,1.0,0.8773809523809524,0.7780119909781812,S6_train_I_D1_2_val_D3_5,three_class_with_air,MLP source only,0.0,1
230,0.00047068073763512075,0.0,0.00047068073763512075,1.0,0.875,0.7853658536585366,1.0,0.8777777777777779,0.7874655339444071,1.0,0.8773809523809524,0.7877180073067143,S6_train_I_D1_2_val_D3_5,three_class_with_air,MLP source only,0.0,1
240,7.79110923758708e-05,0.0,7.79110923758708e-05,1.0,0.875,0.7707317073170732,1.0,0.8777777777777779,0.7727848572918995,1.0,0.8773809523809524,0.7734504477710584,S6_train_I_D1_2_val_D3_5,three_class_with_air,MLP source only,0.0,1
250,0.00020584506273735315,0.0,0.00020584506273735315,1.0,0.875,0.7707317073170732,1.0,0.8777777777777779,0.7727848572918995,1.0,0.8773809523809524,0.7734504477710584,S6_train_I_D1_2_val_D3_5,three_class_with_air,MLP source only,0.0,1
260,0.0005460381507873535,0.0,0.0005460381507873535,1.0,0.825,0.7804878048780488,1.0,0.8333333333333334,0.7821745286534019,1.0,0.8309200603318251,0.7827000596302921,S6_train_I_D1_2_val_D3_5,three_class_with_air,MLP source only,0.0,1
270,0.0005414470215328038,0.0,0.0005414470215328038,1.0,0.825,0.7853658536585366,1.0,0.8333333333333334,0.786869364334153,1.0,0.8309200603318251,0.7873187367303608,S6_train_I_D1_2_val_D3_5,three_class_with_air,MLP source only,0.0,1
280,0.0002255069266539067,0.0,0.0002255069266539067,1.0,0.825,0.7853658536585366,1.0,0.8333333333333334,0.7862731947238989,1.0,0.8309200603318251,0.7873962967224012,S6_train_I_D1_2_val_D3_5,three_class_with_air,MLP source only,0.0,1
290,6.306501745712012e-05,0.0,6.306501745712012e-05,1.0,0.825,0.7853658536585366,1.0,0.8333333333333334,0.7862731947238989,1.0,0.8309200603318251,0.7873962967224012,S6_train_I_D1_2_val_D3_5,three_class_with_air,MLP source only,0.0,1
300,4.2878113163169473e-05,0.0,4.2878113163169473e-05,1.0,0.825,0.7902439024390244,1.0,0.8333333333333334,0.7909680304046501,1.0,0.8309200603318251,0.7919739453300045,S6_train_I_D1_2_val_D3_5,three_class_with_air,MLP source only,0.0,1
310,6.553452840307727e-05,0.0,6.553452840307727e-05,1.0,0.8,0.7902439024390244,1.0,0.8111111111111112,0.7897756911841419,1.0,0.8150487329434699,0.7929466594206479,S6_train_I_D1_2_val_D3_5,three_class_with_air,MLP source only,0.0,1
320,0.00021907717746216804,0.0,0.00021907717746216804,1.0,0.775,0.7951219512195122,1.0,0.7888888888888889,0.7944705268648931,1.0,0.790263948158685,0.7974417589022051,S6_train_I_D1_2_val_D3_5,three_class_with_air,MLP source only,0.0,1
330,0.0005698691820725799,0.0,0.0005698691820725799,1.0,0.775,0.7951219512195122,1.0,0.7888888888888889,0.7944705268648931,1.0,0.790263948158685,0.7974417589022051,S6_train_I_D1_2_val_D3_5,three_class_with_air,MLP source only,0.0,1
340,0.0003149465483147651,0.0,0.0003149465483147651,1.0,0.775,0.7951219512195122,1.0,0.7888888888888889,0.7950666964751472,1.0,0.790263948158685,0.7972595623092409,S6_train_I_D1_2_val_D3_5,three_class_with_air,MLP source only,0.0,1
350,0.0010660802945494652,0.0,0.0010660802945494652,1.0,0.775,0.7951219512195122,1.0,0.7888888888888889,0.7950666964751472,1.0,0.790263948158685,0.7972595623092409,S6_train_I_D1_2_val_D3_5,three_class_with_air,MLP source only,0.0,1
360,0.00015083698963280767,0.0,0.00015083698963280767,1.0,0.825,0.7951219512195122,1.0,0.8333333333333334,0.7950666964751472,1.0,0.8388663967611336,0.7977124183006535,S6_train_I_D1_2_val_D3_5,three_class_with_air,MLP source only,0.0,1
370,0.0001238854747498408,0.0,0.0001238854747498408,1.0,0.825,0.8,1.0,0.8333333333333334,0.7991653625456442,1.0,0.8388663967611336,0.8027059381675431,S6_train_I_D1_2_val_D3_5,three_class_with_air,MLP source only,0.0,1
380,0.0002982613805215806,0.0,0.0002982613805215806,1.0,0.85,0.8097560975609757,1.0,0.8555555555555556,0.8091512035174007,1.0,0.8619042158773841,0.8123683342941143,S6_train_I_D1_2_val_D3_5,three_class_with_air,MLP source only,0.0,1
390,0.0003554616996552795,0.0,0.0003554616996552795,1.0,0.825,0.8,1.0,0.8333333333333334,0.7997615321558983,1.0,0.8388663967611336,0.8026476207483425,S6_train_I_D1_2_val_D3_5,three_class_with_air,MLP source only,0.0,1
400,0.00011390523286536336,0.0,0.00011390523286536336,1.0,0.825,0.8,1.0,0.8333333333333334,0.7997615321558983,1.0,0.8388663967611336,0.8016339869281045,S6_train_I_D1_2_val_D3_5,three_class_with_air,MLP source only,0.0,1
1,1.114149808883667,9.08086894924054e-06,1.1141515970230103,0.43333333333333335,0.475,0.4585365853658537,0.5,0.5,0.46337282957001263,0.36521739130434777,0.39141414141414144,0.36557856557856566,S6_train_I_D1_2_val_D3_5,three_class_with_air,Deep CORAL-UDA,0.2,1
10,0.5389361381530762,0.15625421702861786,0.570186972618103,0.8666666666666667,0.725,0.6536585365853659,0.8888888888888888,0.7444444444444445,0.6618973097846337,0.8545548654244306,0.7271062271062271,0.6462959404135874,S6_train_I_D1_2_val_D3_5,three_class_with_air,Deep CORAL-UDA,0.2,1
20,0.18722347915172577,0.025314103811979294,0.19228629767894745,0.9333333333333333,0.85,0.775609756097561,0.9444444444444445,0.8555555555555556,0.7774796929726507,0.9220779220779222,0.8489858906525574,0.7774938658983416,S6_train_I_D1_2_val_D3_5,three_class_with_air,Deep CORAL-UDA,0.2,1
30,0.032206691801548004,0.05185476318001747,0.04257764667272568,1.0,0.825,0.8195121951219512,1.0,0.8333333333333334,0.8191370444891571,1.0,0.8309200603318251,0.8195404569096056,S6_train_I_D1_2_val_D3_5,three_class_with_air,Deep CORAL-UDA,0.2,1
40,0.009926525875926018,0.023982230573892593,0.014722972176969051,1.0,0.825,0.8341463414634146,1.0,0.8333333333333334,0.8332215515314108,1.0,0.8277777777777778,0.833029355883522,S6_train_I_D1_2_val_D3_5,three_class_with_air,Deep CORAL-UDA,0.2,1
50,0.02215559408068657,0.016479704529047012,0.025451535359025,1.0,0.75,0.8292682926829268,1.0,0.7555555555555555,0.8279305462404053,1.0,0.7551762288604396,0.8287419651056013,S6_train_I_D1_2_val_D3_5,three_class_with_air,Deep CORAL-UDA,0.2,1
60,0.004746262915432453,0.031194832175970078,0.010985229164361954,1.0,0.8,0.8195121951219512,1.0,0.8111111111111112,0.8191370444891571,1.0,0.7955555555555556,0.8170940170940172,S6_train_I_D1_2_val_D3_5,three_class_with_air,Deep CORAL-UDA,0.2,1
70,0.0007976535125635564,0.013456928543746471,0.003489039372652769,1.0,0.775,0.8195121951219512,1.0,0.7888888888888889,0.8191370444891571,1.0,0.7746031746031746,0.8169778409283129,S6_train_I_D1_2_val_D3_5,three_class_with_air,Deep CORAL-UDA,0.2,1
80,0.0016228550812229514,0.010528077371418476,0.003728470765054226,1.0,0.75,0.8,1.0,0.7666666666666667,0.8003577017661524,1.0,0.7478720956981827,0.7963664717348928,S6_train_I_D1_2_val_D3_5,three_class_with_air,Deep CORAL-UDA,0.2,1
90,0.0013864925131201744,0.010998280718922615,0.0035861486103385687,1.0,0.75,0.8097560975609757,1.0,0.7555555555555555,0.8091512035174007,1.0,0.7551762288604396,0.8076207760569311,S6_train_I_D1_2_val_D3_5,three_class_with_air,Deep CORAL-UDA,0.2,1
100,0.0007876110030338168,0.006019708700478077,0.0019915527664124966,1.0,0.775,0.8195121951219512,1.0,0.7888888888888889,0.8191370444891571,1.0,0.7814814814814816,0.8169778409283129,S6_train_I_D1_2_val_D3_5,three_class_with_air,Deep CORAL-UDA,0.2,1
110,0.001642019604332745,0.00429429579526186,0.0025008786469697952,1.0,0.775,0.8195121951219512,1.0,0.7888888888888889,0.8191370444891571,1.0,0.7814814814814816,0.8169778409283129,S6_train_I_D1_2_val_D3_5,three_class_with_air,Deep CORAL-UDA,0.2,1
120,0.00044311193050816655,0.004324151203036308,0.0013079422060400248,1.0,0.825,0.8341463414634146,1.0,0.8333333333333334,0.8332215515314108,1.0,0.8309200603318251,0.8336117360185469,S6_train_I_D1_2_val_D3_5,three_class_with_air,Deep CORAL-UDA,0.2,1
130,0.000629202404525131,0.0032088924199342728,0.001270980923436582,1.0,0.825,0.8390243902439024,1.0,0.8333333333333334,0.8379163872121619,1.0,0.8309200603318251,0.8391213778918251,S6_train_I_D1_2_val_D3_5,three_class_with_air,Deep CORAL-UDA,0.2,1
140,0.0010722398292273283,0.00420347461476922,0.0019129347056150436,1.0,0.825,0.8390243902439024,1.0,0.8333333333333334,0.8373202176019077,1.0,0.8388663967611336,0.8390617139704332,S6_train_I_D1_2_val_D3_5,three_class_with_air,Deep CORAL-UDA,0.2,1
150,0.000782549730502069,0.002735323738306761,0.0013296145480126143,1.0,0.825,0.8390243902439024,1.0,0.8333333333333334,0.8373202176019077,1.0,0.8309200603318251,0.8390617139704332,S6_train_I_D1_2_val_D3_5,three_class_with_air,Deep CORAL-UDA,0.2,1
160,0.005418697372078896,0.008810914121568203,0.007180880289524794,1.0,0.825,0.848780487804878,1.0,0.8333333333333334,0.84670988896341,1.0,0.8388663967611336,0.8499269934706857,S6_train_I_D1_2_val_D3_5,three_class_with_air,Deep CORAL-UDA,0.2,1
170,0.0008539151749573648,0.011559557169675827,0.003165826667100191,1.0,0.75,0.8341463414634146,1.0,0.7333333333333334,0.8314330427006483,1.0,0.7499999999999999,0.8361115895551564,S6_train_I_D1_2_val_D3_5,three_class_with_air,Deep CORAL-UDA,0.2,1
180,0.0017274483107030392,0.004909037612378597,0.0027092560194432735,1.0,0.85,0.8439024390243902,1.0,0.8555555555555555,0.8414188836724047,1.0,0.8523809523809524,0.8449800569800571,S6_train_I_D1_2_val_D3_5,three_class_with_air,Deep CORAL-UDA,0.2,1
190,0.0009401781717315316,0.006164804100990295,0.002173139015212655,1.0,0.9,0.8439024390243902,1.0,0.9,0.8414188836724047,1.0,0.9062034170393304,0.8442772759565614,S6_train_I_D1_2_val_D3_5,three_class_with_air,Deep CORAL-UDA,0.2,1
200,0.0006332380580715835,0.006555232685059309,0.0019442846532911062,1.0,0.925,0.848780487804878,1.0,0.9222222222222222,0.84670988896341,1.0,0.928343586238323,0.849236542809895,S6_train_I_D1_2_val_D3_5,three_class_with_air,Deep CORAL-UDA,0.2,1
210,0.00019889276882167906,0.00354385026730597,0.0009076628484763205,1.0,0.925,0.848780487804878,1.0,0.9222222222222222,0.84670988896341,1.0,0.928343586238323,0.849236542809895,S6_train_I_D1_2_val_D3_5,three_class_with_air,Deep CORAL-UDA,0.2,1
220,0.0003573338617570698,0.0024801120162010193,0.0008533562649972737,1.0,0.925,0.848780487804878,1.0,0.9222222222222222,0.84670988896341,1.0,0.928343586238323,0.849236542809895,S6_train_I_D1_2_val_D3_5,three_class_with_air,Deep CORAL-UDA,0.2,1
230,0.0007508884882554412,0.002602802589535713,0.0012714490294456482,1.0,0.925,0.848780487804878,1.0,0.9222222222222222,0.84670988896341,1.0,0.928343586238323,0.849236542809895,S6_train_I_D1_2_val_D3_5,three_class_with_air,Deep CORAL-UDA,0.2,1
240,0.002827271120622754,0.0024428912438452244,0.0033158494625240564,1.0,0.925,0.848780487804878,1.0,0.9222222222222222,0.84670988896341,1.0,0.928343586238323,0.849236542809895,S6_train_I_D1_2_val_D3_5,three_class_with_air,Deep CORAL-UDA,0.2,1
250,0.0011369349667802453,0.004392254166305065,0.002015385776758194,1.0,0.9,0.8585365853658536,1.0,0.9,0.8560995603249123,1.0,0.9062034170393304,0.860147486497715,S6_train_I_D1_2_val_D3_5,three_class_with_air,Deep CORAL-UDA,0.2,1
260,0.0007045064121484756,0.0054696351289749146,0.0017984334845095873,1.0,0.875,0.8439024390243902,1.0,0.8777777777777779,0.8420150532826588,1.0,0.8843320422267791,0.844499399141538,S6_train_I_D1_2_val_D3_5,three_class_with_air,Deep CORAL-UDA,0.2,1
270,0.0002769867714960128,0.0017665650229901075,0.0006302997935563326,1.0,0.9,0.8439024390243902,1.0,0.9,0.8420150532826588,1.0,0.9062034170393304,0.844499399141538,S6_train_I_D1_2_val_D3_5,three_class_with_air,Deep CORAL-UDA,0.2,1
280,0.0003476746496744454,0.00202705105766654,0.00075308489613235,1.0,0.925,0.848780487804878,1.0,0.9222222222222222,0.84670988896341,1.0,0.928343586238323,0.8500556883790417,S6_train_I_D1_2_val_D3_5,three_class_with_air,Deep CORAL-UDA,0.2,1
290,0.000960475008469075,0.0034109894186258316,0.0016426729271188378,1.0,0.875,0.8390243902439024,1.0,0.8777777777777778,0.8373202176019077,1.0,0.8761689291101055,0.8390617139704332,S6_train_I_D1_2_val_D3_5,three_class_with_air,Deep CORAL-UDA,0.2,1
300,0.00044852588325738907,0.00337220449000597,0.0011229668743908405,1.0,0.9,0.8439024390243902,1.0,0.9,0.8420150532826588,1.0,0.9062034170393304,0.844499399141538,S6_train_I_D1_2_val_D3_5,three_class_with_air,Deep CORAL-UDA,0.2,1
310,0.0002799114736262709,0.0018840415868908167,0.0006567197851836681,1.0,0.875,0.8390243902439024,1.0,0.8777777777777778,0.8367240479916536,1.0,0.8835550414497781,0.8402826380493874,S6_train_I_D1_2_val_D3_5,three_class_with_air,Deep CORAL-UDA,0.2,1
320,0.00018957041902467608,0.002604265231639147,0.0007104234537109733,1.0,0.85,0.8390243902439024,1.0,0.8555555555555555,0.8367240479916536,1.0,0.8602339181286549,0.8395601725290079,S6_train_I_D1_2_val_D3_5,three_class_with_air,Deep CORAL-UDA,0.2,1
330,0.0004556205531116575,0.0027037798427045345,0.0009963765041902661,1.0,0.9,0.848780487804878,1.0,0.9,0.84670988896341,1.0,0.9062034170393304,0.8499269934706857,S6_train_I_D1_2_val_D3_5,three_class_with_air,Deep CORAL-UDA,0.2,1
340,0.0002642699982970953,0.0037894449196755886,0.0010221590055152774,1.0,0.9,0.848780487804878,1.0,0.9,0.84670988896341,1.0,0.9062034170393304,0.8499269934706857,S6_train_I_D1_2_val_D3_5,three_class_with_air,Deep CORAL-UDA,0.2,1
350,0.00025632765027694404,0.006390136666595936,0.0015343549894168973,1.0,0.925,0.848780487804878,1.0,0.9222222222222222,0.84670988896341,1.0,0.928343586238323,0.8499269934706857,S6_train_I_D1_2_val_D3_5,three_class_with_air,Deep CORAL-UDA,0.2,1
360,0.0004523025709204376,0.0023743605706840754,0.0009271746966987848,1.0,0.9,0.848780487804878,1.0,0.9,0.84670988896341,1.0,0.9063067150635208,0.8500556883790417,S6_train_I_D1_2_val_D3_5,three_class_with_air,Deep CORAL-UDA,0.2,1
370,0.0003642451483756304,0.004751089960336685,0.0013144630938768387,1.0,0.9,0.8536585365853658,1.0,0.9,0.8520008942544154,1.0,0.9063067150635208,0.8548387837062535,S6_train_I_D1_2_val_D3_5,three_class_with_air,Deep CORAL-UDA,0.2,1
380,0.000743108568713069,0.009876351803541183,0.002718379022553563,1.0,0.9,0.848780487804878,1.0,0.9,0.8473060585736643,1.0,0.8993265993265993,0.849404067884441,S6_train_I_D1_2_val_D3_5,three_class_with_air,Deep CORAL-UDA,0.2,1
390,0.0003345569421071559,0.0019899518229067326,0.0007325473125092685,1.0,0.85,0.824390243902439,1.0,0.8555555555555556,0.8232357105596542,1.0,0.8544332210998878,0.823224043715847,S6_train_I_D1_2_val_D3_5,three_class_with_air,Deep CORAL-UDA,0.2,1
400,0.00031790119828656316,0.003706029150635004,0.0010591070167720318,1.0,0.85,0.8390243902439024,1.0,0.8555555555555556,0.8379163872121619,1.0,0.8544332210998878,0.8385015471722959,S6_train_I_D1_2_val_D3_5,three_class_with_air,Deep CORAL-UDA,0.2,1
1,1.114149808883667,0.0,1.114149808883667,0.43333333333333335,0.5,0.4585365853658537,0.5,0.5444444444444444,0.46337282957001263,0.36521739130434777,0.41269841269841273,0.36557856557856566,S7_train_I_D1_3_val_D4_5,three_class_with_air,MLP source only,0.0,1
10,0.5573256611824036,0.0,0.5573256611824036,0.8666666666666667,0.6923076923076923,0.6390243902439025,0.8888888888888888,0.7333333333333334,0.6478128027423802,0.8545548654244306,0.6920077972709552,0.630542892060353,S7_train_I_D1_3_val_D4_5,three_class_with_air,MLP source only,0.0,1
20,0.17498745024204254,0.0,0.17498745024204254,0.9666666666666667,0.8846153846153846,0.6878048780487804,0.9722222222222222,0.9,0.6929726507191295,0.959866220735786,0.8883940620782727,0.6892889897058495,S7_train_I_D1_3_val_D4_5,three_class_with_air,MLP source only,0.0,1
30,0.04159780219197273,0.0,0.04159780219197273,1.0,0.8461538461538461,0.7414634146341463,1.0,0.8666666666666666,0.7440196735971384,1.0,0.8653198653198654,0.7465146115466856,S7_train_I_D1_3_val_D4_5,three_class_with_air,MLP source only,0.0,1
40,0.007103984244167805,0.0,0.007103984244167805,1.0,0.7692307692307693,0.7609756097560976,1.0,0.7777777777777778,0.762202846709889,1.0,0.7739414606422278,0.7649782528447847,S7_train_I_D1_3_val_D4_5,three_class_with_air,MLP source only,0.0,1
50,0.006147522479295731,0.0,0.006147522479295731,1.0,0.8076923076923077,0.7707317073170732,1.0,0.8333333333333334,0.7727848572918995,1.0,0.8067226890756304,0.7713791614689353,S7_train_I_D1_3_val_D4_5,three_class_with_air,MLP source only,0.0,1
60,0.007640539202839136,0.0,0.007640539202839136,1.0,0.8076923076923077,0.7658536585365854,1.0,0.8333333333333334,0.7668976823906402,1.0,0.8157136980666392,0.7665169260044075,S7_train_I_D1_3_val_D4_5,three_class_with_air,MLP source only,0.0,1
70,0.0009212742443196476,0.0,0.0009212742443196476,1.0,0.8076923076923077,0.7853658536585366,1.0,0.8333333333333334,0.7880617035546612,1.0,0.8157136980666392,0.7856066878980892,S7_train_I_D1_3_val_D4_5,three_class_with_air,MLP source only,0.0,1
80,0.0014641985762864351,0.0,0.0014641985762864351,1.0,0.8076923076923077,0.7707317073170732,1.0,0.8333333333333334,0.7733810269021536,1.0,0.8157136980666392,0.7721322520459889,S7_train_I_D1_3_val_D4_5,three_class_with_air,MLP source only,0.0,1
90,0.0002443001721985638,0.0,0.0002443001721985638,1.0,0.8076923076923077,0.7707317073170732,1.0,0.8333333333333334,0.7727848572918995,1.0,0.8157136980666392,0.7729561358593616,S7_train_I_D1_3_val_D4_5,three_class_with_air,MLP source only,0.0,1
100,0.0007915758760645986,0.0,0.0007915758760645986,1.0,0.8846153846153846,0.7658536585365854,1.0,0.9,0.7680900216111484,1.0,0.899749373433584,0.769202130344793,S7_train_I_D1_3_val_D4_5,three_class_with_air,MLP source only,0.0,1
110,0.0002563028538133949,0.0,0.0002563028538133949,1.0,0.8846153846153846,0.7609756097560976,1.0,0.9,0.7627990163201431,1.0,0.899749373433584,0.7641526269575051,S7_train_I_D1_3_val_D4_5,three_class_with_air,MLP source only,0.0,1
120,0.0012824281584471464,0.0,0.0012824281584471464,1.0,0.8846153846153846,0.7658536585365854,1.0,0.9,0.7674938520008943,1.0,0.899749373433584,0.7689441317490099,S7_train_I_D1_3_val_D4_5,three_class_with_air,MLP source only,0.0,1
130,0.000327261135680601,0.0,0.000327261135680601,1.0,0.8846153846153846,0.7707317073170732,1.0,0.9,0.7727848572918995,1.0,0.899749373433584,0.7733115335368855,S7_train_I_D1_3_val_D4_5,three_class_with_air,MLP source only,0.0,1
140,0.00041008516564033926,0.0,0.00041008516564033926,1.0,0.8846153846153846,0.7707317073170732,1.0,0.9,0.7727848572918995,1.0,0.899749373433584,0.7737423866456125,S7_train_I_D1_3_val_D4_5,three_class_with_air,MLP source only,0.0,1
150,0.00013718154514208436,0.0,0.00013718154514208436,1.0,0.8846153846153846,0.7707317073170732,1.0,0.9,0.7727848572918995,1.0,0.899749373433584,0.7739695011794036,S7_train_I_D1_3_val_D4_5,three_class_with_air,MLP source only,0.0,1
160,0.0002538905246183276,0.0,0.0002538905246183276,1.0,0.8846153846153846,0.775609756097561,1.0,0.9,0.7768835233623966,1.0,0.899749373433584,0.7790746249762645,S7_train_I_D1_3_val_D4_5,three_class_with_air,MLP source only,0.0,1
170,8.467012958135456e-05,0.0,8.467012958135456e-05,1.0,0.8846153846153846,0.7804878048780488,1.0,0.9,0.7821745286534019,1.0,0.899749373433584,0.7834606574121875,S7_train_I_D1_3_val_D4_5,three_class_with_air,MLP source only,0.0,1
180,0.00031664929701946676,0.0,0.00031664929701946676,1.0,0.8846153846153846,0.7804878048780488,1.0,0.9,0.7821745286534019,1.0,0.899749373433584,0.7834606574121875,S7_train_I_D1_3_val_D4_5,three_class_with_air,MLP source only,0.0,1
190,0.0002494989021215588,0.0,0.0002494989021215588,1.0,0.8846153846153846,0.7804878048780488,1.0,0.9,0.7821745286534019,1.0,0.899749373433584,0.7834606574121875,S7_train_I_D1_3_val_D4_5,three_class_with_air,MLP source only,0.0,1
200,0.00023202277952805161,0.0,0.00023202277952805161,1.0,0.8846153846153846,0.7853658536585366,1.0,0.9,0.786869364334153,1.0,0.899749373433584,0.7881872054382573,S7_train_I_D1_3_val_D4_5,three_class_with_air,MLP source only,0.0,1
210,0.0015734853222966194,0.0,0.0015734853222966194,1.0,0.8846153846153846,0.7804878048780488,1.0,0.9,0.7815783590431478,1.0,0.899749373433584,0.7842597093933992,S7_train_I_D1_3_val_D4_5,three_class_with_air,MLP source only,0.0,1
220,0.0004693240043707192,0.0,0.0004693240043707192,1.0,0.8461538461538461,0.775609756097561,1.0,0.8666666666666666,0.7774796929726507,1.0,0.8526658526658526,0.7780119909781812,S7_train_I_D1_3_val_D4_5,three_class_with_air,MLP source only,0.0,1
230,0.00047068073763512075,0.0,0.00047068073763512075,1.0,0.8461538461538461,0.7853658536585366,1.0,0.8666666666666666,0.7874655339444071,1.0,0.8526658526658526,0.7877180073067143,S7_train_I_D1_3_val_D4_5,three_class_with_air,MLP source only,0.0,1
240,7.79110923758708e-05,0.0,7.79110923758708e-05,1.0,0.8461538461538461,0.7707317073170732,1.0,0.8666666666666666,0.7727848572918995,1.0,0.8526658526658526,0.7734504477710584,S7_train_I_D1_3_val_D4_5,three_class_with_air,MLP source only,0.0,1
250,0.00020584506273735315,0.0,0.00020584506273735315,1.0,0.8461538461538461,0.7707317073170732,1.0,0.8666666666666666,0.7727848572918995,1.0,0.8526658526658526,0.7734504477710584,S7_train_I_D1_3_val_D4_5,three_class_with_air,MLP source only,0.0,1
260,0.0005460381507873535,0.0,0.0005460381507873535,1.0,0.7692307692307693,0.7804878048780488,1.0,0.7999999999999999,0.7821745286534019,1.0,0.7768952062430322,0.7827000596302921,S7_train_I_D1_3_val_D4_5,three_class_with_air,MLP source only,0.0,1
270,0.0005414470215328038,0.0,0.0005414470215328038,1.0,0.7692307692307693,0.7853658536585366,1.0,0.7999999999999999,0.786869364334153,1.0,0.7768952062430322,0.7873187367303608,S7_train_I_D1_3_val_D4_5,three_class_with_air,MLP source only,0.0,1
280,0.0002255069266539067,0.0,0.0002255069266539067,1.0,0.7692307692307693,0.7853658536585366,1.0,0.7999999999999999,0.7862731947238989,1.0,0.7768952062430322,0.7873962967224012,S7_train_I_D1_3_val_D4_5,three_class_with_air,MLP source only,0.0,1
290,6.306501745712012e-05,0.0,6.306501745712012e-05,1.0,0.7692307692307693,0.7853658536585366,1.0,0.7999999999999999,0.7862731947238989,1.0,0.7768952062430322,0.7873962967224012,S7_train_I_D1_3_val_D4_5,three_class_with_air,MLP source only,0.0,1
300,4.2878113163169473e-05,0.0,4.2878113163169473e-05,1.0,0.7692307692307693,0.7902439024390244,1.0,0.7999999999999999,0.7909680304046501,1.0,0.7768952062430322,0.7919739453300045,S7_train_I_D1_3_val_D4_5,three_class_with_air,MLP source only,0.0,1
310,6.553452840307727e-05,0.0,6.553452840307727e-05,1.0,0.7692307692307693,0.7902439024390244,1.0,0.7999999999999999,0.7897756911841419,1.0,0.7916666666666666,0.7929466594206479,S7_train_I_D1_3_val_D4_5,three_class_with_air,MLP source only,0.0,1
320,0.00021907717746216804,0.0,0.00021907717746216804,1.0,0.7692307692307693,0.7951219512195122,1.0,0.7999999999999999,0.7944705268648931,1.0,0.7916666666666666,0.7974417589022051,S7_train_I_D1_3_val_D4_5,three_class_with_air,MLP source only,0.0,1
330,0.0005698691820725799,0.0,0.0005698691820725799,1.0,0.7692307692307693,0.7951219512195122,1.0,0.7999999999999999,0.7944705268648931,1.0,0.7916666666666666,0.7974417589022051,S7_train_I_D1_3_val_D4_5,three_class_with_air,MLP source only,0.0,1
340,0.0003149465483147651,0.0,0.0003149465483147651,1.0,0.7692307692307693,0.7951219512195122,1.0,0.7999999999999999,0.7950666964751472,1.0,0.7916666666666666,0.7972595623092409,S7_train_I_D1_3_val_D4_5,three_class_with_air,MLP source only,0.0,1
350,0.0010660802945494652,0.0,0.0010660802945494652,1.0,0.7692307692307693,0.7951219512195122,1.0,0.7999999999999999,0.7950666964751472,1.0,0.7916666666666666,0.7972595623092409,S7_train_I_D1_3_val_D4_5,three_class_with_air,MLP source only,0.0,1
360,0.00015083698963280767,0.0,0.00015083698963280767,1.0,0.8076923076923077,0.7951219512195122,1.0,0.8333333333333334,0.7950666964751472,1.0,0.8294970161977835,0.7977124183006535,S7_train_I_D1_3_val_D4_5,three_class_with_air,MLP source only,0.0,1
370,0.0001238854747498408,0.0,0.0001238854747498408,1.0,0.8076923076923077,0.8,1.0,0.8333333333333334,0.7991653625456442,1.0,0.8294970161977835,0.8027059381675431,S7_train_I_D1_3_val_D4_5,three_class_with_air,MLP source only,0.0,1
380,0.0002982613805215806,0.0,0.0002982613805215806,1.0,0.8461538461538461,0.8097560975609757,1.0,0.8666666666666666,0.8091512035174007,1.0,0.8653198653198654,0.8123683342941143,S7_train_I_D1_3_val_D4_5,three_class_with_air,MLP source only,0.0,1
390,0.0003554616996552795,0.0,0.0003554616996552795,1.0,0.8076923076923077,0.8,1.0,0.8333333333333334,0.7997615321558983,1.0,0.8294970161977835,0.8026476207483425,S7_train_I_D1_3_val_D4_5,three_class_with_air,MLP source only,0.0,1
400,0.00011390523286536336,0.0,0.00011390523286536336,1.0,0.8076923076923077,0.8,1.0,0.8333333333333334,0.7997615321558983,1.0,0.8294970161977835,0.8016339869281045,S7_train_I_D1_3_val_D4_5,three_class_with_air,MLP source only,0.0,1
1,1.081435203552246,2.7026911993743852e-05,1.0814405679702759,0.43333333333333335,0.3076923076923077,0.3853658536585366,0.5277777777777778,0.39999999999999997,0.40845070422535207,0.3835450695704779,0.24049513704686118,0.28274410774410774,S7_train_I_D1_3_val_D4_5,three_class_with_air,Deep CORAL-UDA,0.2,4
10,0.5625746846199036,0.07805009931325912,0.5781847238540649,0.8333333333333334,0.7692307692307693,0.6292682926829268,0.8611111111111112,0.8000000000000002,0.6390193009911319,0.8240387063916476,0.7659958720330237,0.5971277399848828,S7_train_I_D1_3_val_D4_5,three_class_with_air,Deep CORAL-UDA,0.2,4
20,0.14801520109176636,0.025058390572667122,0.15302687883377075,1.0,0.8461538461538461,0.7365853658536585,1.0,0.8666666666666667,0.7399210075266414,1.0,0.8550607287449393,0.7408448610310439,S7_train_I_D1_3_val_D4_5,three_class_with_air,Deep CORAL-UDA,0.2,4
30,0.03070095367729664,0.06396558880805969,0.04349407181143761,1.0,0.8076923076923077,0.8146341463414634,1.0,0.8333333333333334,0.8138460391981518,1.0,0.8157136980666392,0.8157747765907412,S7_train_I_D1_3_val_D4_5,three_class_with_air,Deep CORAL-UDA,0.2,4
40,0.019518502056598663,0.029705319553613663,0.025459565222263336,1.0,0.8076923076923077,0.8634146341463415,1.0,0.8333333333333334,0.8607943960056635,1.0,0.8157136980666392,0.8628594116353062,S7_train_I_D1_3_val_D4_5,three_class_with_air,Deep CORAL-UDA,0.2,4
50,0.003527560504153371,0.017915431410074234,0.007110646925866604,1.0,0.9230769230769231,0.8682926829268293,1.0,0.9333333333333332,0.8654892316864148,1.0,0.9333333333333332,0.8675063425720184,S7_train_I_D1_3_val_D4_5,three_class_with_air,Deep CORAL-UDA,0.2,4
60,0.0029433914460241795,0.014307530596852303,0.005804897285997868,1.0,0.9230769230769231,0.8682926829268293,1.0,0.9333333333333332,0.8660854012966689,1.0,0.9333333333333332,0.8678069038359979,S7_train_I_D1_3_val_D4_5,three_class_with_air,Deep CORAL-UDA,0.2,4
70,0.0010279652196913958,0.012864086776971817,0.0036007827147841454,1.0,0.9230769230769231,0.8682926829268293,1.0,0.9333333333333332,0.8654892316864148,1.0,0.9333333333333332,0.8686347508433397,S7_train_I_D1_3_val_D4_5,three_class_with_air,Deep CORAL-UDA,0.2,4
80,0.0010074158199131489,0.010013071820139885,0.003010030137374997,1.0,0.9230769230769231,0.8536585365853658,1.0,0.9333333333333332,0.850212385423653,1.0,0.9333333333333332,0.8545769873296885,S7_train_I_D1_3_val_D4_5,three_class_with_air,Deep CORAL-UDA,0.2,4
90,0.0016200796235352755,0.012211344204843044,0.004062348511070013,1.0,0.9230769230769231,0.8731707317073171,1.0,0.9333333333333332,0.8707802369774201,1.0,0.9333333333333332,0.8731560600861429,S7_train_I_D1_3_val_D4_5,three_class_with_air,Deep CORAL-UDA,0.2,4
100,0.0009040763252414763,0.006138950120657682,0.002131866291165352,1.0,0.9230769230769231,0.8682926829268293,1.0,0.9333333333333332,0.8654892316864148,1.0,0.9333333333333332,0.8686347508433397,S7_train_I_D1_3_val_D4_5,three_class_with_air,Deep CORAL-UDA,0.2,4
110,0.0011909357272088528,0.00740251736715436,0.0026714392006397247,1.0,0.8846153846153846,0.8731707317073171,1.0,0.9,0.8707802369774201,1.0,0.8883940620782727,0.8736373342776357,S7_train_I_D1_3_val_D4_5,three_class_with_air,Deep CORAL-UDA,0.2,4
120,0.0010230380576103926,0.007830183953046799,0.002589074894785881,1.0,0.8846153846153846,0.8731707317073171,1.0,0.9,0.8707802369774201,1.0,0.8883940620782727,0.8736373342776357,S7_train_I_D1_3_val_D4_5,three_class_with_air,Deep CORAL-UDA,0.2,4
130,0.0005544705200009048,0.0036948691122233868,0.0012934443075209856,1.0,0.8461538461538461,0.8634146341463415,1.0,0.8666666666666666,0.8607943960056635,1.0,0.8526658526658526,0.8640267738395929,S7_train_I_D1_3_val_D4_5,three_class_with_air,Deep CORAL-UDA,0.2,4
140,0.0021113273687660694,0.0067757791839540005,0.0034664832055568695,1.0,0.9230769230769231,0.8682926829268293,1.0,0.9333333333333332,0.8654892316864148,1.0,0.9333333333333332,0.8686347508433397,S7_train_I_D1_3_val_D4_5,three_class_with_air,Deep CORAL-UDA,0.2,4
150,0.00077474070712924,0.009131921455264091,0.002601125044748187,1.0,0.8846153846153846,0.8682926829268293,1.0,0.9,0.8660854012966689,1.0,0.8883940620782727,0.8687892211148025,S7_train_I_D1_3_val_D4_5,three_class_with_air,Deep CORAL-UDA,0.2,4
160,0.0013826495269313455,0.00796301569789648,0.002975252689793706,1.0,0.8846153846153846,0.8731707317073171,1.0,0.9,0.8707802369774201,1.0,0.8883940620782727,0.8736373342776357,S7_train_I_D1_3_val_D4_5,three_class_with_air,Deep CORAL-UDA,0.2,4
170,0.0016224636929109693,0.013254751451313496,0.004273414146155119,1.0,0.8461538461538461,0.8585365853658536,1.0,0.8666666666666666,0.8566957299351666,1.0,0.8526658526658526,0.8602653822175977,S7_train_I_D1_3_val_D4_5,three_class_with_air,Deep CORAL-UDA,0.2,4
180,0.0005901030381210148,0.005906359758228064,0.0017713750712573528,1.0,0.8076923076923077,0.8585365853658536,1.0,0.8333333333333334,0.8566957299351666,1.0,0.8157136980666392,0.8589506172839506,S7_train_I_D1_3_val_D4_5,three_class_with_air,Deep CORAL-UDA,0.2,4
190,0.0008754515438340604,0.008491428568959236,0.0025737371761351824,1.0,0.7692307692307693,0.8292682926829268,1.0,0.7999999999999999,0.8285267158506594,1.0,0.7667748917748917,0.8275402686012869,S7_train_I_D1_3_val_D4_5,three_class_with_air,Deep CORAL-UDA,0.2,4
200,0.002789144404232502,0.01005459763109684,0.004800064023584127,1.0,0.7692307692307693,0.848780487804878,1.0,0.7999999999999999,0.8490945674044266,1.0,0.7667748917748917,0.8472502693318185,S7_train_I_D1_3_val_D4_5,three_class_with_air,Deep CORAL-UDA,0.2,4
210,0.004610458854585886,0.005989395081996918,0.0058083380572497845,1.0,0.7692307692307693,0.8439024390243902,1.0,0.7777777777777778,0.8414188836724047,1.0,0.7739414606422278,0.8451012588943624,S7_train_I_D1_3_val_D4_5,three_class_with_air,Deep CORAL-UDA,0.2,4
220,0.004418894182890654,0.008529934100806713,0.006124881096184254,1.0,0.8461538461538461,0.8780487804878049,1.0,0.8666666666666666,0.8760712422684254,1.0,0.8526658526658526,0.8786074965103099,S7_train_I_D1_3_val_D4_5,three_class_with_air,Deep CORAL-UDA,0.2,4
230,0.0006195416208356619,0.007691606413573027,0.002157862763851881,1.0,0.8076923076923077,0.8682926829268293,1.0,0.8333333333333334,0.8660854012966689,1.0,0.8157136980666392,0.8688878542214432,S7_train_I_D1_3_val_D4_5,three_class_with_air,Deep CORAL-UDA,0.2,4
240,0.0008013079059310257,0.004611141048371792,0.0017235360573977232,1.0,0.8076923076923077,0.8634146341463415,1.0,0.8333333333333334,0.8601982263954095,1.0,0.8157136980666392,0.863496726797918,S7_train_I_D1_3_val_D4_5,three_class_with_air,Deep CORAL-UDA,0.2,4
250,0.00032458637724630535,0.00689112301915884,0.0017028109868988395,1.0,0.8076923076923077,0.8682926829268293,1.0,0.8333333333333334,0.8654892316864148,1.0,0.8157136980666392,0.8685260462805555,S7_train_I_D1_3_val_D4_5,three_class_with_air,Deep CORAL-UDA,0.2,4
260,0.0019469473045319319,0.0069539230316877365,0.0033377320505678654,1.0,0.8076923076923077,0.8731707317073171,1.0,0.7888888888888889,0.8683955585364037,1.0,0.808237986270023,0.8725024194168908,S7_train_I_D1_3_val_D4_5,three_class_with_air,Deep CORAL-UDA,0.2,4
270,0.0004170962201897055,0.01096909586340189,0.0026109155733138323,1.0,0.8076923076923077,0.8536585365853658,1.0,0.8333333333333334,0.8508085550339071,1.0,0.8157136980666392,0.8550135677599459,S7_train_I_D1_3_val_D4_5,three_class_with_air,Deep CORAL-UDA,0.2,4
280,0.0006939194863662124,0.005868264473974705,0.001867572427727282,1.0,0.8461538461538461,0.8634146341463415,1.0,0.8666666666666666,0.8601982263954095,1.0,0.8526658526658526,0.8635979383666516,S7_train_I_D1_3_val_D4_5,three_class_with_air,Deep CORAL-UDA,0.2,4
290,0.0004485133395064622,0.004136902280151844,0.0012758937664330006,1.0,0.8461538461538461,0.8682926829268293,1.0,0.8444444444444444,0.8648930620761606,1.0,0.8441938178780285,0.8688652694691567,S7_train_I_D1_3_val_D4_5,three_class_with_air,Deep CORAL-UDA,0.2,4
300,0.000441640499047935,0.005342430435121059,0.0015101266326382756,1.0,0.8846153846153846,0.8682926829268293,1.0,0.9,0.8648930620761606,1.0,0.8883940620782727,0.868162216835665,S7_train_I_D1_3_val_D4_5,three_class_with_air,Deep CORAL-UDA,0.2,4
310,0.0006001630681566894,0.0016529863933101296,0.0009307603468187153,1.0,0.7692307692307693,0.848780487804878,1.0,0.7777777777777778,0.8461137193531559,1.0,0.7739414606422278,0.8490406879554019,S7_train_I_D1_3_val_D4_5,three_class_with_air,Deep CORAL-UDA,0.2,4
320,0.0012077514547854662,0.003158820793032646,0.0018395156366750598,1.0,0.8076923076923077,0.8536585365853658,1.0,0.8111111111111112,0.8508085550339071,1.0,0.8097643097643097,0.8544003600609335,S7_train_I_D1_3_val_D4_5,three_class_with_air,Deep CORAL-UDA,0.2,4
330,0.0003280383243691176,0.0028656867798417807,0.0009011756628751755,1.0,0.8076923076923077,0.8682926829268293,1.0,0.8333333333333334,0.8660854012966689,1.0,0.8157136980666392,0.8688644688644689,S7_train_I_D1_3_val_D4_5,three_class_with_air,Deep CORAL-UDA,0.2,4
340,0.0003829949419014156,0.003928393125534058,0.001168673625215888,1.0,0.8461538461538461,0.8731707317073171,1.0,0.8666666666666666,0.8707802369774201,1.0,0.8526658526658526,0.8741043318608335,S7_train_I_D1_3_val_D4_5,three_class_with_air,Deep CORAL-UDA,0.2,4
350,0.0003526411310303956,0.003729339921846986,0.0010985091794282198,1.0,0.8461538461538461,0.8731707317073171,1.0,0.8666666666666666,0.8707802369774201,1.0,0.8526658526658526,0.8736373342776357,S7_train_I_D1_3_val_D4_5,three_class_with_air,Deep CORAL-UDA,0.2,4
360,0.00019681421690620482,0.0042790877632796764,0.001052631763741374,1.0,0.8076923076923077,0.8536585365853658,1.0,0.8111111111111112,0.8508085550339071,1.0,0.8097643097643097,0.8559941520467836,S7_train_I_D1_3_val_D4_5,three_class_with_air,Deep CORAL-UDA,0.2,4
370,0.0012076697312295437,0.0015721444506198168,0.0015220986679196358,1.0,0.8846153846153846,0.8682926829268293,1.0,0.9,0.8672777405171771,1.0,0.8822055137844611,0.867722266555201,S7_train_I_D1_3_val_D4_5,three_class_with_air,Deep CORAL-UDA,0.2,4
380,0.0008241205359809101,0.003058494534343481,0.001435819431208074,1.0,0.8076923076923077,0.8439024390243902,1.0,0.8111111111111112,0.8420150532826588,1.0,0.8097643097643097,0.8453447293447293,S7_train_I_D1_3_val_D4_5,three_class_with_air,Deep CORAL-UDA,0.2,4
390,0.00032877695048227906,0.002056037774309516,0.0007399845053441823,1.0,0.8076923076923077,0.8585365853658536,1.0,0.8111111111111112,0.8560995603249123,1.0,0.8097643097643097,0.860147486497715,S7_train_I_D1_3_val_D4_5,three_class_with_air,Deep CORAL-UDA,0.2,4
400,0.00015791101031936705,0.0018379613757133484,0.000525503302924335,1.0,0.8461538461538461,0.8731707317073171,1.0,0.8666666666666666,0.8701840673671658,1.0,0.8526658526658526,0.8739093432724466,S7_train_I_D1_3_val_D4_5,three_class_with_air,Deep CORAL-UDA,0.2,4
