family,feature_set,split,method,method_family,representation,head,seeds,train_accuracy,train_accuracy_min,train_accuracy_max,train_accuracy_std,test_accuracy,test_accuracy_min,test_accuracy_max,test_accuracy_std,test_balanced_accuracy,test_balanced_accuracy_min,test_balanced_accuracy_max,test_balanced_accuracy_std,test_macro_f1,test_macro_f1_min,test_macro_f1_max,test_macro_f1_std
classical-ml,54D,S1_train_I_test_all,logistic-regression,classical-ml,raw,logistic-regression,-1,1.0,1.0,1.0,,0.8205128205128205,0.8205128205128205,0.8205128205128205,,0.820216049382716,0.820216049382716,0.820216049382716,,0.8267239643133975,0.8267239643133975,0.8267239643133975,
classical-ml,54D,S1_train_I_test_all,mlp,classical-ml,raw,mlp,"0,1,2,3,4",1.0,1.0,1.0,0.0,0.7575091575091576,0.7289377289377289,0.7985347985347986,0.03583383765976735,0.761522633744856,0.7334104938271605,0.8019547325102879,0.0348187292433302,0.7605783064535241,0.7253392916252897,0.7993324989570295,0.03590435312948741
domain-adaptation,54D,S1_train_I_test_all,source-only,opensource-core,bottleneck16,linear,"0,1,2,3,4",1.0,1.0,1.0,0.0,0.7516483516483516,0.717948717948718,0.7728937728937729,0.022490961806606216,0.756224279835391,0.7242798353909464,0.7763631687242798,0.021140387294800785,0.7421836063969431,0.68892103928322,0.7685460156875347,0.033486188951281935
domain-adaptation,54D,S1_train_I_test_all,dann,opensource-core,bottleneck16,linear,"0,1,2,3,4",1.0,1.0,1.0,0.0,0.8864468864468865,0.8681318681318682,0.9047619047619048,0.01370570471345765,0.8831018518518517,0.8653549382716049,0.9007201646090536,0.013167305073184577,0.8872973903372398,0.8702065088754694,0.9057052411196316,0.013279359204590268
domain-adaptation,54D,S1_train_I_test_all,deep-coral,opensource-core,bottleneck16,linear,"0,1,2,3,4",1.0,1.0,1.0,0.0,0.9076923076923077,0.8864468864468864,0.9304029304029304,0.01801959542307523,0.904269547325103,0.8833590534979424,0.926954732510288,0.017905234419628234,0.9084712966957355,0.8877849652963915,0.9298508863269692,0.017288895557481403
domain-adaptation,54D,S1_train_I_test_all,mk-mmd,opensource-core,bottleneck16,linear,"0,1,2,3,4",1.0,1.0,1.0,0.0,0.8981684981684982,0.8717948717948718,0.9267399267399268,0.020129863244006,0.8944701646090536,0.8656121399176954,0.9221965020576132,0.020509029279572988,0.8977296896996168,0.8712571006383004,0.9251996296069894,0.019634181609616774
domain-adaptation,54D,S1_train_I_test_all,cdan,opensource-core,bottleneck16,linear,"0,1,2,3,4",0.9933333333333334,0.9666666666666668,1.0,0.014907119849998545,0.8893772893772894,0.8534798534798534,0.9413919413919414,0.03361192599840136,0.8867798353909466,0.851466049382716,0.9405864197530864,0.03579617250014137,0.8906566079819396,0.8587057153707894,0.9419517279485632,0.03337443562859452
domain-adaptation,54D,S1_train_I_test_all,source-only,opensource-core,bottleneck16,mlp,"0,1,2,3,4",1.0,1.0,1.0,0.0,0.7208791208791208,0.6593406593406593,0.7765567765567766,0.055757124701788584,0.7265432098765432,0.6648662551440329,0.7830504115226337,0.054233164256658264,0.7035998247682426,0.6227186796699175,0.7769194603645538,0.07285855658726331
domain-adaptation,54D,S1_train_I_test_all,dann,opensource-core,bottleneck16,mlp,"0,1,2,3,4",1.0,1.0,1.0,0.0,0.8454212454212454,0.8131868131868132,0.8791208791208791,0.028655834748143514,0.8424125514403291,0.8113425925925926,0.8744855967078188,0.028488435018067516,0.8470574056487804,0.8156345326913889,0.8763957873038399,0.027113383505008623
domain-adaptation,54D,S1_train_I_test_all,deep-coral,opensource-core,bottleneck16,mlp,"0,1,2,3,4",1.0,1.0,1.0,0.0,0.8637362637362637,0.8205128205128205,0.9047619047619048,0.037391355766080145,0.8629886831275719,0.816358024691358,0.9039351851851852,0.03886390491659175,0.8664130074747021,0.8225787013603437,0.9066758395760076,0.0370503786506512
domain-adaptation,54D,S1_train_I_test_all,mk-mmd,opensource-core,bottleneck16,mlp,"0,1,2,3,4",1.0,1.0,1.0,0.0,0.8725274725274726,0.8131868131868132,0.912087912087912,0.03639116251141327,0.8678497942386831,0.8016975308641975,0.911522633744856,0.04040098781206708,0.8722818354469665,0.80731574483282,0.9135012081214612,0.03936564360389571
domain-adaptation,54D,S1_train_I_test_all,cdan,opensource-core,bottleneck16,mlp,"0,1,2,3,4",0.9933333333333334,0.9666666666666668,1.0,0.014907119849998545,0.8534798534798534,0.7948717948717948,0.9084249084249084,0.0427960492510913,0.8508230452674898,0.7894804526748972,0.9016203703703703,0.04232334950934675,0.8555402966963728,0.7982707215265356,0.905438879026833,0.04070054332421527
classical-ml,54D,S2_train_I_internal_val_test_all,logistic-regression,classical-ml,raw,logistic-regression,-1,1.0,1.0,1.0,,0.8168498168498168,0.8168498168498168,0.8168498168498168,,0.8167438271604938,0.8167438271604938,0.8167438271604938,,0.8231666880588714,0.8231666880588714,0.8231666880588714,
classical-ml,54D,S2_train_I_internal_val_test_all,mlp,classical-ml,raw,mlp,"0,1,2,3,4",1.0,1.0,1.0,0.0,0.7575091575091576,0.7289377289377289,0.7985347985347986,0.03583383765976735,0.761522633744856,0.7334104938271605,0.8019547325102879,0.0348187292433302,0.7605783064535241,0.7253392916252897,0.7993324989570295,0.03590435312948741
domain-adaptation,54D,S2_train_I_internal_val_test_all,source-only,opensource-core,bottleneck16,linear,"0,1,2,3,4",1.0,1.0,1.0,0.0,0.8021978021978022,0.7692307692307693,0.8424908424908425,0.026159078492830938,0.803883744855967,0.7716049382716049,0.8436213991769548,0.025707783799986034,0.8010005245764417,0.7677456411843044,0.8448612122430236,0.02794668249798607
domain-adaptation,54D,S2_train_I_internal_val_test_all,dann,opensource-core,bottleneck16,linear,"0,1,2,3,4",0.9866666666666667,0.9333333333333332,1.0,0.02981423969999724,0.8578754578754578,0.8168498168498168,0.8974358974358975,0.035833837659767345,0.8551183127572017,0.8103137860082303,0.8963477366255144,0.03771629967290371,0.8584426956635204,0.8136520234537855,0.8996249761820246,0.03807433688974317
domain-adaptation,54D,S2_train_I_internal_val_test_all,deep-coral,opensource-core,bottleneck16,linear,"0,1,2,3,4",1.0,1.0,1.0,0.0,0.8747252747252746,0.8205128205128205,0.912087912087912,0.03620634078579212,0.8723765432098766,0.8208590534979424,0.9083076131687244,0.03434431792147734,0.8743757653880561,0.8173107493173778,0.912013448855554,0.037526082476906975
domain-adaptation,54D,S2_train_I_internal_val_test_all,mk-mmd,opensource-core,bottleneck16,linear,"0,1,2,3,4",1.0,1.0,1.0,0.0,0.8937728937728938,0.8608058608058609,0.9157509157509156,0.021515274953243044,0.8910751028806583,0.8558384773662552,0.9143518518518516,0.02312151960615607,0.894633996943211,0.8605839235031488,0.9156811281983854,0.02153298129949086
domain-adaptation,54D,S2_train_I_internal_val_test_all,cdan,opensource-core,bottleneck16,linear,"0,1,2,3,4",0.9933333333333334,0.9666666666666668,1.0,0.014907119849998545,0.8864468864468865,0.8681318681318682,0.9084249084249084,0.014652014652014642,0.8822016460905349,0.8582818930041153,0.904835390946502,0.016859219665050915,0.8864064897110083,0.863645990986505,0.9072720535578864,0.01594585043895006
domain-adaptation,54D,S2_train_I_internal_val_test_all,source-only,opensource-core,bottleneck16,mlp,"0,1,2,3,4",0.9333333333333332,0.7666666666666667,1.0,0.10274023338281627,0.7377289377289377,0.6483516483516484,0.8571428571428571,0.08600651477611312,0.7422582304526748,0.6628086419753086,0.8549382716049383,0.08081819451692608,0.7251843733654512,0.5995801398567077,0.8553520418796818,0.098434924932628
domain-adaptation,54D,S2_train_I_internal_val_test_all,dann,opensource-core,bottleneck16,mlp,"0,1,2,3,4",1.0,1.0,1.0,0.0,0.8615384615384615,0.7985347985347986,0.9010989010989012,0.04267045529208342,0.8593621399176955,0.7993827160493828,0.8972479423868314,0.04121617256479901,0.8639603764205,0.8045297633549865,0.9009954151428866,0.04064138180072861
domain-adaptation,54D,S2_train_I_internal_val_test_all,deep-coral,opensource-core,bottleneck16,mlp,"0,1,2,3,4",0.9866666666666667,0.9333333333333332,1.0,0.02981423969999724,0.7963369963369964,0.7032967032967034,0.8571428571428571,0.06149047492378984,0.7998713991769548,0.7136059670781894,0.8607253086419754,0.05799379556351167,0.7933268944381416,0.6878369152562701,0.8597185816222513,0.06789212318960354
domain-adaptation,54D,S2_train_I_internal_val_test_all,mk-mmd,opensource-core,bottleneck16,mlp,"0,1,2,3,4",0.9666666666666668,0.8333333333333334,1.0,0.07453559924999298,0.841025641025641,0.6959706959706959,0.9084249084249084,0.08467007413918888,0.8345164609053498,0.6667952674897119,0.9093364197530864,0.09692503350756372,0.8280097605497312,0.6217943592334657,0.9099746481690194,0.11758305004402744
domain-adaptation,54D,S2_train_I_internal_val_test_all,cdan,opensource-core,bottleneck16,mlp,"0,1,2,3,4",0.9800000000000001,0.9333333333333332,1.0,0.02981423969999722,0.8212454212454213,0.7838827838827839,0.8498168498168498,0.030690637458832836,0.8220679012345679,0.7848508230452674,0.8512088477366255,0.030673870900732734,0.8232511942445647,0.790296308967195,0.8535289807577696,0.03124248680537
classical-ml,54D,S3_train_I_internal_20_10_test_all,logistic-regression,classical-ml,raw,logistic-regression,-1,0.8666666666666667,0.8666666666666667,0.8666666666666667,,0.8461538461538461,0.8461538461538461,0.8461538461538461,,0.8458076131687243,0.8458076131687243,0.8458076131687243,,0.8494322444247425,0.8494322444247425,0.8494322444247425,
classical-ml,54D,S3_train_I_internal_20_10_test_all,mlp,classical-ml,raw,mlp,"0,1,2,3,4",1.0,1.0,1.0,0.0,0.7575091575091576,0.7289377289377289,0.7985347985347986,0.03583383765976735,0.761522633744856,0.7334104938271605,0.8019547325102879,0.0348187292433302,0.7605783064535241,0.7253392916252897,0.7993324989570295,0.03590435312948741
domain-adaptation,54D,S3_train_I_internal_20_10_test_all,source-only,opensource-core,bottleneck16,linear,"0,1,2,3,4",1.0,1.0,1.0,0.0,0.789010989010989,0.7106227106227107,0.8351648351648352,0.04716606183976519,0.792283950617284,0.7173353909465021,0.8386059670781892,0.04560448834637422,0.7825692826446321,0.6863074249824783,0.8328389392900603,0.056207286485532276
domain-adaptation,54D,S3_train_I_internal_20_10_test_all,dann,opensource-core,bottleneck16,linear,"0,1,2,3,4",0.9933333333333334,0.9666666666666668,1.0,0.014907119849998545,0.8527472527472526,0.7802197802197802,0.9047619047619048,0.0532963886047379,0.8502572016460904,0.7852366255144032,0.9000771604938271,0.051239851753954964,0.8514855297016565,0.7723620295048866,0.9050205134712178,0.05631044873797278
domain-adaptation,54D,S3_train_I_internal_20_10_test_all,deep-coral,opensource-core,bottleneck16,linear,"0,1,2,3,4",1.0,1.0,1.0,0.0,0.8622710622710622,0.8388278388278388,0.8827838827838828,0.016905466313867138,0.8599279835390945,0.8350051440329218,0.8805298353909464,0.017197541450143784,0.863370939139107,0.8400414372498122,0.8836493143260847,0.01673753067524231
domain-adaptation,54D,S3_train_I_internal_20_10_test_all,mk-mmd,opensource-core,bottleneck16,linear,"0,1,2,3,4",0.9933333333333334,0.9666666666666668,1.0,0.014907119849998545,0.8923076923076924,0.8754578754578755,0.912087912087912,0.01432791737407174,0.8889146090534981,0.871656378600823,0.9083076131687244,0.014313855091838065,0.8932194751330407,0.8783851302011109,0.912283654635154,0.013658039133745149
domain-adaptation,54D,S3_train_I_internal_20_10_test_all,cdan,opensource-core,bottleneck16,linear,"0,1,2,3,4",1.0,1.0,1.0,0.0,0.8644688644688646,0.8351648351648352,0.8937728937728938,0.027533509850499818,0.862011316872428,0.8347479423868314,0.8909465020576132,0.027039374309798993,0.8677456222122247,0.8408652336585893,0.895734989648033,0.025845350127516698
domain-adaptation,54D,S3_train_I_internal_20_10_test_all,source-only,opensource-core,bottleneck16,mlp,"0,1,2,3,4",1.0,1.0,1.0,0.0,0.7912087912087912,0.7655677655677655,0.8131868131868132,0.01794497980060939,0.7935956790123457,0.7700617283950617,0.8184156378600823,0.01842899600583627,0.7897814083733703,0.7556081198617445,0.8089337660166703,0.02138970061541704
domain-adaptation,54D,S3_train_I_internal_20_10_test_all,dann,opensource-core,bottleneck16,mlp,"0,1,2,3,4",1.0,1.0,1.0,0.0,0.8161172161172161,0.7692307692307693,0.8937728937728938,0.046723044018808335,0.8141203703703702,0.7613168724279835,0.8915895061728395,0.048192856021721985,0.8180790580692445,0.771747367600791,0.8940417438527355,0.046138719412449195
domain-adaptation,54D,S3_train_I_internal_20_10_test_all,deep-coral,opensource-core,bottleneck16,mlp,"0,1,2,3,4",1.0,1.0,1.0,0.0,0.8593406593406593,0.8168498168498168,0.8974358974358975,0.035570764502007975,0.8580504115226338,0.8180298353909464,0.8918467078189302,0.03284881411099249,0.8593144309723495,0.8199470070159726,0.8980696546998973,0.03568802738549255
domain-adaptation,54D,S3_train_I_internal_20_10_test_all,mk-mmd,opensource-core,bottleneck16,mlp,"0,1,2,3,4",1.0,1.0,1.0,0.0,0.8893772893772894,0.8644688644688645,0.9084249084249084,0.016258125290235993,0.889351851851852,0.8683127572016461,0.9080504115226335,0.014447602788170253,0.8906097203108944,0.8669314863044812,0.9101488637691024,0.01606196992148221
domain-adaptation,54D,S3_train_I_internal_20_10_test_all,cdan,opensource-core,bottleneck16,mlp,"0,1,2,3,4",1.0,1.0,1.0,0.0,0.871062271062271,0.8534798534798534,0.8827838827838828,0.013308353204824128,0.8703189300411521,0.8501800411522634,0.8850308641975309,0.014519539798403534,0.8739855481320706,0.8562312312312312,0.8859863945578231,0.01290353916113936
classical-ml,54D,S4_train_I_val_D1_2,logistic-regression,classical-ml,raw,logistic-regression,-1,1.0,1.0,1.0,,0.9183673469387756,0.9183673469387756,0.9183673469387756,,0.9197196559413826,0.9197196559413826,0.9197196559413826,,0.9217000722282412,0.9217000722282412,0.9217000722282412,
classical-ml,54D,S4_train_I_val_D1_2,mlp,classical-ml,raw,mlp,"0,1,2,3,4",1.0,1.0,1.0,0.0,0.8228571428571427,0.7918367346938775,0.8408163265306122,0.020530247085647848,0.8277795476266328,0.7981841350748646,0.8453860040352553,0.019483742670046263,0.8185067301041491,0.7851535328076893,0.8396490902072644,0.023079887444244683
domain-adaptation,54D,S4_train_I_val_D1_2,source-only,opensource-core,bottleneck16,linear,"0,1,2,3,4",0.9896551724137932,0.9482758620689656,1.0,0.023131737698273633,0.9044897959183673,0.889795918367347,0.9142857142857144,0.008942409102125176,0.9055750238929596,0.8932781140490601,0.9144632048423066,0.007649949289420916,0.9070942267382247,0.8889736252640116,0.9175977219045104,0.010704580566322286
domain-adaptation,54D,S4_train_I_val_D1_2,dann,opensource-core,bottleneck16,linear,"0,1,2,3,4",1.0,1.0,1.0,0.0,0.9281632653061225,0.9061224489795918,0.946938775510204,0.018615108981210347,0.9272273547839017,0.9046405436975684,0.9468514388871192,0.018468202769180837,0.9294647210087505,0.9085088583638932,0.9480068401721868,0.018027507431594945
domain-adaptation,54D,S4_train_I_val_D1_2,deep-coral,opensource-core,bottleneck16,linear,"0,1,2,3,4",1.0,1.0,1.0,0.0,0.9224489795918368,0.8938775510204081,0.9387755102040816,0.01707469441906278,0.9218009981947543,0.89232239566741,0.9377190187957948,0.01745982851041925,0.9248242615537183,0.8967456927357139,0.9404278094864136,0.016659348197768806
domain-adaptation,54D,S4_train_I_val_D1_2,mk-mmd,opensource-core,bottleneck16,linear,"0,1,2,3,4",0.9896551724137932,0.9482758620689656,1.0,0.023131737698273633,0.9199999999999999,0.8816326530612245,0.9346938775510204,0.021904339371426513,0.9198895614314537,0.882765211850908,0.9345332908569608,0.021173889878720903,0.9218764035237663,0.8842332344582963,0.9355430309536588,0.021407027556570698
domain-adaptation,54D,S4_train_I_val_D1_2,cdan,opensource-core,bottleneck16,linear,"0,1,2,3,4",1.0,1.0,1.0,0.0,0.9134693877551021,0.8938775510204081,0.9346938775510204,0.014545738515269774,0.912169480726346,0.89232239566741,0.9317723266433046,0.014075376612388436,0.9155058513266807,0.8967467911111617,0.9354562987673504,0.013728948188903186
domain-adaptation,54D,S4_train_I_val_D1_2,source-only,opensource-core,bottleneck16,mlp,"0,1,2,3,4",0.9965517241379309,0.9827586206896552,1.0,0.007710579232757861,0.8783673469387756,0.8693877551020408,0.8938775510204081,0.010163183345296912,0.8817351598173515,0.8732080280344059,0.8957736009344801,0.008936347015044015,0.8813556499783427,0.8710899798947501,0.8982103479689748,0.011015372383683743
domain-adaptation,54D,S4_train_I_val_D1_2,dann,opensource-core,bottleneck16,mlp,"0,1,2,3,4",0.9965517241379309,0.9827586206896552,1.0,0.007710579232757861,0.8914285714285715,0.8163265306122449,0.9428571428571428,0.048689617823499266,0.8928958266964001,0.8221301900817669,0.9409047467346288,0.04558367716967684,0.8931788361899367,0.8191966614501826,0.9427501322649589,0.04801328652401219
domain-adaptation,54D,S4_train_I_val_D1_2,deep-coral,opensource-core,bottleneck16,mlp,"0,1,2,3,4",1.0,1.0,1.0,0.0,0.9159183673469389,0.889795918367347,0.9346938775510204,0.01697684436170238,0.9165657852819369,0.891897631942232,0.9338430498035468,0.01581351979101754,0.9185426651874746,0.8934521918478288,0.9355331351843832,0.01596792199777549
domain-adaptation,54D,S4_train_I_val_D1_2,mk-mmd,opensource-core,bottleneck16,mlp,"0,1,2,3,4",1.0,1.0,1.0,0.0,0.9110204081632652,0.8857142857142857,0.9346938775510204,0.01944674163195365,0.9101199957523628,0.8859509397897419,0.9345332908569608,0.019672153052773228,0.9131132579345718,0.8878344383116411,0.9370109463797224,0.019489864142026612
domain-adaptation,54D,S4_train_I_val_D1_2,cdan,opensource-core,bottleneck16,mlp,"0,1,2,3,4",1.0,1.0,1.0,0.0,0.899591836734694,0.8571428571428571,0.926530612244898,0.02558763758148162,0.9003716682595307,0.8615801210576617,0.9254008707656366,0.02343981702994138,0.9022434965417281,0.8610118840280295,0.9288036481140112,0.02496271477288492
classical-ml,54D,S5_train_I_D1_val_D2_3,logistic-regression,classical-ml,raw,logistic-regression,-1,1.0,1.0,1.0,,0.9307359307359307,0.9307359307359307,0.9307359307359307,,0.9320093039899804,0.9320093039899804,0.9320093039899804,,0.9332263814616756,0.9332263814616756,0.9332263814616756,
classical-ml,54D,S5_train_I_D1_val_D2_3,mlp,classical-ml,raw,mlp,"0,1,2,3,4",1.0,1.0,1.0,0.0,0.8796536796536797,0.8658008658008658,0.8874458874458875,0.008871818844986685,0.8821613884415817,0.8688495258543568,0.8908570406154946,0.008794200822423524,0.8799244348938993,0.8659391924399591,0.8873456764165474,0.008661835218516593
domain-adaptation,54D,S5_train_I_D1_val_D2_3,source-only,opensource-core,bottleneck16,linear,"0,1,2,3,4",0.9972222222222221,0.9861111111111112,1.0,0.006211299937499394,0.922077922077922,0.9134199134199136,0.935064935064935,0.010152415064552806,0.9227768831633565,0.914117015566291,0.9354088387904812,0.010131365141097706,0.924842123547783,0.9155502164424836,0.937513181060152,0.01004354008602813
domain-adaptation,54D,S5_train_I_D1_val_D2_3,dann,opensource-core,bottleneck16,linear,"0,1,2,3,4",0.9916666666666668,0.9583333333333334,1.0,0.01863389981249823,0.9290043290043289,0.9134199134199136,0.9393939393939394,0.009966116392399381,0.9275004473072105,0.9112542494185004,0.93952406512793,0.010243549984034461,0.9302996349393924,0.9158315887100732,0.941584806227112,0.009326137521525845
domain-adaptation,54D,S5_train_I_D1_val_D2_3,deep-coral,opensource-core,bottleneck16,linear,"0,1,2,3,4",0.9916666666666668,0.9583333333333334,1.0,0.01863389981249823,0.9376623376623376,0.922077922077922,0.9567099567099568,0.014226559935199164,0.9378779745929504,0.9230631597781356,0.9552692789407766,0.012997734671220871,0.9395417484478095,0.9245281439631722,0.957378648248442,0.01341319561851758
domain-adaptation,54D,S5_train_I_D1_val_D2_3,mk-mmd,opensource-core,bottleneck16,linear,"0,1,2,3,4",0.9833333333333334,0.9583333333333334,1.0,0.0228217732293819,0.9324675324675324,0.9177489177489178,0.961038961038961,0.016654012174607227,0.9326534263732331,0.918947933440687,0.9586688137412774,0.015227167914035363,0.9342976584870162,0.9207616656204226,0.9610153170232612,0.015603310511731359
domain-adaptation,54D,S5_train_I_D1_val_D2_3,cdan,opensource-core,bottleneck16,linear,"0,1,2,3,4",1.0,1.0,1.0,0.0,0.9272727272727274,0.9090909090909092,0.9567099567099568,0.019932232784798866,0.9264269100017893,0.9078547146179996,0.9574163535516192,0.020527999590394384,0.9291944433846254,0.9113646278602549,0.957840852961867,0.019256546775441245
domain-adaptation,54D,S5_train_I_D1_val_D2_3,source-only,opensource-core,bottleneck16,mlp,"0,1,2,3,4",0.9916666666666668,0.9722222222222222,1.0,0.01242259987499883,0.90995670995671,0.8961038961038961,0.9264069264069263,0.012396381872966522,0.9125424941850063,0.900518876364287,0.9264626945786366,0.010512690155916174,0.9126282141909403,0.898400772185977,0.9291446493328293,0.01282152549716739
domain-adaptation,54D,S5_train_I_D1_val_D2_3,dann,opensource-core,bottleneck16,mlp,"0,1,2,3,4",0.9972222222222221,0.9861111111111112,1.0,0.006211299937499394,0.9203463203463202,0.8787878787878788,0.948051948051948,0.02535333413739622,0.9208445160135982,0.8776167471819646,0.9484702093397748,0.026137626672814458,0.9229403706701536,0.8820333677476535,0.9499549005731096,0.024910343288397672
domain-adaptation,54D,S5_train_I_D1_val_D2_3,deep-coral,opensource-core,bottleneck16,mlp,"0,1,2,3,4",0.9916666666666668,0.9583333333333334,1.0,0.01863389981249823,0.9341991341991343,0.9264069264069263,0.9437229437229436,0.007113279967599552,0.9345857935229915,0.9278940776525316,0.9429235999284308,0.006351888391191167,0.9363975396704018,0.9294664155681104,0.945390749601276,0.006367448649313441
domain-adaptation,54D,S5_train_I_D1_val_D2_3,mk-mmd,opensource-core,bottleneck16,mlp,"0,1,2,3,4",0.9888888888888889,0.9444444444444444,1.0,0.024845199749997673,0.9316017316017315,0.9134199134199136,0.948051948051948,0.012768728314937281,0.9306852746466273,0.9126856324923956,0.947754517802827,0.012932424281727506,0.9328301932251352,0.9157244138518936,0.9497452281806374,0.012434919799296104
domain-adaptation,54D,S5_train_I_D1_val_D2_3,cdan,opensource-core,bottleneck16,mlp,"0,1,2,3,4",1.0,1.0,1.0,0.0,0.9281385281385284,0.9090909090909092,0.9523809523809524,0.018005744019987356,0.9279656468062265,0.9114331723027376,0.9504383610663804,0.01668046913053602,0.9300533557031747,0.9110450361411472,0.9530381685861972,0.017191643104768742
classical-ml,54D,S6_train_I_D1_2_val_D3_5,logistic-regression,classical-ml,raw,logistic-regression,-1,0.9693877551020408,0.9693877551020408,0.9693877551020408,,0.9707317073170731,0.9707317073170731,0.9707317073170731,,0.9712348163052388,0.9712348163052388,0.9712348163052388,,0.971348528823216,0.971348528823216,0.971348528823216,
classical-ml,54D,S6_train_I_D1_2_val_D3_5,mlp,classical-ml,raw,mlp,"0,1,2,3,4",1.0,1.0,1.0,0.0,0.9453658536585365,0.926829268292683,0.9560975609756096,0.011123662683893976,0.9436023548699606,0.9242119382964454,0.9541694612117148,0.011535439059054634,0.9451734546275314,0.926524803469775,0.9557353127775664,0.011122357428758911
domain-adaptation,54D,S6_train_I_D1_2_val_D3_5,source-only,opensource-core,bottleneck16,linear,"0,1,2,3,4",1.0,1.0,1.0,0.0,0.9648780487804878,0.951219512195122,0.9707317073170731,0.008015452061051165,0.9648856099560325,0.9506669647514716,0.9712348163052388,0.008428048061699321,0.9658180897923059,0.9524353313370214,0.9716543696981652,0.007885369689650206
domain-adaptation,54D,S6_train_I_D1_2_val_D3_5,dann,opensource-core,bottleneck16,linear,"0,1,2,3,4",0.9938775510204081,0.9693877551020408,1.0,0.013690212107141584,0.953170731707317,0.9414634146341464,0.9658536585365852,0.01224380526635222,0.9531410686340264,0.9412772933899696,0.9665399806244878,0.01227151733790851,0.9537636353457957,0.9417791806404944,0.9662466876892188,0.011798650390574211
domain-adaptation,54D,S6_train_I_D1_2_val_D3_5,deep-coral,opensource-core,bottleneck16,linear,"0,1,2,3,4",0.9938775510204081,0.9693877551020408,1.0,0.013690212107141584,0.9648780487804878,0.9609756097560976,0.9707317073170731,0.005343634707367418,0.9644086742678292,0.9606528057232282,0.9700424770847306,0.005142934812255094,0.9653001317646664,0.9612739158968148,0.970955647784916,0.005090318527989551
domain-adaptation,54D,S6_train_I_D1_2_val_D3_5,mk-mmd,opensource-core,bottleneck16,linear,"0,1,2,3,4",0.9938775510204081,0.9693877551020408,1.0,0.013690212107141584,0.9551219512195122,0.9365853658536586,0.9658536585365852,0.011123662683893976,0.9541843654519712,0.9365824577092182,0.9647514717937252,0.010684687573802976,0.955305750156619,0.9373661848133116,0.9662168383897788,0.010871613804340145
domain-adaptation,54D,S6_train_I_D1_2_val_D3_5,cdan,opensource-core,bottleneck16,linear,"0,1,2,3,4",0.9918367346938777,0.9591836734693876,1.0,0.0182536161428555,0.9570731707317073,0.946341463414634,0.975609756097561,0.011123662683894057,0.9570161711006782,0.9453759594604664,0.97592965198599,0.011500724469603497,0.9575020109804478,0.9468915815316384,0.9763152709359608,0.011229478149388317
domain-adaptation,54D,S6_train_I_D1_2_val_D3_5,source-only,opensource-core,bottleneck16,mlp,"0,1,2,3,4",1.0,1.0,1.0,0.0,0.9600000000000002,0.9414634146341464,0.975609756097561,0.012146243510232885,0.9605484760414338,0.9412772933899696,0.97592965198599,0.012386625260320791,0.9608288529886811,0.9425594606549884,0.9763336291038156,0.012009832546425068
domain-adaptation,54D,S6_train_I_D1_2_val_D3_5,dann,opensource-core,bottleneck16,mlp,"0,1,2,3,4",0.9877551020408163,0.9693877551020408,1.0,0.016767017066484695,0.9580487804878048,0.951219512195122,0.975609756097561,0.0101153372455257,0.9572397347045234,0.9494746255309636,0.9747373127654818,0.010295448507353049,0.9581022855367752,0.951313043171264,0.9757701454565564,0.010127968954263657
domain-adaptation,54D,S6_train_I_D1_2_val_D3_5,deep-coral,opensource-core,bottleneck16,mlp,"0,1,2,3,4",1.0,1.0,1.0,0.0,0.9551219512195119,0.9414634146341464,0.9658536585365852,0.008726118936584466,0.9548997689842761,0.9412772933899696,0.9653476414039792,0.008663454234307276,0.9557901342000215,0.9423044564182498,0.966548127693124,0.008661720928460036
domain-adaptation,54D,S6_train_I_D1_2_val_D3_5,mk-mmd,opensource-core,bottleneck16,mlp,"0,1,2,3,4",0.9959183673469388,0.979591836734694,1.0,0.009126808071427673,0.9551219512195122,0.951219512195122,0.9609756097560976,0.004081268422117419,0.9546613011401744,0.9506669647514716,0.9606528057232282,0.004033999960762391,0.9556306290021661,0.9516340981498812,0.961458662121499,0.004094280063284335
domain-adaptation,54D,S6_train_I_D1_2_val_D3_5,cdan,opensource-core,bottleneck16,mlp,"0,1,2,3,4",0.9938775510204081,0.9693877551020408,1.0,0.013690212107141584,0.953170731707317,0.9414634146341464,0.9658536585365852,0.01174789715004122,0.9530218347119757,0.9412772933899696,0.9665399806244878,0.012481756196996534,0.9536679207565522,0.9420054200542004,0.966967563837129,0.011771149814113781
classical-ml,54D,S7_train_I_D1_3_val_D4_5,logistic-regression,classical-ml,raw,logistic-regression,-1,0.9693877551020408,0.9693877551020408,0.9693877551020408,,0.9707317073170731,0.9707317073170731,0.9707317073170731,,0.9712348163052388,0.9712348163052388,0.9712348163052388,,0.971348528823216,0.971348528823216,0.971348528823216,
classical-ml,54D,S7_train_I_D1_3_val_D4_5,mlp,classical-ml,raw,mlp,"0,1,2,3,4",1.0,1.0,1.0,0.0,0.9453658536585365,0.926829268292683,0.9560975609756096,0.011123662683893976,0.9436023548699606,0.9242119382964454,0.9541694612117148,0.011535439059054634,0.9451734546275314,0.926524803469775,0.9557353127775664,0.011122357428758911
domain-adaptation,54D,S7_train_I_D1_3_val_D4_5,source-only,opensource-core,bottleneck16,linear,"0,1,2,3,4",1.0,1.0,1.0,0.0,0.9717073170731707,0.9658536585365852,0.975609756097561,0.004081268422117486,0.972173783441389,0.9665399806244878,0.97592965198599,0.003927981345230379,0.9725886986654168,0.9669674957231216,0.9763336291038156,0.00391768017241872
domain-adaptation,54D,S7_train_I_D1_3_val_D4_5,dann,opensource-core,bottleneck16,linear,"0,1,2,3,4",1.0,1.0,1.0,0.0,0.9619512195121951,0.951219512195122,0.9804878048780488,0.011123662683894022,0.9613533050152767,0.9500707951412176,0.9806244876667412,0.011651741925972289,0.9624857787977484,0.951560225330717,0.9809818754925138,0.011142003273218069
domain-adaptation,54D,S7_train_I_D1_3_val_D4_5,deep-coral,opensource-core,bottleneck16,linear,"0,1,2,3,4",1.0,1.0,1.0,0.0,0.968780487804878,0.9560975609756096,0.975609756097561,0.008162536844234944,0.9685222445785826,0.9559579700424772,0.97592965198599,0.008153450418691794,0.9692046772223879,0.9564114188101572,0.9763336291038156,0.00820010590734216
domain-adaptation,54D,S7_train_I_D1_3_val_D4_5,mk-mmd,opensource-core,bottleneck16,linear,"0,1,2,3,4",1.0,1.0,1.0,0.0,0.9590243902439024,0.951219512195122,0.9658536585365852,0.005561831341946981,0.9582979357627245,0.9500707951412176,0.9653476414039792,0.005679913860488042,0.9594709558385104,0.951378063142476,0.966548127693124,0.005608169621439889
domain-adaptation,54D,S7_train_I_D1_3_val_D4_5,cdan,opensource-core,bottleneck16,linear,"0,1,2,3,4",0.9938775510204081,0.9693877551020408,1.0,0.013690212107141584,0.9560975609756097,0.9365853658536586,0.9658536585365852,0.012436632959982326,0.9554810343542737,0.9365824577092182,0.9659438110142337,0.012275725281635447,0.9566568239471213,0.9378894453807222,0.966321036364832,0.011936930606816828
domain-adaptation,54D,S7_train_I_D1_3_val_D4_5,source-only,opensource-core,bottleneck16,mlp,"0,1,2,3,4",1.0,1.0,1.0,0.0,0.9560975609756095,0.946341463414634,0.9658536585365852,0.006898602743283397,0.9563156718086298,0.9453759594604664,0.9659438110142337,0.0073126527460453845,0.956937717240973,0.9475548713516628,0.9667982505350532,0.006814759767658812
domain-adaptation,54D,S7_train_I_D1_3_val_D4_5,dann,opensource-core,bottleneck16,mlp,"0,1,2,3,4",0.9897959183673469,0.9591836734693876,1.0,0.01767398783233555,0.9541463414634148,0.9414634146341464,0.9707317073170731,0.010687269414734905,0.9532453983158208,0.9382964453386988,0.9700424770847306,0.011440594233724111,0.954495676189091,0.941190703780632,0.9710790899806404,0.010852226106664337
domain-adaptation,54D,S7_train_I_D1_3_val_D4_5,deep-coral,opensource-core,bottleneck16,mlp,"0,1,2,3,4",0.9938775510204081,0.979591836734694,1.0,0.009126808071427692,0.9668292682926829,0.951219512195122,0.9804878048780488,0.011123662683893986,0.9667635442283329,0.9500707951412176,0.9806244876667412,0.01170576031423575,0.967113091321292,0.9510978375089874,0.9806181983805402,0.011283004118683493
domain-adaptation,54D,S7_train_I_D1_3_val_D4_5,mk-mmd,opensource-core,bottleneck16,mlp,"0,1,2,3,4",1.0,1.0,1.0,0.0,0.9570731707317073,0.9414634146341464,0.9804878048780488,0.01519259658770483,0.9567777032565765,0.9412772933899696,0.9806244876667412,0.015351819649139115,0.9573581401123044,0.942018949861824,0.9806878306878308,0.015046774341869188
domain-adaptation,54D,S7_train_I_D1_3_val_D4_5,cdan,opensource-core,bottleneck16,mlp,"0,1,2,3,4",0.9897959183673469,0.9693877551020408,1.0,0.01443075063646015,0.9482926829268292,0.9219512195121952,0.9707317073170731,0.023292363680611328,0.9478500633430211,0.9219017810567106,0.971830985915493,0.023873457398303852,0.9487844505902118,0.9234744498454642,0.970969310368934,0.022776220686678818
classical-ml,48D,S1_train_I_test_all,logistic-regression,classical-ml,raw,logistic-regression,-1,0.9333333333333332,0.9333333333333332,0.9333333333333332,,0.706959706959707,0.706959706959707,0.706959706959707,,0.7067901234567903,0.7067901234567903,0.7067901234567903,,0.7149530651174386,0.7149530651174386,0.7149530651174386,
classical-ml,48D,S1_train_I_test_all,mlp,classical-ml,raw,mlp,"0,1,2,3,4",1.0,1.0,1.0,0.0,0.6981684981684981,0.6776556776556777,0.7289377289377289,0.02081798130165979,0.6957561728395061,0.6751543209876543,0.7263374485596708,0.019704567093738457,0.7003642180023112,0.6799729628997921,0.733559688426708,0.02156208830337339
domain-adaptation,48D,S1_train_I_test_all,source-only,opensource-core,bottleneck16,linear,"0,1,2,3,4",1.0,1.0,1.0,0.0,0.6505494505494506,0.6117216117216118,0.7435897435897436,0.05684150839932841,0.6475308641975308,0.606224279835391,0.7389403292181069,0.056086134851860155,0.651842576526643,0.6143984220907298,0.7423189936402372,0.05510879290036696
domain-adaptation,48D,S1_train_I_test_all,dann,opensource-core,bottleneck16,linear,"0,1,2,3,4",0.9866666666666667,0.9666666666666668,1.0,0.018257418583505474,0.6813186813186813,0.5311355311355311,0.7948717948717948,0.10431524443881422,0.6723251028806584,0.524048353909465,0.7811213991769548,0.09993401076787747,0.6727643277099842,0.5312859443294226,0.7786263444158181,0.0952491916965434
domain-adaptation,48D,S1_train_I_test_all,deep-coral,opensource-core,bottleneck16,linear,"0,1,2,3,4",1.0,1.0,1.0,0.0,0.7472527472527473,0.673992673992674,0.7985347985347986,0.04740724947086001,0.7409979423868313,0.6697530864197531,0.7929526748971193,0.04636367339379664,0.74402701566722,0.6756189054877894,0.7969788860668565,0.046543958234095205
domain-adaptation,48D,S1_train_I_test_all,mk-mmd,opensource-core,bottleneck16,linear,"0,1,2,3,4",1.0,1.0,1.0,0.0,0.7714285714285715,0.7472527472527473,0.8205128205128205,0.028795961915067458,0.7610853909465021,0.7398405349794238,0.8112139917695473,0.02888261113100271,0.76424975817744,0.7444852129728045,0.8150550887554932,0.029035728831576943
domain-adaptation,48D,S1_train_I_test_all,cdan,opensource-core,bottleneck16,linear,"0,1,2,3,4",0.9933333333333334,0.9666666666666668,1.0,0.014907119849998545,0.7435897435897436,0.6959706959706959,0.8131868131868132,0.045604027831460565,0.7310956790123456,0.6796553497942387,0.8036265432098766,0.04687319179168623,0.7316690871642005,0.6768823838997831,0.8085551334137803,0.04861009043517191
domain-adaptation,48D,S1_train_I_test_all,source-only,opensource-core,bottleneck16,mlp,"0,1,2,3,4",1.0,1.0,1.0,0.0,0.6586080586080587,0.5897435897435898,0.7545787545787546,0.06805699142853387,0.6556841563786009,0.5892489711934156,0.7532150205761318,0.06925692226473788,0.6564080166348315,0.579467196328278,0.7589573329153545,0.07167908470592008
domain-adaptation,48D,S1_train_I_test_all,dann,opensource-core,bottleneck16,mlp,"0,1,2,3,4",1.0,1.0,1.0,0.0,0.7699633699633699,0.7582417582417582,0.7912087912087912,0.013558062654448167,0.7627829218106996,0.7425411522633745,0.7834362139917695,0.016533485179940015,0.7642233655422022,0.7384608766722588,0.784140834290088,0.018265730505544978
domain-adaptation,48D,S1_train_I_test_all,deep-coral,opensource-core,bottleneck16,mlp,"0,1,2,3,4",1.0,1.0,1.0,0.0,0.701098901098901,0.6190476190476191,0.7582417582417582,0.05498167277980598,0.6966049382716049,0.6157407407407408,0.7451131687242798,0.05313730919983428,0.7008760151310434,0.622839392377936,0.7488163177818351,0.05169424381714355
domain-adaptation,48D,S1_train_I_test_all,mk-mmd,opensource-core,bottleneck16,mlp,"0,1,2,3,4",0.9933333333333334,0.9666666666666668,1.0,0.014907119849998545,0.7304029304029304,0.6410256410256411,0.7728937728937729,0.05368518962801832,0.7193672839506172,0.6327160493827161,0.7680041152263374,0.05413074300496817,0.7196751331985738,0.6386530992127143,0.7707796104380544,0.05356639198662364
domain-adaptation,48D,S1_train_I_test_all,cdan,opensource-core,bottleneck16,mlp,"0,1,2,3,4",0.9866666666666667,0.9333333333333332,1.0,0.02981423969999724,0.7106227106227105,0.5641025641025641,0.8241758241758241,0.09363972916603819,0.7006172839506174,0.549511316872428,0.8224022633744856,0.09786125500937898,0.7043098496078157,0.5581089141442762,0.824388978350331,0.09515887622267369
classical-ml,48D,S2_train_I_internal_val_test_all,logistic-regression,classical-ml,raw,logistic-regression,-1,0.8,0.8,0.8,,0.608058608058608,0.608058608058608,0.608058608058608,,0.6078960905349794,0.6078960905349794,0.6078960905349794,,0.6105555010839843,0.6105555010839843,0.6105555010839843,
classical-ml,48D,S2_train_I_internal_val_test_all,mlp,classical-ml,raw,mlp,"0,1,2,3,4",1.0,1.0,1.0,0.0,0.6981684981684981,0.6776556776556777,0.7289377289377289,0.02081798130165979,0.6957561728395061,0.6751543209876543,0.7263374485596708,0.019704567093738457,0.7003642180023112,0.6799729628997921,0.733559688426708,0.02156208830337339
domain-adaptation,48D,S2_train_I_internal_val_test_all,source-only,opensource-core,bottleneck16,linear,"0,1,2,3,4",0.9200000000000002,0.8333333333333334,1.0,0.07673909622147557,0.6278388278388279,0.5641025641025641,0.684981684981685,0.05261226112606523,0.6290895061728394,0.5655864197530863,0.6878858024691358,0.055805526640929824,0.6279917481560873,0.5713646256868699,0.6895241837770573,0.05473781724510814
domain-adaptation,48D,S2_train_I_internal_val_test_all,dann,opensource-core,bottleneck16,linear,"0,1,2,3,4",0.9600000000000002,0.8333333333333334,1.0,0.07226494462892932,0.7377289377289377,0.652014652014652,0.7912087912087912,0.0535600783192212,0.7299125514403292,0.6502057613168724,0.7840792181069959,0.05049473283441085,0.7342379454021316,0.6575188636587311,0.7933402346445825,0.050151953669503244
domain-adaptation,48D,S2_train_I_internal_val_test_all,deep-coral,opensource-core,bottleneck16,linear,"0,1,2,3,4",0.8600000000000001,0.5666666666666667,1.0,0.1906130460732773,0.6534798534798535,0.5018315018315018,0.7545787545787546,0.09986640568423394,0.6458076131687243,0.4956275720164609,0.7429269547325102,0.0953406814330721,0.639691727921554,0.4741631101207337,0.7466924807475989,0.10485729315385815
domain-adaptation,48D,S2_train_I_internal_val_test_all,mk-mmd,opensource-core,bottleneck16,linear,"0,1,2,3,4",0.8400000000000001,0.5666666666666667,1.0,0.17857460314638499,0.6476190476190476,0.5054945054945055,0.7142857142857143,0.08269793587019181,0.6443672839506173,0.5003858024691358,0.7034465020576133,0.08218395553807303,0.6425909589292711,0.4767635581408007,0.712016998146518,0.09475401656512883
domain-adaptation,48D,S2_train_I_internal_val_test_all,cdan,opensource-core,bottleneck16,linear,"0,1,2,3,4",0.8600000000000001,0.5666666666666667,1.0,0.1816590212458495,0.6344322344322345,0.5128205128205128,0.7142857142857143,0.08910214057852357,0.627366255144033,0.5066872427983539,0.7098765432098766,0.0920536063783024,0.6215327544694533,0.4853664853664853,0.7185543088898639,0.10549194063043695
domain-adaptation,48D,S2_train_I_internal_val_test_all,source-only,opensource-core,bottleneck16,mlp,"0,1,2,3,4",0.9133333333333333,0.8,1.0,0.0869226987360353,0.6432234432234432,0.5787545787545788,0.7142857142857143,0.05881374164520527,0.6426440329218107,0.5595421810699589,0.7060185185185186,0.062007831057413594,0.6324594535520214,0.5438389083087461,0.7114613360465892,0.06606353570333197
domain-adaptation,48D,S2_train_I_internal_val_test_all,dann,opensource-core,bottleneck16,mlp,"0,1,2,3,4",0.9666666666666668,0.9,1.0,0.0408248290463863,0.6989010989010989,0.6263736263736264,0.7619047619047619,0.051634061359241507,0.6898919753086419,0.6104681069958847,0.7588734567901234,0.05727615597171809,0.6900768127607703,0.6074788263762855,0.7631048635489037,0.061198284599779385
domain-adaptation,48D,S2_train_I_internal_val_test_all,deep-coral,opensource-core,bottleneck16,mlp,"0,1,2,3,4",0.9666666666666668,0.8666666666666667,1.0,0.05773502691896256,0.6871794871794872,0.6446886446886447,0.7326007326007326,0.040508912237213895,0.6822530864197531,0.6329732510288065,0.722093621399177,0.039368280749812946,0.681674360914519,0.6313313472126736,0.7249784837293416,0.04422326978307709
domain-adaptation,48D,S2_train_I_internal_val_test_all,mk-mmd,opensource-core,bottleneck16,mlp,"0,1,2,3,4",0.9066666666666666,0.7666666666666667,1.0,0.10110500592068736,0.6857142857142857,0.6190476190476191,0.7582417582417582,0.0593135197740257,0.68369341563786,0.6203703703703703,0.7444701646090534,0.05593534154771025,0.678493616020999,0.6112389402711983,0.7471912906356137,0.06005514092843392
domain-adaptation,48D,S2_train_I_internal_val_test_all,cdan,opensource-core,bottleneck16,mlp,"0,1,2,3,4",0.9800000000000001,0.9666666666666668,1.0,0.018257418583505474,0.7098901098901098,0.5238095238095238,0.7912087912087912,0.10802445601739692,0.7032664609053498,0.5113168724279835,0.7834362139917695,0.11246451157142583,0.7064233510890683,0.5240081473965726,0.7883745149216889,0.10777121819320541
classical-ml,48D,S3_train_I_internal_20_10_test_all,logistic-regression,classical-ml,raw,logistic-regression,-1,0.8,0.8,0.8,,0.608058608058608,0.608058608058608,0.608058608058608,,0.6078960905349794,0.6078960905349794,0.6078960905349794,,0.6105555010839843,0.6105555010839843,0.6105555010839843,
classical-ml,48D,S3_train_I_internal_20_10_test_all,mlp,classical-ml,raw,mlp,"0,1,2,3,4",1.0,1.0,1.0,0.0,0.6981684981684981,0.6776556776556777,0.7289377289377289,0.02081798130165979,0.6957561728395061,0.6751543209876543,0.7263374485596708,0.019704567093738457,0.7003642180023112,0.6799729628997921,0.733559688426708,0.02156208830337339
domain-adaptation,48D,S3_train_I_internal_20_10_test_all,source-only,opensource-core,bottleneck16,linear,"0,1,2,3,4",0.9533333333333334,0.7666666666666667,1.0,0.10434983894999016,0.5912087912087911,0.5311355311355311,0.663003663003663,0.05171196041488879,0.5941100823045268,0.5336934156378601,0.6683384773662552,0.05399101516394184,0.5940458888505287,0.5321244720599866,0.6641152302220189,0.052420791560261165
domain-adaptation,48D,S3_train_I_internal_20_10_test_all,dann,opensource-core,bottleneck16,linear,"0,1,2,3,4",0.9933333333333334,0.9666666666666668,1.0,0.014907119849998545,0.6505494505494506,0.5238095238095238,0.7289377289377289,0.08148022103091153,0.6420010288065844,0.5081018518518519,0.7199074074074074,0.08510087925350054,0.6425939636361176,0.5040121389166492,0.7225276641552295,0.08819456417564128
domain-adaptation,48D,S3_train_I_internal_20_10_test_all,deep-coral,opensource-core,bottleneck16,linear,"0,1,2,3,4",1.0,1.0,1.0,0.0,0.6783882783882784,0.5457875457875457,0.7289377289377289,0.07579851275996996,0.6728909465020576,0.5321502057613169,0.7256944444444443,0.08026337856701111,0.6723005196446463,0.5260017120431218,0.7258635578583764,0.08332577588727016
domain-adaptation,48D,S3_train_I_internal_20_10_test_all,mk-mmd,opensource-core,bottleneck16,linear,"0,1,2,3,4",1.0,1.0,1.0,0.0,0.7421245421245422,0.6776556776556777,0.8241758241758241,0.055648729713796134,0.7353652263374485,0.6712962962962963,0.821116255144033,0.05709488410416999,0.7410158251098338,0.6776343375304168,0.8242554168327786,0.055657976351625275
domain-adaptation,48D,S3_train_I_internal_20_10_test_all,cdan,opensource-core,bottleneck16,linear,"0,1,2,3,4",0.9933333333333334,0.9666666666666668,1.0,0.014907119849998545,0.6923076923076923,0.5934065934065934,0.7655677655677655,0.06275399889747917,0.6849279835390947,0.5895061728395062,0.757201646090535,0.06148430768645222,0.6885551754992776,0.5930642316184485,0.7619597430692471,0.06186200270803477
domain-adaptation,48D,S3_train_I_internal_20_10_test_all,source-only,opensource-core,bottleneck16,mlp,"0,1,2,3,4",0.9866666666666667,0.9333333333333332,1.0,0.02981423969999724,0.608058608058608,0.4798534798534798,0.7326007326007326,0.10021512102787146,0.6057098765432098,0.4696502057613169,0.737525720164609,0.10277221490144002,0.6070537312898495,0.4655243496392557,0.7370412296080722,0.10463424975131651
domain-adaptation,48D,S3_train_I_internal_20_10_test_all,dann,opensource-core,bottleneck16,mlp,"0,1,2,3,4",0.9866666666666667,0.9666666666666668,1.0,0.018257418583505474,0.6695970695970697,0.5970695970695971,0.7252747252747253,0.052407841660012944,0.6626286008230452,0.5743312757201646,0.7177211934156379,0.058165158534177176,0.6564546586539282,0.5520406672466103,0.719147059836715,0.06858254894181792
domain-adaptation,48D,S3_train_I_internal_20_10_test_all,deep-coral,opensource-core,bottleneck16,mlp,"0,1,2,3,4",1.0,1.0,1.0,0.0,0.723076923076923,0.6703296703296703,0.7838827838827839,0.05013098542746677,0.7155092592592591,0.6656378600823046,0.7829218106995884,0.05117459655520682,0.7155327847664942,0.6653999363506009,0.7813540048643217,0.051820775488453805
domain-adaptation,48D,S3_train_I_internal_20_10_test_all,mk-mmd,opensource-core,bottleneck16,mlp,"0,1,2,3,4",0.9733333333333334,0.9333333333333332,1.0,0.027888667551135875,0.712087912087912,0.5641025641025641,0.7985347985347986,0.09232658682139584,0.7044495884773662,0.5578703703703703,0.7852366255144032,0.09297298762229927,0.7011535414485193,0.549094541149676,0.789443613621641,0.09680613286363232
domain-adaptation,48D,S3_train_I_internal_20_10_test_all,cdan,opensource-core,bottleneck16,mlp,"0,1,2,3,4",1.0,1.0,1.0,0.0,0.7047619047619047,0.5787545787545788,0.7985347985347986,0.08143904236500212,0.7025205761316873,0.582690329218107,0.794238683127572,0.07815409647168592,0.7076109064034826,0.5890806185399234,0.7982092913443027,0.07725601844762249
classical-ml,48D,S4_train_I_val_D1_2,logistic-regression,classical-ml,raw,logistic-regression,-1,1.0,1.0,1.0,,0.8775510204081632,0.8775510204081632,0.8775510204081632,,0.8775087607518318,0.8775087607518318,0.8775087607518318,,0.8820899597297114,0.8820899597297114,0.8820899597297114,
classical-ml,48D,S4_train_I_val_D1_2,mlp,classical-ml,raw,mlp,"0,1,2,3,4",1.0,1.0,1.0,0.0,0.8334693877551022,0.8,0.8530612244897959,0.020691905070427046,0.8327492832112137,0.8011043856854624,0.8521822236381013,0.01962073230936197,0.8368390650712214,0.8024000458541111,0.8555107311378887,0.02091091412158005
domain-adaptation,48D,S4_train_I_val_D1_2,source-only,opensource-core,bottleneck16,linear,"0,1,2,3,4",0.9965517241379309,0.9827586206896552,1.0,0.007710579232757861,0.8130612244897959,0.7306122448979592,0.8816326530612245,0.05606861982528971,0.8150260167781671,0.7386641180843156,0.8813847297440799,0.05334636482592172,0.8082389571267774,0.7047276288018106,0.8832553330049927,0.06639256130308303
domain-adaptation,48D,S4_train_I_val_D1_2,dann,opensource-core,bottleneck16,linear,"0,1,2,3,4",1.0,1.0,1.0,0.0,0.8555102040816326,0.8081632653061225,0.8857142857142857,0.029517852623289036,0.8524370818732081,0.8060953594563024,0.8811192524158438,0.028995797901418156,0.8548225810752091,0.8078039744073898,0.8865601503759398,0.029656095336527816
domain-adaptation,48D,S4_train_I_val_D1_2,deep-coral,opensource-core,bottleneck16,linear,"0,1,2,3,4",0.9862068965517242,0.9310344827586208,1.0,0.030842316931031545,0.889795918367347,0.8775510204081632,0.9183673469387756,0.01657967021354283,0.8883083784644791,0.8781990018052458,0.9183391738345548,0.017049126814345315,0.8903980019320497,0.8792485591296906,0.9214561985131606,0.017666730141062893
domain-adaptation,48D,S4_train_I_val_D1_2,mk-mmd,opensource-core,bottleneck16,linear,"0,1,2,3,4",1.0,1.0,1.0,0.0,0.9036734693877552,0.8612244897959184,0.9224489795918368,0.027622733576634532,0.9013486248274397,0.8557927153021132,0.9222151428268024,0.028735587797181987,0.9034728111000142,0.8613830613830613,0.9234616891796656,0.02720060417071129
domain-adaptation,48D,S4_train_I_val_D1_2,cdan,opensource-core,bottleneck16,linear,"0,1,2,3,4",0.993103448275862,0.9827586206896552,1.0,0.009443492370778685,0.8400000000000001,0.7428571428571429,0.8775510204081632,0.05532080534066898,0.8353615801210577,0.7399384092598492,0.8740575554847615,0.05458552677334009,0.8390156040852734,0.7443114909781577,0.8755769849822951,0.05382753738060674
domain-adaptation,48D,S4_train_I_val_D1_2,source-only,opensource-core,bottleneck16,mlp,"0,1,2,3,4",0.9689655172413794,0.8448275862068966,1.0,0.06939521309482106,0.7844897959183674,0.6938775510204082,0.8816326530612245,0.07048354438558349,0.7888605713072103,0.7079218434745673,0.8862164171179782,0.06758089857693993,0.7752515979885318,0.6549505387740682,0.8828850519417362,0.0844314686505446
domain-adaptation,48D,S4_train_I_val_D1_2,dann,opensource-core,bottleneck16,mlp,"0,1,2,3,4",0.9965517241379309,0.9827586206896552,1.0,0.007710579232757861,0.8587755102040816,0.8040816326530612,0.889795918367347,0.03335970080277968,0.8563661463311032,0.8029096315174683,0.891897631942232,0.03367649547357398,0.8585080901710495,0.8089839247801031,0.8896037989380715,0.03120183581023324
domain-adaptation,48D,S4_train_I_val_D1_2,deep-coral,opensource-core,bottleneck16,mlp,"0,1,2,3,4",1.0,1.0,1.0,0.0,0.889795918367347,0.8734693877551021,0.9224489795918368,0.020203050891044228,0.8874800892003822,0.8701815864925136,0.9194541786131464,0.01967910214398883,0.8903211670807558,0.8745413007781823,0.9226921712093816,0.019813894934651972
domain-adaptation,48D,S4_train_I_val_D1_2,mk-mmd,opensource-core,bottleneck16,mlp,"0,1,2,3,4",0.993103448275862,0.9655172413793104,1.0,0.015421158465515774,0.8906122448979593,0.8367346938775511,0.9306122448979592,0.042554813123194694,0.8872889455240521,0.838058829775937,0.9258256344908146,0.04290161922498938,0.889871925454908,0.8422222222222223,0.9296616963283628,0.04275060951211366
domain-adaptation,48D,S4_train_I_val_D1_2,cdan,opensource-core,bottleneck16,mlp,"0,1,2,3,4",0.9862068965517242,0.9482758620689656,1.0,0.022480008293802183,0.8685714285714287,0.8367346938775511,0.9142857142857144,0.0284838307303966,0.8673250504406924,0.8277052139747266,0.9137729637888924,0.030906518922633814,0.8699446799518175,0.8359338201629134,0.9166863672182822,0.029308804799554857
classical-ml,48D,S5_train_I_D1_val_D2_3,logistic-regression,classical-ml,raw,logistic-regression,-1,0.9722222222222222,0.9722222222222222,0.9722222222222222,,0.9523809523809524,0.9523809523809524,0.9523809523809524,,0.9525854356772232,0.9525854356772232,0.9525854356772232,,0.9540819702669412,0.9540819702669412,0.9540819702669412,
classical-ml,48D,S5_train_I_D1_val_D2_3,mlp,classical-ml,raw,mlp,"0,1,2,3,4",1.0,1.0,1.0,0.0,0.8727272727272727,0.8354978354978355,0.8961038961038961,0.022410699749861082,0.8721417069243156,0.8350331007335838,0.8947933440687064,0.0221985549188898,0.8752107849745606,0.8380418192918192,0.8997198279161628,0.022602108362399006
domain-adaptation,48D,S5_train_I_D1_val_D2_3,source-only,opensource-core,bottleneck16,linear,"0,1,2,3,4",0.9944444444444445,0.9722222222222222,1.0,0.012422599874998837,0.8787878787878789,0.8528138528138528,0.9004329004329005,0.017584498711333267,0.8811952048667026,0.8565038468420111,0.8996242619431025,0.016506060340532657,0.8788593403681153,0.8524696250071585,0.9006465067778936,0.01765405869210188
domain-adaptation,48D,S5_train_I_D1_val_D2_3,dann,opensource-core,bottleneck16,linear,"0,1,2,3,4",0.9916666666666668,0.9722222222222222,1.0,0.01242259987499883,0.9220779220779223,0.9047619047619048,0.9523809523809524,0.019600400731899163,0.920629808552514,0.9008767221327608,0.9518697441402756,0.020479676213647904,0.9224077259268041,0.9048181475101056,0.9529821539289216,0.019777119653952714
domain-adaptation,48D,S5_train_I_D1_val_D2_3,deep-coral,opensource-core,bottleneck16,linear,"0,1,2,3,4",0.9777777777777779,0.9444444444444444,1.0,0.025230419617479103,0.9160173160173161,0.8917748917748918,0.935064935064935,0.022200660441485862,0.9152979066022544,0.8913938092682053,0.9332617641796386,0.021594368863750175,0.9173765933835536,0.8950080241829345,0.9355699222100484,0.020469419638363642
domain-adaptation,48D,S5_train_I_D1_val_D2_3,mk-mmd,opensource-core,bottleneck16,linear,"0,1,2,3,4",0.9694444444444444,0.9444444444444444,1.0,0.02060055135304351,0.9108225108225108,0.8961038961038961,0.9393939393939394,0.01665401217460725,0.9103596349973161,0.895509035605654,0.9402397566648776,0.017256553331443228,0.9117675457806845,0.8991281148344831,0.940558272635268,0.016494357274083028
domain-adaptation,48D,S5_train_I_D1_val_D2_3,cdan,opensource-core,bottleneck16,linear,"0,1,2,3,4",0.9694444444444444,0.9027777777777778,1.0,0.044357553951864755,0.8987012987012987,0.8441558441558441,0.9177489177489178,0.031006068535878794,0.8992664161746289,0.8461263195562713,0.918947933440687,0.030478136059823743,0.8998412580451264,0.8465841213351736,0.9200400329683268,0.0305153656291776
domain-adaptation,48D,S5_train_I_D1_val_D2_3,source-only,opensource-core,bottleneck16,mlp,"0,1,2,3,4",0.9888888888888889,0.9583333333333334,1.0,0.01810889557000734,0.8623376623376624,0.8225108225108225,0.9090909090909092,0.03948659480862819,0.8654142064770083,0.8219717301842905,0.9100017892288422,0.03866523114377569,0.8632791218048486,0.8272965879265092,0.910039810443344,0.038779057765320334
domain-adaptation,48D,S5_train_I_D1_val_D2_3,dann,opensource-core,bottleneck16,mlp,"0,1,2,3,4",0.961111111111111,0.8611111111111112,1.0,0.058432455466562845,0.8805194805194805,0.8441558441558441,0.922077922077922,0.034981998010107276,0.8819824655573447,0.8468420110932188,0.9230631597781356,0.03291466273230719,0.8820255100215277,0.8489217487085291,0.92335832083958,0.03375506742540407
domain-adaptation,48D,S5_train_I_D1_val_D2_3,deep-coral,opensource-core,bottleneck16,mlp,"0,1,2,3,4",0.986111111111111,0.9583333333333334,1.0,0.01964185503295964,0.9238095238095237,0.9047619047619048,0.9437229437229436,0.01389333899210491,0.9237072821613884,0.9066022544283412,0.9429235999284308,0.012959625479530433,0.9247351973639925,0.9075396247277726,0.9440422322775264,0.013023963379786703
domain-adaptation,48D,S5_train_I_D1_val_D2_3,mk-mmd,opensource-core,bottleneck16,mlp,"0,1,2,3,4",0.986111111111111,0.9583333333333334,1.0,0.01701034543599428,0.8961038961038963,0.8484848484848485,0.9307359307359307,0.03076335585184393,0.8947933440687063,0.8473787797459295,0.9312936124530328,0.03158204316504776,0.8979416152835593,0.8520054945526073,0.93073115075918,0.029777596791151714
domain-adaptation,48D,S5_train_I_D1_val_D2_3,cdan,opensource-core,bottleneck16,mlp,"0,1,2,3,4",0.9888888888888889,0.9444444444444444,1.0,0.024845199749997673,0.90995670995671,0.8874458874458875,0.948051948051948,0.022783891544486155,0.9109679728037217,0.8872785829307568,0.947754517802827,0.02256223955253721,0.9117366866556578,0.891721222040371,0.9489441930618402,0.021979564110326182
classical-ml,48D,S6_train_I_D1_2_val_D3_5,logistic-regression,classical-ml,raw,logistic-regression,-1,0.9285714285714286,0.9285714285714286,0.9285714285714286,,0.9609756097560976,0.9609756097560976,0.9609756097560976,,0.9618451449437364,0.9618451449437364,0.9618451449437364,,0.96176508883444,0.96176508883444,0.96176508883444,
classical-ml,48D,S6_train_I_D1_2_val_D3_5,mlp,classical-ml,raw,mlp,"0,1,2,3,4",1.0,1.0,1.0,0.0,0.9375609756097563,0.926829268292683,0.951219512195122,0.009383114176425055,0.9356136820925555,0.9248081079066997,0.9494746255309636,0.009594586577339886,0.9378966598148601,0.927027714213069,0.9517416730231376,0.009564639602866291
domain-adaptation,48D,S6_train_I_D1_2_val_D3_5,source-only,opensource-core,bottleneck16,linear,"0,1,2,3,4",0.9959183673469386,0.9897959183673468,1.0,0.005589005688828293,0.9395121951219514,0.9317073170731708,0.9414634146341464,0.004363059468292276,0.9397570608838215,0.9306952828079588,0.9424696326104778,0.005072261355238286,0.9402918294102642,0.9325356857983024,0.9424836084478272,0.004343215624991508
domain-adaptation,48D,S6_train_I_D1_2_val_D3_5,dann,opensource-core,bottleneck16,linear,"0,1,2,3,4",0.9897959183673469,0.979591836734694,1.0,0.010204081632653017,0.9482926829268292,0.926829268292683,0.9658536585365852,0.017452237873169,0.9483269990312244,0.927192786347716,0.9665399806244878,0.017909415355386673,0.9486881910501316,0.927924156611672,0.9666705287143244,0.01736854479650994
domain-adaptation,48D,S6_train_I_D1_2_val_D3_5,deep-coral,opensource-core,bottleneck16,linear,"0,1,2,3,4",0.9857142857142858,0.979591836734694,1.0,0.009126808071427656,0.9385365853658536,0.902439024390244,0.9560975609756096,0.02143012940145239,0.9375065206051122,0.8989492510619271,0.9559579700424772,0.02271067079166,0.9387441023199232,0.9020063231033696,0.9564831985269944,0.02172595570541839
domain-adaptation,48D,S6_train_I_D1_2_val_D3_5,mk-mmd,opensource-core,bottleneck16,linear,"0,1,2,3,4",0.9775510204081632,0.9387755102040816,1.0,0.03095051201653695,0.9453658536585365,0.9414634146341464,0.9560975609756096,0.006360197468490292,0.9455100976227737,0.9406811237797154,0.9559579700424772,0.006162186927637944,0.9458539818995476,0.9415665190807506,0.9564831985269944,0.006253016688983314
domain-adaptation,48D,S6_train_I_D1_2_val_D3_5,cdan,opensource-core,bottleneck16,linear,"0,1,2,3,4",0.9897959183673469,0.9693877551020408,1.0,0.014430750636460151,0.9336585365853658,0.9073170731707316,0.9560975609756096,0.022513133188710878,0.9334078545346151,0.9054325955734406,0.9565541396527312,0.023438226922791846,0.9338886275272109,0.9086566005482806,0.9559704875100724,0.022387053581973917
domain-adaptation,48D,S6_train_I_D1_2_val_D3_5,source-only,opensource-core,bottleneck16,mlp,"0,1,2,3,4",0.9938775510204081,0.9693877551020408,1.0,0.013690212107141584,0.9102439024390243,0.8829268292682927,0.9560975609756096,0.02979206143337061,0.9107534093449587,0.8855354348312096,0.9565541396527312,0.02914201099285733,0.9115709692735259,0.8849870930973213,0.9562977421939904,0.028850617812175728
domain-adaptation,48D,S6_train_I_D1_2_val_D3_5,dann,opensource-core,bottleneck16,mlp,"0,1,2,3,4",0.9938775510204081,0.979591836734694,1.0,0.009126808071427692,0.9395121951219512,0.9219512195121952,0.9560975609756096,0.012243805266352261,0.9395185930397197,0.9207094418362024,0.9565541396527312,0.012840653889526129,0.9405027279621476,0.9222039968937702,0.9566940890470302,0.012382618380276758
domain-adaptation,48D,S6_train_I_D1_2_val_D3_5,deep-coral,opensource-core,bottleneck16,mlp,"0,1,2,3,4",0.9795918367346939,0.9591836734693876,1.0,0.016134069694736665,0.9239024390243904,0.8292682926829268,0.9609756097560976,0.05589571321221943,0.9213950368879946,0.8213726805276101,0.9606528057232282,0.05905210177407794,0.9239435639353569,0.8271746592134942,0.9615674580611469,0.05698214237532338
domain-adaptation,48D,S6_train_I_D1_2_val_D3_5,mk-mmd,opensource-core,bottleneck16,mlp,"0,1,2,3,4",0.9816326530612244,0.9591836734693876,1.0,0.016767017066484705,0.9317073170731707,0.8878048780487805,0.975609756097561,0.0374690036481395,0.930099113197705,0.8836724047991654,0.975333482375736,0.039248485123195155,0.9319906548595057,0.8880483870446337,0.9760915428289364,0.03759678391790636
domain-adaptation,48D,S6_train_I_D1_2_val_D3_5,cdan,opensource-core,bottleneck16,mlp,"0,1,2,3,4",0.9918367346938775,0.9591836734693876,1.0,0.018253616142855495,0.9170731707317072,0.8829268292682927,0.9658536585365852,0.030658061195064677,0.9151799687010955,0.8795737387286682,0.9659438110142337,0.03198502567909641,0.9175143093004582,0.8835029735412877,0.966005291005291,0.03042014707973426
classical-ml,48D,S7_train_I_D1_3_val_D4_5,logistic-regression,classical-ml,raw,logistic-regression,-1,0.979591836734694,0.979591836734694,0.979591836734694,,0.9804878048780488,0.9804878048780488,0.9804878048780488,,0.9812206572769954,0.9812206572769954,0.9812206572769954,,0.9812057441598836,0.9812057441598836,0.9812057441598836,
classical-ml,48D,S7_train_I_D1_3_val_D4_5,mlp,classical-ml,raw,mlp,"0,1,2,3,4",1.0,1.0,1.0,0.0,0.9375609756097563,0.926829268292683,0.951219512195122,0.009383114176425055,0.9356136820925555,0.9248081079066997,0.9494746255309636,0.009594586577339886,0.9378966598148601,0.927027714213069,0.9517416730231376,0.009564639602866291
domain-adaptation,48D,S7_train_I_D1_3_val_D4_5,source-only,opensource-core,bottleneck16,linear,"0,1,2,3,4",1.0,1.0,1.0,0.0,0.9258536585365853,0.8975609756097561,0.946341463414634,0.018381896274552903,0.9251807139131081,0.8978314330427007,0.9459721290707206,0.017775923147721886,0.9261210304933207,0.8964595366570401,0.9464932227924728,0.018862759746858537
domain-adaptation,48D,S7_train_I_D1_3_val_D4_5,dann,opensource-core,bottleneck16,linear,"0,1,2,3,4",0.9816326530612244,0.9693877551020408,0.9897959183673468,0.008537347209531325,0.9590243902439022,0.9560975609756096,0.9658536585365852,0.0043630594682923015,0.9590133392950294,0.9547656308219687,0.9659438110142337,0.004579265666811967,0.959179938874702,0.9560885181323138,0.9661317907906845,0.00450238196971033
domain-adaptation,48D,S7_train_I_D1_3_val_D4_5,deep-coral,opensource-core,bottleneck16,linear,"0,1,2,3,4",0.9836734693877551,0.9591836734693876,1.0,0.015475256008268502,0.937560975609756,0.9170731707317074,0.951219512195122,0.01668549402584103,0.9370444891571653,0.9166107757657054,0.9506669647514716,0.015827941769414506,0.9384310805939066,0.9187015170621728,0.9520621921547684,0.016296254699772788
domain-adaptation,48D,S7_train_I_D1_3_val_D4_5,mk-mmd,opensource-core,bottleneck16,linear,"0,1,2,3,4",0.9938775510204081,0.979591836734694,1.0,0.009126808071427692,0.9414634146341463,0.9317073170731708,0.9560975609756096,0.009125993626277825,0.9404426559356136,0.9289067739771966,0.9565541396527312,0.010105992627989845,0.9419469847352872,0.931786546377556,0.9564463501156446,0.009181822248981118
domain-adaptation,48D,S7_train_I_D1_3_val_D4_5,cdan,opensource-core,bottleneck16,linear,"0,1,2,3,4",0.9714285714285715,0.9489795918367347,0.9897959183673468,0.016767017066484674,0.9502439024390243,0.926829268292683,0.975609756097561,0.021094388595550826,0.949370295849169,0.9260004471272076,0.97592965198599,0.021669184134020046,0.9504949717100842,0.9269019925837704,0.975914738868878,0.02112441441531641
domain-adaptation,48D,S7_train_I_D1_3_val_D4_5,source-only,opensource-core,bottleneck16,mlp,"0,1,2,3,4",0.9938775510204081,0.9897959183673468,1.0,0.005589005688828293,0.918048780487805,0.8975609756097561,0.9317073170731708,0.014388176784148917,0.9176689768239064,0.899023772263209,0.9324837916387212,0.014259218555775104,0.9189905226324638,0.8965996965996966,0.9336917562724016,0.015507598301394497
domain-adaptation,48D,S7_train_I_D1_3_val_D4_5,dann,opensource-core,bottleneck16,mlp,"0,1,2,3,4",0.9816326530612246,0.9693877551020408,1.0,0.01117801137765645,0.96,0.9317073170731708,0.9804878048780488,0.01838189627455293,0.959713838587078,0.9289067739771966,0.9806244876667412,0.019535331736822627,0.9602903835267549,0.9312916760797466,0.9806878306878308,0.018725427791444448
domain-adaptation,48D,S7_train_I_D1_3_val_D4_5,deep-coral,opensource-core,bottleneck16,mlp,"0,1,2,3,4",0.9877551020408163,0.9693877551020408,1.0,0.013304494704495193,0.9541463414634146,0.9365853658536586,0.975609756097561,0.01778983661347361,0.9541992696922275,0.93539011848871,0.97592965198599,0.01817604027909777,0.9548342701875809,0.9374582768522162,0.976020497231115,0.017583217307288585
domain-adaptation,48D,S7_train_I_D1_3_val_D4_5,mk-mmd,opensource-core,bottleneck16,mlp,"0,1,2,3,4",0.9795918367346939,0.9591836734693876,1.0,0.019090088708030365,0.9395121951219512,0.9219512195121952,0.9560975609756096,0.01487604944583108,0.939399359117669,0.9236902898874731,0.9565541396527312,0.014366887486885487,0.94000172625805,0.923045126170126,0.956117595855357,0.01434392473524249
domain-adaptation,48D,S7_train_I_D1_3_val_D4_5,cdan,opensource-core,bottleneck16,mlp,"0,1,2,3,4",0.9755102040816327,0.9489795918367347,0.9897959183673468,0.017074694419062703,0.944390243902439,0.902439024390244,0.9658536585365852,0.0250163539608937,0.942782621655861,0.8977569118414189,0.9665399806244878,0.02694626254065917,0.9445125965009314,0.9019200956010596,0.9662619039933276,0.02529437249835702
domain-adaptation,54D,S1_train_I_test_all,c-dann,project-extension,bottleneck16,linear,"0,1,2,3,4",1.0,1.0,1.0,0.0,0.8937728937728938,0.8461538461538461,0.9267399267399268,0.0308650174841625,0.8878600823045268,0.8374485596707819,0.9228395061728396,0.03213515594253855,0.8925486874857684,0.8447969600096679,0.9262974881947692,0.03063683116580168
domain-adaptation,54D,S1_train_I_test_all,cdan+c-dann,project-extension,bottleneck16,linear,"0,1,2,3,4",0.9933333333333334,0.9666666666666668,1.0,0.014907119849998545,0.8849816849816851,0.8571428571428571,0.9267399267399268,0.028562034710062915,0.8805555555555555,0.8542952674897119,0.9234825102880658,0.029147653857806228,0.8853671265977006,0.8598479812081727,0.926598853806644,0.02797226334646795
domain-adaptation,54D,S1_train_I_test_all,mk-mmd+lc,project-extension,bottleneck16,linear,"0,1,2,3,4",0.9933333333333334,0.9666666666666668,1.0,0.014907119849998545,0.9098901098901099,0.8901098901098901,0.945054945054945,0.02465394676991038,0.9069958847736626,0.8849022633744856,0.942772633744856,0.0256208537950128,0.9100601033893847,0.8896021173550633,0.9447728295096716,0.024137077721542315
domain-adaptation,54D,S1_train_I_test_all,mk-mmd+cdan,project-extension,bottleneck16,linear,"0,1,2,3,4",0.9866666666666667,0.9333333333333332,1.0,0.02981423969999724,0.87985347985348,0.8534798534798534,0.9010989010989012,0.02278729819047007,0.8763374485596709,0.8517232510288065,0.898533950617284,0.02261265472470283,0.8807272607835113,0.8563024198032833,0.9028747682791148,0.021743806821441544
domain-adaptation,54D,S1_train_I_test_all,mk-mmd+lc+cdan,project-extension,bottleneck16,linear,"0,1,2,3,4",0.9933333333333334,0.9666666666666668,1.0,0.014907119849998545,0.8820512820512821,0.7985347985347986,0.9304029304029304,0.05058394533612905,0.8790637860082304,0.7929526748971193,0.926954732510288,0.05226548509132998,0.8825063839999295,0.7967690429228891,0.9302373581011352,0.05168510273712462
domain-adaptation,54D,S1_train_I_test_all,c-dann,project-extension,bottleneck16,mlp,"0,1,2,3,4",0.9866666666666667,0.9666666666666668,1.0,0.018257418583505474,0.8410256410256409,0.8168498168498168,0.8791208791208791,0.023823608119427256,0.8408179012345679,0.8206018518518517,0.8770576131687243,0.022130815463652767,0.8447211305294455,0.8223036819811013,0.8815116888265863,0.022891168913105997
domain-adaptation,54D,S1_train_I_test_all,cdan+c-dann,project-extension,bottleneck16,mlp,"0,1,2,3,4",0.9800000000000001,0.9333333333333332,1.0,0.02981423969999722,0.8307692307692308,0.7216117216117216,0.9047619047619048,0.06980881611470532,0.8309670781893004,0.7258230452674898,0.9026491769547323,0.06710675104435315,0.8302135184126916,0.716442584585275,0.9060386174966604,0.07263084116374141
domain-adaptation,54D,S1_train_I_test_all,mk-mmd+lc,project-extension,bottleneck16,mlp,"0,1,2,3,4",1.0,1.0,1.0,0.0,0.8908424908424909,0.8681318681318682,0.9157509157509156,0.02029581710944329,0.8906121399176955,0.867283950617284,0.9169238683127572,0.021580927096745074,0.8929180275725532,0.87037148897614,0.9168924130184912,0.0198365719651499
domain-adaptation,54D,S1_train_I_test_all,mk-mmd+cdan,project-extension,bottleneck16,mlp,"0,1,2,3,4",0.9933333333333334,0.9666666666666668,1.0,0.014907119849998545,0.8857142857142858,0.8571428571428571,0.9157509157509156,0.020785730343019903,0.8825360082304525,0.8549382716049383,0.9117798353909464,0.020392579251881274,0.8871306809353634,0.8604053970094495,0.91523289851752,0.019699311284044774
domain-adaptation,54D,S1_train_I_test_all,mk-mmd+lc+cdan,project-extension,bottleneck16,mlp,"0,1,2,3,4",0.9933333333333334,0.9666666666666668,1.0,0.014907119849998545,0.8695970695970695,0.8241758241758241,0.8937728937728938,0.026490380559362,0.8672582304526749,0.8217592592592592,0.8935185185185185,0.026917599214153765,0.8713292344756643,0.8287221359965811,0.896055927006131,0.025170212323214373
domain-adaptation,54D,S2_train_I_internal_val_test_all,c-dann,project-extension,bottleneck16,linear,"0,1,2,3,4",1.0,1.0,1.0,0.0,0.8725274725274726,0.8351648351648352,0.9010989010989012,0.03133955990653106,0.8695216049382715,0.8334619341563787,0.8978909465020576,0.029911871385254207,0.8743101215758259,0.8369282074144005,0.900363617474417,0.029822764547784358
domain-adaptation,54D,S2_train_I_internal_val_test_all,cdan+c-dann,project-extension,bottleneck16,linear,"0,1,2,3,4",1.0,1.0,1.0,0.0,0.887912087912088,0.8681318681318682,0.9047619047619048,0.014560151585605707,0.8859053497942387,0.8621399176954733,0.9020061728395062,0.015866808946782666,0.8899551740171487,0.8663563697101723,0.9061029218800936,0.01568144994126039
domain-adaptation,54D,S2_train_I_internal_val_test_all,mk-mmd+lc,project-extension,bottleneck16,linear,"0,1,2,3,4",1.0,1.0,1.0,0.0,0.904029304029304,0.8864468864468864,0.9267399267399268,0.017832470981154713,0.9005401234567902,0.8801440329218106,0.9247685185185186,0.018741689380773564,0.9042847122474118,0.884405632516589,0.9268635468092756,0.01795225999355807
domain-adaptation,54D,S2_train_I_internal_val_test_all,mk-mmd+cdan,project-extension,bottleneck16,linear,"0,1,2,3,4",1.0,1.0,1.0,0.0,0.8827838827838826,0.8424908424908425,0.9267399267399268,0.030316749738547352,0.8801440329218106,0.8416923868312757,0.9228395061728396,0.029082415776165733,0.8838721919154814,0.8457162992046712,0.9261162921841836,0.028967664560112037
domain-adaptation,54D,S2_train_I_internal_val_test_all,mk-mmd+lc+cdan,project-extension,bottleneck16,linear,"0,1,2,3,4",1.0,1.0,1.0,0.0,0.8989010989010989,0.8827838827838828,0.912087912087912,0.013105160307691025,0.8965792181069959,0.8798868312757202,0.911522633744856,0.013862190464579607,0.9004454681822726,0.8855421355421355,0.9143646046264596,0.01334335507107711
domain-adaptation,54D,S2_train_I_internal_val_test_all,c-dann,project-extension,bottleneck16,mlp,"0,1,2,3,4",1.0,1.0,1.0,0.0,0.8864468864468865,0.8571428571428571,0.9194139194139194,0.029645446989448022,0.8851594650205762,0.856224279835391,0.9191100823045268,0.03055643236676876,0.887307229507875,0.8548620166504316,0.919410891277899,0.029586693641960125
domain-adaptation,54D,S2_train_I_internal_val_test_all,cdan+c-dann,project-extension,bottleneck16,mlp,"0,1,2,3,4",1.0,1.0,1.0,0.0,0.8893772893772892,0.8461538461538461,0.9194139194139194,0.029120303171211406,0.886522633744856,0.8432355967078188,0.9133230452674898,0.028130471030096818,0.8888857663204076,0.850176053571313,0.9172630546774382,0.02692960036233383
domain-adaptation,54D,S2_train_I_internal_val_test_all,mk-mmd+lc,project-extension,bottleneck16,mlp,"0,1,2,3,4",0.9866666666666667,0.9666666666666668,1.0,0.018257418583505474,0.8820512820512821,0.8351648351648352,0.934065934065934,0.03545742136360453,0.8797067901234568,0.8353909465020576,0.9310699588477368,0.03474752831065563,0.8832761346584584,0.838368558193399,0.9333563044344934,0.03405481043039485
domain-adaptation,54D,S2_train_I_internal_val_test_all,mk-mmd+cdan,project-extension,bottleneck16,mlp,"0,1,2,3,4",1.0,1.0,1.0,0.0,0.887912087912088,0.8424908424908425,0.9523809523809524,0.040008988779232695,0.884619341563786,0.8371913580246914,0.9535751028806584,0.042454187843384915,0.8880303732731176,0.8429323707350612,0.9524297917451684,0.03982118398310707
domain-adaptation,54D,S2_train_I_internal_val_test_all,mk-mmd+lc+cdan,project-extension,bottleneck16,mlp,"0,1,2,3,4",1.0,1.0,1.0,0.0,0.9128205128205129,0.8974358974358975,0.9304029304029304,0.012794321755731116,0.9105452674897119,0.8950617283950617,0.9288837448559673,0.013385795214272297,0.9131644239161938,0.8984662810749766,0.930346194827274,0.012398769332182326
domain-adaptation,54D,S3_train_I_internal_20_10_test_all,c-dann,project-extension,bottleneck16,linear,"0,1,2,3,4",0.9800000000000001,0.9,1.0,0.04472135954999578,0.8659340659340659,0.8351648351648352,0.8901098901098901,0.02438030958577834,0.8645576131687243,0.836033950617284,0.8861882716049383,0.024059767103089724,0.868520426904355,0.8405772005772004,0.8910325685527917,0.023160391672677458
domain-adaptation,54D,S3_train_I_internal_20_10_test_all,cdan+c-dann,project-extension,bottleneck16,linear,"0,1,2,3,4",1.0,1.0,1.0,0.0,0.8937728937728938,0.8644688644688645,0.9157509157509156,0.019208953263189537,0.892361111111111,0.8670267489711935,0.9117798353909464,0.016843762504448603,0.895666772405605,0.8686457333516158,0.9141508593819574,0.01724260737437389
domain-adaptation,54D,S3_train_I_internal_20_10_test_all,mk-mmd+lc,project-extension,bottleneck16,linear,"0,1,2,3,4",1.0,1.0,1.0,0.0,0.8945054945054945,0.8461538461538461,0.9267399267399268,0.030027694552262577,0.8911265432098766,0.8432355967078188,0.9228395061728396,0.02962017841768814,0.8957097958048245,0.8489532890182091,0.9264062848074172,0.028864801868166444
domain-adaptation,54D,S3_train_I_internal_20_10_test_all,mk-mmd+cdan,project-extension,bottleneck16,linear,"0,1,2,3,4",0.9866666666666667,0.9666666666666668,1.0,0.018257418583505474,0.9025641025641026,0.8827838827838828,0.9230769230769232,0.015454229384416877,0.9003086419753087,0.8792438271604938,0.9212962962962964,0.016372102041775388,0.9025621771495672,0.8819839032804895,0.921885603273082,0.01600724160797474
domain-adaptation,54D,S3_train_I_internal_20_10_test_all,mk-mmd+lc+cdan,project-extension,bottleneck16,linear,"0,1,2,3,4",1.0,1.0,1.0,0.0,0.8791208791208792,0.8608058608058609,0.8864468864468864,0.010679399074808206,0.8777006172839507,0.8584104938271605,0.8872170781893004,0.011358809199177061,0.8804524982246397,0.862606137274069,0.8872525276444291,0.010267728221532966
domain-adaptation,54D,S3_train_I_internal_20_10_test_all,c-dann,project-extension,bottleneck16,mlp,"0,1,2,3,4",0.9933333333333334,0.9666666666666668,1.0,0.014907119849998545,0.8673992673992675,0.8058608058608059,0.912087912087912,0.03853995146538496,0.8660751028806585,0.8069701646090536,0.9083076131687244,0.03683606650768522,0.8680397823970096,0.806063886931419,0.9107667646273044,0.03826975346577497
domain-adaptation,54D,S3_train_I_internal_20_10_test_all,cdan+c-dann,project-extension,bottleneck16,mlp,"0,1,2,3,4",1.0,1.0,1.0,0.0,0.8608058608058607,0.8424908424908425,0.8717948717948718,0.010989010989010997,0.85815329218107,0.838477366255144,0.8656121399176956,0.011111885070590508,0.8630792525379747,0.8462505986891675,0.8731104429183097,0.010030571603947309
domain-adaptation,54D,S3_train_I_internal_20_10_test_all,mk-mmd+lc,project-extension,bottleneck16,mlp,"0,1,2,3,4",0.9533333333333334,0.8,1.0,0.08692269873603531,0.8483516483516483,0.7472527472527473,0.8827838827838828,0.05678246453962115,0.8502057613168723,0.7546296296296297,0.8818158436213991,0.05367674188286309,0.8496922561448372,0.7467211174674668,0.8828562317427533,0.05775239718713937
domain-adaptation,54D,S3_train_I_internal_20_10_test_all,mk-mmd+cdan,project-extension,bottleneck16,mlp,"0,1,2,3,4",1.0,1.0,1.0,0.0,0.8791208791208792,0.8388278388278388,0.9157509157509156,0.03541955971760746,0.877829218106996,0.8356481481481483,0.9149948559670782,0.03382201646090531,0.8799702694345344,0.8410360330432086,0.9166219677954608,0.033748808661077274
domain-adaptation,54D,S3_train_I_internal_20_10_test_all,mk-mmd+lc+cdan,project-extension,bottleneck16,mlp,"0,1,2,3,4",0.9800000000000001,0.9333333333333332,1.0,0.02981423969999722,0.8901098901098902,0.8461538461538461,0.9267399267399268,0.03266035622733882,0.888888888888889,0.8515946502057613,0.9273405349794238,0.030732771664510942,0.8915418172079628,0.8482167664368164,0.9276727659336356,0.0317368673670733
domain-adaptation,54D,S4_train_I_val_D1_2,c-dann,project-extension,bottleneck16,linear,"0,1,2,3,4",1.0,1.0,1.0,0.0,0.9248979591836735,0.8816326530612245,0.9428571428571428,0.024928051403432582,0.9242646278007858,0.882765211850908,0.9422852288414568,0.02415299834810533,0.9269484050322105,0.8861313730229825,0.9446355320083348,0.02372601625456363
domain-adaptation,54D,S4_train_I_val_D1_2,cdan+c-dann,project-extension,bottleneck16,linear,"0,1,2,3,4",0.9965517241379309,0.9827586206896552,1.0,0.007710579232757861,0.9183673469387756,0.9020408163265308,0.9387755102040816,0.013226001425322082,0.9191674630986514,0.9028352978655624,0.939099500902623,0.013042833861639645,0.9199980673509447,0.9025338997647144,0.9401448822180528,0.013414360274762272
domain-adaptation,54D,S4_train_I_val_D1_2,mk-mmd+lc,project-extension,bottleneck16,linear,"0,1,2,3,4",1.0,1.0,1.0,0.0,0.9240816326530611,0.889795918367347,0.946938775510204,0.02476040961322951,0.9236274822130192,0.8905171498354041,0.946161197833705,0.02405724436277345,0.9260383508287138,0.8928104686014509,0.9484359948805804,0.023893127776180266
domain-adaptation,54D,S4_train_I_val_D1_2,mk-mmd+cdan,project-extension,bottleneck16,linear,"0,1,2,3,4",1.0,1.0,1.0,0.0,0.9199999999999999,0.889795918367347,0.946938775510204,0.0226521419192026,0.9183710311139428,0.8843049803546776,0.946161197833705,0.02427446066879816,0.921005279762222,0.88997668997669,0.9474594639559504,0.022955964277872734
domain-adaptation,54D,S4_train_I_val_D1_2,mk-mmd+lc+cdan,project-extension,bottleneck16,linear,"0,1,2,3,4",1.0,1.0,1.0,0.0,0.9224489795918368,0.9102040816326532,0.9428571428571428,0.014139190265868315,0.9220770946161199,0.9092067537432303,0.9422852288414568,0.014229911683428895,0.9242452536642805,0.9115681108851376,0.9446355320083348,0.014174772667536445
domain-adaptation,54D,S4_train_I_val_D1_2,c-dann,project-extension,bottleneck16,mlp,"0,1,2,3,4",1.0,1.0,1.0,0.0,0.9102040816326531,0.8530612244897959,0.9428571428571428,0.03616335744218232,0.9096208983752787,0.8535627057449293,0.9422852288414568,0.03580735922609572,0.9124134464183001,0.8564130691601571,0.9437434039593176,0.03532843358792586
domain-adaptation,54D,S4_train_I_val_D1_2,cdan+c-dann,project-extension,bottleneck16,mlp,"0,1,2,3,4",1.0,1.0,1.0,0.0,0.9208163265306123,0.889795918367347,0.9428571428571428,0.021130088335583296,0.9205267070192205,0.8884464266751619,0.9422852288414568,0.02094561946903057,0.9227623981420064,0.892186031759557,0.9433989992001042,0.020273855835183315
domain-adaptation,54D,S4_train_I_val_D1_2,mk-mmd+lc,project-extension,bottleneck16,mlp,"0,1,2,3,4",0.9896551724137932,0.9482758620689656,1.0,0.023131737698273633,0.9257142857142858,0.9102040816326532,0.9551020408163264,0.01717198691262246,0.9254539662312838,0.9098969947966444,0.9539131358182013,0.016718328037990098,0.9269047289589423,0.912859443294226,0.95601708023831,0.016750902793663116
domain-adaptation,54D,S4_train_I_val_D1_2,mk-mmd+cdan,project-extension,bottleneck16,mlp,"0,1,2,3,4",1.0,1.0,1.0,0.0,0.9183673469387756,0.9020408163265308,0.9387755102040816,0.013537244042266859,0.917925029202506,0.9035255389189764,0.9363385366889668,0.012279031001886811,0.9206434606082429,0.9055188339447352,0.9392454320904344,0.012433949786687916
domain-adaptation,54D,S4_train_I_val_D1_2,mk-mmd+lc+cdan,project-extension,bottleneck16,mlp,"0,1,2,3,4",1.0,1.0,1.0,0.0,0.9167346938775512,0.9020408163265308,0.9306122448979592,0.011759069625214584,0.9166507380269724,0.9035255389189762,0.9320378039715408,0.012471242185215415,0.9183151554481637,0.9046283241847758,0.9312919809894264,0.010926388005185118
domain-adaptation,54D,S5_train_I_D1_val_D2_3,c-dann,project-extension,bottleneck16,linear,"0,1,2,3,4",1.0,1.0,1.0,0.0,0.935064935064935,0.9264069264069263,0.9437229437229436,0.006122136633649751,0.9338343174091965,0.9250313115047414,0.9414922168545358,0.00587237880829661,0.9366342343342969,0.9285282076070016,0.9446058775829768,0.005703418210135985
domain-adaptation,54D,S5_train_I_D1_val_D2_3,cdan+c-dann,project-extension,bottleneck16,linear,"0,1,2,3,4",0.9972222222222221,0.9861111111111112,1.0,0.006211299937499394,0.9203463203463205,0.9047619047619048,0.9393939393939394,0.012471740511591303,0.9192699946323135,0.9058865628913938,0.9366612989801396,0.011263192009834952,0.9226168734072596,0.9086268785516906,0.9400090282674306,0.011391165145417017
domain-adaptation,54D,S5_train_I_D1_val_D2_3,mk-mmd+lc,project-extension,bottleneck16,linear,"0,1,2,3,4",0.9833333333333334,0.9583333333333334,1.0,0.0228217732293819,0.9290043290043289,0.9047619047619048,0.961038961038961,0.020442803382021806,0.9292181069958847,0.9066022544283412,0.9601001968151728,0.019587194073865825,0.9305575322077082,0.9057111748292388,0.9610407376146708,0.020044419039895248
domain-adaptation,54D,S5_train_I_D1_val_D2_3,mk-mmd+cdan,project-extension,bottleneck16,linear,"0,1,2,3,4",0.9916666666666668,0.9583333333333334,1.0,0.01863389981249823,0.9341991341991343,0.922077922077922,0.948051948051948,0.010335356178626272,0.934156378600823,0.9230631597781356,0.9470388262658794,0.00981388350237705,0.9359809958314435,0.9252307749641306,0.948080193144608,0.009389275047965641
domain-adaptation,54D,S5_train_I_D1_val_D2_3,mk-mmd+lc+cdan,project-extension,bottleneck16,linear,"0,1,2,3,4",0.9916666666666668,0.9583333333333334,1.0,0.01863389981249823,0.9212121212121213,0.9134199134199136,0.9307359307359307,0.006420951071078451,0.9203793165145819,0.9112542494185004,0.9298622293791377,0.006711397149225742,0.9226328175208185,0.9143942840773132,0.9329004329004328,0.0070502832271127115
domain-adaptation,54D,S5_train_I_D1_val_D2_3,c-dann,project-extension,bottleneck16,mlp,"0,1,2,3,4",1.0,1.0,1.0,0.0,0.9290043290043289,0.8961038961038961,0.961038961038961,0.024981018261910824,0.9295043836106638,0.895509035605654,0.9615315798890678,0.02535943918623894,0.9308096762046295,0.8991281148344831,0.96138895557892,0.023769331842236473
domain-adaptation,54D,S5_train_I_D1_val_D2_3,cdan+c-dann,project-extension,bottleneck16,mlp,"0,1,2,3,4",0.9888888888888889,0.9444444444444444,1.0,0.024845199749997673,0.909090909090909,0.8874458874458875,0.948051948051948,0.022906937758134963,0.9102880658436213,0.8901413490785471,0.949185900876722,0.02258315852315456,0.9112361540867507,0.8918115766766652,0.949146305075755,0.02207212176846554
domain-adaptation,54D,S5_train_I_D1_val_D2_3,mk-mmd+lc,project-extension,bottleneck16,mlp,"0,1,2,3,4",0.9916666666666668,0.9583333333333334,1.0,0.01863389981249823,0.9290043290043289,0.9004329004329005,0.948051948051948,0.017743637689973307,0.9290749686884953,0.9032027196278404,0.946323134728932,0.016099878415824945,0.930374108681689,0.902403628117914,0.9490394662808456,0.017306001500491743
domain-adaptation,54D,S5_train_I_D1_val_D2_3,mk-mmd+cdan,project-extension,bottleneck16,mlp,"0,1,2,3,4",0.9833333333333334,0.9583333333333334,1.0,0.01810889557000735,0.9212121212121211,0.8874458874458875,0.9437229437229436,0.023985965674796616,0.9213812846663089,0.8872785829307569,0.9436392914653784,0.023867467754109965,0.9230523051319723,0.891449034531392,0.9456800033446214,0.022843691254705627
domain-adaptation,54D,S5_train_I_D1_val_D2_3,mk-mmd+lc+cdan,project-extension,bottleneck16,mlp,"0,1,2,3,4",1.0,1.0,1.0,0.0,0.9047619047619048,0.8658008658008658,0.935064935064935,0.0356978842044819,0.9048845947396671,0.8645553766326713,0.9346931472535336,0.03560916031938028,0.9073999859554558,0.8694876454974375,0.9359443566009914,0.03466510553544848
domain-adaptation,54D,S6_train_I_D1_2_val_D3_5,c-dann,project-extension,bottleneck16,linear,"0,1,2,3,4",0.9918367346938777,0.9693877551020408,1.0,0.01330449470449522,0.9639024390243902,0.951219512195122,0.9804878048780488,0.011747897150041256,0.9637081749757807,0.9512631343617258,0.9806244876667412,0.011799085611322816,0.9645100621724815,0.9526160663066484,0.9810066686376926,0.01146001670076199
domain-adaptation,54D,S6_train_I_D1_2_val_D3_5,cdan+c-dann,project-extension,bottleneck16,linear,"0,1,2,3,4",0.9979591836734694,0.9897959183673468,1.0,0.004563404035713911,0.9482926829268292,0.9317073170731708,0.9658536585365852,0.013179762035225568,0.9468961919666145,0.9295029435874508,0.9647514717937252,0.013694738268298092,0.9489028381036058,0.9324125105258748,0.9662168383897788,0.013091452084884478
domain-adaptation,54D,S6_train_I_D1_2_val_D3_5,mk-mmd+lc,project-extension,bottleneck16,linear,"0,1,2,3,4",0.9938775510204081,0.9693877551020408,1.0,0.013690212107141584,0.9590243902439024,0.946341463414634,0.9658536585365852,0.008162536844234904,0.9581787018406736,0.9453759594604664,0.9653476414039792,0.008215332958073467,0.9591996964584496,0.94700764858462,0.9660248721671612,0.007980005507189086
domain-adaptation,54D,S6_train_I_D1_2_val_D3_5,mk-mmd+cdan,project-extension,bottleneck16,linear,"0,1,2,3,4",0.9979591836734694,0.9897959183673468,1.0,0.004563404035713911,0.9502439024390243,0.9414634146341464,0.9658536585365852,0.009383114176425008,0.949370295849169,0.9406811237797154,0.9647514717937252,0.009305696074351104,0.9506889054372936,0.9417206724156912,0.9662168383897788,0.009286118396842338
domain-adaptation,54D,S6_train_I_D1_2_val_D3_5,mk-mmd+lc+cdan,project-extension,bottleneck16,linear,"0,1,2,3,4",0.9979591836734694,0.9897959183673468,1.0,0.004563404035713911,0.9453658536585365,0.9170731707317074,0.9658536585365852,0.019018135306944246,0.9445562262463671,0.9160146061554512,0.9647514717937252,0.019039547122675873,0.9457218051267471,0.9163694440976629,0.9662168383897788,0.019492847840849477
domain-adaptation,54D,S6_train_I_D1_2_val_D3_5,c-dann,project-extension,bottleneck16,mlp,"0,1,2,3,4",0.9897959183673469,0.9693877551020408,1.0,0.014430750636460151,0.96,0.9365853658536586,0.9853658536585366,0.01805537124226508,0.9595946046650271,0.93539011848871,0.9853193233474924,0.018474901488445983,0.9605609401974282,0.9379792630758712,0.9856748768472906,0.017699552697200232
domain-adaptation,54D,S6_train_I_D1_2_val_D3_5,cdan+c-dann,project-extension,bottleneck16,mlp,"0,1,2,3,4",1.0,1.0,1.0,0.0,0.9512195121951219,0.9365853658536586,0.9658536585365852,0.010907648670730618,0.9517400700499292,0.9377747969297264,0.9665399806244878,0.010658824496697434,0.9515000635670983,0.9365226252444296,0.9662619039933276,0.011197846278825597
domain-adaptation,54D,S6_train_I_D1_2_val_D3_5,mk-mmd+lc,project-extension,bottleneck16,mlp,"0,1,2,3,4",0.9959183673469388,0.979591836734694,1.0,0.009126808071427673,0.9541463414634146,0.9414634146341464,0.9609756097560976,0.007397927262489281,0.9531261643937701,0.9412772933899696,0.95946046650272,0.006933876421665683,0.9545040355648057,0.9416014985704428,0.96125387293471,0.007496245836969575
domain-adaptation,54D,S6_train_I_D1_2_val_D3_5,mk-mmd+cdan,project-extension,bottleneck16,mlp,"0,1,2,3,4",1.0,1.0,1.0,0.0,0.9463414634146341,0.9219512195121952,0.9609756097560976,0.01542574468374817,0.945733661226619,0.918324763395186,0.9612489753334824,0.017260821931589877,0.9464800208938652,0.9210430626980416,0.9611228506481668,0.015874146159720173
domain-adaptation,54D,S6_train_I_D1_2_val_D3_5,mk-mmd+lc+cdan,project-extension,bottleneck16,mlp,"0,1,2,3,4",0.9959183673469388,0.979591836734694,1.0,0.009126808071427673,0.9551219512195122,0.946341463414634,0.9609756097560976,0.006360197468490463,0.9543035993740219,0.9447797898502124,0.9618451449437364,0.006848534887947852,0.9551900600302552,0.9462580185317178,0.9612016908212562,0.006342515787352012
domain-adaptation,54D,S7_train_I_D1_3_val_D4_5,c-dann,project-extension,bottleneck16,linear,"0,1,2,3,4",0.9979591836734694,0.9897959183673468,1.0,0.004563404035713911,0.9560975609756097,0.9414634146341464,0.9658536585365852,0.01034790411492499,0.9556002682763246,0.9400849541694613,0.9665399806244878,0.010952259031427113,0.9569199543407944,0.9426534250063662,0.9663721944801876,0.009993387225893633
domain-adaptation,54D,S7_train_I_D1_3_val_D4_5,cdan+c-dann,project-extension,bottleneck16,linear,"0,1,2,3,4",0.9959183673469388,0.979591836734694,1.0,0.009126808071427675,0.953170731707317,0.9317073170731708,0.9707317073170731,0.01565542101061578,0.9518294954914672,0.9283106043669423,0.9700424770847306,0.016501743681417276,0.953438450143649,0.9316880021527698,0.9711621605813568,0.015729214905796596
domain-adaptation,54D,S7_train_I_D1_3_val_D4_5,mk-mmd+lc,project-extension,bottleneck16,linear,"0,1,2,3,4",1.0,1.0,1.0,0.0,0.9609756097560975,0.946341463414634,0.9707317073170731,0.009125993626277943,0.9602951039570756,0.9453759594604664,0.9700424770847306,0.009188406700878261,0.9612582282918701,0.9469708504627046,0.9706608603728336,0.008842004374573855
domain-adaptation,54D,S7_train_I_D1_3_val_D4_5,mk-mmd+cdan,project-extension,bottleneck16,linear,"0,1,2,3,4",1.0,1.0,1.0,0.0,0.9414634146341465,0.926829268292683,0.9609756097560976,0.012436632959982413,0.9408003577017663,0.92778895595797,0.95946046650272,0.011766635746183838,0.9416328970875337,0.9261074056084068,0.961115678717226,0.012703237215104692
domain-adaptation,54D,S7_train_I_D1_3_val_D4_5,mk-mmd+lc+cdan,project-extension,bottleneck16,linear,"0,1,2,3,4",0.9979591836734694,0.9897959183673468,1.0,0.004563404035713911,0.9492682926829268,0.926829268292683,0.9609756097560976,0.014876049445831117,0.9485505626350698,0.9265966167374616,0.9606528057232282,0.01444045141618901,0.9498099292497691,0.9284279051834716,0.9608407854996792,0.014237274221842408
domain-adaptation,54D,S7_train_I_D1_3_val_D4_5,c-dann,project-extension,bottleneck16,mlp,"0,1,2,3,4",1.0,1.0,1.0,0.0,0.9473170731707317,0.9317073170731708,0.9609756097560976,0.011646181840305653,0.9463149265966166,0.9306952828079588,0.9618451449437364,0.012374850760473545,0.9479640860143274,0.932502653750864,0.9619850943380356,0.011812191474495842
domain-adaptation,54D,S7_train_I_D1_3_val_D4_5,cdan+c-dann,project-extension,bottleneck16,mlp,"0,1,2,3,4",0.9979591836734694,0.9897959183673468,1.0,0.004563404035713911,0.9414634146341463,0.9170731707317074,0.9560975609756096,0.016898056659208464,0.9412772933899693,0.9178031149862136,0.9571503092629852,0.016725320335817792,0.942193646111592,0.9180128447219232,0.956163918446317,0.016405356685001156
domain-adaptation,54D,S7_train_I_D1_3_val_D4_5,mk-mmd+lc,project-extension,bottleneck16,mlp,"0,1,2,3,4",1.0,1.0,1.0,0.0,0.9541463414634146,0.951219512195122,0.9560975609756096,0.002671817353683618,0.9534838661599224,0.9494746255309636,0.9571503092629854,0.0033182442492430673,0.9542066912715015,0.9505990422397956,0.95684874088879,0.0029329548274457913
domain-adaptation,54D,S7_train_I_D1_3_val_D4_5,mk-mmd+cdan,project-extension,bottleneck16,mlp,"0,1,2,3,4",0.9918367346938775,0.9693877551020408,1.0,0.013304494704495221,0.9473170731707317,0.9317073170731708,0.9707317073170731,0.01519259658770479,0.9466726283627691,0.9300991131977048,0.9712348163052388,0.016031465981583826,0.9475363773369981,0.9330574963893984,0.9710428507587632,0.01503144662985135
domain-adaptation,54D,S7_train_I_D1_3_val_D4_5,mk-mmd+lc+cdan,project-extension,bottleneck16,mlp,"0,1,2,3,4",1.0,1.0,1.0,0.0,0.9560975609756097,0.946341463414634,0.9707317073170731,0.00912599362627793,0.9559579700424772,0.9447797898502124,0.9712348163052388,0.00993440566271791,0.9566519777764194,0.946620978760468,0.971644295522486,0.00930012395257582
domain-adaptation,48D,S1_train_I_test_all,c-dann,project-extension,bottleneck16,linear,"0,1,2,3,4",0.9933333333333334,0.9666666666666668,1.0,0.014907119849998545,0.7560439560439561,0.6666666666666666,0.8388278388278388,0.07781620011550262,0.7450874485596708,0.6550925925925926,0.8253600823045267,0.07659344537326215,0.746563767996204,0.657165251658368,0.8259639126305792,0.07591429209658133
domain-adaptation,48D,S1_train_I_test_all,cdan+c-dann,project-extension,bottleneck16,linear,"0,1,2,3,4",1.0,1.0,1.0,0.0,0.7765567765567766,0.6483516483516484,0.8717948717948718,0.09363972916603822,0.7691615226337448,0.6480195473251028,0.8649691358024691,0.08938048630414709,0.7704886954924465,0.6499402628434887,0.8702721214761283,0.08950341303478347
domain-adaptation,48D,S1_train_I_test_all,mk-mmd+lc,project-extension,bottleneck16,linear,"0,1,2,3,4",1.0,1.0,1.0,0.0,0.7663003663003664,0.6556776556776557,0.8095238095238095,0.06298875366652534,0.7559670781893004,0.6466049382716049,0.7988683127572016,0.06216560327565606,0.7601050184313414,0.6526436821826177,0.8056166056166055,0.06141297203970725
domain-adaptation,48D,S1_train_I_test_all,mk-mmd+cdan,project-extension,bottleneck16,linear,"0,1,2,3,4",1.0,1.0,1.0,0.0,0.7721611721611723,0.6959706959706959,0.8278388278388278,0.048553800965947226,0.762937242798354,0.6931584362139919,0.8181584362139916,0.04617356990034667,0.7669663516008768,0.6953316317388518,0.8231527476715391,0.047729402808031465
domain-adaptation,48D,S1_train_I_test_all,mk-mmd+lc+cdan,project-extension,bottleneck16,linear,"0,1,2,3,4",1.0,1.0,1.0,0.0,0.7875457875457876,0.684981684981685,0.8827838827838828,0.07511390715901052,0.7770061728395061,0.6698816872427984,0.8753858024691358,0.07799902309849871,0.7804215999752694,0.6699419916811221,0.8794642857142857,0.0799693613547728
domain-adaptation,48D,S1_train_I_test_all,c-dann,project-extension,bottleneck16,mlp,"0,1,2,3,4",1.0,1.0,1.0,0.0,0.7384615384615385,0.6556776556776557,0.8424908424908425,0.06687364721521409,0.7294495884773663,0.6401748971193415,0.840406378600823,0.07160579976259708,0.7320011733035894,0.6393823678254816,0.8382166400263951,0.07095325729964456
domain-adaptation,48D,S1_train_I_test_all,cdan+c-dann,project-extension,bottleneck16,mlp,"0,1,2,3,4",1.0,1.0,1.0,0.0,0.6974358974358974,0.5677655677655677,0.7985347985347986,0.09783031794506573,0.6852880658436213,0.5529835390946501,0.7890946502057613,0.1009290933761071,0.6892773439457947,0.5598287609011116,0.7931052143726728,0.10144693305893115
domain-adaptation,48D,S1_train_I_test_all,mk-mmd+lc,project-extension,bottleneck16,mlp,"0,1,2,3,4",1.0,1.0,1.0,0.0,0.7538461538461538,0.7032967032967034,0.7875457875457875,0.035457421363604545,0.7464763374485597,0.6962448559670782,0.7806069958847738,0.03474848020254358,0.7493258468868474,0.6999828738959174,0.7821007348724169,0.03507667422840665
domain-adaptation,48D,S1_train_I_test_all,mk-mmd+cdan,project-extension,bottleneck16,mlp,"0,1,2,3,4",0.9866666666666667,0.9666666666666668,1.0,0.018257418583505474,0.7113553113553113,0.6483516483516484,0.7912087912087912,0.06420191150243704,0.6984825102880658,0.6383744855967078,0.7853652263374485,0.06656484690687499,0.6985418485478607,0.6349786913931544,0.7913688734173316,0.07118065101788806
domain-adaptation,48D,S1_train_I_test_all,mk-mmd+lc+cdan,project-extension,bottleneck16,mlp,"0,1,2,3,4",0.9933333333333334,0.9666666666666668,1.0,0.014907119849998545,0.6410256410256411,0.608058608058608,0.684981684981685,0.03867895985703824,0.6313014403292182,0.5982510288065844,0.6782407407407408,0.04189279141170424,0.634259329265098,0.5991104629740325,0.683331613116713,0.04318837786691246
domain-adaptation,48D,S2_train_I_internal_val_test_all,c-dann,project-extension,bottleneck16,linear,"0,1,2,3,4",0.8133333333333332,0.5666666666666667,1.0,0.15740958604156793,0.6490842490842491,0.5091575091575091,0.8021978021978022,0.11162849659531408,0.6461419753086419,0.5025720164609053,0.7854938271604938,0.10891091259021857,0.641516809306417,0.4807044269030143,0.7830612481357216,0.11536770995019234
domain-adaptation,48D,S2_train_I_internal_val_test_all,cdan+c-dann,project-extension,bottleneck16,linear,"0,1,2,3,4",0.8800000000000001,0.7333333333333333,1.0,0.11205157542647744,0.7223443223443224,0.652014652014652,0.8095238095238095,0.06580165785154674,0.7215020576131688,0.6495627572016461,0.8059413580246914,0.06011312008352439,0.7138928725949307,0.6443381315309389,0.8030643355242847,0.06610156860810752
domain-adaptation,48D,S2_train_I_internal_val_test_all,mk-mmd+lc,project-extension,bottleneck16,linear,"0,1,2,3,4",0.7866666666666667,0.5666666666666667,1.0,0.153839743456191,0.6593406593406593,0.5091575091575091,0.8095238095238095,0.10679399074808243,0.6585648148148149,0.503858024691358,0.799511316872428,0.10585476607127448,0.6545423620104187,0.4815940106019525,0.8033039639294081,0.1147814839454296
domain-adaptation,48D,S2_train_I_internal_val_test_all,mk-mmd+cdan,project-extension,bottleneck16,linear,"0,1,2,3,4",0.8266666666666665,0.5666666666666667,1.0,0.18469193569593428,0.6600732600732601,0.5054945054945055,0.7619047619047619,0.0940472177927104,0.6555298353909464,0.5003858024691358,0.746656378600823,0.09189267174225625,0.6522137205284617,0.4767635581408007,0.7465942669194702,0.10236811831504113
domain-adaptation,48D,S2_train_I_internal_val_test_all,mk-mmd+lc+cdan,project-extension,bottleneck16,linear,"0,1,2,3,4",0.7066666666666667,0.5666666666666667,0.8333333333333334,0.10645812948447543,0.6432234432234432,0.5091575091575091,0.717948717948718,0.07875883794599123,0.6474022633744856,0.503858024691358,0.7287808641975309,0.08508795492244708,0.6362487543889626,0.4815940106019525,0.7188996683992287,0.09025642300441239
domain-adaptation,48D,S2_train_I_internal_val_test_all,c-dann,project-extension,bottleneck16,mlp,"0,1,2,3,4",0.9800000000000001,0.9333333333333332,1.0,0.02981423969999722,0.7084249084249084,0.6410256410256411,0.7875457875457875,0.05654567257998595,0.7040637860082304,0.6340020576131687,0.7876800411522633,0.05939418953433334,0.706018562756436,0.6386807124209223,0.7829564043859204,0.05622835281229753
domain-adaptation,48D,S2_train_I_internal_val_test_all,cdan+c-dann,project-extension,bottleneck16,mlp,"0,1,2,3,4",0.9866666666666667,0.9333333333333332,1.0,0.02981423969999724,0.7677655677655677,0.6666666666666666,0.8608058608058609,0.07455809784667494,0.7609567901234567,0.665380658436214,0.8519804526748972,0.07067059288930572,0.7659027781182325,0.670514375197909,0.8575334384898499,0.07003758993979482
domain-adaptation,48D,S2_train_I_internal_val_test_all,mk-mmd+lc,project-extension,bottleneck16,mlp,"0,1,2,3,4",0.9333333333333333,0.8,1.0,0.09428090415820632,0.7084249084249084,0.6153846153846154,0.8205128205128205,0.07469294711194031,0.7039351851851852,0.6212705761316872,0.8092849794238682,0.06956777980348657,0.7040003068758485,0.6071065416337137,0.8150824271513927,0.07572022257594478
domain-adaptation,48D,S2_train_I_internal_val_test_all,mk-mmd+cdan,project-extension,bottleneck16,mlp,"0,1,2,3,4",0.9466666666666667,0.8,1.0,0.0869226987360353,0.7069597069597069,0.575091575091575,0.7912087912087912,0.08412955368392566,0.6994598765432098,0.5785751028806585,0.7750771604938271,0.07803617259641038,0.7021433870397489,0.5787802907198736,0.774183370267498,0.07907708535255882
domain-adaptation,48D,S2_train_I_internal_val_test_all,mk-mmd+lc+cdan,project-extension,bottleneck16,mlp,"0,1,2,3,4",0.9800000000000001,0.9,1.0,0.04472135954999578,0.7406593406593407,0.6886446886446886,0.7948717948717948,0.03765952575084211,0.7333333333333334,0.6778549382716049,0.7907664609053499,0.03998737078143835,0.736788736936549,0.6785690117607995,0.7929157630650168,0.04049591236429971
domain-adaptation,48D,S3_train_I_internal_20_10_test_all,c-dann,project-extension,bottleneck16,linear,"0,1,2,3,4",0.9933333333333334,0.9666666666666668,1.0,0.014907119849998545,0.7098901098901098,0.6410256410256411,0.7765567765567766,0.05348487105771128,0.7000514403292181,0.6340020576131687,0.7631172839506172,0.05329434402736005,0.6973961594443998,0.6304836374495817,0.7628044362902857,0.05566520374591931
domain-adaptation,48D,S3_train_I_internal_20_10_test_all,cdan+c-dann,project-extension,bottleneck16,linear,"0,1,2,3,4",0.9866666666666667,0.9333333333333332,1.0,0.02981423969999724,0.7619047619047619,0.6593406593406593,0.8315018315018315,0.06286081429205319,0.7554012345679012,0.6430041152263374,0.8267746913580246,0.06781489778215592,0.7575914718338315,0.6390295332420569,0.8280490569482466,0.07060115323298083
domain-adaptation,48D,S3_train_I_internal_20_10_test_all,mk-mmd+lc,project-extension,bottleneck16,linear,"0,1,2,3,4",0.9933333333333334,0.9666666666666668,1.0,0.014907119849998545,0.7384615384615384,0.673992673992674,0.7875457875457875,0.05654567257998594,0.729320987654321,0.6633230452674898,0.7902520576131687,0.05862797137587796,0.7290917211319261,0.667713827195644,0.7917076864993909,0.05624740761200417
domain-adaptation,48D,S3_train_I_internal_20_10_test_all,mk-mmd+cdan,project-extension,bottleneck16,linear,"0,1,2,3,4",0.9933333333333334,0.9666666666666668,1.0,0.014907119849998545,0.7912087912087913,0.6776556776556777,0.8571428571428571,0.06916193255860513,0.7818930041152263,0.668724279835391,0.8478652263374485,0.06852396838921392,0.7857401024442849,0.6742330337688721,0.8531653763067114,0.0678554409649002
domain-adaptation,48D,S3_train_I_internal_20_10_test_all,mk-mmd+lc+cdan,project-extension,bottleneck16,linear,"0,1,2,3,4",0.9866666666666667,0.9666666666666668,1.0,0.018257418583505474,0.7098901098901098,0.5567765567765568,0.8021978021978022,0.09173612215383753,0.6985082304526748,0.5534979423868313,0.7919238683127571,0.0879861606958513,0.6997002705930367,0.5563400318668098,0.7959553567528578,0.0875918116730446
domain-adaptation,48D,S3_train_I_internal_20_10_test_all,c-dann,project-extension,bottleneck16,mlp,"0,1,2,3,4",0.9933333333333334,0.9666666666666668,1.0,0.014907119849998545,0.7443223443223442,0.63003663003663,0.7985347985347986,0.06569962389676859,0.7362911522633745,0.6287294238683127,0.7852366255144032,0.06181410962093197,0.738640950186355,0.6301634468091435,0.785064557097234,0.062137818792106676
domain-adaptation,48D,S3_train_I_internal_20_10_test_all,cdan+c-dann,project-extension,bottleneck16,mlp,"0,1,2,3,4",1.0,1.0,1.0,0.0,0.7714285714285714,0.684981684981685,0.8461538461538461,0.06176263025439555,0.7666152263374486,0.6814557613168724,0.8419495884773663,0.06003912295392737,0.7682207035271796,0.6802503496309836,0.8459123570958077,0.061611585770908674
domain-adaptation,48D,S3_train_I_internal_20_10_test_all,mk-mmd+lc,project-extension,bottleneck16,mlp,"0,1,2,3,4",1.0,1.0,1.0,0.0,0.7604395604395604,0.684981684981685,0.8241758241758241,0.05164705269454817,0.7543981481481482,0.6660236625514403,0.824974279835391,0.05815327227381843,0.7532867330506944,0.6601826006274945,0.820491564470155,0.05924327449783121
domain-adaptation,48D,S3_train_I_internal_20_10_test_all,mk-mmd+cdan,project-extension,bottleneck16,mlp,"0,1,2,3,4",1.0,1.0,1.0,0.0,0.7501831501831501,0.6556776556776557,0.8241758241758241,0.06534125033050497,0.7408179012345679,0.6414609053497942,0.8159722222222222,0.06653633092779716,0.7438805592423332,0.6341419586702605,0.8225115134866271,0.07235656850145163
domain-adaptation,48D,S3_train_I_internal_20_10_test_all,mk-mmd+lc+cdan,project-extension,bottleneck16,mlp,"0,1,2,3,4",0.9866666666666667,0.9333333333333332,1.0,0.02981423969999724,0.7604395604395604,0.7142857142857143,0.7838827838827839,0.026992136889290166,0.7523405349794239,0.7053755144032922,0.7822788065843621,0.029650703962609923,0.7538542503325624,0.7111111111111111,0.7862687168989074,0.0299779213809031
domain-adaptation,48D,S4_train_I_val_D1_2,c-dann,project-extension,bottleneck16,linear,"0,1,2,3,4",0.9965517241379309,0.9827586206896552,1.0,0.007710579232757861,0.9142857142857143,0.889795918367347,0.9346938775510204,0.0182536161428554,0.9125305298927472,0.8877561856217479,0.9352235319103748,0.01923652457448846,0.9143705646408075,0.8899229417767659,0.93531675054344,0.018008688062381654
domain-adaptation,48D,S4_train_I_val_D1_2,cdan+c-dann,project-extension,bottleneck16,linear,"0,1,2,3,4",0.993103448275862,0.9655172413793104,1.0,0.015421158465515773,0.8726530612244898,0.8326530612244898,0.8979591836734694,0.027441202145259774,0.8718912604863546,0.8307316555166189,0.89481788255283,0.02658605071568242,0.8749079883711566,0.8372369693268705,0.8975838683891597,0.02618184801706211
domain-adaptation,48D,S4_train_I_val_D1_2,mk-mmd+lc,project-extension,bottleneck16,linear,"0,1,2,3,4",0.9965517241379309,0.9827586206896552,1.0,0.007710579232757861,0.8971428571428571,0.8775510204081632,0.9346938775510204,0.02298071552695388,0.8965275565466708,0.8768185196984177,0.9338430498035468,0.02361481346002681,0.8973275396815052,0.8792941492216855,0.934796558166832,0.022807653699802612
domain-adaptation,48D,S4_train_I_val_D1_2,mk-mmd+cdan,project-extension,bottleneck16,linear,"0,1,2,3,4",0.993103448275862,0.9827586206896552,1.0,0.009443492370778683,0.8677551020408163,0.7918367346938775,0.9102040816326532,0.048945566412804196,0.8617181692683445,0.7809281087395137,0.9078262716364024,0.052842775041269274,0.8640348302882526,0.7838166664879372,0.9105425204870162,0.05318760695447112
domain-adaptation,48D,S4_train_I_val_D1_2,mk-mmd+lc+cdan,project-extension,bottleneck16,linear,"0,1,2,3,4",1.0,1.0,1.0,0.0,0.9028571428571428,0.8938775510204081,0.9102040816326532,0.007301446457142254,0.9007114792396731,0.890251672507168,0.9105872358500584,0.00889035968977311,0.9029680054820283,0.8938403442852971,0.912013181750024,0.00789247538178986
domain-adaptation,48D,S4_train_I_val_D1_2,c-dann,project-extension,bottleneck16,mlp,"0,1,2,3,4",0.993103448275862,0.9655172413793104,1.0,0.015421158465515774,0.8824489795918368,0.8448979591836735,0.8938775510204081,0.021287191527192287,0.880365296803653,0.8506424551343316,0.89232239566741,0.017506630620750998,0.8823890556675831,0.8453169156111929,0.8963261200934444,0.021411963064023452
domain-adaptation,48D,S4_train_I_val_D1_2,cdan+c-dann,project-extension,bottleneck16,mlp,"0,1,2,3,4",0.9896551724137932,0.9482758620689656,1.0,0.023131737698273633,0.8767346938775511,0.8285714285714286,0.9224489795918368,0.04136367693112894,0.8764574705320166,0.831687373898269,0.9187639375597324,0.03953558038777002,0.8774398898316831,0.832057057057057,0.9222061253735462,0.04049806755791695
domain-adaptation,48D,S4_train_I_val_D1_2,mk-mmd+lc,project-extension,bottleneck16,mlp,"0,1,2,3,4",0.993103448275862,0.9655172413793104,1.0,0.015421158465515774,0.896326530612245,0.8612244897959184,0.9183673469387756,0.026858259389978986,0.8943718806413932,0.8592439205691834,0.9162684506743124,0.0268654818906326,0.8974028456296667,0.8627256924619034,0.920137711547231,0.025777601988083428
domain-adaptation,48D,S4_train_I_val_D1_2,mk-mmd+cdan,project-extension,bottleneck16,mlp,"0,1,2,3,4",0.9965517241379309,0.9827586206896552,1.0,0.007710579232757861,0.8914285714285715,0.8653061224489796,0.926530612244898,0.023729700985712067,0.88944462142933,0.8658808537750876,0.9240203886588084,0.02406183754417817,0.8913192194433608,0.8660070088641517,0.9257698142146245,0.02414697211683213
domain-adaptation,48D,S4_train_I_val_D1_2,mk-mmd+lc+cdan,project-extension,bottleneck16,mlp,"0,1,2,3,4",0.993103448275862,0.9827586206896552,1.0,0.009443492370778685,0.9167346938775511,0.8979591836734694,0.9306122448979592,0.014020868601892,0.9160985451842413,0.9010300520335562,0.9306573218647128,0.012803627786285509,0.9173295910043786,0.8986663719422342,0.9305774659709648,0.013900897738844073
domain-adaptation,48D,S5_train_I_D1_val_D2_3,c-dann,project-extension,bottleneck16,linear,"0,1,2,3,4",0.9666666666666666,0.9305555555555556,1.0,0.03197462342561482,0.8961038961038961,0.8181818181818182,0.9437229437229436,0.04849644264590488,0.8962247271426016,0.8171408123098943,0.9414922168545358,0.04854105633344131,0.8977537702249304,0.8220472440944881,0.9427044351419552,0.04655759159090117
domain-adaptation,48D,S5_train_I_D1_val_D2_3,cdan+c-dann,project-extension,bottleneck16,linear,"0,1,2,3,4",0.975,0.9166666666666666,1.0,0.03726779962499651,0.8943722943722943,0.8658008658008658,0.9264069264069263,0.022410699749861086,0.8945786366076222,0.8702809089282519,0.924315619967794,0.02043734848156211,0.8952063343478048,0.8664989958276825,0.9261184768636342,0.02195930374157102
domain-adaptation,48D,S5_train_I_D1_val_D2_3,mk-mmd+lc,project-extension,bottleneck16,linear,"0,1,2,3,4",0.9805555555555555,0.9444444444444444,1.0,0.02324055629261322,0.9125541125541126,0.8961038961038961,0.935064935064935,0.017152911477193875,0.9111468956879584,0.8912148863839685,0.9346931472535336,0.01763756778242131,0.9133632440443055,0.8954796939975264,0.9362882828738136,0.017278015635289686
domain-adaptation,48D,S5_train_I_D1_val_D2_3,mk-mmd+cdan,project-extension,bottleneck16,linear,"0,1,2,3,4",0.961111111111111,0.9305555555555556,0.9861111111111112,0.022821773229381927,0.909090909090909,0.8917748917748918,0.922077922077922,0.012621107997500651,0.9085704061549471,0.8928251923421006,0.9244945428520308,0.014075330072145086,0.9095110330824492,0.8928278877321115,0.9228981171459067,0.012941185692423285
domain-adaptation,48D,S5_train_I_D1_val_D2_3,mk-mmd+lc+cdan,project-extension,bottleneck16,linear,"0,1,2,3,4",0.9805555555555555,0.9305555555555556,1.0,0.030429030972509218,0.89004329004329,0.8528138528138528,0.9090909090909092,0.02302932654245958,0.8898908570406154,0.8522096976203256,0.9107174807657898,0.023627510387812363,0.8901408052184078,0.8533340139179555,0.9089240197268076,0.022664483518764177
domain-adaptation,48D,S5_train_I_D1_val_D2_3,c-dann,project-extension,bottleneck16,mlp,"0,1,2,3,4",0.9583333333333334,0.9166666666666666,0.9861111111111112,0.02946278254943952,0.8917748917748917,0.8571428571428571,0.922077922077922,0.0248682365650997,0.8913938092682054,0.854893540883879,0.925925925925926,0.02700431825680145,0.8932689552440388,0.8572307213993396,0.923323630964827,0.025144368125202803
domain-adaptation,48D,S5_train_I_D1_val_D2_3,cdan+c-dann,project-extension,bottleneck16,mlp,"0,1,2,3,4",0.9666666666666666,0.9027777777777778,1.0,0.03752571135029527,0.8805194805194805,0.8311688311688312,0.9134199134199136,0.03219219470576315,0.8795491143317229,0.8251923421005546,0.9141170155662908,0.03509794823634078,0.882584005887401,0.8335540929658576,0.9149285066408958,0.0322299817600278
domain-adaptation,48D,S5_train_I_D1_val_D2_3,mk-mmd+lc,project-extension,bottleneck16,mlp,"0,1,2,3,4",0.9722222222222223,0.9305555555555556,1.0,0.02946278254943947,0.9142857142857143,0.8917748917748918,0.948051948051948,0.021074738432273726,0.913365539452496,0.8885310431204152,0.9477545178028268,0.021766687709305933,0.9144883981516255,0.8933967391304347,0.9493447435933056,0.021279728728738734
domain-adaptation,48D,S5_train_I_D1_val_D2_3,mk-mmd+cdan,project-extension,bottleneck16,mlp,"0,1,2,3,4",0.9777777777777779,0.9583333333333334,1.0,0.02106354290014318,0.9064935064935064,0.8787878787878788,0.9264069264069263,0.018005744019987363,0.9075326534263732,0.8819108964036501,0.9264626945786366,0.01731923612517708,0.9072994781809139,0.8792570450851867,0.9262635453718256,0.017896965431992103
domain-adaptation,48D,S5_train_I_D1_val_D2_3,mk-mmd+lc+cdan,project-extension,bottleneck16,mlp,"0,1,2,3,4",0.9694444444444444,0.9166666666666666,1.0,0.034583054438857605,0.9212121212121211,0.8961038961038961,0.9393939393939394,0.016312938252308923,0.9198067632850242,0.8947933440687064,0.9352299159062444,0.015575748346078024,0.9218086917944394,0.8972129816852119,0.9383755040628752,0.01581975797324143
domain-adaptation,48D,S6_train_I_D1_2_val_D3_5,c-dann,project-extension,bottleneck16,linear,"0,1,2,3,4",0.9775510204081632,0.9693877551020408,0.9897959183673468,0.008537347209531367,0.9463414634146343,0.9365853658536586,0.9609756097560976,0.009756097560975618,0.9468067665250764,0.9365824577092182,0.9624413145539906,0.010216527840497416,0.9467579843194434,0.9373494351522914,0.9616347001763668,0.009820760127067245
domain-adaptation,48D,S6_train_I_D1_2_val_D3_5,cdan+c-dann,project-extension,bottleneck16,linear,"0,1,2,3,4",0.9714285714285713,0.9591836734693876,1.0,0.018253616142855512,0.9414634146341463,0.9219512195121952,0.9560975609756096,0.014221833889866524,0.9411580594679186,0.9219017810567106,0.9571503092629854,0.0149558128517622,0.941624018609518,0.9231254585006216,0.9558371811245374,0.013739994790466028
domain-adaptation,48D,S6_train_I_D1_2_val_D3_5,mk-mmd+lc,project-extension,bottleneck16,linear,"0,1,2,3,4",0.9959183673469388,0.979591836734694,1.0,0.009126808071427675,0.9482926829268292,0.9414634146341464,0.9560975609756096,0.006544589202438349,0.947253893732767,0.9400849541694613,0.955361800432223,0.006857651334374549,0.9485534821670842,0.9413394192302004,0.9561911139751252,0.006587805234887025
domain-adaptation,48D,S6_train_I_D1_2_val_D3_5,mk-mmd+cdan,project-extension,bottleneck16,linear,"0,1,2,3,4",0.9775510204081632,0.9489795918367347,1.0,0.023268886226513037,0.9200000000000002,0.8390243902439024,0.946341463414634,0.04544708175161802,0.9178776361874954,0.8331470303301289,0.9471644682912288,0.04762586949389647,0.9195127938199832,0.8359655606125439,0.94668288611741,0.046877912898805586
domain-adaptation,48D,S6_train_I_D1_2_val_D3_5,mk-mmd+lc+cdan,project-extension,bottleneck16,linear,"0,1,2,3,4",0.9938775510204081,0.979591836734694,1.0,0.009126808071427692,0.9307317073170731,0.8975609756097561,0.9658536585365852,0.025673555837933154,0.9286832103733513,0.8930620761606677,0.9653476414039792,0.027221004601754126,0.9308376733289732,0.8961864702129142,0.9661800513506246,0.02619552555069377
domain-adaptation,48D,S6_train_I_D1_2_val_D3_5,c-dann,project-extension,bottleneck16,mlp,"0,1,2,3,4",0.9836734693877551,0.9489795918367347,1.0,0.023491560067798633,0.937560975609756,0.8975609756097561,0.9804878048780488,0.0359125118425482,0.937163723079216,0.8996199418734631,0.9812206572769954,0.036551733844689696,0.9383431706598687,0.8996666666666666,0.9806400905432596,0.03554640756979971
domain-adaptation,48D,S6_train_I_D1_2_val_D3_5,cdan+c-dann,project-extension,bottleneck16,mlp,"0,1,2,3,4",0.9857142857142858,0.9489795918367347,1.0,0.022356022755312874,0.9268292682926829,0.902439024390244,0.946341463414634,0.01758805500226328,0.9264773828154109,0.9025262687234518,0.9465682986809748,0.017899645068464615,0.9273901078850784,0.9029539557787084,0.9474169897541156,0.017790502856247798
domain-adaptation,48D,S6_train_I_D1_2_val_D3_5,mk-mmd+lc,project-extension,bottleneck16,mlp,"0,1,2,3,4",1.0,1.0,1.0,0.0,0.9268292682926831,0.9073170731707316,0.9414634146341464,0.014221833889866638,0.9257619792831061,0.9054325955734406,0.9394887845592071,0.014744599240161582,0.9277052840264639,0.9093627363366308,0.9413457002992648,0.013271116751261962
domain-adaptation,48D,S6_train_I_D1_2_val_D3_5,mk-mmd+cdan,project-extension,bottleneck16,mlp,"0,1,2,3,4",0.9734693877551021,0.9489795918367347,1.0,0.02457468281386186,0.9317073170731707,0.8829268292682927,0.975609756097561,0.03290423795910253,0.9308145167300097,0.8807660779491765,0.976525821596244,0.03391969821625825,0.9319000975655156,0.8825462183126417,0.9758705716586152,0.03310517888160397
domain-adaptation,48D,S6_train_I_D1_2_val_D3_5,mk-mmd+lc+cdan,project-extension,bottleneck16,mlp,"0,1,2,3,4",0.9836734693877551,0.9489795918367347,1.0,0.021159634034007842,0.9199999999999999,0.8926829268292683,0.9658536585365852,0.029389990890521044,0.9189507414859527,0.8925404277516954,0.9665399806244878,0.030008670867815345,0.9205025213716453,0.8952700173673493,0.9659236303381156,0.028794117727298115
domain-adaptation,48D,S7_train_I_D1_3_val_D4_5,c-dann,project-extension,bottleneck16,linear,"0,1,2,3,4",0.9836734693877552,0.979591836734694,1.0,0.009126808071427673,0.940487804878049,0.8829268292682927,0.9707317073170731,0.033513295682571054,0.9398613905656159,0.8807660779491765,0.9706386466949848,0.034354192965200564,0.940611621955496,0.8831196581196581,0.971000295770482,0.03349130423610223
domain-adaptation,48D,S7_train_I_D1_3_val_D4_5,cdan+c-dann,project-extension,bottleneck16,linear,"0,1,2,3,4",0.9734693877551021,0.9387755102040816,0.9897959183673468,0.0198914170302224,0.9317073170731707,0.9121951219512195,0.951219512195122,0.016542268251525008,0.930695282807959,0.9131082793054623,0.9500707951412176,0.01637152944994676,0.9319430170435112,0.9124631155881155,0.9521306206337464,0.016666401501020132
domain-adaptation,48D,S7_train_I_D1_3_val_D4_5,mk-mmd+lc,project-extension,bottleneck16,linear,"0,1,2,3,4",0.9877551020408163,0.979591836734694,1.0,0.008537347209531327,0.9385365853658538,0.9219512195121952,0.951219512195122,0.01123011164216713,0.9372680527610104,0.91892093300544,0.9500707951412176,0.012056715120259808,0.9392083760159716,0.92230748435128,0.9517224994060346,0.01137846845920794
domain-adaptation,48D,S7_train_I_D1_3_val_D4_5,mk-mmd+cdan,project-extension,bottleneck16,linear,"0,1,2,3,4",0.9918367346938775,0.979591836734694,1.0,0.008537347209531367,0.909268292682927,0.8878048780487805,0.9219512195121952,0.014053522235012618,0.9074297637677919,0.8872494224606902,0.9224979506669648,0.013829396288260905,0.9100838235304509,0.8916066751948465,0.9219330114443588,0.012416038210873276
domain-adaptation,48D,S7_train_I_D1_3_val_D4_5,mk-mmd+lc+cdan,project-extension,bottleneck16,linear,"0,1,2,3,4",0.9836734693877552,0.979591836734694,1.0,0.009126808071427673,0.9258536585365853,0.9073170731707316,0.9414634146341464,0.013968605915391613,0.924703778224905,0.907817274014457,0.9400849541694613,0.013546839398476843,0.926842590227033,0.9101825409955954,0.9415063695883876,0.013388890542107844
domain-adaptation,48D,S7_train_I_D1_3_val_D4_5,c-dann,project-extension,bottleneck16,mlp,"0,1,2,3,4",0.9795918367346939,0.9693877551020408,0.9897959183673468,0.010204081632653017,0.9639024390243902,0.9414634146341464,0.975609756097561,0.013623648823189172,0.9639466428198823,0.9412772933899696,0.97592965198599,0.013840535246937171,0.9644393851318392,0.9423044564182498,0.975709067835052,0.013440431128498173
domain-adaptation,48D,S7_train_I_D1_3_val_D4_5,cdan+c-dann,project-extension,bottleneck16,mlp,"0,1,2,3,4",0.9775510204081632,0.9591836734693876,1.0,0.02091214442032578,0.9404878048780487,0.926829268292683,0.975609756097561,0.020522618505329365,0.9398613905656159,0.9248081079066997,0.976525821596244,0.0217273076933597,0.9408698058540848,0.9263500928885146,0.9759424104073384,0.02056508797481945
domain-adaptation,48D,S7_train_I_D1_3_val_D4_5,mk-mmd+lc,project-extension,bottleneck16,mlp,"0,1,2,3,4",0.9755102040816326,0.9489795918367347,1.0,0.023491560067798664,0.937560975609756,0.9121951219512195,0.9658536585365852,0.025673555837933165,0.9365675534689618,0.9077427528131752,0.9653476414039796,0.02710028829480258,0.9381830266170075,0.911427808192284,0.9658128078817736,0.025444607474136734
domain-adaptation,48D,S7_train_I_D1_3_val_D4_5,mk-mmd+cdan,project-extension,bottleneck16,mlp,"0,1,2,3,4",0.9734693877551018,0.9591836734693876,1.0,0.019891417030222434,0.9424390243902439,0.9170731707317074,0.9658536585365852,0.021094388595550836,0.9419777926820181,0.9178031149862136,0.9653476414039792,0.02146266228340598,0.9429789106472601,0.9191028589708916,0.9661800513506246,0.020684203376910966
domain-adaptation,48D,S7_train_I_D1_3_val_D4_5,mk-mmd+lc+cdan,project-extension,bottleneck16,mlp,"0,1,2,3,4",0.9857142857142855,0.9591836734693876,1.0,0.019891417030222434,0.9336585365853658,0.9170731707317074,0.9658536585365852,0.01908059240547109,0.9326924510023102,0.9136299277144349,0.9653476414039796,0.019690202148648705,0.9341563037482858,0.9166094786532742,0.9658128078817736,0.018876080909310932
domain-adaptation,54D,S1_train_I_test_all,source-only,opensource-core,residual-d,linear,"0,1,2,3,4",1.0,1.0,1.0,0.0,0.7472527472527473,0.7216117216117216,0.7692307692307693,0.02088233379302452,0.7492283950617284,0.7245370370370371,0.7703189300411523,0.01988224456067554,0.7334261019030793,0.7029944648812184,0.7578393422324058,0.02516088332460553
domain-adaptation,54D,S1_train_I_test_all,dann,opensource-core,residual-d,linear,"0,1,2,3,4",1.0,1.0,1.0,0.0,0.8,0.7655677655677655,0.8278388278388278,0.02410356611921188,0.7936985596707818,0.7617026748971193,0.8245884773662552,0.024507045549535426,0.7963973751220299,0.7594952815671928,0.8266187373030558,0.02597059435364514
domain-adaptation,54D,S1_train_I_test_all,deep-coral,opensource-core,residual-d,linear,"0,1,2,3,4",1.0,1.0,1.0,0.0,0.5926739926739928,0.5677655677655677,0.6410256410256411,0.028064441478942076,0.599485596707819,0.5767746913580247,0.6455761316872428,0.026570249629606423,0.5447757120973402,0.5016345755483717,0.6136539960822665,0.04148101559987148
domain-adaptation,54D,S1_train_I_test_all,mk-mmd,opensource-core,residual-d,linear,"0,1,2,3,4",1.0,1.0,1.0,0.0,0.7648351648351648,0.7326007326007326,0.8205128205128205,0.033109176669528693,0.7661522633744855,0.7355967078189299,0.8189300411522633,0.03144133642078924,0.7647221892251924,0.7328362393401541,0.8197904201376253,0.03269230924774141
domain-adaptation,54D,S1_train_I_test_all,cdan,opensource-core,residual-d,linear,"0,1,2,3,4",1.0,1.0,1.0,0.0,0.8095238095238095,0.7545787545787546,0.8754578754578755,0.04372650690957262,0.8065843621399178,0.7545010288065844,0.8690843621399177,0.04130469454342745,0.8060222276610596,0.7463700564971751,0.8748792733307326,0.04630645947680332
domain-adaptation,54D,S1_train_I_test_all,source-only,opensource-core,residual-d,mlp,"0,1,2,3,4",1.0,1.0,1.0,0.0,0.7391941391941391,0.663003663003663,0.7802197802197802,0.04629028034996082,0.7414609053497943,0.6715534979423868,0.7820216049382717,0.04366765881238139,0.7391448483674274,0.667985707607026,0.7772403832605326,0.04443757870333316
domain-adaptation,54D,S1_train_I_test_all,dann,opensource-core,residual-d,mlp,"0,1,2,3,4",0.9933333333333334,0.9666666666666668,1.0,0.014907119849998545,0.7553113553113553,0.5860805860805861,0.8717948717948718,0.10642901110156705,0.7521090534979424,0.5780606995884773,0.8694701646090536,0.10861523802643865,0.7538964562292094,0.5844410926763868,0.8718939527763058,0.1062022473738502
domain-adaptation,54D,S1_train_I_test_all,deep-coral,opensource-core,residual-d,mlp,"0,1,2,3,4",1.0,1.0,1.0,0.0,0.7728937728937729,0.7216117216117216,0.8424908424908425,0.05276505601057852,0.7695473251028806,0.7219650205761318,0.838477366255144,0.049937456517050054,0.7683562589675856,0.7166465612176806,0.8433975259663334,0.05483467166057118
domain-adaptation,54D,S1_train_I_test_all,mk-mmd,opensource-core,residual-d,mlp,"0,1,2,3,4",1.0,1.0,1.0,0.0,0.7098901098901098,0.6703296703296703,0.7362637362637363,0.02806444147894208,0.714454732510288,0.6778549382716049,0.7390689300411523,0.026595135252798267,0.710544422767597,0.6657549857549857,0.7359514687100894,0.02925140246696661
domain-adaptation,54D,S1_train_I_test_all,cdan,opensource-core,residual-d,mlp,"0,1,2,3,4",1.0,1.0,1.0,0.0,0.7912087912087913,0.73992673992674,0.8351648351648352,0.03541955971760754,0.7910236625514402,0.741898148148148,0.8328189300411523,0.03348107053642052,0.7898471085797389,0.7398169750583267,0.8326346109728017,0.03466848671881448
domain-adaptation,54D,S1_train_I_test_all,source-only,opensource-core,fusion16,linear,"0,1,2,3,4",1.0,1.0,1.0,0.0,0.7934065934065935,0.7619047619047619,0.8315018315018315,0.02748473477260672,0.7961934156378602,0.7659465020576132,0.8344907407407408,0.02688839937860674,0.7895732665007652,0.7510169045274703,0.8359689278512968,0.03334069614713972
domain-adaptation,54D,S1_train_I_test_all,dann,opensource-core,fusion16,linear,"0,1,2,3,4",1.0,1.0,1.0,0.0,0.7728937728937729,0.706959706959707,0.8644688644688645,0.06173003496832498,0.7736625514403291,0.7119341563786007,0.8605967078189302,0.058289803744707026,0.7725692947866784,0.7004542496034132,0.8666070991838682,0.0639122763786403
domain-adaptation,54D,S1_train_I_test_all,deep-coral,opensource-core,fusion16,linear,"0,1,2,3,4",1.0,1.0,1.0,0.0,0.8783882783882785,0.8424908424908425,0.9010989010989012,0.02351180444817763,0.8766203703703702,0.842335390946502,0.8978909465020576,0.022632210362311653,0.881569482092204,0.8481184568222568,0.9028395061728396,0.021808411188340027
domain-adaptation,54D,S1_train_I_test_all,mk-mmd,opensource-core,fusion16,linear,"0,1,2,3,4",0.9933333333333334,0.9666666666666668,1.0,0.014907119849998545,0.8571428571428573,0.8131868131868132,0.8791208791208791,0.02654098305162901,0.8546810699588478,0.8100565843621399,0.876414609053498,0.02665637909715969,0.8592008729087353,0.8135135004073399,0.8802965699479207,0.02703105044381941
domain-adaptation,54D,S1_train_I_test_all,cdan,opensource-core,fusion16,linear,"0,1,2,3,4",1.0,1.0,1.0,0.0,0.8036630036630037,0.7472527472527473,0.8315018315018315,0.03442054200976852,0.8051440329218107,0.7475565843621399,0.8338477366255144,0.03526435295784979,0.8070994106132108,0.7546706961399744,0.8310048193990333,0.03171010760710466
domain-adaptation,54D,S1_train_I_test_all,source-only,opensource-core,fusion16,mlp,"0,1,2,3,4",1.0,1.0,1.0,0.0,0.7941391941391942,0.7545787545787546,0.8351648351648352,0.03675801818110508,0.7965020576131686,0.7602880658436214,0.8353909465020576,0.03471991209355249,0.7949514979249931,0.7471960689687583,0.8344742089673783,0.037301724674078184
domain-adaptation,54D,S1_train_I_test_all,dann,opensource-core,fusion16,mlp,"0,1,2,3,4",1.0,1.0,1.0,0.0,0.819047619047619,0.7362637362637363,0.8717948717948718,0.051451838240053845,0.8190843621399176,0.7397119341563786,0.8681841563786009,0.04911570003551475,0.8233605790099165,0.7457791362427123,0.8726079149608562,0.04847596006041501
domain-adaptation,54D,S1_train_I_test_all,deep-coral,opensource-core,fusion16,mlp,"0,1,2,3,4",1.0,1.0,1.0,0.0,0.827106227106227,0.7472527472527473,0.8571428571428571,0.045486187769305145,0.8281378600823046,0.751414609053498,0.8568672839506174,0.04381869949385989,0.8311161112210602,0.7571341385655207,0.8615856526569421,0.042336330884500874
domain-adaptation,54D,S1_train_I_test_all,mk-mmd,opensource-core,fusion16,mlp,"0,1,2,3,4",0.9800000000000001,0.9333333333333332,1.0,0.02981423969999722,0.8673992673992673,0.8278388278388278,0.9084249084249084,0.03602057075147114,0.8664609053497943,0.8278034979423868,0.902906378600823,0.034213209103782144,0.8685289491667522,0.8279305171484529,0.9061732820353512,0.03487265113609512
domain-adaptation,54D,S1_train_I_test_all,cdan,opensource-core,fusion16,mlp,"0,1,2,3,4",1.0,1.0,1.0,0.0,0.8087912087912088,0.7619047619047619,0.8534798534798534,0.04074011051545577,0.8109053497942387,0.7646604938271605,0.8546810699588477,0.03953221513238553,0.8140550515871305,0.7736957802987873,0.8570536628697666,0.039016038845952034
domain-adaptation,54D,S2_train_I_internal_val_test_all,source-only,opensource-core,residual-d,linear,"0,1,2,3,4",0.9866666666666667,0.9666666666666668,1.0,0.018257418583505474,0.7413919413919414,0.7326007326007326,0.7545787545787546,0.009551944916047854,0.7438014403292181,0.7368827160493826,0.7545010288065844,0.00806881778724962,0.7299941948779679,0.7136028528763717,0.7491771113759066,0.014630067498296907
domain-adaptation,54D,S2_train_I_internal_val_test_all,dann,opensource-core,residual-d,linear,"0,1,2,3,4",1.0,1.0,1.0,0.0,0.76996336996337,0.7362637362637363,0.8058608058608059,0.026210320615382147,0.765354938271605,0.7332818930041153,0.804398148148148,0.026502785725450877,0.7687521217899568,0.7338935574229691,0.8057426410367587,0.02695279673041802
domain-adaptation,54D,S2_train_I_internal_val_test_all,deep-coral,opensource-core,residual-d,linear,"0,1,2,3,4",1.0,1.0,1.0,0.0,0.7326007326007327,0.6886446886446886,0.7802197802197802,0.044937158045367395,0.7341820987654322,0.6907150205761318,0.7813786008230452,0.04357120384382022,0.7206373156464927,0.6676788927701915,0.7765068990559186,0.0536061167503864
domain-adaptation,54D,S2_train_I_internal_val_test_all,mk-mmd,opensource-core,residual-d,linear,"0,1,2,3,4",0.9533333333333334,0.8333333333333334,1.0,0.07302967433402215,0.8065934065934066,0.7619047619047619,0.8571428571428571,0.035362691241456905,0.8048353909465021,0.7633744855967078,0.8530092592592592,0.033197275614415135,0.8040417088964414,0.7549634489540358,0.8547837854671672,0.0367021134980371
domain-adaptation,54D,S2_train_I_internal_val_test_all,cdan,opensource-core,residual-d,linear,"0,1,2,3,4",0.9933333333333334,0.9666666666666668,1.0,0.014907119849998545,0.7670329670329671,0.6703296703296703,0.8754578754578755,0.09448135535196399,0.7660493827160494,0.6765689300411523,0.867798353909465,0.08844032034093374,0.7549455642553387,0.6411596610832694,0.872859507814777,0.10373689239744165
domain-adaptation,54D,S2_train_I_internal_val_test_all,source-only,opensource-core,residual-d,mlp,"0,1,2,3,4",0.9733333333333334,0.8666666666666667,1.0,0.059628479399994376,0.7494505494505495,0.684981684981685,0.7948717948717948,0.04986261633988461,0.7525977366255144,0.6898148148148148,0.7965534979423868,0.04834385292936587,0.7472646774595841,0.6888383992464019,0.7879785698387464,0.0452518446250192
domain-adaptation,54D,S2_train_I_internal_val_test_all,dann,opensource-core,residual-d,mlp,"0,1,2,3,4",1.0,1.0,1.0,0.0,0.7926739926739927,0.7619047619047619,0.8168498168498168,0.02176329784250983,0.7938271604938272,0.7646604938271605,0.8148148148148149,0.02046883191807155,0.7916098432523476,0.7567126018595712,0.8146061287874988,0.022770833849206532
domain-adaptation,54D,S2_train_I_internal_val_test_all,deep-coral,opensource-core,residual-d,mlp,"0,1,2,3,4",1.0,1.0,1.0,0.0,0.7274725274725274,0.6410256410256411,0.7802197802197802,0.0526122611260652,0.727391975308642,0.6404320987654321,0.7800925925925926,0.052879526286498724,0.7211876143449331,0.6204116429180369,0.7756300141576215,0.05951509087866974
domain-adaptation,54D,S2_train_I_internal_val_test_all,mk-mmd,opensource-core,residual-d,mlp,"0,1,2,3,4",0.9666666666666668,0.8333333333333334,1.0,0.07453559924999298,0.6615384615384616,0.5860805860805861,0.706959706959707,0.04808171962816235,0.6652777777777779,0.5844907407407408,0.7132201646090536,0.05039047297679401,0.6649362334116892,0.5886363636363637,0.7099288764997667,0.047935935573467446
domain-adaptation,54D,S2_train_I_internal_val_test_all,cdan,opensource-core,residual-d,mlp,"0,1,2,3,4",0.9866666666666667,0.9333333333333332,1.0,0.02981423969999724,0.7831501831501833,0.706959706959707,0.8498168498168498,0.0542940678618637,0.7819701646090536,0.7061471193415638,0.8460648148148149,0.053270754670926596,0.779130431389452,0.7025560065071595,0.8496709926812658,0.05649125073795312
domain-adaptation,54D,S2_train_I_internal_val_test_all,source-only,opensource-core,fusion16,linear,"0,1,2,3,4",1.0,1.0,1.0,0.0,0.7897435897435898,0.7289377289377289,0.8278388278388278,0.04652158862522056,0.7911779835390946,0.7327674897119341,0.8284465020576132,0.04421413374611228,0.783883625696756,0.7125163503000945,0.8307904983600962,0.055979815617243786
domain-adaptation,54D,S2_train_I_internal_val_test_all,dann,opensource-core,fusion16,linear,"0,1,2,3,4",0.9933333333333334,0.9666666666666668,1.0,0.014907119849998545,0.810989010989011,0.7545787545787546,0.8498168498168498,0.039332541232369574,0.8100308641975309,0.7590020576131687,0.847093621399177,0.03801817498983423,0.8137606698952977,0.7569573283858998,0.8527350325992112,0.0402918907722553
domain-adaptation,54D,S2_train_I_internal_val_test_all,deep-coral,opensource-core,fusion16,linear,"0,1,2,3,4",0.9666666666666668,0.8333333333333334,1.0,0.07453559924999298,0.8095238095238095,0.7106227106227107,0.8498168498168498,0.057276541286124125,0.8097993827160493,0.7186213991769547,0.8460648148148149,0.052626734563370026,0.8116275639433803,0.7073618648989646,0.8520788984398157,0.05987746042082821
domain-adaptation,54D,S2_train_I_internal_val_test_all,mk-mmd,opensource-core,fusion16,linear,"0,1,2,3,4",0.9933333333333334,0.9666666666666668,1.0,0.014907119849998545,0.8776556776556778,0.8498168498168498,0.9047619047619048,0.02113778468315532,0.8746399176954732,0.8505658436213991,0.9000771604938271,0.018772945352769615,0.8779581547443737,0.8497078439849459,0.905167844168988,0.021153668607738416
domain-adaptation,54D,S2_train_I_internal_val_test_all,cdan,opensource-core,fusion16,linear,"0,1,2,3,4",0.9933333333333334,0.9666666666666668,1.0,0.014907119849998545,0.7948717948717948,0.6959706959706959,0.8534798534798534,0.06189283973888573,0.793724279835391,0.6976594650205762,0.8553240740740741,0.06148034007402313,0.8009925448239326,0.7060730593607305,0.8590264593434066,0.059753482462813944
domain-adaptation,54D,S2_train_I_internal_val_test_all,source-only,opensource-core,fusion16,mlp,"0,1,2,3,4",1.0,1.0,1.0,0.0,0.8058608058608059,0.7692307692307693,0.8534798534798534,0.034653640894550336,0.8054269547325104,0.7683899176954733,0.8527520576131687,0.03399309231183344,0.8067089270838551,0.7702509097665949,0.856974274250649,0.03670662454543111
domain-adaptation,54D,S2_train_I_internal_val_test_all,dann,opensource-core,fusion16,mlp,"0,1,2,3,4",1.0,1.0,1.0,0.0,0.8087912087912088,0.7326007326007326,0.9047619047619048,0.06477408600405136,0.8082047325102881,0.737525720164609,0.9045781893004116,0.06369523598547491,0.8136607737196517,0.7442363164806064,0.9046224743681848,0.06101115671394106
domain-adaptation,54D,S2_train_I_internal_val_test_all,deep-coral,opensource-core,fusion16,mlp,"0,1,2,3,4",1.0,1.0,1.0,0.0,0.8212454212454212,0.7948717948717948,0.8424908424908425,0.01783247098115473,0.8209104938271604,0.7965534979423868,0.8416923868312757,0.016862064200750457,0.8240297879373365,0.8011776115971697,0.8428218257742425,0.015280243331142229
domain-adaptation,54D,S2_train_I_internal_val_test_all,mk-mmd,opensource-core,fusion16,mlp,"0,1,2,3,4",0.9466666666666667,0.7333333333333333,1.0,0.11925695879998881,0.7868131868131868,0.6446886446886447,0.8754578754578755,0.0899265534192317,0.7889146090534979,0.6612654320987654,0.8729423868312757,0.08225787563555591,0.7793669544465495,0.5926371279568706,0.877569503080339,0.1116954751194381
domain-adaptation,54D,S2_train_I_internal_val_test_all,cdan,opensource-core,fusion16,mlp,"0,1,2,3,4",0.9933333333333334,0.9666666666666668,1.0,0.014907119849998545,0.810989010989011,0.73992673992674,0.8608058608058609,0.04415401085803417,0.8135030864197532,0.7476851851851851,0.8622685185185185,0.041529843336308374,0.8145720626752386,0.7488232074438971,0.861074478488237,0.04106533356512186
domain-adaptation,54D,S3_train_I_internal_20_10_test_all,source-only,opensource-core,residual-d,linear,"0,1,2,3,4",0.9866666666666667,0.9666666666666668,1.0,0.018257418583505474,0.7347985347985349,0.6996336996336996,0.7619047619047619,0.023108879553974372,0.737551440329218,0.7037037037037037,0.7620884773662552,0.021575523774273173,0.7212295729879307,0.6831378140730658,0.75488289513978,0.026766997718476154
domain-adaptation,54D,S3_train_I_internal_20_10_test_all,dann,opensource-core,residual-d,linear,"0,1,2,3,4",0.9933333333333334,0.9666666666666668,1.0,0.014907119849998545,0.7831501831501831,0.7289377289377289,0.8901098901098901,0.06600525257646074,0.7827417695473251,0.7308384773662552,0.8823302469135803,0.06172977482597197,0.7756972966811599,0.7200265019602691,0.8868057335651885,0.06909964946233538
domain-adaptation,54D,S3_train_I_internal_20_10_test_all,deep-coral,opensource-core,residual-d,linear,"0,1,2,3,4",0.9133333333333333,0.5666666666666667,1.0,0.19379255804998177,0.6336996336996337,0.3663003663003663,0.7582417582417582,0.1624780594594643,0.6401748971193416,0.3845164609053498,0.7592592592592592,0.15564538540325726,0.6146163292327051,0.3465364247888936,0.7482273829071858,0.1693645347707428
domain-adaptation,54D,S3_train_I_internal_20_10_test_all,mk-mmd,opensource-core,residual-d,linear,"0,1,2,3,4",0.9733333333333333,0.9333333333333332,1.0,0.03651483716701113,0.7926739926739927,0.7472527472527473,0.8424908424908425,0.03442054200976852,0.792798353909465,0.7488425925925926,0.8391203703703703,0.032449532521016844,0.7875006100473715,0.7405828958496535,0.8388935906116001,0.035772740036522054
domain-adaptation,54D,S3_train_I_internal_20_10_test_all,cdan,opensource-core,residual-d,linear,"0,1,2,3,4",1.0,1.0,1.0,0.0,0.8065934065934066,0.7655677655677655,0.8315018315018315,0.027337887409590207,0.8039351851851851,0.7655606995884773,0.8280606995884773,0.024442378679374394,0.804342709856469,0.7592299020643979,0.8354261362223164,0.030360288364336956
domain-adaptation,54D,S3_train_I_internal_20_10_test_all,source-only,opensource-core,residual-d,mlp,"0,1,2,3,4",0.9333333333333333,0.8333333333333334,1.0,0.09128709291752767,0.7201465201465201,0.684981684981685,0.7655677655677655,0.03071248910806529,0.724562757201646,0.6930298353909464,0.7674897119341564,0.029219057901989972,0.7180593823882364,0.6843704047222136,0.7607096770092365,0.029562572477975287
domain-adaptation,54D,S3_train_I_internal_20_10_test_all,dann,opensource-core,residual-d,mlp,"0,1,2,3,4",0.9666666666666668,0.8333333333333334,1.0,0.07453559924999298,0.7435897435897436,0.652014652014652,0.8205128205128205,0.07453109871566227,0.7457561728395062,0.6585648148148148,0.8208590534979424,0.07199332052167519,0.7443044436941296,0.6491950103379682,0.8263158166292599,0.07790713208750864
domain-adaptation,54D,S3_train_I_internal_20_10_test_all,deep-coral,opensource-core,residual-d,mlp,"0,1,2,3,4",0.8666666666666666,0.5333333333333333,1.0,0.20548046676563253,0.7062271062271062,0.6593406593406593,0.8241758241758241,0.06951991095960355,0.712011316872428,0.6657664609053499,0.821116255144033,0.06470350759594398,0.6893580680759583,0.621354456137497,0.8232322816172851,0.08163633776192832
domain-adaptation,54D,S3_train_I_internal_20_10_test_all,mk-mmd,opensource-core,residual-d,mlp,"0,1,2,3,4",0.96,0.8,1.0,0.08944271909999157,0.6791208791208792,0.6336996336996337,0.7142857142857143,0.034420542009768525,0.6856738683127572,0.6392746913580246,0.7208076131687243,0.03405402244321504,0.6804554598513634,0.6360307845671659,0.7152155065025662,0.034500679720397116
domain-adaptation,54D,S3_train_I_internal_20_10_test_all,cdan,opensource-core,residual-d,mlp,"0,1,2,3,4",0.9666666666666668,0.8333333333333334,1.0,0.07453559924999298,0.7318681318681319,0.6886446886446886,0.7692307692307693,0.03459551341572921,0.7345164609053498,0.691358024691358,0.7690329218106996,0.032738647823147546,0.7308890713634124,0.6937480607588228,0.7668579323119705,0.031811538517654725
domain-adaptation,54D,S3_train_I_internal_20_10_test_all,source-only,opensource-core,fusion16,linear,"0,1,2,3,4",0.9133333333333333,0.8,1.0,0.10434983894999018,0.7208791208791208,0.6703296703296703,0.7692307692307693,0.04599950938007506,0.7292438271604937,0.6842849794238682,0.7754629629629629,0.042396904330178786,0.7164086797631908,0.6663610852667671,0.7674140167779765,0.04454417811894347
domain-adaptation,54D,S3_train_I_internal_20_10_test_all,dann,opensource-core,fusion16,linear,"0,1,2,3,4",1.0,1.0,1.0,0.0,0.827106227106227,0.7509157509157509,0.8791208791208791,0.05392210138230082,0.8242798353909464,0.7433127572016461,0.880272633744856,0.056129478876206035,0.8305278275081589,0.7535893483758466,0.8829467269019077,0.054447128229642344
domain-adaptation,54D,S3_train_I_internal_20_10_test_all,deep-coral,opensource-core,fusion16,linear,"0,1,2,3,4",0.9800000000000001,0.9,1.0,0.04472135954999579,0.8036630036630037,0.6996336996336996,0.9010989010989012,0.0830702686767786,0.8061728395061728,0.7101337448559671,0.9004629629629629,0.07822320941065793,0.80676404789429,0.6983376860257845,0.9020774736573408,0.08333809133348584
domain-adaptation,54D,S3_train_I_internal_20_10_test_all,mk-mmd,opensource-core,fusion16,linear,"0,1,2,3,4",1.0,1.0,1.0,0.0,0.8637362637362637,0.8205128205128205,0.8864468864468864,0.02671733703855014,0.8597736625514404,0.8202160493827161,0.8807870370370371,0.024423764575984205,0.8651579403638838,0.8228015909623765,0.8864126692414162,0.025734153695632228
domain-adaptation,54D,S3_train_I_internal_20_10_test_all,cdan,opensource-core,fusion16,linear,"0,1,2,3,4",1.0,1.0,1.0,0.0,0.8388278388278387,0.7838827838827839,0.8827838827838828,0.05095394777744892,0.8389917695473251,0.7854938271604938,0.8843878600823046,0.049619173979805586,0.8420346026178102,0.7832768997931548,0.8863113210776762,0.049957809392966415
domain-adaptation,54D,S3_train_I_internal_20_10_test_all,source-only,opensource-core,fusion16,mlp,"0,1,2,3,4",1.0,1.0,1.0,0.0,0.8058608058608059,0.7582417582417582,0.8571428571428571,0.04248136814924249,0.8088991769547326,0.7637602880658436,0.8600823045267489,0.04186850579071272,0.8086331839436589,0.759643775052313,0.8599703361898484,0.043985980188103894
domain-adaptation,54D,S3_train_I_internal_20_10_test_all,dann,opensource-core,fusion16,mlp,"0,1,2,3,4",1.0,1.0,1.0,0.0,0.8336996336996337,0.8058608058608059,0.8754578754578755,0.028444349682516006,0.8331018518518519,0.8076131687242798,0.8710133744855967,0.026159980561816773,0.838274282500351,0.8127372195900846,0.8756368478653932,0.026020477978353728
domain-adaptation,54D,S3_train_I_internal_20_10_test_all,deep-coral,opensource-core,fusion16,mlp,"0,1,2,3,4",0.9466666666666667,0.8666666666666667,1.0,0.06055300708194983,0.7487179487179486,0.663003663003663,0.8424908424908425,0.08023566838830798,0.7544753086419753,0.6728395061728395,0.842335390946502,0.07654241692045238,0.7498693761999812,0.6561432214286511,0.8481184568222568,0.08372937634162078
domain-adaptation,54D,S3_train_I_internal_20_10_test_all,mk-mmd,opensource-core,fusion16,mlp,"0,1,2,3,4",0.9533333333333334,0.8666666666666667,1.0,0.06497862896539308,0.7553113553113553,0.6336996336996337,0.8498168498168498,0.10407056912574221,0.7594393004115226,0.6431327160493828,0.8486368312757202,0.09900537133751883,0.7554144932208079,0.6305716152866413,0.8533412799184612,0.1073492567838074
domain-adaptation,54D,S3_train_I_internal_20_10_test_all,cdan,opensource-core,fusion16,mlp,"0,1,2,3,4",0.9666666666666668,0.8666666666666667,1.0,0.05773502691896256,0.7875457875457876,0.6776556776556777,0.9010989010989012,0.09050658681762519,0.791795267489712,0.6847993827160495,0.9030349794238682,0.08854701319886646,0.7911385448942739,0.6809046305343412,0.9033144968485112,0.09025283439601046
domain-adaptation,54D,S4_train_I_val_D1_2,source-only,opensource-core,residual-d,linear,"0,1,2,3,4",0.9965517241379309,0.9827586206896552,1.0,0.007710579232757861,0.8677551020408163,0.8285714285714286,0.8938775510204081,0.029234293190971372,0.8701391101199958,0.831687373898269,0.8950833598810662,0.028310599870251845,0.8670824721899297,0.8236163297525972,0.8951238637217339,0.032774459521906926
domain-adaptation,54D,S4_train_I_val_D1_2,dann,opensource-core,residual-d,linear,"0,1,2,3,4",1.0,1.0,1.0,0.0,0.9102040816326532,0.889795918367347,0.9224489795918368,0.012907255755789344,0.909482850164596,0.8884464266751619,0.9215249017733884,0.013193470026783904,0.9117620106403859,0.8937114986315908,0.9224849446406332,0.011401886306720605
domain-adaptation,54D,S4_train_I_val_D1_2,deep-coral,opensource-core,residual-d,linear,"0,1,2,3,4",0.9965517241379309,0.9827586206896552,1.0,0.007710579232757861,0.896326530612245,0.8653061224489796,0.9224489795918368,0.02685825938997898,0.8957523627482212,0.8665710948285016,0.9208346607199746,0.025268326787861537,0.895879302764919,0.8637166916194631,0.922581019102802,0.02790700949344754
domain-adaptation,54D,S4_train_I_val_D1_2,mk-mmd,opensource-core,residual-d,linear,"0,1,2,3,4",0.9965517241379309,0.9827586206896552,1.0,0.007710579232757861,0.9012244897959183,0.8816326530612245,0.9183673469387756,0.016679850401389893,0.9016459594350643,0.8820749707974939,0.9183391738345548,0.016168009566184784,0.9000293440928463,0.8804611062675579,0.917742699972055,0.016925199940430107
domain-adaptation,54D,S4_train_I_val_D1_2,cdan,opensource-core,residual-d,linear,"0,1,2,3,4",1.0,1.0,1.0,0.0,0.8759183673469387,0.8571428571428571,0.9061224489795918,0.021130088335583323,0.8777529998938091,0.8608898800042476,0.9060210258043964,0.019723861385788997,0.8747100699550157,0.8550706625446455,0.907885223960874,0.022310347347665124
domain-adaptation,54D,S4_train_I_val_D1_2,source-only,opensource-core,residual-d,mlp,"0,1,2,3,4",0.9896551724137932,0.9482758620689656,1.0,0.023131737698273633,0.8587755102040816,0.8408163265306122,0.8775510204081632,0.01488537349290651,0.8614739301263672,0.8453860040352553,0.879579483912074,0.01457018328345895,0.8564888972340367,0.8361200101703533,0.8758486829075065,0.016492206622903544
domain-adaptation,54D,S4_train_I_val_D1_2,dann,opensource-core,residual-d,mlp,"0,1,2,3,4",1.0,1.0,1.0,0.0,0.8367346938775511,0.7755102040816326,0.889795918367347,0.043002668378990784,0.8388871190400339,0.7812997769990443,0.8905171498354041,0.04038514204756123,0.8318008310841343,0.7599374915716745,0.889113089054797,0.04968001055393495
domain-adaptation,54D,S4_train_I_val_D1_2,deep-coral,opensource-core,residual-d,mlp,"0,1,2,3,4",0.993103448275862,0.9655172413793104,1.0,0.015421158465515774,0.9044897959183675,0.9020408163265308,0.9061224489795918,0.0022356022755311952,0.9014335775724753,0.8973133694382499,0.9039503026441542,0.002728766027690355,0.9041205997931197,0.9018626402491652,0.9067784588049268,0.002093038476550273
domain-adaptation,54D,S4_train_I_val_D1_2,mk-mmd,opensource-core,residual-d,mlp,"0,1,2,3,4",0.9655172413793103,0.9310344827586208,1.0,0.03225566712736151,0.8734693877551021,0.8530612244897959,0.889795918367347,0.014430750636460146,0.8748752256557288,0.8549431878517574,0.8912073908888182,0.01424209041258627,0.8723592080624695,0.8517453027256948,0.8876423470372515,0.014678660063715434
domain-adaptation,54D,S4_train_I_val_D1_2,cdan,opensource-core,residual-d,mlp,"0,1,2,3,4",0.9965517241379309,0.9827586206896552,1.0,0.007710579232757861,0.8726530612244898,0.8489795918367347,0.8857142857142857,0.014256529956386117,0.8732717425931826,0.8496867367526812,0.8873314218965701,0.01441947140526383,0.8720843022919146,0.8461815669763818,0.8865214623466682,0.015956780241470535
domain-adaptation,54D,S4_train_I_val_D1_2,source-only,opensource-core,fusion16,linear,"0,1,2,3,4",0.9965517241379309,0.9827586206896552,1.0,0.007710579232757861,0.9020408163265307,0.889795918367347,0.9183673469387756,0.01353724404226699,0.9026972496548795,0.88982690878199,0.9183391738345548,0.013336614987045189,0.9052408322424134,0.8933228769779425,0.9214598997493734,0.012890466021326229
domain-adaptation,54D,S4_train_I_val_D1_2,dann,opensource-core,fusion16,linear,"0,1,2,3,4",1.0,1.0,1.0,0.0,0.9102040816326532,0.8530612244897959,0.9428571428571428,0.03414938883812553,0.91017309121801,0.8563236699585856,0.9415949877880428,0.032166791383105534,0.9117569710159572,0.8566971616232699,0.9437078624928734,0.032928533641834457
domain-adaptation,54D,S4_train_I_val_D1_2,deep-coral,opensource-core,fusion16,linear,"0,1,2,3,4",1.0,1.0,1.0,0.0,0.9289795918367346,0.9183673469387756,0.9387755102040816,0.007414653928401956,0.928692789635765,0.9176489327811403,0.9384092598492088,0.007612767799508727,0.9306370853116246,0.9208879493264028,0.9402279708651342,0.0069801860186582635
domain-adaptation,54D,S4_train_I_val_D1_2,mk-mmd,opensource-core,fusion16,linear,"0,1,2,3,4",1.0,1.0,1.0,0.0,0.9183673469387756,0.9061224489795918,0.9306122448979592,0.011544600509168152,0.9175108845704578,0.90326006159074,0.9292768397578848,0.012252783904167468,0.9189330605722091,0.9059934318555009,0.9319533425749004,0.011747396909733686
domain-adaptation,54D,S4_train_I_val_D1_2,cdan,opensource-core,fusion16,linear,"0,1,2,3,4",1.0,1.0,1.0,0.0,0.9102040816326531,0.8816326530612245,0.9346938775510204,0.01936088363368396,0.9112774769034726,0.8848359350111501,0.9359137729637887,0.018526323510329783,0.91342571666356,0.8858281172464783,0.9371023584258878,0.0187050846262275
domain-adaptation,54D,S4_train_I_val_D1_2,source-only,opensource-core,fusion16,mlp,"0,1,2,3,4",0.9965517241379309,0.9827586206896552,1.0,0.007710579232757861,0.9077551020408163,0.8734693877551021,0.9387755102040816,0.026546306190218905,0.9096421365615376,0.8777742380800678,0.9377190187957948,0.024853652288613606,0.9100849461353505,0.8760025920818073,0.9400787807678944,0.02587784550615936
domain-adaptation,54D,S4_train_I_val_D1_2,dann,opensource-core,fusion16,mlp,"0,1,2,3,4",1.0,1.0,1.0,0.0,0.8938775510204083,0.8734693877551021,0.9102040816326532,0.01707469441906281,0.8961877455665286,0.8743230328129977,0.9126579590103004,0.01635040359517487,0.8959174560048814,0.8764097713677547,0.9127747965237764,0.0175462611022657
domain-adaptation,54D,S4_train_I_val_D1_2,deep-coral,opensource-core,fusion16,mlp,"0,1,2,3,4",1.0,1.0,1.0,0.0,0.8800000000000001,0.8408163265306122,0.9020408163265308,0.023197179164706695,0.882457258150154,0.8467664861420835,0.9028352978655624,0.021167597996833952,0.8830710329628346,0.8421879863056333,0.9039102258997548,0.023834960489061117
domain-adaptation,54D,S4_train_I_val_D1_2,mk-mmd,opensource-core,fusion16,mlp,"0,1,2,3,4",1.0,1.0,1.0,0.0,0.8906122448979591,0.8816326530612245,0.9102040816326532,0.011326070959601378,0.8899118615270256,0.8813847297440799,0.908516512689816,0.010704143321073804,0.8926915972888644,0.8862359320856186,0.9115005288227952,0.010645908769205324
domain-adaptation,54D,S4_train_I_val_D1_2,cdan,opensource-core,fusion16,mlp,"0,1,2,3,4",1.0,1.0,1.0,0.0,0.9028571428571428,0.8693877551020408,0.926530612244898,0.022055928303847047,0.9044387809281087,0.8711373048741637,0.9247106297122226,0.02161267217762439,0.905349979038413,0.8736143507454738,0.9278587711841108,0.020723950692486053
domain-adaptation,54D,S5_train_I_D1_val_D2_3,source-only,opensource-core,residual-d,linear,"0,1,2,3,4",0.9416666666666667,0.9027777777777778,0.9861111111111112,0.03315926773975925,0.870995670995671,0.8311688311688312,0.8961038961038961,0.024754941048477534,0.8730721059223475,0.834496332080873,0.8976561102164967,0.0241302568573963,0.8715417121949134,0.8315273294251507,0.898432449903038,0.02513519684750441
domain-adaptation,54D,S5_train_I_D1_val_D2_3,dann,opensource-core,residual-d,linear,"0,1,2,3,4",1.0,1.0,1.0,0.0,0.8961038961038961,0.8744588744588745,0.9090909090909092,0.013689513680382607,0.8940776525317589,0.8720701377706209,0.9078547146179996,0.014040602123323266,0.8967179034490178,0.8726171067211529,0.9102370665532448,0.014967890037480275
domain-adaptation,54D,S5_train_I_D1_val_D2_3,deep-coral,opensource-core,residual-d,linear,"0,1,2,3,4",0.9888888888888889,0.9444444444444444,1.0,0.024845199749997673,0.9142857142857143,0.9004329004329005,0.9264069264069263,0.011205349874930515,0.9122204329933797,0.9003399534800499,0.9235999284308464,0.010387240103937542,0.9148827411197249,0.900910324639534,0.926255993329164,0.011040306142680232
domain-adaptation,54D,S5_train_I_D1_val_D2_3,mk-mmd,opensource-core,residual-d,linear,"0,1,2,3,4",1.0,1.0,1.0,0.0,0.935064935064935,0.9264069264069263,0.9393939393939394,0.005301925850180086,0.9339774557165862,0.9250313115047414,0.9388083735909823,0.005507512603908235,0.9355387690454068,0.9272031804305886,0.9394785022442712,0.005016096037542292
domain-adaptation,54D,S5_train_I_D1_val_D2_3,cdan,opensource-core,residual-d,linear,"0,1,2,3,4",0.975,0.9166666666666666,1.0,0.03726779962499651,0.8753246753246753,0.8225108225108225,0.9004329004329005,0.031126715172723023,0.8770441939524065,0.8255501878690285,0.9010556450169976,0.03022033468531653,0.8750709529189333,0.8207710503799891,0.8991129042686632,0.03191286279098061
domain-adaptation,54D,S5_train_I_D1_val_D2_3,source-only,opensource-core,residual-d,mlp,"0,1,2,3,4",0.9805555555555555,0.9166666666666666,1.0,0.03621779114001473,0.8744588744588745,0.8701298701298701,0.8787878787878788,0.003061068316824895,0.8765074252996958,0.870101986044015,0.8804795133297549,0.003910601036310579,0.8743708436617755,0.8692860487734592,0.8784845050332901,0.003399024321125976
domain-adaptation,54D,S5_train_I_D1_val_D2_3,dann,opensource-core,residual-d,mlp,"0,1,2,3,4",0.9888888888888889,0.9722222222222222,1.0,0.015214515486254621,0.8787878787878787,0.8268398268398268,0.9264069264069263,0.03608946320461701,0.8797638217928073,0.8289497226695294,0.925747003041689,0.03512429849597527,0.8784015449458972,0.8239652685668748,0.9274801877056684,0.037584213792174734
domain-adaptation,54D,S5_train_I_D1_val_D2_3,deep-coral,opensource-core,residual-d,mlp,"0,1,2,3,4",1.0,1.0,1.0,0.0,0.9212121212121213,0.8961038961038961,0.948051948051948,0.01896874658026548,0.9192342100554661,0.895509035605654,0.9470388262658794,0.018912411237110096,0.9215228787443188,0.8951924541891162,0.948928468135668,0.019627208796521734
domain-adaptation,54D,S5_train_I_D1_val_D2_3,mk-mmd,opensource-core,residual-d,mlp,"0,1,2,3,4",1.0,1.0,1.0,0.0,0.9194805194805195,0.9090909090909092,0.9307359307359307,0.007864026893759694,0.9195920558239399,0.9078547146179996,0.92914653784219,0.007887435407795193,0.9192613195429932,0.90988447655439,0.930795760586494,0.0076915910988203965
domain-adaptation,54D,S5_train_I_D1_val_D2_3,cdan,opensource-core,residual-d,mlp,"0,1,2,3,4",0.9833333333333334,0.9444444444444444,1.0,0.024845199749997673,0.8857142857142858,0.8658008658008658,0.9004329004329005,0.014870618214127851,0.887207013777062,0.8659867597065665,0.9003399534800501,0.014749801813959995,0.8845609335238003,0.8630606543323504,0.8991459686923742,0.015716781940247795
domain-adaptation,54D,S5_train_I_D1_val_D2_3,source-only,opensource-core,fusion16,linear,"0,1,2,3,4",0.9972222222222221,0.9861111111111112,1.0,0.006211299937499394,0.90995670995671,0.8961038961038961,0.9264069264069263,0.011205349874930548,0.9112542494185008,0.8990874932903918,0.9278940776525316,0.010722691860062661,0.9119346800542099,0.8950799618092851,0.9276450284858818,0.011969376918805672
domain-adaptation,54D,S5_train_I_D1_val_D2_3,dann,opensource-core,fusion16,linear,"0,1,2,3,4",0.9972222222222221,0.9861111111111112,1.0,0.006211299937499394,0.9359307359307358,0.922077922077922,0.9567099567099568,0.014807473053235605,0.9363750223653605,0.9216317767042403,0.9581320450885668,0.015405353846215324,0.9373056083897074,0.9228488654163374,0.9577382587897252,0.014539907536892611
domain-adaptation,54D,S5_train_I_D1_val_D2_3,deep-coral,opensource-core,fusion16,linear,"0,1,2,3,4",1.0,1.0,1.0,0.0,0.9324675324675324,0.922077922077922,0.9437229437229436,0.008976814438670008,0.9322240114510645,0.922347468241188,0.9429235999284308,0.008533514960217184,0.93448950716686,0.9250525642966476,0.944770103802528,0.008413463793348303
domain-adaptation,54D,S5_train_I_D1_val_D2_3,mk-mmd,opensource-core,fusion16,linear,"0,1,2,3,4",0.9916666666666666,0.9583333333333334,1.0,0.01863389981249823,0.9316017316017315,0.9047619047619048,0.9567099567099568,0.018968746580265546,0.9315441044909644,0.9058865628913938,0.9552692789407766,0.01810819809349282,0.9327585439987034,0.9042636674215622,0.9574731154653036,0.01956389181349227
domain-adaptation,54D,S5_train_I_D1_val_D2_3,cdan,opensource-core,fusion16,linear,"0,1,2,3,4",1.0,1.0,1.0,0.0,0.9203463203463205,0.8961038961038961,0.9523809523809524,0.023631764612911152,0.92027196278404,0.8962247271426015,0.9504383610663804,0.02286281627638815,0.9219981523300198,0.9000970827071074,0.9530381685861972,0.022574936127667842
domain-adaptation,54D,S5_train_I_D1_val_D2_3,source-only,opensource-core,fusion16,mlp,"0,1,2,3,4",0.9916666666666668,0.9583333333333334,1.0,0.01863389981249823,0.9021645021645022,0.8701298701298701,0.935064935064935,0.023432672905150415,0.9037037037037037,0.8729647521918054,0.937555913401324,0.023583705849226613,0.9042230603000329,0.8719458586354248,0.9366777408637872,0.023214358379075945
domain-adaptation,54D,S5_train_I_D1_val_D2_3,dann,opensource-core,fusion16,mlp,"0,1,2,3,4",0.9972222222222221,0.9861111111111112,1.0,0.006211299937499394,0.9177489177489176,0.8917748917748918,0.9653679653679652,0.031663936879497326,0.918947933440687,0.8935408838790481,0.9649311146895688,0.030937365462541343,0.9197880355844935,0.8940045669079809,0.965741842249648,0.030619511999409203
domain-adaptation,54D,S5_train_I_D1_val_D2_3,deep-coral,opensource-core,fusion16,mlp,"0,1,2,3,4",0.9916666666666668,0.9722222222222222,1.0,0.01242259987499883,0.9238095238095237,0.9177489177489178,0.9307359307359307,0.004935824351078518,0.9251386652352835,0.918947933440687,0.9312936124530328,0.004785309180153377,0.9258655486830882,0.9197946866895576,0.9327671029425414,0.0049329208810569595
domain-adaptation,54D,S5_train_I_D1_val_D2_3,mk-mmd,opensource-core,fusion16,mlp,"0,1,2,3,4",0.9944444444444445,0.9722222222222222,1.0,0.012422599874998837,0.9073593073593074,0.8917748917748918,0.9264069264069263,0.013201688902144498,0.9074968688495257,0.8935408838790481,0.927178386115584,0.013461494799237667,0.9092350858872227,0.8939344108206604,0.9272287560829948,0.01281100668192903
domain-adaptation,54D,S5_train_I_D1_val_D2_3,cdan,opensource-core,fusion16,mlp,"0,1,2,3,4",0.9972222222222221,0.9861111111111112,1.0,0.006211299937499394,0.9021645021645022,0.8744588744588745,0.9264069264069263,0.025720261086602487,0.904562533548041,0.8756485954553588,0.9286097691894794,0.02497580176617257,0.9041405845867194,0.8741047722456603,0.9283042686442252,0.025909691892453127
domain-adaptation,54D,S6_train_I_D1_2_val_D3_5,source-only,opensource-core,residual-d,linear,"0,1,2,3,4",1.0,1.0,1.0,0.0,0.9414634146341463,0.9365853658536586,0.946341463414634,0.00344930137164162,0.9400849541694611,0.93539011848871,0.9447797898502124,0.003319750146415725,0.9414356210388719,0.936425114501863,0.9461497720685342,0.0034408455071677675
domain-adaptation,54D,S6_train_I_D1_2_val_D3_5,dann,opensource-core,residual-d,linear,"0,1,2,3,4",0.9979591836734694,0.9897959183673468,1.0,0.004563404035713911,0.9268292682926831,0.9121951219512195,0.9365853658536586,0.010347904114925095,0.9249273418287502,0.9101274312541916,0.93539011848871,0.010459894139506204,0.926131519621787,0.9115826617962068,0.9363145346751904,0.010429907010495615
domain-adaptation,54D,S6_train_I_D1_2_val_D3_5,deep-coral,opensource-core,residual-d,linear,"0,1,2,3,4",1.0,1.0,1.0,0.0,0.9502439024390243,0.946341463414634,0.9560975609756096,0.004081268422117472,0.9488933601609656,0.9447797898502124,0.9547656308219687,0.004216016792677098,0.9500995538945818,0.9457331061627277,0.9559132105347662,0.0041325833881242545
domain-adaptation,54D,S6_train_I_D1_2_val_D3_5,mk-mmd,opensource-core,residual-d,linear,"0,1,2,3,4",1.0,1.0,1.0,0.0,0.9434146341463414,0.9365853658536586,0.946341463414634,0.0043630594682921645,0.9416051866756092,0.9341977792682018,0.9447797898502124,0.004732418999999548,0.943091996471167,0.9362878807765624,0.9460638948475056,0.0043946358771588725
domain-adaptation,54D,S6_train_I_D1_2_val_D3_5,cdan,opensource-core,residual-d,linear,"0,1,2,3,4",1.0,1.0,1.0,0.0,0.9297560975609758,0.9121951219512195,0.9414634146341464,0.01123011164216717,0.9283404128474553,0.911915940084954,0.9400849541694613,0.010853853715785828,0.9294429715454227,0.9120411962764904,0.941940939113936,0.011444180762614083
domain-adaptation,54D,S6_train_I_D1_2_val_D3_5,source-only,opensource-core,residual-d,mlp,"0,1,2,3,4",0.9857142857142858,0.9591836734693876,1.0,0.01707469441906281,0.9229268292682928,0.8878048780487805,0.9365853658536586,0.019934455357758604,0.9222445785826068,0.8872494224606902,0.935986288098964,0.019849278379501116,0.9229368553464606,0.8868535301717587,0.9371641711734648,0.020486619882384018
domain-adaptation,54D,S6_train_I_D1_2_val_D3_5,dann,opensource-core,residual-d,mlp,"0,1,2,3,4",0.9857142857142858,0.9591836734693876,1.0,0.019891417030222434,0.909268292682927,0.8975609756097561,0.9219512195121952,0.010115337245525713,0.9085028690662493,0.8978314330427007,0.9213056114464564,0.009790026941248111,0.9087655752306162,0.8966745307113516,0.9218917283433412,0.01039765750512238
domain-adaptation,54D,S6_train_I_D1_2_val_D3_5,deep-coral,opensource-core,residual-d,mlp,"0,1,2,3,4",0.9836734693877551,0.9285714285714286,1.0,0.031118266697912032,0.928780487804878,0.8731707317073171,0.946341463414634,0.03115847692228548,0.9274014457113049,0.8743572546389448,0.9435874506297042,0.02971361310506161,0.9287304202644204,0.8741232799170663,0.9454361600474984,0.030581833822966985
domain-adaptation,54D,S6_train_I_D1_2_val_D3_5,mk-mmd,opensource-core,residual-d,mlp,"0,1,2,3,4",1.0,1.0,1.0,0.0,0.933658536585366,0.926829268292683,0.9414634146341464,0.00556183134194702,0.9315001117818019,0.9242119382964454,0.9400849541694613,0.006232975727752079,0.9330058046265297,0.9256861315684844,0.940634530215894,0.005852459824412577
domain-adaptation,54D,S6_train_I_D1_2_val_D3_5,cdan,opensource-core,residual-d,mlp,"0,1,2,3,4",0.9795918367346939,0.9387755102040816,1.0,0.02886150127292036,0.9151219512195123,0.8975609756097561,0.9414634146341464,0.017452237873169085,0.914613607571354,0.8972352634324464,0.9400849541694613,0.017035748725306766,0.9142215105227673,0.8964191619800376,0.9410978935970792,0.017807935543173444
domain-adaptation,54D,S6_train_I_D1_2_val_D3_5,source-only,opensource-core,fusion16,linear,"0,1,2,3,4",1.0,1.0,1.0,0.0,0.9736585365853658,0.9560975609756096,0.9804878048780488,0.010115337245525775,0.9735747820254863,0.955361800432223,0.9806244876667412,0.010485082703847421,0.974295309533795,0.9570380384608376,0.9810066686376926,0.009940815958066207
domain-adaptation,54D,S6_train_I_D1_2_val_D3_5,dann,opensource-core,fusion16,linear,"0,1,2,3,4",0.9897959183673469,0.9489795918367347,1.0,0.02281702017856926,0.9531707317073168,0.946341463414634,0.9609756097560976,0.006544589202438481,0.9529026007899247,0.9447797898502124,0.9618451449437364,0.007291281682508847,0.9536986265918683,0.9466453606891564,0.960663732650565,0.006422153803306266
domain-adaptation,54D,S6_train_I_D1_2_val_D3_5,deep-coral,opensource-core,fusion16,linear,"0,1,2,3,4",0.9959183673469386,0.9897959183673468,1.0,0.005589005688828293,0.9629268292682926,0.951219512195122,0.975609756097561,0.008861415670529194,0.9626499739175796,0.9518593039719802,0.975333482375736,0.008510340762852729,0.9633269450036638,0.9513161876502392,0.9759674262988448,0.008928101075348437
domain-adaptation,54D,S6_train_I_D1_2_val_D3_5,mk-mmd,opensource-core,fusion16,linear,"0,1,2,3,4",0.9959183673469388,0.979591836734694,1.0,0.009126808071427673,0.953170731707317,0.9414634146341464,0.9609756097560976,0.007397927262489281,0.9524256651017214,0.9418734630002236,0.95946046650272,0.006775407623000796,0.9533481996002786,0.9414745527840768,0.96125387293471,0.007625744732678115
domain-adaptation,54D,S6_train_I_D1_2_val_D3_5,cdan,opensource-core,fusion16,linear,"0,1,2,3,4",0.9979591836734694,0.9897959183673468,1.0,0.004563404035713911,0.9580487804878048,0.9414634146341464,0.975609756097561,0.012720394936980751,0.957597436470676,0.9406811237797154,0.97592965198599,0.013205611051741131,0.9587468713008057,0.9417759579055645,0.9763336291038156,0.012836935830820176
domain-adaptation,54D,S6_train_I_D1_2_val_D3_5,source-only,opensource-core,fusion16,mlp,"0,1,2,3,4",1.0,1.0,1.0,0.0,0.9570731707317073,0.9219512195121952,0.9853658536585366,0.023747632087098673,0.9572546389447798,0.9213056114464564,0.9853193233474924,0.024038060755706886,0.9579234262552253,0.9233276210091595,0.9856748768472906,0.023395362702095465
domain-adaptation,54D,S6_train_I_D1_2_val_D3_5,dann,opensource-core,fusion16,mlp,"0,1,2,3,4",1.0,1.0,1.0,0.0,0.9668292682926829,0.951219512195122,0.9853658536585366,0.013968605915391568,0.9661673746180789,0.9488784559207094,0.9853193233474924,0.014724491772746312,0.9670750877946871,0.9512680876970252,0.9856748768472906,0.014060339715405476
domain-adaptation,54D,S6_train_I_D1_2_val_D3_5,deep-coral,opensource-core,fusion16,mlp,"0,1,2,3,4",0.9979591836734694,0.9897959183673468,1.0,0.004563404035713911,0.9668292682926829,0.9609756097560976,0.975609756097561,0.005343634707367464,0.9666443103062822,0.95946046650272,0.97592965198599,0.005946212847319797,0.9672482799685257,0.96125387293471,0.9763336291038156,0.005524017820983277
domain-adaptation,54D,S6_train_I_D1_2_val_D3_5,mk-mmd,opensource-core,fusion16,mlp,"0,1,2,3,4",1.0,1.0,1.0,0.0,0.9648780487804878,0.9560975609756096,0.975609756097561,0.008726118936584606,0.9639317385796259,0.9541694612117148,0.975333482375736,0.009175493835082454,0.965219068014691,0.9561069065638536,0.9760915428289364,0.008849697155318366
domain-adaptation,54D,S6_train_I_D1_2_val_D3_5,cdan,opensource-core,fusion16,mlp,"0,1,2,3,4",0.9938775510204081,0.9693877551020408,1.0,0.013690212107141584,0.9541463414634146,0.9317073170731708,0.9658536585365852,0.014876049445831084,0.9537223340040242,0.931291452418213,0.9659438110142337,0.014851329436879246,0.9549920001411294,0.9334030295615808,0.9667602323671016,0.014423986944957636
domain-adaptation,54D,S7_train_I_D1_3_val_D4_5,source-only,opensource-core,residual-d,linear,"0,1,2,3,4",0.9346938775510203,0.9081632653061223,1.0,0.0379064808591974,0.8956097560975611,0.8634146341463415,0.9365853658536586,0.026851432086873954,0.8958342648483495,0.8655637528876965,0.93539011848871,0.02575553412827502,0.8952363775585332,0.8634359706426412,0.936425114501863,0.02679332882354455
domain-adaptation,54D,S7_train_I_D1_3_val_D4_5,dann,opensource-core,residual-d,linear,"0,1,2,3,4",0.9795918367346939,0.9081632653061223,1.0,0.04017350956128479,0.9258536585365855,0.902439024390244,0.9365853658536586,0.013536036024889338,0.924703778224905,0.9025262687234518,0.935986288098964,0.013019965022741078,0.9253241081244514,0.9015384615384616,0.9360985221674876,0.013763914953380625
domain-adaptation,54D,S7_train_I_D1_3_val_D4_5,deep-coral,opensource-core,residual-d,linear,"0,1,2,3,4",0.9693877551020407,0.9081632653061223,1.0,0.04329225190938051,0.9326829268292682,0.9073170731707316,0.946341463414634,0.01595651437443526,0.9315150160220582,0.907221104404203,0.9447797898502124,0.015145139379508971,0.9325898448616448,0.9071817071817072,0.9457331061627277,0.016041264973818976
domain-adaptation,54D,S7_train_I_D1_3_val_D4_5,mk-mmd,opensource-core,residual-d,linear,"0,1,2,3,4",1.0,1.0,1.0,0.0,0.9453658536585365,0.9365853658536586,0.951219512195122,0.005343634707367448,0.9437215887920113,0.9341977792682018,0.9500707951412176,0.005796005899525552,0.9451216299672275,0.9362878807765624,0.9511285845170582,0.005403291058260783
domain-adaptation,54D,S7_train_I_D1_3_val_D4_5,cdan,opensource-core,residual-d,linear,"0,1,2,3,4",0.9877551020408163,0.9387755102040816,1.0,0.02738042421428317,0.9141463414634148,0.8878048780487805,0.9317073170731708,0.020289399359107747,0.9129592369028989,0.8878455920709442,0.9306952828079588,0.019674796780240134,0.913315975658849,0.886705190077047,0.9316388214574706,0.020870203945751023
domain-adaptation,54D,S7_train_I_D1_3_val_D4_5,source-only,opensource-core,residual-d,mlp,"0,1,2,3,4",0.9857142857142858,0.9591836734693876,1.0,0.019891417030222434,0.9317073170731707,0.8878048780487805,0.9560975609756096,0.025812207912825243,0.9309337506520604,0.8872494224606902,0.955361800432223,0.025689739881492868,0.9316571722631611,0.8868535301717587,0.9560455623630104,0.026244364759976144
domain-adaptation,54D,S7_train_I_D1_3_val_D4_5,dann,opensource-core,residual-d,mlp,"0,1,2,3,4",0.9897959183673469,0.9591836734693876,1.0,0.01767398783233555,0.9229268292682926,0.9073170731707316,0.9365853658536586,0.011123662683894078,0.9215291750503019,0.907221104404203,0.934793948878456,0.01040792027957319,0.9222755212918902,0.9059847937883164,0.9365355876051064,0.01157711511451086
domain-adaptation,54D,S7_train_I_D1_3_val_D4_5,deep-coral,opensource-core,residual-d,mlp,"0,1,2,3,4",0.9877551020408163,0.9387755102040816,1.0,0.027380424214283168,0.9424390243902439,0.9365853658536586,0.946341463414634,0.004081268422117339,0.9407854534615098,0.934793948878456,0.9453759594604664,0.004077814842243398,0.9421767470176011,0.9367253719749092,0.9458542062759516,0.0037200396751800005
domain-adaptation,54D,S7_train_I_D1_3_val_D4_5,mk-mmd,opensource-core,residual-d,mlp,"0,1,2,3,4",1.0,1.0,1.0,0.0,0.9307317073170731,0.9219512195121952,0.946341463414634,0.009383114176424963,0.9282062746851478,0.91892093300544,0.9453759594604664,0.010305853752696064,0.9300920546741331,0.9203264410863092,0.9470496501060764,0.010304049927733094
domain-adaptation,54D,S7_train_I_D1_3_val_D4_5,cdan,opensource-core,residual-d,mlp,"0,1,2,3,4",0.9979591836734694,0.9897959183673468,1.0,0.004563404035713911,0.9141463414634146,0.902439024390244,0.9317073170731708,0.01224380526635234,0.912243833370594,0.9007377598926896,0.9300991131977048,0.012393460546899443,0.9134841705715478,0.901794233043296,0.93165592380179,0.01254086059579157
domain-adaptation,54D,S7_train_I_D1_3_val_D4_5,source-only,opensource-core,fusion16,linear,"0,1,2,3,4",1.0,1.0,1.0,0.0,0.9707317073170731,0.9658536585365852,0.9804878048780488,0.006898602743283456,0.9709963484611374,0.9659438110142337,0.9806244876667412,0.006854816405839436,0.971514238475575,0.966465148378192,0.9810066686376926,0.00674053927986996
domain-adaptation,54D,S7_train_I_D1_3_val_D4_5,dann,opensource-core,fusion16,linear,"0,1,2,3,4",1.0,1.0,1.0,0.0,0.9541463414634146,0.946341463414634,0.9658536585365852,0.00739792726248928,0.9531261643937701,0.9447797898502124,0.9647514717937252,0.0074093339122918486,0.9547734845452748,0.9463967823313818,0.9659827367528774,0.007259913769639763
domain-adaptation,54D,S7_train_I_D1_3_val_D4_5,deep-coral,opensource-core,fusion16,linear,0,1.0,1.0,1.0,,0.9609756097560976,0.9609756097560976,0.9609756097560976,,0.960056636112974,0.960056636112974,0.960056636112974,,0.961631424724796,0.961631424724796,0.961631424724796,
domain-adaptation,48D,S1_train_I_test_all,source-only,opensource-core,residual-d,linear,"0,1,2,3,4",1.0,1.0,1.0,0.0,0.6476190476190476,0.6117216117216118,0.6923076923076923,0.03187023697312263,0.646167695473251,0.6126543209876544,0.6903292181069959,0.030993545403629096,0.644556452835233,0.6068019843236991,0.6924446826885852,0.03359927394484739
domain-adaptation,48D,S1_train_I_test_all,dann,opensource-core,residual-d,linear,"0,1,2,3,4",1.0,1.0,1.0,0.0,0.5728937728937729,0.4871794871794871,0.6117216117216118,0.05059720629987405,0.5698045267489713,0.497170781893004,0.606224279835391,0.0439119934243659,0.5531675493955415,0.4326711660677505,0.6089650687476774,0.07131495002893717
domain-adaptation,48D,S1_train_I_test_all,deep-coral,opensource-core,residual-d,linear,"0,1,2,3,4",1.0,1.0,1.0,0.0,0.5084249084249084,0.4981684981684982,0.5201465201465202,0.009481449894172028,0.5086934156378601,0.4979423868312757,0.5207047325102881,0.009787443581852243,0.490012626236317,0.4788318931176074,0.5003796495877229,0.009915717795260947
domain-adaptation,48D,S1_train_I_test_all,mk-mmd,opensource-core,residual-d,linear,"0,1,2,3,4",1.0,1.0,1.0,0.0,0.6219780219780221,0.5897435897435898,0.6446886446886447,0.027824364856898105,0.6232767489711935,0.5924639917695473,0.6445473251028807,0.026898884229611,0.622028850502174,0.5892835410907701,0.6447946530165044,0.027930859758649968
domain-adaptation,48D,S1_train_I_test_all,c-dann,project-extension,residual-d,linear,"0,1,2,3,4",1.0,1.0,1.0,0.0,0.5824175824175825,0.5238095238095238,0.6446886446886447,0.05639122460930642,0.5756172839506173,0.5177469135802469,0.6355452674897119,0.054458386930041625,0.5712542192283407,0.4968986472254446,0.6353942652329748,0.05994893145519491
domain-adaptation,48D,S1_train_I_test_all,cdan,opensource-core,residual-d,linear,"0,1,2,3,4",1.0,1.0,1.0,0.0,0.6131868131868133,0.575091575091575,0.673992673992674,0.0400927422491198,0.6051697530864198,0.5695730452674898,0.6607510288065844,0.03696344265008364,0.6007875525747923,0.55631885774444,0.6555522328548645,0.03892368612543376
domain-adaptation,48D,S1_train_I_test_all,cdan+c-dann,project-extension,residual-d,linear,"0,1,2,3,4",1.0,1.0,1.0,0.0,0.5186813186813187,0.4908424908424908,0.5384615384615384,0.018424580717889077,0.5128858024691358,0.486496913580247,0.5309927983539094,0.017310406447045623,0.4991913148749759,0.4771292106586224,0.5212923805392901,0.017750311828864083
domain-adaptation,48D,S1_train_I_test_all,mk-mmd+lc,project-extension,residual-d,linear,"0,1,2,3,4",1.0,1.0,1.0,0.0,0.6241758241758241,0.5567765567765568,0.6923076923076923,0.06110742116085499,0.6199588477366256,0.5534979423868314,0.6851851851851851,0.05903754110690382,0.6198983879878133,0.5527557553008242,0.6853053611616363,0.059352993265639184
domain-adaptation,48D,S1_train_I_test_all,mk-mmd+cdan,project-extension,residual-d,linear,"0,1,2,3,4",1.0,1.0,1.0,0.0,0.6417582417582417,0.6007326007326007,0.673992673992674,0.030799740673374234,0.6425411522633745,0.602880658436214,0.6748971193415638,0.0289556968907356,0.6353516229584226,0.5959786592361231,0.6634532798577969,0.028259946005896357
domain-adaptation,48D,S1_train_I_test_all,mk-mmd+lc+cdan,project-extension,residual-d,linear,"0,1,2,3,4",1.0,1.0,1.0,0.0,0.6571428571428571,0.6007326007326007,0.6923076923076923,0.035191534430697294,0.6467078189300411,0.5906635802469137,0.6787551440329218,0.03512220089437186,0.6433836456583142,0.5867298818518331,0.6720828688219993,0.03521995746677245
domain-adaptation,48D,S1_train_I_test_all,source-only,opensource-core,residual-d,mlp,"0,1,2,3,4",1.0,1.0,1.0,0.0,0.6161172161172161,0.5824175824175825,0.6666666666666666,0.04024305924387475,0.6170781893004115,0.5816615226337448,0.6647376543209877,0.03738576554402368,0.6053557431282603,0.5580433148340593,0.6627127845637458,0.047862410819219034
domain-adaptation,48D,S1_train_I_test_all,dann,opensource-core,residual-d,mlp,"0,1,2,3,4",0.9933333333333334,0.9666666666666668,1.0,0.014907119849998545,0.5780219780219781,0.5311355311355311,0.608058608058608,0.029915775808198406,0.575951646090535,0.527906378600823,0.6123971193415638,0.03331165962836271,0.5629061465267747,0.5094757094757094,0.6131001518806397,0.04252944693496731
domain-adaptation,48D,S1_train_I_test_all,deep-coral,opensource-core,residual-d,mlp,"0,1,2,3,4",1.0,1.0,1.0,0.0,0.5113553113553113,0.4945054945054945,0.5494505494505495,0.022520770914196932,0.5087705761316872,0.4918981481481481,0.5465534979423868,0.022399332383279145,0.4743622879070065,0.4324295587453481,0.5185576748944002,0.031235673027550516
domain-adaptation,48D,S1_train_I_test_all,mk-mmd,opensource-core,residual-d,mlp,"0,1,2,3,4",1.0,1.0,1.0,0.0,0.5941391941391941,0.575091575091575,0.6153846153846154,0.02029581710944336,0.5944444444444444,0.570216049382716,0.6186985596707819,0.023174853137201808,0.5932088233290458,0.5693075178715795,0.6170982377328551,0.021951428699186676
domain-adaptation,48D,S1_train_I_test_all,c-dann,project-extension,residual-d,mlp,"0,1,2,3,4",1.0,1.0,1.0,0.0,0.504029304029304,0.4468864468864469,0.5347985347985348,0.033631879651686535,0.5049125514403292,0.4422582304526749,0.542309670781893,0.03774312564204075,0.4859429944956265,0.4285386313465784,0.5224890381374417,0.03524044793552826
domain-adaptation,48D,S1_train_I_test_all,cdan,opensource-core,residual-d,mlp,"0,1,2,3,4",1.0,1.0,1.0,0.0,0.6410256410256411,0.5531135531135531,0.7326007326007326,0.06719390596279902,0.6391460905349794,0.5525977366255144,0.7291666666666666,0.06559505561236051,0.6285698996834493,0.5180596835273095,0.72747311827957,0.07982277233006188
domain-adaptation,48D,S1_train_I_test_all,cdan+c-dann,project-extension,residual-d,mlp,"0,1,2,3,4",1.0,1.0,1.0,0.0,0.49230769230769234,0.4725274725274725,0.5238095238095238,0.01896289978834403,0.4890432098765432,0.4639917695473251,0.5228909465020576,0.02125484120259217,0.4643323660786594,0.4204766574822149,0.4857521853647364,0.02636215886169893
domain-adaptation,48D,S1_train_I_test_all,mk-mmd+lc,project-extension,residual-d,mlp,"0,1,2,3,4",1.0,1.0,1.0,0.0,0.5472527472527473,0.5201465201465202,0.5787545787545788,0.023253582781104593,0.5445987654320987,0.5123456790123456,0.5801183127572016,0.02834232019038232,0.5379971106521682,0.5087461558049794,0.5796046162466181,0.028567049527704978
domain-adaptation,48D,S1_train_I_test_all,mk-mmd+cdan,project-extension,residual-d,mlp,"0,1,2,3,4",0.9933333333333334,0.9666666666666668,1.0,0.014907119849998545,0.5816849816849817,0.5567765567765568,0.6153846153846154,0.024762554990704132,0.5837962962962961,0.5567129629629629,0.6219135802469135,0.026450003784383596,0.578224556819836,0.556772159878956,0.6179752005170135,0.023830274234507495
domain-adaptation,48D,S1_train_I_test_all,mk-mmd+lc+cdan,project-extension,residual-d,mlp,"0,1,2,3,4",1.0,1.0,1.0,0.0,0.6205128205128205,0.4981684981684982,0.6959706959706959,0.07337902430979192,0.621630658436214,0.4882973251028806,0.6976594650205762,0.07903487900661976,0.6128900736898732,0.4786745021993943,0.6920721218360214,0.07993837817332185
domain-adaptation,48D,S1_train_I_test_all,source-only,opensource-core,fusion16,linear,"0,1,2,3,4",1.0,1.0,1.0,0.0,0.6249084249084248,0.5201465201465202,0.7106227106227107,0.08180890417666593,0.6192386831275721,0.5084876543209876,0.7012602880658436,0.0810453773495058,0.6193247840633276,0.5033896569380442,0.7060249626710554,0.08543091181467602
domain-adaptation,48D,S1_train_I_test_all,dann,opensource-core,fusion16,linear,"0,1,2,3,4",0.9800000000000001,0.9,1.0,0.04472135954999579,0.6498168498168498,0.6153846153846154,0.7106227106227107,0.03695823664653316,0.6432355967078189,0.6084104938271605,0.6974022633744856,0.033578288097283075,0.6451065437050403,0.6140749790110434,0.6986209829293482,0.03332375014673553
domain-adaptation,48D,S1_train_I_test_all,deep-coral,opensource-core,fusion16,linear,"0,1,2,3,4",1.0,1.0,1.0,0.0,0.7523809523809524,0.673992673992674,0.7948717948717948,0.04759086232648118,0.7458590534979425,0.6658950617283951,0.7901234567901234,0.04881281367690635,0.7515273001268822,0.6732381284105422,0.7941686029851738,0.04747439907571925
domain-adaptation,48D,S1_train_I_test_all,mk-mmd,opensource-core,fusion16,linear,"0,1,2,3,4",1.0,1.0,1.0,0.0,0.7516483516483516,0.7032967032967034,0.7948717948717948,0.03675801818110503,0.7427211934156379,0.6943158436213993,0.7869084362139919,0.036419880233904176,0.7465816648620794,0.6958396426669985,0.7894196103338128,0.037128057959185896
domain-adaptation,48D,S1_train_I_test_all,c-dann,project-extension,fusion16,linear,"0,1,2,3,4",1.0,1.0,1.0,0.0,0.723076923076923,0.684981684981685,0.7619047619047619,0.03220528152429782,0.716795267489712,0.6795267489711935,0.7524434156378601,0.03187217746416619,0.7225537310041609,0.685054773082942,0.7574431733550461,0.034653335983155543
domain-adaptation,48D,S1_train_I_test_all,cdan,opensource-core,fusion16,linear,"0,1,2,3,4",1.0,1.0,1.0,0.0,0.6593406593406593,0.6153846153846154,0.7106227106227107,0.03579637414961916,0.6552211934156379,0.6116255144032922,0.7089763374485597,0.03855441093084454,0.6588718073307602,0.6160605224234447,0.7138937546027534,0.03831987481099619
domain-adaptation,48D,S1_train_I_test_all,cdan+c-dann,project-extension,fusion16,linear,"0,1,2,3,4",1.0,1.0,1.0,0.0,0.6886446886446886,0.6263736263736264,0.7875457875457875,0.07631013427106101,0.6838991769547326,0.6175411522633745,0.7838220164609053,0.0768903342338855,0.6841264892934114,0.6099668917187165,0.7865460775903799,0.081674383426201
domain-adaptation,48D,S1_train_I_test_all,mk-mmd+lc,project-extension,fusion16,linear,"0,1,2,3,4",1.0,1.0,1.0,0.0,0.76996336996337,0.684981684981685,0.8461538461538461,0.0575336500887826,0.762011316872428,0.6840277777777778,0.8387345679012346,0.055151883971006115,0.7636893043859424,0.6784744667097607,0.8433298401687219,0.05873025002029248
domain-adaptation,48D,S1_train_I_test_all,mk-mmd+cdan,project-extension,fusion16,linear,"0,1,2,3,4",1.0,1.0,1.0,0.0,0.7340659340659341,0.673992673992674,0.7838827838827839,0.05399669966751886,0.7243827160493826,0.6642232510288065,0.7695473251028807,0.054840403254194155,0.7280708667955224,0.6590272248913293,0.778246697546749,0.05660272767653692
domain-adaptation,48D,S1_train_I_test_all,mk-mmd+lc+cdan,project-extension,fusion16,linear,"0,1,2,3,4",1.0,1.0,1.0,0.0,0.7406593406593407,0.6996336996336996,0.7655677655677655,0.029915775808198406,0.7315329218106996,0.690843621399177,0.7539866255144033,0.030351646905858055,0.7353291720001647,0.6940790834871832,0.7606121181833325,0.0319648323873504
domain-adaptation,48D,S1_train_I_test_all,source-only,opensource-core,fusion16,mlp,"0,1,2,3,4",1.0,1.0,1.0,0.0,0.6446886446886446,0.5457875457875457,0.6923076923076923,0.06270052296199155,0.6415895061728395,0.5372942386831275,0.6877572016460904,0.0644689150151808,0.6441654548286377,0.5324257270271967,0.6944544338841796,0.06875159098195478
domain-adaptation,48D,S1_train_I_test_all,dann,opensource-core,fusion16,mlp,"0,1,2,3,4",0.9866666666666667,0.9666666666666668,1.0,0.018257418583505474,0.6424908424908425,0.5421245421245421,0.7326007326007326,0.07185465104902111,0.637962962962963,0.5306069958847737,0.7304526748971193,0.0758795749670677,0.6373964796574814,0.5145491031391504,0.7337016629493768,0.0834490671711608
domain-adaptation,48D,S1_train_I_test_all,deep-coral,opensource-core,fusion16,mlp,"0,1,2,3,4",1.0,1.0,1.0,0.0,0.72014652014652,0.6666666666666666,0.7655677655677655,0.03881747045198229,0.7147890946502058,0.6583076131687243,0.761059670781893,0.04019196480031143,0.7183132406879431,0.6648733981934312,0.7623871313526486,0.04010774979173932
domain-adaptation,48D,S1_train_I_test_all,mk-mmd,opensource-core,fusion16,mlp,"0,1,2,3,4",0.9933333333333334,0.9666666666666668,1.0,0.014907119849998545,0.6761904761904762,0.5714285714285714,0.7728937728937729,0.07227357787348636,0.6669495884773662,0.5661008230452674,0.7635030864197531,0.07112930007088904,0.6689056436113201,0.5636292107035362,0.7674348451366235,0.07352576864184131
domain-adaptation,48D,S1_train_I_test_all,c-dann,project-extension,fusion16,mlp,"0,1,2,3,4",1.0,1.0,1.0,0.0,0.6908424908424908,0.684981684981685,0.6959706959706959,0.004176466758604887,0.687525720164609,0.6769547325102881,0.6922582304526749,0.006642826935703494,0.6908800600577676,0.6778564769411451,0.6978863717024025,0.008308059955018763
domain-adaptation,48D,S1_train_I_test_all,cdan,opensource-core,fusion16,mlp,"0,1,2,3,4",1.0,1.0,1.0,0.0,0.6703296703296704,0.5824175824175825,0.717948717948718,0.055853299201380595,0.6631944444444444,0.5745884773662552,0.7165637860082305,0.05731327647809631,0.6646362231074706,0.5744904101816456,0.7185620227520649,0.058015485786556534
domain-adaptation,48D,S1_train_I_test_all,cdan+c-dann,project-extension,fusion16,mlp,"0,1,2,3,4",1.0,1.0,1.0,0.0,0.6717948717948719,0.6117216117216118,0.7362637362637363,0.04615966007918935,0.6694701646090536,0.612011316872428,0.73070987654321,0.04410412052237805,0.6711829541275123,0.6101010625603587,0.7342295504060209,0.04749402594182529
domain-adaptation,48D,S1_train_I_test_all,mk-mmd+lc,project-extension,fusion16,mlp,"0,1,2,3,4",1.0,1.0,1.0,0.0,0.7362637362637362,0.6190476190476191,0.8095238095238095,0.07843448023942803,0.7286522633744856,0.6157407407407408,0.8001543209876543,0.07596396298644932,0.7327939602166691,0.6142747579330841,0.8066884699243299,0.07881290003895842
domain-adaptation,48D,S1_train_I_test_all,mk-mmd+cdan,project-extension,fusion16,mlp,"0,1,2,3,4",1.0,1.0,1.0,0.0,0.6827838827838828,0.6483516483516484,0.7362637362637363,0.03490440805735267,0.6804012345679011,0.6499485596707819,0.7339248971193416,0.03418816056169524,0.6861877779760133,0.6573824550482111,0.7404358943138926,0.03377336680694199
domain-adaptation,48D,S1_train_I_test_all,mk-mmd+lc+cdan,project-extension,fusion16,mlp,"0,1,2,3,4",0.9933333333333334,0.9666666666666668,1.0,0.014907119849998545,0.6644688644688646,0.6373626373626373,0.6813186813186813,0.021608617148355515,0.658667695473251,0.6298868312757202,0.6773405349794238,0.022824816625232943,0.6626837072589311,0.6315299137043913,0.6847174022543451,0.025326449672874257
domain-adaptation,48D,S2_train_I_internal_val_test_all,source-only,opensource-core,residual-d,linear,"0,1,2,3,4",0.7866666666666667,0.7333333333333333,0.8333333333333334,0.03800584750330463,0.5868131868131868,0.5567765567765568,0.6043956043956044,0.02029581710944331,0.5847993827160494,0.5554269547325102,0.601851851851852,0.019807574520976545,0.5901635896646744,0.5589161209967073,0.6092051535208006,0.02140229592924955
domain-adaptation,48D,S2_train_I_internal_val_test_all,dann,opensource-core,residual-d,linear,"0,1,2,3,4",0.8133333333333332,0.7333333333333333,1.0,0.10954451150103325,0.6102564102564102,0.5567765567765568,0.7032967032967034,0.05701827313119623,0.6093364197530864,0.5554269547325102,0.7046039094650206,0.05834945440555177,0.6120308407592135,0.5579630481661183,0.7002284424031466,0.05518034502349855
domain-adaptation,48D,S2_train_I_internal_val_test_all,deep-coral,opensource-core,residual-d,linear,"0,1,2,3,4",0.8600000000000001,0.8333333333333334,0.9,0.027888667551135848,0.526007326007326,0.5164835164835165,0.5347985347985348,0.00759576606348998,0.5161008230452675,0.5063014403292181,0.5266203703703703,0.009379224000011158,0.5104393478377091,0.4965252234575638,0.5291645044110015,0.014688432464942168
domain-adaptation,48D,S2_train_I_internal_val_test_all,mk-mmd,opensource-core,residual-d,linear,"0,1,2,3,4",0.7733333333333332,0.7333333333333333,0.8,0.03651483716701113,0.5912087912087912,0.5457875457875457,0.6153846153846154,0.02699213688929019,0.5897376543209877,0.5450102880658436,0.6135545267489713,0.026700919119817687,0.593712926210666,0.5472968680515851,0.6177724521928911,0.027577793985062254
domain-adaptation,48D,S2_train_I_internal_val_test_all,c-dann,project-extension,residual-d,linear,"0,1,2,3,4",0.82,0.7333333333333333,1.0,0.10954451150103325,0.5904761904761905,0.5567765567765568,0.6190476190476191,0.024490131355965977,0.5881430041152264,0.5560699588477366,0.612525720164609,0.023050706547851487,0.5919751713390854,0.5585451212156639,0.61340142973591,0.02317232946318028
domain-adaptation,48D,S2_train_I_internal_val_test_all,cdan,opensource-core,residual-d,linear,"0,1,2,3,4",0.8266666666666668,0.7333333333333333,1.0,0.10381607668264958,0.6190476190476191,0.5787545787545788,0.7106227106227107,0.05225400226259014,0.6157407407407407,0.5769032921810698,0.7019032921810701,0.04926544624093308,0.6201292178651885,0.5804066489802205,0.702179986731328,0.04729455911792502
domain-adaptation,48D,S2_train_I_internal_val_test_all,cdan+c-dann,project-extension,residual-d,linear,"0,1,2,3,4",0.8133333333333332,0.7333333333333333,1.0,0.11205157542647742,0.5787545787545787,0.5201465201465202,0.6007326007326007,0.03396929851829925,0.5770318930041152,0.5155606995884773,0.6003086419753086,0.03566766489303129,0.5787940664097111,0.5057720841023414,0.6041267143376282,0.04185611384220181
domain-adaptation,48D,S2_train_I_internal_val_test_all,mk-mmd+lc,project-extension,residual-d,linear,"0,1,2,3,4",0.78,0.7333333333333333,0.8333333333333334,0.044721359549995836,0.5831501831501831,0.5421245421245421,0.6007326007326007,0.02365404291716183,0.5820987654320987,0.5415380658436214,0.5996656378600823,0.02327241450673652,0.5852876312388251,0.5434618668096648,0.6028282828282828,0.0241272174247924
domain-adaptation,48D,S2_train_I_internal_val_test_all,mk-mmd+cdan,project-extension,residual-d,linear,"0,1,2,3,4",0.78,0.7333333333333333,0.8333333333333334,0.044721359549995836,0.5853479853479854,0.5494505494505495,0.6007326007326007,0.020623719062650887,0.5845679012345679,0.5484825102880658,0.6003086419753086,0.02065847239895263,0.587640515525826,0.5504166576855235,0.6028377006897804,0.021342053880127967
domain-adaptation,48D,S2_train_I_internal_val_test_all,mk-mmd+lc+cdan,project-extension,residual-d,linear,"0,1,2,3,4",0.78,0.7333333333333333,0.8333333333333334,0.044721359549995836,0.5882783882783882,0.5457875457875457,0.608058608058608,0.024653946769910395,0.5873456790123457,0.5450102880658436,0.6072530864197531,0.024469901566645757,0.5906072881126918,0.5470618190944198,0.6104226100216745,0.02509185597213719
domain-adaptation,48D,S2_train_I_internal_val_test_all,source-only,opensource-core,residual-d,mlp,"0,1,2,3,4",0.6933333333333334,0.5,0.9,0.1770122406313567,0.5575091575091575,0.4835164835164835,0.6556776556776557,0.0719386315801757,0.5646090534979423,0.5006430041152263,0.6723251028806585,0.07054951370220666,0.5458542331176461,0.4379774348436049,0.6510464267778712,0.0816214446639025
domain-adaptation,48D,S2_train_I_internal_val_test_all,dann,opensource-core,residual-d,mlp,"0,1,2,3,4",0.8466666666666667,0.5333333333333333,1.0,0.21807236311728168,0.5728937728937729,0.4908424908424908,0.6556776556776557,0.06187115718795275,0.5775205761316873,0.5006430041152263,0.6723251028806585,0.066550795461195,0.5694076917345731,0.496891919444913,0.6510464267778712,0.060447616504596575
domain-adaptation,48D,S2_train_I_internal_val_test_all,deep-coral,opensource-core,residual-d,mlp,"0,1,2,3,4",0.74,0.5,1.0,0.1963556863336419,0.5428571428571429,0.4615384615384615,0.6666666666666666,0.08200548172281741,0.5491769547325103,0.4773662551440329,0.6827417695473251,0.08353272375689784,0.5298991048812298,0.4235857022234731,0.6675507950571579,0.0941800051425797
domain-adaptation,48D,S2_train_I_internal_val_test_all,mk-mmd,opensource-core,residual-d,mlp,"0,1,2,3,4",0.6733333333333335,0.4666666666666667,0.9,0.1876758434701233,0.547985347985348,0.4139194139194139,0.6373626373626373,0.09100924078935906,0.5540380658436214,0.426440329218107,0.6410751028806584,0.08971229732023844,0.5424181386815071,0.3934298170936202,0.63583423331851,0.09602787182514179
domain-adaptation,48D,S2_train_I_internal_val_test_all,c-dann,project-extension,residual-d,mlp,"0,1,2,3,4",0.76,0.5,1.0,0.23021728866442676,0.5516483516483517,0.4761904761904761,0.6556776556776557,0.06962598204154757,0.5573816872427984,0.4957561728395062,0.6723251028806584,0.07215941041118103,0.5306881260922708,0.4292841673268079,0.6516452911854965,0.08834603601219447
domain-adaptation,48D,S2_train_I_internal_val_test_all,cdan,opensource-core,residual-d,mlp,"0,1,2,3,4",0.8733333333333334,0.5333333333333333,1.0,0.2033060090930254,0.6227106227106227,0.5787545787545788,0.6996336996336996,0.052701445311128754,0.6224279835390947,0.5691872427983539,0.690843621399177,0.05517042756213805,0.6152181217677613,0.5552577299432045,0.6935374927825168,0.05592806257595413
domain-adaptation,48D,S2_train_I_internal_val_test_all,cdan+c-dann,project-extension,residual-d,mlp,"0,1,2,3,4",0.76,0.5,1.0,0.23021728866442676,0.550915750915751,0.4761904761904761,0.6556776556776557,0.06855788664379137,0.5560442386831275,0.4957561728395062,0.6723251028806584,0.07161780874542789,0.5277608824830916,0.4292841673268079,0.6516452911854965,0.08787854270239336
domain-adaptation,48D,S2_train_I_internal_val_test_all,mk-mmd+lc,project-extension,residual-d,mlp,"0,1,2,3,4",0.68,0.4666666666666667,0.9,0.19379255804998177,0.5501831501831502,0.4175824175824176,0.6410256410256411,0.0925370718253542,0.5561213991769547,0.4299125514403292,0.6480195473251028,0.0910877278390313,0.5454362324290283,0.3991209780079892,0.638603664281458,0.09649171057713594
domain-adaptation,48D,S2_train_I_internal_val_test_all,mk-mmd+cdan,project-extension,residual-d,mlp,"0,1,2,3,4",0.7133333333333333,0.4666666666666667,1.0,0.2364083096866286,0.558974358974359,0.4139194139194139,0.7032967032967034,0.11021320025109008,0.5654835390946502,0.426440329218107,0.7046039094650206,0.10900960104365671,0.5535743664088415,0.3934298170936202,0.7028572965992251,0.11530281113475865
domain-adaptation,48D,S2_train_I_internal_val_test_all,mk-mmd+lc+cdan,project-extension,residual-d,mlp,"0,1,2,3,4",0.68,0.4666666666666667,0.9333333333333332,0.19804601036683928,0.5472527472527473,0.4175824175824176,0.63003663003663,0.08782046507540517,0.5536008230452675,0.4299125514403292,0.6480195473251028,0.0871043668158286,0.5419560580746158,0.3991209780079892,0.6229394579148274,0.09196852489609891
domain-adaptation,48D,S2_train_I_internal_val_test_all,source-only,opensource-core,fusion16,linear,"0,1,2,3,4",0.9266666666666665,0.7666666666666667,1.0,0.10645812948447539,0.6666666666666667,0.5970695970695971,0.7509157509157509,0.06173003496832498,0.6651234567901235,0.5949074074074074,0.7516718106995884,0.061299036179417975,0.6651169384548324,0.5921319301030178,0.7552185620003252,0.06468000123594007
domain-adaptation,48D,S2_train_I_internal_val_test_all,dann,opensource-core,fusion16,linear,"0,1,2,3,4",0.8799999999999999,0.6666666666666666,1.0,0.14452988925785865,0.6476190476190476,0.3113553113553113,0.7509157509157509,0.1887851107937289,0.64565329218107,0.314429012345679,0.7445987654320988,0.18578320916741803,0.6479146899495803,0.3067703393548782,0.7505388432360064,0.19146364827682108
domain-adaptation,48D,S2_train_I_internal_val_test_all,deep-coral,opensource-core,fusion16,linear,"0,1,2,3,4",0.8466666666666667,0.6666666666666666,1.0,0.12382783747337808,0.6205128205128204,0.3113553113553113,0.7655677655677655,0.18471129551191845,0.6200874485596708,0.314429012345679,0.7642746913580246,0.18241802138114238,0.6189956500377003,0.3067703393548782,0.7700788524741768,0.18828779048562908
domain-adaptation,48D,S2_train_I_internal_val_test_all,mk-mmd,opensource-core,fusion16,linear,"0,1,2,3,4",0.8533333333333333,0.6666666666666666,1.0,0.1282358937444756,0.5824175824175823,0.3076923076923077,0.8168498168498168,0.1848456323375844,0.5797325102880658,0.3103137860082304,0.8103137860082303,0.1805568149965454,0.5799658592019469,0.3034862671052887,0.8178810282009653,0.18526505193797427
domain-adaptation,48D,S2_train_I_internal_val_test_all,c-dann,project-extension,fusion16,linear,"0,1,2,3,4",0.8333333333333334,0.6666666666666666,1.0,0.12472191289246473,0.6021978021978022,0.3113553113553113,0.7582417582417582,0.17193891038286896,0.5992541152263375,0.314429012345679,0.7573302469135803,0.16860169695261082,0.5978421857260992,0.3063269741608307,0.761474652876414,0.17380644213128413
domain-adaptation,48D,S2_train_I_internal_val_test_all,cdan,opensource-core,fusion16,linear,"0,1,2,3,4",0.9733333333333334,0.9,1.0,0.04346134936801764,0.652014652014652,0.6043956043956044,0.7106227106227107,0.04982223629573423,0.6437757201646092,0.5960648148148148,0.7031893004115227,0.049889412640386654,0.6457059818663317,0.602171898770442,0.7065718870316572,0.050402616431048285
domain-adaptation,48D,S2_train_I_internal_val_test_all,cdan+c-dann,project-extension,fusion16,linear,"0,1,2,3,4",0.9333333333333332,0.8,1.0,0.09428090415820632,0.6725274725274726,0.5970695970695971,0.7582417582417582,0.06692378866877233,0.6692644032921811,0.6006944444444444,0.754758230452675,0.06648198627063236,0.671093155429675,0.5853521314562422,0.7613387550828902,0.07133268709020907
domain-adaptation,48D,S2_train_I_internal_val_test_all,mk-mmd+lc,project-extension,fusion16,linear,"0,1,2,3,4",0.8066666666666666,0.6666666666666666,0.9333333333333332,0.10110500592068733,0.5597069597069597,0.3076923076923077,0.7802197802197802,0.176460235335608,0.5573045267489712,0.3103137860082304,0.7775205761316872,0.17414984143422824,0.557471761802011,0.3034862671052887,0.7823549269541936,0.17662198571448337
domain-adaptation,48D,S2_train_I_internal_val_test_all,mk-mmd+cdan,project-extension,fusion16,linear,"0,1,2,3,4",0.8266666666666668,0.6666666666666666,1.0,0.12110601416389967,0.5626373626373626,0.3076923076923077,0.7655677655677655,0.1733572356483347,0.5611111111111111,0.3103137860082304,0.7617026748971193,0.16981524184754526,0.5604665357853432,0.3034862671052887,0.7697291336172108,0.1732043358247999
domain-adaptation,48D,S2_train_I_internal_val_test_all,mk-mmd+lc+cdan,project-extension,fusion16,linear,"0,1,2,3,4",0.9,0.7666666666666667,1.0,0.11055415967851329,0.6805860805860806,0.608058608058608,0.7655677655677655,0.06859701786081529,0.6767746913580248,0.5969650205761318,0.7623456790123457,0.06844642744473964,0.6769088733708928,0.5949599204259551,0.7687529907664136,0.07557744087993842
domain-adaptation,48D,S2_train_I_internal_val_test_all,source-only,opensource-core,fusion16,mlp,"0,1,2,3,4",0.96,0.8,1.0,0.08944271909999157,0.654945054945055,0.608058608058608,0.6923076923076923,0.03545742136360458,0.6543981481481482,0.6091820987654321,0.6958590534979424,0.038347700212633284,0.6527910493805849,0.608389825528995,0.686533684226735,0.033801123399326886
domain-adaptation,48D,S2_train_I_internal_val_test_all,dann,opensource-core,fusion16,mlp,"0,1,2,3,4",0.9533333333333334,0.8,1.0,0.08692269873603531,0.6446886446886447,0.5714285714285714,0.7289377289377289,0.07173317226214704,0.6450617283950617,0.5738168724279835,0.7340534979423868,0.07229425405592962,0.6411780207068623,0.5644660894660894,0.7312812520293526,0.07378934960882903
domain-adaptation,48D,S2_train_I_internal_val_test_all,deep-coral,opensource-core,fusion16,mlp,"0,1,2,3,4",0.9533333333333334,0.8666666666666667,1.0,0.06497862896539308,0.6578754578754579,0.6117216117216118,0.6996336996336996,0.03251625058047198,0.6548611111111111,0.6107253086419754,0.7011316872427984,0.032889820773054766,0.65687159140564,0.6150951716334244,0.7010494499905547,0.03205870013705337
domain-adaptation,48D,S2_train_I_internal_val_test_all,mk-mmd,opensource-core,fusion16,mlp,"0,1,2,3,4",0.9733333333333334,0.9333333333333332,1.0,0.027888667551135875,0.652014652014652,0.575091575091575,0.7472527472527473,0.0696452503363793,0.6462191358024691,0.5766460905349794,0.7353395061728395,0.06538703757575212,0.6438541954501944,0.5551962861385612,0.7389382003593656,0.0729829301388781
domain-adaptation,48D,S2_train_I_internal_val_test_all,c-dann,project-extension,fusion16,mlp,"0,1,2,3,4",0.9866666666666667,0.9333333333333332,1.0,0.02981423969999724,0.6739926739926739,0.5421245421245421,0.7362637362637363,0.07783344088232888,0.6647376543209876,0.5299639917695473,0.73070987654321,0.0806111258596484,0.6650759495552121,0.516642073604099,0.7368089474426549,0.08858225328072619
domain-adaptation,48D,S2_train_I_internal_val_test_all,cdan,opensource-core,fusion16,mlp,"0,1,2,3,4",0.9266666666666665,0.8333333333333334,1.0,0.07601169500660918,0.6402930402930403,0.5787545787545788,0.706959706959707,0.05361015787978227,0.6426954732510288,0.5781893004115226,0.7061471193415637,0.053916928382828445,0.6342131378033388,0.5772398090109204,0.7052534807014411,0.05572084005072258
domain-adaptation,48D,S2_train_I_internal_val_test_all,cdan+c-dann,project-extension,fusion16,mlp,"0,1,2,3,4",0.9600000000000002,0.8666666666666667,1.0,0.054772255750516606,0.643956043956044,0.6227106227106227,0.673992673992674,0.02263961485767392,0.6443672839506174,0.6179269547325102,0.6729681069958847,0.02520274295356785,0.6325035698195293,0.6002886002886003,0.6624051710456074,0.024402622904373446
domain-adaptation,48D,S2_train_I_internal_val_test_all,mk-mmd+lc,project-extension,fusion16,mlp,"0,1,2,3,4",0.9733333333333333,0.9333333333333332,1.0,0.03651483716701113,0.6454212454212453,0.5457875457875457,0.7619047619047619,0.08114193907174001,0.6424125514403292,0.5443672839506172,0.7588734567901234,0.08206680440424781,0.6422128688816945,0.531806157713798,0.7692087770875741,0.08921837546804423
domain-adaptation,48D,S2_train_I_internal_val_test_all,mk-mmd+cdan,project-extension,fusion16,mlp,"0,1,2,3,4",0.9733333333333333,0.9333333333333332,1.0,0.03651483716701113,0.652014652014652,0.5860805860805861,0.7252747252747253,0.052125455936841404,0.6493055555555556,0.5864197530864197,0.7145061728395062,0.0488678897263475,0.6474028814201174,0.5692143411204126,0.715897277546189,0.05541066003443248
domain-adaptation,48D,S2_train_I_internal_val_test_all,mk-mmd+lc+cdan,project-extension,fusion16,mlp,"0,1,2,3,4",0.9733333333333334,0.9,1.0,0.04346134936801764,0.6197802197802198,0.4981684981684982,0.7032967032967034,0.07570995271949489,0.6148919753086419,0.4863683127572016,0.7039609053497943,0.08109970049244805,0.6086198580488583,0.4824524552353299,0.6947179831717696,0.07930015321870935
domain-adaptation,48D,S3_train_I_internal_20_10_test_all,source-only,opensource-core,residual-d,linear,"0,1,2,3,4",0.7533333333333333,0.6,0.8333333333333334,0.0930949336251263,0.5494505494505495,0.4139194139194139,0.6043956043956044,0.07804862913063193,0.5493827160493827,0.4212962962962963,0.601851851851852,0.07390279901207857,0.5519368999539284,0.4128138570542332,0.6092051535208006,0.08029441276445408
domain-adaptation,48D,S3_train_I_internal_20_10_test_all,dann,opensource-core,residual-d,linear,"0,1,2,3,4",0.8666666666666668,0.6,1.0,0.1885618083164127,0.5897435897435898,0.4139194139194139,0.7216117216117216,0.11775858905258982,0.5878343621399178,0.4212962962962963,0.7091049382716049,0.11245213643459291,0.5843460569321374,0.4128138570542332,0.7057789425862273,0.1160278909823708
domain-adaptation,48D,S3_train_I_internal_20_10_test_all,deep-coral,opensource-core,residual-d,linear,"0,1,2,3,4",0.9933333333333334,0.9666666666666668,1.0,0.014907119849998545,0.5619047619047619,0.4615384615384615,0.6923076923076923,0.10583481942728871,0.5573302469135802,0.4619341563786008,0.6813271604938271,0.10043553030160388,0.5511369899447209,0.455078690372808,0.681147705601854,0.10430519332327023
domain-adaptation,48D,S3_train_I_internal_20_10_test_all,mk-mmd,opensource-core,residual-d,linear,"0,1,2,3,4",0.7533333333333333,0.6,0.8333333333333334,0.0930949336251263,0.5501831501831502,0.3626373626373626,0.6336996336996337,0.10919806508690029,0.5484053497942387,0.3636831275720165,0.6309156378600823,0.10764306026845027,0.5536308249697328,0.370294641606117,0.6366112101406219,0.10716373222212752
domain-adaptation,48D,S3_train_I_internal_20_10_test_all,c-dann,project-extension,residual-d,linear,"0,1,2,3,4",0.7933333333333333,0.6,1.0,0.14605934866804432,0.5641025641025641,0.4249084249084249,0.6373626373626373,0.08129062645118001,0.5634002057613169,0.4349279835390947,0.6298868312757202,0.07489493768868423,0.5629608342942495,0.4184639115247625,0.627881921999569,0.08290639579384561
domain-adaptation,48D,S3_train_I_internal_20_10_test_all,cdan,opensource-core,residual-d,linear,"0,1,2,3,4",0.8333333333333334,0.7333333333333333,1.0,0.1,0.6021978021978022,0.5567765567765568,0.6813186813186813,0.04766129430571184,0.5986111111111111,0.5554269547325102,0.6709104938271605,0.04406904592734914,0.6024928283283495,0.5579630481661183,0.6705464430235072,0.04266138634294846
domain-adaptation,48D,S3_train_I_internal_20_10_test_all,cdan+c-dann,project-extension,residual-d,linear,"0,1,2,3,4",0.76,0.6,0.8333333333333334,0.09249624617007741,0.547985347985348,0.4249084249084249,0.5970695970695971,0.07058295356246921,0.5485082304526749,0.4349279835390947,0.5949074074074074,0.06536600328137797,0.5498179907803676,0.4184639115247625,0.6021802395492003,0.0752535748897103
domain-adaptation,48D,S3_train_I_internal_20_10_test_all,mk-mmd+lc,project-extension,residual-d,linear,"0,1,2,3,4",0.7533333333333333,0.5666666666666667,0.8333333333333334,0.11205157542647742,0.5472527472527473,0.3516483516483517,0.6263736263736264,0.11315658047816135,0.5452417695473251,0.3519804526748971,0.6239711934156379,0.11198818553001764,0.5510380584299572,0.3607054096164459,0.6308856220138525,0.11066758452045723
domain-adaptation,48D,S3_train_I_internal_20_10_test_all,mk-mmd+cdan,project-extension,residual-d,linear,"0,1,2,3,4",0.8066666666666666,0.6,1.0,0.14605934866804432,0.5582417582417583,0.3626373626373626,0.6666666666666666,0.11723328628837922,0.5565586419753086,0.3636831275720165,0.6679526748971193,0.11642698506705941,0.5582770742659765,0.370294641606117,0.65544437495657,0.11183735584017336
domain-adaptation,48D,S3_train_I_internal_20_10_test_all,mk-mmd+lc+cdan,project-extension,residual-d,linear,"0,1,2,3,4",0.8,0.5666666666666667,1.0,0.15811388300841897,0.5428571428571429,0.3516483516483517,0.6373626373626373,0.11081418550147419,0.5387602880658436,0.3519804526748971,0.6279578189300411,0.1078166859457074,0.5435138574569292,0.3607054096164459,0.629143951456922,0.10534119054629057
domain-adaptation,48D,S3_train_I_internal_20_10_test_all,source-only,opensource-core,residual-d,mlp,"0,1,2,3,4",0.8400000000000001,0.7333333333333333,1.0,0.10903618155864084,0.5677655677655677,0.5494505494505495,0.5934065934065934,0.017567148437042907,0.568287037037037,0.5433384773662552,0.5965792181069959,0.020753997507131895,0.5582783223612389,0.5276369910204791,0.5909074354870903,0.024450586042763723
domain-adaptation,48D,S3_train_I_internal_20_10_test_all,dann,opensource-core,residual-d,mlp,"0,1,2,3,4",0.8733333333333334,0.7666666666666667,1.0,0.11879019787470305,0.5787545787545787,0.5567765567765568,0.63003663003663,0.02941827546558426,0.5788323045267489,0.5457818930041153,0.6325874485596708,0.03247724609495352,0.5709366118206602,0.5375933070161861,0.6263813090779383,0.03330774175840613
domain-adaptation,48D,S3_train_I_internal_20_10_test_all,deep-coral,opensource-core,residual-d,mlp,"0,1,2,3,4",0.9666666666666668,0.8333333333333334,1.0,0.07453559924999298,0.5340659340659341,0.5164835164835165,0.5457875457875457,0.011981997973476972,0.5296553497942387,0.5127314814814815,0.5424382716049383,0.011455439088455274,0.5162981634013144,0.4822424203494347,0.5362193362193363,0.02486556889743208
domain-adaptation,48D,S3_train_I_internal_20_10_test_all,mk-mmd,opensource-core,residual-d,mlp,"0,1,2,3,4",0.8266666666666668,0.7666666666666667,1.0,0.09831920802501748,0.6021978021978022,0.5641025641025641,0.684981684981685,0.04891173005948863,0.6024691358024692,0.5636574074074074,0.6846707818930041,0.04872235282148093,0.5989867721694786,0.5584193584193584,0.6816707913357041,0.049802617615642766
domain-adaptation,48D,S3_train_I_internal_20_10_test_all,c-dann,project-extension,residual-d,mlp,"0,1,2,3,4",0.9333333333333333,0.8333333333333334,1.0,0.09128709291752767,0.5333333333333333,0.4542124542124542,0.5897435897435898,0.055949308381311444,0.5303755144032921,0.4459876543209877,0.5815329218106996,0.057383093706997006,0.5227492142315802,0.4423154927735811,0.5754061078622482,0.056240618969161695
domain-adaptation,48D,S3_train_I_internal_20_10_test_all,cdan,opensource-core,residual-d,mlp,"0,1,2,3,4",0.8666666666666668,0.8,1.0,0.08498365855987973,0.5853479853479854,0.5531135531135531,0.6776556776556777,0.05298076111872394,0.5859825102880658,0.5487397119341564,0.6790123456790124,0.05376318867384494,0.5817601979952333,0.5475026263749846,0.6804513534060174,0.05649670646225027
domain-adaptation,48D,S3_train_I_internal_20_10_test_all,cdan+c-dann,project-extension,residual-d,mlp,"0,1,2,3,4",0.9,0.8333333333333334,1.0,0.09128709291752765,0.5699633699633699,0.5384615384615384,0.6190476190476191,0.029938193028135617,0.5712705761316872,0.5399948559670782,0.6208847736625515,0.030389465640996954,0.5576113744366321,0.5318283565369817,0.5882156612310411,0.020910145304689005
domain-adaptation,48D,S3_train_I_internal_20_10_test_all,mk-mmd+lc,project-extension,residual-d,mlp,"0,1,2,3,4",0.8533333333333335,0.8,1.0,0.08366600265340754,0.6036630036630036,0.5567765567765568,0.7216117216117216,0.06691376338391812,0.603858024691358,0.5560699588477367,0.7213220164609053,0.06667221581922833,0.5975228781912735,0.5450897358338375,0.7148448040442332,0.06737907885351764
domain-adaptation,48D,S3_train_I_internal_20_10_test_all,mk-mmd+cdan,project-extension,residual-d,mlp,"0,1,2,3,4",0.8733333333333334,0.8,1.0,0.10110500592068734,0.621978021978022,0.5641025641025641,0.7619047619047619,0.08204637609613802,0.6207047325102881,0.5636574074074074,0.7659465020576132,0.0837542220542522,0.6153942771887417,0.5561484258562706,0.7582511210202263,0.08327360301762754
domain-adaptation,48D,S3_train_I_internal_20_10_test_all,mk-mmd+lc+cdan,project-extension,residual-d,mlp,"0,1,2,3,4",0.8266666666666668,0.8,0.8333333333333334,0.014907119849998594,0.5619047619047619,0.5531135531135531,0.5714285714285714,0.008432867716645639,0.5601594650205761,0.5487397119341564,0.5673868312757202,0.009039366396960955,0.551113979684841,0.5371657171885773,0.5628423897568775,0.009488920181437691
domain-adaptation,48D,S3_train_I_internal_20_10_test_all,source-only,opensource-core,fusion16,linear,"0,1,2,3,4",0.9800000000000001,0.9,1.0,0.04472135954999579,0.6109890109890109,0.5457875457875457,0.6336996336996337,0.03675801818110508,0.6126028806584363,0.5559413580246914,0.6403034979423868,0.03395653532875967,0.6098195248112228,0.5455264280565485,0.637142404773214,0.03717018177109274
domain-adaptation,48D,S3_train_I_internal_20_10_test_all,dann,opensource-core,fusion16,linear,"0,1,2,3,4",1.0,1.0,1.0,0.0,0.6798534798534798,0.5457875457875457,0.7619047619047619,0.08002636123259999,0.675051440329218,0.5430812757201645,0.7595164609053499,0.07973693859666052,0.6741222378299814,0.5429406850459482,0.7601064818655098,0.07960925148313547
domain-adaptation,48D,S3_train_I_internal_20_10_test_all,deep-coral,opensource-core,fusion16,linear,"0,1,2,3,4",0.9466666666666667,0.7333333333333333,1.0,0.11925695879998882,0.6798534798534799,0.608058608058608,0.7582417582417582,0.05707707305723797,0.6772376543209876,0.6143261316872427,0.7528292181069959,0.05414670421374973,0.6757978442196617,0.5933612139494492,0.7543934026677297,0.06114601378153745
domain-adaptation,48D,S3_train_I_internal_20_10_test_all,mk-mmd,opensource-core,fusion16,linear,"0,1,2,3,4",1.0,1.0,1.0,0.0,0.7736263736263735,0.7326007326007326,0.8095238095238095,0.03526770667226642,0.7704989711934156,0.7343106995884773,0.8046553497942387,0.03252464565983214,0.7736629883972811,0.7355099066693134,0.8080238135073338,0.03281305192161667
domain-adaptation,48D,S3_train_I_internal_20_10_test_all,c-dann,project-extension,fusion16,linear,"0,1,2,3,4",1.0,1.0,1.0,0.0,0.7282051282051282,0.6043956043956044,0.7985347985347986,0.07309505223726148,0.721656378600823,0.5986368312757201,0.7878086419753085,0.07188220050308662,0.7248999117603041,0.603082911189616,0.7879206140075704,0.0706617100154455
domain-adaptation,48D,S3_train_I_internal_20_10_test_all,cdan,opensource-core,fusion16,linear,"0,1,2,3,4",0.9800000000000001,0.9333333333333332,1.0,0.02981423969999722,0.6695970695970697,0.5897435897435898,0.7655677655677655,0.07900547818047127,0.664429012345679,0.5848765432098766,0.7700617283950617,0.08467529764595766,0.6618129716251735,0.5732592669502148,0.7711185183368041,0.08790545977329274
domain-adaptation,48D,S3_train_I_internal_20_10_test_all,cdan+c-dann,project-extension,fusion16,linear,"0,1,2,3,4",1.0,1.0,1.0,0.0,0.7435897435897436,0.6886446886446886,0.7912087912087912,0.042004926524467814,0.7424125514403292,0.6887860082304527,0.7950102880658436,0.04242385027445768,0.746098680728259,0.6874979546242024,0.7961365027028502,0.043428012379295194
domain-adaptation,48D,S3_train_I_internal_20_10_test_all,mk-mmd+lc,project-extension,fusion16,linear,"0,1,2,3,4",1.0,1.0,1.0,0.0,0.7663003663003664,0.6410256410256411,0.8827838827838828,0.09268195538334909,0.7599537037037036,0.6365740740740741,0.8753858024691358,0.09353995483752353,0.7607333737024422,0.6334749640118768,0.8798573802494233,0.09744464638164374
domain-adaptation,48D,S3_train_I_internal_20_10_test_all,mk-mmd+cdan,project-extension,fusion16,linear,"0,1,2,3,4",0.9933333333333334,0.9666666666666668,1.0,0.014907119849998545,0.7516483516483516,0.6227106227106227,0.7985347985347986,0.07378020486778154,0.7434927983539095,0.5986368312757202,0.7961676954732511,0.08280028681415985,0.7389233391851464,0.5635620258093195,0.8029814658217745,0.09996600111497402
domain-adaptation,48D,S3_train_I_internal_20_10_test_all,mk-mmd+lc+cdan,project-extension,fusion16,linear,"0,1,2,3,4",1.0,1.0,1.0,0.0,0.7494505494505495,0.7032967032967034,0.8131868131868132,0.042607519483063266,0.7399948559670781,0.6885288065843621,0.8074845679012346,0.04532813260498157,0.7425782530574304,0.6796874512076222,0.8107230221565122,0.048739234261659437
domain-adaptation,48D,S3_train_I_internal_20_10_test_all,source-only,opensource-core,fusion16,mlp,"0,1,2,3,4",0.9533333333333334,0.8666666666666667,1.0,0.06497862896539308,0.676923076923077,0.608058608058608,0.7509157509157509,0.05682970453492969,0.6744598765432098,0.61304012345679,0.7439557613168724,0.052553588206079506,0.6741075861506757,0.5973995062192148,0.7538119194509557,0.06197615322830402
domain-adaptation,48D,S3_train_I_internal_20_10_test_all,dann,opensource-core,fusion16,mlp,"0,1,2,3,4",0.9933333333333334,0.9666666666666668,1.0,0.014907119849998545,0.6659340659340659,0.6373626373626373,0.6923076923076923,0.02249096180660624,0.6581275720164609,0.6337448559670782,0.6916152263374485,0.02260680302368328,0.656136562004499,0.6289930402353643,0.6882716049382717,0.021913436443604457
domain-adaptation,48D,S3_train_I_internal_20_10_test_all,deep-coral,opensource-core,fusion16,mlp,"0,1,2,3,4",0.9733333333333334,0.9,1.0,0.04346134936801764,0.6432234432234433,0.5641025641025641,0.6996336996336996,0.052993422311668155,0.6391718106995885,0.5649434156378601,0.6934156378600823,0.04977453281893484,0.6399191966820716,0.5602976047835861,0.6988560275682705,0.05343851267286846
domain-adaptation,48D,S3_train_I_internal_20_10_test_all,mk-mmd,opensource-core,fusion16,mlp,"0,1,2,3,4",0.9333333333333333,0.8,1.0,0.09428090415820632,0.6043956043956044,0.5274725274725275,0.673992673992674,0.06360349946588036,0.5982510288065843,0.5225051440329218,0.6678240740740741,0.061348927945402,0.6006823186423002,0.5227558046640205,0.6701365414507023,0.06382544465469352
domain-adaptation,48D,S3_train_I_internal_20_10_test_all,c-dann,project-extension,fusion16,mlp,"0,1,2,3,4",1.0,1.0,1.0,0.0,0.671062271062271,0.6117216117216118,0.7289377289377289,0.05285398237487985,0.6671039094650205,0.6113683127572016,0.7211934156378601,0.05011008257911738,0.6691605694814106,0.6068971329758636,0.7266589367712962,0.05276194290031098
domain-adaptation,48D,S3_train_I_internal_20_10_test_all,cdan,opensource-core,fusion16,mlp,"0,1,2,3,4",0.9666666666666666,0.8333333333333334,1.0,0.07453559924999298,0.6637362637362637,0.6373626373626373,0.6886446886446886,0.018927488179873726,0.6590020576131688,0.6350308641975309,0.6855709876543211,0.02093461826964011,0.6562394952067041,0.6212834407509974,0.6855221941723194,0.024472003901804068
domain-adaptation,48D,S3_train_I_internal_20_10_test_all,cdan+c-dann,project-extension,fusion16,mlp,"0,1,2,3,4",0.96,0.8333333333333334,1.0,0.07226494462892932,0.6652014652014653,0.5970695970695971,0.7289377289377289,0.063529621651806,0.6629629629629629,0.5878343621399177,0.7289094650205762,0.06891668792639312,0.660685617535207,0.5785642865616428,0.7316874402592606,0.07349436991481191
domain-adaptation,48D,S3_train_I_internal_20_10_test_all,mk-mmd+lc,project-extension,fusion16,mlp,"0,1,2,3,4",0.8733333333333334,0.7333333333333333,1.0,0.12110601416389967,0.6549450549450551,0.5824175824175825,0.73992673992674,0.06751264552074711,0.6555555555555557,0.5861625514403292,0.7335390946502057,0.06287334878410974,0.6513682385407202,0.5796052983805625,0.7420104838704956,0.07317121226952182
domain-adaptation,48D,S3_train_I_internal_20_10_test_all,mk-mmd+cdan,project-extension,fusion16,mlp,"0,1,2,3,4",0.9933333333333334,0.9666666666666668,1.0,0.014907119849998545,0.6424908424908425,0.4542124542124542,0.7252747252747253,0.107657416290876,0.636548353909465,0.4421296296296296,0.7177211934156378,0.11054620551174485,0.6317703186611678,0.4152192330677345,0.7216117216117216,0.12338963269375339
domain-adaptation,48D,S3_train_I_internal_20_10_test_all,mk-mmd+lc+cdan,project-extension,fusion16,mlp,"0,1,2,3,4",0.9866666666666667,0.9666666666666668,1.0,0.018257418583505474,0.6798534798534799,0.5641025641025641,0.7545787545787546,0.07315010060874208,0.6741512345679013,0.555298353909465,0.7480709876543211,0.073984009908219,0.6781257957556309,0.5578886324634594,0.7523707957342083,0.0748399076664087
domain-adaptation,48D,S4_train_I_val_D1_2,source-only,opensource-core,residual-d,linear,"0,1,2,3,4",0.9448275862068967,0.9310344827586208,0.9655172413793104,0.01888698474155743,0.6963265306122448,0.6693877551020408,0.7183673469387755,0.01769753746014593,0.698099182329829,0.6743124137198683,0.7173728363597749,0.015494281267876506,0.6840996865603005,0.6444644374468936,0.7161235754985755,0.026262480344669128
domain-adaptation,48D,S4_train_I_val_D1_2,dann,opensource-core,residual-d,linear,"0,1,2,3,4",0.993103448275862,0.9655172413793104,1.0,0.015421158465515773,0.7673469387755102,0.7183673469387755,0.8,0.03378152113723849,0.7623659339492407,0.7228947647870871,0.7852288414569396,0.026937318766934285,0.7598350641791014,0.7076695714212913,0.7838908665684053,0.032902925767180104
domain-adaptation,48D,S4_train_I_val_D1_2,deep-coral,opensource-core,residual-d,linear,"0,1,2,3,4",0.9517241379310345,0.9310344827586208,1.0,0.02833047711233614,0.7951020408163265,0.746938775510204,0.8367346938775511,0.035040287398097586,0.7880322820431135,0.7438143782520973,0.8283954550281406,0.03321670747905174,0.7905538806575134,0.7433768648874047,0.8326747967479675,0.03504786859058311
domain-adaptation,48D,S4_train_I_val_D1_2,mk-mmd,opensource-core,residual-d,linear,"0,1,2,3,4",0.9344827586206899,0.9310344827586208,0.9482758620689656,0.0077105792327579106,0.8195918367346937,0.7959183673469388,0.8489795918367347,0.022430419043320958,0.8173622172666454,0.7972284166932143,0.8455452904321971,0.021169295990457773,0.8186773843879243,0.794292543179778,0.8475785006248152,0.022919616780126204
domain-adaptation,48D,S4_train_I_val_D1_2,c-dann,project-extension,residual-d,linear,"0,1,2,3,4",0.9413793103448276,0.8793103448275862,1.0,0.049671932037544594,0.8016326530612246,0.7306122448979592,0.8448979591836735,0.046501960387350584,0.7989274715939259,0.7324519486035892,0.8377933524477009,0.04334595253022689,0.7984120210147649,0.7232480575378709,0.8386395406768922,0.04751549083232377
domain-adaptation,48D,S4_train_I_val_D1_2,cdan,opensource-core,residual-d,linear,"0,1,2,3,4",0.9862068965517242,0.9310344827586208,1.0,0.03084231693103155,0.713469387755102,0.6775510204081633,0.7551020408163265,0.03113833652695613,0.7153445895720505,0.6820643517043644,0.7536370393968355,0.029739466580449046,0.7052289265775068,0.6549370269717424,0.7558300284555578,0.03921726353059246
domain-adaptation,48D,S4_train_I_val_D1_2,cdan+c-dann,project-extension,residual-d,linear,"0,1,2,3,4",0.9655172413793103,0.913793103448276,1.0,0.047217461853893535,0.8016326530612246,0.710204081632653,0.8448979591836735,0.05563611171065714,0.7972708930657322,0.7103111394286928,0.8354571519592225,0.05295537960465645,0.7973703396339261,0.7010250999498311,0.8377998994469582,0.057940507274681495
domain-adaptation,48D,S4_train_I_val_D1_2,mk-mmd+lc,project-extension,residual-d,linear,"0,1,2,3,4",0.9344827586206896,0.896551724137931,0.9482758620689656,0.02248000829380228,0.8408163265306122,0.8040816326530612,0.8653061224489796,0.0229081064496364,0.8376553042370182,0.8035998725708824,0.8610491664011893,0.021456205488326264,0.8401954189795031,0.8038827164402534,0.8651205510907003,0.022955927038703323
domain-adaptation,48D,S4_train_I_val_D1_2,mk-mmd+cdan,project-extension,residual-d,linear,"0,1,2,3,4",0.9551724137931036,0.896551724137931,1.0,0.04496001658760445,0.7926530612244898,0.7428571428571429,0.8489795918367347,0.04196347155093834,0.7899861951789318,0.7413188913666772,0.8386428798980567,0.03895565864714312,0.7873812549206887,0.7381848685898103,0.8402033355294604,0.04219833981176131
domain-adaptation,48D,S4_train_I_val_D1_2,mk-mmd+lc+cdan,project-extension,residual-d,linear,"0,1,2,3,4",0.9275862068965518,0.896551724137931,0.9482758620689656,0.022480008293802263,0.7730612244897959,0.7183673469387755,0.8448979591836735,0.04970550507223152,0.7726239779122863,0.7201338005734309,0.8423595624933631,0.048333668824983134,0.766980956120331,0.7054475202725031,0.8451633890872438,0.05400905061979398
domain-adaptation,48D,S4_train_I_val_D1_2,source-only,opensource-core,residual-d,mlp,"0,1,2,3,4",0.9103448275862069,0.6206896551724138,1.0,0.1646529156732872,0.7591836734693878,0.6326530612244898,0.8081632653061225,0.07238427694272734,0.7580652012318148,0.6504725496442604,0.8033343952426463,0.06263428384013553,0.758572769154054,0.6224553478558055,0.8121178639375065,0.07788518972119685
domain-adaptation,48D,S4_train_I_val_D1_2,dann,opensource-core,residual-d,mlp,"0,1,2,3,4",0.9482758620689655,0.896551724137931,1.0,0.04876598490941703,0.8032653061224491,0.7428571428571429,0.8530612244897959,0.04255481312319465,0.7989593288733141,0.7337262397791228,0.8494212594244451,0.044078105096413606,0.8043386673972653,0.7351935972312352,0.8552296302241126,0.046002850098106986
domain-adaptation,48D,S4_train_I_val_D1_2,deep-coral,opensource-core,residual-d,mlp,"0,1,2,3,4",0.9137931034482758,0.7241379310344828,0.9827586206896552,0.1083603887066943,0.7959183673469388,0.6408163265306123,0.8571428571428571,0.08787367404739177,0.7933630667940957,0.6575342465753424,0.8519167463098651,0.07782713540642827,0.7919843787932375,0.6353916813165573,0.8556398561983247,0.08925881338630595
domain-adaptation,48D,S4_train_I_val_D1_2,mk-mmd,opensource-core,residual-d,mlp,"0,1,2,3,4",0.9103448275862069,0.8620689655172413,0.9482758620689656,0.030842316931031653,0.8734693877551021,0.8530612244897959,0.8938775510204081,0.019144554121728247,0.8729425507061697,0.8514919825846873,0.8937028777742381,0.01848328583403266,0.8745088755206792,0.854827569713493,0.895012867469872,0.019159859773444154
domain-adaptation,48D,S4_train_I_val_D1_2,c-dann,project-extension,residual-d,mlp,"0,1,2,3,4",0.9655172413793103,0.9310344827586208,1.0,0.02726101431179634,0.8081632653061224,0.7387755102040816,0.8326530612244898,0.039043115244304066,0.8058192630349368,0.7367526813210152,0.8286609323563767,0.03876255188061815,0.8088908149510516,0.7388496011941083,0.8324107193550218,0.03940737856941736
domain-adaptation,48D,S4_train_I_val_D1_2,cdan,opensource-core,residual-d,mlp,"0,1,2,3,4",0.9758620689655173,0.9310344827586208,1.0,0.0288503457425543,0.8130612244897959,0.7795918367346939,0.8489795918367347,0.027892815613501837,0.8108845704576829,0.7734416480832537,0.8489964956992674,0.030465311141340996,0.8146300605448673,0.7785276305816776,0.8490519367915151,0.028588765564350204
domain-adaptation,48D,S4_train_I_val_D1_2,cdan+c-dann,project-extension,residual-d,mlp,"0,1,2,3,4",0.9655172413793103,0.9310344827586208,1.0,0.03448275862068961,0.7681632653061224,0.7510204081632653,0.8163265306122449,0.027743094641577853,0.7678347669109058,0.7518317935648295,0.8172985027078687,0.02822463763168818,0.7640538569902603,0.7443487732269715,0.8101795712959383,0.027497851488747452
domain-adaptation,48D,S4_train_I_val_D1_2,mk-mmd+lc,project-extension,residual-d,mlp,"0,1,2,3,4",0.9517241379310345,0.913793103448276,1.0,0.044628203812223315,0.8710204081632653,0.8489795918367347,0.9020408163265308,0.020530247085647896,0.8684081979398959,0.8448550493787831,0.9014548157587342,0.022313258098581104,0.8715379959287608,0.8469718367456517,0.9039322790479128,0.02194369634542276
domain-adaptation,48D,S4_train_I_val_D1_2,mk-mmd+cdan,project-extension,residual-d,mlp,"0,1,2,3,4",0.9310344827586208,0.896551724137931,1.0,0.04043461861916746,0.8514285714285714,0.8163265306122449,0.8734693877551021,0.021520696043206642,0.8506318360412021,0.8159180206010408,0.8708718275459276,0.02083898611715468,0.8520385598908309,0.8177762225527075,0.8723872140170815,0.020969274720585455
domain-adaptation,48D,S4_train_I_val_D1_2,mk-mmd+lc+cdan,project-extension,residual-d,mlp,"0,1,2,3,4",0.9620689655172413,0.896551724137931,1.0,0.04626347539654736,0.8081632653061224,0.7795918367346939,0.8408163265306122,0.024827602164482508,0.8069236487203992,0.7796538175639801,0.8329616650738026,0.021948107513911477,0.8058144813656195,0.7785633237322162,0.8392320322128274,0.026656938351397402
domain-adaptation,48D,S4_train_I_val_D1_2,source-only,opensource-core,fusion16,linear,"0,1,2,3,4",0.9758620689655173,0.8793103448275862,1.0,0.053974054629305275,0.8138775510204083,0.7918367346938775,0.8448979591836735,0.020120420479781635,0.8146968248911544,0.7961134119146225,0.8451205267070193,0.018473292868156525,0.8140337708575279,0.7929607034158411,0.8471740883008488,0.0219332232423453
domain-adaptation,48D,S4_train_I_val_D1_2,dann,opensource-core,fusion16,linear,"0,1,2,3,4",0.9758620689655173,0.8793103448275862,1.0,0.053974054629305275,0.8506122448979593,0.8040816326530612,0.8979591836734694,0.033855414454412605,0.849580545821387,0.8077413188913667,0.8934374004460018,0.031512304236414414,0.8512068009904346,0.800884682912898,0.8982921096498354,0.0351980992777226
domain-adaptation,48D,S4_train_I_val_D1_2,deep-coral,opensource-core,fusion16,linear,"0,1,2,3,4",0.9758620689655173,0.8793103448275862,1.0,0.053974054629305275,0.8742857142857143,0.8326530612244898,0.926530612244898,0.035978613667002474,0.8717850695550599,0.8348731018371032,0.9233301476053946,0.03531446038372464,0.8734138279268336,0.8308247672357335,0.9253881031851148,0.03629138933105124
domain-adaptation,48D,S4_train_I_val_D1_2,mk-mmd,opensource-core,fusion16,linear,"0,1,2,3,4",1.0,1.0,1.0,0.0,0.9012244897959183,0.8816326530612245,0.926530612244898,0.020078977757141004,0.898194754167994,0.8793140065838377,0.9205691833917384,0.018541518942043693,0.9009822589925098,0.8814407814407814,0.9245129644378706,0.019512889938983608
domain-adaptation,48D,S4_train_I_val_D1_2,c-dann,project-extension,fusion16,linear,"0,1,2,3,4",0.9689655172413794,0.8620689655172413,1.0,0.06022154895369996,0.8587755102040818,0.8,0.9224489795918368,0.05578563122700374,0.8581607730699797,0.7983434214718063,0.9229053838802166,0.05659712150649791,0.8604293442543437,0.8057562206169017,0.9248043818466352,0.0551625363241545
domain-adaptation,48D,S4_train_I_val_D1_2,cdan,opensource-core,fusion16,linear,"0,1,2,3,4",0.9793103448275863,0.9482758620689656,1.0,0.028330477112336116,0.8685714285714287,0.8285714285714286,0.9387755102040816,0.04186410254680187,0.8705001592863969,0.8282361686311989,0.9377190187957948,0.04102852262807742,0.8715501605351627,0.8337149624950652,0.9399542113777448,0.04055098803068775
domain-adaptation,48D,S4_train_I_val_D1_2,cdan+c-dann,project-extension,fusion16,linear,"0,1,2,3,4",0.993103448275862,0.9655172413793104,1.0,0.015421158465515774,0.8546938775510204,0.7918367346938775,0.9061224489795918,0.04550608565606117,0.8581501539768505,0.8002548582351068,0.9080917489646384,0.04306647156279532,0.8574953276701246,0.7921513331785054,0.9090166369578134,0.0465750724732371
domain-adaptation,48D,S4_train_I_val_D1_2,mk-mmd+lc,project-extension,fusion16,linear,"0,1,2,3,4",1.0,1.0,1.0,0.0,0.8702040816326532,0.8285714285714286,0.9224489795918368,0.04323449037343794,0.8655622809812042,0.8228735266008282,0.9173834554529045,0.04427870564302334,0.8680388136273482,0.8238432891576908,0.9215152576782458,0.045282403728501
domain-adaptation,48D,S4_train_I_val_D1_2,mk-mmd+cdan,project-extension,fusion16,linear,"0,1,2,3,4",1.0,1.0,1.0,0.0,0.8220408163265306,0.7959183673469388,0.8612244897959184,0.02623064328662796,0.8223107146649676,0.7992991398534565,0.8578634384623554,0.022705455040493892,0.8245470669297642,0.8000213452364416,0.8630829591878008,0.02626899258801424
domain-adaptation,48D,S4_train_I_val_D1_2,mk-mmd+lc+cdan,project-extension,fusion16,linear,"0,1,2,3,4",0.9965517241379309,0.9827586206896552,1.0,0.007710579232757861,0.8538775510204083,0.8122448979591836,0.9183673469387756,0.04884334792376033,0.8529574174365508,0.8065201231814804,0.9190294148879684,0.05047207320152982,0.8554418242449395,0.8094591750295134,0.921173006528513,0.05050964159985385
domain-adaptation,48D,S4_train_I_val_D1_2,source-only,opensource-core,fusion16,mlp,"0,1,2,3,4",1.0,1.0,1.0,0.0,0.8106122448979592,0.7836734693877551,0.8326530612244898,0.02152069604320666,0.8129765318041839,0.7862907507698843,0.8369438249973452,0.02129537272773946,0.8131473205681093,0.7873539391166772,0.8346944182184458,0.022092662804276724
domain-adaptation,48D,S4_train_I_val_D1_2,dann,opensource-core,fusion16,mlp,"0,1,2,3,4",1.0,1.0,1.0,0.0,0.8702040816326531,0.8367346938775511,0.9102040816326532,0.03086966596112499,0.8701178719337369,0.8380588297759372,0.9092067537432303,0.03097542322115187,0.8725596846822607,0.8422409731278603,0.9117826617826618,0.030019735933290565
domain-adaptation,48D,S4_train_I_val_D1_2,deep-coral,opensource-core,fusion16,mlp,"0,1,2,3,4",1.0,1.0,1.0,0.0,0.862857142857143,0.8244897959183674,0.8857142857142857,0.025749894360142866,0.8598279706913029,0.8195285122650526,0.886641180843156,0.02774671193478931,0.8635810606482892,0.822797998784841,0.8877908087037598,0.02708752401235406
domain-adaptation,48D,S4_train_I_val_D1_2,mk-mmd,opensource-core,fusion16,mlp,"0,1,2,3,4",0.9965517241379309,0.9827586206896552,1.0,0.007710579232757861,0.9004081632653061,0.8326530612244898,0.9510204081632652,0.04267209808550242,0.9003185727938835,0.8362535839439311,0.9500371668259532,0.040935064836369106,0.9023157192971979,0.8354421768707483,0.9522295911644872,0.042088779654706074
domain-adaptation,48D,S4_train_I_val_D1_2,c-dann,project-extension,fusion16,mlp,"0,1,2,3,4",1.0,1.0,1.0,0.0,0.8587755102040816,0.8122448979591836,0.9224489795918368,0.040673218508908156,0.8580227248592969,0.8154932568758628,0.9201444196665604,0.0384195318684205,0.8613971986176256,0.8178279894527035,0.9241537758042592,0.03940668016638378
domain-adaptation,48D,S4_train_I_val_D1_2,cdan,opensource-core,fusion16,mlp,"0,1,2,3,4",0.9965517241379309,0.9827586206896552,1.0,0.007710579232757861,0.8653061224489796,0.8285714285714286,0.8979591836734694,0.027380424214283113,0.8662949984071361,0.8275459275777849,0.8975788467664861,0.027913559361099398,0.8681308677906415,0.8317023881059962,0.8985138743759434,0.026716128951690458
domain-adaptation,48D,S4_train_I_val_D1_2,cdan+c-dann,project-extension,fusion16,mlp,"0,1,2,3,4",0.9896551724137932,0.9482758620689656,1.0,0.023131737698273633,0.8840816326530613,0.8489795918367347,0.9224489795918368,0.032983026695244014,0.8835722629287458,0.8455452904321971,0.9242858659870448,0.03383967348322653,0.8868669897479269,0.8510169231186243,0.9250897557527392,0.03272272842513353
domain-adaptation,48D,S4_train_I_val_D1_2,mk-mmd+lc,project-extension,fusion16,mlp,"0,1,2,3,4",0.9862068965517242,0.9482758620689656,1.0,0.022480008293802183,0.9053061224489796,0.8816326530612245,0.9306122448979592,0.021090629686145047,0.9057980248486779,0.8848359350111501,0.9306573218647128,0.01978471992826378,0.9080230681457943,0.8853851034132724,0.9331973057150362,0.020030603665525972
domain-adaptation,48D,S4_train_I_val_D1_2,mk-mmd+cdan,project-extension,fusion16,mlp,"0,1,2,3,4",0.9965517241379309,0.9827586206896552,1.0,0.007710579232757861,0.8824489795918368,0.8693877551020408,0.8979591836734694,0.011326070959601304,0.8802272485929702,0.8663056175002656,0.8996495699267283,0.013408492197780349,0.8838250929099944,0.87090129853515,0.8993465993465993,0.011818343357880784
domain-adaptation,48D,S4_train_I_val_D1_2,mk-mmd+lc+cdan,project-extension,fusion16,mlp,"0,1,2,3,4",0.993103448275862,0.9827586206896552,1.0,0.009443492370778685,0.889795918367347,0.8571428571428571,0.9183673469387756,0.025325864583654885,0.8899649569926729,0.8608898800042476,0.9176489327811403,0.023440959575881326,0.8921560531170538,0.8599922695808004,0.9199230885489262,0.02443328291641925
domain-adaptation,48D,S5_train_I_D1_val_D2_3,source-only,opensource-core,residual-d,linear,"0,1,2,3,4",0.925,0.875,0.9583333333333334,0.03486083443891984,0.8086580086580086,0.7272727272727273,0.8787878787878788,0.06976281474679599,0.8089461442118446,0.7328681338343174,0.8740382894972267,0.0650658917382756,0.8062079467119213,0.7189123376623376,0.8797788454205749,0.07390794455690995
domain-adaptation,48D,S5_train_I_D1_val_D2_3,dann,opensource-core,residual-d,linear,"0,1,2,3,4",0.9638888888888889,0.875,1.0,0.05159493228057419,0.864935064935065,0.8138528138528138,0.8874458874458875,0.03021012350193577,0.8625872249060655,0.8137412775093935,0.885131508319914,0.029020552736547623,0.8661558481776164,0.8109354895755203,0.8879819737957962,0.03207450470597866
domain-adaptation,48D,S5_train_I_D1_val_D2_3,deep-coral,opensource-core,residual-d,linear,"0,1,2,3,4",0.9472222222222222,0.9305555555555556,0.9722222222222222,0.01810889557000735,0.8987012987012987,0.8874458874458875,0.9047619047619048,0.007243809753541774,0.8931114689568795,0.8844158167829667,0.9001610305958132,0.006580860543708238,0.8974739044782758,0.8888822680948666,0.9046879046879046,0.0066238544372739195
domain-adaptation,48D,S5_train_I_D1_val_D2_3,mk-mmd,opensource-core,residual-d,linear,"0,1,2,3,4",0.9472222222222222,0.875,0.9861111111111112,0.04325669861777067,0.8952380952380953,0.8268398268398268,0.922077922077922,0.040075452159422056,0.8922526391125425,0.8268026480586866,0.9180533190195024,0.03830274693289858,0.8950868528990658,0.8253105430653939,0.9216934360895036,0.040510356229542764
domain-adaptation,48D,S5_train_I_D1_val_D2_3,c-dann,project-extension,residual-d,linear,"0,1,2,3,4",0.975,0.9444444444444444,1.0,0.024845199749997667,0.8683982683982684,0.7748917748917749,0.9264069264069263,0.05844957456647668,0.8650205761316873,0.7752728573984613,0.9228842368938986,0.056718921178485315,0.8684946109903965,0.7766021618254179,0.9265599171328412,0.05784322872858784
domain-adaptation,48D,S5_train_I_D1_val_D2_3,cdan,opensource-core,residual-d,linear,"0,1,2,3,4",0.9388888888888889,0.875,1.0,0.04969039949999533,0.8363636363636363,0.7272727272727273,0.8874458874458875,0.06771813748315662,0.8349973161567366,0.7321524422973699,0.8822687421721239,0.06381823381301908,0.834914769575915,0.7204642071768056,0.8863677640009845,0.07100683191209026
domain-adaptation,48D,S5_train_I_D1_val_D2_3,cdan+c-dann,project-extension,residual-d,linear,"0,1,2,3,4",0.9472222222222222,0.9166666666666666,1.0,0.03167153958608718,0.8753246753246753,0.7792207792207793,0.9264069264069263,0.05614369813635832,0.872463768115942,0.7793880837359097,0.924315619967794,0.054734671474744256,0.8751286561499324,0.7794418809052955,0.9265436318067896,0.05594826071575785
domain-adaptation,48D,S5_train_I_D1_val_D2_3,mk-mmd+lc,project-extension,residual-d,linear,"0,1,2,3,4",0.9833333333333334,0.9583333333333334,1.0,0.01810889557000735,0.9047619047619048,0.8874458874458875,0.922077922077922,0.014680367928842582,0.9011629987475398,0.885131508319914,0.9173376274825552,0.013541873971074068,0.9043820881172635,0.8875272910464579,0.9207530403904404,0.01400642641700173
domain-adaptation,48D,S5_train_I_D1_val_D2_3,mk-mmd+cdan,project-extension,residual-d,linear,"0,1,2,3,4",1.0,1.0,1.0,0.0,0.8424242424242424,0.8225108225108225,0.8614718614718615,0.013893338992104947,0.8414743245661122,0.8234031132581857,0.8604401502952227,0.013217909151362157,0.8435521538275079,0.8245472837022133,0.8621526799642991,0.013470244583642111
domain-adaptation,48D,S5_train_I_D1_val_D2_3,mk-mmd+lc+cdan,project-extension,residual-d,linear,"0,1,2,3,4",1.0,1.0,1.0,0.0,0.8329004329004329,0.7878787878787878,0.8744588744588745,0.037440256814614124,0.8318482733941671,0.7847557702630166,0.8727858293075684,0.03773415333522796,0.8331484080417468,0.7865119129486945,0.8751697595010627,0.03785269251081036
domain-adaptation,48D,S5_train_I_D1_val_D2_3,source-only,opensource-core,residual-d,mlp,"0,1,2,3,4",0.9638888888888889,0.9166666666666666,1.0,0.033448873829978625,0.8571428571428571,0.8354978354978355,0.8787878787878788,0.01731601731601732,0.8574700304168903,0.8343174091966362,0.8776167471819646,0.01759349730588212,0.8607599034776954,0.8395549699897527,0.8800870231721674,0.01644469347604116
domain-adaptation,48D,S5_train_I_D1_val_D2_3,dann,opensource-core,residual-d,mlp,"0,1",0.9652777777777778,0.9305555555555556,1.0,0.049104637582399115,0.8506493506493507,0.8484848484848485,0.8528138528138528,0.003061068316824856,0.8505099302200751,0.8495258543567722,0.851494006083378,0.0013916934322869762,0.8522614686891794,0.8518744315107135,0.8526485058676453,0.0005473532269290744
domain-adaptation,48D,S1_train_I_test_all,mk-mmd+c-dann,project-extension,bottleneck16,linear,"0,1,2,3,4",0.9933333333333334,0.9666666666666667,1.0,0.014907119849998594,0.7743589743589743,0.6227106227106227,0.8571428571428571,0.08944781940615874,0.7616769547325102,0.6134259259259259,0.8465792181069959,0.08814671345980715,0.7639556051702828,0.6161447828560321,0.8511619981078969,0.08863328928501633
domain-adaptation,48D,S1_train_I_test_all,mk-mmd+cdan+c-dann,project-extension,bottleneck16,linear,"0,1,2,3,4",0.9800000000000001,0.9333333333333333,1.0,0.029814239699997188,0.747985347985348,0.6227106227106227,0.8754578754578755,0.09928699643007367,0.7351337448559672,0.6121399176954733,0.8632973251028807,0.0980418550553929,0.7346994567162664,0.6121399176954733,0.8667987704908365,0.09882065095706616
domain-adaptation,48D,S1_train_I_test_all,mk-mmd+c-dann,project-extension,bottleneck16,mlp,"0,1,2,3,4",0.9866666666666667,0.9333333333333333,1.0,0.029814239699997188,0.7435897435897436,0.663003663003663,0.7692307692307693,0.04545668002194454,0.7305812757201646,0.6458333333333334,0.7600308641975309,0.04803821733417709,0.7325806962352532,0.6444159288986876,0.76729333401884,0.050304773550240225
domain-adaptation,48D,S1_train_I_test_all,mk-mmd+cdan+c-dann,project-extension,bottleneck16,mlp,"0,1,2,3,4",1.0,1.0,1.0,0.0,0.7684981684981684,0.6996336996336996,0.8351648351648352,0.05466350329510723,0.757664609053498,0.6837705761316872,0.8225308641975309,0.055437292558508974,0.7599811491620646,0.6820523187984618,0.827557499971293,0.05787808164541107
domain-adaptation,48D,S2_train_I_internal_val_test_all,mk-mmd+c-dann,project-extension,bottleneck16,linear,"0,1,2,3,4",0.7333333333333334,0.5666666666666667,0.8333333333333334,0.11303883305208784,0.6197802197802197,0.5091575091575091,0.6556776556776557,0.06266841549741527,0.623508230452675,0.503858024691358,0.66820987654321,0.06797782820367504,0.6114391854795533,0.4815940106019525,0.6609592193684986,0.07399967704102561
domain-adaptation,48D,S2_train_I_internal_val_test_all,mk-mmd+cdan+c-dann,project-extension,bottleneck16,linear,"0,1,2,3,4",0.8066666666666669,0.6333333333333333,1.0,0.132077418374393,0.6695970695970697,0.5531135531135531,0.7545787545787546,0.07896300896373777,0.669701646090535,0.5525977366255144,0.7404835390946501,0.07694137913058255,0.6610361947048928,0.5632658164541136,0.7293802036070077,0.06795017879324779
domain-adaptation,48D,S2_train_I_internal_val_test_all,mk-mmd+c-dann,project-extension,bottleneck16,mlp,"0,1,2,3,4",0.9400000000000001,0.8333333333333334,1.0,0.07226494462892931,0.7157509157509158,0.5897435897435898,0.7619047619047619,0.0719013190094186,0.7094650205761316,0.5892489711934156,0.7579732510288065,0.06840780533153035,0.71046373535624,0.5935748054162376,0.7609232207549375,0.06680636946486739
domain-adaptation,48D,S2_train_I_internal_val_test_all,mk-mmd+cdan+c-dann,project-extension,bottleneck16,mlp,"0,1,2,3,4",0.96,0.8333333333333334,1.0,0.07226494462892932,0.7413919413919414,0.6446886446886447,0.8681318681318682,0.09717666360190833,0.7337705761316873,0.6338734567901234,0.8621399176954733,0.09958892075911821,0.7356572029946535,0.6292854201434794,0.8655601018366976,0.10256199028184132
domain-adaptation,48D,S3_train_I_internal_20_10_test_all,mk-mmd+c-dann,project-extension,bottleneck16,linear,"0,1,2,3,4",0.9933333333333334,0.9666666666666667,1.0,0.014907119849998594,0.7245421245421246,0.5934065934065934,0.8351648351648352,0.12210500600732992,0.7179269547325103,0.5862911522633745,0.8296039094650206,0.12079217296463457,0.724645640591939,0.5951580632252901,0.8337738572405738,0.11837140708008899
domain-adaptation,48D,S3_train_I_internal_20_10_test_all,mk-mmd+cdan+c-dann,project-extension,bottleneck16,linear,"0,1,2,3,4",0.9933333333333334,0.9666666666666667,1.0,0.014907119849998594,0.7589743589743589,0.6996336996336996,0.8241758241758241,0.04998356074261007,0.7467078189300411,0.6773405349794239,0.817258230452675,0.053037168461566975,0.7452185456713905,0.6529118427044408,0.8236359609184652,0.06272083016239742
domain-adaptation,48D,S3_train_I_internal_20_10_test_all,mk-mmd+c-dann,project-extension,bottleneck16,mlp,"0,1,2,3,4",0.9800000000000001,0.9333333333333333,1.0,0.029814239699997188,0.8051282051282052,0.7545787545787546,0.8717948717948718,0.05851641186143843,0.7977880658436214,0.7371399176954733,0.8681841563786007,0.06047586849554763,0.8005612464850141,0.735821987995901,0.8706658427923696,0.06249654576287054
domain-adaptation,48D,S3_train_I_internal_20_10_test_all,mk-mmd+cdan+c-dann,project-extension,bottleneck16,mlp,"0,1,2,3,4",0.9800000000000001,0.9666666666666667,1.0,0.018257418583505533,0.7172161172161172,0.608058608058608,0.8974358974358975,0.12298094984757976,0.708667695473251,0.5969650205761318,0.8905606995884773,0.12383232947444063,0.7104146351911569,0.6060081622633404,0.8959135749350723,0.12517120377796362
domain-adaptation,48D,S4_train_I_val_D1_2,mk-mmd+c-dann,project-extension,bottleneck16,linear,"0,1,2,3,4",0.993103448275862,0.9827586206896551,1.0,0.009443492370778746,0.8873469387755103,0.8571428571428571,0.9224489795918367,0.029091477030539548,0.8862588934904959,0.8532972284166932,0.9222151428268025,0.028850788189762912,0.8878905151228658,0.8559483994266603,0.9230580835490244,0.029083804633638674
domain-adaptation,48D,S4_train_I_val_D1_2,mk-mmd+cdan+c-dann,project-extension,bottleneck16,linear,"0,1,2,3,4",0.9965517241379309,0.9827586206896551,1.0,0.0077105792327579106,0.8840816326530613,0.7959183673469388,0.9142857142857143,0.04987280781748875,0.8801210576616757,0.7827333545715196,0.9123924816820642,0.05480625482997582,0.8824870159554455,0.7872647227073301,0.9146441035751448,0.05364877520977527
domain-adaptation,48D,S4_train_I_val_D1_2,mk-mmd+c-dann,project-extension,bottleneck16,mlp,"0,1,2,3,4",0.9965517241379309,0.9827586206896551,1.0,0.0077105792327579106,0.8702040816326531,0.8204081632653061,0.9142857142857143,0.03480175305680361,0.8673569077200808,0.8101306148454922,0.9103217585218223,0.03761178377909374,0.8707814803050905,0.8175268881512713,0.9144761698038124,0.03578007110493379
domain-adaptation,48D,S4_train_I_val_D1_2,mk-mmd+cdan+c-dann,project-extension,bottleneck16,mlp,"0,1,2,3,4",1.0,1.0,1.0,0.0,0.8906122448979591,0.8693877551020408,0.9102040816326531,0.01717198691262256,0.8896357651056599,0.8683763406605075,0.9105872358500585,0.017949471681103113,0.8926232219925515,0.8724310776942356,0.9123143283479149,0.01751897627016973
domain-adaptation,48D,S5_train_I_D1_val_D2_3,mk-mmd+c-dann,project-extension,bottleneck16,linear,"0,1,2,3,4",0.9833333333333332,0.9166666666666666,1.0,0.03726779962499651,0.8891774891774892,0.8701298701298701,0.9047619047619048,0.012471740511591303,0.8880658436213992,0.8665235283592772,0.9015924136697083,0.013131403899058322,0.8888110339320996,0.8694395163939812,0.9040255440232023,0.01244557116719632
domain-adaptation,48D,S5_train_I_D1_val_D2_3,mk-mmd+cdan+c-dann,project-extension,bottleneck16,linear,"0,1,2,3,4",0.961111111111111,0.8888888888888888,1.0,0.043256698617770685,0.9125541125541126,0.8961038961038961,0.9264069264069265,0.01239638187296656,0.9132939702988011,0.8998031848273395,0.9264626945786366,0.011222045581517364,0.9131552836973265,0.8962910779573466,0.9272706311155722,0.012640990323704849
domain-adaptation,48D,S5_train_I_D1_val_D2_3,mk-mmd+c-dann,project-extension,bottleneck16,mlp,"0,1,2,3,4",0.9527777777777777,0.9027777777777778,0.9861111111111112,0.031974623425614836,0.9194805194805195,0.8874458874458875,0.9696969696969697,0.030395653128211183,0.9197351941313293,0.883700125246019,0.9711934156378601,0.03199834571289201,0.9200318616826296,0.8868864468864469,0.9708093497564915,0.030875644146516404
domain-adaptation,48D,S5_train_I_D1_val_D2_3,mk-mmd+cdan+c-dann,project-extension,bottleneck16,mlp,"0,1,2,3,4",0.9638888888888889,0.9166666666666666,1.0,0.033448873829978625,0.884848484848485,0.8484848484848485,0.9004329004329005,0.021558267702144994,0.8858114152800143,0.8473787797459296,0.9032027196278404,0.022682454232993428,0.8858072434125871,0.8484193553159071,0.9018625467421232,0.021935072170375703
domain-adaptation,48D,S6_train_I_D1_2_val_D3_5,mk-mmd+c-dann,project-extension,bottleneck16,linear,"0,1,2,3,4",0.9938775510204081,0.9795918367346939,1.0,0.009126808071427723,0.9434146341463414,0.9073170731707317,0.9560975609756097,0.020580510350955077,0.9427975258961174,0.9048364259631866,0.9571503092629854,0.021851085240588566,0.9436847860931591,0.9065191239218464,0.9571598894591394,0.021193254724429067
domain-adaptation,48D,S6_train_I_D1_2_val_D3_5,mk-mmd+cdan+c-dann,project-extension,bottleneck16,linear,"0,1,2,3,4",0.9897959183673469,0.9795918367346939,1.0,0.010204081632653073,0.9346341463414634,0.9024390243902439,0.9560975609756097,0.021150715501150018,0.9337506520605112,0.8995454206721812,0.9565541396527313,0.022061044774546575,0.9349939440314134,0.9014670238550835,0.956117595855357,0.02146953476863361
domain-adaptation,48D,S6_train_I_D1_2_val_D3_5,mk-mmd+c-dann,project-extension,bottleneck16,mlp,"0,1,2,3,4",0.9816326530612244,0.9591836734693877,1.0,0.020912144420325733,0.9424390243902439,0.8926829268292683,0.975609756097561,0.031875725371130786,0.9417393248379163,0.8883672404799166,0.9765258215962441,0.03366038603836361,0.94254885135246,0.8919935980955138,0.976219239461634,0.0324309482858679
domain-adaptation,48D,S6_train_I_D1_2_val_D3_5,mk-mmd+cdan+c-dann,project-extension,bottleneck16,mlp,"0,1,2,3,4",0.9897959183673469,0.9693877551020408,1.0,0.012497396646852964,0.9307317073170731,0.8926829268292683,0.975609756097561,0.029551475572411612,0.928921678217453,0.8889634100901707,0.9753334823757359,0.0306955623290362,0.9310668304502923,0.8931429807484318,0.9760915428289363,0.029552001695344245
domain-adaptation,48D,S7_train_I_D1_3_val_D4_5,mk-mmd+c-dann,project-extension,bottleneck16,linear,"0,1,2,3,4",0.9816326530612244,0.9591836734693877,0.9897959183673469,0.013304494704495217,0.9278048780487804,0.8878048780487805,0.9463414634146341,0.025440789873961523,0.9253893732766972,0.8818838959684031,0.9471644682912289,0.027584040522213558,0.927605414058983,0.8858450901616369,0.9472952696833294,0.026345905587008233
domain-adaptation,48D,S7_train_I_D1_3_val_D4_5,mk-mmd+cdan+c-dann,project-extension,bottleneck16,linear,"0,1,2,3,4",0.9836734693877551,0.9795918367346939,1.0,0.009126808071427723,0.9239024390243902,0.8780487804878049,0.9512195121951219,0.02772345802611282,0.9219912064982487,0.874282733437663,0.9500707951412176,0.02881135557540651,0.9240922909288576,0.8777504190064033,0.9521306206337464,0.02809763202228489
domain-adaptation,48D,S7_train_I_D1_3_val_D4_5,mk-mmd+c-dann,project-extension,bottleneck16,mlp,"0,1,2,3,4",0.9755102040816326,0.9693877551020408,1.0,0.013690212107141582,0.921951219512195,0.8585365853658536,0.9560975609756097,0.038098778906861724,0.9204709739921008,0.8507340338326254,0.9559579700424771,0.041126535438195784,0.921189097713911,0.853042181752644,0.9565966676525682,0.04040546263103051
domain-adaptation,48D,S7_train_I_D1_3_val_D4_5,mk-mmd+cdan+c-dann,project-extension,bottleneck16,mlp,"0,1,2,3,4",0.9755102040816326,0.9591836734693877,0.9897959183673469,0.013690212107141584,0.937560975609756,0.8829268292682927,0.9560975609756097,0.03168854979299845,0.9381175944556226,0.8855354348312096,0.9577464788732395,0.03079843235279017,0.9382127380610916,0.8849870930973213,0.9564831985269943,0.030947440197963246
domain-adaptation,54D,S1_train_I_test_all,mk-mmd+c-dann,project-extension,bottleneck16,linear,"0,1,2,3,4",1.0,1.0,1.0,0.0,0.8908424908424909,0.8388278388278388,0.9194139194139194,0.03058114500328468,0.8867541152263374,0.835648148148148,0.9165380658436213,0.030441284425415632,0.8901325116360119,0.83865317725162,0.919939987838676,0.030580547164200195
domain-adaptation,54D,S1_train_I_test_all,mk-mmd+cdan+c-dann,project-extension,bottleneck16,linear,"0,1,2,3,4",1.0,1.0,1.0,0.0,0.8695970695970697,0.8241758241758241,0.9157509157509157,0.03631734668995,0.8631430041152264,0.8114711934156379,0.9104938271604938,0.03922308237162684,0.8678947283167122,0.8163842836357702,0.9138994142598375,0.03815462550392535
domain-adaptation,54D,S1_train_I_test_all,mk-mmd+c-dann,project-extension,bottleneck16,mlp,"0,1,2,3,4",1.0,1.0,1.0,0.0,0.86007326007326,0.8168498168498168,0.9010989010989011,0.030250289849175955,0.8584876543209876,0.8218878600823046,0.8959619341563787,0.026782892882538156,0.8612151332567388,0.8185728705644847,0.9000422958169437,0.02950502398619219
domain-adaptation,54D,S1_train_I_test_all,mk-mmd+cdan+c-dann,project-extension,bottleneck16,mlp,"0,1,2,3,4",1.0,1.0,1.0,0.0,0.868131868131868,0.8241758241758241,0.8974358974358975,0.027411409426915345,0.8652263374485596,0.8224022633744855,0.8931327160493826,0.02659162157098661,0.8690986531076177,0.8287627716199144,0.8955240955240956,0.024892502449977434
domain-adaptation,54D,S2_train_I_internal_val_test_all,mk-mmd+c-dann,project-extension,bottleneck16,linear,"0,1,2,3,4",1.0,1.0,1.0,0.0,0.8989010989010989,0.8717948717948718,0.9230769230769231,0.022371328182567728,0.8963220164609054,0.8675411522633745,0.9200102880658436,0.022886322185149324,0.9007518692588319,0.8737435925783891,0.9240583141050612,0.021605124967302436
domain-adaptation,54D,S2_train_I_internal_val_test_all,mk-mmd+cdan+c-dann,project-extension,bottleneck16,linear,"0,1,2,3,4",1.0,1.0,1.0,0.0,0.8754578754578756,0.8644688644688645,0.8864468864468864,0.00897248990030465,0.872170781893004,0.8618827160493826,0.8846450617283951,0.009140162705418842,0.8773276121416652,0.8682694995806542,0.8877326937756553,0.00835414088538158
domain-adaptation,54D,S2_train_I_internal_val_test_all,mk-mmd+c-dann,project-extension,bottleneck16,mlp,"0,1,2,3,4",0.9800000000000001,0.9333333333333333,1.0,0.029814239699997188,0.8739926739926739,0.8278388278388278,0.9120879120879121,0.035096086643233666,0.8698816872427985,0.8213734567901235,0.909593621399177,0.03639737275460487,0.8740685965204135,0.8267642868945068,0.9122405372405372,0.03471017284282864
domain-adaptation,54D,S2_train_I_internal_val_test_all,mk-mmd+cdan+c-dann,project-extension,bottleneck16,mlp,"0,1,2,3,4",1.0,1.0,1.0,0.0,0.8967032967032967,0.8681318681318682,0.9340659340659341,0.02462671987395108,0.8920524691358024,0.8640689300411523,0.9304269547325102,0.024807895424405445,0.8960938027200541,0.8697259974423529,0.9327525252525253,0.023363100214496335
domain-adaptation,54D,S3_train_I_internal_20_10_test_all,mk-mmd+c-dann,project-extension,bottleneck16,linear,"0,1,2,3,4",0.9933333333333334,0.9666666666666667,1.0,0.014907119849998594,0.8761904761904763,0.8534798534798534,0.9157509157509157,0.02556241219394564,0.8722222222222221,0.847608024691358,0.9117798353909464,0.025648788565029636,0.8777888001861569,0.8561931192458482,0.9168075437027051,0.025057379234890497
domain-adaptation,54D,S3_train_I_internal_20_10_test_all,mk-mmd+cdan+c-dann,project-extension,bottleneck16,linear,"0,1,2,3,4",1.0,1.0,1.0,0.0,0.8805860805860807,0.8021978021978022,0.9157509157509157,0.04601409156759618,0.87690329218107,0.8022119341563786,0.9137088477366255,0.044300641038371086,0.8819427255405886,0.8088831129936253,0.915115750840469,0.042952118912541075
domain-adaptation,54D,S3_train_I_internal_20_10_test_all,mk-mmd+c-dann,project-extension,bottleneck16,mlp,"0,1,2,3,4",1.0,1.0,1.0,0.0,0.8827838827838829,0.8608058608058609,0.9230769230769231,0.02415916842174528,0.8800154320987655,0.8590534979423868,0.9206532921810698,0.024202592898580975,0.8841728936853548,0.8655614473878135,0.9239933326889848,0.02356991329169153
domain-adaptation,54D,S3_train_I_internal_20_10_test_all,mk-mmd+cdan+c-dann,project-extension,bottleneck16,mlp,"0,1,2,3,4",1.0,1.0,1.0,0.0,0.8666666666666668,0.8424908424908425,0.9010989010989011,0.023682388095596505,0.865380658436214,0.8429783950617283,0.8953189300411523,0.021447517687652122,0.8699613256497642,0.8486580086580086,0.9000404678217765,0.021312685707072183
domain-adaptation,54D,S4_train_I_val_D1_2,mk-mmd+c-dann,project-extension,bottleneck16,linear,"0,1,2,3,4",1.0,1.0,1.0,0.0,0.9151020408163266,0.8734693877551021,0.9346938775510204,0.024043553428609192,0.9135818201125623,0.8722523096527556,0.9331528087501327,0.023745952006377396,0.9163209846121939,0.8741440809616458,0.9348205389271059,0.024086346269934392
domain-adaptation,54D,S4_train_I_val_D1_2,mk-mmd+cdan+c-dann,project-extension,bottleneck16,linear,"0,1,2,3,4",0.9965517241379309,0.9827586206896551,1.0,0.0077105792327579106,0.9142857142857143,0.8816326530612245,0.9428571428571428,0.0221689397779596,0.9150153976850378,0.8813847297440799,0.9422852288414569,0.02208383969792136,0.9168503064052411,0.8862977731035088,0.9431950022311467,0.020705529355323535
domain-adaptation,54D,S4_train_I_val_D1_2,mk-mmd+c-dann,project-extension,bottleneck16,mlp,"0,1,2,3,4",1.0,1.0,1.0,0.0,0.9224489795918368,0.8938775510204081,0.9510204081632653,0.02676505520123265,0.9224912392481681,0.8937028777742381,0.9521078899861951,0.02657141345879969,0.9234353594202072,0.8949831589316016,0.9525204181361685,0.026739576253414526
domain-adaptation,54D,S4_train_I_val_D1_2,mk-mmd+cdan+c-dann,project-extension,bottleneck16,mlp,"0,1,2,3,4",0.993103448275862,0.9655172413793104,1.0,0.015421158465515773,0.9044897959183673,0.8612244897959184,0.9510204081632653,0.03195686388745041,0.9047467346288627,0.8626951258362535,0.949346925772539,0.030855090339608277,0.9065260950525292,0.8614850994217803,0.95141064952885,0.0319369139970429
domain-adaptation,54D,S5_train_I_D1_val_D2_3,mk-mmd+c-dann,project-extension,bottleneck16,linear,"0,1,2,3,4",0.986111111111111,0.9583333333333334,1.0,0.01964185503295964,0.9203463203463202,0.9090909090909091,0.935064935064935,0.011288662173511094,0.919699409554482,0.9071390230810521,0.9339774557165862,0.011483448572455526,0.9208303007851532,0.9090635680109364,0.9361440049426557,0.011566639933304979
domain-adaptation,54D,S5_train_I_D1_val_D2_3,mk-mmd+cdan+c-dann,project-extension,bottleneck16,linear,"0,1,2,3,4",0.9805555555555555,0.9444444444444444,1.0,0.027074428735580455,0.9238095238095237,0.9134199134199135,0.9567099567099567,0.018770115488033586,0.9239935587761675,0.9126856324923956,0.9574163535516192,0.019010672223448443,0.9253309181235341,0.9142046292201091,0.9584021769384287,0.018809436526623306
domain-adaptation,54D,S5_train_I_D1_val_D2_3,mk-mmd+c-dann,project-extension,bottleneck16,mlp,"0,1,2,3,4",1.0,1.0,1.0,0.0,0.9177489177489179,0.8961038961038961,0.935064935064935,0.01530534158412442,0.9173734120594024,0.895509035605654,0.9332617641796386,0.014963024597820099,0.919959924311109,0.8999467464337106,0.9355699222100485,0.014130355937871817
domain-adaptation,54D,S5_train_I_D1_val_D2_3,mk-mmd+cdan+c-dann,project-extension,bottleneck16,mlp,"0,1,2,3,4",0.975,0.9444444444444444,1.0,0.02846375212766557,0.922943722943723,0.9004329004329005,0.9307359307359307,0.012768728314937331,0.9233136518160674,0.8981928788692074,0.9305779209160852,0.014079650832110314,0.9246066768164021,0.903278618844714,0.9329004329004329,0.01215826300089262
domain-adaptation,54D,S6_train_I_D1_2_val_D3_5,mk-mmd+c-dann,project-extension,bottleneck16,linear,"0,1,2,3,4",0.9959183673469388,0.9897959183673469,1.0,0.0055890056888282325,0.9434146341463414,0.9365853658536586,0.9609756097560975,0.01011533724552569,0.9425590580520158,0.9365824577092182,0.95946046650272,0.009618346107625719,0.9440074034161263,0.9377565635224022,0.9612538729347101,0.009838908531870872
domain-adaptation,54D,S6_train_I_D1_2_val_D3_5,mk-mmd+cdan+c-dann,project-extension,bottleneck16,linear,"0,1,2,3,4",0.9938775510204081,0.9693877551020408,1.0,0.013690212107141584,0.9463414634146341,0.9317073170731708,0.9560975609756097,0.010347904114925055,0.9451374916163647,0.9306952828079589,0.9559579700424771,0.01070195544176722,0.9462111738183492,0.9320100160065928,0.9567673059476339,0.010384470991660313
domain-adaptation,54D,S6_train_I_D1_2_val_D3_5,mk-mmd+c-dann,project-extension,bottleneck16,mlp,"0,1,2,3,4",0.9938775510204081,0.9693877551020408,1.0,0.013690212107141584,0.9453658536585365,0.9170731707317074,0.9658536585365853,0.01805537124226509,0.9433638870258589,0.9130337581041806,0.9641553021834711,0.01901773172397914,0.94527052531159,0.9159202450057022,0.965804035297629,0.018494271328350454
domain-adaptation,54D,S6_train_I_D1_2_val_D3_5,mk-mmd+cdan+c-dann,project-extension,bottleneck16,mlp,"0,1,2,3,4",0.9938775510204081,0.9693877551020408,1.0,0.013690212107141584,0.9424390243902439,0.9219512195121952,0.9560975609756097,0.013536036024889331,0.9411431552276621,0.9177285937849318,0.9559579700424771,0.015082711901275558,0.9425913357673705,0.9203178058220831,0.9557224585764058,0.014131992513743597
domain-adaptation,54D,S7_train_I_D1_3_val_D4_5,mk-mmd+c-dann,project-extension,bottleneck16,linear,"0,1,2,3,4",1.0,1.0,1.0,0.0,0.9541463414634146,0.9414634146341463,0.9609756097560975,0.009509067653472168,0.9532453983158209,0.9412772933899695,0.9600566361129742,0.008951172030819101,0.9545502975171175,0.9423044564182498,0.9610928257344362,0.008902258956816735
domain-adaptation,54D,S7_train_I_D1_3_val_D4_5,mk-mmd+cdan+c-dann,project-extension,bottleneck16,linear,"0,1,2,3,4",0.9959183673469388,0.9897959183673469,1.0,0.0055890056888282325,0.9482926829268292,0.9219512195121952,0.9658536585365853,0.01908059240547113,0.9470154258886654,0.9189209330054401,0.9653476414039793,0.01981738594054197,0.9481815719588873,0.9205425384641717,0.9664730933023615,0.019731379637274775
domain-adaptation,54D,S7_train_I_D1_3_val_D4_5,mk-mmd+c-dann,project-extension,bottleneck16,mlp,"0,1,2,3,4",1.0,1.0,1.0,0.0,0.9463414634146341,0.926829268292683,0.9658536585365853,0.017246506858208437,0.9452567255384157,0.9265966167374616,0.9647514717937252,0.017155631907330226,0.9461819342077613,0.9263626237310447,0.9662168383897788,0.017598348299101237
domain-adaptation,54D,S7_train_I_D1_3_val_D4_5,mk-mmd+cdan+c-dann,project-extension,bottleneck16,mlp,"0,1,2,3,4",1.0,1.0,1.0,0.0,0.9404878048780487,0.926829268292683,0.9512195121951219,0.010575357750574974,0.939145987033311,0.9260004471272077,0.9494746255309635,0.010836699776738476,0.9412671138372449,0.9288530465949819,0.9517416730231375,0.0103993673232369
