architecture,split,variant,description,method,mode,label_usage,selection_usage,final_training,alignment_strength,centroid_strength,algorithm_provenance,seeds,train_accuracy,train_accuracy_std,train_accuracy_min,train_accuracy_max,train_balanced_accuracy,train_balanced_accuracy_std,train_balanced_accuracy_min,train_balanced_accuracy_max,train_macro_f1,train_macro_f1_std,train_macro_f1_min,train_macro_f1_max,test_accuracy,test_accuracy_std,test_accuracy_min,test_accuracy_max,test_balanced_accuracy,test_balanced_accuracy_std,test_balanced_accuracy_min,test_balanced_accuracy_max,test_macro_f1,test_macro_f1_std,test_macro_f1_min,test_macro_f1_max,domain_accuracy,domain_accuracy_std,domain_accuracy_min,domain_accuracy_max,domain_balanced_accuracy,domain_balanced_accuracy_std,domain_balanced_accuracy_min,domain_balanced_accuracy_max,domain_source_recall,domain_source_recall_std,domain_source_recall_min,domain_source_recall_max,domain_target_recall,domain_target_recall_std,domain_target_recall_min,domain_target_recall_max,best_epoch,best_epoch_std,best_epoch_min,best_epoch_max,split_short
one-layer,S1_train_I_test_all,MLP Source-only,Train Period I only; no validation; test every current later-day sample.,source-only,uda,source labels only,fixed hyperparameters; target labels prohibited for UDA selection,source-only; no refit,0.0,0.0,shared PyTorch source-only baseline,"0,1,2,3,4",1.0,0.0,1.0,1.0,1.0,0.0,1.0,1.0,1.0,0.0,1.0,1.0,0.8,0.0084328677166456,0.7875457875457875,0.8095238095238095,0.8003858024691357,0.0077584781685922,0.7889660493827161,0.809156378600823,0.8016804358133534,0.0083344179576686,0.7899568348301451,0.8105542019569169,,,,,,,,,,,,,,,,,400.0,0.0,400.0,400.0,S1
one-layer,S1_train_I_test_all,DANN-UDA,Train Period I only; no validation; test every current later-day sample.,dann,uda,source labels only,fixed hyperparameters; target labels prohibited for UDA selection,source-only; no refit,0.2,0.0,existing run_dann_multi_splits.py,"0,1,2,3,4",1.0,0.0,1.0,1.0,1.0,0.0,1.0,1.0,1.0,0.0,1.0,1.0,0.8102564102564104,0.0287726547789823,0.7692307692307693,0.8461538461538461,0.8098508230452677,0.027055669417266,0.7716049382716049,0.8438786008230452,0.8128811410043959,0.0278819166291565,0.7765921420872296,0.849226799690376,0.9042904290429042,0.0066006600660065,0.8943894389438944,0.9108910891089108,0.5463369963369964,0.0202846579532545,0.5148351648351649,0.5648351648351648,0.1,0.0408248290463863,0.0333333333333333,0.1333333333333333,0.9926739926739928,0.0063445084526332,0.9816849816849816,0.9963369963369964,400.0,0.0,400.0,400.0,S1
one-layer,S1_train_I_test_all,DEEP-CORAL-UDA,Train Period I only; no validation; test every current later-day sample.,deep-coral,uda,source labels only,fixed hyperparameters; target labels prohibited for UDA selection,source-only; no refit,0.1,0.0,existing run_deep_coral_multi_splits.py; VisionLearningGroup/CORAL,"0,1,2,3,4",1.0,0.0,1.0,1.0,1.0,0.0,1.0,1.0,1.0,0.0,1.0,1.0,0.8351648351648351,0.0262869965099035,0.8095238095238095,0.8681318681318682,0.8325617283950617,0.025328486294015,0.807227366255144,0.8640689300411522,0.8358779854006635,0.0262407459960044,0.8117908570594681,0.8691554694811702,,,,,,,,,,,,,,,,,400.0,0.0,400.0,400.0,S1
one-layer,S1_train_I_test_all,MK-MMD-UDA,Train Period I only; no validation; test every current later-day sample.,mk-mmd,uda,source labels only,fixed hyperparameters; target labels prohibited for UDA selection,source-only; no refit,0.1,0.0,THU Transfer-Learning-Library tllib/alignment/dan.py and tllib/modules/kernels.py,"0,1,2,3,4",1.0,0.0,1.0,1.0,1.0,0.0,1.0,1.0,1.0,0.0,1.0,1.0,0.8659340659340661,0.0095519449160478,0.8498168498168498,0.8754578754578755,0.863014403292181,0.009182765160081,0.8473508230452675,0.871656378600823,0.8676808175773745,0.0095533712703137,0.8516136504689725,0.8773205023205023,,,,,,,,,,,,,,,,,400.0,0.0,400.0,400.0,S1
one-layer,S2_train_I_internal_val_test_all,MLP Source-only,Train 25 and validate 5 fixed Period I samples; test every current later-day sample.,source-only,uda,source train + source validation labels,source validation labels,source train+source validation refit,0.0,0.0,shared PyTorch source-only baseline,"0,1,2,3,4",0.9066666666666666,0.0641179468722377,0.8333333333333334,1.0,0.9222222222222222,0.0534316223935314,0.8611111111111112,1.0,0.9009964318148462,0.0687251237319844,0.8240387063916476,1.0,0.7069597069597069,0.0579171732631571,0.6556776556776557,0.7985347985347986,0.7146347736625513,0.0543519173328296,0.6667952674897119,0.7993827160493828,0.7044574216082968,0.06202878290914,0.6434222736162862,0.800699654116315,,,,,,,,,,,,,,,,,28.0,29.49576240750525,10.0,80.0,S2
one-layer,S2_train_I_internal_val_test_all,DANN-UDA,Train 25 and validate 5 fixed Period I samples; test every current later-day sample.,dann,uda,source train + source validation labels,source validation labels,source train+source validation refit,0.2,0.0,existing run_dann_multi_splits.py,"0,1,2,3,4",0.9266666666666667,0.0760116950066091,0.8333333333333334,1.0,0.9388888888888888,0.0633430791721743,0.8611111111111112,1.0,0.9221364029548174,0.0812633756310693,0.8240387063916476,1.0,0.7318681318681318,0.0536726916207187,0.6703296703296703,0.7912087912087912,0.7377314814814814,0.0482507306107907,0.6804269547325102,0.7917952674897119,0.7321563574683305,0.0595035627827981,0.6642698532110759,0.7954612113710141,0.9161073825503354,0.0047456830952117,0.9093959731543624,0.9228187919463088,0.5109010989010989,0.0174373133294039,0.5,0.54,0.024,0.0357770876399966,0.0,0.08,0.9978021978021978,0.0049144351153841,0.989010989010989,1.0,108.0,158.96540504147436,10.0,380.0,S2
one-layer,S2_train_I_internal_val_test_all,DEEP-CORAL-UDA,Train 25 and validate 5 fixed Period I samples; test every current later-day sample.,deep-coral,uda,source train + source validation labels,source validation labels,source train+source validation refit,1.0,0.0,existing run_deep_coral_multi_splits.py; VisionLearningGroup/CORAL,"0,1,2,3,4",0.9466666666666668,0.0767390962214755,0.8333333333333334,1.0,0.9555555555555556,0.0639492468512296,0.8611111111111112,1.0,0.9436677701383585,0.081037392198557,0.8240387063916476,1.0,0.8021978021978022,0.0895377770079143,0.6776556776556777,0.8717948717948718,0.8032407407407407,0.0843409651735633,0.6873713991769548,0.8681841563786007,0.7991436990046539,0.0951927506727703,0.6637743892625487,0.8717919172409756,,,,,,,,,,,,,,,,,86.0,106.44247272588136,10.0,270.0,S2
one-layer,S2_train_I_internal_val_test_all,MK-MMD-UDA,Train 25 and validate 5 fixed Period I samples; test every current later-day sample.,mk-mmd,uda,source train + source validation labels,source validation labels,source train+source validation refit,1.0,0.0,THU Transfer-Learning-Library tllib/alignment/dan.py and tllib/modules/kernels.py,"0,1,2,3,4",1.0,0.0,1.0,1.0,1.0,0.0,1.0,1.0,1.0,0.0,1.0,1.0,0.8901098901098902,0.0036630036630037,0.8864468864468864,0.8937728937728938,0.8850308641975309,0.0036690696033145,0.8807870370370371,0.8890174897119342,0.8902510608680638,0.003924514461676,0.8855203664098282,0.8942562280590449,,,,,,,,,,,,,,,,,194.0,51.28352561983234,150.0,280.0,S2
one-layer,S3_train_I_internal_20_10_test_all,MLP Source-only,Train 20 and validate 10 fixed Period I samples; test every current later-day sample.,source-only,uda,source train + source validation labels,source validation labels,source train+source validation refit,0.0,0.0,shared PyTorch source-only baseline,"0,1,2,3,4",0.8400000000000001,0.036514837167011,0.8,0.9,0.8666666666666666,0.0304290309725092,0.8333333333333334,0.9166666666666666,0.8313037942449707,0.0377747434606479,0.791919191919192,0.8943001443001443,0.6608058608058608,0.0125828307965697,0.6483516483516484,0.6776556776556777,0.6722993827160495,0.0138839464037748,0.6598508230452674,0.6912294238683128,0.6568566519430646,0.0088823328507526,0.6450056853755108,0.6650768116739079,,,,,,,,,,,,,,,,,12.0,4.47213595499958,10.0,20.0,S3
one-layer,S3_train_I_internal_20_10_test_all,DANN-UDA,Train 20 and validate 10 fixed Period I samples; test every current later-day sample.,dann,uda,source train + source validation labels,source validation labels,source train+source validation refit,0.05,0.0,existing run_dann_multi_splits.py,"0,1,2,3,4",0.8266666666666668,0.0494413232473044,0.7666666666666667,0.9,0.85,0.0504608392349581,0.7777777777777778,0.9166666666666666,0.8173624074135584,0.051826619806198,0.7526001705029838,0.8943001443001443,0.6644688644688644,0.013105160307691,0.6446886446886447,0.6776556776556777,0.6761574074074074,0.014296513646323,0.656764403292181,0.6925154320987654,0.6602742197480869,0.0118928863432123,0.6419337545039144,0.6737647938756655,0.9317406143344712,1.2412670766236366e-16,0.931740614334471,0.931740614334471,0.5,0.0,0.5,0.5,0.0,0.0,0.0,0.0,1.0,0.0,1.0,1.0,12.0,4.47213595499958,10.0,20.0,S3
one-layer,S3_train_I_internal_20_10_test_all,DEEP-CORAL-UDA,Train 20 and validate 10 fixed Period I samples; test every current later-day sample.,deep-coral,uda,source train + source validation labels,source validation labels,source train+source validation refit,0.001,0.0,existing run_deep_coral_multi_splits.py; VisionLearningGroup/CORAL,"0,1,2,3,4",0.8400000000000001,0.036514837167011,0.8,0.9,0.8666666666666666,0.0304290309725092,0.8333333333333334,0.9166666666666666,0.8313037942449707,0.0377747434606479,0.791919191919192,0.8943001443001443,0.6608058608058608,0.0125828307965697,0.6483516483516484,0.6776556776556777,0.6722993827160495,0.0138839464037748,0.6598508230452674,0.6912294238683128,0.6568566519430646,0.0088823328507526,0.6450056853755108,0.6650768116739079,,,,,,,,,,,,,,,,,12.0,4.47213595499958,10.0,20.0,S3
one-layer,S3_train_I_internal_20_10_test_all,MK-MMD-UDA,Train 20 and validate 10 fixed Period I samples; test every current later-day sample.,mk-mmd,uda,source train + source validation labels,source validation labels,source train+source validation refit,0.01,0.0,THU Transfer-Learning-Library tllib/alignment/dan.py and tllib/modules/kernels.py,"0,1,2,3,4",0.8333333333333334,0.0408248290463862,0.8,0.9,0.861111111111111,0.0340206908719885,0.8333333333333334,0.9166666666666666,0.8252262116968,0.0414970085613123,0.791919191919192,0.8943001443001443,0.6637362637362637,0.0180195954230752,0.6483516483516484,0.6923076923076923,0.6753343621399177,0.0193843292945887,0.6608796296296297,0.7064043209876543,0.6597364495675937,0.0133094816804653,0.6450056853755108,0.6809022003545856,,,,,,,,,,,,,,,,,12.0,4.47213595499958,10.0,20.0,S3
one-layer,S4_train_I_val_D1_2,MLP Source-only,Train Period I; validate target Day1-Day2; test every target sample from Day3 onward.,source-only,uda,source labels only,fixed hyperparameters; target labels prohibited for UDA selection,source-only; no refit,0.0,0.0,shared PyTorch source-only baseline,"0,1,2,3,4",1.0,0.0,1.0,1.0,1.0,0.0,1.0,1.0,1.0,0.0,1.0,1.0,0.796734693877551,0.0078511771680291,0.7877551020408163,0.8081632653061225,0.7974514176489327,0.0070923101731838,0.7894764787087182,0.8081660826165445,0.7971308437862843,0.0079768782970568,0.7887745601313441,0.8080902749415193,,,,,,,,,,,,,,,,,400.0,0.0,400.0,400.0,S4
one-layer,S4_train_I_val_D1_2,MLP Source+Target,Train Period I; validate target Day1-Day2; test every target sample from Day3 onward.,source-only,semi,source + labeled target,target validation labels,Source+Target refit,0.0,0.0,shared PyTorch source-only baseline,"0,1,2,3,4",1.0,0.0,1.0,1.0,1.0,0.0,1.0,1.0,1.0,0.0,1.0,1.0,0.8661224489795918,0.0120390866969409,0.8448979591836735,0.8734693877551021,0.8694170117871934,0.0114324660494206,0.8492619730275034,0.8763937559732399,0.8655899023194206,0.0123306794915968,0.8439214445047326,0.8737630880488023,,,,,,,,,,,,,,,,,132.0,58.90670590009256,60.0,200.0,S4
one-layer,S4_train_I_val_D1_2,DANN-UDA,Train Period I; validate target Day1-Day2; test every target sample from Day3 onward.,dann,uda,source labels only,fixed hyperparameters; target labels prohibited for UDA selection,source-only; no refit,0.2,0.0,existing run_dann_multi_splits.py,"0,1,2,3,4",1.0,0.0,1.0,1.0,1.0,0.0,1.0,1.0,1.0,0.0,1.0,1.0,0.8089795918367347,0.0293480457342817,0.7673469387755102,0.8448979591836735,0.8089412764149941,0.0276368554673514,0.7700966337474778,0.8430498035467772,0.8111429016131041,0.0289844406751384,0.7738317771944754,0.8482633053221288,0.9042904290429042,0.0066006600660065,0.8943894389438944,0.9108910891089108,0.5463369963369964,0.0202846579532545,0.5148351648351649,0.5648351648351648,0.1,0.0408248290463863,0.0333333333333333,0.1333333333333333,0.9926739926739928,0.0063445084526332,0.9816849816849816,0.9963369963369964,400.0,0.0,400.0,400.0,S4
one-layer,S4_train_I_val_D1_2,DANN-SEMI,Train Period I; validate target Day1-Day2; test every target sample from Day3 onward.,dann,semi,source + labeled target,target validation labels,Source+Target refit,0.05,0.0,existing run_dann_multi_splits.py,"0,1,2,3,4",1.0,0.0,1.0,1.0,1.0,0.0,1.0,1.0,1.0,0.0,1.0,1.0,0.8718367346938776,0.0079565668120889,0.8612244897959184,0.8816326530612245,0.8745672719549751,0.0080265172491996,0.8633853668896676,0.8841456939577359,0.8720972814186091,0.0074683857217497,0.863134484563056,0.8814451951951953,0.9201320132013204,0.0082177555102235,0.9075907590759076,0.9273927392739274,0.6144688644688644,0.0476642853592411,0.5481684981684982,0.663003663003663,0.2333333333333333,0.097182531580755,0.1,0.3333333333333333,0.9956043956043956,0.003064688741883,0.9926739926739928,1.0,230.0,127.08265027138836,90.0,380.0,S4
one-layer,S4_train_I_val_D1_2,DEEP-CORAL-UDA,Train Period I; validate target Day1-Day2; test every target sample from Day3 onward.,deep-coral,uda,source labels only,fixed hyperparameters; target labels prohibited for UDA selection,source-only; no refit,0.1,0.0,existing run_deep_coral_multi_splits.py; VisionLearningGroup/CORAL,"0,1,2,3,4",1.0,0.0,1.0,1.0,1.0,0.0,1.0,1.0,1.0,0.0,1.0,1.0,0.8302040816326531,0.0274715406864715,0.8040816326530612,0.8653061224489796,0.8282680259105872,0.0263335471520834,0.8029096315174683,0.8617394074546034,0.8309235043271233,0.0276939791752113,0.8065631666954967,0.8667623421354765,,,,,,,,,,,,,,,,,400.0,0.0,400.0,400.0,S4
one-layer,S4_train_I_val_D1_2,DEEP-CORAL-SEMI,Train Period I; validate target Day1-Day2; test every target sample from Day3 onward.,deep-coral,semi,source + labeled target,target validation labels,Source+Target refit,0.001,0.0,existing run_deep_coral_multi_splits.py; VisionLearningGroup/CORAL,"0,1,2,3,4",1.0,0.0,1.0,1.0,1.0,0.0,1.0,1.0,1.0,0.0,1.0,1.0,0.8824489795918368,0.0060540395813025,0.8734693877551021,0.889795918367347,0.8845067431241371,0.0058510384060461,0.8757035149198259,0.891897631942232,0.8831792350826564,0.0061551324344859,0.8740658240848941,0.89016186064763,,,,,,,,,,,,,,,,,232.0,82.58329128825031,130.0,350.0,S4
one-layer,S4_train_I_val_D1_2,MK-MMD-UDA,Train Period I; validate target Day1-Day2; test every target sample from Day3 onward.,mk-mmd,uda,source labels only,fixed hyperparameters; target labels prohibited for UDA selection,source-only; no refit,0.1,0.0,THU Transfer-Learning-Library tllib/alignment/dan.py and tllib/modules/kernels.py,"0,1,2,3,4",1.0,0.0,1.0,1.0,1.0,0.0,1.0,1.0,1.0,0.0,1.0,1.0,0.8612244897959183,0.0095722770608641,0.8448979591836735,0.8693877551020408,0.858829775937135,0.0091710333241367,0.8430498035467772,0.8663056175002656,0.8632671872713802,0.0096649758559011,0.8468930520450894,0.8717374665135859,,,,,,,,,,,,,,,,,400.0,0.0,400.0,400.0,S4
one-layer,S4_train_I_val_D1_2,MK-MMD-SEMI,Train Period I; validate target Day1-Day2; test every target sample from Day3 onward.,mk-mmd,semi,source + labeled target,target validation labels,Source+Target refit,1.0,0.0,THU Transfer-Learning-Library tllib/alignment/dan.py and tllib/modules/kernels.py,"0,1,2,3,4",0.993103448275862,0.0154211584655157,0.9655172413793104,1.0,0.993939393939394,0.0135519271363623,0.9696969696969696,1.0,0.9923809523809524,0.0170367083999983,0.961904761904762,1.0,0.9281632653061224,0.0194895287939809,0.8938775510204081,0.9428571428571428,0.9281936922586812,0.0184521678006785,0.8957736009344802,0.9422852288414568,0.9291283998941976,0.0200707320510569,0.8937841368780596,0.944054257653888,,,,,,,,,,,,,,,,,216.0,128.9573572930215,40.0,380.0,S4
one-layer,S5_train_I_D1_val_D2_3,MLP Source-only,Train Period I plus labeled target Day1; validate Day2-Day3; test Day4 onward.,source-only,uda,source labels only,fixed hyperparameters; target labels prohibited for UDA selection,source-only; no refit,0.0,0.0,shared PyTorch source-only baseline,"0,1,2,3,4",1.0,0.0,1.0,1.0,1.0,0.0,1.0,1.0,1.0,0.0,1.0,1.0,0.7974025974025973,0.0077439583636356,0.7878787878787878,0.8095238095238095,0.7982465557344784,0.007163174933062,0.7897656110216497,0.809626051171945,0.7980920981798224,0.0074247371614627,0.7893500834677306,0.8098699987378518,,,,,,,,,,,,,,,,,400.0,0.0,400.0,400.0,S5
one-layer,S5_train_I_D1_val_D2_3,MLP Source+Target,Train Period I plus labeled target Day1; validate Day2-Day3; test Day4 onward.,source-only,semi,source + labeled target,target validation labels,Source+Target refit,0.0,0.0,shared PyTorch source-only baseline,"0,1,2,3,4",0.986111111111111,0.031056499687497,0.9305555555555556,1.0,0.9876543209876544,0.0276057774999973,0.9382716049382716,1.0,0.985638179800222,0.0321140062473332,0.9281908990011098,1.0,0.8831168831168832,0.0074980554440211,0.8787878787878788,0.8961038961038961,0.8851672928967617,0.0076502872589446,0.8804795133297548,0.8983718017534442,0.8829556009195819,0.0075011077679695,0.8782121539497818,0.8959875799054585,,,,,,,,,,,,,,,,,132.0,111.22050170719426,20.0,290.0,S5
one-layer,S5_train_I_D1_val_D2_3,DANN-UDA,Train Period I plus labeled target Day1; validate Day2-Day3; test Day4 onward.,dann,uda,source labels only,fixed hyperparameters; target labels prohibited for UDA selection,source-only; no refit,0.2,0.0,existing run_dann_multi_splits.py,"0,1,2,3,4",1.0,0.0,1.0,1.0,1.0,0.0,1.0,1.0,1.0,0.0,1.0,1.0,0.8086580086580086,0.0255007384848885,0.7705627705627706,0.8398268398268398,0.8088030059044552,0.0240078910085673,0.7733047056718555,0.8384326355340849,0.8111702836892656,0.0248648340227191,0.7769835103168435,0.8434180304335342,0.9042904290429042,0.0066006600660065,0.8943894389438944,0.9108910891089108,0.5463369963369964,0.0202846579532545,0.5148351648351649,0.5648351648351648,0.1,0.0408248290463863,0.0333333333333333,0.1333333333333333,0.9926739926739928,0.0063445084526332,0.9816849816849816,0.9963369963369964,400.0,0.0,400.0,400.0,S5
one-layer,S5_train_I_D1_val_D2_3,DANN-SEMI,Train Period I plus labeled target Day1; validate Day2-Day3; test Day4 onward.,dann,semi,source + labeled target,target validation labels,Source+Target refit,0.5,0.0,existing run_dann_multi_splits.py,"0,1,2,3,4",0.9916666666666668,0.0186338998124982,0.9583333333333334,1.0,0.9925925925925926,0.0165634664999984,0.9629629629629628,1.0,0.9913575382306032,0.0193251320093142,0.9567876911530164,1.0,0.8935064935064935,0.0099661163923994,0.8831168831168831,0.9047619047619048,0.8941850062623008,0.0096474117497729,0.8831633565933084,0.905170871354446,0.8943990034055981,0.0101446084947733,0.8834200754471834,0.9059344224307728,0.9016501650165016,0.0063483115715086,0.8910891089108911,0.9075907590759076,0.5330036630036631,0.0209326317693322,0.5,0.5481684981684982,0.0733333333333333,0.0434613493680176,0.0,0.1,0.9926739926739928,0.0068528523567288,0.9816849816849816,1.0,138.0,100.59821071967431,30.0,280.0,S5
one-layer,S5_train_I_D1_val_D2_3,DEEP-CORAL-UDA,Train Period I plus labeled target Day1; validate Day2-Day3; test Day4 onward.,deep-coral,uda,source labels only,fixed hyperparameters; target labels prohibited for UDA selection,source-only; no refit,0.1,0.0,existing run_deep_coral_multi_splits.py; VisionLearningGroup/CORAL,"0,1,2,3,4",1.0,0.0,1.0,1.0,1.0,0.0,1.0,1.0,1.0,0.0,1.0,1.0,0.8294372294372294,0.02661545653496,0.8008658008658008,0.8614718614718615,0.8276972624798711,0.0255859724458757,0.7999642154231527,0.85829307568438,0.8302952343562329,0.0266489816992575,0.8042849277250449,0.8631383025371449,,,,,,,,,,,,,,,,,400.0,0.0,400.0,400.0,S5
one-layer,S5_train_I_D1_val_D2_3,DEEP-CORAL-SEMI,Train Period I plus labeled target Day1; validate Day2-Day3; test Day4 onward.,deep-coral,semi,source + labeled target,target validation labels,Source+Target refit,1.0,0.0,existing run_deep_coral_multi_splits.py; VisionLearningGroup/CORAL,"0,1,2,3,4",0.9916666666666668,0.0186338998124982,0.9583333333333334,1.0,0.9925925925925926,0.0165634664999984,0.9629629629629628,1.0,0.9913575382306032,0.0193251320093142,0.9567876911530164,1.0,0.9116883116883118,0.0049358243510785,0.9047619047619048,0.9177489177489178,0.9113258185721952,0.005477787730231,0.9030237967436036,0.9175165503667918,0.9134507511549484,0.0049659031785257,0.906568643262907,0.919404307980467,,,,,,,,,,,,,,,,,150.0,143.0034964607509,30.0,330.0,S5
one-layer,S5_train_I_D1_val_D2_3,MK-MMD-UDA,Train Period I plus labeled target Day1; validate Day2-Day3; test Day4 onward.,mk-mmd,uda,source labels only,fixed hyperparameters; target labels prohibited for UDA selection,source-only; no refit,0.1,0.0,THU Transfer-Learning-Library tllib/alignment/dan.py and tllib/modules/kernels.py,"0,1,2,3,4",1.0,0.0,1.0,1.0,1.0,0.0,1.0,1.0,1.0,0.0,1.0,1.0,0.8588744588744588,0.0094843732901327,0.8441558441558441,0.8701298701298701,0.8568259080336376,0.0090408301089843,0.8425478618715333,0.8672392198962248,0.8609910563640522,0.0096544967534707,0.8460626104806979,0.8724357783544535,,,,,,,,,,,,,,,,,400.0,0.0,400.0,400.0,S5
one-layer,S5_train_I_D1_val_D2_3,MK-MMD-SEMI,Train Period I plus labeled target Day1; validate Day2-Day3; test Day4 onward.,mk-mmd,semi,source + labeled target,target validation labels,Source+Target refit,1.0,0.0,THU Transfer-Learning-Library tllib/alignment/dan.py and tllib/modules/kernels.py,"0,1,2,3,4",1.0,0.0,1.0,1.0,1.0,0.0,1.0,1.0,1.0,0.0,1.0,1.0,0.923809523809524,0.00897681443867,0.9090909090909092,0.9307359307359307,0.924136697083557,0.0087058440692094,0.9100017892288422,0.9305779209160852,0.924931293433254,0.0093222211052576,0.9096904611264448,0.9325380566820426,,,,,,,,,,,,,,,,,82.0,42.07136793592526,40.0,140.0,S5
one-layer,S6_train_I_D1_2_val_D3_5,MLP Source-only,Train Period I plus labeled target Day1-Day2; validate Day3-Day5; test Day6 onward.,source-only,uda,source labels only,fixed hyperparameters; target labels prohibited for UDA selection,source-only; no refit,0.0,0.0,shared PyTorch source-only baseline,"0,1,2,3,4",1.0,0.0,1.0,1.0,1.0,0.0,1.0,1.0,1.0,0.0,1.0,1.0,0.7980487804878049,0.0095090676534721,0.7853658536585366,0.8097560975609757,0.7981220657276995,0.0089098814779784,0.7862731947238989,0.8091512035174007,0.7985049255166113,0.0092938239028301,0.7865968764009548,0.8099141295862607,,,,,,,,,,,,,,,,,400.0,0.0,400.0,400.0,S6
one-layer,S6_train_I_D1_2_val_D3_5,MLP Source+Target,Train Period I plus labeled target Day1-Day2; validate Day3-Day5; test Day6 onward.,source-only,semi,source + labeled target,target validation labels,Source+Target refit,0.0,0.0,shared PyTorch source-only baseline,"0,1,2,3,4",0.9897959183673468,0.0176739878323355,0.9591836734693876,1.0,0.990990990990991,0.0156040613294493,0.963963963963964,1.0,0.9895778877761148,0.0186794789124307,0.9569000933706816,1.0,0.9385365853658536,0.0167566478412854,0.9121951219512195,0.951219512195122,0.9378642223712644,0.0163053682643261,0.9125121096952084,0.9506669647514716,0.9385105495378568,0.0169332922521173,0.9115628516837088,0.9511793823143484,,,,,,,,,,,,,,,,,174.0,140.46351839534705,30.0,350.0,S6
one-layer,S6_train_I_D1_2_val_D3_5,DANN-UDA,Train Period I plus labeled target Day1-Day2; validate Day3-Day5; test Day6 onward.,dann,uda,source labels only,fixed hyperparameters; target labels prohibited for UDA selection,source-only; no refit,0.2,0.0,existing run_dann_multi_splits.py,"0,1,2,3,4",1.0,0.0,1.0,1.0,1.0,0.0,1.0,1.0,1.0,0.0,1.0,1.0,0.8136585365853659,0.026807086173725,0.7707317073170732,0.8439024390243902,0.8131455399061032,0.0255680275933309,0.7721886876816454,0.8420150532826588,0.8162561572202207,0.0256614030419433,0.7770480265499713,0.8475273184285786,0.9042904290429042,0.0066006600660065,0.8943894389438944,0.9108910891089108,0.5463369963369964,0.0202846579532545,0.5148351648351649,0.5648351648351648,0.1,0.0408248290463863,0.0333333333333333,0.1333333333333333,0.9926739926739928,0.0063445084526332,0.9816849816849816,0.9963369963369964,400.0,0.0,400.0,400.0,S6
one-layer,S6_train_I_D1_2_val_D3_5,DANN-SEMI,Train Period I plus labeled target Day1-Day2; validate Day3-Day5; test Day6 onward.,dann,semi,source + labeled target,target validation labels,Source+Target refit,0.5,0.0,existing run_dann_multi_splits.py,"0,1,2,3,4",0.993877551020408,0.0136902121071415,0.9693877551020408,1.0,0.9945945945945944,0.0120868539324313,0.9729729729729728,1.0,0.9936275430359938,0.0142492469552099,0.9681377151799688,1.0,0.9307317073170732,0.0126265162005314,0.9121951219512195,0.946341463414634,0.9291601460615546,0.01203010872942,0.9125121096952084,0.9453759594604664,0.9304945857781494,0.0127672493505798,0.9116649797570848,0.9464563782762876,0.9023102310231024,0.0055225084259675,0.8976897689768977,0.9108910891089108,0.5363369963369964,0.0368124122893392,0.5,0.5945054945054945,0.08,0.0767390962214756,0.0,0.2,0.9926739926739928,0.0044862449501523,0.989010989010989,1.0,96.0,60.24948132556828,30.0,190.0,S6
one-layer,S6_train_I_D1_2_val_D3_5,DEEP-CORAL-UDA,Train Period I plus labeled target Day1-Day2; validate Day3-Day5; test Day6 onward.,deep-coral,uda,source labels only,fixed hyperparameters; target labels prohibited for UDA selection,source-only; no refit,0.1,0.0,existing run_deep_coral_multi_splits.py; VisionLearningGroup/CORAL,"0,1,2,3,4",1.0,0.0,1.0,1.0,1.0,0.0,1.0,1.0,1.0,0.0,1.0,1.0,0.8360975609756098,0.0235463773388237,0.8097560975609757,0.8634146341463415,0.8343840822714063,0.0228296889032913,0.8085550339071466,0.8607943960056635,0.8368020847369813,0.0236007473472501,0.8124776583194434,0.864758248078216,,,,,,,,,,,,,,,,,400.0,0.0,400.0,400.0,S6
one-layer,S6_train_I_D1_2_val_D3_5,DEEP-CORAL-SEMI,Train Period I plus labeled target Day1-Day2; validate Day3-Day5; test Day6 onward.,deep-coral,semi,source + labeled target,target validation labels,Source+Target refit,1.0,0.0,existing run_deep_coral_multi_splits.py; VisionLearningGroup/CORAL,"0,1,2,3,4",0.9653061224489796,0.0223560227553128,0.9387755102040816,1.0,0.9693693693693696,0.0197377498200059,0.945945945945946,1.0,0.9652158844795212,0.0226242294317448,0.9373219373219374,1.0,0.9356097560975613,0.0193284026889355,0.9121951219512195,0.9658536585365852,0.9345703852746106,0.0190075085496339,0.9125121096952084,0.9647514717937252,0.9352986361274908,0.0195010769291764,0.9115628516837088,0.9657421063808148,,,,,,,,,,,,,,,,,64.0,87.34987120768983,20.0,220.0,S6
one-layer,S6_train_I_D1_2_val_D3_5,MK-MMD-UDA,Train Period I plus labeled target Day1-Day2; validate Day3-Day5; test Day6 onward.,mk-mmd,uda,source labels only,fixed hyperparameters; target labels prohibited for UDA selection,source-only; no refit,0.1,0.0,THU Transfer-Learning-Library tllib/alignment/dan.py and tllib/modules/kernels.py,"0,1,2,3,4",1.0,0.0,1.0,1.0,1.0,0.0,1.0,1.0,1.0,0.0,1.0,1.0,0.8565853658536586,0.0112301116421671,0.8390243902439024,0.8682926829268293,0.8544600938967136,0.0108648998049455,0.8373202176019077,0.8654892316864148,0.8582129373379421,0.0113258275992892,0.8406016441692885,0.8701192527279483,,,,,,,,,,,,,,,,,400.0,0.0,400.0,400.0,S6
one-layer,S6_train_I_D1_2_val_D3_5,MK-MMD-SEMI,Train Period I plus labeled target Day1-Day2; validate Day3-Day5; test Day6 onward.,mk-mmd,semi,source + labeled target,target validation labels,Source+Target refit,1.0,0.0,THU Transfer-Learning-Library tllib/alignment/dan.py and tllib/modules/kernels.py,"0,1,2,3,4",0.9918367346938776,0.0182536161428554,0.9591836734693876,1.0,0.9927927927927928,0.0161158052432417,0.963963963963964,1.0,0.991827827827828,0.018273532500809,0.9591391391391392,1.0,0.9385365853658536,0.0127203949369807,0.9170731707317074,0.951219512195122,0.937506520605112,0.0124284742790491,0.9166107757657054,0.9500707951412176,0.93839782811498,0.0127187701101251,0.9170000055325952,0.9512337463613912,,,,,,,,,,,,,,,,,56.0,24.08318915758459,30.0,90.0,S6
one-layer,S7_train_I_D1_3_val_D4_5,MLP Source-only,Train Period I plus labeled target Day1-Day3; validate Day4-Day5; test Day6 onward.,source-only,uda,source labels only,fixed hyperparameters; target labels prohibited for UDA selection,source-only; no refit,0.0,0.0,shared PyTorch source-only baseline,"0,1,2,3,4",1.0,0.0,1.0,1.0,1.0,0.0,1.0,1.0,1.0,0.0,1.0,1.0,0.7980487804878049,0.0095090676534721,0.7853658536585366,0.8097560975609757,0.7981220657276995,0.0089098814779784,0.7862731947238989,0.8091512035174007,0.7985049255166113,0.0092938239028301,0.7865968764009548,0.8099141295862607,,,,,,,,,,,,,,,,,400.0,0.0,400.0,400.0,S7
one-layer,S7_train_I_D1_3_val_D4_5,MLP Source+Target,Train Period I plus labeled target Day1-Day3; validate Day4-Day5; test Day6 onward.,source-only,semi,source + labeled target,target validation labels,Source+Target refit,0.0,0.0,shared PyTorch source-only baseline,"0,1,2,3,4",0.96734693877551,0.0167670170664846,0.9489795918367347,0.9897959183673468,0.9711711711711712,0.0148033123650044,0.954954954954955,0.990990990990991,0.9674077306104474,0.0174470539416966,0.9481750082072404,0.9909893455098936,0.91609756097561,0.0190181353069443,0.8975609756097561,0.9365853658536586,0.9156718086295552,0.0186542509436283,0.8972352634324464,0.935986288098964,0.9158588587799336,0.0193237227220368,0.8971809519285202,0.936892984273248,,,,,,,,,,,,,,,,,32.0,4.47213595499958,30.0,40.0,S7
one-layer,S7_train_I_D1_3_val_D4_5,DANN-UDA,Train Period I plus labeled target Day1-Day3; validate Day4-Day5; test Day6 onward.,dann,uda,source labels only,fixed hyperparameters; target labels prohibited for UDA selection,source-only; no refit,0.2,0.0,existing run_dann_multi_splits.py,"0,1,2,3,4",1.0,0.0,1.0,1.0,1.0,0.0,1.0,1.0,1.0,0.0,1.0,1.0,0.8136585365853659,0.026807086173725,0.7707317073170732,0.8439024390243902,0.8131455399061032,0.0255680275933309,0.7721886876816454,0.8420150532826588,0.8162561572202207,0.0256614030419433,0.7770480265499713,0.8475273184285786,0.9042904290429042,0.0066006600660065,0.8943894389438944,0.9108910891089108,0.5463369963369964,0.0202846579532545,0.5148351648351649,0.5648351648351648,0.1,0.0408248290463863,0.0333333333333333,0.1333333333333333,0.9926739926739928,0.0063445084526332,0.9816849816849816,0.9963369963369964,400.0,0.0,400.0,400.0,S7
one-layer,S7_train_I_D1_3_val_D4_5,DANN-SEMI,Train Period I plus labeled target Day1-Day3; validate Day4-Day5; test Day6 onward.,dann,semi,source + labeled target,target validation labels,Source+Target refit,0.5,0.0,existing run_dann_multi_splits.py,"0,1,2,3,4",0.9836734693877552,0.0234915600677986,0.9489795918367347,1.0,0.9855855855855856,0.0207402962760744,0.954954954954955,1.0,0.983262544677442,0.0239808408677596,0.9481750082072404,1.0,0.9229268292682928,0.0242434607605642,0.8878048780487805,0.951219512195122,0.9221253446605558,0.0237825981509146,0.8878455920709442,0.9506669647514716,0.92242882177855,0.0242754843444657,0.8876124481415628,0.9513601961007292,0.9036303630363036,0.0027612542129837,0.900990099009901,0.9075907590759076,0.5548717948717948,0.0393422622984324,0.5,0.5926739926739927,0.12,0.0869226987360353,0.0,0.2,0.9897435897435898,0.0087453013819145,0.978021978021978,1.0,88.0,69.7853852894716,30.0,200.0,S7
one-layer,S7_train_I_D1_3_val_D4_5,DEEP-CORAL-UDA,Train Period I plus labeled target Day1-Day3; validate Day4-Day5; test Day6 onward.,deep-coral,uda,source labels only,fixed hyperparameters; target labels prohibited for UDA selection,source-only; no refit,0.1,0.0,existing run_deep_coral_multi_splits.py; VisionLearningGroup/CORAL,"0,1,2,3,4",1.0,0.0,1.0,1.0,1.0,0.0,1.0,1.0,1.0,0.0,1.0,1.0,0.8360975609756098,0.0235463773388237,0.8097560975609757,0.8634146341463415,0.8343840822714063,0.0228296889032913,0.8085550339071466,0.8607943960056635,0.8368020847369813,0.0236007473472501,0.8124776583194434,0.864758248078216,,,,,,,,,,,,,,,,,400.0,0.0,400.0,400.0,S7
one-layer,S7_train_I_D1_3_val_D4_5,DEEP-CORAL-SEMI,Train Period I plus labeled target Day1-Day3; validate Day4-Day5; test Day6 onward.,deep-coral,semi,source + labeled target,target validation labels,Source+Target refit,0.01,0.0,existing run_deep_coral_multi_splits.py; VisionLearningGroup/CORAL,"0,1,2,3,4",0.979591836734694,0.0216461259546902,0.9489795918367347,1.0,0.981981981981982,0.0191109940861229,0.954954954954955,1.0,0.97955365533784,0.0213996129439238,0.95013698630137,1.0,0.9268292682926828,0.0220863052149692,0.902439024390244,0.951219512195122,0.9262389149713094,0.0218559008144084,0.9019300991131978,0.9500707951412176,0.926842285523699,0.0220765824777919,0.9022934025179196,0.9510865823986708,,,,,,,,,,,,,,,,,66.0,75.03332592921628,30.0,200.0,S7
one-layer,S7_train_I_D1_3_val_D4_5,MK-MMD-UDA,Train Period I plus labeled target Day1-Day3; validate Day4-Day5; test Day6 onward.,mk-mmd,uda,source labels only,fixed hyperparameters; target labels prohibited for UDA selection,source-only; no refit,0.1,0.0,THU Transfer-Learning-Library tllib/alignment/dan.py and tllib/modules/kernels.py,"0,1,2,3,4",1.0,0.0,1.0,1.0,1.0,0.0,1.0,1.0,1.0,0.0,1.0,1.0,0.8565853658536586,0.0112301116421671,0.8390243902439024,0.8682926829268293,0.8544600938967136,0.0108648998049455,0.8373202176019077,0.8654892316864148,0.8582129373379421,0.0113258275992892,0.8406016441692885,0.8701192527279483,,,,,,,,,,,,,,,,,400.0,0.0,400.0,400.0,S7
one-layer,S7_train_I_D1_3_val_D4_5,MK-MMD-SEMI,Train Period I plus labeled target Day1-Day3; validate Day4-Day5; test Day6 onward.,mk-mmd,semi,source + labeled target,target validation labels,Source+Target refit,1.0,0.0,THU Transfer-Learning-Library tllib/alignment/dan.py and tllib/modules/kernels.py,"0,1,2,3,4",0.993877551020408,0.0091268080714277,0.979591836734694,1.0,0.9945945945945948,0.0080579026216208,0.981981981981982,1.0,0.99367935058346,0.009897778654336,0.9774074074074074,1.0,0.942439024390244,0.0116461818403056,0.926829268292683,0.9560975609756096,0.941381623071764,0.0119845523229653,0.9254042775169536,0.955361800432223,0.9423609786032984,0.011948588370135,0.9262575292808662,0.956441438806766,,,,,,,,,,,,,,,,,80.0,62.849025449882674,40.0,190.0,S7
one-layer,S1_train_I_test_all,C-DANN-UDA,Train Period I only; no validation; test every current later-day sample.,c-dann,uda,source labels only,fixed hyperparameters; target labels prohibited for UDA selection,source-only; no refit,0.2,0.2,existing class-conditional centroid alignment plus DANN domain loss,"0,1,2,3,4",1.0,0.0,1.0,1.0,1.0,0.0,1.0,1.0,1.0,0.0,1.0,1.0,0.8901098901098902,0.0260305318746372,0.8571428571428571,0.9267399267399268,0.8867026748971194,0.0248650614209386,0.8555812757201647,0.9221965020576132,0.8898388963295811,0.0252021038109865,0.8580337595615705,0.9250946369042422,0.9036303630363036,0.0027612542129837,0.900990099009901,0.9075907590759076,0.5192673992673993,0.0176045343193436,0.5,0.5481684981684982,0.0399999999999999,0.036514837167011,0.0,0.1,0.9985347985347984,0.0020063097344511,0.9963369963369964,1.0,400.0,0.0,400.0,400.0,S1
one-layer,S1_train_I_test_all,CDAN-UDA,Train Period I only; no validation; test every current later-day sample.,cdan,uda,source labels only,fixed hyperparameters; target labels prohibited for UDA selection,source-only; no refit,0.2,0.0,"existing run_cdan_multi_splits.py official-style multilinear condition T(h,g)","0,1,2,3,4",1.0,0.0,1.0,1.0,1.0,0.0,1.0,1.0,1.0,0.0,1.0,1.0,0.7868131868131867,0.0212643593753846,0.7655677655677655,0.8131868131868132,0.7860853909465021,0.0202552624174456,0.7662037037037037,0.8106995884773663,0.7887740220655731,0.0238799295276024,0.7614217453265152,0.8181314778575053,0.9135313531353136,0.0094507069724596,0.900990099009901,0.924092409240924,0.5900366300366301,0.0432648649850916,0.5333333333333333,0.6315018315018315,0.1866666666666666,0.0869226987360353,0.0666666666666666,0.2666666666666666,0.9934065934065934,0.0054331124447587,0.9853479853479854,1.0,400.0,0.0,400.0,400.0,S1
one-layer,S1_train_I_test_all,CDAN+C-DANN-UDA,Train Period I only; no validation; test every current later-day sample.,cdan+c-dann,uda,source labels only,fixed hyperparameters; target labels prohibited for UDA selection,source-only; no refit,0.2,0.2,existing run_cdan_hybrid_report.py,"0,1,2,3,4",1.0,0.0,1.0,1.0,1.0,0.0,1.0,1.0,1.0,0.0,1.0,1.0,0.8783882783882785,0.0233687002311158,0.8534798534798534,0.9010989010989012,0.8735339506172839,0.024175005120149,0.8443930041152262,0.8978909465020576,0.8771905277201208,0.0251405228220565,0.8477402260063892,0.90096149226584,0.9003300330033003,0.0014759524603959,0.8976897689768977,0.900990099009901,0.4996336996336996,0.0008190725192306,0.4981684981684982,0.5,0.0,0.0,0.0,0.0,0.9992673992673992,0.0016381450384613,0.9963369963369964,1.0,400.0,0.0,400.0,400.0,S1
one-layer,S2_train_I_internal_val_test_all,C-DANN-UDA,Train 25 and validate 5 fixed Period I samples; test every current later-day sample.,c-dann,uda,source train + source validation labels,source validation labels,source train+source validation refit,0.5,0.2,existing class-conditional centroid alignment plus DANN domain loss,"0,1,2,3,4",0.9666666666666668,0.0745355992499929,0.8333333333333334,1.0,0.972222222222222,0.0621129993749941,0.8611111111111112,1.0,0.9648077412783296,0.078692282783415,0.8240387063916476,1.0,0.8278388278388278,0.0888231183368655,0.6703296703296703,0.8827838827838828,0.8281893004115226,0.0829519669755161,0.6810699588477366,0.8798868312757202,0.8265064492791294,0.094514337136563,0.658774604648763,0.8840607806210997,0.9161073825503354,1.2412670766236366e-16,0.9161073825503356,0.9161073825503356,0.5,0.0,0.5,0.5,0.0,0.0,0.0,0.0,1.0,0.0,1.0,1.0,130.0,115.54220008291342,10.0,320.0,S2
one-layer,S2_train_I_internal_val_test_all,CDAN-UDA,Train 25 and validate 5 fixed Period I samples; test every current later-day sample.,cdan,uda,source train + source validation labels,source validation labels,source train+source validation refit,0.5,0.0,"existing run_cdan_multi_splits.py official-style multilinear condition T(h,g)","0,1,2,3,4",0.98,0.0447213595499957,0.9,1.0,0.9833333333333332,0.0372677996249965,0.9166666666666666,1.0,0.9788600288600288,0.0472704125113592,0.8943001443001443,1.0,0.7956043956043957,0.0512427897849481,0.7106227106227107,0.8388278388278388,0.7969907407407408,0.0482955250139336,0.7173353909465021,0.8369341563786009,0.797834528754175,0.0500882624188733,0.7146948097678215,0.8399755362120954,0.9268456375838924,0.0109767968012054,0.9093959731543624,0.9362416107382552,0.6148717948717949,0.0519353210234137,0.5326739926739927,0.6745054945054945,0.24,0.1019803902718557,0.08,0.36,0.9897435897435898,0.0047759724580239,0.9853479853479854,0.9963369963369964,262.0,162.84962388657826,20.0,400.0,S2
one-layer,S2_train_I_internal_val_test_all,CDAN+C-DANN-UDA,Train 25 and validate 5 fixed Period I samples; test every current later-day sample.,cdan+c-dann,uda,source train + source validation labels,source validation labels,source train+source validation refit,0.2,0.05,existing run_cdan_hybrid_report.py,"0,1,2,3,4",1.0,0.0,1.0,1.0,1.0,0.0,1.0,1.0,1.0,0.0,1.0,1.0,0.8637362637362639,0.0160504778756092,0.8351648351648352,0.8717948717948718,0.8608024691358025,0.0150186822330458,0.8341049382716049,0.8688271604938271,0.8647634969358506,0.016139749794756,0.8360912482911503,0.8747958599885578,0.914765100671141,0.0030014335268453,0.9093959731543624,0.9161073825503356,0.4992673992673992,0.0016381450384613,0.4963369963369963,0.5,0.0,0.0,0.0,0.0,0.9985347985347984,0.0032762900769227,0.9926739926739928,1.0,272.0,88.7130204648675,180.0,370.0,S2
one-layer,S3_train_I_internal_20_10_test_all,C-DANN-UDA,Train 20 and validate 10 fixed Period I samples; test every current later-day sample.,c-dann,uda,source train + source validation labels,source validation labels,source train+source validation refit,0.2,0.5,existing class-conditional centroid alignment plus DANN domain loss,"0,1,2,3,4",0.8666666666666666,0.0849836585598797,0.8,1.0,0.888888888888889,0.0708197154665664,0.8333333333333334,1.0,0.8607817672523554,0.0881814497909253,0.791919191919192,1.0,0.7186813186813188,0.1062081579664874,0.6227106227106227,0.9010989010989012,0.726388888888889,0.0989206441931533,0.6352880658436214,0.8959619341563786,0.7076446994277408,0.1140805185219978,0.597975384259334,0.900962900883624,0.9317406143344712,1.2412670766236366e-16,0.931740614334471,0.931740614334471,0.5,0.0,0.5,0.5,0.0,0.0,0.0,0.0,1.0,0.0,1.0,1.0,76.0,142.0563268566381,10.0,330.0,S3
one-layer,S3_train_I_internal_20_10_test_all,CDAN-UDA,Train 20 and validate 10 fixed Period I samples; test every current later-day sample.,cdan,uda,source train + source validation labels,source validation labels,source train+source validation refit,0.5,0.0,"existing run_cdan_multi_splits.py official-style multilinear condition T(h,g)","0,1,2,3,4",0.8666666666666668,0.0849836585598797,0.8,1.0,0.888888888888889,0.0708197154665664,0.8333333333333334,1.0,0.8607611002240159,0.0882016336858318,0.7918158567774937,1.0,0.6974358974358974,0.0791836001567167,0.6153846153846154,0.8241758241758241,0.7074074074074075,0.0753486368399454,0.6257716049382717,0.8256172839506172,0.6941530348212271,0.0837830666827863,0.6061388724728406,0.82742394887181,0.9310580204778156,0.0015263262645049,0.9283276450511946,0.931740614334471,0.5042673992673993,0.0095421948490375,0.5,0.5213369963369964,0.01,0.0223606797749978,0.0,0.05,0.9985347985347984,0.0032762900769227,0.9926739926739928,1.0,60.0,106.30145812734648,10.0,250.0,S3
one-layer,S3_train_I_internal_20_10_test_all,CDAN+C-DANN-UDA,Train 20 and validate 10 fixed Period I samples; test every current later-day sample.,cdan+c-dann,uda,source train + source validation labels,source validation labels,source train+source validation refit,0.2,0.5,existing run_cdan_hybrid_report.py,"0,1,2,3,4",0.9066666666666666,0.0862811940369652,0.8333333333333334,1.0,0.9222222222222222,0.0719009950308043,0.8611111111111112,1.0,0.9012027841439606,0.0912446439104774,0.8240387063916476,1.0,0.7736263736263738,0.1115383111687516,0.684981684981685,0.9010989010989012,0.7780864197530863,0.1035079496932167,0.6904578189300411,0.8966049382716049,0.7687361512724652,0.1166485915036859,0.6761229410124235,0.9014175269494418,0.9317406143344712,1.2412670766236366e-16,0.931740614334471,0.931740614334471,0.5,0.0,0.5,0.5,0.0,0.0,0.0,0.0,1.0,0.0,1.0,1.0,158.0,198.92209530366404,10.0,400.0,S3
one-layer,S4_train_I_val_D1_2,C-DANN-UDA,Train Period I; validate target Day1-Day2; test every target sample from Day3 onward.,c-dann,uda,source labels only,fixed hyperparameters; target labels prohibited for UDA selection,source-only; no refit,0.2,0.2,existing class-conditional centroid alignment plus DANN domain loss,"0,1,2,3,4",1.0,0.0,1.0,1.0,1.0,0.0,1.0,1.0,1.0,0.0,1.0,1.0,0.8865306122448979,0.0292057858285686,0.8489795918367347,0.926530612244898,0.8832749283211214,0.0279307030386779,0.8476160135924392,0.9219496654985664,0.8866487318871347,0.0284963363280069,0.8500080933994005,0.9253079359700278,0.9036303630363036,0.0027612542129837,0.900990099009901,0.9075907590759076,0.5192673992673993,0.0176045343193436,0.5,0.5481684981684982,0.0399999999999999,0.036514837167011,0.0,0.1,0.9985347985347984,0.0020063097344511,0.9963369963369964,1.0,400.0,0.0,400.0,400.0,S4
one-layer,S4_train_I_val_D1_2,C-DANN-SEMI,Train Period I; validate target Day1-Day2; test every target sample from Day3 onward.,c-dann,semi,source + labeled target,target validation labels,Source+Target refit,0.2,0.05,existing class-conditional centroid alignment plus DANN domain loss,"0,1,2,3,4",1.0,0.0,1.0,1.0,1.0,0.0,1.0,1.0,1.0,0.0,1.0,1.0,0.8857142857142858,0.0189257520316239,0.8571428571428571,0.9020408163265308,0.8874694701072527,0.0184288158272882,0.8595093978974195,0.9035255389189764,0.886154695733636,0.019659435908579,0.8572172582024798,0.9033624104755772,0.9036303630363036,0.0027612542129837,0.900990099009901,0.9075907590759076,0.5370695970695971,0.0235526435673945,0.5148351648351649,0.563003663003663,0.08,0.0505525029603436,0.0333333333333333,0.1333333333333333,0.9941391941391942,0.0041764667586048,0.989010989010989,1.0,152.0,35.63705936241092,120.0,210.0,S4
one-layer,S4_train_I_val_D1_2,CDAN-UDA,Train Period I; validate target Day1-Day2; test every target sample from Day3 onward.,cdan,uda,source labels only,fixed hyperparameters; target labels prohibited for UDA selection,source-only; no refit,0.2,0.0,"existing run_cdan_multi_splits.py official-style multilinear condition T(h,g)","0,1,2,3,4",1.0,0.0,1.0,1.0,1.0,0.0,1.0,1.0,1.0,0.0,1.0,1.0,0.7820408163265304,0.0235535315040873,0.7551020408163265,0.8122448979591836,0.7817033025379633,0.022666372819373,0.7563980036104917,0.8099713284485505,0.7825515297851949,0.0280503649597627,0.7473837989967022,0.8172757051304097,0.9135313531353136,0.0094507069724596,0.900990099009901,0.924092409240924,0.5900366300366301,0.0432648649850916,0.5333333333333333,0.6315018315018315,0.1866666666666666,0.0869226987360353,0.0666666666666666,0.2666666666666666,0.9934065934065934,0.0054331124447587,0.9853479853479854,1.0,400.0,0.0,400.0,400.0,S4
one-layer,S4_train_I_val_D1_2,CDAN-SEMI,Train Period I; validate target Day1-Day2; test every target sample from Day3 onward.,cdan,semi,source + labeled target,target validation labels,Source+Target refit,0.2,0.0,"existing run_cdan_multi_splits.py official-style multilinear condition T(h,g)","0,1,2,3,4",1.0,0.0,1.0,1.0,1.0,0.0,1.0,1.0,1.0,0.0,1.0,1.0,0.8734693877551021,0.0104061622726383,0.8571428571428571,0.8816326530612245,0.8758415631305088,0.0099898945769132,0.8601996389508336,0.884145693957736,0.8731677149366783,0.0113979128777284,0.8550518625366728,0.8810792249202843,0.92013201320132,0.0110450168519349,0.9075907590759076,0.933993399339934,0.6204029304029304,0.0468441458676141,0.563003663003663,0.6666666666666666,0.2466666666666666,0.0930949336251262,0.1333333333333333,0.3333333333333333,0.9941391941391942,0.006129377483766,0.9853479853479854,1.0,164.0,98.89388252060893,90.0,330.0,S4
one-layer,S4_train_I_val_D1_2,CDAN+C-DANN-UDA,Train Period I; validate target Day1-Day2; test every target sample from Day3 onward.,cdan+c-dann,uda,source labels only,fixed hyperparameters; target labels prohibited for UDA selection,source-only; no refit,0.2,0.2,existing run_cdan_hybrid_report.py,"0,1,2,3,4",1.0,0.0,1.0,1.0,1.0,0.0,1.0,1.0,1.0,0.0,1.0,1.0,0.8775510204081634,0.0230892010183362,0.8489795918367347,0.8979591836734694,0.8732292662206648,0.02321749424859,0.8476160135924392,0.89481788255283,0.8770437850526573,0.0245899890741741,0.8484318676071944,0.8985738468647361,0.9003300330033003,0.0014759524603959,0.8976897689768977,0.900990099009901,0.4996336996336996,0.0008190725192306,0.4981684981684982,0.5,0.0,0.0,0.0,0.0,0.9992673992673992,0.0016381450384613,0.9963369963369964,1.0,400.0,0.0,400.0,400.0,S4
one-layer,S4_train_I_val_D1_2,CDAN+C-DANN-SEMI,Train Period I; validate target Day1-Day2; test every target sample from Day3 onward.,cdan+c-dann,semi,source + labeled target,target validation labels,Source+Target refit,0.2,0.05,existing run_cdan_hybrid_report.py,"0,1,2,3,4",1.0,0.0,1.0,1.0,1.0,0.0,1.0,1.0,1.0,0.0,1.0,1.0,0.8832653061224489,0.0117590696252146,0.8693877551020408,0.8979591836734694,0.8847297440798556,0.0114774664126484,0.8718275459275778,0.8996495699267282,0.8830130542338315,0.0130288671143944,0.8671437791595569,0.8987354813808387,0.9029702970297032,0.0059953472358366,0.8943894389438944,0.9108910891089108,0.5367032967032968,0.0158853619685607,0.5111721611721612,0.55,0.08,0.0298142396999972,0.0333333333333333,0.1,0.9934065934065934,0.0047759724580239,0.989010989010989,1.0,180.0,127.27922061357856,70.0,370.0,S4
one-layer,S5_train_I_D1_val_D2_3,C-DANN-UDA,Train Period I plus labeled target Day1; validate Day2-Day3; test Day4 onward.,c-dann,uda,source labels only,fixed hyperparameters; target labels prohibited for UDA selection,source-only; no refit,0.2,0.2,existing class-conditional centroid alignment plus DANN domain loss,"0,1,2,3,4",1.0,0.0,1.0,1.0,1.0,0.0,1.0,1.0,1.0,0.0,1.0,1.0,0.8857142857142858,0.0283210861191275,0.8528138528138528,0.9264069264069263,0.8827697262479871,0.0271451431390256,0.851494006083378,0.9221685453569513,0.8860798181296918,0.0275978250358796,0.854158590615263,0.9253965690496696,0.9036303630363036,0.0027612542129837,0.900990099009901,0.9075907590759076,0.5192673992673993,0.0176045343193436,0.5,0.5481684981684982,0.0399999999999999,0.036514837167011,0.0,0.1,0.9985347985347984,0.0020063097344511,0.9963369963369964,1.0,400.0,0.0,400.0,400.0,S5
one-layer,S5_train_I_D1_val_D2_3,C-DANN-SEMI,Train Period I plus labeled target Day1; validate Day2-Day3; test Day4 onward.,c-dann,semi,source + labeled target,target validation labels,Source+Target refit,0.5,0.2,existing class-conditional centroid alignment plus DANN domain loss,"0,1,2,3,4",0.9888888888888888,0.0248451997499976,0.9444444444444444,1.0,0.9901234567901234,0.0220846219999979,0.9506172839506172,1.0,0.9884810904418748,0.0257570647986401,0.9424054522093738,1.0,0.9125541125541125,0.0154272984252861,0.8961038961038961,0.9307359307359307,0.9127214170692431,0.0144769511978122,0.8976561102164967,0.9298622293791377,0.9139439629118138,0.0152821287454189,0.8972963366964611,0.9320568059160936,0.9009900990099012,0.0023336857464902,0.8976897689768977,0.9042904290429042,0.5059340659340659,0.0082281124314967,0.5,0.5166666666666667,0.0133333333333333,0.0182574185835055,0.0,0.0333333333333333,0.9985347985347984,0.0032762900769227,0.9926739926739928,1.0,172.0,128.14054783713078,30.0,380.0,S5
one-layer,S5_train_I_D1_val_D2_3,CDAN-UDA,Train Period I plus labeled target Day1; validate Day2-Day3; test Day4 onward.,cdan,uda,source labels only,fixed hyperparameters; target labels prohibited for UDA selection,source-only; no refit,0.2,0.0,"existing run_cdan_multi_splits.py official-style multilinear condition T(h,g)","0,1,2,3,4",1.0,0.0,1.0,1.0,1.0,0.0,1.0,1.0,1.0,0.0,1.0,1.0,0.7818181818181819,0.0190180802047522,0.7575757575757576,0.8051948051948052,0.7817140812309894,0.0181150032117483,0.758811952048667,0.8033637502236536,0.7825178495357545,0.0231237309706408,0.7510415402661489,0.8105095621224653,0.9135313531353136,0.0094507069724596,0.900990099009901,0.924092409240924,0.5900366300366301,0.0432648649850916,0.5333333333333333,0.6315018315018315,0.1866666666666666,0.0869226987360353,0.0666666666666666,0.2666666666666666,0.9934065934065934,0.0054331124447587,0.9853479853479854,1.0,400.0,0.0,400.0,400.0,S5
one-layer,S5_train_I_D1_val_D2_3,CDAN-SEMI,Train Period I plus labeled target Day1; validate Day2-Day3; test Day4 onward.,cdan,semi,source + labeled target,target validation labels,Source+Target refit,0.2,0.0,"existing run_cdan_multi_splits.py official-style multilinear condition T(h,g)","0,1,2,3,4",0.9916666666666668,0.0186338998124982,0.9583333333333334,1.0,0.9925925925925926,0.0165634664999984,0.9629629629629628,1.0,0.9913575382306032,0.0193251320093142,0.9567876911530164,1.0,0.8831168831168832,0.0122442732672995,0.8701298701298701,0.8961038961038961,0.8853104312041509,0.01171364272917,0.8729647521918054,0.8983718017534442,0.8829854365331075,0.0131269521624552,0.8687859626407112,0.8966733698825672,0.918151815181518,0.0119906944716732,0.9042904290429042,0.9306930693069309,0.6104029304029304,0.0546446918367416,0.5315018315018315,0.6648351648351648,0.2266666666666666,0.1090361815586408,0.0666666666666666,0.3333333333333333,0.9941391941391942,0.0055552201055322,0.9853479853479854,1.0,206.0,128.76334882255898,30.0,380.0,S5
one-layer,S5_train_I_D1_val_D2_3,CDAN+C-DANN-UDA,Train Period I plus labeled target Day1; validate Day2-Day3; test Day4 onward.,cdan+c-dann,uda,source labels only,fixed hyperparameters; target labels prohibited for UDA selection,source-only; no refit,0.2,0.2,existing run_cdan_hybrid_report.py,"0,1,2,3,4",1.0,0.0,1.0,1.0,1.0,0.0,1.0,1.0,1.0,0.0,1.0,1.0,0.8761904761904763,0.0222006604414858,0.8484848484848485,0.8961038961038961,0.8721417069243156,0.0224191873297593,0.8473787797459295,0.8933619609948112,0.875852254891166,0.0238016714928436,0.84831926898966,0.8970420260742841,0.9003300330033003,0.0014759524603959,0.8976897689768977,0.900990099009901,0.4996336996336996,0.0008190725192306,0.4981684981684982,0.5,0.0,0.0,0.0,0.0,0.9992673992673992,0.0016381450384613,0.9963369963369964,1.0,400.0,0.0,400.0,400.0,S5
one-layer,S5_train_I_D1_val_D2_3,CDAN+C-DANN-SEMI,Train Period I plus labeled target Day1; validate Day2-Day3; test Day4 onward.,cdan+c-dann,semi,source + labeled target,target validation labels,Source+Target refit,0.05,0.2,existing run_cdan_hybrid_report.py,"0,1,2,3,4",1.0,0.0,1.0,1.0,1.0,0.0,1.0,1.0,1.0,0.0,1.0,1.0,0.9030303030303032,0.0099661163923994,0.8874458874458875,0.9134199134199136,0.9036679191268564,0.0099897631180836,0.8879942744677044,0.9141170155662908,0.9045126724221302,0.0102331280197171,0.888622574976572,0.9146101262889584,0.9036303630363036,0.005422995618863,0.8976897689768977,0.9108910891089108,0.5163003663003662,0.0239058350745133,0.4981684981684982,0.55,0.0333333333333333,0.0471404520791031,0.0,0.1,0.9992673992673992,0.0016381450384613,0.9963369963369964,1.0,174.0,89.05054744357274,70.0,300.0,S5
one-layer,S6_train_I_D1_2_val_D3_5,C-DANN-UDA,Train Period I plus labeled target Day1-Day2; validate Day3-Day5; test Day6 onward.,c-dann,uda,source labels only,fixed hyperparameters; target labels prohibited for UDA selection,source-only; no refit,0.2,0.2,existing class-conditional centroid alignment plus DANN domain loss,"0,1,2,3,4",1.0,0.0,1.0,1.0,1.0,0.0,1.0,1.0,1.0,0.0,1.0,1.0,0.8829268292682928,0.027809156709735,0.8536585365853658,0.9219512195121952,0.8801699083389224,0.0269503634596245,0.8520008942544154,0.918324763395186,0.8835563380580757,0.026836432930768,0.8556446413135225,0.9207496469428416,0.9036303630363036,0.0027612542129837,0.900990099009901,0.9075907590759076,0.5192673992673993,0.0176045343193436,0.5,0.5481684981684982,0.0399999999999999,0.036514837167011,0.0,0.1,0.9985347985347984,0.0020063097344511,0.9963369963369964,1.0,400.0,0.0,400.0,400.0,S6
one-layer,S6_train_I_D1_2_val_D3_5,C-DANN-SEMI,Train Period I plus labeled target Day1-Day2; validate Day3-Day5; test Day6 onward.,c-dann,semi,source + labeled target,target validation labels,Source+Target refit,0.5,0.5,existing class-conditional centroid alignment plus DANN domain loss,"0,1,2,3,4",1.0,0.0,1.0,1.0,1.0,0.0,1.0,1.0,1.0,0.0,1.0,1.0,0.9404878048780488,0.0063601974684903,0.9317073170731708,0.946341463414634,0.9389075191892092,0.0063381146936277,0.9306952828079588,0.9453759594604664,0.9399368625335006,0.0062882669215665,0.9317457305502844,0.9460638948475056,0.9009900990099012,1.2412670766236366e-16,0.900990099009901,0.900990099009901,0.5,0.0,0.5,0.5,0.0,0.0,0.0,0.0,1.0,0.0,1.0,1.0,228.0,104.25929215182693,80.0,370.0,S6
one-layer,S6_train_I_D1_2_val_D3_5,CDAN-UDA,Train Period I plus labeled target Day1-Day2; validate Day3-Day5; test Day6 onward.,cdan,uda,source labels only,fixed hyperparameters; target labels prohibited for UDA selection,source-only; no refit,0.2,0.0,"existing run_cdan_multi_splits.py official-style multilinear condition T(h,g)","0,1,2,3,4",1.0,0.0,1.0,1.0,1.0,0.0,1.0,1.0,1.0,0.0,1.0,1.0,0.7902439024390244,0.0179230956789012,0.7707317073170732,0.8146341463414634,0.7898949251061926,0.01706361400721,0.7715925180713912,0.8132498695878977,0.7917699191043808,0.0203945778208675,0.766492758976253,0.8201353925620345,0.9135313531353136,0.0094507069724596,0.900990099009901,0.924092409240924,0.5900366300366301,0.0432648649850916,0.5333333333333333,0.6315018315018315,0.1866666666666666,0.0869226987360353,0.0666666666666666,0.2666666666666666,0.9934065934065934,0.0054331124447587,0.9853479853479854,1.0,400.0,0.0,400.0,400.0,S6
one-layer,S6_train_I_D1_2_val_D3_5,CDAN-SEMI,Train Period I plus labeled target Day1-Day2; validate Day3-Day5; test Day6 onward.,cdan,semi,source + labeled target,target validation labels,Source+Target refit,0.5,0.0,"existing run_cdan_multi_splits.py official-style multilinear condition T(h,g)","0,1,2,3,4",1.0,0.0,1.0,1.0,1.0,0.0,1.0,1.0,1.0,0.0,1.0,1.0,0.9346341463414634,0.0167566478412854,0.9121951219512195,0.951219512195122,0.933869885982562,0.0169744509403938,0.9107236008644458,0.9512631343617258,0.9346762243258928,0.0163591274564563,0.9123986592605258,0.9508093722167787,0.92013201320132,0.011045016851935,0.9075907590759076,0.9372937293729372,0.6352380952380952,0.0701978599220065,0.5481684981684982,0.7426739926739927,0.28,0.1445298892578586,0.1,0.5,0.9904761904761904,0.0055552201055322,0.9853479853479854,0.9963369963369964,226.0,135.20355024924456,80.0,360.0,S6
one-layer,S6_train_I_D1_2_val_D3_5,CDAN+C-DANN-UDA,Train Period I plus labeled target Day1-Day2; validate Day3-Day5; test Day6 onward.,cdan+c-dann,uda,source labels only,fixed hyperparameters; target labels prohibited for UDA selection,source-only; no refit,0.2,0.2,existing run_cdan_hybrid_report.py,"0,1,2,3,4",1.0,0.0,1.0,1.0,1.0,0.0,1.0,1.0,1.0,0.0,1.0,1.0,0.8760975609756099,0.023797679839318,0.848780487804878,0.902439024390244,0.8726432670094642,0.023840612324446,0.8473060585736641,0.898353081451673,0.8761066148208307,0.0250312858591643,0.8490936545825054,0.9029536205671468,0.9003300330033003,0.0014759524603959,0.8976897689768977,0.900990099009901,0.4996336996336996,0.0008190725192306,0.4981684981684982,0.5,0.0,0.0,0.0,0.0,0.9992673992673992,0.0016381450384613,0.9963369963369964,1.0,400.0,0.0,400.0,400.0,S6
one-layer,S6_train_I_D1_2_val_D3_5,CDAN+C-DANN-SEMI,Train Period I plus labeled target Day1-Day2; validate Day3-Day5; test Day6 onward.,cdan+c-dann,semi,source + labeled target,target validation labels,Source+Target refit,0.5,0.2,existing run_cdan_hybrid_report.py,"0,1,2,3,4",1.0,0.0,1.0,1.0,1.0,0.0,1.0,1.0,1.0,0.0,1.0,1.0,0.9502439024390243,0.018055371242265,0.9365853658536586,0.9804878048780488,0.94948952977122,0.0182486734993212,0.93539011848871,0.9800283180564872,0.9503049638613094,0.0182250619035959,0.9360683201702318,0.9807293310607496,0.9009900990099012,1.2412670766236366e-16,0.900990099009901,0.900990099009901,0.5,0.0,0.5,0.5,0.0,0.0,0.0,0.0,1.0,0.0,1.0,1.0,286.0,122.5969004502153,120.0,390.0,S6
one-layer,S7_train_I_D1_3_val_D4_5,C-DANN-UDA,Train Period I plus labeled target Day1-Day3; validate Day4-Day5; test Day6 onward.,c-dann,uda,source labels only,fixed hyperparameters; target labels prohibited for UDA selection,source-only; no refit,0.2,0.2,existing class-conditional centroid alignment plus DANN domain loss,"0,1,2,3,4",1.0,0.0,1.0,1.0,1.0,0.0,1.0,1.0,1.0,0.0,1.0,1.0,0.8829268292682928,0.027809156709735,0.8536585365853658,0.9219512195121952,0.8801699083389224,0.0269503634596245,0.8520008942544154,0.918324763395186,0.8835563380580757,0.026836432930768,0.8556446413135225,0.9207496469428416,0.9036303630363036,0.0027612542129837,0.900990099009901,0.9075907590759076,0.5192673992673993,0.0176045343193436,0.5,0.5481684981684982,0.0399999999999999,0.036514837167011,0.0,0.1,0.9985347985347984,0.0020063097344511,0.9963369963369964,1.0,400.0,0.0,400.0,400.0,S7
one-layer,S7_train_I_D1_3_val_D4_5,C-DANN-SEMI,Train Period I plus labeled target Day1-Day3; validate Day4-Day5; test Day6 onward.,c-dann,semi,source + labeled target,target validation labels,Source+Target refit,0.5,0.05,existing class-conditional centroid alignment plus DANN domain loss,"0,1,2,3,4",0.993877551020408,0.0136902121071415,0.9693877551020408,1.0,0.9945945945945944,0.0120868539324313,0.9729729729729728,1.0,0.9936275430359938,0.0142492469552099,0.9681377151799688,1.0,0.9326829268292682,0.0053436347073674,0.926829268292683,0.9414634146341464,0.9310380803338548,0.0055999100375351,0.9248081079066997,0.9400849541694613,0.932274066041954,0.0056577958657447,0.926506644329852,0.9417074604778988,0.8976897689768977,0.0066006600660065,0.8877887788778878,0.9042904290429042,0.5011355311355311,0.0091980786329926,0.4926739926739927,0.5166666666666667,0.0066666666666666,0.0149071198499985,0.0,0.0333333333333333,0.9956043956043956,0.0065525801538455,0.9853479853479854,1.0,94.0,47.74934554525329,30.0,150.0,S7
one-layer,S7_train_I_D1_3_val_D4_5,CDAN-UDA,Train Period I plus labeled target Day1-Day3; validate Day4-Day5; test Day6 onward.,cdan,uda,source labels only,fixed hyperparameters; target labels prohibited for UDA selection,source-only; no refit,0.2,0.0,"existing run_cdan_multi_splits.py official-style multilinear condition T(h,g)","0,1,2,3,4",1.0,0.0,1.0,1.0,1.0,0.0,1.0,1.0,1.0,0.0,1.0,1.0,0.7902439024390244,0.0179230956789012,0.7707317073170732,0.8146341463414634,0.7898949251061926,0.01706361400721,0.7715925180713912,0.8132498695878977,0.7917699191043808,0.0203945778208675,0.766492758976253,0.8201353925620345,0.9135313531353136,0.0094507069724596,0.900990099009901,0.924092409240924,0.5900366300366301,0.0432648649850916,0.5333333333333333,0.6315018315018315,0.1866666666666666,0.0869226987360353,0.0666666666666666,0.2666666666666666,0.9934065934065934,0.0054331124447587,0.9853479853479854,1.0,400.0,0.0,400.0,400.0,S7
one-layer,S7_train_I_D1_3_val_D4_5,CDAN-SEMI,Train Period I plus labeled target Day1-Day3; validate Day4-Day5; test Day6 onward.,cdan,semi,source + labeled target,target validation labels,Source+Target refit,0.5,0.0,"existing run_cdan_multi_splits.py official-style multilinear condition T(h,g)","0,1,2,3,4",0.9857142857142858,0.0198914170302224,0.9591836734693876,1.0,0.9873873873873872,0.0175617916122684,0.963963963963964,1.0,0.9859257557809418,0.0196853343873555,0.9591391391391392,1.0,0.9278048780487804,0.0193284026889355,0.8975609756097561,0.951219512195122,0.9278932856397646,0.0185827397991025,0.899023772263209,0.9506669647514716,0.9276879726467012,0.0196166421061331,0.896849286466753,0.9513601961007292,0.9069306930693072,0.0071549450127652,0.900990099009901,0.9174917491749176,0.5745054945054945,0.0178298372993944,0.5445054945054946,0.5908424908424909,0.1599999999999999,0.036514837167011,0.1,0.2,0.989010989010989,0.0077704041888631,0.9816849816849816,1.0,106.0,81.42481194328913,30.0,220.0,S7
one-layer,S7_train_I_D1_3_val_D4_5,CDAN+C-DANN-UDA,Train Period I plus labeled target Day1-Day3; validate Day4-Day5; test Day6 onward.,cdan+c-dann,uda,source labels only,fixed hyperparameters; target labels prohibited for UDA selection,source-only; no refit,0.2,0.2,existing run_cdan_hybrid_report.py,"0,1,2,3,4",1.0,0.0,1.0,1.0,1.0,0.0,1.0,1.0,1.0,0.0,1.0,1.0,0.8760975609756099,0.023797679839318,0.848780487804878,0.902439024390244,0.8726432670094642,0.023840612324446,0.8473060585736641,0.898353081451673,0.8761066148208307,0.0250312858591643,0.8490936545825054,0.9029536205671468,0.9003300330033003,0.0014759524603959,0.8976897689768977,0.900990099009901,0.4996336996336996,0.0008190725192306,0.4981684981684982,0.5,0.0,0.0,0.0,0.0,0.9992673992673992,0.0016381450384613,0.9963369963369964,1.0,400.0,0.0,400.0,400.0,S7
one-layer,S7_train_I_D1_3_val_D4_5,CDAN+C-DANN-SEMI,Train Period I plus labeled target Day1-Day3; validate Day4-Day5; test Day6 onward.,cdan+c-dann,semi,source + labeled target,target validation labels,Source+Target refit,0.5,0.2,existing run_cdan_hybrid_report.py,"0,1,2,3,4",0.9857142857142858,0.0198914170302224,0.9591836734693876,1.0,0.9873873873873874,0.0175617916122684,0.963963963963964,1.0,0.9859758058309918,0.0196003376557795,0.9593893893893894,1.0,0.9268292682926828,0.0146341463414633,0.9121951219512195,0.951219512195122,0.9252850435949028,0.0148373564477473,0.910723600864446,0.9500707951412176,0.9266827012476389,0.0146780018175635,0.912231225043365,0.9511991499696418,0.8996699669966997,0.0029519049207917,0.8943894389438944,0.900990099009901,0.5052014652014651,0.0116308297730758,0.5,0.526007326007326,0.0133333333333333,0.0298142396999971,0.0,0.0666666666666666,0.9970695970695972,0.0065525801538455,0.9853479853479854,1.0,106.0,127.59310326189264,30.0,330.0,S7
two-layer,S1_train_I_test_all,MLP Source-only,Train Period I only; no validation; test every current later-day sample.,source-only,uda,source labels only,fixed hyperparameters; target labels prohibited for UDA selection,source-only; no refit,0.0,0.0,shared PyTorch source-only baseline,"0,1,2,3,4",1.0,0.0,1.0,1.0,1.0,0.0,1.0,1.0,1.0,0.0,1.0,1.0,0.7794871794871794,0.0164631538858932,0.7582417582417582,0.7948717948717948,0.7823559670781892,0.0161910938752367,0.7605452674897119,0.7962962962962963,0.781739788691963,0.0136266523502788,0.7636554764929362,0.7968166582786399,,,,,,,,,,,,,,,,,400.0,0.0,400.0,400.0,S1
two-layer,S1_train_I_test_all,DANN-UDA,Train Period I only; no validation; test every current later-day sample.,dann,uda,source labels only,fixed hyperparameters; target labels prohibited for UDA selection,source-only; no refit,0.2,0.0,existing run_dann_multi_splits.py,"0,1,2,3,4",1.0,0.0,1.0,1.0,1.0,0.0,1.0,1.0,1.0,0.0,1.0,1.0,0.693040293040293,0.0215775479487518,0.6703296703296703,0.7252747252747253,0.6988683127572016,0.020768256524621,0.6759259259259259,0.7292952674897119,0.7006574312306842,0.0210373761299081,0.6774522254475084,0.7328643748287663,0.9029702970297032,0.0018076652062876,0.900990099009901,0.9042904290429042,0.51,0.0091287092917527,0.5,0.5166666666666667,0.02,0.0182574185835055,0.0,0.0333333333333333,1.0,0.0,1.0,1.0,400.0,0.0,400.0,400.0,S1
two-layer,S1_train_I_test_all,DEEP-CORAL-UDA,Train Period I only; no validation; test every current later-day sample.,deep-coral,uda,source labels only,fixed hyperparameters; target labels prohibited for UDA selection,source-only; no refit,0.1,0.0,existing run_deep_coral_multi_splits.py; VisionLearningGroup/CORAL,"0,1,2,3,4",1.0,0.0,1.0,1.0,1.0,0.0,1.0,1.0,1.0,0.0,1.0,1.0,0.8578754578754578,0.0122587549675322,0.8388278388278388,0.8717948717948718,0.8562757201646092,0.0139324614678321,0.8350051440329218,0.8733281893004116,0.859157965335149,0.0121882377398282,0.8402402302271951,0.8729814918641198,,,,,,,,,,,,,,,,,400.0,0.0,400.0,400.0,S1
two-layer,S1_train_I_test_all,MK-MMD-UDA,Train Period I only; no validation; test every current later-day sample.,mk-mmd,uda,source labels only,fixed hyperparameters; target labels prohibited for UDA selection,source-only; no refit,0.1,0.0,THU Transfer-Learning-Library tllib/alignment/dan.py and tllib/modules/kernels.py,"0,1,2,3,4",1.0,0.0,1.0,1.0,1.0,0.0,1.0,1.0,1.0,0.0,1.0,1.0,0.8476190476190476,0.028444349682516,0.8168498168498168,0.8754578754578755,0.8455246913580247,0.0263646428876208,0.8161008230452675,0.871656378600823,0.851069095065087,0.0258783347845733,0.8227803010063229,0.8770611505471754,,,,,,,,,,,,,,,,,400.0,0.0,400.0,400.0,S1
two-layer,S2_train_I_internal_val_test_all,MLP Source-only,Train 25 and validate 5 fixed Period I samples; test every current later-day sample.,source-only,uda,source train + source validation labels,source validation labels,source train+source validation refit,0.0,0.0,shared PyTorch source-only baseline,"0,1,2,3,4",0.8866666666666667,0.0930949336251262,0.8,1.0,0.9055555555555556,0.0775791113542718,0.8333333333333334,1.0,0.8839027542505804,0.0973366943553539,0.7936507936507936,1.0,0.7003663003663003,0.0320800498839726,0.6593406593406593,0.7435897435897436,0.7097993827160494,0.0287408598122613,0.6725823045267489,0.7485853909465021,0.699458989623585,0.0380833886879571,0.6529964916058755,0.7491410665323709,,,,,,,,,,,,,,,,,42.0,60.58052492344384,10.0,150.0,S2
two-layer,S2_train_I_internal_val_test_all,DANN-UDA,Train 25 and validate 5 fixed Period I samples; test every current later-day sample.,dann,uda,source train + source validation labels,source validation labels,source train+source validation refit,0.2,0.0,existing run_dann_multi_splits.py,"0,1,2,3,4",0.92,0.1095445115010332,0.8,1.0,0.9333333333333332,0.0912870929175276,0.8333333333333334,1.0,0.917494270435447,0.1129756230148165,0.7937356760886173,1.0,0.6959706959706959,0.0153234437094153,0.6776556776556777,0.7106227106227107,0.7022890946502056,0.0158314873568604,0.6844135802469135,0.7224794238683128,0.702694789933651,0.0162846782894769,0.6796301131127311,0.7190543040941364,0.9167785234899328,0.0028075839816579,0.912751677852349,0.9194630872483222,0.5221684981684982,0.0289889934006635,0.5,0.5708424908424908,0.048,0.0657267069006199,0.0,0.16,0.9963369963369964,0.0081907251923069,0.9816849816849816,1.0,150.0,158.74507866387543,10.0,390.0,S2
two-layer,S2_train_I_internal_val_test_all,DEEP-CORAL-UDA,Train 25 and validate 5 fixed Period I samples; test every current later-day sample.,deep-coral,uda,source train + source validation labels,source validation labels,source train+source validation refit,0.1,0.0,existing run_deep_coral_multi_splits.py; VisionLearningGroup/CORAL,"0,1,2,3,4",0.96,0.0894427190999915,0.8,1.0,0.9666666666666668,0.0745355992499929,0.8333333333333334,1.0,0.960052700922266,0.0893248762553275,0.8002635046113307,1.0,0.8146520146520146,0.0757188133845985,0.6886446886446886,0.8791208791208791,0.8162037037037037,0.0710230223852636,0.6984310699588477,0.878343621399177,0.8167981006394509,0.0733007869358052,0.6953883733879865,0.8798730224369598,,,,,,,,,,,,,,,,,74.0,43.93176527297759,10.0,130.0,S2
two-layer,S2_train_I_internal_val_test_all,MK-MMD-UDA,Train 25 and validate 5 fixed Period I samples; test every current later-day sample.,mk-mmd,uda,source train + source validation labels,source validation labels,source train+source validation refit,1.0,0.0,THU Transfer-Learning-Library tllib/alignment/dan.py and tllib/modules/kernels.py,"0,1,2,3,4",1.0,0.0,1.0,1.0,1.0,0.0,1.0,1.0,1.0,0.0,1.0,1.0,0.8124542124542125,0.0345955134157292,0.7619047619047619,0.8461538461538461,0.8111625514403291,0.0318895814903169,0.7646604938271605,0.8425925925925926,0.8174344349396249,0.0329455453285635,0.7678571428571428,0.8482516317745611,,,,,,,,,,,,,,,,,138.0,87.00574693662483,40.0,250.0,S2
two-layer,S3_train_I_internal_20_10_test_all,MLP Source-only,Train 20 and validate 10 fixed Period I samples; test every current later-day sample.,source-only,uda,source train + source validation labels,source validation labels,source train+source validation refit,0.0,0.0,shared PyTorch source-only baseline,"0,1,2,3,4",0.9266666666666667,0.0894427190999915,0.8,1.0,0.9388888888888888,0.0745355992499929,0.8333333333333334,1.0,0.9219751263229524,0.0924181338041195,0.7954545454545454,1.0,0.7047619047619047,0.0223713281825677,0.6776556776556777,0.7252747252747253,0.7122942386831275,0.0199398468696133,0.686085390946502,0.7318672839506172,0.7050383427861968,0.0270141965770735,0.6743037325481134,0.7301994301994301,,,,,,,,,,,,,,,,,18.0,4.47213595499958,10.0,20.0,S3
two-layer,S3_train_I_internal_20_10_test_all,DANN-UDA,Train 20 and validate 10 fixed Period I samples; test every current later-day sample.,dann,uda,source train + source validation labels,source validation labels,source train+source validation refit,0.5,0.0,existing run_dann_multi_splits.py,"0,1,2,3,4",0.9666666666666668,0.0333333333333333,0.9333333333333332,1.0,0.972222222222222,0.0277777777777777,0.9444444444444444,1.0,0.9628065171543432,0.0366666545196037,0.9220779220779222,1.0,0.7223443223443224,0.0220389874820385,0.6996336996336996,0.7509157509157509,0.7281893004115226,0.0200702999521266,0.710133744855967,0.7536008230452674,0.7250515108086256,0.025792999681713,0.6916555043608966,0.7562889151607273,0.9317406143344712,1.2412670766236366e-16,0.931740614334471,0.931740614334471,0.5,0.0,0.5,0.5,0.0,0.0,0.0,0.0,1.0,0.0,1.0,1.0,118.0,156.90761613127643,20.0,380.0,S3
two-layer,S3_train_I_internal_20_10_test_all,DEEP-CORAL-UDA,Train 20 and validate 10 fixed Period I samples; test every current later-day sample.,deep-coral,uda,source train + source validation labels,source validation labels,source train+source validation refit,1.0,0.0,existing run_deep_coral_multi_splits.py; VisionLearningGroup/CORAL,"0,1,2,3,4",0.94,0.0829993306532582,0.8,1.0,0.95,0.0691661088777151,0.8333333333333334,1.0,0.9354797376536508,0.0847158370299216,0.7954545454545454,1.0,0.7597069597069597,0.0524845922625116,0.6923076923076923,0.8205128205128205,0.7634773662551441,0.0474743833680676,0.7038323045267489,0.8182870370370371,0.7615031742815492,0.0553264630672601,0.6866096993727212,0.8249010757930556,,,,,,,,,,,,,,,,,36.0,41.593268686170845,10.0,110.0,S3
two-layer,S3_train_I_internal_20_10_test_all,MK-MMD-UDA,Train 20 and validate 10 fixed Period I samples; test every current later-day sample.,mk-mmd,uda,source train + source validation labels,source validation labels,source train+source validation refit,0.01,0.0,THU Transfer-Learning-Library tllib/alignment/dan.py and tllib/modules/kernels.py,"0,1,2,3,4",0.9666666666666666,0.0408248290463863,0.9,1.0,0.972222222222222,0.0340206908719886,0.9166666666666666,1.0,0.9641155366372758,0.0457449879532131,0.8885375494071147,1.0,0.7260073260073261,0.0351724655946016,0.6886446886446886,0.7838827838827839,0.7316615226337448,0.0338554459336848,0.6965020576131687,0.7874228395061729,0.7292360477667712,0.0365345190993392,0.6886793411646092,0.7887953251759221,,,,,,,,,,,,,,,,,54.0,76.02631123499285,20.0,190.0,S3
two-layer,S4_train_I_val_D1_2,MLP Source-only,Train Period I; validate target Day1-Day2; test every target sample from Day3 onward.,source-only,uda,source labels only,fixed hyperparameters; target labels prohibited for UDA selection,source-only; no refit,0.0,0.0,shared PyTorch source-only baseline,"0,1,2,3,4",1.0,0.0,1.0,1.0,1.0,0.0,1.0,1.0,1.0,0.0,1.0,1.0,0.7714285714285716,0.0170746944190627,0.7510204081632653,0.7877551020408163,0.7745247955824573,0.017027534542627,0.7539025167250717,0.7929276839757885,0.7724072135937623,0.0139428023365522,0.7544522396114409,0.7849062952313822,,,,,,,,,,,,,,,,,400.0,0.0,400.0,400.0,S4
two-layer,S4_train_I_val_D1_2,MLP Source+Target,Train Period I; validate target Day1-Day2; test every target sample from Day3 onward.,source-only,semi,source + labeled target,target validation labels,Source+Target refit,0.0,0.0,shared PyTorch source-only baseline,"0,1,2,3,4",1.0,0.0,1.0,1.0,1.0,0.0,1.0,1.0,1.0,0.0,1.0,1.0,0.8620408163265306,0.0224304190433209,0.8326530612244898,0.8938775510204081,0.864988849952214,0.0227944220187584,0.834182860783689,0.8971540830413082,0.8610711495653961,0.0224192868054845,0.8327945540099128,0.8934398934398935,,,,,,,,,,,,,,,,,224.0,122.5969004502153,100.0,380.0,S4
two-layer,S4_train_I_val_D1_2,DANN-UDA,Train Period I; validate target Day1-Day2; test every target sample from Day3 onward.,dann,uda,source labels only,fixed hyperparameters; target labels prohibited for UDA selection,source-only; no refit,0.2,0.0,existing run_dann_multi_splits.py,"0,1,2,3,4",1.0,0.0,1.0,1.0,1.0,0.0,1.0,1.0,1.0,0.0,1.0,1.0,0.7004081632653061,0.0226521419192026,0.6775510204081633,0.7346938775510204,0.7059785494318784,0.0218557215511233,0.6827545927577785,0.7383986407560794,0.708871853714703,0.0221984524915225,0.6853628490484657,0.7432280558507954,0.9029702970297032,0.0018076652062876,0.900990099009901,0.9042904290429042,0.51,0.0091287092917527,0.5,0.5166666666666667,0.02,0.0182574185835055,0.0,0.0333333333333333,1.0,0.0,1.0,1.0,400.0,0.0,400.0,400.0,S4
two-layer,S4_train_I_val_D1_2,DANN-SEMI,Train Period I; validate target Day1-Day2; test every target sample from Day3 onward.,dann,semi,source + labeled target,target validation labels,Source+Target refit,0.05,0.0,existing run_dann_multi_splits.py,"0,1,2,3,4",1.0,0.0,1.0,1.0,1.0,0.0,1.0,1.0,1.0,0.0,1.0,1.0,0.8546938775510204,0.0089424091021251,0.8408163265306122,0.8653061224489796,0.857736009344802,0.0084890168893333,0.8460762450886694,0.8693320590421578,0.8531339502329542,0.0103612378927741,0.8361543491248123,0.8640213875113204,0.9009900990099008,0.0023336857464902,0.8976897689768977,0.9042904290429042,0.5207692307692308,0.0240239708635411,0.5,0.5575091575091575,0.0466666666666666,0.0557773351022717,0.0,0.1333333333333333,0.9948717948717948,0.0080252389378046,0.9816849816849816,1.0,230.0,144.39529078193652,50.0,390.0,S4
two-layer,S4_train_I_val_D1_2,DEEP-CORAL-UDA,Train Period I; validate target Day1-Day2; test every target sample from Day3 onward.,deep-coral,uda,source labels only,fixed hyperparameters; target labels prohibited for UDA selection,source-only; no refit,0.1,0.0,existing run_deep_coral_multi_splits.py; VisionLearningGroup/CORAL,"0,1,2,3,4",1.0,0.0,1.0,1.0,1.0,0.0,1.0,1.0,1.0,0.0,1.0,1.0,0.8514285714285714,0.0102448166514376,0.8367346938775511,0.8612244897959184,0.8503557396198366,0.0113268072899774,0.8339173834554529,0.8626951258362535,0.8529257965644426,0.010114407739477,0.8385519918048162,0.862726645335341,,,,,,,,,,,,,,,,,400.0,0.0,400.0,400.0,S4
two-layer,S4_train_I_val_D1_2,DEEP-CORAL-SEMI,Train Period I; validate target Day1-Day2; test every target sample from Day3 onward.,deep-coral,semi,source + labeled target,target validation labels,Source+Target refit,0.001,0.0,existing run_deep_coral_multi_splits.py; VisionLearningGroup/CORAL,"0,1,2,3,4",1.0,0.0,1.0,1.0,1.0,0.0,1.0,1.0,1.0,0.0,1.0,1.0,0.8889795918367346,0.0151075555292422,0.8734693877551021,0.9102040816326532,0.8896039078262715,0.0140830855877872,0.8763937559732399,0.9098969947966444,0.8906080032390566,0.0160824591661276,0.8708947042280376,0.9121891440765704,,,,,,,,,,,,,,,,,192.0,81.05553651663777,120.0,310.0,S4
two-layer,S4_train_I_val_D1_2,MK-MMD-UDA,Train Period I; validate target Day1-Day2; test every target sample from Day3 onward.,mk-mmd,uda,source labels only,fixed hyperparameters; target labels prohibited for UDA selection,source-only; no refit,0.1,0.0,THU Transfer-Learning-Library tllib/alignment/dan.py and tllib/modules/kernels.py,"0,1,2,3,4",1.0,0.0,1.0,1.0,1.0,0.0,1.0,1.0,1.0,0.0,1.0,1.0,0.8424489795918367,0.029938156442273,0.8040816326530612,0.8693877551020408,0.8407242221514281,0.0281110632217883,0.8049803546777105,0.8663056175002654,0.8466531157715378,0.0275107845130901,0.8104038934009358,0.8716664382515056,,,,,,,,,,,,,,,,,400.0,0.0,400.0,400.0,S4
two-layer,S4_train_I_val_D1_2,MK-MMD-SEMI,Train Period I; validate target Day1-Day2; test every target sample from Day3 onward.,mk-mmd,semi,source + labeled target,target validation labels,Source+Target refit,0.1,0.0,THU Transfer-Learning-Library tllib/alignment/dan.py and tllib/modules/kernels.py,"0,1,2,3,4",1.0,0.0,1.0,1.0,1.0,0.0,1.0,1.0,1.0,0.0,1.0,1.0,0.8955102040816326,0.0219043393714264,0.8734693877551021,0.9224489795918368,0.8963576510565998,0.0210441987558876,0.8743230328129977,0.9229053838802166,0.8960287669131886,0.0217747253874314,0.8747066556905724,0.9220173018180844,,,,,,,,,,,,,,,,,232.0,134.7961423780369,70.0,400.0,S4
two-layer,S5_train_I_D1_val_D2_3,MLP Source-only,Train Period I plus labeled target Day1; validate Day2-Day3; test Day4 onward.,source-only,uda,source labels only,fixed hyperparameters; target labels prohibited for UDA selection,source-only; no refit,0.0,0.0,shared PyTorch source-only baseline,"0,1,2,3,4",1.0,0.0,1.0,1.0,1.0,0.0,1.0,1.0,1.0,0.0,1.0,1.0,0.7714285714285714,0.0160231649552569,0.7532467532467533,0.7922077922077922,0.7747003041689031,0.0164567234685801,0.7561281087851137,0.7974592950438361,0.7725005911321783,0.0127355936386522,0.7567259461924305,0.7888136935993365,,,,,,,,,,,,,,,,,400.0,0.0,400.0,400.0,S5
two-layer,S5_train_I_D1_val_D2_3,MLP Source+Target,Train Period I plus labeled target Day1; validate Day2-Day3; test Day4 onward.,source-only,semi,source + labeled target,target validation labels,Source+Target refit,0.0,0.0,shared PyTorch source-only baseline,"0,1,2,3,4",0.9888888888888888,0.0248451997499976,0.9444444444444444,1.0,0.9901234567901234,0.0220846219999979,0.9506172839506172,1.0,0.9884810904418748,0.0257570647986401,0.9424054522093738,1.0,0.8770562770562771,0.0104256230119413,0.8658008658008658,0.8917748917748918,0.8791196994095545,0.0107380565620806,0.8681338343174092,0.8942565754159957,0.8772206124698727,0.0103421115791347,0.865967365967366,0.8919032696240191,,,,,,,,,,,,,,,,,104.0,114.14902540100812,20.0,280.0,S5
two-layer,S5_train_I_D1_val_D2_3,DANN-UDA,Train Period I plus labeled target Day1; validate Day2-Day3; test Day4 onward.,dann,uda,source labels only,fixed hyperparameters; target labels prohibited for UDA selection,source-only; no refit,0.2,0.0,existing run_dann_multi_splits.py,"0,1,2,3,4",1.0,0.0,1.0,1.0,1.0,0.0,1.0,1.0,1.0,0.0,1.0,1.0,0.6909090909090909,0.019743297404314,0.6753246753246753,0.7229437229437229,0.6970119878332439,0.0189310219895453,0.6806226516371444,0.7273215244229737,0.6997882010305754,0.0192442218515283,0.6850070077357833,0.7318905304290843,0.9029702970297032,0.0018076652062876,0.900990099009901,0.9042904290429042,0.51,0.0091287092917527,0.5,0.5166666666666667,0.02,0.0182574185835055,0.0,0.0333333333333333,1.0,0.0,1.0,1.0,400.0,0.0,400.0,400.0,S5
two-layer,S5_train_I_D1_val_D2_3,DANN-SEMI,Train Period I plus labeled target Day1; validate Day2-Day3; test Day4 onward.,dann,semi,source + labeled target,target validation labels,Source+Target refit,0.05,0.0,existing run_dann_multi_splits.py,"0,1,2,3,4",1.0,0.0,1.0,1.0,1.0,0.0,1.0,1.0,1.0,0.0,1.0,1.0,0.8735930735930737,0.0083270060873036,0.8658008658008658,0.8874458874458875,0.8756843800322061,0.0080489449340789,0.8674181427804616,0.8887099660046521,0.8738350302427511,0.0083584859097432,0.8666189723050849,0.8880362868046298,0.9016501650165016,0.0027612542129837,0.8976897689768977,0.9042904290429042,0.5063003663003662,0.0094925875940177,0.4981684981684982,0.5166666666666667,0.0133333333333333,0.0182574185835055,0.0,0.0333333333333333,0.9992673992673992,0.0016381450384613,0.9963369963369964,1.0,128.0,87.57853618324526,30.0,220.0,S5
two-layer,S5_train_I_D1_val_D2_3,DEEP-CORAL-UDA,Train Period I plus labeled target Day1; validate Day2-Day3; test Day4 onward.,deep-coral,uda,source labels only,fixed hyperparameters; target labels prohibited for UDA selection,source-only; no refit,0.1,0.0,existing run_deep_coral_multi_splits.py; VisionLearningGroup/CORAL,"0,1,2,3,4",1.0,0.0,1.0,1.0,1.0,0.0,1.0,1.0,1.0,0.0,1.0,1.0,0.8476190476190476,0.0093850577440167,0.8354978354978355,0.8571428571428571,0.8469851494006082,0.0105468931814363,0.8328860261227411,0.8591876901055645,0.8491467554337943,0.0093105009342406,0.837245696400626,0.8587533016136518,,,,,,,,,,,,,,,,,400.0,0.0,400.0,400.0,S5
two-layer,S5_train_I_D1_val_D2_3,DEEP-CORAL-SEMI,Train Period I plus labeled target Day1; validate Day2-Day3; test Day4 onward.,deep-coral,semi,source + labeled target,target validation labels,Source+Target refit,1.0,0.0,existing run_deep_coral_multi_splits.py; VisionLearningGroup/CORAL,"0,1,2,3,4",1.0,0.0,1.0,1.0,1.0,0.0,1.0,1.0,1.0,0.0,1.0,1.0,0.9134199134199136,0.0096799479545445,0.9004329004329005,0.9264069264069263,0.9123993558776168,0.0094775098797911,0.9010556450169976,0.9250313115047414,0.915249131038418,0.0097134307195089,0.9024865690164764,0.9285282076070016,,,,,,,,,,,,,,,,,136.0,134.6476884316994,30.0,360.0,S5
two-layer,S5_train_I_D1_val_D2_3,MK-MMD-UDA,Train Period I plus labeled target Day1; validate Day2-Day3; test Day4 onward.,mk-mmd,uda,source labels only,fixed hyperparameters; target labels prohibited for UDA selection,source-only; no refit,0.1,0.0,THU Transfer-Learning-Library tllib/alignment/dan.py and tllib/modules/kernels.py,"0,1,2,3,4",1.0,0.0,1.0,1.0,1.0,0.0,1.0,1.0,1.0,0.0,1.0,1.0,0.8380952380952381,0.0327691616758018,0.7965367965367965,0.8701298701298701,0.8369296833064949,0.0310085799106738,0.7979960636965467,0.8679549114331723,0.8427551337201249,0.030313232157709,0.8033038021410115,0.8729655421203372,,,,,,,,,,,,,,,,,400.0,0.0,400.0,400.0,S5
two-layer,S5_train_I_D1_val_D2_3,MK-MMD-SEMI,Train Period I plus labeled target Day1; validate Day2-Day3; test Day4 onward.,mk-mmd,semi,source + labeled target,target validation labels,Source+Target refit,1.0,0.0,THU Transfer-Learning-Library tllib/alignment/dan.py and tllib/modules/kernels.py,"0,1,2,3,4",1.0,0.0,1.0,1.0,1.0,0.0,1.0,1.0,1.0,0.0,1.0,1.0,0.923809523809524,0.0116963256156764,0.9047619047619048,0.935064935064935,0.9199856861692608,0.013484305672936,0.8972982644480229,0.9311146895687958,0.9225736982486978,0.0132088536158502,0.9003264313070786,0.9335493361637152,,,,,,,,,,,,,,,,,264.0,93.96807968666806,130.0,380.0,S5
two-layer,S6_train_I_D1_2_val_D3_5,MLP Source-only,Train Period I plus labeled target Day1-Day2; validate Day3-Day5; test Day6 onward.,source-only,uda,source labels only,fixed hyperparameters; target labels prohibited for UDA selection,source-only; no refit,0.0,0.0,shared PyTorch source-only baseline,"0,1,2,3,4",1.0,0.0,1.0,1.0,1.0,0.0,1.0,1.0,1.0,0.0,1.0,1.0,0.7707317073170732,0.0192048972536873,0.751219512195122,0.7951219512195122,0.7726656233698488,0.0194276500183483,0.7528131753483865,0.7986437141366719,0.7713727319926609,0.016111535491868,0.7535335199052012,0.7916784347960047,,,,,,,,,,,,,,,,,400.0,0.0,400.0,400.0,S6
two-layer,S6_train_I_D1_2_val_D3_5,MLP Source+Target,Train Period I plus labeled target Day1-Day2; validate Day3-Day5; test Day6 onward.,source-only,semi,source + labeled target,target validation labels,Source+Target refit,0.0,0.0,shared PyTorch source-only baseline,"0,1,2,3,4",1.0,0.0,1.0,1.0,1.0,0.0,1.0,1.0,1.0,0.0,1.0,1.0,0.9453658536585364,0.0063601974684903,0.9365853658536586,0.951219512195122,0.9438408227140622,0.0070521236207475,0.9336016096579476,0.9500707951412176,0.9451975980887464,0.0065013084833055,0.9361155507065604,0.9510865823986708,,,,,,,,,,,,,,,,,276.0,68.7749954561976,180.0,360.0,S6
two-layer,S6_train_I_D1_2_val_D3_5,DANN-UDA,Train Period I plus labeled target Day1-Day2; validate Day3-Day5; test Day6 onward.,dann,uda,source labels only,fixed hyperparameters; target labels prohibited for UDA selection,source-only; no refit,0.2,0.0,existing run_dann_multi_splits.py,"0,1,2,3,4",1.0,0.0,1.0,1.0,1.0,0.0,1.0,1.0,1.0,0.0,1.0,1.0,0.6770731707317074,0.0177228313410584,0.6634146341463415,0.7073170731707317,0.6816901408450705,0.0170461119165692,0.6677099634846114,0.710559654221626,0.6838173032018824,0.0175490089486021,0.6719527210046786,0.7142573222174775,0.9029702970297032,0.0018076652062876,0.900990099009901,0.9042904290429042,0.51,0.0091287092917527,0.5,0.5166666666666667,0.02,0.0182574185835055,0.0,0.0333333333333333,1.0,0.0,1.0,1.0,400.0,0.0,400.0,400.0,S6
two-layer,S6_train_I_D1_2_val_D3_5,DANN-SEMI,Train Period I plus labeled target Day1-Day2; validate Day3-Day5; test Day6 onward.,dann,semi,source + labeled target,target validation labels,Source+Target refit,0.5,0.0,existing run_dann_multi_splits.py,"0,1,2,3,4",1.0,0.0,1.0,1.0,1.0,0.0,1.0,1.0,1.0,0.0,1.0,1.0,0.9317073170731708,0.0091259936262778,0.9170731707317074,0.9414634146341464,0.9295029435874508,0.0097025058686016,0.914226097324689,0.9394887845592071,0.9310373237869424,0.0095143399229064,0.9159730795692476,0.9411113368871898,0.9023102310231024,0.0018076652062876,0.900990099009901,0.9042904290429042,0.5155677655677655,0.0219528243834367,0.5,0.5463369963369964,0.0333333333333333,0.0471404520791031,0.0,0.1,0.9978021978021978,0.0032762900769227,0.9926739926739928,1.0,248.0,133.67871932360814,30.0,390.0,S6
two-layer,S6_train_I_D1_2_val_D3_5,DEEP-CORAL-UDA,Train Period I plus labeled target Day1-Day2; validate Day3-Day5; test Day6 onward.,deep-coral,uda,source labels only,fixed hyperparameters; target labels prohibited for UDA selection,source-only; no refit,0.1,0.0,existing run_deep_coral_multi_splits.py; VisionLearningGroup/CORAL,"0,1,2,3,4",1.0,0.0,1.0,1.0,1.0,0.0,1.0,1.0,1.0,0.0,1.0,1.0,0.853658536585366,0.0124366329599824,0.8439024390243902,0.8731707317073171,0.8524778299426187,0.0133356100923518,0.8414188836724047,0.8737610850286907,0.8550044150733083,0.0120512030999483,0.8457433176902672,0.8738019642705952,,,,,,,,,,,,,,,,,400.0,0.0,400.0,400.0,S6
two-layer,S6_train_I_D1_2_val_D3_5,DEEP-CORAL-SEMI,Train Period I plus labeled target Day1-Day2; validate Day3-Day5; test Day6 onward.,deep-coral,semi,source + labeled target,target validation labels,Source+Target refit,0.001,0.0,existing run_deep_coral_multi_splits.py; VisionLearningGroup/CORAL,"0,1,2,3,4",1.0,0.0,1.0,1.0,1.0,0.0,1.0,1.0,1.0,0.0,1.0,1.0,0.9492682926829268,0.0065445892024384,0.9414634146341464,0.9560975609756096,0.9474774573366124,0.0070367115368745,0.938892614948953,0.9547656308219687,0.9489342515806511,0.0068172554559704,0.9404636748316348,0.9559561944459176,,,,,,,,,,,,,,,,,314.0,50.29910535983717,270.0,400.0,S6
two-layer,S6_train_I_D1_2_val_D3_5,MK-MMD-UDA,Train Period I plus labeled target Day1-Day2; validate Day3-Day5; test Day6 onward.,mk-mmd,uda,source labels only,fixed hyperparameters; target labels prohibited for UDA selection,source-only; no refit,0.1,0.0,THU Transfer-Learning-Library tllib/alignment/dan.py and tllib/modules/kernels.py,"0,1,2,3,4",1.0,0.0,1.0,1.0,1.0,0.0,1.0,1.0,1.0,0.0,1.0,1.0,0.8370731707317074,0.0366016224044957,0.7902439024390244,0.8682926829268293,0.8356807511737088,0.0351474330002998,0.7909680304046501,0.8660854012966689,0.8408349200508957,0.034397800612389,0.7956149091178446,0.8703362617550261,,,,,,,,,,,,,,,,,400.0,0.0,400.0,400.0,S6
two-layer,S6_train_I_D1_2_val_D3_5,MK-MMD-SEMI,Train Period I plus labeled target Day1-Day2; validate Day3-Day5; test Day6 onward.,mk-mmd,semi,source + labeled target,target validation labels,Source+Target refit,1.0,0.0,THU Transfer-Learning-Library tllib/alignment/dan.py and tllib/modules/kernels.py,"0,1,2,3,4",0.9979591836734696,0.0045634040357138,0.9897959183673468,1.0,0.998198198198198,0.0040289513108104,0.990990990990991,1.0,0.9981978691019788,0.0040296871923283,0.9909893455098936,1.0,0.9395121951219512,0.0131797620352256,0.9219512195121952,0.9560975609756096,0.937491616364856,0.0140174557891271,0.9195171026156942,0.9547656308219687,0.9387813219556568,0.0136028879996641,0.921657754010695,0.9561669438504792,,,,,,,,,,,,,,,,,126.0,93.70165420097985,30.0,280.0,S6
two-layer,S7_train_I_D1_3_val_D4_5,MLP Source-only,Train Period I plus labeled target Day1-Day3; validate Day4-Day5; test Day6 onward.,source-only,uda,source labels only,fixed hyperparameters; target labels prohibited for UDA selection,source-only; no refit,0.0,0.0,shared PyTorch source-only baseline,"0,1,2,3,4",1.0,0.0,1.0,1.0,1.0,0.0,1.0,1.0,1.0,0.0,1.0,1.0,0.7707317073170732,0.0192048972536873,0.751219512195122,0.7951219512195122,0.7726656233698488,0.0194276500183483,0.7528131753483865,0.7986437141366719,0.7713727319926609,0.016111535491868,0.7535335199052012,0.7916784347960047,,,,,,,,,,,,,,,,,400.0,0.0,400.0,400.0,S7
two-layer,S7_train_I_D1_3_val_D4_5,MLP Source+Target,Train Period I plus labeled target Day1-Day3; validate Day4-Day5; test Day6 onward.,source-only,semi,source + labeled target,target validation labels,Source+Target refit,0.0,0.0,shared PyTorch source-only baseline,"0,1,2,3,4",0.979591836734694,0.0204081632653061,0.9591836734693876,1.0,0.981981981981982,0.018018018018018,0.963963963963964,1.0,0.9791065615435364,0.0210062282837261,0.9569000933706816,1.0,0.9268292682926832,0.0124366329599823,0.9170731707317074,0.946341463414634,0.925165809672852,0.0122916390776329,0.9148222669349432,0.9447797898502124,0.9263191835247218,0.0125228718119796,0.9165153842573196,0.9461090767122036,,,,,,,,,,,,,,,,,46.0,52.72570530585627,20.0,140.0,S7
two-layer,S7_train_I_D1_3_val_D4_5,DANN-UDA,Train Period I plus labeled target Day1-Day3; validate Day4-Day5; test Day6 onward.,dann,uda,source labels only,fixed hyperparameters; target labels prohibited for UDA selection,source-only; no refit,0.2,0.0,existing run_dann_multi_splits.py,"0,1,2,3,4",1.0,0.0,1.0,1.0,1.0,0.0,1.0,1.0,1.0,0.0,1.0,1.0,0.6770731707317074,0.0177228313410584,0.6634146341463415,0.7073170731707317,0.6816901408450705,0.0170461119165692,0.6677099634846114,0.710559654221626,0.6838173032018824,0.0175490089486021,0.6719527210046786,0.7142573222174775,0.9029702970297032,0.0018076652062876,0.900990099009901,0.9042904290429042,0.51,0.0091287092917527,0.5,0.5166666666666667,0.02,0.0182574185835055,0.0,0.0333333333333333,1.0,0.0,1.0,1.0,400.0,0.0,400.0,400.0,S7
two-layer,S7_train_I_D1_3_val_D4_5,DANN-SEMI,Train Period I plus labeled target Day1-Day3; validate Day4-Day5; test Day6 onward.,dann,semi,source + labeled target,target validation labels,Source+Target refit,0.2,0.0,existing run_dann_multi_splits.py,"0,1,2,3,4",1.0,0.0,1.0,1.0,1.0,0.0,1.0,1.0,1.0,0.0,1.0,1.0,0.9404878048780488,0.0040812684221173,0.9365853658536586,0.946341463414634,0.9397421566435652,0.0041667282049306,0.93539011848871,0.9453759594604664,0.9404046605298764,0.0038734596589621,0.9365085013558044,0.9459838520147074,0.9029702970297028,0.0029519049207917,0.900990099009901,0.9075907590759076,0.521868131868132,0.0239600062814052,0.5,0.5481684981684982,0.0466666666666666,0.0505525029603436,0.0,0.1,0.9970695970695972,0.003064688741883,0.9926739926739928,1.0,218.0,98.84331034521254,110.0,380.0,S7
two-layer,S7_train_I_D1_3_val_D4_5,DEEP-CORAL-UDA,Train Period I plus labeled target Day1-Day3; validate Day4-Day5; test Day6 onward.,deep-coral,uda,source labels only,fixed hyperparameters; target labels prohibited for UDA selection,source-only; no refit,0.1,0.0,existing run_deep_coral_multi_splits.py; VisionLearningGroup/CORAL,"0,1,2,3,4",1.0,0.0,1.0,1.0,1.0,0.0,1.0,1.0,1.0,0.0,1.0,1.0,0.853658536585366,0.0124366329599824,0.8439024390243902,0.8731707317073171,0.8524778299426187,0.0133356100923518,0.8414188836724047,0.8737610850286907,0.8550044150733083,0.0120512030999483,0.8457433176902672,0.8738019642705952,,,,,,,,,,,,,,,,,400.0,0.0,400.0,400.0,S7
two-layer,S7_train_I_D1_3_val_D4_5,DEEP-CORAL-SEMI,Train Period I plus labeled target Day1-Day3; validate Day4-Day5; test Day6 onward.,deep-coral,semi,source + labeled target,target validation labels,Source+Target refit,0.001,0.0,existing run_deep_coral_multi_splits.py; VisionLearningGroup/CORAL,"0,1,2,3,4",0.9918367346938776,0.0182536161428554,0.9591836734693876,1.0,0.9927927927927928,0.0161158052432417,0.963963963963964,1.0,0.9913800186741362,0.0192748642094099,0.9569000933706816,1.0,0.9492682926829268,0.0152707081390229,0.9219512195121952,0.9560975609756096,0.9481928608689172,0.0150326460622803,0.9213056114464564,0.955361800432223,0.949110562912408,0.0156745359218003,0.9210716184400396,0.9561911139751252,,,,,,,,,,,,,,,,,240.0,141.24446891825534,20.0,390.0,S7
two-layer,S7_train_I_D1_3_val_D4_5,MK-MMD-UDA,Train Period I plus labeled target Day1-Day3; validate Day4-Day5; test Day6 onward.,mk-mmd,uda,source labels only,fixed hyperparameters; target labels prohibited for UDA selection,source-only; no refit,0.1,0.0,THU Transfer-Learning-Library tllib/alignment/dan.py and tllib/modules/kernels.py,"0,1,2,3,4",1.0,0.0,1.0,1.0,1.0,0.0,1.0,1.0,1.0,0.0,1.0,1.0,0.8370731707317074,0.0366016224044957,0.7902439024390244,0.8682926829268293,0.8356807511737088,0.0351474330002998,0.7909680304046501,0.8660854012966689,0.8408349200508957,0.034397800612389,0.7956149091178446,0.8703362617550261,,,,,,,,,,,,,,,,,400.0,0.0,400.0,400.0,S7
two-layer,S7_train_I_D1_3_val_D4_5,MK-MMD-SEMI,Train Period I plus labeled target Day1-Day3; validate Day4-Day5; test Day6 onward.,mk-mmd,semi,source + labeled target,target validation labels,Source+Target refit,0.1,0.0,THU Transfer-Learning-Library tllib/alignment/dan.py and tllib/modules/kernels.py,"0,1,2,3,4",1.0,0.0,1.0,1.0,1.0,0.0,1.0,1.0,1.0,0.0,1.0,1.0,0.946341463414634,0.0109076486707306,0.9317073170731708,0.9609756097560976,0.945018257694314,0.0115053108652093,0.9295029435874508,0.960056636112974,0.94621399686999,0.0110161832123659,0.931542313895255,0.961128073492582,,,,,,,,,,,,,,,,,224.0,135.01851724856112,100.0,370.0,S7
two-layer,S1_train_I_test_all,C-DANN-UDA,Train Period I only; no validation; test every current later-day sample.,c-dann,uda,source labels only,fixed hyperparameters; target labels prohibited for UDA selection,source-only; no refit,0.2,0.2,existing class-conditional centroid alignment plus DANN domain loss,"0,1,2,3,4",1.0,0.0,1.0,1.0,1.0,0.0,1.0,1.0,1.0,0.0,1.0,1.0,0.8945054945054945,0.0111104402110645,0.8827838827838828,0.912087912087912,0.890997942386831,0.0109569863436129,0.8792438271604938,0.9083076131687244,0.8952274071673901,0.0105460123041176,0.8847200028408082,0.9119451835856804,0.9009900990099012,1.2412670766236366e-16,0.900990099009901,0.900990099009901,0.5,0.0,0.5,0.5,0.0,0.0,0.0,0.0,1.0,0.0,1.0,1.0,400.0,0.0,400.0,400.0,S1
two-layer,S1_train_I_test_all,CDAN-UDA,Train Period I only; no validation; test every current later-day sample.,cdan,uda,source labels only,fixed hyperparameters; target labels prohibited for UDA selection,source-only; no refit,0.2,0.0,"existing run_cdan_multi_splits.py official-style multilinear condition T(h,g)","0,1,2,3,4",1.0,0.0,1.0,1.0,1.0,0.0,1.0,1.0,1.0,0.0,1.0,1.0,0.764102564102564,0.063950631041158,0.6959706959706959,0.8388278388278388,0.7677726337448559,0.0611209421130712,0.7021604938271605,0.8401491769547325,0.7685072004617388,0.0624864380795019,0.7027274197186174,0.8410583494734967,0.9023102310231024,0.0050051983129053,0.8976897689768977,0.9108910891089108,0.5155677655677655,0.0233018574251083,0.4981684981684982,0.55,0.0333333333333333,0.0471404520791031,0.0,0.1,0.9978021978021978,0.0032762900769227,0.9926739926739928,1.0,400.0,0.0,400.0,400.0,S1
two-layer,S1_train_I_test_all,CDAN+C-DANN-UDA,Train Period I only; no validation; test every current later-day sample.,cdan+c-dann,uda,source labels only,fixed hyperparameters; target labels prohibited for UDA selection,source-only; no refit,0.2,0.2,existing run_cdan_hybrid_report.py,"0,1,2,3,4",1.0,0.0,1.0,1.0,1.0,0.0,1.0,1.0,1.0,0.0,1.0,1.0,0.8893772893772894,0.011981997973477,0.8754578754578755,0.9010989010989012,0.8854938271604939,0.0124053475972099,0.8703703703703703,0.8978909465020576,0.8899009809874867,0.0118610127451597,0.8767894992741474,0.9017383928056226,0.9009900990099012,1.2412670766236366e-16,0.900990099009901,0.900990099009901,0.5,0.0,0.5,0.5,0.0,0.0,0.0,0.0,1.0,0.0,1.0,1.0,400.0,0.0,400.0,400.0,S1
two-layer,S2_train_I_internal_val_test_all,C-DANN-UDA,Train 25 and validate 5 fixed Period I samples; test every current later-day sample.,c-dann,uda,source train + source validation labels,source validation labels,source train+source validation refit,0.2,0.2,existing class-conditional centroid alignment plus DANN domain loss,"0,1,2,3,4",0.96,0.0894427190999915,0.8,1.0,0.9666666666666668,0.0745355992499929,0.8333333333333334,1.0,0.959090909090909,0.0914755081704459,0.7954545454545454,1.0,0.8241758241758241,0.076879457369287,0.6959706959706959,0.8901098901098901,0.8248456790123457,0.0701666879436302,0.7079475308641975,0.8855452674897121,0.8266766530648745,0.0755195257526032,0.7006373859919052,0.8916517419373194,0.9161073825503354,1.2412670766236366e-16,0.9161073825503356,0.9161073825503356,0.5,0.0,0.5,0.5,0.0,0.0,0.0,0.0,1.0,0.0,1.0,1.0,180.0,152.31546211727817,10.0,350.0,S2
two-layer,S2_train_I_internal_val_test_all,CDAN-UDA,Train 25 and validate 5 fixed Period I samples; test every current later-day sample.,cdan,uda,source train + source validation labels,source validation labels,source train+source validation refit,0.05,0.0,"existing run_cdan_multi_splits.py official-style multilinear condition T(h,g)","0,1,2,3,4",1.0,0.0,1.0,1.0,1.0,0.0,1.0,1.0,1.0,0.0,1.0,1.0,0.7648351648351648,0.0432947818815894,0.6996336996336996,0.8205128205128205,0.7673096707818929,0.0427034713181496,0.7017746913580246,0.820216049382716,0.7676516994592395,0.0431338277581651,0.7020578960463353,0.8221410958794594,0.919463087248322,0.0053058350002825,0.912751677852349,0.9261744966442952,0.5309010989010989,0.0188586996405921,0.5163369963369964,0.56,0.0639999999999999,0.0357770876399966,0.04,0.12,0.9978021978021978,0.0032762900769227,0.9926739926739928,1.0,342.0,38.98717737923585,290.0,380.0,S2
two-layer,S2_train_I_internal_val_test_all,CDAN+C-DANN-UDA,Train 25 and validate 5 fixed Period I samples; test every current later-day sample.,cdan+c-dann,uda,source train + source validation labels,source validation labels,source train+source validation refit,0.5,0.2,existing run_cdan_hybrid_report.py,"0,1,2,3,4",1.0,0.0,1.0,1.0,1.0,0.0,1.0,1.0,1.0,0.0,1.0,1.0,0.8901098901098902,0.0153234437094153,0.8754578754578755,0.9084249084249084,0.8849022633744855,0.0151917802085511,0.8703703703703703,0.902906378600823,0.8898075090034488,0.0141818295219307,0.8778828104049343,0.907482993197279,0.9161073825503354,1.2412670766236366e-16,0.9161073825503356,0.9161073825503356,0.5,0.0,0.5,0.5,0.0,0.0,0.0,0.0,1.0,0.0,1.0,1.0,260.0,59.58187643906493,200.0,360.0,S2
two-layer,S3_train_I_internal_20_10_test_all,C-DANN-UDA,Train 20 and validate 10 fixed Period I samples; test every current later-day sample.,c-dann,uda,source train + source validation labels,source validation labels,source train+source validation refit,0.5,0.05,existing class-conditional centroid alignment plus DANN domain loss,"0,1,2,3,4",0.9200000000000002,0.0900617072407086,0.7666666666666667,1.0,0.9333333333333332,0.0750514227005905,0.8055555555555555,1.0,0.9196511121728512,0.0927467975233873,0.7619047619047619,1.0,0.7413919413919414,0.0894103103595955,0.6336996336996337,0.8791208791208791,0.7468878600823045,0.0822522359127269,0.6502057613168725,0.8751286008230453,0.7399079611546185,0.0949568595402396,0.616118985684203,0.879300089708195,0.9317406143344712,1.2412670766236366e-16,0.931740614334471,0.931740614334471,0.5,0.0,0.5,0.5,0.0,0.0,0.0,0.0,1.0,0.0,1.0,1.0,76.0,130.8816259067712,10.0,310.0,S3
two-layer,S3_train_I_internal_20_10_test_all,CDAN-UDA,Train 20 and validate 10 fixed Period I samples; test every current later-day sample.,cdan,uda,source train + source validation labels,source validation labels,source train+source validation refit,0.2,0.0,"existing run_cdan_multi_splits.py official-style multilinear condition T(h,g)","0,1,2,3,4",0.9333333333333332,0.0623609564462323,0.8333333333333334,1.0,0.9444444444444444,0.0519674637051936,0.8611111111111112,1.0,0.9304195707673968,0.0663539046850004,0.8257575757575757,1.0,0.7289377289377289,0.0530187356268503,0.6556776556776557,0.8021978021978022,0.7345679012345678,0.0493621155269539,0.6671810699588477,0.8028549382716049,0.7326212695156503,0.055575403418549,0.6538916256157635,0.8076292414258606,0.9317406143344712,1.2412670766236366e-16,0.931740614334471,0.931740614334471,0.5046336996336996,0.0103612673682682,0.5,0.5231684981684982,0.01,0.0223606797749978,0.0,0.05,0.9992673992673992,0.0016381450384613,0.9963369963369964,1.0,86.0,153.23185047502363,10.0,360.0,S3
two-layer,S3_train_I_internal_20_10_test_all,CDAN+C-DANN-UDA,Train 20 and validate 10 fixed Period I samples; test every current later-day sample.,cdan+c-dann,uda,source train + source validation labels,source validation labels,source train+source validation refit,0.5,0.5,existing run_cdan_hybrid_report.py,"0,1,2,3,4",0.8800000000000001,0.1120515754264774,0.7,1.0,0.9,0.0933763128553978,0.75,1.0,0.8756806021336914,0.1144290983819109,0.6937799043062202,1.0,0.7487179487179488,0.1295481720081026,0.5604395604395604,0.8974358974358975,0.754732510288066,0.1196570502697164,0.5820473251028807,0.8931327160493828,0.7409282332281749,0.1461710971305597,0.5158320771308335,0.8982870194137801,0.9317406143344712,1.2412670766236366e-16,0.931740614334471,0.931740614334471,0.5,0.0,0.5,0.5,0.0,0.0,0.0,0.0,1.0,0.0,1.0,1.0,68.0,118.61703081766969,10.0,280.0,S3
two-layer,S4_train_I_val_D1_2,C-DANN-UDA,Train Period I; validate target Day1-Day2; test every target sample from Day3 onward.,c-dann,uda,source labels only,fixed hyperparameters; target labels prohibited for UDA selection,source-only; no refit,0.2,0.2,existing class-conditional centroid alignment plus DANN domain loss,"0,1,2,3,4",1.0,0.0,1.0,1.0,1.0,0.0,1.0,1.0,1.0,0.0,1.0,1.0,0.8922448979591836,0.0110279641519235,0.8775510204081632,0.9061224489795918,0.889115429542317,0.0108059121547803,0.8747477965381757,0.9025698205373262,0.8933970498416007,0.0106370416881535,0.8800569800569801,0.9062233589087808,0.9009900990099012,1.2412670766236366e-16,0.900990099009901,0.900990099009901,0.5,0.0,0.5,0.5,0.0,0.0,0.0,0.0,1.0,0.0,1.0,1.0,400.0,0.0,400.0,400.0,S4
two-layer,S4_train_I_val_D1_2,C-DANN-SEMI,Train Period I; validate target Day1-Day2; test every target sample from Day3 onward.,c-dann,semi,source + labeled target,target validation labels,Source+Target refit,0.05,0.05,existing class-conditional centroid alignment plus DANN domain loss,"0,1,2,3,4",1.0,0.0,1.0,1.0,1.0,0.0,1.0,1.0,1.0,0.0,1.0,1.0,0.8783673469387756,0.0283372325840159,0.8326530612244898,0.9020408163265308,0.8793883402357437,0.0293074610026341,0.8321121376234469,0.9042157799723904,0.8794798466297615,0.0283688937693368,0.8332122787568332,0.9031201915124047,0.9023102310231024,0.0018076652062876,0.900990099009901,0.9042904290429042,0.5185347985347986,0.0251107517425768,0.5,0.5611721611721612,0.0399999999999999,0.0547722557505166,0.0,0.1333333333333333,0.9970695970695972,0.0047759724580239,0.989010989010989,1.0,130.0,72.11102550927978,60.0,240.0,S4
two-layer,S4_train_I_val_D1_2,CDAN-UDA,Train Period I; validate target Day1-Day2; test every target sample from Day3 onward.,cdan,uda,source labels only,fixed hyperparameters; target labels prohibited for UDA selection,source-only; no refit,0.2,0.0,"existing run_cdan_multi_splits.py official-style multilinear condition T(h,g)","0,1,2,3,4",1.0,0.0,1.0,1.0,1.0,0.0,1.0,1.0,1.0,0.0,1.0,1.0,0.763265306122449,0.0590780196984903,0.6979591836734694,0.8285714285714286,0.7664967611765956,0.0561909390708981,0.704205160879261,0.829616650738027,0.7675620591541701,0.0569010003886954,0.7078931098871785,0.83050266449405,0.9023102310231024,0.0050051983129053,0.8976897689768977,0.9108910891089108,0.5155677655677655,0.0233018574251083,0.4981684981684982,0.55,0.0333333333333333,0.0471404520791031,0.0,0.1,0.9978021978021978,0.0032762900769227,0.9926739926739928,1.0,400.0,0.0,400.0,400.0,S4
two-layer,S4_train_I_val_D1_2,CDAN-SEMI,Train Period I; validate target Day1-Day2; test every target sample from Day3 onward.,cdan,semi,source + labeled target,target validation labels,Source+Target refit,0.05,0.0,"existing run_cdan_multi_splits.py official-style multilinear condition T(h,g)","0,1,2,3,4",1.0,0.0,1.0,1.0,1.0,0.0,1.0,1.0,1.0,0.0,1.0,1.0,0.8677551020408163,0.007414653928402,0.8571428571428571,0.8775510204081632,0.8708293511734098,0.0070097477510668,0.8608898800042476,0.8802697249654878,0.866569025679541,0.0088173222244727,0.8534000721500722,0.8773208998545439,0.9049504950495052,0.005422995618863,0.900990099009901,0.9108910891089108,0.5407692307692308,0.0160774150586091,0.5296703296703297,0.5648351648351648,0.0866666666666666,0.0298142396999971,0.0666666666666666,0.1333333333333333,0.9948717948717948,0.0032762900769227,0.9926739926739928,1.0,320.0,68.92024376045111,220.0,390.0,S4
two-layer,S4_train_I_val_D1_2,CDAN+C-DANN-UDA,Train Period I; validate target Day1-Day2; test every target sample from Day3 onward.,cdan+c-dann,uda,source labels only,fixed hyperparameters; target labels prohibited for UDA selection,source-only; no refit,0.2,0.2,existing run_cdan_hybrid_report.py,"0,1,2,3,4",1.0,0.0,1.0,1.0,1.0,0.0,1.0,1.0,1.0,0.0,1.0,1.0,0.8873469387755101,0.0110279641519234,0.8734693877551021,0.8979591836734694,0.8837740256982054,0.0111684895301573,0.8694913454390996,0.894127641499416,0.8883787686663374,0.0108679955918759,0.8756537407331058,0.8990077422589234,0.9009900990099012,1.2412670766236366e-16,0.900990099009901,0.900990099009901,0.5,0.0,0.5,0.5,0.0,0.0,0.0,0.0,1.0,0.0,1.0,1.0,400.0,0.0,400.0,400.0,S4
two-layer,S4_train_I_val_D1_2,CDAN+C-DANN-SEMI,Train Period I; validate target Day1-Day2; test every target sample from Day3 onward.,cdan+c-dann,semi,source + labeled target,target validation labels,Source+Target refit,0.5,0.5,existing run_cdan_hybrid_report.py,"0,1,2,3,4",1.0,0.0,1.0,1.0,1.0,0.0,1.0,1.0,1.0,0.0,1.0,1.0,0.9020408163265308,0.0378515040632477,0.8693877551020408,0.9428571428571428,0.9018689603907828,0.0365929349967346,0.8690665817139216,0.9422852288414568,0.903029821739488,0.0376854718338709,0.8691756750828481,0.9436594894327408,0.9003300330033003,0.0014759524603959,0.8976897689768977,0.900990099009901,0.4996336996336996,0.0008190725192306,0.4981684981684982,0.5,0.0,0.0,0.0,0.0,0.9992673992673992,0.0016381450384613,0.9963369963369964,1.0,158.0,159.59323293924464,40.0,370.0,S4
two-layer,S5_train_I_D1_val_D2_3,C-DANN-UDA,Train Period I plus labeled target Day1; validate Day2-Day3; test Day4 onward.,c-dann,uda,source labels only,fixed hyperparameters; target labels prohibited for UDA selection,source-only; no refit,0.2,0.2,existing class-conditional centroid alignment plus DANN domain loss,"0,1,2,3,4",1.0,0.0,1.0,1.0,1.0,0.0,1.0,1.0,1.0,0.0,1.0,1.0,0.89004329004329,0.0116963256156764,0.8744588744588745,0.9047619047619048,0.8873143675076042,0.0114646155729893,0.8720701377706209,0.9015924136697084,0.8914680208751857,0.0112934960123928,0.8772614734299516,0.9051125076548522,0.9009900990099012,1.2412670766236366e-16,0.900990099009901,0.900990099009901,0.5,0.0,0.5,0.5,0.0,0.0,0.0,0.0,1.0,0.0,1.0,1.0,400.0,0.0,400.0,400.0,S5
two-layer,S5_train_I_D1_val_D2_3,C-DANN-SEMI,Train Period I plus labeled target Day1; validate Day2-Day3; test Day4 onward.,c-dann,semi,source + labeled target,target validation labels,Source+Target refit,0.05,0.2,existing class-conditional centroid alignment plus DANN domain loss,"0,1,2,3,4",0.9888888888888888,0.0248451997499976,0.9444444444444444,1.0,0.9901234567901234,0.0220846219999979,0.9506172839506172,1.0,0.9884810904418748,0.0257570647986401,0.9424054522093738,1.0,0.8952380952380953,0.0093850577440167,0.8831168831168831,0.9090909090909092,0.8951154052603327,0.0091700378325028,0.8824476650563606,0.9078547146179996,0.8976656881487157,0.0095207249660578,0.8856251341326797,0.9113864259619678,0.9009900990099012,1.2412670766236366e-16,0.900990099009901,0.900990099009901,0.5,0.0,0.5,0.5,0.0,0.0,0.0,0.0,1.0,0.0,1.0,1.0,194.0,104.3072384832424,20.0,280.0,S5
two-layer,S5_train_I_D1_val_D2_3,CDAN-UDA,Train Period I plus labeled target Day1; validate Day2-Day3; test Day4 onward.,cdan,uda,source labels only,fixed hyperparameters; target labels prohibited for UDA selection,source-only; no refit,0.2,0.0,"existing run_cdan_multi_splits.py official-style multilinear condition T(h,g)","0,1,2,3,4",1.0,0.0,1.0,1.0,1.0,0.0,1.0,1.0,1.0,0.0,1.0,1.0,0.7575757575757576,0.0590397476059994,0.6926406926406926,0.8225108225108225,0.7612453032742887,0.0562617312315004,0.6992306315977813,0.8241188047951332,0.761790494036008,0.0567805226352184,0.7028681473806225,0.8242480716467361,0.9023102310231024,0.0050051983129053,0.8976897689768977,0.9108910891089108,0.5155677655677655,0.0233018574251083,0.4981684981684982,0.55,0.0333333333333333,0.0471404520791031,0.0,0.1,0.9978021978021978,0.0032762900769227,0.9926739926739928,1.0,400.0,0.0,400.0,400.0,S5
two-layer,S5_train_I_D1_val_D2_3,CDAN-SEMI,Train Period I plus labeled target Day1; validate Day2-Day3; test Day4 onward.,cdan,semi,source + labeled target,target validation labels,Source+Target refit,0.2,0.0,"existing run_cdan_multi_splits.py official-style multilinear condition T(h,g)","0,1,2,3,4",1.0,0.0,1.0,1.0,1.0,0.0,1.0,1.0,1.0,0.0,1.0,1.0,0.8597402597402597,0.0157875173409614,0.8398268398268398,0.8787878787878788,0.8600823045267489,0.0159075425026021,0.8405797101449276,0.8783324387189121,0.8607783860816252,0.0164618932266858,0.8407565305015116,0.8816218430478622,0.9003300330033003,0.0036153304125753,0.8943894389438944,0.9042904290429042,0.5144688644688644,0.0140334159373557,0.5,0.5296703296703297,0.0333333333333333,0.0333333333333333,0.0,0.0666666666666666,0.9956043956043956,0.0065525801538455,0.9853479853479854,1.0,146.0,143.28293687665675,30.0,380.0,S5
two-layer,S5_train_I_D1_val_D2_3,CDAN+C-DANN-UDA,Train Period I plus labeled target Day1; validate Day2-Day3; test Day4 onward.,cdan+c-dann,uda,source labels only,fixed hyperparameters; target labels prohibited for UDA selection,source-only; no refit,0.2,0.2,existing run_cdan_hybrid_report.py,"0,1,2,3,4",1.0,0.0,1.0,1.0,1.0,0.0,1.0,1.0,1.0,0.0,1.0,1.0,0.8848484848484848,0.0116963256156764,0.8701298701298701,0.8961038961038961,0.8816604043657182,0.0118404508388417,0.8665235283592772,0.8926462694578636,0.886167073393296,0.0115187640587001,0.8726600284495021,0.8974522005772005,0.9009900990099012,1.2412670766236366e-16,0.900990099009901,0.900990099009901,0.5,0.0,0.5,0.5,0.0,0.0,0.0,0.0,1.0,0.0,1.0,1.0,400.0,0.0,400.0,400.0,S5
two-layer,S5_train_I_D1_val_D2_3,CDAN+C-DANN-SEMI,Train Period I plus labeled target Day1; validate Day2-Day3; test Day4 onward.,cdan+c-dann,semi,source + labeled target,target validation labels,Source+Target refit,0.5,0.5,existing run_cdan_hybrid_report.py,"0,1,2,3,4",1.0,0.0,1.0,1.0,1.0,0.0,1.0,1.0,1.0,0.0,1.0,1.0,0.917748917748918,0.0149961108880422,0.8917748917748918,0.9264069264069263,0.9182322419037394,0.0134323309208255,0.8949722669529433,0.9264626945786366,0.9184995956413669,0.0156275232232448,0.8913431396190017,0.928211032827996,0.9009900990099012,1.2412670766236366e-16,0.900990099009901,0.900990099009901,0.5,0.0,0.5,0.5,0.0,0.0,0.0,0.0,1.0,0.0,1.0,1.0,128.0,50.69516742254631,70.0,180.0,S5
two-layer,S6_train_I_D1_2_val_D3_5,C-DANN-UDA,Train Period I plus labeled target Day1-Day2; validate Day3-Day5; test Day6 onward.,c-dann,uda,source labels only,fixed hyperparameters; target labels prohibited for UDA selection,source-only; no refit,0.2,0.2,existing class-conditional centroid alignment plus DANN domain loss,"0,1,2,3,4",1.0,0.0,1.0,1.0,1.0,0.0,1.0,1.0,1.0,0.0,1.0,1.0,0.8917073170731709,0.009383114176425,0.8780487804878049,0.902439024390244,0.8889783143304271,0.0093111847883015,0.8754750726581713,0.8995454206721812,0.8926740608621031,0.0090359630135168,0.8800843685901157,0.9025210084033614,0.9009900990099012,1.2412670766236366e-16,0.900990099009901,0.900990099009901,0.5,0.0,0.5,0.5,0.0,0.0,0.0,0.0,1.0,0.0,1.0,1.0,400.0,0.0,400.0,400.0,S6
two-layer,S6_train_I_D1_2_val_D3_5,C-DANN-SEMI,Train Period I plus labeled target Day1-Day2; validate Day3-Day5; test Day6 onward.,c-dann,semi,source + labeled target,target validation labels,Source+Target refit,0.5,0.5,existing class-conditional centroid alignment plus DANN domain loss,"0,1,2,3,4",1.0,0.0,1.0,1.0,1.0,0.0,1.0,1.0,1.0,0.0,1.0,1.0,0.9453658536585364,0.0040812684221174,0.9414634146341464,0.951219512195122,0.9433638870258588,0.003994711757713,0.938892614948953,0.9488784559207094,0.9449155272787176,0.0040577821620521,0.9404636748316348,0.9504761904761904,0.9009900990099012,1.2412670766236366e-16,0.900990099009901,0.900990099009901,0.5,0.0,0.5,0.5,0.0,0.0,0.0,0.0,1.0,0.0,1.0,1.0,196.0,113.71015785759865,100.0,380.0,S6
two-layer,S6_train_I_D1_2_val_D3_5,CDAN-UDA,Train Period I plus labeled target Day1-Day2; validate Day3-Day5; test Day6 onward.,cdan,uda,source labels only,fixed hyperparameters; target labels prohibited for UDA selection,source-only; no refit,0.2,0.0,"existing run_cdan_multi_splits.py official-style multilinear condition T(h,g)","0,1,2,3,4",1.0,0.0,1.0,1.0,1.0,0.0,1.0,1.0,1.0,0.0,1.0,1.0,0.7521951219512195,0.0663844910681131,0.6829268292682927,0.8195121951219512,0.7547060138609434,0.0639580700909919,0.6876816454281243,0.8203293837096653,0.7554020143789317,0.0652791745630965,0.6816241169610934,0.8206505349127603,0.9023102310231024,0.0050051983129053,0.8976897689768977,0.9108910891089108,0.5155677655677655,0.0233018574251083,0.4981684981684982,0.55,0.0333333333333333,0.0471404520791031,0.0,0.1,0.9978021978021978,0.0032762900769227,0.9926739926739928,1.0,400.0,0.0,400.0,400.0,S6
two-layer,S6_train_I_D1_2_val_D3_5,CDAN-SEMI,Train Period I plus labeled target Day1-Day2; validate Day3-Day5; test Day6 onward.,cdan,semi,source + labeled target,target validation labels,Source+Target refit,0.05,0.0,"existing run_cdan_multi_splits.py official-style multilinear condition T(h,g)","0,1,2,3,4",1.0,0.0,1.0,1.0,1.0,0.0,1.0,1.0,1.0,0.0,1.0,1.0,0.9297560975609755,0.0106872694147349,0.9170731707317074,0.946341463414634,0.9272673075489976,0.0115149122359154,0.914226097324689,0.9453759594604664,0.9294907301903176,0.0105863438480005,0.9176217437820812,0.94619494534634,0.9016501650165016,0.0014759524603958,0.900990099009901,0.9042904290429042,0.5063003663003662,0.0140880473307679,0.5,0.5315018315018315,0.0133333333333333,0.0298142396999971,0.0,0.0666666666666666,0.9992673992673992,0.0016381450384613,0.9963369963369964,1.0,364.0,24.08318915758459,330.0,390.0,S6
two-layer,S6_train_I_D1_2_val_D3_5,CDAN+C-DANN-UDA,Train Period I plus labeled target Day1-Day2; validate Day3-Day5; test Day6 onward.,cdan+c-dann,uda,source labels only,fixed hyperparameters; target labels prohibited for UDA selection,source-only; no refit,0.2,0.2,existing run_cdan_hybrid_report.py,"0,1,2,3,4",1.0,0.0,1.0,1.0,1.0,0.0,1.0,1.0,1.0,0.0,1.0,1.0,0.8839024390243904,0.0121462435102329,0.8682926829268293,0.8926829268292683,0.8808704076309709,0.0123155839470334,0.8648930620761606,0.8901557493106789,0.885080045333226,0.0120126614401462,0.8703252303000109,0.8940362840967575,0.9009900990099012,1.2412670766236366e-16,0.900990099009901,0.900990099009901,0.5,0.0,0.5,0.5,0.0,0.0,0.0,0.0,1.0,0.0,1.0,1.0,400.0,0.0,400.0,400.0,S6
two-layer,S6_train_I_D1_2_val_D3_5,CDAN+C-DANN-SEMI,Train Period I plus labeled target Day1-Day2; validate Day3-Day5; test Day6 onward.,cdan+c-dann,semi,source + labeled target,target validation labels,Source+Target refit,0.5,0.05,existing run_cdan_hybrid_report.py,"0,1,2,3,4",1.0,0.0,1.0,1.0,1.0,0.0,1.0,1.0,1.0,0.0,1.0,1.0,0.9326829268292685,0.0063601974684903,0.9219512195121952,0.9365853658536586,0.9305611446456517,0.0058115548860998,0.9213056114464564,0.934793948878456,0.9324019085010754,0.0058627423109536,0.922685779489374,0.9365355876051064,0.9009900990099012,1.2412670766236366e-16,0.900990099009901,0.900990099009901,0.5,0.0,0.5,0.5,0.0,0.0,0.0,0.0,1.0,0.0,1.0,1.0,254.0,100.39920318408906,120.0,360.0,S6
two-layer,S7_train_I_D1_3_val_D4_5,C-DANN-UDA,Train Period I plus labeled target Day1-Day3; validate Day4-Day5; test Day6 onward.,c-dann,uda,source labels only,fixed hyperparameters; target labels prohibited for UDA selection,source-only; no refit,0.2,0.2,existing class-conditional centroid alignment plus DANN domain loss,"0,1,2,3,4",1.0,0.0,1.0,1.0,1.0,0.0,1.0,1.0,1.0,0.0,1.0,1.0,0.8917073170731709,0.009383114176425,0.8780487804878049,0.902439024390244,0.8889783143304271,0.0093111847883015,0.8754750726581713,0.8995454206721812,0.8926740608621031,0.0090359630135168,0.8800843685901157,0.9025210084033614,0.9009900990099012,1.2412670766236366e-16,0.900990099009901,0.900990099009901,0.5,0.0,0.5,0.5,0.0,0.0,0.0,0.0,1.0,0.0,1.0,1.0,400.0,0.0,400.0,400.0,S7
two-layer,S7_train_I_D1_3_val_D4_5,C-DANN-SEMI,Train Period I plus labeled target Day1-Day3; validate Day4-Day5; test Day6 onward.,c-dann,semi,source + labeled target,target validation labels,Source+Target refit,0.2,0.5,existing class-conditional centroid alignment plus DANN domain loss,"0,1,2,3,4",1.0,0.0,1.0,1.0,1.0,0.0,1.0,1.0,1.0,0.0,1.0,1.0,0.9551219512195122,0.0170382918990955,0.9317073170731708,0.975609756097561,0.9541843654519712,0.0175901924681772,0.9306952828079588,0.97592965198599,0.9549667472357716,0.0172525094505934,0.9313522831951572,0.975914738868878,0.9009900990099012,1.2412670766236366e-16,0.900990099009901,0.900990099009901,0.5,0.0,0.5,0.5,0.0,0.0,0.0,0.0,1.0,0.0,1.0,1.0,276.0,152.41391012633986,30.0,400.0,S7
two-layer,S7_train_I_D1_3_val_D4_5,CDAN-UDA,Train Period I plus labeled target Day1-Day3; validate Day4-Day5; test Day6 onward.,cdan,uda,source labels only,fixed hyperparameters; target labels prohibited for UDA selection,source-only; no refit,0.2,0.0,"existing run_cdan_multi_splits.py official-style multilinear condition T(h,g)","0,1,2,3,4",1.0,0.0,1.0,1.0,1.0,0.0,1.0,1.0,1.0,0.0,1.0,1.0,0.7521951219512195,0.0663844910681131,0.6829268292682927,0.8195121951219512,0.7547060138609434,0.0639580700909919,0.6876816454281243,0.8203293837096653,0.7554020143789317,0.0652791745630965,0.6816241169610934,0.8206505349127603,0.9023102310231024,0.0050051983129053,0.8976897689768977,0.9108910891089108,0.5155677655677655,0.0233018574251083,0.4981684981684982,0.55,0.0333333333333333,0.0471404520791031,0.0,0.1,0.9978021978021978,0.0032762900769227,0.9926739926739928,1.0,400.0,0.0,400.0,400.0,S7
two-layer,S7_train_I_D1_3_val_D4_5,CDAN-SEMI,Train Period I plus labeled target Day1-Day3; validate Day4-Day5; test Day6 onward.,cdan,semi,source + labeled target,target validation labels,Source+Target refit,0.5,0.0,"existing run_cdan_multi_splits.py official-style multilinear condition T(h,g)","0,1,2,3,4",0.9877551020408164,0.0182536161428554,0.9591836734693876,1.0,0.9891891891891892,0.0161158052432417,0.963963963963964,1.0,0.9869609861038432,0.0197958897561005,0.9553113553113552,1.0,0.9209756097560976,0.0151925965877048,0.8975609756097561,0.9365853658536586,0.9192935390118488,0.0148367388635898,0.8966390938221925,0.9330054400476936,0.9204732370430964,0.0143593744762895,0.897981970490045,0.9344920499519326,0.9029702970297032,0.0044278573811876,0.8976897689768977,0.9075907590759076,0.5307692307692309,0.0244335661476474,0.5,0.563003663003663,0.0666666666666666,0.0527046276694729,0.0,0.1333333333333333,0.9948717948717948,0.006129377483766,0.9853479853479854,1.0,212.0,181.30085493455343,20.0,400.0,S7
two-layer,S7_train_I_D1_3_val_D4_5,CDAN+C-DANN-UDA,Train Period I plus labeled target Day1-Day3; validate Day4-Day5; test Day6 onward.,cdan+c-dann,uda,source labels only,fixed hyperparameters; target labels prohibited for UDA selection,source-only; no refit,0.2,0.2,existing run_cdan_hybrid_report.py,"0,1,2,3,4",1.0,0.0,1.0,1.0,1.0,0.0,1.0,1.0,1.0,0.0,1.0,1.0,0.8839024390243904,0.0121462435102329,0.8682926829268293,0.8926829268292683,0.8808704076309709,0.0123155839470334,0.8648930620761606,0.8901557493106789,0.885080045333226,0.0120126614401462,0.8703252303000109,0.8940362840967575,0.9009900990099012,1.2412670766236366e-16,0.900990099009901,0.900990099009901,0.5,0.0,0.5,0.5,0.0,0.0,0.0,0.0,1.0,0.0,1.0,1.0,400.0,0.0,400.0,400.0,S7
two-layer,S7_train_I_D1_3_val_D4_5,CDAN+C-DANN-SEMI,Train Period I plus labeled target Day1-Day3; validate Day4-Day5; test Day6 onward.,cdan+c-dann,semi,source + labeled target,target validation labels,Source+Target refit,0.5,0.2,existing run_cdan_hybrid_report.py,"0,1,2,3,4",0.9959183673469388,0.0091268080714277,0.979591836734694,1.0,0.9963963963963964,0.0080579026216208,0.981981981981982,1.0,0.9959244119713788,0.0091132918802815,0.9796220598568935,1.0,0.9453658536585364,0.0139686059153915,0.9219512195121952,0.9560975609756096,0.9438408227140622,0.014086241820527,0.9201132722259484,0.9547656308219687,0.9449394990935334,0.0138346733461802,0.9217518433765576,0.9558287795992714,0.9009900990099012,1.2412670766236366e-16,0.900990099009901,0.900990099009901,0.5,0.0,0.5,0.5,0.0,0.0,0.0,0.0,1.0,0.0,1.0,1.0,196.0,111.93748255164576,20.0,320.0,S7
