time_s,label,arduino_time,s1,s2,s3,s4,s5,s6,r1,r2,r3,r4,r5,r6,voltage
0.0007152557373046875,baseline,6897566,33.0,261.0,190.0,205.0,42.0,15.0,25.0,2.0,2.0,10.0,30.0,2.0,255.0
0.0011436939239501953,baseline,6897820,33.0,261.0,190.0,207.0,42.0,15.0,25.0,2.0,2.0,10.0,30.0,2.0,255.0
0.0014216899871826172,baseline,6898073,33.0,261.0,190.0,206.0,42.0,15.0,25.0,2.0,2.0,10.0,30.0,2.0,255.0
0.0016894340515136719,baseline,6898327,33.0,261.0,191.0,207.0,42.0,15.0,25.0,2.0,2.0,10.0,30.0,2.0,255.0
0.0019342899322509766,baseline,6898580,33.0,261.0,190.0,206.0,42.0,15.0,25.0,2.0,2.0,10.0,30.0,2.0,255.0
0.0021736621856689453,baseline,6898834,33.0,262.0,190.0,207.0,42.0,15.0,25.0,2.0,2.0,10.0,30.0,2.0,255.0
0.002414226531982422,baseline,6899087,33.0,261.0,190.0,206.0,42.0,15.0,25.0,2.0,2.0,10.0,30.0,2.0,255.0
0.0030710697174072266,baseline,6899340,34.0,262.0,190.0,207.0,42.0,15.0,25.0,2.0,2.0,10.0,30.0,2.0,255.0
0.08777141571044922,baseline,6899594,33.0,261.0,191.0,206.0,42.0,15.0,25.0,2.0,2.0,10.0,30.0,2.0,255.0
0.34218621253967285,baseline,6899847,33.0,261.0,191.0,207.0,42.0,15.0,25.0,2.0,2.0,10.0,30.0,2.0,255.0
0.5958712100982666,baseline,6900101,33.0,261.0,190.0,206.0,42.0,15.0,25.0,2.0,2.0,10.0,30.0,2.0,255.0
0.8485622406005859,baseline,6900354,33.0,261.0,190.0,207.0,42.0,15.0,25.0,2.0,2.0,10.0,30.0,2.0,255.0
1.101367473602295,baseline,6900608,33.0,261.0,190.0,206.0,42.0,15.0,25.0,2.0,2.0,10.0,30.0,2.0,255.0
1.3551278114318848,baseline,6900860,33.0,261.0,190.0,207.0,42.0,15.0,25.0,2.0,2.0,10.0,30.0,2.0,255.0
1.6083629131317139,baseline,6901114,33.0,261.0,190.0,206.0,42.0,15.0,25.0,2.0,2.0,10.0,30.0,2.0,255.0
1.8652844429016113,baseline,6901367,33.0,262.0,191.0,207.0,42.0,15.0,25.0,2.0,2.0,10.0,30.0,2.0,255.0
2.115443468093872,baseline,6901620,33.0,261.0,190.0,206.0,42.0,15.0,25.0,2.0,2.0,10.0,30.0,2.0,255.0
2.3702428340911865,baseline,6901874,33.0,262.0,190.0,207.0,42.0,15.0,25.0,2.0,2.0,10.0,30.0,2.0,255.0
2.6220309734344482,baseline,6902127,33.0,261.0,190.0,206.0,42.0,15.0,25.0,2.0,2.0,10.0,30.0,2.0,255.0
2.8907759189605713,baseline,6902381,33.0,261.0,190.0,207.0,42.0,15.0,25.0,2.0,2.0,10.0,30.0,2.0,255.0
3.1326706409454346,baseline,6902634,33.0,261.0,190.0,206.0,42.0,15.0,25.0,2.0,2.0,10.0,30.0,2.0,255.0
3.3863556385040283,baseline,6902888,33.0,262.0,190.0,207.0,42.0,15.0,25.0,2.0,2.0,10.0,30.0,2.0,255.0
3.6357831954956055,baseline,6903141,33.0,261.0,190.0,206.0,42.0,15.0,25.0,2.0,2.0,10.0,30.0,2.0,255.0
3.890976905822754,baseline,6903395,33.0,262.0,190.0,207.0,42.0,15.0,25.0,2.0,2.0,10.0,30.0,2.0,255.0
4.169328451156616,baseline,6903648,33.0,261.0,190.0,206.0,42.0,15.0,25.0,2.0,2.0,10.0,30.0,2.0,255.0
4.4030773639678955,baseline,6903901,33.0,262.0,190.0,207.0,42.0,15.0,25.0,2.0,2.0,10.0,30.0,2.0,255.0
4.655570030212402,baseline,6904155,33.0,261.0,190.0,206.0,42.0,15.0,25.0,2.0,2.0,10.0,30.0,2.0,255.0
4.903847932815552,baseline,6904408,33.0,262.0,191.0,207.0,42.0,16.0,25.0,2.0,2.0,10.0,30.0,2.0,255.0
5.158452033996582,baseline,6904662,33.0,261.0,190.0,206.0,42.0,15.0,25.0,2.0,2.0,10.0,30.0,2.0,255.0
5.409673452377319,baseline,6904914,33.0,261.0,191.0,207.0,42.0,15.0,25.0,2.0,2.0,10.0,30.0,2.0,255.0
5.662856578826904,baseline,6905168,34.0,261.0,190.0,206.0,42.0,15.0,25.0,2.0,2.0,10.0,30.0,2.0,255.0
5.918012619018555,baseline,6905421,33.0,261.0,190.0,207.0,42.0,16.0,25.0,2.0,2.0,10.0,30.0,2.0,255.0
6.169743299484253,baseline,6905675,33.0,261.0,190.0,206.0,42.0,15.0,25.0,2.0,2.0,10.0,30.0,2.0,255.0
6.423606872558594,baseline,6905928,33.0,261.0,191.0,207.0,42.0,15.0,25.0,2.0,2.0,10.0,30.0,2.0,255.0
6.676867961883545,baseline,6906181,33.0,261.0,190.0,206.0,42.0,15.0,25.0,2.0,2.0,10.0,30.0,2.0,255.0
6.9296348094940186,baseline,6906435,33.0,262.0,190.0,207.0,42.0,16.0,25.0,2.0,2.0,10.0,30.0,2.0,255.0
7.1872336864471436,baseline,6906688,33.0,261.0,190.0,206.0,42.0,15.0,25.0,2.0,2.0,10.0,30.0,2.0,255.0
7.456169128417969,baseline,6906942,33.0,262.0,191.0,207.0,42.0,15.0,25.0,2.0,2.0,10.0,30.0,2.0,255.0
7.689960479736328,baseline,6907195,33.0,261.0,190.0,206.0,42.0,15.0,25.0,2.0,2.0,10.0,30.0,2.0,255.0
7.943052053451538,baseline,6907449,33.0,262.0,191.0,207.0,42.0,15.0,25.0,2.0,2.0,10.0,30.0,2.0,255.0
8.195947408676147,baseline,6907702,34.0,261.0,191.0,207.0,42.0,15.0,25.0,2.0,2.0,10.0,30.0,2.0,255.0
8.451780796051025,baseline,6907956,33.0,262.0,191.0,207.0,42.0,15.0,25.0,2.0,2.0,10.0,30.0,2.0,255.0
8.70662260055542,baseline,6908209,33.0,261.0,190.0,207.0,42.0,15.0,25.0,2.0,2.0,10.0,30.0,2.0,255.0
8.956613063812256,baseline,6908462,34.0,262.0,190.0,207.0,42.0,16.0,25.0,2.0,2.0,10.0,30.0,2.0,255.0
9.210562705993652,baseline,6908716,33.0,261.0,190.0,206.0,42.0,15.0,25.0,2.0,2.0,10.0,30.0,2.0,255.0
9.484666347503662,baseline,6908968,33.0,262.0,191.0,207.0,42.0,15.0,25.0,2.0,2.0,10.0,30.0,2.0,255.0
9.716866254806519,baseline,6909222,33.0,261.0,190.0,206.0,42.0,15.0,25.0,2.0,2.0,10.0,30.0,2.0,255.0
9.971491813659668,baseline,6909475,34.0,261.0,191.0,207.0,42.0,16.0,25.0,2.0,2.0,10.0,30.0,2.0,255.0
10.223809242248535,baseline,6909729,33.0,261.0,190.0,206.0,42.0,16.0,25.0,2.0,2.0,10.0,30.0,2.0,255.0
10.476993560791016,baseline,6909982,33.0,261.0,190.0,207.0,42.0,15.0,25.0,2.0,2.0,10.0,30.0,2.0,255.0
10.729683637619019,baseline,6910236,33.0,261.0,190.0,207.0,42.0,15.0,25.0,2.0,2.0,10.0,30.0,2.0,255.0
10.983944654464722,baseline,6910489,33.0,261.0,190.0,207.0,42.0,16.0,25.0,2.0,2.0,10.0,30.0,2.0,255.0
11.239138126373291,baseline,6910742,33.0,261.0,190.0,207.0,42.0,15.0,25.0,2.0,2.0,10.0,30.0,2.0,255.0
11.490755796432495,baseline,6910996,33.0,262.0,190.0,207.0,42.0,15.0,25.0,2.0,2.0,10.0,30.0,2.0,255.0
11.743773460388184,baseline,6911249,33.0,261.0,190.0,206.0,42.0,15.0,25.0,2.0,2.0,10.0,30.0,2.0,255.0
11.996642589569092,baseline,6911503,33.0,262.0,190.0,207.0,42.0,15.0,25.0,2.0,2.0,10.0,30.0,2.0,255.0
12.250979661941528,baseline,6911756,33.0,261.0,190.0,206.0,42.0,15.0,25.0,2.0,2.0,10.0,30.0,2.0,255.0
12.50541377067566,baseline,6912010,34.0,262.0,191.0,207.0,42.0,15.0,25.0,2.0,2.0,10.0,30.0,2.0,255.0
12.757946491241455,baseline,6912263,33.0,261.0,190.0,206.0,42.0,16.0,25.0,2.0,2.0,10.0,30.0,2.0,255.0
13.011269807815552,baseline,6912517,33.0,261.0,191.0,207.0,42.0,15.0,25.0,2.0,2.0,10.0,30.0,2.0,255.0
13.26388955116272,baseline,6912770,33.0,261.0,190.0,206.0,42.0,15.0,25.0,2.0,2.0,10.0,30.0,2.0,255.0
13.517799377441406,baseline,6913022,34.0,261.0,190.0,207.0,42.0,15.0,25.0,2.0,2.0,10.0,30.0,2.0,255.0
13.770717859268188,baseline,6913276,33.0,261.0,190.0,206.0,42.0,15.0,25.0,2.0,2.0,10.0,30.0,2.0,255.0
14.024719715118408,baseline,6913529,34.0,261.0,190.0,207.0,42.0,15.0,25.0,2.0,2.0,10.0,30.0,2.0,255.0
14.27794861793518,baseline,6913783,33.0,261.0,190.0,207.0,42.0,16.0,25.0,2.0,2.0,10.0,30.0,2.0,255.0
14.530673742294312,baseline,6914036,33.0,261.0,191.0,207.0,42.0,15.0,25.0,2.0,2.0,10.0,30.0,2.0,255.0
14.784017562866211,baseline,6914290,33.0,261.0,190.0,207.0,42.0,15.0,25.0,2.0,2.0,10.0,30.0,2.0,255.0
15.038004398345947,baseline,6914543,34.0,261.0,190.0,207.0,42.0,15.0,25.0,2.0,2.0,10.0,30.0,2.0,255.0
15.29182505607605,baseline,6914797,33.0,261.0,190.0,206.0,42.0,15.0,25.0,2.0,2.0,10.0,30.0,2.0,255.0
15.545583248138428,baseline,6915050,34.0,261.0,190.0,206.0,42.0,15.0,25.0,2.0,2.0,10.0,30.0,2.0,255.0
15.7978675365448,baseline,6915303,33.0,261.0,190.0,206.0,42.0,16.0,25.0,2.0,2.0,10.0,30.0,2.0,255.0
16.05105495452881,baseline,6915557,33.0,261.0,190.0,207.0,42.0,15.0,25.0,2.0,2.0,10.0,30.0,2.0,255.0
16.305007219314575,baseline,6915810,33.0,261.0,190.0,206.0,42.0,15.0,25.0,2.0,2.0,10.0,30.0,2.0,255.0
16.55906391143799,baseline,6916064,33.0,261.0,190.0,207.0,42.0,15.0,25.0,2.0,2.0,10.0,30.0,2.0,255.0
16.813801050186157,baseline,6916317,33.0,261.0,190.0,207.0,42.0,15.0,25.0,2.0,2.0,10.0,30.0,2.0,255.0
17.065030097961426,baseline,6916571,33.0,261.0,190.0,208.0,43.0,16.0,25.0,2.0,2.0,10.0,30.0,2.0,255.0
17.318058490753174,baseline,6916824,34.0,261.0,190.0,207.0,43.0,16.0,25.0,2.0,2.0,10.0,30.0,2.0,255.0
17.571978092193604,baseline,6917078,33.0,261.0,190.0,208.0,42.0,15.0,25.0,2.0,2.0,10.0,30.0,2.0,255.0
17.82486128807068,baseline,6917330,33.0,261.0,190.0,207.0,42.0,15.0,25.0,2.0,2.0,10.0,30.0,2.0,255.0
18.080060243606567,baseline,6917583,34.0,261.0,191.0,208.0,42.0,15.0,25.0,2.0,2.0,10.0,30.0,2.0,255.0
18.3338680267334,baseline,6917837,33.0,261.0,190.0,207.0,42.0,15.0,25.0,2.0,2.0,10.0,30.0,2.0,255.0
18.585071563720703,baseline,6918090,33.0,261.0,190.0,207.0,42.0,15.0,25.0,2.0,2.0,10.0,30.0,2.0,255.0
18.83902883529663,baseline,6918344,33.0,261.0,190.0,206.0,42.0,15.0,25.0,2.0,2.0,10.0,30.0,2.0,255.0
19.09753704071045,baseline,6918597,33.0,261.0,190.0,207.0,42.0,16.0,25.0,2.0,2.0,10.0,30.0,2.0,255.0
19.351145029067993,baseline,6918851,33.0,261.0,190.0,207.0,42.0,15.0,25.0,2.0,2.0,10.0,30.0,2.0,255.0
19.603047370910645,baseline,6919104,33.0,261.0,190.0,207.0,42.0,15.0,25.0,2.0,2.0,10.0,30.0,2.0,255.0
19.851887702941895,baseline,6919358,33.0,261.0,190.0,207.0,42.0,15.0,25.0,2.0,2.0,10.0,30.0,2.0,255.0
20.106026887893677,baseline,6919611,33.0,261.0,190.0,207.0,42.0,15.0,25.0,2.0,2.0,10.0,30.0,2.0,255.0
20.359519004821777,baseline,6919864,33.0,261.0,190.0,206.0,42.0,15.0,25.0,2.0,2.0,10.0,30.0,2.0,255.0
20.61398983001709,baseline,6920118,34.0,261.0,190.0,207.0,42.0,15.0,25.0,2.0,2.0,10.0,30.0,2.0,255.0
20.867384910583496,baseline,6920371,33.0,261.0,190.0,207.0,42.0,16.0,25.0,2.0,2.0,10.0,30.0,2.0,255.0
21.11893939971924,baseline,6920625,33.0,261.0,190.0,207.0,42.0,15.0,25.0,2.0,2.0,10.0,30.0,2.0,255.0
21.372899770736694,baseline,6920878,33.0,261.0,190.0,206.0,42.0,15.0,25.0,2.0,2.0,10.0,30.0,2.0,255.0
21.626468420028687,baseline,6921132,33.0,261.0,190.0,207.0,42.0,15.0,25.0,2.0,2.0,10.0,30.0,2.0,255.0
21.880181312561035,baseline,6921384,33.0,261.0,190.0,207.0,42.0,15.0,25.0,2.0,2.0,10.0,30.0,2.0,255.0
22.13427186012268,baseline,6921638,33.0,261.0,190.0,207.0,42.0,15.0,25.0,2.0,2.0,10.0,30.0,2.0,255.0
22.386186122894287,baseline,6921891,33.0,261.0,190.0,206.0,42.0,15.0,25.0,2.0,2.0,10.0,30.0,2.0,255.0
22.63940119743347,baseline,6922144,34.0,262.0,190.0,207.0,42.0,15.0,25.0,2.0,2.0,10.0,30.0,2.0,255.0
22.89275360107422,baseline,6922398,33.0,261.0,190.0,206.0,42.0,15.0,25.0,2.0,2.0,10.0,30.0,2.0,255.0
23.14614748954773,baseline,6922651,34.0,261.0,190.0,207.0,42.0,15.0,25.0,2.0,2.0,10.0,30.0,2.0,255.0
23.401336669921875,baseline,6922905,33.0,261.0,190.0,207.0,42.0,15.0,25.0,2.0,2.0,10.0,30.0,2.0,255.0
23.654417037963867,baseline,6923158,33.0,262.0,190.0,207.0,42.0,15.0,25.0,2.0,2.0,10.0,30.0,2.0,255.0
23.906152963638306,baseline,6923412,33.0,261.0,190.0,206.0,42.0,15.0,25.0,2.0,2.0,10.0,30.0,2.0,255.0
24.17990255355835,baseline,6923665,33.0,261.0,190.0,207.0,42.0,15.0,25.0,2.0,2.0,10.0,30.0,2.0,255.0
24.413893699645996,baseline,6923919,33.0,261.0,190.0,207.0,42.0,16.0,25.0,2.0,2.0,10.0,30.0,2.0,255.0
24.670637607574463,baseline,6924172,33.0,261.0,190.0,208.0,42.0,16.0,25.0,2.0,2.0,10.0,30.0,2.0,255.0
24.920510292053223,baseline,6924425,33.0,261.0,190.0,207.0,42.0,15.0,25.0,2.0,2.0,10.0,30.0,2.0,255.0
25.172815084457397,baseline,6924679,33.0,261.0,190.0,208.0,42.0,15.0,25.0,2.0,2.0,10.0,30.0,2.0,255.0
25.427018404006958,baseline,6924932,33.0,261.0,190.0,207.0,42.0,15.0,25.0,2.0,2.0,10.0,30.0,2.0,255.0
25.679946660995483,baseline,6925186,33.0,261.0,190.0,207.0,42.0,15.0,25.0,2.0,2.0,10.0,30.0,2.0,255.0
25.935023307800293,baseline,6925438,33.0,261.0,190.0,207.0,42.0,16.0,25.0,2.0,2.0,10.0,30.0,2.0,255.0
26.187896013259888,baseline,6925692,33.0,261.0,190.0,207.0,42.0,15.0,25.0,2.0,2.0,10.0,30.0,2.0,255.0
26.440144300460815,baseline,6925945,33.0,261.0,190.0,207.0,42.0,15.0,25.0,2.0,2.0,10.0,30.0,2.0,255.0
26.69402837753296,baseline,6926199,33.0,261.0,190.0,207.0,42.0,15.0,25.0,2.0,2.0,10.0,30.0,2.0,255.0
26.947526693344116,baseline,6926452,33.0,261.0,190.0,207.0,42.0,15.0,25.0,2.0,2.0,10.0,30.0,2.0,255.0
27.200595378875732,baseline,6926705,33.0,261.0,190.0,207.0,42.0,15.0,25.0,2.0,2.0,10.0,30.0,2.0,255.0
27.455451726913452,baseline,6926959,33.0,261.0,190.0,207.0,42.0,15.0,25.0,2.0,2.0,10.0,30.0,2.0,255.0
27.707851886749268,baseline,6927212,33.0,261.0,190.0,207.0,42.0,15.0,25.0,2.0,2.0,10.0,30.0,2.0,255.0
27.96090006828308,baseline,6927466,33.0,261.0,190.0,207.0,42.0,15.0,25.0,2.0,2.0,10.0,30.0,2.0,255.0
28.21375823020935,baseline,6927719,33.0,261.0,190.0,207.0,42.0,16.0,25.0,2.0,2.0,10.0,30.0,2.0,255.0
28.46746325492859,baseline,6927973,33.0,261.0,190.0,206.0,42.0,15.0,25.0,2.0,2.0,10.0,30.0,2.0,255.0
28.727038860321045,baseline,6928226,33.0,261.0,190.0,207.0,42.0,15.0,25.0,2.0,2.0,10.0,30.0,2.0,255.0
28.974825859069824,baseline,6928480,33.0,261.0,190.0,206.0,42.0,15.0,25.0,2.0,2.0,10.0,30.0,2.0,255.0
29.227982997894287,baseline,6928733,33.0,261.0,190.0,207.0,42.0,15.0,25.0,2.0,2.0,10.0,30.0,2.0,255.0
29.480885982513428,baseline,6928986,33.0,261.0,190.0,206.0,42.0,15.0,25.0,2.0,2.0,10.0,30.0,2.0,255.0
29.733967781066895,baseline,6929240,33.0,261.0,190.0,207.0,42.0,15.0,25.0,2.0,2.0,10.0,30.0,2.0,255.0
29.991612911224365,baseline,6929492,33.0,261.0,190.0,207.0,42.0,16.0,25.0,2.0,2.0,10.0,30.0,2.0,255.0
30.24480938911438,baseline,6929746,33.0,261.0,190.0,207.0,42.0,15.0,25.0,2.0,2.0,10.0,30.0,2.0,255.0
30.510355949401855,baseline,6929999,33.0,261.0,190.0,207.0,42.0,15.0,25.0,2.0,2.0,10.0,30.0,2.0,255.0
30.748037338256836,baseline,6930253,33.0,261.0,190.0,207.0,42.0,15.0,25.0,2.0,2.0,10.0,30.0,2.0,255.0
31.000909328460693,baseline,6930506,33.0,261.0,190.0,206.0,42.0,15.0,25.0,2.0,2.0,10.0,30.0,2.0,255.0
31.255199670791626,baseline,6930760,33.0,261.0,190.0,207.0,42.0,15.0,25.0,2.0,2.0,10.0,30.0,2.0,255.0
31.51007604598999,baseline,6931013,33.0,261.0,190.0,206.0,42.0,15.0,25.0,2.0,2.0,10.0,30.0,2.0,255.0
31.762736082077026,baseline,6931266,33.0,261.0,190.0,207.0,42.0,15.0,25.0,2.0,2.0,10.0,30.0,2.0,255.0
32.015015602111816,baseline,6931520,33.0,261.0,190.0,206.0,42.0,15.0,25.0,2.0,2.0,10.0,30.0,2.0,255.0
32.268168687820435,baseline,6931773,33.0,261.0,190.0,207.0,42.0,15.0,25.0,2.0,2.0,10.0,30.0,2.0,255.0
32.523070335388184,baseline,6932027,33.0,261.0,190.0,206.0,42.0,15.0,25.0,2.0,2.0,10.0,30.0,2.0,255.0
32.77715086936951,baseline,6932280,33.0,261.0,190.0,207.0,42.0,15.0,25.0,2.0,2.0,10.0,30.0,2.0,255.0
33.02874827384949,baseline,6932534,33.0,261.0,190.0,206.0,42.0,16.0,25.0,2.0,2.0,10.0,30.0,2.0,255.0
33.282190799713135,baseline,6932787,33.0,261.0,190.0,207.0,42.0,15.0,25.0,2.0,2.0,10.0,30.0,2.0,255.0
33.53477430343628,baseline,6933041,33.0,261.0,190.0,206.0,42.0,15.0,25.0,2.0,2.0,10.0,30.0,2.0,255.0
33.790016174316406,baseline,6933294,33.0,261.0,190.0,207.0,42.0,15.0,25.0,2.0,2.0,10.0,30.0,2.0,255.0
34.04414916038513,baseline,6933547,33.0,261.0,190.0,206.0,42.0,15.0,25.0,2.0,2.0,10.0,30.0,2.0,255.0
34.29779815673828,baseline,6933800,33.0,261.0,190.0,207.0,42.0,15.0,25.0,2.0,2.0,10.0,30.0,2.0,255.0
34.55051851272583,baseline,6934053,33.0,261.0,190.0,206.0,42.0,16.0,25.0,2.0,2.0,10.0,30.0,2.0,255.0
34.802690267562866,baseline,6934307,33.0,261.0,190.0,207.0,42.0,16.0,25.0,2.0,2.0,10.0,30.0,2.0,255.0
35.05820918083191,baseline,6934560,33.0,261.0,190.0,206.0,42.0,15.0,25.0,2.0,2.0,10.0,30.0,2.0,255.0
35.30911993980408,baseline,6934814,33.0,261.0,190.0,207.0,42.0,15.0,25.0,2.0,2.0,10.0,30.0,2.0,255.0
35.56330394744873,baseline,6935067,33.0,261.0,190.0,206.0,42.0,15.0,25.0,2.0,2.0,10.0,30.0,2.0,255.0
35.81722640991211,baseline,6935321,33.0,261.0,190.0,207.0,42.0,16.0,25.0,2.0,2.0,10.0,30.0,2.0,255.0
36.070303440093994,baseline,6935574,33.0,261.0,190.0,206.0,42.0,15.0,25.0,2.0,2.0,10.0,30.0,2.0,255.0
36.3223397731781,baseline,6935827,33.0,261.0,190.0,207.0,42.0,15.0,25.0,2.0,2.0,10.0,30.0,2.0,255.0
36.57683491706848,baseline,6936081,33.0,261.0,190.0,206.0,42.0,16.0,25.0,2.0,2.0,10.0,30.0,2.0,255.0
36.83425807952881,baseline,6936334,33.0,261.0,190.0,207.0,42.0,15.0,25.0,2.0,2.0,10.0,30.0,2.0,255.0
37.084588289260864,baseline,6936588,33.0,261.0,190.0,206.0,42.0,15.0,25.0,2.0,2.0,10.0,30.0,2.0,255.0
37.336196422576904,baseline,6936841,33.0,261.0,190.0,207.0,42.0,15.0,25.0,2.0,2.0,10.0,30.0,2.0,255.0
37.589031457901,baseline,6937095,33.0,261.0,190.0,206.0,42.0,15.0,25.0,2.0,2.0,10.0,30.0,2.0,255.0
37.84339714050293,baseline,6937348,33.0,261.0,190.0,207.0,42.0,15.0,25.0,2.0,2.0,10.0,30.0,2.0,255.0
38.09737277030945,baseline,6937602,33.0,261.0,190.0,207.0,42.0,15.0,25.0,2.0,2.0,10.0,30.0,2.0,255.0
38.352450132369995,baseline,6937854,33.0,261.0,190.0,207.0,43.0,16.0,25.0,2.0,2.0,10.0,30.0,2.0,255.0
38.60361385345459,baseline,6938107,33.0,261.0,190.0,207.0,42.0,15.0,25.0,2.0,2.0,10.0,30.0,2.0,255.0
38.85675001144409,baseline,6938361,33.0,261.0,190.0,207.0,42.0,15.0,25.0,2.0,2.0,10.0,30.0,2.0,255.0
39.110068798065186,baseline,6938614,33.0,261.0,190.0,206.0,42.0,15.0,25.0,2.0,2.0,10.0,30.0,2.0,255.0
39.3674430847168,baseline,6938868,33.0,261.0,190.0,207.0,42.0,15.0,25.0,2.0,2.0,10.0,30.0,2.0,255.0
39.6178994178772,baseline,6939121,33.0,261.0,190.0,207.0,42.0,16.0,25.0,2.0,2.0,10.0,30.0,2.0,255.0
39.87266254425049,baseline,6939375,33.0,261.0,190.0,207.0,43.0,16.0,25.0,2.0,2.0,10.0,30.0,2.0,255.0
40.124152183532715,baseline,6939628,33.0,261.0,190.0,206.0,42.0,15.0,25.0,2.0,2.0,10.0,30.0,2.0,255.0
40.37725567817688,baseline,6939882,33.0,261.0,190.0,207.0,43.0,15.0,25.0,2.0,2.0,10.0,30.0,2.0,255.0
40.63166093826294,baseline,6940135,33.0,261.0,190.0,207.0,42.0,15.0,25.0,2.0,2.0,10.0,30.0,2.0,255.0
40.88734817504883,baseline,6940388,33.0,261.0,190.0,208.0,42.0,15.0,25.0,2.0,2.0,10.0,30.0,2.0,255.0
41.140106439590454,baseline,6940642,33.0,261.0,190.0,207.0,42.0,15.0,25.0,2.0,2.0,10.0,30.0,2.0,255.0
41.390053272247314,baseline,6940895,33.0,261.0,190.0,208.0,42.0,16.0,25.0,2.0,2.0,10.0,30.0,2.0,255.0
41.64757490158081,baseline,6941149,33.0,261.0,190.0,207.0,42.0,15.0,25.0,2.0,2.0,10.0,30.0,2.0,255.0
41.897818088531494,baseline,6941402,33.0,261.0,190.0,208.0,42.0,15.0,25.0,2.0,2.0,10.0,30.0,2.0,255.0
42.15142011642456,baseline,6941656,33.0,261.0,190.0,207.0,43.0,15.0,25.0,2.0,2.0,10.0,30.0,2.0,255.0
42.40622115135193,baseline,6941908,34.0,261.0,190.0,208.0,42.0,15.0,25.0,2.0,2.0,10.0,30.0,2.0,255.0
42.657108545303345,baseline,6942162,34.0,261.0,190.0,207.0,42.0,15.0,25.0,2.0,2.0,10.0,30.0,2.0,255.0
42.910980224609375,baseline,6942415,33.0,261.0,190.0,207.0,42.0,15.0,25.0,2.0,2.0,10.0,30.0,2.0,255.0
43.16569256782532,baseline,6942668,33.0,261.0,190.0,207.0,42.0,15.0,25.0,2.0,2.0,10.0,30.0,2.0,255.0
43.417202949523926,baseline,6942922,33.0,261.0,190.0,208.0,43.0,16.0,25.0,2.0,2.0,10.0,30.0,2.0,255.0
43.692065477371216,baseline,6943175,33.0,261.0,190.0,207.0,42.0,15.0,25.0,2.0,2.0,10.0,30.0,2.0,255.0
43.924599409103394,baseline,6943429,33.0,261.0,190.0,208.0,43.0,16.0,25.0,2.0,2.0,10.0,30.0,2.0,255.0
44.177563428878784,baseline,6943682,33.0,261.0,190.0,207.0,42.0,15.0,25.0,2.0,2.0,10.0,30.0,2.0,255.0
44.43219828605652,baseline,6943936,33.0,261.0,190.0,207.0,43.0,16.0,25.0,2.0,2.0,10.0,30.0,2.0,255.0
44.68519473075867,baseline,6944189,33.0,261.0,190.0,207.0,42.0,15.0,25.0,2.0,2.0,10.0,30.0,2.0,255.0
44.93950009346008,baseline,6944443,33.0,261.0,190.0,208.0,43.0,15.0,25.0,2.0,2.0,10.0,30.0,2.0,255.0
45.19144678115845,baseline,6944696,33.0,261.0,190.0,207.0,42.0,15.0,25.0,2.0,2.0,10.0,30.0,2.0,255.0
45.4445595741272,baseline,6944949,33.0,261.0,190.0,208.0,42.0,15.0,25.0,2.0,2.0,10.0,30.0,2.0,255.0
45.69918966293335,baseline,6945203,33.0,261.0,190.0,207.0,42.0,15.0,25.0,2.0,2.0,10.0,30.0,2.0,255.0
45.95209002494812,baseline,6945456,33.0,261.0,190.0,207.0,42.0,15.0,25.0,2.0,2.0,10.0,30.0,2.0,255.0
46.20579528808594,baseline,6945710,33.0,261.0,190.0,206.0,42.0,15.0,25.0,2.0,2.0,10.0,30.0,2.0,255.0
46.4601993560791,baseline,6945963,33.0,261.0,190.0,207.0,43.0,15.0,25.0,2.0,2.0,10.0,30.0,2.0,255.0
46.71144700050354,baseline,6946216,33.0,261.0,190.0,207.0,42.0,15.0,25.0,2.0,2.0,10.0,30.0,2.0,255.0
46.96552753448486,baseline,6946469,33.0,261.0,190.0,208.0,42.0,15.0,25.0,2.0,2.0,10.0,30.0,2.0,255.0
47.23803091049194,baseline,6946723,33.0,261.0,190.0,207.0,42.0,15.0,25.0,2.0,2.0,10.0,30.0,2.0,255.0
47.473082304000854,baseline,6946976,33.0,261.0,190.0,208.0,42.0,15.0,25.0,2.0,2.0,10.0,30.0,2.0,255.0
47.72596883773804,baseline,6947229,33.0,261.0,190.0,207.0,42.0,15.0,25.0,2.0,2.0,10.0,30.0,2.0,255.0
47.979387044906616,baseline,6947483,33.0,261.0,190.0,208.0,42.0,15.0,25.0,2.0,2.0,10.0,30.0,2.0,255.0
48.23212909698486,baseline,6947736,33.0,261.0,190.0,207.0,42.0,15.0,25.0,2.0,2.0,10.0,30.0,2.0,255.0
48.48521971702576,baseline,6947990,34.0,261.0,190.0,208.0,43.0,15.0,25.0,2.0,2.0,10.0,30.0,2.0,255.0
48.7407169342041,baseline,6948243,33.0,261.0,190.0,207.0,42.0,15.0,25.0,2.0,2.0,10.0,30.0,2.0,255.0
48.99354410171509,baseline,6948497,33.0,261.0,190.0,208.0,42.0,15.0,25.0,2.0,2.0,10.0,30.0,2.0,255.0
49.246527433395386,baseline,6948750,33.0,261.0,190.0,207.0,42.0,16.0,25.0,2.0,2.0,10.0,30.0,2.0,255.0
49.498947858810425,baseline,6949004,33.0,261.0,190.0,208.0,42.0,15.0,25.0,2.0,2.0,10.0,30.0,2.0,255.0
49.75218439102173,baseline,6949257,33.0,261.0,190.0,207.0,42.0,15.0,25.0,2.0,2.0,10.0,30.0,2.0,255.0
50.004903078079224,baseline,6949510,33.0,261.0,190.0,208.0,42.0,15.0,25.0,2.0,2.0,10.0,30.0,2.0,255.0
50.25993466377258,baseline,6949764,33.0,261.0,190.0,207.0,42.0,15.0,25.0,2.0,2.0,10.0,30.0,2.0,255.0
50.51279926300049,baseline,6950017,33.0,261.0,190.0,207.0,42.0,15.0,25.0,2.0,2.0,10.0,30.0,2.0,255.0
50.76600742340088,baseline,6950270,33.0,261.0,190.0,207.0,42.0,16.0,25.0,2.0,2.0,10.0,30.0,2.0,255.0
51.01952362060547,baseline,6950523,33.0,261.0,190.0,208.0,42.0,15.0,25.0,2.0,2.0,10.0,30.0,2.0,255.0
51.27213478088379,baseline,6950777,33.0,261.0,190.0,207.0,42.0,15.0,25.0,2.0,2.0,10.0,30.0,2.0,255.0
51.526503801345825,baseline,6951030,33.0,261.0,190.0,208.0,43.0,15.0,25.0,2.0,2.0,10.0,30.0,2.0,255.0
51.78511452674866,baseline,6951284,33.0,261.0,190.0,207.0,42.0,15.0,25.0,2.0,2.0,10.0,30.0,2.0,255.0
52.03347659111023,baseline,6951537,33.0,261.0,190.0,208.0,43.0,15.0,25.0,2.0,2.0,10.0,30.0,2.0,255.0
52.287158250808716,baseline,6951791,33.0,261.0,190.0,207.0,42.0,15.0,25.0,2.0,2.0,10.0,30.0,2.0,255.0
52.54020071029663,baseline,6952044,33.0,261.0,190.0,208.0,42.0,15.0,25.0,2.0,2.0,10.0,30.0,2.0,255.0
52.79412245750427,baseline,6952297,33.0,261.0,190.0,207.0,42.0,16.0,25.0,2.0,2.0,10.0,30.0,2.0,255.0
53.0495867729187,baseline,6952551,33.0,261.0,190.0,207.0,43.0,15.0,25.0,2.0,2.0,10.0,30.0,2.0,255.0
53.30050230026245,baseline,6952804,33.0,261.0,190.0,207.0,42.0,15.0,25.0,2.0,2.0,10.0,30.0,2.0,255.0
53.553131341934204,baseline,6953058,33.0,261.0,190.0,208.0,43.0,15.0,25.0,2.0,2.0,10.0,30.0,2.0,255.0
53.806443214416504,baseline,6953311,33.0,261.0,190.0,207.0,42.0,15.0,25.0,2.0,2.0,10.0,30.0,2.0,255.0
54.06178855895996,baseline,6953565,33.0,261.0,190.0,208.0,43.0,16.0,25.0,2.0,2.0,10.0,30.0,2.0,255.0
54.335344314575195,baseline,6953818,33.0,261.0,190.0,207.0,42.0,15.0,25.0,2.0,2.0,10.0,30.0,2.0,255.0
54.567399978637695,baseline,6954072,33.0,261.0,190.0,208.0,42.0,15.0,25.0,2.0,2.0,10.0,30.0,2.0,255.0
54.820276737213135,baseline,6954324,33.0,261.0,190.0,207.0,42.0,15.0,25.0,2.0,2.0,10.0,30.0,2.0,255.0
55.07316493988037,baseline,6954577,33.0,261.0,190.0,207.0,42.0,15.0,25.0,2.0,2.0,10.0,30.0,2.0,255.0
55.32770538330078,baseline,6954831,33.0,261.0,190.0,207.0,42.0,15.0,25.0,2.0,2.0,10.0,30.0,2.0,255.0
55.58211302757263,baseline,6955084,33.0,261.0,190.0,208.0,42.0,15.0,25.0,2.0,2.0,10.0,30.0,2.0,255.0
55.833799600601196,baseline,6955338,33.0,261.0,190.0,207.0,42.0,15.0,25.0,2.0,2.0,10.0,30.0,2.0,255.0
56.08810520172119,baseline,6955591,34.0,261.0,190.0,208.0,43.0,15.0,25.0,2.0,2.0,10.0,30.0,2.0,255.0
56.3598051071167,baseline,6955845,33.0,261.0,190.0,207.0,42.0,15.0,25.0,2.0,2.0,10.0,30.0,2.0,255.0
56.59472036361694,baseline,6956098,33.0,261.0,190.0,208.0,42.0,15.0,25.0,2.0,2.0,10.0,30.0,2.0,255.0
56.84758520126343,baseline,6956352,33.0,261.0,190.0,207.0,42.0,15.0,25.0,2.0,2.0,10.0,30.0,2.0,255.0
57.10168385505676,baseline,6956605,33.0,261.0,190.0,208.0,42.0,16.0,25.0,2.0,2.0,10.0,30.0,2.0,255.0
57.35455536842346,baseline,6956858,33.0,261.0,190.0,207.0,42.0,15.0,25.0,2.0,2.0,10.0,30.0,2.0,255.0
57.60724067687988,baseline,6957112,33.0,262.0,190.0,208.0,43.0,15.0,25.0,2.0,2.0,10.0,30.0,2.0,255.0
57.86113262176514,baseline,6957365,33.0,261.0,190.0,207.0,42.0,16.0,25.0,2.0,2.0,10.0,30.0,2.0,255.0
58.11472177505493,baseline,6957619,33.0,261.0,190.0,208.0,43.0,15.0,25.0,2.0,2.0,10.0,30.0,2.0,255.0
58.36923050880432,baseline,6957872,33.0,261.0,190.0,207.0,42.0,15.0,25.0,2.0,2.0,10.0,30.0,2.0,255.0
58.621665477752686,baseline,6958126,33.0,261.0,190.0,208.0,43.0,15.0,25.0,2.0,2.0,10.0,30.0,2.0,255.0
58.8744900226593,baseline,6958379,33.0,261.0,190.0,207.0,42.0,15.0,25.0,2.0,2.0,10.0,30.0,2.0,255.0
59.1272234916687,baseline,6958632,33.0,261.0,190.0,208.0,43.0,16.0,25.0,2.0,2.0,10.0,30.0,2.0,255.0
59.38171863555908,baseline,6958885,33.0,261.0,190.0,207.0,42.0,15.0,25.0,2.0,2.0,10.0,30.0,2.0,255.0
59.63693714141846,baseline,6959138,33.0,262.0,190.0,208.0,43.0,15.0,25.0,2.0,2.0,10.0,30.0,2.0,255.0
59.90906882286072,baseline,6959392,33.0,261.0,190.0,207.0,43.0,15.0,25.0,2.0,2.0,10.0,30.0,2.0,255.0
60.141499280929565,baseline,6959645,33.0,261.0,190.0,208.0,43.0,16.0,25.0,2.0,2.0,10.0,30.0,2.0,255.0
60.394431352615356,baseline,6959899,33.0,261.0,190.0,207.0,42.0,15.0,25.0,2.0,2.0,10.0,30.0,2.0,255.0
60.649479389190674,baseline,6960152,33.0,261.0,190.0,208.0,43.0,16.0,25.0,2.0,2.0,10.0,30.0,2.0,255.0
60.90160369873047,baseline,6960406,33.0,261.0,190.0,207.0,43.0,16.0,25.0,2.0,2.0,10.0,30.0,2.0,255.0
61.156447410583496,baseline,6960659,33.0,261.0,190.0,208.0,43.0,15.0,25.0,2.0,2.0,10.0,30.0,2.0,255.0
61.410951137542725,baseline,6960913,33.0,261.0,190.0,207.0,42.0,15.0,25.0,2.0,2.0,10.0,30.0,2.0,255.0
61.6809344291687,baseline,6961166,33.0,261.0,190.0,208.0,43.0,16.0,25.0,2.0,2.0,10.0,30.0,2.0,255.0
61.91572952270508,baseline,6961419,33.0,261.0,190.0,207.0,42.0,16.0,25.0,2.0,2.0,10.0,30.0,2.0,255.0
62.16912055015564,baseline,6961673,33.0,261.0,190.0,208.0,43.0,15.0,25.0,2.0,2.0,10.0,30.0,2.0,255.0
62.42369818687439,baseline,6961926,33.0,261.0,190.0,207.0,43.0,15.0,25.0,2.0,2.0,10.0,30.0,2.0,255.0
62.67664194107056,baseline,6962180,33.0,261.0,190.0,208.0,43.0,15.0,25.0,2.0,2.0,10.0,30.0,2.0,255.0
62.92855525016785,baseline,6962433,33.0,261.0,190.0,207.0,42.0,15.0,25.0,2.0,2.0,10.0,30.0,2.0,255.0
63.18270206451416,baseline,6962686,33.0,261.0,190.0,208.0,42.0,16.0,25.0,2.0,2.0,10.0,30.0,2.0,255.0
63.435778856277466,baseline,6962939,33.0,261.0,190.0,207.0,42.0,15.0,25.0,2.0,2.0,10.0,30.0,2.0,255.0
63.689059019088745,baseline,6963193,33.0,261.0,190.0,208.0,43.0,16.0,25.0,2.0,2.0,10.0,30.0,2.0,255.0
63.94581699371338,baseline,6963446,33.0,261.0,190.0,207.0,42.0,15.0,25.0,2.0,2.0,10.0,30.0,2.0,255.0
64.1967842578888,baseline,6963699,33.0,261.0,190.0,208.0,43.0,15.0,25.0,2.0,2.0,10.0,30.0,2.0,255.0
64.45049905776978,baseline,6963953,33.0,261.0,190.0,207.0,42.0,15.0,25.0,2.0,2.0,10.0,30.0,2.0,255.0
64.70271325111389,baseline,6964206,33.0,261.0,190.0,208.0,43.0,16.0,25.0,2.0,2.0,10.0,30.0,2.0,255.0
64.9578173160553,baseline,6964460,33.0,261.0,190.0,207.0,42.0,16.0,25.0,2.0,2.0,10.0,30.0,2.0,255.0
65.21114325523376,baseline,6964713,33.0,261.0,190.0,208.0,43.0,15.0,25.0,2.0,2.0,10.0,30.0,2.0,255.0
65.46246075630188,baseline,6964967,33.0,261.0,190.0,207.0,42.0,15.0,25.0,2.0,2.0,10.0,30.0,2.0,255.0
65.71595430374146,baseline,6965220,33.0,261.0,190.0,208.0,43.0,15.0,25.0,2.0,2.0,10.0,30.0,2.0,255.0
65.96905994415283,baseline,6965474,33.0,261.0,190.0,207.0,42.0,15.0,25.0,2.0,2.0,10.0,30.0,2.0,255.0
66.22267580032349,baseline,6965727,33.0,261.0,190.0,208.0,43.0,15.0,25.0,2.0,2.0,10.0,30.0,2.0,255.0
66.47792959213257,baseline,6965980,33.0,261.0,190.0,207.0,42.0,16.0,25.0,2.0,2.0,10.0,30.0,2.0,255.0
66.74983191490173,baseline,6966234,33.0,261.0,190.0,208.0,42.0,16.0,25.0,2.0,2.0,10.0,30.0,2.0,255.0
66.98251223564148,baseline,6966487,33.0,261.0,190.0,207.0,42.0,15.0,25.0,2.0,2.0,10.0,30.0,2.0,255.0
67.23581743240356,baseline,6966740,33.0,261.0,190.0,208.0,43.0,16.0,25.0,2.0,2.0,10.0,30.0,2.0,255.0
67.48912382125854,baseline,6966993,33.0,261.0,190.0,207.0,42.0,15.0,25.0,2.0,2.0,10.0,30.0,2.0,255.0
67.74425077438354,baseline,6967247,33.0,261.0,190.0,208.0,43.0,15.0,25.0,2.0,2.0,10.0,30.0,2.0,255.0
67.9968249797821,baseline,6967500,33.0,261.0,190.0,207.0,42.0,15.0,25.0,2.0,2.0,10.0,30.0,2.0,255.0
68.24924659729004,baseline,6967754,33.0,261.0,190.0,208.0,43.0,15.0,25.0,2.0,2.0,10.0,30.0,2.0,255.0
68.52352452278137,baseline,6968007,33.0,261.0,190.0,207.0,43.0,15.0,25.0,2.0,2.0,10.0,30.0,2.0,255.0
68.75622987747192,baseline,6968260,34.0,261.0,190.0,208.0,43.0,15.0,25.0,2.0,2.0,10.0,30.0,2.0,255.0
69.01176142692566,baseline,6968514,33.0,261.0,190.0,207.0,42.0,15.0,25.0,2.0,2.0,10.0,30.0,2.0,255.0
69.2677652835846,baseline,6968767,33.0,261.0,190.0,208.0,43.0,15.0,25.0,2.0,2.0,10.0,30.0,2.0,255.0
69.51804184913635,baseline,6969021,33.0,261.0,190.0,207.0,43.0,15.0,25.0,2.0,2.0,10.0,30.0,2.0,255.0
69.7711718082428,baseline,6969274,33.0,261.0,190.0,208.0,43.0,15.0,25.0,2.0,2.0,10.0,30.0,2.0,255.0
70.02287030220032,baseline,6969528,33.0,261.0,190.0,207.0,43.0,16.0,25.0,2.0,2.0,10.0,30.0,2.0,255.0
70.27884554862976,baseline,6969781,33.0,261.0,190.0,208.0,43.0,16.0,25.0,2.0,2.0,10.0,30.0,2.0,255.0
70.53151631355286,baseline,6970035,33.0,261.0,190.0,207.0,43.0,15.0,25.0,2.0,2.0,10.0,30.0,2.0,255.0
70.78413534164429,baseline,6970288,33.0,261.0,190.0,208.0,43.0,15.0,25.0,2.0,2.0,10.0,30.0,2.0,255.0
71.03702187538147,baseline,6970541,33.0,261.0,190.0,207.0,42.0,15.0,25.0,2.0,2.0,10.0,30.0,2.0,255.0
71.29114246368408,baseline,6970795,33.0,261.0,190.0,208.0,43.0,16.0,25.0,2.0,2.0,10.0,30.0,2.0,255.0
71.54337739944458,baseline,6971047,33.0,261.0,189.0,207.0,42.0,15.0,25.0,2.0,2.0,10.0,30.0,2.0,255.0
71.79700922966003,baseline,6971301,33.0,261.0,190.0,208.0,42.0,16.0,25.0,2.0,2.0,10.0,30.0,2.0,255.0
72.05110096931458,baseline,6971554,33.0,261.0,190.0,207.0,42.0,15.0,25.0,2.0,2.0,10.0,30.0,2.0,255.0
72.30448913574219,baseline,6971808,33.0,261.0,190.0,208.0,43.0,16.0,25.0,2.0,2.0,10.0,30.0,2.0,255.0
72.5569531917572,baseline,6972061,33.0,261.0,190.0,207.0,43.0,16.0,25.0,2.0,2.0,10.0,30.0,2.0,255.0
72.810067653656,baseline,6972315,33.0,261.0,190.0,208.0,43.0,16.0,25.0,2.0,2.0,10.0,30.0,2.0,255.0
73.06613349914551,baseline,6972568,33.0,261.0,190.0,207.0,42.0,15.0,25.0,2.0,2.0,10.0,30.0,2.0,255.0
73.31761598587036,baseline,6972821,33.0,261.0,190.0,208.0,43.0,16.0,25.0,2.0,2.0,10.0,30.0,2.0,255.0
73.57221460342407,baseline,6973075,33.0,261.0,190.0,207.0,42.0,15.0,25.0,2.0,2.0,10.0,30.0,2.0,255.0
73.82400512695312,baseline,6973328,33.0,261.0,190.0,208.0,43.0,15.0,25.0,2.0,2.0,10.0,30.0,2.0,255.0
74.07817649841309,baseline,6973582,33.0,261.0,190.0,207.0,43.0,16.0,25.0,2.0,2.0,10.0,30.0,2.0,255.0
74.33347415924072,baseline,6973835,33.0,261.0,190.0,208.0,43.0,15.0,25.0,2.0,2.0,10.0,30.0,2.0,255.0
74.58521223068237,baseline,6974089,33.0,261.0,190.0,207.0,43.0,15.0,25.0,2.0,2.0,10.0,30.0,2.0,255.0
74.83916091918945,baseline,6974342,33.0,261.0,190.0,208.0,42.0,15.0,25.0,2.0,2.0,10.0,30.0,2.0,255.0
75.0911455154419,baseline,6974596,33.0,261.0,190.0,207.0,43.0,15.0,25.0,2.0,2.0,10.0,30.0,2.0,255.0
75.34432101249695,baseline,6974849,33.0,261.0,190.0,208.0,42.0,15.0,25.0,2.0,2.0,10.0,30.0,2.0,255.0
75.5992443561554,baseline,6975101,33.0,261.0,190.0,207.0,42.0,15.0,25.0,2.0,2.0,10.0,30.0,2.0,255.0
75.8512454032898,baseline,6975355,33.0,261.0,190.0,207.0,42.0,15.0,25.0,2.0,2.0,10.0,30.0,2.0,255.0
76.10566210746765,baseline,6975608,33.0,261.0,190.0,207.0,42.0,15.0,25.0,2.0,2.0,10.0,30.0,2.0,255.0
76.35910034179688,baseline,6975862,33.0,261.0,190.0,207.0,43.0,15.0,25.0,2.0,2.0,10.0,30.0,2.0,255.0
76.61155724525452,baseline,6976115,33.0,261.0,190.0,207.0,43.0,15.0,25.0,2.0,2.0,10.0,30.0,2.0,255.0
76.86510491371155,baseline,6976369,33.0,261.0,190.0,208.0,43.0,15.0,25.0,2.0,2.0,10.0,30.0,2.0,255.0
77.1182279586792,baseline,6976622,33.0,261.0,190.0,207.0,43.0,15.0,25.0,2.0,2.0,10.0,30.0,2.0,255.0
77.37388777732849,baseline,6976876,33.0,261.0,190.0,208.0,43.0,15.0,25.0,2.0,2.0,10.0,30.0,2.0,255.0
77.62657070159912,baseline,6977129,33.0,261.0,190.0,207.0,43.0,15.0,25.0,2.0,2.0,10.0,30.0,2.0,255.0
77.87811756134033,baseline,6977382,33.0,261.0,190.0,208.0,43.0,15.0,25.0,2.0,2.0,10.0,30.0,2.0,255.0
78.132807970047,baseline,6977636,33.0,261.0,190.0,207.0,43.0,16.0,25.0,2.0,2.0,10.0,30.0,2.0,255.0
78.38526654243469,baseline,6977889,33.0,261.0,190.0,208.0,43.0,15.0,25.0,2.0,2.0,10.0,30.0,2.0,255.0
78.63858199119568,baseline,6978143,33.0,261.0,190.0,207.0,43.0,15.0,25.0,2.0,2.0,10.0,30.0,2.0,255.0
78.89309024810791,baseline,6978396,33.0,261.0,190.0,208.0,43.0,16.0,25.0,2.0,2.0,10.0,30.0,2.0,255.0
79.14549803733826,baseline,6978650,33.0,261.0,190.0,207.0,42.0,15.0,25.0,2.0,2.0,10.0,30.0,2.0,255.0
79.39900994300842,baseline,6978903,33.0,261.0,190.0,208.0,43.0,16.0,25.0,2.0,2.0,10.0,30.0,2.0,255.0
79.65229821205139,baseline,6979156,33.0,261.0,190.0,207.0,43.0,16.0,25.0,2.0,2.0,10.0,30.0,2.0,255.0
79.90556597709656,baseline,6979409,33.0,261.0,190.0,208.0,42.0,15.0,25.0,2.0,2.0,10.0,30.0,2.0,255.0
80.16076731681824,baseline,6979663,33.0,261.0,190.0,207.0,42.0,15.0,25.0,2.0,2.0,10.0,30.0,2.0,255.0
80.41206645965576,baseline,6979916,33.0,261.0,190.0,208.0,43.0,16.0,25.0,2.0,2.0,10.0,30.0,2.0,255.0
80.66648125648499,baseline,6980169,33.0,261.0,190.0,207.0,43.0,16.0,25.0,2.0,2.0,10.0,30.0,2.0,255.0
80.91919207572937,baseline,6980423,34.0,261.0,190.0,208.0,43.0,15.0,25.0,2.0,2.0,10.0,30.0,2.0,255.0
81.17302346229553,baseline,6980676,33.0,261.0,190.0,207.0,42.0,15.0,25.0,2.0,2.0,10.0,30.0,2.0,255.0
81.42742919921875,baseline,6980930,33.0,262.0,190.0,207.0,43.0,15.0,25.0,2.0,2.0,10.0,30.0,2.0,255.0
81.68064475059509,baseline,6981183,33.0,261.0,190.0,207.0,42.0,16.0,25.0,2.0,2.0,10.0,30.0,2.0,255.0
81.93204092979431,baseline,6981437,33.0,261.0,190.0,208.0,43.0,15.0,25.0,2.0,2.0,10.0,30.0,2.0,255.0
82.18630838394165,baseline,6981690,33.0,261.0,190.0,207.0,43.0,15.0,25.0,2.0,2.0,10.0,30.0,2.0,255.0
82.43964385986328,baseline,6981943,33.0,261.0,190.0,208.0,43.0,15.0,25.0,2.0,2.0,10.0,30.0,2.0,255.0
82.69380593299866,baseline,6982197,33.0,261.0,190.0,207.0,43.0,15.0,25.0,2.0,2.0,10.0,30.0,2.0,255.0
82.94653248786926,baseline,6982450,33.0,262.0,190.0,208.0,43.0,16.0,25.0,2.0,2.0,10.0,30.0,2.0,255.0
83.19909453392029,baseline,6982704,33.0,261.0,190.0,207.0,43.0,15.0,25.0,2.0,2.0,10.0,30.0,2.0,255.0
83.4533154964447,baseline,6982957,33.0,262.0,190.0,208.0,43.0,15.0,25.0,2.0,2.0,10.0,30.0,2.0,255.0
83.70649337768555,baseline,6983211,33.0,261.0,190.0,207.0,43.0,16.0,25.0,2.0,2.0,10.0,30.0,2.0,255.0
83.9632089138031,baseline,6983463,33.0,262.0,190.0,208.0,43.0,15.0,25.0,2.0,2.0,10.0,30.0,2.0,255.0
84.21597003936768,baseline,6983717,33.0,261.0,190.0,207.0,43.0,15.0,25.0,2.0,2.0,10.0,30.0,2.0,255.0
84.46733665466309,baseline,6983970,33.0,262.0,190.0,208.0,43.0,15.0,25.0,2.0,2.0,10.0,30.0,2.0,255.0
84.74172806739807,baseline,6984224,33.0,262.0,190.0,207.0,43.0,15.0,25.0,2.0,2.0,10.0,30.0,2.0,255.0
84.97386479377747,baseline,6984477,33.0,262.0,190.0,208.0,43.0,16.0,25.0,2.0,2.0,10.0,30.0,2.0,255.0
85.22772550582886,baseline,6984730,33.0,261.0,190.0,207.0,42.0,16.0,25.0,2.0,2.0,10.0,30.0,2.0,255.0
85.48328638076782,baseline,6984984,33.0,262.0,191.0,208.0,43.0,15.0,25.0,2.0,2.0,10.0,30.0,2.0,255.0
85.73413395881653,baseline,6985237,33.0,261.0,190.0,207.0,43.0,15.0,25.0,2.0,2.0,10.0,30.0,2.0,255.0
85.98745226860046,baseline,6985491,33.0,262.0,190.0,208.0,43.0,16.0,25.0,2.0,2.0,10.0,30.0,2.0,255.0
86.24292039871216,baseline,6985744,33.0,261.0,190.0,207.0,43.0,15.0,25.0,2.0,2.0,10.0,30.0,2.0,255.0
86.49497556686401,baseline,6985998,33.0,262.0,190.0,208.0,43.0,16.0,25.0,2.0,2.0,10.0,30.0,2.0,255.0
86.75040483474731,baseline,6986251,33.0,261.0,190.0,207.0,43.0,15.0,25.0,2.0,2.0,10.0,30.0,2.0,255.0
87.00149869918823,baseline,6986505,33.0,262.0,190.0,208.0,43.0,15.0,25.0,2.0,2.0,10.0,30.0,2.0,255.0
87.25449514389038,baseline,6986758,33.0,261.0,190.0,207.0,43.0,16.0,25.0,2.0,2.0,10.0,30.0,2.0,255.0
87.50728917121887,baseline,6987011,33.0,261.0,190.0,208.0,43.0,16.0,25.0,2.0,2.0,10.0,30.0,2.0,255.0
87.76088070869446,baseline,6987265,33.0,261.0,190.0,207.0,43.0,16.0,25.0,2.0,2.0,10.0,30.0,2.0,255.0
88.01616668701172,baseline,6987517,33.0,262.0,190.0,208.0,43.0,16.0,25.0,2.0,2.0,10.0,30.0,2.0,255.0
88.26827073097229,baseline,6987771,33.0,261.0,190.0,207.0,43.0,15.0,25.0,2.0,2.0,10.0,30.0,2.0,255.0
88.52198028564453,baseline,6988024,33.0,262.0,190.0,208.0,43.0,16.0,25.0,2.0,2.0,10.0,30.0,2.0,255.0
88.77451825141907,baseline,6988278,33.0,261.0,190.0,207.0,43.0,16.0,25.0,2.0,2.0,10.0,30.0,2.0,255.0
89.02779936790466,baseline,6988531,34.0,262.0,190.0,208.0,43.0,16.0,25.0,2.0,2.0,10.0,30.0,2.0,255.0
89.28351354598999,baseline,6988785,33.0,261.0,190.0,207.0,43.0,16.0,25.0,2.0,2.0,10.0,30.0,2.0,255.0
89.5355122089386,baseline,6989038,33.0,261.0,190.0,208.0,43.0,15.0,25.0,2.0,2.0,10.0,30.0,2.0,255.0
89.79224133491516,baseline,6989291,33.0,261.0,190.0,208.0,43.0,15.0,25.0,2.0,2.0,10.0,30.0,2.0,255.0
90.0438437461853,baseline,6989545,34.0,262.0,190.0,208.0,43.0,16.0,25.0,2.0,2.0,10.0,30.0,2.0,255.0
90.29460573196411,baseline,6989798,33.0,261.0,190.0,208.0,43.0,15.0,25.0,2.0,2.0,10.0,30.0,2.0,255.0
90.5487585067749,baseline,6990052,34.0,262.0,190.0,208.0,43.0,16.0,25.0,2.0,2.0,10.0,30.0,2.0,255.0
90.80324077606201,baseline,6990305,33.0,261.0,190.0,207.0,43.0,16.0,25.0,2.0,2.0,10.0,30.0,2.0,255.0
91.07495594024658,baseline,6990559,33.0,261.0,190.0,207.0,43.0,15.0,25.0,2.0,2.0,10.0,30.0,2.0,255.0
91.30836343765259,baseline,6990812,33.0,261.0,190.0,207.0,43.0,16.0,25.0,2.0,2.0,10.0,30.0,2.0,255.0
91.56159853935242,baseline,6991066,33.0,262.0,190.0,208.0,43.0,15.0,25.0,2.0,2.0,10.0,30.0,2.0,255.0
91.81597709655762,baseline,6991319,33.0,261.0,190.0,207.0,42.0,15.0,25.0,2.0,2.0,10.0,30.0,2.0,255.0
92.06954455375671,baseline,6991571,33.0,262.0,190.0,208.0,43.0,15.0,25.0,2.0,2.0,10.0,30.0,2.0,255.0
92.32318210601807,baseline,6991825,33.0,261.0,190.0,207.0,43.0,15.0,25.0,2.0,2.0,10.0,30.0,2.0,255.0
92.57571935653687,baseline,6992078,33.0,261.0,190.0,208.0,43.0,15.0,25.0,2.0,2.0,10.0,30.0,2.0,255.0
92.82872104644775,baseline,6992332,33.0,261.0,190.0,207.0,42.0,15.0,25.0,2.0,2.0,10.0,30.0,2.0,255.0
93.08353686332703,baseline,6992585,33.0,262.0,190.0,208.0,43.0,15.0,25.0,2.0,2.0,10.0,30.0,2.0,255.0
93.33598256111145,baseline,6992839,33.0,261.0,190.0,207.0,43.0,15.0,25.0,2.0,2.0,10.0,30.0,2.0,255.0
93.59153461456299,baseline,6993092,33.0,262.0,190.0,208.0,43.0,16.0,25.0,2.0,2.0,10.0,30.0,2.0,255.0
93.84261751174927,baseline,6993346,33.0,261.0,190.0,208.0,43.0,15.0,25.0,2.0,2.0,10.0,30.0,2.0,255.0
94.09552359580994,baseline,6993599,33.0,261.0,190.0,208.0,43.0,15.0,25.0,2.0,2.0,10.0,30.0,2.0,255.0
94.36900877952576,baseline,6993852,33.0,261.0,190.0,207.0,42.0,16.0,25.0,2.0,2.0,10.0,30.0,2.0,255.0
94.60235643386841,baseline,6994106,33.0,261.0,190.0,208.0,43.0,16.0,25.0,2.0,2.0,10.0,30.0,2.0,255.0
94.85707139968872,baseline,6994359,33.0,261.0,190.0,207.0,43.0,16.0,25.0,2.0,2.0,10.0,30.0,2.0,255.0
95.10971522331238,baseline,6994613,33.0,261.0,190.0,208.0,43.0,16.0,25.0,2.0,2.0,10.0,30.0,2.0,255.0
95.3622567653656,baseline,6994866,33.0,261.0,190.0,207.0,43.0,15.0,25.0,2.0,2.0,10.0,30.0,2.0,255.0
95.61613774299622,baseline,6995120,33.0,261.0,190.0,208.0,43.0,15.0,25.0,2.0,2.0,10.0,30.0,2.0,255.0
95.8702757358551,baseline,6995373,33.0,261.0,190.0,207.0,43.0,15.0,25.0,2.0,2.0,10.0,30.0,2.0,255.0
96.12380623817444,baseline,6995627,33.0,261.0,190.0,208.0,43.0,15.0,25.0,2.0,2.0,10.0,30.0,2.0,255.0
96.37809872627258,baseline,6995879,33.0,261.0,190.0,207.0,42.0,15.0,25.0,2.0,2.0,10.0,30.0,2.0,255.0
96.62958335876465,baseline,6996132,33.0,261.0,190.0,208.0,43.0,15.0,25.0,2.0,2.0,10.0,30.0,2.0,255.0
96.88234949111938,baseline,6996386,33.0,261.0,190.0,207.0,43.0,16.0,25.0,2.0,2.0,10.0,30.0,2.0,255.0
97.13767290115356,baseline,6996639,33.0,262.0,190.0,208.0,43.0,15.0,25.0,2.0,2.0,10.0,30.0,2.0,255.0
97.39138436317444,baseline,6996893,33.0,261.0,190.0,207.0,43.0,15.0,25.0,2.0,2.0,10.0,30.0,2.0,255.0
97.65146255493164,baseline,6997146,33.0,262.0,190.0,208.0,43.0,16.0,25.0,2.0,2.0,10.0,30.0,2.0,255.0
97.89811038970947,baseline,6997400,33.0,261.0,190.0,207.0,43.0,15.0,25.0,2.0,2.0,10.0,30.0,2.0,255.0
98.14970779418945,baseline,6997653,33.0,261.0,190.0,208.0,43.0,15.0,25.0,2.0,2.0,10.0,30.0,2.0,255.0
98.40390372276306,baseline,6997907,33.0,261.0,190.0,207.0,42.0,16.0,25.0,2.0,2.0,10.0,30.0,2.0,255.0
98.66058087348938,baseline,6998160,33.0,261.0,190.0,208.0,43.0,16.0,25.0,2.0,2.0,10.0,30.0,2.0,255.0
98.91894102096558,baseline,6998413,33.0,261.0,190.0,207.0,42.0,15.0,25.0,2.0,2.0,10.0,30.0,2.0,255.0
99.16488790512085,baseline,6998667,33.0,262.0,190.0,208.0,43.0,15.0,25.0,2.0,2.0,10.0,30.0,2.0,255.0
99.41869974136353,baseline,6998920,33.0,261.0,190.0,207.0,42.0,15.0,25.0,2.0,2.0,10.0,30.0,2.0,255.0
99.67220067977905,baseline,6999174,33.0,262.0,190.0,208.0,43.0,15.0,25.0,2.0,2.0,10.0,30.0,2.0,255.0
99.92931723594666,baseline,6999427,33.0,261.0,190.0,207.0,43.0,15.0,25.0,2.0,2.0,10.0,30.0,2.0,255.0
100.17769002914429,baseline,6999681,33.0,261.0,190.0,208.0,43.0,15.0,25.0,2.0,2.0,10.0,30.0,2.0,255.0
100.434241771698,baseline,6999933,33.0,261.0,190.0,207.0,43.0,15.0,25.0,2.0,2.0,10.0,30.0,2.0,255.0
100.6854133605957,baseline,7000187,34.0,261.0,190.0,208.0,43.0,16.0,25.0,2.0,2.0,10.0,30.0,2.0,255.0
100.93899965286255,baseline,7000440,33.0,261.0,190.0,207.0,43.0,16.0,25.0,2.0,2.0,10.0,30.0,2.0,255.0
101.19165873527527,baseline,7000693,33.0,261.0,190.0,207.0,42.0,15.0,25.0,2.0,2.0,10.0,30.0,2.0,255.0
101.44379472732544,baseline,7000947,33.0,261.0,190.0,207.0,42.0,15.0,25.0,2.0,2.0,10.0,30.0,2.0,255.0
101.70007038116455,baseline,7001200,33.0,261.0,190.0,208.0,43.0,15.0,25.0,2.0,2.0,10.0,30.0,2.0,255.0
101.95068049430847,baseline,7001454,33.0,261.0,190.0,207.0,42.0,15.0,25.0,2.0,2.0,10.0,30.0,2.0,255.0
102.20495462417603,baseline,7001707,33.0,261.0,190.0,208.0,43.0,16.0,25.0,2.0,2.0,10.0,30.0,2.0,255.0
102.45825433731079,baseline,7001961,33.0,261.0,190.0,207.0,43.0,16.0,25.0,2.0,2.0,10.0,30.0,2.0,255.0
102.71030259132385,baseline,7002214,33.0,261.0,190.0,208.0,43.0,16.0,25.0,2.0,2.0,10.0,30.0,2.0,255.0
102.96789979934692,baseline,7002468,33.0,261.0,190.0,207.0,42.0,15.0,25.0,2.0,2.0,10.0,30.0,2.0,255.0
103.21902537345886,baseline,7002721,33.0,262.0,190.0,208.0,43.0,15.0,25.0,2.0,2.0,10.0,30.0,2.0,255.0
103.47088932991028,baseline,7002974,33.0,261.0,190.0,207.0,42.0,15.0,25.0,2.0,2.0,10.0,30.0,2.0,255.0
103.72414016723633,baseline,7003228,33.0,261.0,190.0,207.0,42.0,15.0,25.0,2.0,2.0,10.0,30.0,2.0,255.0
103.97795295715332,baseline,7003481,33.0,261.0,190.0,207.0,42.0,16.0,25.0,2.0,2.0,10.0,30.0,2.0,255.0
104.23373126983643,baseline,7003735,33.0,262.0,190.0,208.0,43.0,16.0,25.0,2.0,2.0,10.0,30.0,2.0,255.0
104.48527550697327,baseline,7003987,33.0,261.0,190.0,207.0,42.0,15.0,25.0,2.0,2.0,10.0,30.0,2.0,255.0
104.73743271827698,baseline,7004241,33.0,262.0,190.0,208.0,43.0,15.0,25.0,2.0,2.0,10.0,30.0,2.0,255.0
104.9919261932373,baseline,7004494,33.0,261.0,190.0,207.0,42.0,15.0,25.0,2.0,2.0,10.0,30.0,2.0,255.0
105.24511861801147,baseline,7004748,34.0,262.0,190.0,208.0,42.0,15.0,25.0,2.0,2.0,10.0,30.0,2.0,255.0
105.49907612800598,baseline,7005001,33.0,262.0,190.0,207.0,42.0,16.0,25.0,2.0,2.0,10.0,30.0,2.0,255.0
105.7530562877655,baseline,7005254,34.0,262.0,190.0,208.0,43.0,15.0,25.0,2.0,2.0,10.0,30.0,2.0,255.0
106.00447678565979,baseline,7005508,33.0,262.0,190.0,207.0,42.0,15.0,25.0,2.0,2.0,10.0,30.0,2.0,255.0
106.25864887237549,baseline,7005761,33.0,262.0,190.0,208.0,43.0,16.0,25.0,2.0,2.0,10.0,30.0,2.0,255.0
106.51222801208496,baseline,7006015,33.0,262.0,190.0,207.0,42.0,15.0,25.0,2.0,2.0,10.0,30.0,2.0,255.0
106.7667601108551,baseline,7006268,33.0,262.0,190.0,208.0,43.0,15.0,25.0,2.0,2.0,10.0,30.0,2.0,255.0
107.01992511749268,baseline,7006522,33.0,262.0,190.0,207.0,43.0,16.0,25.0,2.0,2.0,10.0,30.0,2.0,255.0
107.2734477519989,baseline,7006775,34.0,262.0,190.0,208.0,42.0,15.0,25.0,2.0,2.0,10.0,30.0,2.0,255.0
107.52799844741821,baseline,7007029,33.0,262.0,190.0,207.0,42.0,15.0,25.0,2.0,2.0,10.0,30.0,2.0,255.0
107.78083729743958,baseline,7007282,34.0,262.0,190.0,208.0,43.0,16.0,25.0,2.0,2.0,10.0,30.0,2.0,255.0
108.03264260292053,baseline,7007535,33.0,262.0,190.0,207.0,42.0,15.0,25.0,2.0,2.0,10.0,30.0,2.0,255.0
108.28538942337036,baseline,7007789,34.0,262.0,190.0,208.0,42.0,16.0,25.0,2.0,2.0,10.0,30.0,2.0,255.0
108.54116344451904,baseline,7008041,33.0,262.0,190.0,207.0,42.0,15.0,25.0,2.0,2.0,10.0,30.0,2.0,255.0
108.79242467880249,baseline,7008295,34.0,262.0,190.0,208.0,43.0,16.0,25.0,2.0,2.0,10.0,30.0,2.0,255.0
109.04523658752441,baseline,7008548,33.0,262.0,190.0,207.0,42.0,15.0,25.0,2.0,2.0,10.0,30.0,2.0,255.0
109.29834365844727,baseline,7008802,33.0,262.0,190.0,208.0,42.0,15.0,25.0,2.0,2.0,10.0,30.0,2.0,255.0
109.55562019348145,baseline,7009055,33.0,262.0,190.0,207.0,42.0,15.0,25.0,2.0,2.0,10.0,30.0,2.0,255.0
109.80657172203064,baseline,7009309,34.0,262.0,190.0,208.0,43.0,16.0,25.0,2.0,2.0,10.0,30.0,2.0,255.0
110.0598795413971,baseline,7009562,34.0,262.0,190.0,207.0,43.0,16.0,25.0,2.0,2.0,10.0,30.0,2.0,255.0
110.31241178512573,baseline,7009815,34.0,262.0,190.0,208.0,43.0,15.0,25.0,2.0,2.0,10.0,30.0,2.0,255.0
110.57590746879578,baseline,7010069,33.0,262.0,190.0,207.0,42.0,15.0,25.0,2.0,2.0,10.0,30.0,2.0,255.0
110.82468390464783,baseline,7010322,33.0,262.0,190.0,208.0,43.0,16.0,25.0,2.0,2.0,10.0,30.0,2.0,255.0
111.07695269584656,baseline,7010576,33.0,262.0,190.0,207.0,42.0,15.0,25.0,2.0,2.0,10.0,30.0,2.0,255.0
111.32956767082214,baseline,7010829,34.0,262.0,190.0,208.0,43.0,15.0,25.0,2.0,2.0,10.0,30.0,2.0,255.0
111.57994771003723,baseline,7011083,33.0,262.0,190.0,207.0,42.0,15.0,25.0,2.0,2.0,10.0,30.0,2.0,255.0
111.83307814598083,baseline,7011336,34.0,262.0,190.0,208.0,42.0,16.0,25.0,2.0,2.0,10.0,30.0,2.0,255.0
112.09489250183105,baseline,7011590,33.0,262.0,190.0,207.0,42.0,15.0,25.0,2.0,2.0,10.0,30.0,2.0,255.0
112.34913468360901,baseline,7011843,34.0,262.0,190.0,208.0,43.0,15.0,25.0,2.0,2.0,10.0,30.0,2.0,255.0
112.5967423915863,baseline,7012097,34.0,262.0,190.0,207.0,42.0,15.0,25.0,2.0,2.0,10.0,30.0,2.0,255.0
112.84757781028748,baseline,7012349,33.0,262.0,190.0,208.0,42.0,15.0,25.0,2.0,2.0,10.0,30.0,2.0,255.0
113.10097098350525,baseline,7012602,33.0,262.0,190.0,207.0,42.0,15.0,25.0,2.0,2.0,10.0,30.0,2.0,255.0
113.3558669090271,baseline,7012856,33.0,262.0,190.0,208.0,43.0,15.0,25.0,2.0,2.0,10.0,30.0,2.0,255.0
113.61070346832275,baseline,7013109,33.0,262.0,190.0,207.0,43.0,16.0,25.0,2.0,2.0,10.0,30.0,2.0,255.0
113.8631763458252,baseline,7013363,33.0,262.0,190.0,208.0,43.0,15.0,25.0,2.0,2.0,10.0,30.0,2.0,255.0
114.11508417129517,baseline,7013616,33.0,262.0,190.0,207.0,43.0,15.0,25.0,2.0,2.0,10.0,30.0,2.0,255.0
114.3672149181366,baseline,7013870,34.0,262.0,190.0,208.0,43.0,16.0,25.0,2.0,2.0,10.0,30.0,2.0,255.0
114.62264847755432,baseline,7014123,33.0,262.0,190.0,207.0,43.0,16.0,25.0,2.0,2.0,10.0,30.0,2.0,255.0
114.87679862976074,baseline,7014377,33.0,262.0,190.0,208.0,43.0,16.0,25.0,2.0,2.0,10.0,30.0,2.0,255.0
115.13050580024719,baseline,7014630,33.0,262.0,190.0,207.0,42.0,15.0,25.0,2.0,2.0,10.0,30.0,2.0,255.0
115.38062691688538,baseline,7014883,33.0,262.0,191.0,208.0,43.0,15.0,25.0,2.0,2.0,10.0,30.0,2.0,255.0
115.63379096984863,baseline,7015137,33.0,262.0,190.0,207.0,43.0,15.0,25.0,2.0,2.0,10.0,30.0,2.0,255.0
115.88800764083862,baseline,7015390,34.0,263.0,191.0,208.0,43.0,16.0,25.0,2.0,2.0,10.0,30.0,2.0,255.0
116.14450550079346,baseline,7015644,33.0,262.0,190.0,207.0,43.0,16.0,25.0,2.0,2.0,10.0,30.0,2.0,255.0
116.39734983444214,baseline,7015897,33.0,262.0,191.0,208.0,43.0,15.0,25.0,2.0,2.0,10.0,30.0,2.0,255.0
116.64822220802307,baseline,7016151,34.0,262.0,190.0,207.0,43.0,16.0,25.0,2.0,2.0,10.0,30.0,2.0,255.0
116.90088033676147,baseline,7016403,34.0,263.0,191.0,208.0,43.0,15.0,25.0,2.0,2.0,10.0,30.0,2.0,255.0
117.1547589302063,baseline,7016657,33.0,262.0,190.0,207.0,43.0,15.0,25.0,2.0,2.0,10.0,30.0,2.0,255.0
117.40805768966675,baseline,7016910,33.0,263.0,191.0,208.0,43.0,15.0,25.0,2.0,2.0,10.0,30.0,2.0,255.0
117.66594552993774,baseline,7017163,33.0,262.0,190.0,208.0,43.0,15.0,25.0,2.0,2.0,10.0,30.0,2.0,255.0
117.91558980941772,baseline,7017417,34.0,263.0,191.0,208.0,43.0,15.0,25.0,2.0,2.0,10.0,30.0,2.0,255.0
118.16821026802063,baseline,7017670,34.0,263.0,191.0,208.0,43.0,15.0,25.0,2.0,2.0,10.0,30.0,2.0,255.0
118.42121052742004,baseline,7017924,34.0,263.0,191.0,209.0,43.0,16.0,25.0,2.0,2.0,10.0,30.0,2.0,255.0
118.67462587356567,baseline,7018177,33.0,263.0,191.0,208.0,43.0,15.0,25.0,2.0,2.0,10.0,30.0,2.0,255.0
118.93445229530334,baseline,7018431,34.0,263.0,191.0,209.0,43.0,15.0,25.0,2.0,2.0,10.0,30.0,2.0,255.0
119.18348860740662,baseline,7018684,34.0,263.0,191.0,208.0,42.0,15.0,25.0,2.0,2.0,10.0,30.0,2.0,255.0
119.43522095680237,baseline,7018938,34.0,263.0,191.0,209.0,43.0,15.0,25.0,2.0,2.0,10.0,30.0,2.0,255.0
119.68768668174744,baseline,7019191,33.0,262.0,191.0,208.0,43.0,15.0,25.0,2.0,2.0,10.0,30.0,2.0,255.0
119.94182062149048,baseline,7019444,34.0,263.0,191.0,209.0,43.0,16.0,25.0,2.0,2.0,10.0,30.0,2.0,255.0
120.19584822654724,baseline,7019698,33.0,262.0,190.0,208.0,43.0,16.0,25.0,2.0,2.0,10.0,30.0,2.0,255.0
120.45100903511047,baseline,7019951,34.0,263.0,191.0,209.0,43.0,16.0,25.0,2.0,2.0,10.0,30.0,2.0,255.0
120.70256972312927,baseline,7020205,33.0,262.0,190.0,208.0,42.0,15.0,25.0,2.0,2.0,10.0,30.0,2.0,255.0
120.95447278022766,baseline,7020457,34.0,262.0,191.0,208.0,43.0,15.0,25.0,2.0,2.0,10.0,30.0,2.0,255.0
121.20883083343506,baseline,7020711,34.0,262.0,190.0,208.0,43.0,15.0,25.0,2.0,2.0,10.0,30.0,2.0,255.0
121.46216464042664,baseline,7020964,34.0,262.0,191.0,208.0,43.0,15.0,25.0,2.0,2.0,10.0,30.0,2.0,255.0
121.71688890457153,baseline,7021218,34.0,262.0,190.0,208.0,43.0,16.0,25.0,2.0,2.0,10.0,30.0,2.0,255.0
121.96998500823975,baseline,7021471,34.0,262.0,191.0,209.0,43.0,15.0,25.0,2.0,2.0,10.0,30.0,2.0,255.0
122.22141575813293,baseline,7021724,33.0,262.0,190.0,208.0,43.0,16.0,25.0,2.0,2.0,10.0,30.0,2.0,255.0
122.47681045532227,baseline,7021978,33.0,262.0,190.0,208.0,43.0,15.0,25.0,2.0,2.0,10.0,30.0,2.0,255.0
122.7287449836731,baseline,7022231,33.0,262.0,190.0,208.0,43.0,15.0,25.0,2.0,2.0,10.0,30.0,2.0,255.0
122.984619140625,baseline,7022485,34.0,262.0,190.0,209.0,43.0,15.0,25.0,2.0,2.0,10.0,30.0,2.0,255.0
123.23978853225708,baseline,7022738,33.0,262.0,190.0,208.0,43.0,16.0,25.0,2.0,2.0,10.0,30.0,2.0,255.0
123.48851490020752,baseline,7022992,33.0,262.0,191.0,209.0,43.0,16.0,25.0,2.0,2.0,10.0,30.0,2.0,255.0
123.742666721344,baseline,7023245,33.0,262.0,190.0,208.0,43.0,15.0,25.0,2.0,2.0,10.0,30.0,2.0,255.0
123.99569988250732,baseline,7023499,34.0,262.0,191.0,208.0,43.0,15.0,25.0,2.0,2.0,10.0,30.0,2.0,255.0
124.25086236000061,baseline,7023752,33.0,262.0,190.0,208.0,43.0,16.0,25.0,2.0,2.0,10.0,30.0,2.0,255.0
124.50364017486572,baseline,7024005,34.0,262.0,191.0,209.0,43.0,15.0,25.0,2.0,2.0,10.0,30.0,2.0,255.0
124.75581812858582,baseline,7024259,34.0,262.0,190.0,208.0,42.0,15.0,25.0,2.0,2.0,10.0,30.0,2.0,255.0
125.00984716415405,baseline,7024512,33.0,262.0,190.0,208.0,43.0,16.0,25.0,2.0,2.0,10.0,30.0,2.0,255.0
125.26248168945312,baseline,7024765,33.0,262.0,190.0,208.0,42.0,15.0,25.0,2.0,2.0,10.0,30.0,2.0,255.0
125.51596736907959,baseline,7025018,33.0,262.0,190.0,208.0,43.0,15.0,25.0,2.0,2.0,10.0,30.0,2.0,255.0
125.77196478843689,baseline,7025272,33.0,262.0,190.0,207.0,43.0,15.0,25.0,2.0,2.0,10.0,30.0,2.0,255.0
126.0231101512909,baseline,7025525,33.0,262.0,190.0,208.0,42.0,15.0,25.0,2.0,2.0,10.0,30.0,2.0,255.0
126.27630949020386,baseline,7025779,33.0,262.0,190.0,207.0,42.0,15.0,25.0,2.0,2.0,10.0,30.0,2.0,255.0
126.52977585792542,baseline,7026032,34.0,262.0,190.0,208.0,43.0,15.0,25.0,2.0,2.0,10.0,30.0,2.0,255.0
126.78294563293457,baseline,7026285,33.0,261.0,190.0,207.0,42.0,15.0,25.0,2.0,2.0,10.0,30.0,2.0,255.0
127.03870630264282,baseline,7026539,33.0,262.0,190.0,208.0,43.0,16.0,25.0,2.0,2.0,10.0,30.0,2.0,255.0
127.29127883911133,baseline,7026792,33.0,261.0,190.0,207.0,42.0,16.0,25.0,2.0,2.0,10.0,30.0,2.0,255.0
127.54303240776062,baseline,7027046,33.0,262.0,190.0,208.0,42.0,15.0,25.0,2.0,2.0,10.0,30.0,2.0,255.0
127.7967689037323,baseline,7027299,33.0,261.0,190.0,207.0,42.0,15.0,25.0,2.0,2.0,10.0,30.0,2.0,255.0
128.04967832565308,baseline,7027553,34.0,261.0,190.0,208.0,43.0,15.0,25.0,2.0,2.0,10.0,30.0,2.0,255.0
128.30405354499817,baseline,7027806,33.0,261.0,190.0,207.0,43.0,16.0,25.0,2.0,2.0,10.0,30.0,2.0,255.0
128.55772757530212,baseline,7028060,33.0,262.0,190.0,208.0,43.0,16.0,25.0,2.0,2.0,10.0,30.0,2.0,255.0
128.8097047805786,baseline,7028313,33.0,261.0,190.0,207.0,42.0,15.0,25.0,2.0,2.0,10.0,30.0,2.0,255.0
129.06603527069092,baseline,7028567,33.0,262.0,190.0,208.0,43.0,16.0,25.0,2.0,2.0,10.0,30.0,2.0,255.0
129.31695199012756,baseline,7028819,33.0,262.0,190.0,207.0,43.0,15.0,25.0,2.0,2.0,10.0,30.0,2.0,255.0
129.59186840057373,baseline,7029072,33.0,262.0,190.0,208.0,42.0,15.0,25.0,2.0,2.0,10.0,30.0,2.0,255.0
129.84365963935852,baseline,7029326,33.0,262.0,190.0,207.0,42.0,15.0,25.0,2.0,2.0,10.0,30.0,2.0,255.0
130.07723379135132,baseline,7029579,33.0,262.0,190.0,208.0,43.0,16.0,25.0,2.0,2.0,10.0,30.0,2.0,255.0
130.33036375045776,baseline,7029833,33.0,262.0,190.0,207.0,42.0,15.0,25.0,2.0,2.0,10.0,30.0,2.0,255.0
130.58395910263062,baseline,7030086,33.0,262.0,190.0,208.0,42.0,16.0,25.0,2.0,2.0,10.0,30.0,2.0,255.0
130.8381371498108,baseline,7030340,33.0,261.0,190.0,207.0,42.0,15.0,25.0,2.0,2.0,10.0,30.0,2.0,255.0
131.0928978919983,baseline,7030593,33.0,262.0,190.0,208.0,42.0,15.0,25.0,2.0,2.0,10.0,30.0,2.0,255.0
131.34411692619324,baseline,7030847,33.0,261.0,190.0,207.0,42.0,15.0,25.0,2.0,2.0,10.0,30.0,2.0,255.0
131.59800243377686,baseline,7031100,33.0,261.0,190.0,208.0,42.0,15.0,25.0,2.0,2.0,10.0,30.0,2.0,255.0
131.87010645866394,baseline,7031353,33.0,261.0,190.0,207.0,42.0,15.0,25.0,2.0,2.0,10.0,30.0,2.0,255.0
132.11600518226624,baseline,7031607,33.0,262.0,190.0,208.0,42.0,16.0,25.0,2.0,2.0,10.0,30.0,2.0,255.0
132.35880827903748,baseline,7031860,33.0,261.0,190.0,207.0,42.0,15.0,25.0,2.0,2.0,10.0,30.0,2.0,255.0
132.6126217842102,baseline,7032114,33.0,261.0,190.0,208.0,42.0,16.0,25.0,2.0,2.0,10.0,30.0,2.0,255.0
132.86451625823975,baseline,7032367,33.0,261.0,190.0,207.0,42.0,15.0,25.0,2.0,2.0,10.0,30.0,2.0,255.0
133.11758089065552,baseline,7032621,33.0,261.0,190.0,208.0,42.0,15.0,25.0,2.0,2.0,10.0,30.0,2.0,255.0
133.37121844291687,baseline,7032873,33.0,261.0,190.0,207.0,42.0,15.0,25.0,2.0,2.0,10.0,30.0,2.0,255.0
133.62538480758667,baseline,7033127,33.0,261.0,190.0,208.0,43.0,16.0,25.0,2.0,2.0,10.0,30.0,2.0,255.0
133.87859892845154,baseline,7033380,33.0,261.0,190.0,207.0,42.0,15.0,25.0,2.0,2.0,10.0,30.0,2.0,255.0
134.13163995742798,baseline,7033633,33.0,261.0,190.0,208.0,42.0,15.0,25.0,2.0,2.0,10.0,30.0,2.0,255.0
134.3843445777893,baseline,7033887,33.0,261.0,190.0,207.0,42.0,15.0,25.0,2.0,2.0,10.0,30.0,2.0,255.0
134.6372516155243,baseline,7034140,33.0,261.0,190.0,208.0,42.0,15.0,25.0,2.0,2.0,10.0,30.0,2.0,255.0
134.892272233963,baseline,7034394,33.0,261.0,190.0,206.0,42.0,16.0,25.0,2.0,2.0,10.0,30.0,2.0,255.0
135.1473753452301,baseline,7034647,33.0,261.0,190.0,208.0,42.0,15.0,25.0,2.0,2.0,10.0,30.0,2.0,255.0
135.39916968345642,baseline,7034901,33.0,261.0,190.0,207.0,42.0,15.0,25.0,2.0,2.0,10.0,30.0,2.0,255.0
135.6514344215393,baseline,7035154,33.0,261.0,190.0,207.0,42.0,16.0,25.0,2.0,2.0,10.0,30.0,2.0,255.0
135.90464282035828,baseline,7035408,33.0,261.0,190.0,207.0,43.0,16.0,25.0,2.0,2.0,10.0,30.0,2.0,255.0
136.15875673294067,baseline,7035661,33.0,262.0,190.0,208.0,42.0,16.0,25.0,2.0,2.0,10.0,30.0,2.0,255.0
136.4122302532196,baseline,7035914,33.0,261.0,190.0,207.0,42.0,15.0,25.0,2.0,2.0,10.0,30.0,2.0,255.0
136.66846871376038,baseline,7036168,33.0,262.0,190.0,208.0,43.0,15.0,25.0,2.0,2.0,10.0,30.0,2.0,255.0
136.91854667663574,baseline,7036421,34.0,261.0,190.0,207.0,42.0,15.0,25.0,2.0,2.0,10.0,30.0,2.0,255.0
137.17174625396729,baseline,7036675,33.0,262.0,190.0,208.0,42.0,15.0,25.0,2.0,2.0,10.0,30.0,2.0,255.0
137.42605113983154,baseline,7036928,33.0,262.0,190.0,207.0,42.0,15.0,25.0,2.0,2.0,10.0,30.0,2.0,255.0
137.67907166481018,baseline,7037181,34.0,262.0,190.0,208.0,42.0,16.0,25.0,2.0,2.0,10.0,30.0,2.0,255.0
137.93300652503967,baseline,7037434,33.0,262.0,190.0,207.0,42.0,15.0,25.0,2.0,2.0,10.0,30.0,2.0,255.0
138.18812704086304,baseline,7037688,33.0,262.0,190.0,208.0,42.0,16.0,25.0,2.0,2.0,10.0,30.0,2.0,255.0
138.4383933544159,baseline,7037941,33.0,261.0,190.0,207.0,42.0,15.0,25.0,2.0,2.0,10.0,30.0,2.0,255.0
138.69289660453796,baseline,7038194,34.0,262.0,190.0,208.0,42.0,16.0,25.0,2.0,2.0,10.0,30.0,2.0,255.0
138.9491674900055,baseline,7038448,33.0,262.0,190.0,207.0,42.0,16.0,25.0,2.0,2.0,10.0,30.0,2.0,255.0
139.20141410827637,baseline,7038701,34.0,262.0,190.0,208.0,43.0,16.0,25.0,2.0,2.0,10.0,30.0,2.0,255.0
139.4532470703125,baseline,7038955,33.0,261.0,190.0,207.0,42.0,15.0,25.0,2.0,2.0,10.0,30.0,2.0,255.0
139.70590376853943,baseline,7039208,33.0,262.0,190.0,208.0,42.0,15.0,25.0,2.0,2.0,10.0,30.0,2.0,255.0
139.96082973480225,baseline,7039462,33.0,261.0,190.0,207.0,42.0,15.0,25.0,2.0,2.0,10.0,30.0,2.0,255.0
140.21288537979126,baseline,7039715,34.0,262.0,190.0,208.0,42.0,16.0,25.0,2.0,2.0,10.0,30.0,2.0,255.0
140.47131657600403,baseline,7039969,34.0,261.0,190.0,207.0,42.0,15.0,25.0,2.0,2.0,10.0,30.0,2.0,255.0
140.72075963020325,baseline,7040222,34.0,262.0,190.0,208.0,43.0,15.0,25.0,2.0,2.0,10.0,30.0,2.0,255.0
140.97380542755127,baseline,7040475,33.0,262.0,190.0,207.0,42.0,16.0,25.0,2.0,2.0,10.0,30.0,2.0,255.0
141.2264745235443,baseline,7040729,33.0,262.0,190.0,208.0,42.0,15.0,25.0,2.0,2.0,10.0,30.0,2.0,255.0
141.47958755493164,baseline,7040982,33.0,262.0,190.0,207.0,42.0,16.0,25.0,2.0,2.0,10.0,30.0,2.0,255.0
141.73440980911255,baseline,7041235,34.0,262.0,190.0,208.0,42.0,15.0,25.0,2.0,2.0,10.0,30.0,2.0,255.0
141.98828792572021,baseline,7041488,33.0,262.0,190.0,207.0,42.0,15.0,25.0,2.0,2.0,10.0,30.0,2.0,255.0
142.23989915847778,baseline,7041742,33.0,262.0,190.0,208.0,43.0,16.0,25.0,2.0,2.0,10.0,30.0,2.0,255.0
142.49243927001953,baseline,7041995,33.0,262.0,190.0,207.0,42.0,16.0,25.0,2.0,2.0,10.0,30.0,2.0,255.0
142.7474684715271,baseline,7042249,34.0,262.0,190.0,208.0,42.0,15.0,25.0,2.0,2.0,10.0,30.0,2.0,255.0
143.02089524269104,baseline,7042502,33.0,262.0,190.0,207.0,42.0,15.0,25.0,2.0,2.0,10.0,30.0,2.0,255.0
143.25676822662354,baseline,7042755,34.0,262.0,191.0,208.0,43.0,16.0,25.0,2.0,2.0,10.0,30.0,2.0,255.0
143.50739860534668,baseline,7043009,34.0,262.0,190.0,207.0,42.0,15.0,25.0,2.0,2.0,10.0,30.0,2.0,255.0
143.7609419822693,baseline,7043262,34.0,262.0,191.0,208.0,42.0,16.0,25.0,2.0,2.0,10.0,30.0,2.0,255.0
144.01351046562195,baseline,7043516,33.0,262.0,190.0,207.0,42.0,15.0,25.0,2.0,2.0,10.0,30.0,2.0,255.0
144.26705527305603,baseline,7043769,33.0,262.0,190.0,208.0,42.0,16.0,25.0,2.0,2.0,10.0,30.0,2.0,255.0
144.52291679382324,baseline,7044023,33.0,262.0,190.0,207.0,42.0,15.0,25.0,2.0,2.0,10.0,30.0,2.0,255.0
144.77396154403687,baseline,7044276,34.0,262.0,190.0,208.0,43.0,15.0,25.0,2.0,2.0,10.0,30.0,2.0,255.0
145.0265507698059,baseline,7044530,33.0,262.0,190.0,207.0,42.0,15.0,25.0,2.0,2.0,10.0,30.0,2.0,255.0
145.28073978424072,baseline,7044783,33.0,262.0,190.0,208.0,42.0,15.0,25.0,2.0,2.0,10.0,30.0,2.0,255.0
145.53758716583252,baseline,7045036,33.0,262.0,190.0,207.0,42.0,15.0,25.0,2.0,2.0,10.0,30.0,2.0,255.0
145.78855514526367,baseline,7045289,33.0,262.0,190.0,208.0,42.0,15.0,25.0,2.0,2.0,10.0,30.0,2.0,255.0
146.04378032684326,baseline,7045542,34.0,262.0,190.0,207.0,42.0,15.0,25.0,2.0,2.0,10.0,30.0,2.0,255.0
146.29358530044556,baseline,7045796,34.0,262.0,191.0,208.0,43.0,16.0,25.0,2.0,2.0,10.0,30.0,2.0,255.0
146.5474772453308,baseline,7046049,33.0,262.0,190.0,207.0,42.0,15.0,25.0,2.0,2.0,10.0,30.0,2.0,255.0
146.80025935173035,baseline,7046303,33.0,262.0,190.0,207.0,42.0,16.0,25.0,2.0,2.0,10.0,30.0,2.0,255.0
147.0536584854126,baseline,7046556,33.0,262.0,190.0,207.0,42.0,15.0,25.0,2.0,2.0,10.0,30.0,2.0,255.0
147.32738542556763,baseline,7046810,33.0,262.0,190.0,208.0,43.0,15.0,25.0,2.0,2.0,10.0,30.0,2.0,255.0
147.56083011627197,baseline,7047063,33.0,262.0,190.0,207.0,42.0,15.0,25.0,2.0,2.0,10.0,30.0,2.0,255.0
147.8142795562744,baseline,7047316,34.0,262.0,190.0,208.0,43.0,15.0,25.0,2.0,2.0,10.0,30.0,2.0,255.0
148.06773376464844,baseline,7047570,34.0,262.0,190.0,207.0,42.0,15.0,25.0,2.0,2.0,10.0,30.0,2.0,255.0
148.3205440044403,baseline,7047823,34.0,262.0,191.0,208.0,42.0,15.0,25.0,2.0,2.0,10.0,30.0,2.0,255.0
148.5748975276947,baseline,7048077,33.0,262.0,190.0,207.0,42.0,16.0,25.0,2.0,2.0,10.0,30.0,2.0,255.0
148.82910227775574,baseline,7048330,33.0,262.0,190.0,208.0,43.0,16.0,25.0,2.0,2.0,10.0,30.0,2.0,255.0
149.08309841156006,baseline,7048584,33.0,262.0,190.0,207.0,42.0,15.0,25.0,2.0,2.0,10.0,30.0,2.0,255.0
149.3352599143982,baseline,7048837,34.0,262.0,191.0,208.0,43.0,15.0,25.0,2.0,2.0,10.0,30.0,2.0,255.0
149.58855724334717,baseline,7049091,34.0,262.0,190.0,207.0,42.0,16.0,25.0,2.0,2.0,10.0,30.0,2.0,255.0
149.84295845031738,baseline,7049344,34.0,262.0,190.0,208.0,42.0,16.0,25.0,2.0,2.0,10.0,30.0,2.0,255.0
150.0965814590454,baseline,7049596,34.0,262.0,190.0,207.0,42.0,15.0,25.0,2.0,2.0,10.0,30.0,2.0,255.0
150.35313081741333,baseline,7049850,34.0,262.0,190.0,208.0,43.0,16.0,25.0,2.0,2.0,10.0,30.0,2.0,255.0
150.60461258888245,baseline,7050103,33.0,262.0,190.0,207.0,42.0,16.0,25.0,2.0,2.0,10.0,30.0,2.0,255.0
150.8544898033142,baseline,7050357,34.0,262.0,191.0,208.0,42.0,15.0,25.0,2.0,2.0,10.0,30.0,2.0,255.0
151.11509203910828,baseline,7050610,33.0,262.0,190.0,207.0,42.0,15.0,25.0,2.0,2.0,10.0,30.0,2.0,255.0
151.36421370506287,baseline,7050864,34.0,262.0,191.0,208.0,42.0,15.0,25.0,2.0,2.0,10.0,30.0,2.0,255.0
151.6173894405365,baseline,7051117,33.0,262.0,190.0,207.0,42.0,15.0,25.0,2.0,2.0,10.0,30.0,2.0,255.0
151.86942982673645,baseline,7051371,34.0,262.0,190.0,207.0,42.0,16.0,25.0,2.0,2.0,10.0,30.0,2.0,255.0
152.1220588684082,baseline,7051624,33.0,262.0,190.0,207.0,42.0,16.0,25.0,2.0,2.0,10.0,30.0,2.0,255.0
152.37565636634827,baseline,7051877,34.0,262.0,190.0,208.0,42.0,16.0,25.0,2.0,2.0,10.0,30.0,2.0,255.0
152.63386344909668,baseline,7052131,33.0,262.0,190.0,207.0,42.0,16.0,25.0,2.0,2.0,10.0,30.0,2.0,255.0
152.8844611644745,baseline,7052384,33.0,262.0,190.0,208.0,42.0,15.0,25.0,2.0,2.0,10.0,30.0,2.0,255.0
153.13584995269775,baseline,7052638,33.0,262.0,190.0,207.0,42.0,15.0,25.0,2.0,2.0,10.0,30.0,2.0,255.0
153.38892531394958,baseline,7052891,34.0,262.0,191.0,208.0,42.0,16.0,25.0,2.0,2.0,10.0,30.0,2.0,255.0
153.64309978485107,baseline,7053145,34.0,262.0,190.0,207.0,42.0,16.0,25.0,2.0,2.0,10.0,30.0,2.0,255.0
153.89826941490173,baseline,7053398,34.0,262.0,190.0,208.0,42.0,16.0,25.0,2.0,2.0,10.0,30.0,2.0,255.0
154.1516568660736,baseline,7053651,33.0,262.0,190.0,207.0,42.0,15.0,25.0,2.0,2.0,10.0,30.0,2.0,255.0
154.40349626541138,baseline,7053904,34.0,262.0,190.0,207.0,42.0,16.0,25.0,2.0,2.0,10.0,30.0,2.0,255.0
154.65605998039246,baseline,7054157,34.0,262.0,190.0,207.0,42.0,15.0,25.0,2.0,2.0,10.0,30.0,2.0,255.0
154.92166185379028,baseline,7054411,34.0,262.0,191.0,208.0,42.0,15.0,25.0,2.0,2.0,10.0,30.0,2.0,255.0
155.16241836547852,baseline,7054664,33.0,262.0,190.0,207.0,42.0,16.0,25.0,2.0,2.0,10.0,30.0,2.0,255.0
155.41897869110107,baseline,7054918,34.0,262.0,190.0,208.0,42.0,16.0,25.0,2.0,2.0,10.0,30.0,2.0,255.0
155.67028760910034,baseline,7055171,33.0,262.0,190.0,207.0,42.0,16.0,25.0,2.0,2.0,10.0,30.0,2.0,255.0
155.92263793945312,baseline,7055425,34.0,262.0,190.0,207.0,42.0,15.0,25.0,2.0,2.0,10.0,30.0,2.0,255.0
156.17561316490173,baseline,7055678,34.0,262.0,190.0,207.0,42.0,15.0,25.0,2.0,2.0,10.0,30.0,2.0,255.0
156.42991828918457,baseline,7055932,34.0,262.0,191.0,208.0,42.0,15.0,25.0,2.0,2.0,10.0,30.0,2.0,255.0
156.68380975723267,baseline,7056185,34.0,262.0,190.0,207.0,42.0,15.0,25.0,2.0,2.0,10.0,30.0,2.0,255.0
156.93756198883057,baseline,7056438,34.0,262.0,190.0,207.0,43.0,15.0,25.0,2.0,2.0,10.0,30.0,2.0,255.0
157.18989634513855,baseline,7056692,33.0,262.0,190.0,207.0,42.0,15.0,25.0,2.0,2.0,10.0,30.0,2.0,255.0
157.44278597831726,baseline,7056945,34.0,262.0,190.0,207.0,42.0,16.0,25.0,2.0,2.0,10.0,30.0,2.0,255.0
157.6967339515686,baseline,7057199,33.0,262.0,190.0,207.0,42.0,15.0,25.0,2.0,2.0,10.0,30.0,2.0,255.0
157.95006322860718,baseline,7057452,34.0,262.0,190.0,208.0,42.0,15.0,25.0,2.0,2.0,10.0,30.0,2.0,255.0
158.209627866745,baseline,7057705,34.0,262.0,190.0,207.0,42.0,15.0,25.0,2.0,2.0,10.0,30.0,2.0,255.0
158.4566023349762,baseline,7057958,34.0,262.0,191.0,208.0,42.0,16.0,25.0,2.0,2.0,10.0,30.0,2.0,255.0
158.70923495292664,baseline,7058212,34.0,262.0,190.0,207.0,42.0,16.0,25.0,2.0,2.0,10.0,30.0,2.0,255.0
158.96337151527405,baseline,7058465,34.0,262.0,190.0,208.0,42.0,16.0,25.0,2.0,2.0,10.0,30.0,2.0,255.0
159.21628952026367,baseline,7058718,33.0,262.0,190.0,206.0,42.0,15.0,25.0,2.0,2.0,10.0,30.0,2.0,255.0
159.4716727733612,baseline,7058972,34.0,262.0,190.0,208.0,42.0,15.0,25.0,2.0,2.0,10.0,30.0,2.0,255.0
159.72395825386047,baseline,7059225,33.0,262.0,190.0,207.0,42.0,15.0,25.0,2.0,2.0,10.0,30.0,2.0,255.0
159.97660374641418,baseline,7059479,34.0,262.0,191.0,208.0,42.0,16.0,25.0,2.0,2.0,10.0,30.0,2.0,255.0
160.23006010055542,baseline,7059732,34.0,262.0,190.0,207.0,42.0,16.0,25.0,2.0,2.0,10.0,30.0,2.0,255.0
160.48373198509216,baseline,7059986,34.0,263.0,190.0,208.0,42.0,15.0,25.0,2.0,2.0,10.0,30.0,2.0,255.0
160.7389588356018,baseline,7060239,33.0,262.0,190.0,207.0,42.0,15.0,25.0,2.0,2.0,10.0,30.0,2.0,255.0
160.99091219902039,baseline,7060493,34.0,262.0,190.0,208.0,42.0,15.0,25.0,2.0,2.0,10.0,30.0,2.0,255.0
161.24334716796875,baseline,7060746,34.0,262.0,190.0,207.0,42.0,15.0,25.0,2.0,2.0,10.0,30.0,2.0,255.0
161.49765062332153,baseline,7060999,34.0,262.0,190.0,208.0,42.0,16.0,25.0,2.0,2.0,10.0,30.0,2.0,255.0
161.7511384487152,baseline,7061253,33.0,262.0,190.0,207.0,42.0,16.0,25.0,2.0,2.0,10.0,30.0,2.0,255.0
162.00341749191284,baseline,7061506,33.0,262.0,191.0,208.0,42.0,15.0,25.0,2.0,2.0,10.0,30.0,2.0,255.0
162.2576425075531,baseline,7061760,33.0,262.0,190.0,207.0,42.0,15.0,25.0,2.0,2.0,10.0,30.0,2.0,255.0
162.51078462600708,baseline,7062012,33.0,262.0,190.0,207.0,42.0,15.0,25.0,2.0,2.0,10.0,30.0,2.0,255.0
162.7644476890564,baseline,7062266,33.0,262.0,190.0,207.0,42.0,15.0,25.0,2.0,2.0,10.0,30.0,2.0,255.0
163.0173077583313,baseline,7062519,34.0,262.0,190.0,208.0,42.0,16.0,25.0,2.0,2.0,10.0,30.0,2.0,255.0
163.27065134048462,baseline,7062773,33.0,262.0,190.0,207.0,42.0,16.0,25.0,2.0,2.0,10.0,30.0,2.0,255.0
163.52717685699463,baseline,7063026,33.0,262.0,190.0,208.0,42.0,16.0,25.0,2.0,2.0,10.0,30.0,2.0,255.0
163.77835845947266,baseline,7063279,33.0,262.0,190.0,207.0,42.0,16.0,25.0,2.0,2.0,10.0,30.0,2.0,255.0
164.0312523841858,baseline,7063533,34.0,262.0,190.0,208.0,42.0,16.0,25.0,2.0,2.0,10.0,30.0,2.0,255.0
164.28510570526123,baseline,7063786,34.0,262.0,190.0,207.0,42.0,15.0,25.0,2.0,2.0,10.0,30.0,2.0,255.0
164.53763365745544,baseline,7064040,34.0,262.0,191.0,208.0,42.0,15.0,25.0,2.0,2.0,10.0,30.0,2.0,255.0
164.793315410614,baseline,7064293,33.0,262.0,190.0,207.0,42.0,16.0,25.0,2.0,2.0,10.0,30.0,2.0,255.0
165.0456268787384,baseline,7064547,34.0,262.0,190.0,208.0,42.0,15.0,25.0,2.0,2.0,10.0,30.0,2.0,255.0
165.29758644104004,baseline,7064800,34.0,262.0,190.0,207.0,42.0,15.0,25.0,2.0,2.0,10.0,30.0,2.0,255.0
165.5512924194336,baseline,7065054,34.0,262.0,190.0,208.0,42.0,15.0,25.0,2.0,2.0,10.0,30.0,2.0,255.0
165.804860830307,baseline,7065307,33.0,262.0,190.0,207.0,42.0,15.0,25.0,2.0,2.0,10.0,30.0,2.0,255.0
166.0606119632721,baseline,7065561,34.0,262.0,190.0,208.0,42.0,15.0,25.0,2.0,2.0,10.0,30.0,2.0,255.0
166.31211638450623,baseline,7065814,33.0,262.0,190.0,207.0,42.0,16.0,25.0,2.0,2.0,10.0,30.0,2.0,255.0
166.5645399093628,baseline,7066066,34.0,262.0,190.0,207.0,42.0,15.0,25.0,2.0,2.0,10.0,30.0,2.0,255.0
166.81849646568298,baseline,7066320,34.0,262.0,190.0,207.0,42.0,15.0,25.0,2.0,2.0,10.0,30.0,2.0,255.0
167.07172656059265,baseline,7066573,34.0,262.0,190.0,208.0,43.0,16.0,25.0,2.0,2.0,10.0,30.0,2.0,255.0
167.32629704475403,baseline,7066827,34.0,262.0,190.0,207.0,42.0,15.0,25.0,2.0,2.0,10.0,30.0,2.0,255.0
167.5799376964569,baseline,7067080,33.0,262.0,190.0,208.0,42.0,16.0,25.0,2.0,2.0,10.0,30.0,2.0,255.0
167.83214259147644,baseline,7067334,34.0,262.0,190.0,207.0,42.0,16.0,25.0,2.0,2.0,10.0,30.0,2.0,255.0
168.08558177947998,baseline,7067587,34.0,262.0,191.0,208.0,42.0,15.0,25.0,2.0,2.0,10.0,30.0,2.0,255.0
168.3389813899994,baseline,7067841,33.0,262.0,190.0,207.0,42.0,15.0,25.0,2.0,2.0,10.0,30.0,2.0,255.0
168.60199546813965,baseline,7068094,34.0,262.0,190.0,208.0,42.0,16.0,25.0,2.0,2.0,10.0,30.0,2.0,255.0
168.84655022621155,baseline,7068347,33.0,262.0,190.0,207.0,42.0,15.0,25.0,2.0,2.0,10.0,30.0,2.0,255.0
169.0993640422821,baseline,7068601,34.0,262.0,190.0,208.0,42.0,15.0,25.0,2.0,2.0,10.0,30.0,2.0,255.0
169.35249710083008,baseline,7068854,33.0,262.0,190.0,207.0,42.0,15.0,25.0,2.0,2.0,10.0,30.0,2.0,255.0
169.6069622039795,baseline,7069108,33.0,262.0,190.0,207.0,43.0,16.0,25.0,2.0,2.0,10.0,30.0,2.0,255.0
169.85880947113037,baseline,7069361,33.0,262.0,190.0,207.0,42.0,16.0,25.0,2.0,2.0,10.0,30.0,2.0,255.0
170.11585569381714,baseline,7069615,33.0,262.0,190.0,207.0,42.0,16.0,25.0,2.0,2.0,10.0,30.0,2.0,255.0
170.36714434623718,baseline,7069868,33.0,262.0,190.0,207.0,42.0,15.0,25.0,2.0,2.0,10.0,30.0,2.0,255.0
170.62052297592163,baseline,7070121,34.0,262.0,190.0,207.0,42.0,15.0,25.0,2.0,2.0,10.0,30.0,2.0,255.0
170.87293219566345,baseline,7070374,33.0,262.0,190.0,207.0,42.0,15.0,25.0,2.0,2.0,10.0,30.0,2.0,255.0
171.1252248287201,baseline,7070627,34.0,262.0,190.0,207.0,42.0,15.0,25.0,2.0,2.0,10.0,30.0,2.0,255.0
171.38207745552063,baseline,7070881,33.0,262.0,190.0,207.0,42.0,15.0,25.0,2.0,2.0,10.0,30.0,2.0,255.0
171.6341691017151,baseline,7071134,34.0,262.0,190.0,207.0,42.0,16.0,25.0,2.0,2.0,10.0,30.0,2.0,255.0
171.88828492164612,baseline,7071388,33.0,261.0,190.0,206.0,42.0,15.0,25.0,2.0,2.0,10.0,30.0,2.0,255.0
172.13964080810547,baseline,7071641,33.0,262.0,190.0,207.0,42.0,16.0,25.0,2.0,2.0,10.0,30.0,2.0,255.0
172.39259099960327,baseline,7071895,33.0,261.0,190.0,206.0,42.0,16.0,25.0,2.0,2.0,10.0,30.0,2.0,255.0
172.64673471450806,baseline,7072148,33.0,261.0,190.0,207.0,42.0,16.0,25.0,2.0,2.0,10.0,30.0,2.0,255.0
172.90126180648804,baseline,7072402,33.0,261.0,190.0,206.0,42.0,15.0,25.0,2.0,2.0,10.0,30.0,2.0,255.0
173.1704695224762,baseline,7072655,33.0,262.0,190.0,207.0,42.0,15.0,25.0,2.0,2.0,10.0,30.0,2.0,255.0
173.40708327293396,baseline,7072908,33.0,261.0,190.0,206.0,42.0,15.0,25.0,2.0,2.0,10.0,30.0,2.0,255.0
173.66018533706665,baseline,7073162,33.0,261.0,190.0,207.0,42.0,15.0,25.0,2.0,2.0,10.0,30.0,2.0,255.0
173.91464281082153,baseline,7073415,33.0,261.0,190.0,206.0,41.0,15.0,25.0,2.0,2.0,10.0,30.0,2.0,255.0
174.16843175888062,baseline,7073669,33.0,262.0,190.0,207.0,42.0,15.0,25.0,2.0,2.0,10.0,30.0,2.0,255.0
174.42155170440674,baseline,7073922,33.0,261.0,190.0,206.0,42.0,15.0,25.0,2.0,2.0,10.0,30.0,2.0,255.0
174.67441201210022,baseline,7074176,33.0,262.0,190.0,207.0,42.0,15.0,25.0,2.0,2.0,10.0,30.0,2.0,255.0
174.92676877975464,baseline,7074428,33.0,261.0,190.0,206.0,42.0,15.0,25.0,2.0,2.0,10.0,30.0,2.0,255.0
175.20202684402466,baseline,7074682,34.0,262.0,190.0,207.0,42.0,15.0,25.0,2.0,2.0,10.0,30.0,2.0,255.0
175.43513011932373,baseline,7074935,33.0,261.0,190.0,206.0,42.0,16.0,25.0,2.0,2.0,10.0,30.0,2.0,255.0
175.69076371192932,baseline,7075188,33.0,262.0,190.0,207.0,42.0,16.0,25.0,2.0,2.0,10.0,30.0,2.0,255.0
175.9412763118744,baseline,7075442,33.0,261.0,190.0,206.0,42.0,15.0,25.0,2.0,2.0,10.0,30.0,2.0,255.0
176.1939263343811,baseline,7075695,33.0,262.0,190.0,207.0,42.0,15.0,25.0,2.0,2.0,10.0,30.0,2.0,255.0
176.44755148887634,baseline,7075949,33.0,261.0,190.0,206.0,42.0,15.0,25.0,2.0,2.0,10.0,30.0,2.0,255.0
176.70060515403748,baseline,7076202,33.0,261.0,190.0,207.0,42.0,15.0,25.0,2.0,2.0,10.0,30.0,2.0,255.0
176.95529103279114,baseline,7076456,33.0,261.0,190.0,206.0,42.0,16.0,25.0,2.0,2.0,10.0,30.0,2.0,255.0
177.20974946022034,baseline,7076709,34.0,261.0,190.0,207.0,42.0,15.0,25.0,2.0,2.0,10.0,30.0,2.0,255.0
177.46057629585266,baseline,7076963,33.0,261.0,190.0,205.0,42.0,16.0,25.0,2.0,2.0,10.0,30.0,2.0,255.0
177.71426582336426,baseline,7077216,34.0,261.0,190.0,206.0,42.0,16.0,25.0,2.0,2.0,10.0,30.0,2.0,255.0
177.96832513809204,baseline,7077469,33.0,261.0,190.0,206.0,41.0,15.0,25.0,2.0,2.0,10.0,30.0,2.0,255.0
178.22525453567505,baseline,7077723,33.0,261.0,190.0,206.0,41.0,15.0,25.0,2.0,2.0,10.0,30.0,2.0,255.0
178.47716069221497,baseline,7077976,33.0,261.0,190.0,206.0,41.0,16.0,25.0,2.0,2.0,10.0,30.0,2.0,255.0
178.7281789779663,baseline,7078230,33.0,261.0,190.0,206.0,42.0,15.0,25.0,2.0,2.0,10.0,30.0,2.0,255.0
178.98062372207642,baseline,7078482,33.0,261.0,190.0,205.0,42.0,15.0,25.0,2.0,2.0,10.0,30.0,2.0,255.0
179.23484086990356,baseline,7078736,33.0,261.0,191.0,206.0,42.0,15.0,25.0,2.0,2.0,10.0,30.0,2.0,255.0
179.49067211151123,baseline,7078989,33.0,261.0,190.0,205.0,42.0,15.0,25.0,2.0,2.0,10.0,30.0,2.0,255.0
179.7438395023346,baseline,7079243,33.0,261.0,191.0,206.0,42.0,15.0,25.0,2.0,2.0,10.0,30.0,2.0,255.0
180.01481914520264,baseline,7079496,33.0,261.0,191.0,206.0,42.0,15.0,25.0,2.0,2.0,10.0,30.0,2.0,255.0
180.24835920333862,baseline,7079749,34.0,261.0,191.0,206.0,42.0,15.0,25.0,2.0,2.0,10.0,30.0,2.0,255.0
180.50259375572205,baseline,7080003,33.0,261.0,191.0,206.0,42.0,15.0,25.0,2.0,2.0,10.0,30.0,2.0,255.0
180.7550573348999,baseline,7080256,33.0,261.0,191.0,206.0,42.0,16.0,25.0,2.0,2.0,10.0,30.0,2.0,255.0
181.01045680046082,baseline,7080510,33.0,261.0,191.0,206.0,42.0,16.0,25.0,2.0,2.0,10.0,30.0,2.0,255.0
181.26441597938538,baseline,7080763,33.0,261.0,191.0,206.0,42.0,15.0,25.0,2.0,2.0,10.0,30.0,2.0,255.0
181.53502106666565,baseline,7081017,33.0,261.0,191.0,206.0,41.0,15.0,25.0,2.0,2.0,10.0,30.0,2.0,255.0
181.7697250843048,baseline,7081270,33.0,261.0,191.0,207.0,42.0,16.0,25.0,2.0,2.0,10.0,30.0,2.0,255.0
182.02170538902283,baseline,7081524,33.0,261.0,191.0,206.0,42.0,15.0,25.0,2.0,2.0,10.0,30.0,2.0,255.0
182.27980375289917,baseline,7081777,33.0,261.0,191.0,207.0,42.0,15.0,25.0,2.0,2.0,10.0,30.0,2.0,255.0
182.53011631965637,baseline,7082030,33.0,261.0,191.0,206.0,42.0,15.0,25.0,2.0,2.0,10.0,30.0,2.0,255.0
182.7833867073059,baseline,7082284,33.0,261.0,191.0,207.0,41.0,16.0,25.0,2.0,2.0,10.0,30.0,2.0,255.0
183.03595280647278,baseline,7082536,33.0,261.0,191.0,206.0,42.0,15.0,25.0,2.0,2.0,10.0,30.0,2.0,255.0
183.2900984287262,baseline,7082790,34.0,261.0,191.0,207.0,42.0,15.0,25.0,2.0,2.0,10.0,30.0,2.0,255.0
183.54408955574036,baseline,7083043,33.0,261.0,191.0,206.0,42.0,15.0,25.0,2.0,2.0,10.0,30.0,2.0,255.0
183.79822301864624,baseline,7083297,33.0,261.0,191.0,207.0,42.0,15.0,25.0,2.0,2.0,10.0,30.0,2.0,255.0
184.04971861839294,baseline,7083550,33.0,261.0,191.0,206.0,42.0,16.0,25.0,2.0,2.0,10.0,30.0,2.0,255.0
184.30269742012024,baseline,7083804,34.0,261.0,191.0,206.0,42.0,16.0,25.0,2.0,2.0,10.0,30.0,2.0,255.0
184.55691003799438,baseline,7084057,33.0,261.0,191.0,206.0,42.0,15.0,25.0,2.0,2.0,10.0,30.0,2.0,255.0
184.80863428115845,baseline,7084310,33.0,261.0,191.0,206.0,42.0,16.0,25.0,2.0,2.0,10.0,30.0,2.0,255.0
185.06691813468933,baseline,7084564,33.0,261.0,191.0,206.0,42.0,15.0,25.0,2.0,2.0,10.0,30.0,2.0,255.0
185.3172903060913,baseline,7084817,33.0,261.0,191.0,206.0,42.0,15.0,25.0,2.0,2.0,10.0,30.0,2.0,255.0
185.5698902606964,baseline,7085071,33.0,261.0,191.0,206.0,42.0,16.0,25.0,2.0,2.0,10.0,30.0,2.0,255.0
185.82355451583862,baseline,7085324,33.0,261.0,191.0,206.0,42.0,15.0,25.0,2.0,2.0,10.0,30.0,2.0,255.0
186.07569670677185,baseline,7085578,33.0,261.0,191.0,206.0,41.0,15.0,25.0,2.0,2.0,10.0,30.0,2.0,255.0
186.33512353897095,baseline,7085831,33.0,261.0,191.0,207.0,42.0,15.0,25.0,2.0,2.0,10.0,30.0,2.0,255.0
186.5854799747467,baseline,7086085,33.0,261.0,191.0,206.0,42.0,15.0,25.0,2.0,2.0,10.0,30.0,2.0,255.0
186.8368637561798,baseline,7086338,33.0,261.0,191.0,207.0,42.0,16.0,25.0,2.0,2.0,10.0,30.0,2.0,255.0
187.0895712375641,baseline,7086590,33.0,261.0,191.0,206.0,42.0,15.0,25.0,2.0,2.0,10.0,30.0,2.0,255.0
187.34277653694153,baseline,7086844,33.0,261.0,191.0,207.0,42.0,15.0,25.0,2.0,2.0,10.0,30.0,2.0,255.0
187.59865880012512,baseline,7087097,33.0,261.0,191.0,206.0,42.0,15.0,25.0,2.0,2.0,10.0,30.0,2.0,255.0
187.8525218963623,baseline,7087351,33.0,261.0,191.0,207.0,42.0,15.0,25.0,2.0,2.0,10.0,30.0,2.0,255.0
188.1033070087433,baseline,7087604,33.0,261.0,191.0,206.0,42.0,16.0,25.0,2.0,2.0,10.0,30.0,2.0,255.0
188.35692977905273,baseline,7087858,33.0,261.0,191.0,207.0,42.0,15.0,25.0,2.0,2.0,10.0,30.0,2.0,255.0
188.61078810691833,baseline,7088111,33.0,261.0,191.0,206.0,42.0,15.0,25.0,2.0,2.0,10.0,30.0,2.0,255.0
188.86477041244507,baseline,7088365,33.0,261.0,191.0,207.0,42.0,15.0,25.0,2.0,2.0,10.0,30.0,2.0,255.0
189.11807990074158,baseline,7088618,33.0,261.0,191.0,206.0,42.0,15.0,25.0,2.0,2.0,10.0,30.0,2.0,255.0
189.37125778198242,baseline,7088871,33.0,261.0,191.0,207.0,42.0,15.0,25.0,2.0,2.0,10.0,30.0,2.0,255.0
189.62374234199524,baseline,7089125,33.0,261.0,191.0,206.0,42.0,15.0,25.0,2.0,2.0,10.0,30.0,2.0,255.0
189.87704992294312,baseline,7089378,34.0,261.0,191.0,207.0,42.0,16.0,25.0,2.0,2.0,10.0,30.0,2.0,255.0
190.13109588623047,baseline,7089632,33.0,261.0,191.0,206.0,41.0,16.0,25.0,2.0,2.0,10.0,30.0,2.0,255.0
190.39197301864624,baseline,7089885,33.0,261.0,191.0,207.0,42.0,15.0,25.0,2.0,2.0,10.0,30.0,2.0,255.0
190.63782715797424,baseline,7090139,33.0,261.0,191.0,206.0,42.0,15.0,25.0,2.0,2.0,10.0,30.0,2.0,255.0
190.89082407951355,baseline,7090392,33.0,261.0,191.0,207.0,42.0,15.0,25.0,2.0,2.0,10.0,30.0,2.0,255.0
191.14420866966248,baseline,7090646,33.0,261.0,191.0,206.0,42.0,16.0,25.0,2.0,2.0,10.0,30.0,2.0,255.0
191.41869187355042,baseline,7090898,33.0,261.0,191.0,207.0,42.0,15.0,25.0,2.0,2.0,10.0,30.0,2.0,255.0
191.65221500396729,baseline,7091151,33.0,261.0,191.0,206.0,42.0,15.0,25.0,2.0,2.0,10.0,30.0,2.0,255.0
191.90474224090576,baseline,7091405,33.0,261.0,191.0,207.0,42.0,16.0,25.0,2.0,2.0,10.0,30.0,2.0,255.0
192.1577501296997,baseline,7091658,33.0,261.0,191.0,206.0,42.0,15.0,25.0,2.0,2.0,10.0,30.0,2.0,255.0
192.41144251823425,baseline,7091912,33.0,261.0,191.0,207.0,42.0,15.0,25.0,2.0,2.0,10.0,30.0,2.0,255.0
192.6635627746582,baseline,7092165,33.0,261.0,191.0,206.0,42.0,15.0,25.0,2.0,2.0,10.0,30.0,2.0,255.0
192.91832542419434,baseline,7092419,33.0,261.0,191.0,207.0,42.0,15.0,25.0,2.0,2.0,10.0,30.0,2.0,255.0
193.171777009964,baseline,7092672,33.0,261.0,191.0,206.0,42.0,15.0,25.0,2.0,2.0,10.0,30.0,2.0,255.0
193.44465446472168,baseline,7092926,34.0,262.0,191.0,208.0,42.0,16.0,25.0,2.0,2.0,10.0,30.0,2.0,255.0
193.67784333229065,baseline,7093179,33.0,262.0,191.0,207.0,42.0,15.0,25.0,2.0,2.0,10.0,30.0,2.0,255.0
193.93074822425842,baseline,7093432,34.0,262.0,191.0,207.0,42.0,16.0,25.0,2.0,2.0,10.0,30.0,2.0,255.0
194.18420720100403,baseline,7093686,33.0,261.0,191.0,207.0,42.0,15.0,25.0,2.0,2.0,10.0,30.0,2.0,255.0
194.4386007785797,baseline,7093939,33.0,262.0,191.0,208.0,43.0,15.0,25.0,2.0,2.0,10.0,30.0,2.0,255.0
194.69195342063904,baseline,7094193,33.0,261.0,191.0,207.0,43.0,16.0,25.0,2.0,2.0,10.0,30.0,2.0,255.0
194.9445493221283,baseline,7094446,33.0,262.0,192.0,208.0,43.0,15.0,25.0,2.0,2.0,10.0,30.0,2.0,255.0
195.1981954574585,baseline,7094700,34.0,262.0,192.0,208.0,43.0,16.0,25.0,2.0,2.0,10.0,30.0,2.0,255.0
195.45203185081482,baseline,7094952,34.0,262.0,192.0,208.0,43.0,16.0,25.0,2.0,2.0,10.0,30.0,2.0,255.0
195.7080864906311,baseline,7095206,34.0,262.0,192.0,208.0,43.0,16.0,25.0,2.0,2.0,10.0,30.0,2.0,255.0
195.96303796768188,baseline,7095459,34.0,262.0,192.0,208.0,43.0,16.0,25.0,2.0,2.0,10.0,30.0,2.0,255.0
196.23119163513184,baseline,7095712,34.0,262.0,192.0,208.0,43.0,15.0,25.0,2.0,2.0,10.0,30.0,2.0,255.0
196.46445560455322,baseline,7095966,34.0,262.0,192.0,208.0,43.0,16.0,25.0,2.0,2.0,10.0,30.0,2.0,255.0
196.71901321411133,baseline,7096219,34.0,262.0,192.0,207.0,42.0,15.0,25.0,2.0,2.0,10.0,30.0,2.0,255.0
196.97304582595825,baseline,7096473,34.0,262.0,192.0,208.0,42.0,15.0,25.0,2.0,2.0,10.0,30.0,2.0,255.0
197.23044347763062,baseline,7096726,33.0,262.0,192.0,207.0,42.0,15.0,25.0,2.0,2.0,10.0,30.0,2.0,255.0
197.47856330871582,baseline,7096980,34.0,262.0,192.0,207.0,42.0,15.0,25.0,2.0,2.0,10.0,30.0,2.0,255.0
197.7314534187317,baseline,7097233,34.0,262.0,192.0,207.0,42.0,15.0,25.0,2.0,2.0,10.0,30.0,2.0,255.0
197.98568630218506,baseline,7097487,34.0,262.0,192.0,208.0,42.0,16.0,25.0,2.0,2.0,10.0,30.0,2.0,255.0
198.23889088630676,baseline,7097740,34.0,262.0,192.0,207.0,42.0,15.0,25.0,2.0,2.0,10.0,30.0,2.0,255.0
198.49360370635986,baseline,7097993,34.0,262.0,192.0,208.0,42.0,15.0,25.0,2.0,2.0,10.0,30.0,2.0,255.0
198.74609184265137,baseline,7098247,34.0,262.0,192.0,207.0,42.0,16.0,25.0,2.0,2.0,10.0,30.0,2.0,255.0
198.99872422218323,baseline,7098500,34.0,262.0,192.0,208.0,42.0,16.0,25.0,2.0,2.0,10.0,30.0,2.0,255.0
199.25289702415466,baseline,7098754,34.0,262.0,192.0,207.0,42.0,16.0,25.0,2.0,2.0,10.0,30.0,2.0,255.0
199.50571990013123,baseline,7099006,34.0,262.0,192.0,208.0,42.0,15.0,25.0,2.0,2.0,10.0,30.0,2.0,255.0
199.75965857505798,baseline,7099260,34.0,262.0,191.0,207.0,42.0,15.0,25.0,2.0,2.0,10.0,30.0,2.0,255.0
200.01362991333008,baseline,7099513,34.0,262.0,192.0,208.0,42.0,15.0,25.0,2.0,2.0,10.0,30.0,2.0,255.0
200.26660346984863,baseline,7099767,34.0,262.0,191.0,207.0,42.0,16.0,25.0,2.0,2.0,10.0,30.0,2.0,255.0
200.5190782546997,baseline,7100020,34.0,262.0,192.0,208.0,42.0,15.0,25.0,2.0,2.0,10.0,30.0,2.0,255.0
200.7952003479004,baseline,7100274,34.0,262.0,191.0,207.0,42.0,16.0,25.0,2.0,2.0,10.0,30.0,2.0,255.0
201.0255389213562,baseline,7100527,34.0,262.0,192.0,208.0,42.0,15.0,25.0,2.0,2.0,10.0,30.0,2.0,255.0
201.28023409843445,baseline,7100780,34.0,262.0,192.0,207.0,42.0,16.0,25.0,2.0,2.0,10.0,30.0,2.0,255.0
201.53256845474243,baseline,7101034,34.0,262.0,191.0,208.0,42.0,16.0,25.0,2.0,2.0,10.0,30.0,2.0,255.0
201.78535318374634,baseline,7101287,34.0,262.0,191.0,207.0,42.0,16.0,25.0,2.0,2.0,10.0,30.0,2.0,255.0
202.03996419906616,baseline,7101541,34.0,262.0,191.0,208.0,42.0,15.0,25.0,2.0,2.0,10.0,30.0,2.0,255.0
202.2927577495575,baseline,7101794,33.0,262.0,191.0,207.0,42.0,16.0,25.0,2.0,2.0,10.0,30.0,2.0,255.0
202.54804968833923,baseline,7102048,34.0,262.0,192.0,208.0,42.0,16.0,25.0,2.0,2.0,10.0,30.0,2.0,255.0
202.80029034614563,baseline,7102301,34.0,262.0,191.0,207.0,42.0,15.0,25.0,2.0,2.0,10.0,30.0,2.0,255.0
203.05283522605896,baseline,7102555,34.0,262.0,192.0,208.0,42.0,15.0,25.0,2.0,2.0,10.0,30.0,2.0,255.0
203.30678915977478,baseline,7102808,34.0,262.0,191.0,207.0,42.0,16.0,25.0,2.0,2.0,10.0,30.0,2.0,255.0
203.56026649475098,baseline,7103060,34.0,262.0,191.0,208.0,42.0,15.0,25.0,2.0,2.0,10.0,30.0,2.0,255.0
203.81567788124084,baseline,7103314,33.0,261.0,191.0,207.0,42.0,16.0,25.0,2.0,2.0,10.0,30.0,2.0,255.0
204.06730151176453,baseline,7103567,33.0,262.0,191.0,208.0,42.0,15.0,25.0,2.0,2.0,10.0,30.0,2.0,255.0
204.3203399181366,baseline,7103821,33.0,261.0,191.0,207.0,42.0,15.0,25.0,2.0,2.0,10.0,30.0,2.0,255.0
204.57325911521912,baseline,7104074,33.0,261.0,191.0,208.0,42.0,16.0,25.0,2.0,2.0,10.0,30.0,2.0,255.0
204.82646799087524,baseline,7104328,33.0,261.0,191.0,207.0,42.0,15.0,25.0,2.0,2.0,10.0,30.0,2.0,255.0
205.08136320114136,baseline,7104581,33.0,261.0,191.0,208.0,42.0,16.0,25.0,2.0,2.0,10.0,30.0,2.0,255.0
205.3353729248047,baseline,7104835,33.0,261.0,191.0,207.0,41.0,16.0,25.0,2.0,2.0,10.0,30.0,2.0,255.0
205.5869972705841,baseline,7105088,34.0,261.0,191.0,207.0,42.0,16.0,25.0,2.0,2.0,10.0,30.0,2.0,255.0
205.840966463089,baseline,7105341,33.0,261.0,191.0,206.0,41.0,15.0,25.0,2.0,2.0,10.0,30.0,2.0,255.0
206.09384441375732,baseline,7105595,33.0,261.0,191.0,208.0,42.0,16.0,25.0,2.0,2.0,10.0,30.0,2.0,255.0
206.34643173217773,baseline,7105848,33.0,261.0,191.0,206.0,41.0,16.0,25.0,2.0,2.0,10.0,30.0,2.0,255.0
206.6027204990387,baseline,7106102,33.0,261.0,191.0,207.0,42.0,15.0,25.0,2.0,2.0,10.0,30.0,2.0,255.0
206.8543200492859,baseline,7106355,33.0,261.0,191.0,206.0,41.0,15.0,25.0,2.0,2.0,10.0,30.0,2.0,255.0
207.10832524299622,baseline,7106609,33.0,261.0,191.0,207.0,42.0,16.0,25.0,2.0,2.0,10.0,30.0,2.0,255.0
207.36072182655334,baseline,7106862,33.0,261.0,190.0,206.0,41.0,15.0,25.0,2.0,2.0,10.0,30.0,2.0,255.0
207.61374711990356,baseline,7107116,33.0,261.0,190.0,207.0,42.0,16.0,25.0,2.0,2.0,10.0,30.0,2.0,255.0
207.8687596321106,baseline,7107368,33.0,261.0,190.0,206.0,41.0,16.0,25.0,2.0,2.0,10.0,30.0,2.0,255.0
208.12185668945312,baseline,7107621,33.0,261.0,190.0,207.0,42.0,16.0,25.0,2.0,2.0,10.0,30.0,2.0,255.0
208.37513184547424,baseline,7107875,33.0,261.0,190.0,206.0,41.0,15.0,25.0,2.0,2.0,10.0,30.0,2.0,255.0
208.62739539146423,baseline,7108128,33.0,261.0,191.0,207.0,41.0,15.0,25.0,2.0,2.0,10.0,30.0,2.0,255.0
208.88058805465698,baseline,7108382,33.0,261.0,190.0,206.0,41.0,15.0,25.0,2.0,2.0,10.0,30.0,2.0,255.0
209.13718271255493,baseline,7108635,33.0,261.0,191.0,207.0,42.0,16.0,25.0,2.0,2.0,10.0,30.0,2.0,255.0
209.39077162742615,baseline,7108889,33.0,261.0,190.0,206.0,41.0,16.0,25.0,2.0,2.0,10.0,30.0,2.0,255.0
209.64121961593628,baseline,7109142,33.0,261.0,190.0,207.0,41.0,15.0,25.0,2.0,2.0,10.0,30.0,2.0,255.0
209.89459466934204,baseline,7109396,33.0,261.0,190.0,206.0,41.0,15.0,25.0,2.0,2.0,10.0,30.0,2.0,255.0
210.14776062965393,baseline,7109649,33.0,261.0,190.0,207.0,41.0,16.0,25.0,2.0,2.0,10.0,30.0,2.0,255.0
210.40168356895447,baseline,7109902,33.0,261.0,190.0,206.0,41.0,16.0,25.0,2.0,2.0,10.0,30.0,2.0,255.0
210.6561198234558,baseline,7110156,33.0,261.0,191.0,207.0,41.0,16.0,25.0,2.0,2.0,10.0,30.0,2.0,255.0
210.9082727432251,baseline,7110409,33.0,261.0,190.0,206.0,41.0,16.0,25.0,2.0,2.0,10.0,30.0,2.0,255.0
211.16141438484192,baseline,7110663,33.0,261.0,190.0,207.0,41.0,16.0,25.0,2.0,2.0,10.0,30.0,2.0,255.0
211.41469049453735,baseline,7110916,33.0,261.0,190.0,206.0,41.0,15.0,25.0,2.0,2.0,10.0,30.0,2.0,255.0
211.6683738231659,baseline,7111170,34.0,261.0,191.0,207.0,42.0,16.0,25.0,2.0,2.0,10.0,30.0,2.0,255.0
211.92275714874268,baseline,7111422,33.0,261.0,190.0,206.0,42.0,15.0,25.0,2.0,2.0,10.0,30.0,2.0,255.0
212.17564463615417,baseline,7111676,33.0,261.0,190.0,207.0,42.0,16.0,25.0,2.0,2.0,10.0,30.0,2.0,255.0
212.42843675613403,baseline,7111929,33.0,261.0,190.0,206.0,41.0,15.0,25.0,2.0,2.0,10.0,30.0,2.0,255.0
212.68174409866333,baseline,7112182,33.0,261.0,191.0,207.0,42.0,16.0,25.0,2.0,2.0,10.0,30.0,2.0,255.0
212.93545508384705,baseline,7112436,33.0,261.0,190.0,206.0,41.0,15.0,25.0,2.0,2.0,10.0,30.0,2.0,255.0
213.18964672088623,baseline,7112689,33.0,261.0,191.0,207.0,42.0,16.0,25.0,2.0,2.0,10.0,30.0,2.0,255.0
213.44360828399658,baseline,7112943,33.0,261.0,190.0,206.0,41.0,15.0,25.0,2.0,2.0,10.0,30.0,2.0,255.0
213.7167263031006,baseline,7113196,33.0,261.0,191.0,207.0,42.0,15.0,25.0,2.0,2.0,10.0,30.0,2.0,255.0
213.9490692615509,baseline,7113450,33.0,261.0,190.0,206.0,41.0,15.0,25.0,2.0,2.0,10.0,30.0,2.0,255.0
214.20308256149292,baseline,7113703,34.0,262.0,191.0,207.0,42.0,16.0,25.0,2.0,2.0,10.0,30.0,2.0,255.0
214.45555329322815,baseline,7113957,33.0,261.0,190.0,206.0,42.0,16.0,25.0,2.0,2.0,10.0,30.0,2.0,255.0
214.71084690093994,baseline,7114210,33.0,262.0,191.0,207.0,42.0,16.0,25.0,2.0,2.0,10.0,30.0,2.0,255.0
214.96287608146667,baseline,7114463,33.0,261.0,190.0,206.0,41.0,16.0,25.0,2.0,2.0,10.0,30.0,2.0,255.0
215.21584963798523,baseline,7114717,34.0,261.0,191.0,207.0,42.0,16.0,25.0,2.0,2.0,10.0,30.0,2.0,255.0
215.4690546989441,baseline,7114970,33.0,261.0,190.0,206.0,41.0,16.0,25.0,2.0,2.0,10.0,30.0,2.0,255.0
215.72261881828308,baseline,7115224,34.0,261.0,191.0,207.0,41.0,16.0,25.0,2.0,2.0,10.0,30.0,2.0,255.0
215.97798204421997,baseline,7115476,34.0,261.0,190.0,206.0,41.0,16.0,25.0,2.0,2.0,10.0,30.0,2.0,255.0
216.2304232120514,baseline,7115730,34.0,261.0,191.0,207.0,41.0,15.0,25.0,2.0,2.0,10.0,30.0,2.0,255.0
216.48274040222168,baseline,7115983,33.0,261.0,190.0,206.0,41.0,15.0,25.0,2.0,2.0,10.0,30.0,2.0,255.0
216.73581671714783,baseline,7116237,34.0,261.0,191.0,207.0,42.0,15.0,25.0,2.0,2.0,10.0,30.0,2.0,255.0
216.98991990089417,baseline,7116490,33.0,261.0,190.0,206.0,41.0,15.0,25.0,2.0,2.0,10.0,30.0,2.0,255.0
217.24643516540527,baseline,7116743,34.0,262.0,191.0,207.0,42.0,15.0,25.0,2.0,2.0,10.0,30.0,2.0,255.0
217.4989731311798,baseline,7116997,33.0,261.0,190.0,206.0,41.0,16.0,25.0,2.0,2.0,10.0,30.0,2.0,255.0
217.75046062469482,baseline,7117250,33.0,262.0,191.0,207.0,42.0,16.0,25.0,2.0,2.0,10.0,30.0,2.0,255.0
218.00358319282532,baseline,7117504,34.0,261.0,191.0,206.0,42.0,15.0,25.0,2.0,2.0,10.0,30.0,2.0,255.0
218.25695061683655,baseline,7117757,34.0,262.0,191.0,207.0,42.0,16.0,25.0,2.0,2.0,10.0,30.0,2.0,255.0
218.5104992389679,baseline,7118011,33.0,261.0,190.0,205.0,41.0,16.0,25.0,2.0,2.0,10.0,30.0,2.0,255.0
218.76575565338135,baseline,7118264,34.0,261.0,191.0,207.0,42.0,16.0,25.0,2.0,2.0,10.0,30.0,2.0,255.0
219.01871252059937,baseline,7118518,33.0,262.0,191.0,206.0,42.0,16.0,25.0,2.0,2.0,10.0,30.0,2.0,255.0
219.2694594860077,baseline,7118771,34.0,263.0,192.0,207.0,43.0,16.0,25.0,2.0,2.0,10.0,30.0,2.0,255.0
219.52426409721375,baseline,7119025,34.0,263.0,192.0,207.0,42.0,16.0,25.0,2.0,2.0,10.0,30.0,2.0,255.0
219.77922177314758,baseline,7119278,34.0,264.0,192.0,208.0,43.0,16.0,25.0,2.0,2.0,10.0,30.0,2.0,255.0
220.05179405212402,baseline,7119531,34.0,263.0,192.0,207.0,43.0,15.0,25.0,2.0,2.0,10.0,30.0,2.0,255.0
220.2848720550537,baseline,7119784,34.0,264.0,193.0,208.0,43.0,16.0,25.0,2.0,2.0,10.0,30.0,2.0,255.0
220.53741145133972,baseline,7120037,34.0,264.0,193.0,207.0,43.0,16.0,25.0,2.0,2.0,10.0,30.0,2.0,255.0
220.79200983047485,baseline,7120291,34.0,264.0,193.0,208.0,43.0,16.0,25.0,2.0,2.0,10.0,30.0,2.0,255.0
221.0443925857544,baseline,7120544,34.0,264.0,192.0,207.0,43.0,16.0,25.0,2.0,2.0,10.0,30.0,2.0,255.0
221.29846358299255,baseline,7120798,34.0,264.0,193.0,208.0,43.0,16.0,25.0,2.0,2.0,10.0,30.0,2.0,255.0
221.57192468643188,baseline,7121051,34.0,264.0,193.0,207.0,43.0,16.0,25.0,2.0,2.0,10.0,30.0,2.0,255.0
221.80465149879456,baseline,7121305,34.0,264.0,193.0,208.0,43.0,16.0,25.0,2.0,2.0,10.0,30.0,2.0,255.0
222.06242394447327,baseline,7121558,34.0,264.0,193.0,207.0,43.0,16.0,25.0,2.0,2.0,10.0,30.0,2.0,255.0
222.31078243255615,baseline,7121811,34.0,264.0,193.0,208.0,43.0,15.0,25.0,2.0,2.0,10.0,30.0,2.0,255.0
222.58532094955444,baseline,7122065,34.0,264.0,193.0,207.0,43.0,16.0,25.0,2.0,2.0,10.0,30.0,2.0,255.0
222.8190622329712,baseline,7122318,35.0,264.0,193.0,208.0,43.0,16.0,25.0,2.0,2.0,10.0,30.0,2.0,255.0
223.0708293914795,baseline,7122572,34.0,264.0,193.0,208.0,43.0,16.0,25.0,2.0,2.0,10.0,30.0,2.0,255.0
223.3243727684021,baseline,7122825,34.0,264.0,193.0,208.0,43.0,16.0,25.0,2.0,2.0,10.0,30.0,2.0,255.0
223.5777530670166,baseline,7123079,34.0,264.0,193.0,207.0,42.0,16.0,25.0,2.0,2.0,10.0,30.0,2.0,255.0
223.83052468299866,baseline,7123332,34.0,264.0,193.0,208.0,42.0,16.0,25.0,2.0,2.0,10.0,30.0,2.0,255.0
224.0858428478241,baseline,7123586,34.0,264.0,193.0,208.0,42.0,15.0,25.0,2.0,2.0,10.0,30.0,2.0,255.0
224.33805871009827,baseline,7123838,35.0,264.0,193.0,208.0,42.0,15.0,25.0,2.0,2.0,10.0,30.0,2.0,255.0
224.59137773513794,baseline,7124091,34.0,264.0,193.0,207.0,42.0,16.0,25.0,2.0,2.0,10.0,30.0,2.0,255.0
224.844496011734,baseline,7124345,35.0,264.0,193.0,208.0,42.0,16.0,25.0,2.0,2.0,10.0,30.0,2.0,255.0
225.0979039669037,baseline,7124598,34.0,263.0,193.0,207.0,42.0,16.0,25.0,2.0,2.0,10.0,30.0,2.0,255.0
225.35355257987976,baseline,7124852,34.0,264.0,193.0,208.0,42.0,16.0,25.0,2.0,2.0,10.0,30.0,2.0,255.0
225.60548853874207,baseline,7125105,34.0,263.0,193.0,207.0,42.0,16.0,25.0,2.0,2.0,10.0,30.0,2.0,255.0
225.85787343978882,baseline,7125359,34.0,263.0,193.0,208.0,42.0,15.0,25.0,2.0,2.0,10.0,30.0,2.0,255.0
226.11204171180725,baseline,7125612,34.0,263.0,193.0,207.0,42.0,15.0,25.0,2.0,2.0,10.0,30.0,2.0,255.0
226.38657307624817,baseline,7125866,34.0,263.0,193.0,208.0,42.0,16.0,25.0,2.0,2.0,10.0,30.0,2.0,255.0
226.6191327571869,baseline,7126119,34.0,263.0,193.0,207.0,42.0,15.0,25.0,2.0,2.0,10.0,30.0,2.0,255.0
226.8730309009552,baseline,7126372,34.0,263.0,192.0,208.0,42.0,15.0,25.0,2.0,2.0,10.0,30.0,2.0,255.0
227.1248278617859,baseline,7126626,33.0,263.0,192.0,207.0,42.0,15.0,25.0,2.0,2.0,10.0,30.0,2.0,255.0
227.37884616851807,baseline,7126879,34.0,263.0,192.0,208.0,43.0,16.0,25.0,2.0,2.0,10.0,30.0,2.0,255.0
227.63170957565308,baseline,7127133,34.0,263.0,192.0,207.0,42.0,16.0,25.0,2.0,2.0,10.0,30.0,2.0,255.0
227.88696098327637,baseline,7127386,34.0,263.0,192.0,208.0,42.0,15.0,25.0,2.0,2.0,10.0,30.0,2.0,255.0
228.1402871608734,baseline,7127640,34.0,263.0,192.0,207.0,42.0,15.0,25.0,2.0,2.0,10.0,30.0,2.0,255.0
228.39202451705933,baseline,7127892,34.0,263.0,192.0,208.0,42.0,16.0,25.0,2.0,2.0,10.0,30.0,2.0,255.0
228.6457347869873,baseline,7128146,34.0,263.0,192.0,207.0,41.0,16.0,25.0,2.0,2.0,10.0,30.0,2.0,255.0
228.89891695976257,baseline,7128399,34.0,263.0,193.0,208.0,42.0,15.0,25.0,2.0,2.0,10.0,30.0,2.0,255.0
229.17412400245667,baseline,7128652,34.0,263.0,192.0,207.0,42.0,15.0,25.0,2.0,2.0,10.0,30.0,2.0,255.0
229.40729761123657,baseline,7128906,34.0,263.0,192.0,208.0,42.0,15.0,25.0,2.0,2.0,10.0,30.0,2.0,255.0
229.65962505340576,baseline,7129159,33.0,263.0,192.0,208.0,42.0,15.0,25.0,2.0,2.0,10.0,30.0,2.0,255.0
229.91365385055542,baseline,7129413,34.0,263.0,192.0,208.0,42.0,15.0,25.0,2.0,2.0,10.0,30.0,2.0,255.0
230.1657109260559,baseline,7129666,34.0,262.0,192.0,207.0,42.0,16.0,25.0,2.0,2.0,10.0,30.0,2.0,255.0
230.41907572746277,baseline,7129920,34.0,263.0,192.0,208.0,42.0,16.0,25.0,2.0,2.0,10.0,30.0,2.0,255.0
230.6757779121399,baseline,7130173,34.0,262.0,192.0,207.0,42.0,15.0,25.0,2.0,2.0,10.0,30.0,2.0,255.0
230.92791056632996,baseline,7130427,34.0,263.0,192.0,208.0,42.0,16.0,25.0,2.0,2.0,10.0,30.0,2.0,255.0
231.17972111701965,baseline,7130680,34.0,263.0,192.0,207.0,41.0,16.0,25.0,2.0,2.0,10.0,30.0,2.0,255.0
231.43363618850708,baseline,7130933,34.0,263.0,192.0,208.0,42.0,16.0,25.0,2.0,2.0,10.0,30.0,2.0,255.0
231.68554615974426,baseline,7131187,34.0,262.0,192.0,207.0,42.0,16.0,25.0,2.0,2.0,10.0,30.0,2.0,255.0
231.94149899482727,baseline,7131440,34.0,263.0,192.0,208.0,42.0,16.0,25.0,2.0,2.0,10.0,30.0,2.0,255.0
232.19370532035828,baseline,7131694,34.0,262.0,192.0,207.0,42.0,15.0,25.0,2.0,2.0,10.0,30.0,2.0,255.0
232.44672632217407,baseline,7131947,34.0,263.0,192.0,208.0,41.0,16.0,25.0,2.0,2.0,10.0,30.0,2.0,255.0
232.69956374168396,baseline,7132200,34.0,262.0,192.0,207.0,41.0,16.0,25.0,2.0,2.0,10.0,30.0,2.0,255.0
232.95324039459229,baseline,7132453,34.0,263.0,192.0,208.0,42.0,15.0,25.0,2.0,2.0,10.0,30.0,2.0,255.0
233.206524848938,baseline,7132707,34.0,262.0,192.0,207.0,42.0,16.0,25.0,2.0,2.0,10.0,30.0,2.0,255.0
233.46042132377625,baseline,7132960,34.0,262.0,192.0,208.0,41.0,15.0,25.0,2.0,2.0,10.0,30.0,2.0,255.0
233.71486973762512,baseline,7133214,34.0,262.0,192.0,207.0,41.0,15.0,25.0,2.0,2.0,10.0,30.0,2.0,255.0
233.96683263778687,baseline,7133467,34.0,262.0,192.0,208.0,41.0,15.0,25.0,2.0,2.0,10.0,30.0,2.0,255.0
234.21976733207703,baseline,7133720,34.0,262.0,191.0,207.0,41.0,15.0,25.0,2.0,2.0,10.0,30.0,2.0,255.0
234.47391319274902,baseline,7133974,34.0,262.0,192.0,208.0,42.0,15.0,25.0,2.0,2.0,10.0,30.0,2.0,255.0
234.72731280326843,baseline,7134227,34.0,262.0,192.0,207.0,41.0,16.0,25.0,2.0,2.0,10.0,30.0,2.0,255.0
235.00073218345642,baseline,7134481,34.0,262.0,192.0,208.0,41.0,15.0,25.0,2.0,2.0,10.0,30.0,2.0,255.0
235.23362803459167,baseline,7134734,34.0,262.0,192.0,207.0,41.0,16.0,25.0,2.0,2.0,10.0,30.0,2.0,255.0
235.4869418144226,baseline,7134988,34.0,262.0,192.0,208.0,42.0,16.0,25.0,2.0,2.0,10.0,30.0,2.0,255.0
235.7409200668335,baseline,7135241,34.0,262.0,191.0,207.0,41.0,15.0,25.0,2.0,2.0,10.0,30.0,2.0,255.0
235.99363899230957,baseline,7135495,34.0,262.0,192.0,208.0,41.0,16.0,25.0,2.0,2.0,10.0,30.0,2.0,255.0
236.24788427352905,baseline,7135748,34.0,262.0,192.0,207.0,42.0,15.0,25.0,2.0,2.0,10.0,30.0,2.0,255.0
236.501145362854,baseline,7136001,34.0,262.0,192.0,207.0,42.0,15.0,25.0,2.0,2.0,10.0,30.0,2.0,255.0
236.7533688545227,baseline,7136254,33.0,262.0,191.0,207.0,42.0,16.0,25.0,2.0,2.0,10.0,30.0,2.0,255.0
237.02756643295288,baseline,7136507,34.0,262.0,192.0,207.0,42.0,16.0,25.0,2.0,2.0,10.0,30.0,2.0,255.0
237.26092648506165,baseline,7136761,34.0,262.0,192.0,206.0,41.0,15.0,25.0,2.0,2.0,10.0,30.0,2.0,255.0
237.5143859386444,baseline,7137014,34.0,262.0,192.0,208.0,42.0,16.0,25.0,2.0,2.0,10.0,30.0,2.0,255.0
237.76876258850098,baseline,7137268,34.0,262.0,191.0,207.0,41.0,16.0,25.0,2.0,2.0,10.0,30.0,2.0,255.0
238.02040195465088,baseline,7137521,34.0,262.0,191.0,207.0,42.0,15.0,25.0,2.0,2.0,10.0,30.0,2.0,255.0
238.27495574951172,baseline,7137775,34.0,262.0,191.0,207.0,42.0,15.0,25.0,2.0,2.0,10.0,30.0,2.0,255.0
238.5279085636139,baseline,7138028,34.0,262.0,192.0,208.0,41.0,15.0,25.0,2.0,2.0,10.0,30.0,2.0,255.0
238.7822744846344,baseline,7138281,34.0,262.0,191.0,207.0,41.0,16.0,25.0,2.0,2.0,10.0,30.0,2.0,255.0
239.03621220588684,baseline,7138535,34.0,262.0,192.0,207.0,42.0,16.0,25.0,2.0,2.0,10.0,30.0,2.0,255.0
239.28801226615906,baseline,7138788,34.0,262.0,191.0,207.0,41.0,16.0,25.0,2.0,2.0,10.0,30.0,2.0,255.0
239.54148817062378,baseline,7139042,34.0,262.0,192.0,207.0,41.0,15.0,25.0,2.0,2.0,10.0,30.0,2.0,255.0
239.7947223186493,baseline,7139295,33.0,262.0,191.0,206.0,41.0,15.0,25.0,2.0,2.0,10.0,30.0,2.0,255.0
240.04761862754822,baseline,7139549,34.0,262.0,191.0,207.0,41.0,16.0,25.0,2.0,2.0,10.0,30.0,2.0,255.0
240.30241060256958,baseline,7139802,34.0,262.0,191.0,206.0,41.0,16.0,25.0,2.0,2.0,10.0,30.0,2.0,255.0
240.55497646331787,baseline,7140056,34.0,262.0,191.0,207.0,41.0,15.0,25.0,2.0,2.0,10.0,30.0,2.0,255.0
240.8076136112213,baseline,7140308,34.0,262.0,191.0,206.0,41.0,16.0,25.0,2.0,2.0,10.0,30.0,2.0,255.0
241.06161880493164,baseline,7140561,34.0,262.0,191.0,207.0,41.0,16.0,25.0,2.0,2.0,10.0,30.0,2.0,255.0
241.3178071975708,baseline,7140815,34.0,262.0,191.0,207.0,41.0,16.0,25.0,2.0,2.0,10.0,30.0,2.0,255.0
241.57047629356384,baseline,7141068,34.0,262.0,191.0,208.0,42.0,15.0,25.0,2.0,2.0,10.0,30.0,2.0,255.0
241.82277607917786,baseline,7141322,34.0,262.0,191.0,206.0,41.0,15.0,25.0,2.0,2.0,10.0,30.0,2.0,255.0
242.0747652053833,baseline,7141575,34.0,262.0,191.0,207.0,42.0,15.0,25.0,2.0,2.0,10.0,30.0,2.0,255.0
242.3286521434784,baseline,7141829,33.0,262.0,191.0,207.0,42.0,16.0,25.0,2.0,2.0,10.0,30.0,2.0,255.0
242.58223271369934,baseline,7142082,33.0,262.0,192.0,208.0,42.0,15.0,25.0,2.0,2.0,10.0,30.0,2.0,255.0
242.83723974227905,baseline,7142336,34.0,262.0,191.0,206.0,41.0,15.0,25.0,2.0,2.0,10.0,30.0,2.0,255.0
243.09015202522278,baseline,7142589,34.0,262.0,191.0,207.0,42.0,16.0,25.0,2.0,2.0,10.0,30.0,2.0,255.0
243.34171724319458,baseline,7142842,34.0,262.0,191.0,207.0,41.0,15.0,25.0,2.0,2.0,10.0,30.0,2.0,255.0
243.59570264816284,baseline,7143096,34.0,262.0,191.0,207.0,42.0,16.0,25.0,2.0,2.0,10.0,30.0,2.0,255.0
243.84918975830078,baseline,7143349,33.0,262.0,191.0,207.0,42.0,15.0,25.0,2.0,2.0,10.0,30.0,2.0,255.0
244.1034755706787,baseline,7143603,34.0,262.0,191.0,208.0,42.0,16.0,25.0,2.0,2.0,10.0,30.0,2.0,255.0
244.3589231967926,baseline,7143856,34.0,262.0,191.0,207.0,41.0,15.0,25.0,2.0,2.0,10.0,30.0,2.0,255.0
244.61096715927124,baseline,7144110,34.0,262.0,191.0,207.0,41.0,16.0,25.0,2.0,2.0,10.0,30.0,2.0,255.0
244.8635094165802,baseline,7144363,33.0,262.0,191.0,206.0,42.0,16.0,25.0,2.0,2.0,10.0,30.0,2.0,255.0
245.11609983444214,baseline,7144616,34.0,262.0,191.0,207.0,42.0,16.0,25.0,2.0,2.0,10.0,30.0,2.0,255.0
245.3702654838562,baseline,7144869,34.0,262.0,191.0,207.0,41.0,15.0,25.0,2.0,2.0,10.0,30.0,2.0,255.0
245.62556433677673,baseline,7145122,34.0,262.0,191.0,207.0,41.0,15.0,25.0,2.0,2.0,10.0,30.0,2.0,255.0
245.87760829925537,baseline,7145376,34.0,262.0,191.0,207.0,41.0,15.0,25.0,2.0,2.0,10.0,30.0,2.0,255.0
246.1306290626526,baseline,7145629,34.0,262.0,191.0,207.0,42.0,16.0,25.0,2.0,2.0,10.0,30.0,2.0,255.0
246.38294792175293,baseline,7145883,34.0,262.0,191.0,206.0,42.0,16.0,25.0,2.0,2.0,10.0,30.0,2.0,255.0
246.63601636886597,baseline,7146136,34.0,262.0,191.0,207.0,42.0,16.0,25.0,2.0,2.0,10.0,30.0,2.0,255.0
246.89205598831177,baseline,7146390,34.0,262.0,191.0,207.0,41.0,15.0,25.0,2.0,2.0,10.0,30.0,2.0,255.0
247.14562678337097,baseline,7146643,34.0,262.0,191.0,207.0,42.0,15.0,25.0,2.0,2.0,10.0,30.0,2.0,255.0
247.3970444202423,baseline,7146897,34.0,262.0,191.0,206.0,41.0,16.0,25.0,2.0,2.0,10.0,30.0,2.0,255.0
247.64969325065613,baseline,7147150,34.0,262.0,191.0,207.0,42.0,16.0,25.0,2.0,2.0,10.0,30.0,2.0,255.0
247.9043791294098,baseline,7147403,34.0,262.0,191.0,206.0,41.0,16.0,25.0,2.0,2.0,10.0,30.0,2.0,255.0
248.1580262184143,baseline,7147657,34.0,262.0,191.0,207.0,42.0,15.0,25.0,2.0,2.0,10.0,30.0,2.0,255.0
248.41081428527832,baseline,7147910,34.0,262.0,191.0,206.0,41.0,15.0,25.0,2.0,2.0,10.0,30.0,2.0,255.0
248.66395092010498,baseline,7148164,34.0,262.0,191.0,207.0,42.0,16.0,25.0,2.0,2.0,10.0,30.0,2.0,255.0
248.9172444343567,baseline,7148417,34.0,262.0,191.0,206.0,41.0,15.0,25.0,2.0,2.0,10.0,30.0,2.0,255.0
249.17017364501953,baseline,7148670,34.0,262.0,191.0,208.0,41.0,15.0,25.0,2.0,2.0,10.0,30.0,2.0,255.0
249.42496633529663,baseline,7148923,34.0,262.0,191.0,207.0,41.0,16.0,25.0,2.0,2.0,10.0,30.0,2.0,255.0
249.67688655853271,baseline,7149177,34.0,262.0,191.0,207.0,42.0,16.0,25.0,2.0,2.0,10.0,30.0,2.0,255.0
249.93169164657593,baseline,7149430,34.0,262.0,191.0,207.0,42.0,15.0,25.0,2.0,2.0,10.0,30.0,2.0,255.0
250.1836359500885,baseline,7149684,34.0,262.0,191.0,207.0,42.0,16.0,25.0,2.0,2.0,10.0,30.0,2.0,255.0
250.43677711486816,baseline,7149937,34.0,262.0,191.0,206.0,41.0,16.0,25.0,2.0,2.0,10.0,30.0,2.0,255.0
250.6914358139038,baseline,7150190,34.0,262.0,191.0,207.0,42.0,16.0,25.0,2.0,2.0,10.0,30.0,2.0,255.0
250.94416618347168,baseline,7150444,34.0,262.0,191.0,206.0,42.0,16.0,25.0,2.0,2.0,10.0,30.0,2.0,255.0
251.1971492767334,baseline,7150697,34.0,262.0,191.0,207.0,41.0,16.0,25.0,2.0,2.0,10.0,30.0,2.0,255.0
251.4509472846985,baseline,7150951,34.0,262.0,191.0,206.0,41.0,15.0,25.0,2.0,2.0,10.0,30.0,2.0,255.0
251.70354175567627,baseline,7151204,34.0,262.0,191.0,207.0,42.0,16.0,25.0,2.0,2.0,10.0,30.0,2.0,255.0
251.95795488357544,baseline,7151458,34.0,262.0,191.0,206.0,41.0,15.0,25.0,2.0,2.0,10.0,30.0,2.0,255.0
252.2109775543213,baseline,7151711,34.0,262.0,191.0,207.0,41.0,15.0,25.0,2.0,2.0,10.0,30.0,2.0,255.0
252.46368098258972,baseline,7151965,33.0,262.0,191.0,206.0,41.0,15.0,25.0,2.0,2.0,10.0,30.0,2.0,255.0
252.71766877174377,baseline,7152218,34.0,263.0,191.0,207.0,42.0,16.0,25.0,2.0,2.0,10.0,30.0,2.0,255.0
252.97035717964172,baseline,7152471,34.0,262.0,191.0,206.0,41.0,15.0,25.0,2.0,2.0,10.0,30.0,2.0,255.0
253.2247531414032,baseline,7152724,34.0,263.0,191.0,207.0,42.0,15.0,25.0,2.0,2.0,10.0,30.0,2.0,255.0
253.4776153564453,baseline,7152977,34.0,262.0,191.0,206.0,42.0,15.0,25.0,2.0,2.0,10.0,30.0,2.0,255.0
253.73072957992554,baseline,7153231,34.0,263.0,191.0,207.0,42.0,16.0,25.0,2.0,2.0,10.0,30.0,2.0,255.0
253.98434281349182,baseline,7153484,34.0,262.0,191.0,206.0,42.0,16.0,25.0,2.0,2.0,10.0,30.0,2.0,255.0
254.237708568573,baseline,7153738,34.0,263.0,191.0,207.0,41.0,15.0,25.0,2.0,2.0,10.0,30.0,2.0,255.0
254.49187302589417,baseline,7153991,34.0,262.0,191.0,206.0,41.0,15.0,25.0,2.0,2.0,10.0,30.0,2.0,255.0
254.76459670066833,baseline,7154245,34.0,262.0,191.0,207.0,42.0,16.0,25.0,2.0,2.0,10.0,30.0,2.0,255.0
254.9975962638855,baseline,7154498,34.0,262.0,191.0,206.0,41.0,16.0,25.0,2.0,2.0,10.0,30.0,2.0,255.0
255.25142812728882,baseline,7154751,34.0,262.0,191.0,207.0,42.0,16.0,25.0,2.0,2.0,10.0,30.0,2.0,255.0
255.50450992584229,baseline,7155005,34.0,262.0,191.0,206.0,42.0,15.0,25.0,2.0,2.0,10.0,30.0,2.0,255.0
255.75812339782715,baseline,7155258,34.0,262.0,191.0,207.0,41.0,15.0,25.0,2.0,2.0,10.0,30.0,2.0,255.0
256.0118854045868,baseline,7155512,33.0,262.0,191.0,206.0,41.0,16.0,25.0,2.0,2.0,10.0,30.0,2.0,255.0
256.26437520980835,baseline,7155765,34.0,262.0,191.0,207.0,42.0,15.0,25.0,2.0,2.0,10.0,30.0,2.0,255.0
256.51835799217224,baseline,7156019,34.0,262.0,191.0,206.0,41.0,15.0,25.0,2.0,2.0,10.0,30.0,2.0,255.0
256.77139163017273,baseline,7156272,34.0,262.0,191.0,207.0,42.0,16.0,25.0,2.0,2.0,10.0,30.0,2.0,255.0
257.025043964386,baseline,7156526,34.0,262.0,191.0,206.0,41.0,15.0,25.0,2.0,2.0,10.0,30.0,2.0,255.0
257.2789180278778,baseline,7156779,34.0,263.0,191.0,207.0,41.0,16.0,25.0,2.0,2.0,10.0,30.0,2.0,255.0
257.53169417381287,baseline,7157031,34.0,262.0,191.0,206.0,42.0,16.0,25.0,2.0,2.0,10.0,30.0,2.0,255.0
257.78740882873535,baseline,7157285,34.0,263.0,191.0,207.0,42.0,16.0,25.0,2.0,2.0,10.0,30.0,2.0,255.0
258.0384564399719,baseline,7157538,34.0,262.0,191.0,206.0,41.0,16.0,25.0,2.0,2.0,10.0,30.0,2.0,255.0
258.2914869785309,baseline,7157792,34.0,262.0,191.0,207.0,42.0,16.0,25.0,2.0,2.0,10.0,30.0,2.0,255.0
258.54531145095825,baseline,7158045,34.0,262.0,191.0,206.0,41.0,15.0,25.0,2.0,2.0,10.0,30.0,2.0,255.0
258.7988839149475,baseline,7158299,34.0,262.0,191.0,207.0,42.0,15.0,25.0,2.0,2.0,10.0,30.0,2.0,255.0
259.0523121356964,baseline,7158552,34.0,262.0,191.0,206.0,42.0,16.0,25.0,2.0,2.0,10.0,30.0,2.0,255.0
259.30578112602234,baseline,7158806,34.0,263.0,191.0,207.0,42.0,16.0,25.0,2.0,2.0,10.0,30.0,2.0,255.0
259.5590434074402,baseline,7159059,34.0,262.0,191.0,206.0,42.0,15.0,25.0,2.0,2.0,10.0,30.0,2.0,255.0
259.81344270706177,baseline,7159312,34.0,263.0,191.0,207.0,42.0,15.0,25.0,2.0,2.0,10.0,30.0,2.0,255.0
260.08612847328186,baseline,7159566,34.0,262.0,191.0,206.0,42.0,16.0,25.0,2.0,2.0,10.0,30.0,2.0,255.0
260.3359708786011,baseline,7159819,34.0,263.0,191.0,207.0,42.0,16.0,25.0,2.0,2.0,10.0,30.0,2.0,255.0
260.5727524757385,baseline,7160073,34.0,262.0,191.0,206.0,42.0,15.0,25.0,2.0,2.0,10.0,30.0,2.0,255.0
260.82548809051514,baseline,7160326,34.0,262.0,191.0,207.0,42.0,16.0,25.0,2.0,2.0,10.0,30.0,2.0,255.0
261.08003067970276,baseline,7160580,34.0,262.0,191.0,206.0,42.0,16.0,25.0,2.0,2.0,10.0,30.0,2.0,255.0
261.3370313644409,baseline,7160833,34.0,263.0,191.0,207.0,42.0,16.0,25.0,2.0,2.0,10.0,30.0,2.0,255.0
261.5859887599945,baseline,7161086,34.0,262.0,191.0,206.0,41.0,16.0,25.0,2.0,2.0,10.0,30.0,2.0,255.0
261.8447961807251,baseline,7161339,34.0,263.0,191.0,207.0,42.0,15.0,25.0,2.0,2.0,10.0,30.0,2.0,255.0
262.0932672023773,baseline,7161592,34.0,262.0,191.0,206.0,42.0,16.0,25.0,2.0,2.0,10.0,30.0,2.0,255.0
262.34985065460205,baseline,7161846,34.0,262.0,191.0,207.0,42.0,16.0,25.0,2.0,2.0,10.0,30.0,2.0,255.0
262.6002731323242,baseline,7162099,34.0,262.0,191.0,206.0,41.0,15.0,25.0,2.0,2.0,10.0,30.0,2.0,255.0
262.854451417923,baseline,7162353,34.0,263.0,191.0,207.0,42.0,16.0,25.0,2.0,2.0,10.0,30.0,2.0,255.0
263.10783648490906,baseline,7162606,34.0,262.0,191.0,206.0,42.0,16.0,25.0,2.0,2.0,10.0,30.0,2.0,255.0
263.3602571487427,baseline,7162860,34.0,263.0,191.0,207.0,41.0,16.0,25.0,2.0,2.0,10.0,30.0,2.0,255.0
263.6138174533844,baseline,7163113,34.0,262.0,191.0,206.0,42.0,16.0,25.0,2.0,2.0,10.0,30.0,2.0,255.0
263.86797308921814,baseline,7163367,34.0,262.0,191.0,207.0,41.0,15.0,25.0,2.0,2.0,10.0,30.0,2.0,255.0
264.1196300983429,baseline,7163620,34.0,262.0,191.0,206.0,41.0,15.0,25.0,2.0,2.0,10.0,30.0,2.0,255.0
264.37522864341736,baseline,7163874,34.0,263.0,191.0,207.0,41.0,16.0,25.0,2.0,2.0,10.0,30.0,2.0,255.0
264.6269965171814,baseline,7164127,34.0,262.0,191.0,206.0,42.0,15.0,25.0,2.0,2.0,10.0,30.0,2.0,255.0
264.88119649887085,baseline,7164380,34.0,263.0,191.0,207.0,42.0,15.0,25.0,2.0,2.0,10.0,30.0,2.0,255.0
265.13395285606384,baseline,7164634,34.0,262.0,191.0,207.0,42.0,16.0,25.0,2.0,2.0,10.0,30.0,2.0,255.0
265.38719391822815,baseline,7164887,34.0,263.0,192.0,208.0,43.0,15.0,25.0,2.0,2.0,10.0,30.0,2.0,255.0
265.64105224609375,baseline,7165140,34.0,263.0,192.0,207.0,43.0,15.0,25.0,2.0,2.0,10.0,30.0,2.0,255.0
265.89431715011597,baseline,7165393,34.0,263.0,192.0,208.0,43.0,16.0,25.0,2.0,2.0,10.0,30.0,2.0,255.0
266.1470513343811,baseline,7165647,34.0,263.0,192.0,208.0,43.0,16.0,25.0,2.0,2.0,10.0,30.0,2.0,255.0
266.4007866382599,baseline,7165900,34.0,263.0,193.0,208.0,43.0,15.0,25.0,2.0,2.0,10.0,30.0,2.0,255.0
266.6536293029785,baseline,7166154,34.0,263.0,192.0,208.0,43.0,15.0,25.0,2.0,2.0,10.0,30.0,2.0,255.0
266.9079806804657,baseline,7166407,34.0,263.0,193.0,208.0,43.0,16.0,25.0,2.0,2.0,10.0,30.0,2.0,255.0
267.1604571342468,baseline,7166660,34.0,264.0,193.0,208.0,42.0,16.0,25.0,2.0,2.0,10.0,30.0,2.0,255.0
267.41343450546265,baseline,7166914,34.0,264.0,193.0,209.0,43.0,16.0,25.0,2.0,2.0,10.0,30.0,2.0,255.0
267.66764855384827,baseline,7167167,34.0,264.0,193.0,208.0,43.0,16.0,25.0,2.0,2.0,10.0,30.0,2.0,255.0
267.92228603363037,baseline,7167421,34.0,264.0,194.0,209.0,44.0,15.0,25.0,2.0,2.0,10.0,30.0,2.0,255.0
268.17464804649353,baseline,7167674,35.0,265.0,194.0,209.0,44.0,16.0,25.0,2.0,2.0,10.0,30.0,2.0,255.0
268.4280319213867,baseline,7167928,35.0,265.0,195.0,209.0,44.0,16.0,25.0,2.0,2.0,10.0,30.0,2.0,255.0
268.68230652809143,baseline,7168181,35.0,265.0,194.0,209.0,44.0,15.0,25.0,2.0,2.0,10.0,30.0,2.0,255.0
268.9351587295532,baseline,7168435,35.0,266.0,195.0,210.0,44.0,16.0,25.0,2.0,2.0,10.0,30.0,2.0,255.0
269.1878728866577,baseline,7168688,35.0,266.0,195.0,209.0,44.0,16.0,25.0,2.0,2.0,10.0,30.0,2.0,255.0
269.44128608703613,baseline,7168941,35.0,267.0,195.0,210.0,44.0,15.0,25.0,2.0,2.0,10.0,30.0,2.0,255.0
269.69506454467773,baseline,7169195,35.0,266.0,195.0,209.0,44.0,16.0,25.0,2.0,2.0,10.0,30.0,2.0,255.0
269.94779539108276,baseline,7169447,35.0,267.0,196.0,210.0,44.0,16.0,25.0,2.0,2.0,10.0,30.0,2.0,255.0
270.2018084526062,baseline,7169701,35.0,266.0,196.0,209.0,44.0,16.0,25.0,2.0,2.0,10.0,30.0,2.0,255.0
270.4548625946045,baseline,7169954,35.0,266.0,196.0,210.0,44.0,16.0,25.0,2.0,2.0,10.0,30.0,2.0,255.0
270.72816157341003,baseline,7170208,34.0,265.0,195.0,209.0,43.0,16.0,25.0,2.0,2.0,10.0,30.0,2.0,255.0
270.9629707336426,baseline,7170461,35.0,265.0,195.0,210.0,43.0,15.0,25.0,2.0,2.0,10.0,30.0,2.0,255.0
271.21518206596375,baseline,7170715,34.0,265.0,195.0,210.0,43.0,16.0,25.0,2.0,2.0,10.0,30.0,2.0,255.0
271.46879053115845,baseline,7170968,35.0,265.0,195.0,210.0,43.0,16.0,25.0,2.0,2.0,10.0,30.0,2.0,255.0
271.72237610816956,baseline,7171221,34.0,265.0,195.0,209.0,43.0,16.0,25.0,2.0,2.0,10.0,30.0,2.0,255.0
271.974684715271,baseline,7171475,35.0,265.0,195.0,210.0,43.0,16.0,25.0,2.0,2.0,10.0,30.0,2.0,255.0
272.2292799949646,baseline,7171728,34.0,265.0,195.0,210.0,43.0,16.0,25.0,2.0,2.0,10.0,30.0,2.0,255.0
272.50298166275024,baseline,7171982,35.0,265.0,195.0,210.0,43.0,16.0,25.0,2.0,2.0,10.0,30.0,2.0,255.0
272.73591208457947,baseline,7172235,35.0,265.0,195.0,209.0,43.0,16.0,25.0,2.0,2.0,10.0,30.0,2.0,255.0
272.9903416633606,baseline,7172489,34.0,265.0,195.0,210.0,43.0,16.0,25.0,2.0,2.0,10.0,30.0,2.0,255.0
273.2416670322418,baseline,7172742,34.0,264.0,195.0,210.0,43.0,16.0,25.0,2.0,2.0,10.0,30.0,2.0,255.0
273.4956474304199,baseline,7172996,35.0,265.0,195.0,210.0,43.0,16.0,25.0,2.0,2.0,10.0,30.0,2.0,255.0
273.7487120628357,baseline,7173249,34.0,265.0,195.0,210.0,43.0,16.0,25.0,2.0,2.0,10.0,30.0,2.0,255.0
274.0032114982605,baseline,7173502,35.0,265.0,195.0,211.0,43.0,16.0,25.0,2.0,2.0,10.0,30.0,2.0,255.0
274.255841255188,baseline,7173755,34.0,265.0,195.0,209.0,43.0,16.0,25.0,2.0,2.0,10.0,30.0,2.0,255.0
274.50939536094666,baseline,7174008,35.0,265.0,195.0,210.0,43.0,16.0,25.0,2.0,2.0,10.0,30.0,2.0,255.0
274.7634084224701,baseline,7174262,35.0,265.0,195.0,209.0,43.0,16.0,25.0,2.0,2.0,10.0,30.0,2.0,255.0
275.03741097450256,baseline,7174515,35.0,265.0,195.0,211.0,43.0,16.0,25.0,2.0,2.0,10.0,30.0,2.0,255.0
275.27074217796326,baseline,7174769,35.0,265.0,195.0,210.0,43.0,16.0,25.0,2.0,2.0,10.0,30.0,2.0,255.0
275.52292823791504,baseline,7175022,35.0,265.0,195.0,211.0,43.0,16.0,25.0,2.0,2.0,10.0,30.0,2.0,255.0
275.7775356769562,baseline,7175276,34.0,265.0,194.0,210.0,43.0,16.0,25.0,2.0,2.0,10.0,30.0,2.0,255.0
276.03099489212036,baseline,7175529,35.0,265.0,195.0,211.0,43.0,16.0,25.0,2.0,2.0,10.0,30.0,2.0,255.0
276.28537774086,baseline,7175783,35.0,265.0,195.0,210.0,43.0,16.0,25.0,2.0,2.0,10.0,30.0,2.0,255.0
276.5376441478729,baseline,7176036,35.0,265.0,195.0,211.0,44.0,16.0,25.0,2.0,2.0,10.0,30.0,2.0,255.0
276.79077911376953,baseline,7176289,35.0,265.0,195.0,210.0,43.0,16.0,25.0,2.0,2.0,10.0,30.0,2.0,255.0
277.04297947883606,baseline,7176543,35.0,265.0,195.0,211.0,43.0,16.0,25.0,2.0,2.0,10.0,30.0,2.0,255.0
277.2973551750183,baseline,7176796,35.0,265.0,195.0,210.0,43.0,16.0,25.0,2.0,2.0,10.0,30.0,2.0,255.0
277.5501401424408,baseline,7177050,35.0,265.0,195.0,211.0,43.0,16.0,25.0,2.0,2.0,10.0,30.0,2.0,255.0
277.8053648471832,baseline,7177303,35.0,265.0,195.0,210.0,43.0,16.0,25.0,2.0,2.0,10.0,30.0,2.0,255.0
278.0568904876709,baseline,7177556,35.0,266.0,195.0,211.0,43.0,16.0,25.0,2.0,2.0,10.0,30.0,2.0,255.0
278.31035256385803,baseline,7177809,34.0,265.0,195.0,210.0,43.0,16.0,25.0,2.0,2.0,10.0,30.0,2.0,255.0
278.5648512840271,baseline,7178063,35.0,266.0,195.0,211.0,43.0,16.0,25.0,2.0,2.0,10.0,30.0,2.0,255.0
278.81706166267395,baseline,7178316,35.0,265.0,195.0,210.0,43.0,16.0,25.0,2.0,2.0,10.0,30.0,2.0,255.0
279.07180976867676,baseline,7178569,35.0,266.0,195.0,211.0,43.0,16.0,25.0,2.0,2.0,10.0,30.0,2.0,255.0
279.324773311615,baseline,7178823,35.0,266.0,195.0,210.0,43.0,16.0,25.0,2.0,2.0,10.0,30.0,2.0,255.0
279.5800886154175,baseline,7179076,35.0,266.0,195.0,211.0,43.0,16.0,25.0,2.0,2.0,10.0,30.0,2.0,255.0
279.8323335647583,baseline,7179330,35.0,265.0,195.0,210.0,43.0,16.0,25.0,2.0,2.0,10.0,30.0,2.0,255.0
280.08364248275757,baseline,7179583,35.0,266.0,195.0,211.0,43.0,16.0,25.0,2.0,2.0,10.0,30.0,2.0,255.0
280.33727407455444,baseline,7179837,35.0,265.0,195.0,210.0,42.0,16.0,25.0,2.0,2.0,10.0,30.0,2.0,255.0
280.5929710865021,baseline,7180090,35.0,265.0,195.0,210.0,42.0,16.0,25.0,2.0,2.0,10.0,30.0,2.0,255.0
280.8441698551178,baseline,7180344,35.0,265.0,194.0,210.0,42.0,16.0,25.0,2.0,2.0,10.0,30.0,2.0,255.0
281.09747529029846,baseline,7180597,34.0,265.0,194.0,210.0,42.0,16.0,25.0,2.0,2.0,10.0,30.0,2.0,255.0
281.37210416793823,baseline,7180850,35.0,264.0,194.0,209.0,42.0,16.0,25.0,2.0,2.0,10.0,30.0,2.0,255.0
281.6052484512329,baseline,7181104,34.0,265.0,194.0,210.0,42.0,16.0,25.0,2.0,2.0,10.0,30.0,2.0,255.0
281.8581545352936,baseline,7181357,34.0,264.0,194.0,209.0,42.0,15.0,25.0,2.0,2.0,10.0,30.0,2.0,255.0
282.11107325553894,baseline,7181611,34.0,264.0,194.0,210.0,42.0,15.0,25.0,2.0,2.0,10.0,30.0,2.0,255.0
282.36469054222107,baseline,7181863,34.0,264.0,194.0,209.0,42.0,16.0,25.0,2.0,2.0,10.0,30.0,2.0,255.0
282.617511510849,baseline,7182117,34.0,264.0,194.0,210.0,42.0,16.0,25.0,2.0,2.0,10.0,30.0,2.0,255.0
282.8709406852722,baseline,7182370,35.0,264.0,193.0,209.0,42.0,16.0,25.0,2.0,2.0,10.0,30.0,2.0,255.0
283.14418268203735,baseline,7182624,35.0,264.0,193.0,210.0,42.0,16.0,25.0,2.0,2.0,10.0,30.0,2.0,255.0
283.37747168540955,baseline,7182877,34.0,264.0,193.0,209.0,42.0,16.0,25.0,2.0,2.0,10.0,30.0,2.0,255.0
283.63144516944885,baseline,7183130,34.0,264.0,193.0,210.0,42.0,16.0,25.0,2.0,2.0,10.0,30.0,2.0,255.0
283.8847088813782,baseline,7183384,34.0,264.0,193.0,209.0,42.0,15.0,25.0,2.0,2.0,10.0,30.0,2.0,255.0
284.138676404953,baseline,7183637,34.0,264.0,193.0,210.0,43.0,16.0,25.0,2.0,2.0,10.0,30.0,2.0,255.0
284.39566683769226,baseline,7183891,34.0,264.0,193.0,209.0,42.0,16.0,25.0,2.0,2.0,10.0,30.0,2.0,255.0
284.67173409461975,baseline,7184144,34.0,264.0,193.0,210.0,43.0,16.0,25.0,2.0,2.0,10.0,30.0,2.0,255.0
284.89809346199036,baseline,7184398,34.0,264.0,193.0,209.0,42.0,16.0,25.0,2.0,2.0,10.0,30.0,2.0,255.0
285.15354442596436,baseline,7184651,34.0,264.0,193.0,210.0,43.0,16.0,25.0,2.0,2.0,10.0,30.0,2.0,255.0
285.4052691459656,baseline,7184905,34.0,264.0,193.0,209.0,42.0,16.0,25.0,2.0,2.0,10.0,30.0,2.0,255.0
285.6797933578491,baseline,7185158,35.0,264.0,193.0,210.0,43.0,16.0,25.0,2.0,2.0,10.0,30.0,2.0,255.0
285.912326335907,baseline,7185411,34.0,264.0,193.0,209.0,42.0,16.0,25.0,2.0,2.0,10.0,30.0,2.0,255.0
286.1651198863983,baseline,7185665,34.0,264.0,194.0,210.0,43.0,16.0,25.0,2.0,2.0,10.0,30.0,2.0,255.0
286.41907119750977,baseline,7185917,34.0,264.0,193.0,209.0,42.0,16.0,25.0,2.0,2.0,10.0,30.0,2.0,255.0
286.672212600708,baseline,7186171,35.0,265.0,194.0,210.0,43.0,16.0,25.0,2.0,2.0,10.0,30.0,2.0,255.0
286.9316997528076,baseline,7186424,35.0,265.0,194.0,209.0,43.0,16.0,25.0,2.0,2.0,10.0,30.0,2.0,255.0
287.17972469329834,baseline,7186678,35.0,265.0,194.0,211.0,43.0,16.0,25.0,2.0,2.0,10.0,30.0,2.0,255.0
287.43277072906494,baseline,7186931,34.0,264.0,194.0,209.0,42.0,16.0,25.0,2.0,2.0,10.0,30.0,2.0,255.0
287.6871852874756,baseline,7187185,35.0,264.0,194.0,210.0,43.0,16.0,25.0,2.0,2.0,10.0,30.0,2.0,255.0
287.9400939941406,baseline,7187438,35.0,264.0,194.0,210.0,43.0,16.0,25.0,2.0,2.0,10.0,30.0,2.0,255.0
288.1923792362213,baseline,7187691,34.0,264.0,194.0,211.0,43.0,16.0,25.0,2.0,2.0,10.0,30.0,2.0,255.0
288.44645833969116,baseline,7187945,34.0,264.0,193.0,209.0,43.0,16.0,25.0,2.0,2.0,10.0,30.0,2.0,255.0
288.7013030052185,baseline,7188198,34.0,264.0,193.0,210.0,43.0,16.0,25.0,2.0,2.0,10.0,30.0,2.0,255.0
288.9556872844696,baseline,7188452,34.0,264.0,193.0,209.0,43.0,16.0,25.0,2.0,2.0,10.0,30.0,2.0,255.0
289.20716309547424,baseline,7188705,34.0,264.0,193.0,210.0,43.0,16.0,25.0,2.0,2.0,10.0,30.0,2.0,255.0
289.4598731994629,baseline,7188959,34.0,264.0,193.0,209.0,43.0,16.0,25.0,2.0,2.0,10.0,30.0,2.0,255.0
289.7179419994354,baseline,7189212,34.0,264.0,193.0,210.0,42.0,16.0,25.0,2.0,2.0,10.0,30.0,2.0,255.0
289.96876764297485,baseline,7189466,34.0,263.0,193.0,209.0,42.0,16.0,25.0,2.0,2.0,10.0,30.0,2.0,255.0
290.2219440937042,baseline,7189719,34.0,264.0,193.0,210.0,42.0,16.0,25.0,2.0,2.0,10.0,30.0,2.0,255.0
290.50777673721313,baseline,7189971,34.0,264.0,192.0,209.0,42.0,16.0,25.0,2.0,2.0,10.0,30.0,2.0,255.0
290.72700929641724,baseline,7190225,34.0,264.0,193.0,210.0,42.0,16.0,25.0,2.0,2.0,10.0,30.0,2.0,255.0
290.9802875518799,baseline,7190478,34.0,264.0,193.0,209.0,42.0,16.0,25.0,2.0,2.0,10.0,30.0,2.0,255.0
291.23331570625305,baseline,7190732,35.0,264.0,193.0,210.0,42.0,16.0,25.0,2.0,2.0,10.0,30.0,2.0,255.0
291.486368894577,baseline,7190985,34.0,264.0,193.0,209.0,42.0,15.0,25.0,2.0,2.0,10.0,30.0,2.0,255.0
291.7402048110962,baseline,7191239,35.0,264.0,193.0,210.0,42.0,15.0,25.0,2.0,2.0,10.0,30.0,2.0,255.0
292.0163776874542,baseline,7191492,35.0,264.0,192.0,209.0,42.0,16.0,25.0,2.0,2.0,10.0,30.0,2.0,255.0
292.2476749420166,baseline,7191746,35.0,264.0,193.0,210.0,42.0,16.0,25.0,2.0,2.0,10.0,30.0,2.0,255.0
292.50019669532776,baseline,7191999,34.0,264.0,192.0,209.0,42.0,16.0,25.0,2.0,2.0,10.0,30.0,2.0,255.0
292.75330662727356,baseline,7192253,34.0,264.0,192.0,210.0,42.0,16.0,25.0,2.0,2.0,10.0,30.0,2.0,255.0
293.007262468338,baseline,7192506,34.0,263.0,192.0,209.0,42.0,16.0,25.0,2.0,2.0,10.0,30.0,2.0,255.0
293.2601418495178,baseline,7192759,34.0,264.0,193.0,210.0,42.0,15.0,25.0,2.0,2.0,10.0,30.0,2.0,255.0
293.514123916626,baseline,7193013,34.0,263.0,192.0,209.0,42.0,16.0,25.0,2.0,2.0,10.0,30.0,2.0,255.0
293.766606092453,baseline,7193266,34.0,263.0,193.0,210.0,42.0,16.0,25.0,2.0,2.0,10.0,30.0,2.0,255.0
294.01968574523926,baseline,7193520,34.0,263.0,192.0,209.0,42.0,15.0,25.0,2.0,2.0,10.0,30.0,2.0,255.0
294.27839708328247,baseline,7193773,34.0,264.0,192.0,210.0,42.0,16.0,25.0,2.0,2.0,10.0,30.0,2.0,255.0
294.52844309806824,baseline,7194027,34.0,263.0,192.0,209.0,42.0,16.0,25.0,2.0,2.0,10.0,30.0,2.0,255.0
294.7819392681122,baseline,7194279,34.0,264.0,192.0,210.0,42.0,16.0,25.0,2.0,2.0,10.0,30.0,2.0,255.0
295.0354037284851,baseline,7194533,34.0,263.0,192.0,209.0,42.0,16.0,25.0,2.0,2.0,10.0,30.0,2.0,255.0
295.29510855674744,baseline,7194786,34.0,263.0,192.0,210.0,42.0,15.0,25.0,2.0,2.0,10.0,30.0,2.0,255.0
295.5469889640808,baseline,7195039,34.0,263.0,192.0,209.0,42.0,15.0,25.0,2.0,2.0,10.0,30.0,2.0,255.0
295.8061423301697,baseline,7195293,34.0,264.0,193.0,210.0,43.0,16.0,25.0,2.0,2.0,10.0,30.0,2.0,255.0
296.0492618083954,baseline,7195546,34.0,264.0,192.0,209.0,42.0,16.0,25.0,2.0,2.0,10.0,30.0,2.0,255.0
296.3021719455719,baseline,7195800,34.0,264.0,193.0,210.0,42.0,16.0,25.0,2.0,2.0,10.0,30.0,2.0,255.0
296.5547914505005,baseline,7196053,34.0,264.0,193.0,209.0,42.0,16.0,25.0,2.0,2.0,10.0,30.0,2.0,255.0
296.8128755092621,baseline,7196307,34.0,264.0,193.0,210.0,43.0,16.0,25.0,2.0,2.0,10.0,30.0,2.0,255.0
297.06221866607666,baseline,7196560,34.0,264.0,193.0,209.0,42.0,16.0,25.0,2.0,2.0,10.0,30.0,2.0,255.0
297.31465792655945,baseline,7196814,34.0,264.0,193.0,210.0,42.0,16.0,25.0,2.0,2.0,10.0,30.0,2.0,255.0
297.56853580474854,baseline,7197067,34.0,264.0,193.0,209.0,43.0,16.0,25.0,2.0,2.0,10.0,30.0,2.0,255.0
297.82836627960205,baseline,7197320,34.0,264.0,193.0,210.0,43.0,16.0,25.0,2.0,2.0,10.0,30.0,2.0,255.0
298.09744572639465,baseline,7197574,34.0,263.0,192.0,209.0,42.0,15.0,25.0,2.0,2.0,10.0,30.0,2.0,255.0
298.3320777416229,baseline,7197827,35.0,264.0,192.0,210.0,42.0,16.0,25.0,2.0,2.0,10.0,30.0,2.0,255.0
298.5848379135132,baseline,7198081,34.0,263.0,192.0,209.0,42.0,16.0,25.0,2.0,2.0,10.0,30.0,2.0,255.0
298.84245896339417,baseline,7198333,35.0,264.0,193.0,210.0,42.0,16.0,25.0,2.0,2.0,10.0,30.0,2.0,255.0
299.089111328125,baseline,7198587,34.0,264.0,192.0,209.0,42.0,15.0,25.0,2.0,2.0,10.0,30.0,2.0,255.0
299.343523979187,baseline,7198840,34.0,264.0,193.0,210.0,42.0,16.0,25.0,2.0,2.0,10.0,30.0,2.0,255.0
299.596661567688,baseline,7199094,34.0,264.0,193.0,209.0,42.0,16.0,25.0,2.0,2.0,10.0,30.0,2.0,255.0
299.8511836528778,baseline,7199347,34.0,264.0,193.0,210.0,43.0,16.0,25.0,2.0,2.0,10.0,30.0,2.0,255.0
300.1041419506073,baseline,7199600,34.0,264.0,193.0,209.0,42.0,16.0,25.0,2.0,2.0,10.0,30.0,2.0,255.0
