sample_id,label,duration_s,collection_date,distance_cm,wind_level,s1_baseline,s1_exp_mean,s1_exp_absmax,s1_exp_span,s1_exp_tail,s1_exp_auc_abs,s1_rec_mean,s1_rec_tail,s1_rec_slope,s1_overall_std,s2_baseline,s2_exp_mean,s2_exp_absmax,s2_exp_span,s2_exp_tail,s2_exp_auc_abs,s2_rec_mean,s2_rec_tail,s2_rec_slope,s2_overall_std,s3_baseline,s3_exp_mean,s3_exp_absmax,s3_exp_span,s3_exp_tail,s3_exp_auc_abs,s3_rec_mean,s3_rec_tail,s3_rec_slope,s3_overall_std,s4_baseline,s4_exp_mean,s4_exp_absmax,s4_exp_span,s4_exp_tail,s4_exp_auc_abs,s4_rec_mean,s4_rec_tail,s4_rec_slope,s4_overall_std,s5_baseline,s5_exp_mean,s5_exp_absmax,s5_exp_span,s5_exp_tail,s5_exp_auc_abs,s5_rec_mean,s5_rec_tail,s5_rec_slope,s5_overall_std,s6_baseline,s6_exp_mean,s6_exp_absmax,s6_exp_span,s6_exp_tail,s6_exp_auc_abs,s6_rec_mean,s6_rec_tail,s6_rec_slope,s6_overall_std
air_1,air,180,2026-05-14,0.0,1,29.0,-0.023868534482758625,0.034482758620689655,0.034482758620689655,-0.007112068965517242,0.023868534482758625,-0.00941890166028097,-0.005747126436781609,0.0002664939201384879,0.01635954556333862,222.0,-0.0016117680180180178,0.009009009009009009,0.013513513513513514,0.002702702702702703,0.0030053490990990988,0.0019811478144811483,0.004004004004004004,9.596895765447667e-05,0.003516991175287548,186.0,-0.006182795698924733,0.010752688172043012,0.010752688172043012,-0.004301075268817206,0.006182795698924733,-0.004579848665870172,-0.0025886101154918356,6.44281608187456e-05,0.0030361350239608825,197.0,-0.0073604060913705594,0.015228426395939087,0.02030456852791878,-0.0010152284263959391,0.007661802030456855,-0.0018800526414739617,-0.0012220342169580749,9.537319056636515e-05,0.005431588401214046,31.0,-0.007308467741935483,0.03225806451612903,0.06451612903225806,0.001814516129032258,0.00821572580645161,0.0013440860215053762,0.0029868578255675027,7.3599283850819e-05,0.013913415015876304,13.0,0.0001201923076923077,0.07692307692307693,0.07692307692307693,0.0,0.0001201923076923077,0.0,0.0,0.0,0.004958438098323085
air_10,air,180,2026-05-21,0.0,1,40.0,-0.0010546875,0.025,0.025,0.0,0.0010546875,0.0,0.0,0.0,0.004752761787160439,237.0,-0.0007515822784810125,0.004219409282700422,0.004219409282700422,0.0,0.0007515822784810125,0.0,0.0,0.0,0.001647872523617421,210.0,-0.0003422619047619048,0.004761904761904762,0.004761904761904762,0.0,0.0003422619047619048,0.0,0.0,0.0,0.0013336007249494834,247.0,0.0030427631578947368,0.012145748987854251,0.016194331983805668,0.005718623481781376,0.0039789979757085025,0.005941670415354625,0.005847953216374269,-1.7417174167780363e-05,0.003789442457392181,42.0,0.0018973214285714283,0.023809523809523808,0.047619047619047616,0.0035714285714285713,0.002269345238095238,0.004739858906525573,0.00837742504409171,-2.254543815293974e-05,0.006776322137006971,16.0,0.01171875,0.0625,0.0625,0.00703125,0.01171875,0.008101851851851851,0.006944444444444444,-0.00010161750195926464,0.02474881599074122
air_11,air,180,2026-05-21,0.0,1,39.0,0.014623397435897434,0.02564102564102564,0.02564102564102564,0.02532051282051282,0.014623397435897434,0.02504748338081672,0.025166191832858488,1.9459079428283332e-05,0.012817722542982213,233.0,0.004486319742489271,0.008583690987124463,0.008583690987124463,0.006303648068669529,0.004486319742489271,0.006298680654903832,0.006755682721347956,2.19325798696856e-05,0.0024313576769252727,210.0,-0.00011904761904761906,0.004761904761904762,0.009523809523809525,0.0010714285714285715,0.000818452380952381,0.0010361552028218695,0.0010582010582010583,1.2720800001384613e-05,0.002017774349786654,243.0,0.0008101851851851855,0.00823045267489712,0.01234567901234568,0.002700617283950618,0.0023405349794238693,0.0026672763298277702,0.002438652644413962,-5.027935917617827e-06,0.003135915799201813,42.0,0.0069568452380952385,0.023809523809523808,0.023809523809523808,0.015625,0.0069568452380952385,0.016865079365079364,0.011463844797178132,-0.00019954518253866566,0.01058533893536165,18.0,0.04661458333333334,0.05555555555555555,0.05555555555555555,0.055555555555555566,0.04661458333333334,0.05555555555555557,0.05555555555555554,-3.7302137131610463e-34,0.023557180064018152
air_12,air,180,2026-05-22,0.0,1,26.0,-0.030769230769230764,0.038461538461538464,0.038461538461538464,-0.03822115384615384,0.030769230769230764,-0.03828347578347577,-0.037749287749287756,1.9430503146772237e-05,0.016783539853447483,200.0,-0.010390625,0.015,0.02,-0.013437500000000002,0.01065625,-0.013171296296296299,-0.014166666666666668,-4.301194171714835e-05,0.006076668464928861,175.0,-0.007446428571428572,0.011428571428571429,0.022857142857142857,-0.010928571428571428,0.009125,-0.011005291005291006,-0.010158730158730157,2.661255730563568e-05,0.006855070728934037,216.0,-0.0041666666666666675,0.013888888888888888,0.023148148148148147,-0.004658564814814815,0.005656828703703704,-0.004951131687242798,-0.004715363511659808,3.057937738140043e-05,0.005960649425715613,27.0,-0.031886574074074074,0.07407407407407407,0.1111111111111111,-0.03796296296296296,0.03200231481481482,-0.03772290809327846,-0.03772290809327846,-1.8102251129999324e-05,0.016386282402048234,14.0,0.0062499999999999995,0.07142857142857142,0.07142857142857142,0.0017857142857142857,0.0062499999999999995,0.0016534391534391531,0.0,-5.38756407226903e-05,0.021961164070423658
air_13,air,180,2026-05-22,0.0,1,34.0,-0.009237132352941175,0.029411764705882353,0.029411764705882353,-0.004411764705882353,0.009237132352941175,-0.0054466230936819175,-0.00326797385620915,0.00013601070637002613,0.013684794570472,218.0,-0.007583142201834864,0.013761467889908258,0.013761467889908258,-0.007855504587155965,0.007583142201834864,-0.008197417601087326,-0.0072205232755691495,5.503588292252042e-05,0.003607544883043289,203.0,-0.004087130541871921,0.009852216748768473,0.009852216748768473,-0.0049261083743842365,0.004087130541871921,-0.00490330231709542,-0.0049261083743842365,-2.4192250248732903e-06,0.0026793705216795393,225.0,-0.0044375,0.013333333333333334,0.017777777777777778,-0.0026944444444444446,0.004645833333333333,-0.0029012345679012346,-0.0026337448559670784,3.7752484548576915e-05,0.0037771591168472922,37.0,-0.0043074324324324335,0.02702702702702703,0.05405405405405406,-0.0008445945945945946,0.004645270270270271,-0.000875875875875876,-0.0005005005005005005,1.8607833816410374e-05,0.009982749417853827,13.0,0.0,0.0,0.0,0.0,0.0,0.0,0.0,0.0,0.0
air_14,air,180,2026-05-24,0.0,2,46.0,-0.007235054347826087,0.021739130434782608,0.021739130434782608,-0.005027173913043479,0.007235054347826087,-0.0067431561996779375,-0.00322061191626409,0.00022991704686904898,0.009978633719840408,237.0,-0.0043908227848101266,0.008438818565400843,0.008438818565400843,-0.004351265822784809,0.0043908227848101266,-0.004707766838568526,-0.0042194092827004225,3.917217035356218e-05,0.0022535272995224775,218.0,-0.0036267201834862387,0.009174311926605505,0.013761467889908258,-0.0041571100917431195,0.0037413990825688075,-0.004268603465851173,-0.0045871559633027525,8.729743794711081e-07,0.002682249922498833,260.0,-0.004423076923076923,0.011538461538461539,0.015384615384615385,-0.0034375000000000005,0.0047836538461538455,-0.004042022792022793,-0.0022079772079772082,9.831859751750228e-05,0.00394977629383402,44.0,-0.000603693181818182,0.022727272727272728,0.045454545454545456,-0.0004261363636363636,0.0014559659090909091,-0.0008417508417508418,0.0,5.3402926797295174e-05,0.007458918229829451,19.0,0.002384868421052631,0.05263157894736842,0.05263157894736842,0.0003289473684210526,0.002384868421052631,0.00024366471734892786,0.0009746588693957114,2.362178105467088e-05,0.012343447897711747
air_15,air,180,2026-05-24,0.0,2,50.0,0.007218749999999999,0.02,0.02,0.0024999999999999996,0.007218749999999999,0.0023148148148148147,0.00037037037037037035,-6.498752711189786e-05,0.009670674664375673,243.0,-0.00026363168724279843,0.00411522633744856,0.00823045267489712,-0.0012860082304526753,0.00041795267489711944,-0.0010097546105776562,-0.002133821063862216,-5.411638081672157e-05,0.0014698696446733424,220.0,-0.00029829545454545457,0.004545454545454545,0.004545454545454545,-0.0007386363636363636,0.00029829545454545457,-0.0008417508417508418,-0.000925925925925926,-4.058080594515675e-06,0.0010660250457114693,274.0,0.0036781478102189775,0.010948905109489052,0.014598540145985401,0.0032162408759124086,0.0036895529197080294,0.002855501486888348,0.003041362530413625,2.1548681140229056e-05,0.003246958100459678,49.0,0.008864795918367346,0.02040816326530612,0.02040816326530612,0.009566326530612245,0.008864795918367346,0.007936507936507934,0.009070294784580499,0.00011584603077515291,0.010068074448244323,20.0,0.0,0.0,0.0,0.0,0.0,0.0,0.0,0.0,0.0
air_16,air,130,2026-05-26,0.0,1,58.0,-0.0007394722503308164,0.017241379310344827,0.017241379310344827,-0.0027958993476234852,0.0007394722503308164,-0.0020865363496595647,-0.006896551724137931,-0.00021880966016295006,0.0032289572593338597,249.0,0.0019581712855938427,0.004016064257028112,0.004016064257028112,0.00155577264010999,0.0019581712855938427,0.0013557414370859234,0.0006024096385542168,-2.162455009805561e-06,0.001999524606062276,230.0,0.0016880950044165283,0.004347826086956522,0.004347826086956522,0.002506854680767724,0.0016880950044165283,0.002326225422320687,0.0025,2.4051266567495535e-05,0.0021286200692937915,293.0,0.002935307668009769,0.010238907849829351,0.013651877133105802,0.0010146665436767826,0.0034900114792872053,0.0014130127605921608,-8.532423208191125e-05,-8.813183543138381e-05,0.0032323854191954548,60.0,-0.014258841234010534,0.03333333333333333,0.03333333333333333,-0.019669669669669664,0.014258841234010534,-0.018789808917197455,-0.025,-0.0002680179797162532,0.0086502025441533,20.0,0.0,0.0,0.0,0.0,0.0,0.0,0.0,0.0,0.0
air_17,air,130,2026-05-26,0.0,1,44.0,-0.0024625487379437722,0.022727272727272728,0.022727272727272728,-0.0012285012285012287,0.0024625487379437722,-0.0021713954834973945,-0.0022727272727272726,7.787420304159361e-05,0.006747957864728051,226.0,9.988213907589042e-05,0.004424778761061947,0.008849557522123894,-7.97257434425576e-05,0.0006192692622705207,-0.00022546643368468518,-0.0004424778761061947,7.580812091860341e-06,0.0015575023435874075,209.0,-0.0015120913303163508,0.004784688995215311,0.004784688995215311,-0.0018966334755808436,0.0015120913303163508,-0.002041873647639655,-0.0019138755980861242,2.271805728199559e-05,0.002256734302831306,264.0,-0.0005130309870716188,0.007575757575757576,0.015151515151515152,0.0018086268086268081,0.004104247896572952,0.0009891912758154796,0.0003787878787878788,6.327263705379534e-05,0.004789645834358015,46.0,-0.006183138678967514,0.021739130434782608,0.043478260869565216,-0.006071288679984331,0.006281283737363822,-0.0074771531431736355,-0.009239130434782607,7.395211118885826e-05,0.009658693848864749,18.0,0.001379483320792576,0.05555555555555555,0.05555555555555555,0.0025025025025025025,0.001379483320792576,0.0021231422505307855,0.0013888888888888887,2.8553835146359646e-05,0.009861140387312475
air_18,air,130,2026-05-27,0.0,1,55.0,-0.007387646213831317,0.01818181818181818,0.03636363636363636,-0.0031122031122031123,0.007469731171762775,-0.003937463810075275,-0.0013636363636363635,0.00013773895306801355,0.010195988684119582,248.0,-0.006517148474477535,0.012096774193548387,0.012096774193548387,-0.0050130775937227545,0.006517148474477535,-0.0053934662009451385,-0.003830645161290322,6.765627717144238e-05,0.0032639016779356877,230.0,-0.0031602708803611743,0.008695652173913044,0.008695652173913044,-0.0009400705052878967,0.0031602708803611743,-0.0012184990307394074,-0.0002173913043478261,4.879407107696407e-05,0.002613660770858524,280.0,-0.0035311189938729446,0.007142857142857143,0.010714285714285714,-0.0022522522522522522,0.00362786198000645,-0.0023885350318471337,-0.002410714285714286,3.6284426866366985e-06,0.003264256720711179,54.0,0.001964718669007608,0.018518518518518517,0.037037037037037035,0.005672339005672338,0.004305660061867736,0.0066053314460957765,0.0060185185185185185,-0.00018289356176381442,0.008887238281949409,17.0,0.0006639224538573894,0.058823529411764705,0.058823529411764705,0.0021197668256491787,0.0006639224538573894,0.0014986886474334957,0.004411764705882353,0.00015190053441608764,0.005729422501188262
air_19,air,130,2026-05-27,0.0,2,47.0,0.005907497238365112,0.02127659574468085,0.0425531914893617,0.014567759248610309,0.006099610969694059,0.012332294348827752,0.01382978723404255,0.00027364401027714364,0.009522792433479931,234.0,-0.0001350543111265459,0.008547008547008548,0.012820512820512822,0.002348502348502348,0.0014277170033377708,0.0016604061190048452,0.0019230769230769232,8.911197151724581e-05,0.0025589055342678945,219.0,-0.0034323881381613528,0.0091324200913242,0.0136986301369863,-0.0009461516310831379,0.003535462857025057,-0.0019777215484396357,-0.0012557077625570776,0.00011594618232606632,0.002506941647417795,262.0,0.00579842503403236,0.015267175572519083,0.019083969465648856,0.01010934598720858,0.006143056536798028,0.008994991977439588,0.009255725190839694,0.00011116182822021247,0.004554277004351173,47.0,-0.001680995149128284,0.0425531914893617,0.06382978723404255,0.004983707111366685,0.0045627011190624844,0.0035235126710936437,0.0015957446808510637,7.003714551003641e-05,0.009409150698562307,14.0,0.01257658819735569,0.07142857142857142,0.07142857142857142,0.011583011583011582,0.01257658819735569,0.012738853503184714,0.005357142857142857,-0.0003583720855292665,0.028322148293366732
air_2,air,180,2026-05-15,0.0,1,34.0,-0.022702205882352944,0.029411764705882353,0.029411764705882353,-0.02665441176470588,0.022702205882352944,-0.024782135076252727,-0.029411764705882342,-0.0002769672154612591,0.013604590135171936,236.0,-0.004846398305084746,0.00847457627118644,0.00847457627118644,-0.00656779661016949,0.004846398305084746,-0.005963590709353422,-0.008474576271186437,-0.00011186171426420878,0.002421597294716508,197.0,-0.005607550761421319,0.01015228426395939,0.015228426395939085,-0.007106598984771574,0.005639276649746193,-0.0066036849031772885,-0.008554239518706522,-9.260969255400161e-05,0.0033163232017277364,227.0,-0.006965859030837004,0.01762114537444934,0.022026431718061675,-0.011040748898678416,0.007310022026431719,-0.009891499428944362,-0.014113232174906185,-0.0001957150127491054,0.005311734103117719,38.0,-0.001069078947368421,0.02631578947368421,0.05263157894736842,-0.004276315789473684,0.0014802631578947367,-0.0031676413255360618,-0.009259259259259257,-0.0002249381737401012,0.007340941002001991,15.0,0.014166666666666666,0.06666666666666667,0.06666666666666667,0.005416666666666667,0.014166666666666666,0.00617283950617284,0.0024691358024691358,-0.00014754713413158777,0.0283836462171329
air_20,air,125,2026-05-28,0.0,2,45.0,0.014308176100628931,0.022222222222222223,0.022222222222222223,0.021593291404612157,0.014308176100628931,0.020456217807211182,0.02105263157894737,9.416696391116266e-05,0.011521416815902272,225.0,0.007190775681341719,0.013333333333333334,0.013333333333333334,0.009475890985324947,0.007190775681341719,0.009065489330389991,0.010058479532163744,6.597465912826837e-05,0.0033935046711979122,211.0,-0.0015425198962711261,0.004739336492890996,0.004739336492890996,-8.942144326209426e-05,0.0015425198962711261,-0.0009102036973101913,0.0,9.858477404380354e-05,0.0022543540969020724,251.0,0.007037886191084717,0.0199203187250996,0.02390438247011952,0.011952191235059759,0.007075471698113207,0.010237196907733306,0.014363598238624448,0.00028106927589600776,0.004902847395666086,46.0,0.008305988515176374,0.021739130434782608,0.021739130434782608,0.01579163248564397,0.008305988515176374,0.012957097610135334,0.020022883295194506,0.0004441278377761106,0.010190510865639973,14.0,-0.005390835579514824,0.07142857142857142,0.07142857142857142,-0.008086253369272236,0.005390835579514824,-0.008041627246925259,-0.011278195488721802,-0.0001306899162096485,0.018174435394235907
air_21,air,125,2026-05-28,0.0,2,23.0,-0.013567684242984893,0.043478260869565216,0.08695652173913043,-0.03158326497128794,0.016651248843663275,-0.0316729052692197,-0.03318077803203661,-0.00012917995671451741,0.024203295339020516,180.0,-0.013291305489887049,0.022222222222222223,0.02777777777777778,-0.01892033542976939,0.013816653532965588,-0.01909492273730684,-0.018567251461988316,1.9258914435082794e-05,0.008275927521052186,169.0,-0.010841131954061582,0.01775147928994083,0.023668639053254437,-0.016188455956235352,0.01114888021598333,-0.015792154865002555,-0.016038617253192146,-5.61631420203819e-05,0.007054215538496166,210.0,-0.007024653833164472,0.023809523809523808,0.03809523809523809,-0.017475292003593886,0.009771473601260834,-0.01617786187322611,-0.017919799498746863,-0.00019612010029484877,0.00945076030982288,29.0,-0.04181951577402789,0.06896551724137931,0.06896551724137931,-0.0575797007156799,0.04181951577402789,-0.056862297328157105,-0.054446460980036304,-4.743389807165196e-05,0.02298719438224406,12.0,-0.002758077226162332,0.08333333333333333,0.08333333333333333,-0.007861635220125786,0.002758077226162332,-0.006622516556291391,-0.0043859649122807015,-0.00017194708654679505,0.013721101141946761
air_22,air,180,2026-05-29,0.0,3,50.0,-0.0008310249307479226,0.04,0.06,-0.005274725274725276,0.005484764542936288,-0.0015151515151515147,-0.01878787878787879,-0.0010569204648493468,0.009746264382905259,233.0,-0.0006538822774125284,0.008583690987124463,0.017167381974248927,-0.001839362354383814,0.002389642504725786,-0.0007153075822603725,-0.007543243594745741,-0.0003992544644531792,0.0034651286177333133,205.0,0.0009999324369975003,0.00975609756097561,0.014634146341463414,0.0019297775395336369,0.0011891088439970271,0.0022172949002217295,-0.0007390983000739098,-0.00017088580571573563,0.0023435244238409403,258.0,-0.0022761923167772553,0.011627906976744186,0.01937984496124031,-0.0028963284777238276,0.004015546822993837,-0.0009983556495184408,-0.008809020436927413,-0.0004982630696119094,0.004251308465602978,50.0,0.001440443213296399,0.04,0.06,-0.003956043956043957,0.007423822714681441,0.00196969696969697,-0.019393939393939397,-0.0014249439385878322,0.011742414467249107,13.0,-0.00042616663115278077,0.07692307692307693,0.07692307692307693,0.0,0.00042616663115278077,0.0,0.0,0.0,0.005174352652779281
air_23,air,180,2026-05-29,0.0,3.0,29.0,0.002769481401031768,0.034482758620689655,0.034482758620689655,0.008891780524831928,0.002769481401031768,0.00725104737350951,0.017879948914431672,0.0003858935144866467,0.009039459324312583,194.0,-0.00032470168033119583,0.005154639175257732,0.010309278350515464,0.00230175711599559,0.0016884487377222177,0.0019028808170343959,0.00515463917525773,0.00011042450670152461,0.0028402192567053798,179.0,-0.0036070910130647075,0.01675977653631285,0.01675977653631285,-0.0005973085977302274,0.0036070910130647075,-0.0007309559860074141,0.0,3.2562003553868447e-05,0.002890070730680174,219.0,0.009837126523568114,0.0228310502283105,0.0228310502283105,0.015393009965250854,0.009837126523568114,0.015149575385140614,0.015389819042787077,2.4584785407402262e-05,0.006142345901836358,32.0,0.03243110236220473,0.0625,0.0625,0.04893867924528302,0.03243110236220473,0.04658294392523365,0.052083333333333336,0.0003199615036947482,0.018431525618255565,12.0,0.0024934383202099737,0.08333333333333333,0.08333333333333333,0.006813417190775681,0.0024934383202099737,0.005451713395638629,0.012345679012345678,0.00018325379721016865,0.013411882653777647
air_24,air,180,2026-05-30,0.0,2,61.0,-0.004815573770491804,0.01639344262295082,0.03278688524590164,-0.007581967213114754,0.007377049180327869,-0.008424408014571947,-0.009107468123861569,5.7818943843867166e-05,0.009508424153351649,249.0,-0.004756526104417671,0.008032128514056224,0.012048192771084336,-0.0054969879518072294,0.005045180722891567,-0.005763795924438494,-0.006172839506172839,1.0531460416719234e-05,0.003008697738177947,227.0,-0.0015143171806167401,0.00881057268722467,0.013215859030837006,-0.004047356828193833,0.0031387665198237885,-0.0038342307064774023,-0.004405286343612335,-3.333120941087586e-05,0.0034659986119458673,288.0,-0.004378255208333333,0.013888888888888888,0.017361111111111112,-0.0064453125,0.0048990885416666675,-0.006799768518518519,-0.005851337448559669,5.4215516581771414e-05,0.004479476973167029,64.0,-0.007421875,0.03125,0.046875,-0.01416015625,0.009765625,-0.014467592592592593,-0.015046296296296295,-1.0721277062390916e-05,0.010540193094935568,15.0,0.00020833333333333337,0.06666666666666667,0.13333333333333333,-0.00041666666666666664,0.00041666666666666664,-0.00030864197530864197,0.0,6.109058275994151e-06,0.005552454305639265
air_25,air,180,2026-05-30,0.0,2,62.0,0.0016129032258064516,0.016129032258064516,0.03225806451612903,0.0043346774193548385,0.0019657258064516127,0.0047043010752688165,0.0002986857825567503,-0.000129364416678733,0.005254304504832259,250.0,-0.0005937499999999999,0.004,0.008,0.00047500000000000005,0.0008312500000000001,0.00035185185185185184,0.0,-6.326030771625741e-06,0.001694802626191072,228.0,-0.004283168859649122,0.008771929824561403,0.008771929824561403,-0.0043859649122807015,0.004283168859649122,-0.0043859649122807015,-0.004385964912280703,0.0,0.001738536432060642,289.0,-0.0027789792387543253,0.006920415224913495,0.010380622837370242,-0.0020328719723183395,0.0029952422145328723,-0.0024830193515314623,-0.0017301038062283738,4.8292752114275324e-05,0.0025185665234359386,65.0,-0.01807692307692308,0.03076923076923077,0.03076923076923077,-0.01730769230769231,0.01807692307692308,-0.018233618233618236,-0.01652421652421652,0.0001232125829466643,0.008642207132390342,15.0,0.0035416666666666665,0.06666666666666667,0.06666666666666667,0.00041666666666666664,0.0035416666666666665,0.0006172839506172839,0.0,-3.289958020758394e-05,0.01911724927370184
air_26,air,180,2026-05-30,0.0,2,62.0,-0.006829637096774192,0.016129032258064516,0.016129032258064516,-0.011391129032258062,0.006829637096774192,-0.010005973715651132,-0.014934289127837515,-0.000256123495483175,0.007916765829713526,249.0,3.1375502008032085e-05,0.004016064257028112,0.008032128514056224,-0.0007530120481927711,0.00040788152610441765,-0.0005577867023650157,-0.0013386880856760372,-3.940763971270198e-05,0.0012518530494787911,227.0,-0.0004749449339207049,0.004405286343612335,0.00881057268722467,0.0003303964757709252,0.0006676762114537447,0.00018355359765051397,0.0011421112742698648,2.375633287790188e-05,0.0015618588735644048,288.0,-0.0008246527777777778,0.006944444444444444,0.010416666666666666,-0.0009331597222222226,0.0023003472222222223,-0.001639660493827161,0.0007073045267489712,9.552396437076209e-05,0.0030129492517918773,64.0,-0.0081298828125,0.03125,0.046875,-0.00732421875,0.0085205078125,-0.009548611111111112,0.0023148148148148147,0.00043308903422319513,0.008270797487451693,15.0,0.00010416666666666666,0.06666666666666667,0.06666666666666667,0.0,0.00010416666666666666,0.0,0.0,0.0,0.003511190770284931
air_27,air,180,2026-05-30,0.0,1,60.0,-0.0002604166666666667,0.016666666666666666,0.03333333333333333,0.00010416666666666666,0.0005729166666666667,0.0,0.0,8.772421510367182e-06,0.0034041184205781546,247.0,-0.000980516194331984,0.004048582995951417,0.004048582995951417,-0.00045546558704453435,0.000980516194331984,-0.0005060728744939271,-7.497375918428551e-05,2.3145416046319462e-05,0.0017409080914168446,226.0,-0.001209900442477876,0.004424778761061947,0.008849557522123894,-0.0011338495575221239,0.001251382743362832,-0.0017822025565388396,-0.0014749262536873156,4.950062327425372e-05,0.002060392591041433,285.0,0.006052631578947368,0.010526315789473684,0.010526315789473684,0.006096491228070175,0.006052631578947368,0.005799220272904483,0.0033138401559454195,-5.020203769232798e-05,0.0035925618786595975,62.0,0.017540322580645158,0.03225806451612903,0.03225806451612903,0.021270161290322578,0.017540322580645158,0.01986260454002389,0.016129032258064516,-5.7001022274288335e-05,0.009380471258960398,15.0,-0.0010416666666666669,0.06666666666666667,0.06666666666666667,-0.00041666666666666664,0.0010416666666666669,-0.000925925925925926,-0.0012345679012345679,1.8014975104450067e-05,0.008540438712782162
air_28,air,180,2026-05-30,0.0,1,54.0,-0.0011556017796267406,0.018518518518518517,0.037037037037037035,-0.003910743041177823,0.0013867221355520886,-0.0026577503429355276,-0.0051440329218107,-0.00014729450894521167,0.00584159241422979,237.0,-0.0012046051462311655,0.004219409282700422,0.004219409282700422,-0.002358675996540608,0.0012046051462311655,-0.0017580872011251755,-0.0030473511486169714,-8.225089046770217e-05,0.0020920416908287547,220.0,-0.0016097007516664302,0.004545454545454545,0.004545454545454545,-0.0023997741389045735,0.0016097007516664302,-0.0017887205387205393,-0.001936026936026936,-5.9416699798284785e-05,0.0021999790720730575,268.0,-0.004261065965026661,0.014925373134328358,0.018656716417910446,-0.00681375730045425,0.004295992735231797,-0.005683388612493089,-0.005735212824765064,-9.045677384534462e-05,0.003492932684447453,57.0,-0.003256972384158524,0.017543859649122806,0.017543859649122806,-0.009153318077803204,0.003256972384158524,-0.0069850552306692645,-0.004548408057179987,-0.00012243442093075018,0.006667291829721384,15.0,-0.03931357254290172,0.06666666666666667,0.06666666666666667,-0.04554865424430642,0.03931357254290172,-0.04290123456790123,-0.04444444444444446,-0.00015367476266843732,0.03295619988880864
air_29,air,180,2026-05-31,0.0,1,43.0,-0.012572674418604652,0.023255813953488372,0.023255813953488372,-0.016133720930232555,0.012572674418604652,-0.015180878552971573,-0.018087855297157625,-0.00016956415121126766,0.011612500439871326,214.0,-0.0007520443925233644,0.004672897196261682,0.009345794392523364,-0.001606308411214953,0.0011463200934579438,-0.0015359986154378678,-0.0019037729318103149,-3.262197361800311e-05,0.00220498844209946,195.0,-0.0021554487179487178,0.005128205128205128,0.005128205128205128,-0.0018269230769230771,0.0021554487179487178,-0.0016856600189933523,-0.0018993352326685657,-3.2932583340569916e-05,0.00251287784416873,245.0,0.0025573979591836738,0.012244897959183673,0.020408163265306124,0.002602040816326531,0.004394132653061225,0.002985638699924414,0.0012849584278155706,-7.030079940707527e-05,0.0053402120560465775,43.0,0.007739825581395349,0.023255813953488372,0.046511627906976744,0.003924418604651163,0.008248546511627906,0.006136950904392763,0.0034453057708871662,-0.00026858149786212034,0.012211985075300231,15.0,0.0014583333333333334,0.06666666666666667,0.06666666666666667,0.00041666666666666664,0.0014583333333333334,0.00030864197530864197,0.0,-8.302486496883114e-06,0.01197506484262434
air_3,air,180,2026-05-15,0.0,1,35.0,-8.914642299977716e-05,0.02857142857142857,0.05714285714285714,0.002129547471162378,0.0011589034989971027,0.0015873015873015873,0.0026455026455026454,8.727606161778304e-05,0.006015014387776641,239.0,0.003048322769730873,0.008368200836820083,0.012552301255230124,0.005509498687595831,0.0030613776852329317,0.0051720130172013,0.006896017356268404,6.493742460775186e-05,0.0025698017658371225,192.0,-0.0008206578263130525,0.005208333333333333,0.010416666666666666,-9.704968944099378e-05,0.0012756760270410815,-7.233796296296296e-05,0.0,2.8271258316451746e-06,0.00251020027711763,237.0,0.002586938920594798,0.012658227848101266,0.016877637130801686,0.005189087192389338,0.003363678850951506,0.0050984528832630095,0.00593842787935615,4.7302420370219044e-05,0.003780482550367345,38.0,0.0030790705312423025,0.02631578947368421,0.05263157894736842,0.008336057535142202,0.0032432876262418918,0.007553606237816763,0.01120857699805068,0.00019614167213605487,0.008941988860748264,16.0,0.0,0.0,0.0,0.0,0.0,0.0,0.0,0.0,0.0
air_30,air,180,2026-05-31,0.0,1,42.0,0.01834930540078746,0.047619047619047616,0.047619047619047616,0.024105294291629692,0.01834930540078746,0.0240299823633157,0.023809523809523798,3.355584594810919e-07,0.011599509089229212,213.0,0.0053320442676862,0.009389671361502348,0.014084507042253521,0.007756685037762808,0.005449232053789193,0.007563901930099111,0.0070422535211267625,5.471879789240346e-06,0.004084855958837371,194.0,0.0024044260739501744,0.010309278350515464,0.010309278350515464,0.005186655567650638,0.0024044260739501744,0.004653493699885453,0.00515463917525773,4.608663367313612e-05,0.0025814527124254152,244.0,0.010914043119101813,0.020491803278688523,0.020491803278688523,0.011938702779757662,0.010914043119101813,0.011934578020643594,0.00986642380085003,-4.638813448673895e-05,0.0058758363094550065,43.0,0.009759460145847693,0.023255813953488372,0.023255813953488372,0.009966777408637871,0.009759460145847693,0.009905254091300601,0.0038759689922480615,-0.00011989164770929536,0.012021363287495578,15.0,0.0,0.0,0.0,0.0,0.0,0.0,0.0,0.0,0.0024827940144059118
air_31,air,180,2026-05-31,0.0,1,39.0,-0.03373397435897436,0.05128205128205128,0.05128205128205128,-0.041346153846153845,0.03373397435897436,-0.04071699905033239,-0.03846153846153845,4.319949682196471e-05,0.014231711500268822,206.0,-0.007054004854368931,0.014563106796116505,0.014563106796116505,-0.009769417475728154,0.007054004854368931,-0.009731211794318588,-0.008809780654440847,2.2391021928539252e-05,0.004600926748083561,192.0,-0.005159505208333333,0.010416666666666666,0.010416666666666666,-0.00849609375,0.005159505208333333,-0.0077642746913580245,-0.008777006172839507,-7.930414653305629e-05,0.003908059285929064,235.0,-0.011668882978723405,0.02553191489361702,0.02978723404255319,-0.0174468085106383,0.01168218085106383,-0.016745468873128447,-0.01765169424743893,-6.555298885143602e-05,0.007397451524212149,40.0,-0.0366015625,0.05,0.05,-0.04984375,0.0366015625,-0.04861111111111112,-0.04999999999999998,-0.00011772311477828498,0.016349686063811313,14.0,0.004241071428571428,0.07142857142857142,0.07142857142857142,0.0004464285714285714,0.004241071428571428,0.0006613756613756613,0.0,-2.5176298661409014e-05,0.019142288248773332
air_32,air,180,2026-05-31,0.0,1,37.0,-0.00798141891891892,0.02702702702702703,0.02702702702702703,-0.0013513513513513514,0.00798141891891892,-0.003753753753753754,0.0,0.000255421777114546,0.012532107715798707,202.0,0.002266398514851485,0.009900990099009901,0.01485148514851485,0.004672029702970297,0.0025603341584158417,0.0038274660799413277,0.006050605060506051,0.00011219410725960975,0.002872412267459811,190.0,-0.0004523026315789475,0.005263157894736842,0.010526315789473684,0.0010855263157894736,0.0009950657894736842,0.0006822612085769981,0.001267056530214425,4.523858624952594e-05,0.002139325926214588,230.0,0.003953804347826087,0.017391304347826087,0.021739130434782608,0.007228260869565217,0.005067934782608696,0.006541867954911434,0.00466988727858293,-5.64970285090378e-06,0.005158778869930178,38.0,-0.003289473684210526,0.02631578947368421,0.05263157894736842,0.001644736842105263,0.004523026315789473,0.0,-0.0024366471734892786,6.443279357525156e-05,0.009867902446489435,14.0,0.0,0.0,0.0,0.0,0.0,0.0,0.0,0.0,0.0
air_33,air,180,2026-05-31,0.0,1,38.0,-0.02069135396994827,0.05263157894736842,0.05263157894736842,-0.026969597907813003,0.02069135396994827,-0.026803118908382065,-0.02826510721247564,-4.1549324482974024e-05,0.01366582765543381,204.0,-0.014170566822672905,0.0196078431372549,0.014705882352941176,-0.017689684569479964,0.014170566822672905,-0.017542665214233838,-0.018700072621641247,-3.43329003443175e-05,0.00663213032232051,192.0,-0.00421704368174727,0.010416666666666666,0.015625,-0.006308229813664596,0.0042332943317732715,-0.0060281635802469135,-0.006751543209876541,-4.216891514136702e-05,0.00317757213697473,243.0,-0.009039373920635838,0.0205761316872428,0.0205761316872428,-0.0138793037343762,0.009039373920635838,-0.012879134278311236,-0.01440329218106996,-0.00011896485369674617,0.0058520406893252655,40.0,-0.02160686427457098,0.05,0.05,-0.025465838509316767,0.02160686427457098,-0.025231481481481487,-0.02638888888888888,-4.4405900635686105e-05,0.01044994683665371,14.0,0.0,0.0,0.0,0.0,0.0,0.0,0.0,0.0,0.0
air_34,air,180,2026-05-31,0.0,1,37.0,-0.026055743243243244,0.05405405405405406,0.05405405405405406,-0.02736486486486487,0.026055743243243244,-0.02752752752752753,-0.02702702702702702,2.6670112219366395e-05,0.013902413782710031,201.0,-0.012150186567164177,0.01990049751243781,0.01990049751243781,-0.01281094527363184,0.012150186567164177,-0.012783305693753454,-0.011516491615994098,3.2250379269604076e-05,0.0057902990039851695,192.0,-0.007576497395833335,0.010416666666666666,0.010416666666666666,-0.00791015625,0.007576497395833335,-0.00790895061728395,-0.007812499999999999,2.7899014919578915e-06,0.0037154985751730435,239.0,-0.013493723849372386,0.02510460251046025,0.029288702928870293,-0.016710251046025103,0.013598326359832635,-0.015729118239578493,-0.016736401673640166,-7.982506670375354e-05,0.007054673479420261,39.0,-0.01642628205128205,0.02564102564102564,0.05128205128205128,-0.016987179487179486,0.016506410256410253,-0.016025641025641028,-0.01282051282051282,1.9698378623033005e-05,0.013857271270544959,14.0,0.0,0.0,0.0,0.0,0.0,0.0,0.0,0.0,0.0
air_35,air,180,2026-06-01,0.0,2,46.0,-0.013451086956521738,0.021739130434782608,0.021739130434782608,-0.006657608695652173,0.013451086956521738,-0.00573671497584541,-0.008454106280193234,-0.00010008126596054683,0.010687629946262102,218.0,-0.004572821100917431,0.009174311926605505,0.009174311926605505,-0.004357798165137615,0.004572821100917431,-0.003865103635745838,-0.0045871559633027525,-4.3960207884448966e-05,0.002215106547158197,214.0,-0.0012339369158878503,0.009345794392523364,0.014018691588785045,-0.0010221962616822427,0.001438376168224299,-0.0009518864659051573,-0.0014710972654897886,-1.1179239553413321e-05,0.002527062582138392,224.0,0.00029296875,0.013392857142857142,0.02232142857142857,0.004045758928571428,0.002985491071428571,0.0038649140211640203,0.004877645502645502,2.6888361165174652e-05,0.004096749156215074,41.0,-0.012042682926829267,0.024390243902439025,0.024390243902439025,-0.0030487804878048786,0.012042682926829267,-0.0022583559168925025,-0.0031616982836495033,-4.8146512022436185e-05,0.012171213616846173,14.0,0.0005580357142857143,0.07142857142857142,0.07142857142857142,0.0,0.0005580357142857143,0.0,0.0,0.0,0.013579319391886965
air_36,air,180,2026-06-01,0.0,2,46.0,-0.015217391304347825,0.021739130434782608,0.021739130434782608,-0.015625,0.015217391304347825,-0.014995974235104669,-0.01610305958132045,-7.555750035505549e-05,0.010343365713853287,217.0,-9.360599078341017e-05,0.004608294930875576,0.009216589861751152,-2.880184331797235e-05,0.00028081797235023043,-4.266939750810719e-05,-8.533879501621438e-05,-4.981463020246822e-07,0.001177779647701702,214.0,-0.004709404205607477,0.014018691588785047,0.014018691588785047,-0.004994158878504673,0.004709404205607477,-0.00504067151263413,-0.004845967462789892,4.842898783248052e-06,0.0021217946191564568,225.0,0.0004583333333333333,0.017777777777777778,0.022222222222222223,0.0015277777777777776,0.0023194444444444443,0.001440329218106996,0.0015637860082304527,1.180231087672314e-05,0.0032982405370308395,41.0,-0.01371951219512195,0.024390243902439025,0.024390243902439025,-0.013262195121951217,0.01371951219512195,-0.013211382113821137,-0.012195121951219513,1.4157472357417918e-05,0.01217716852327482,14.0,-0.010044642857142856,0.07142857142857142,0.07142857142857142,-0.024107142857142858,0.010044642857142856,-0.020502645502645498,-0.018518518518518517,-0.00024708314233297114,0.02363685284192134
air_37,air,180,2026-06-01,0.0,2,46.0,-0.0005783493229910866,0.021739130434782608,0.021739130434782608,-0.0008152173913043478,0.0005783493229910866,-0.0009057971014492753,-0.0008051529790660225,1.7623217717063284e-05,0.003305226253788209,217.0,-0.0010096420818819728,0.004608294930875576,0.004608294930875576,-0.0014400921658986176,0.0010096420818819728,-0.0014934289127837518,-0.0013654207202594296,9.918783484303521e-06,0.0018257602982015178,209.0,-0.0011231664308017162,0.004784688995215311,0.004784688995215311,-0.001166267942583732,0.0011231664308017162,-0.0011518695729222045,-0.0013290802764486973,-3.4630215283444822e-06,0.0019892419888806363,233.0,0.0019612189109861843,0.008583690987124463,0.017167381974248927,0.002253218884120172,0.002404508116894021,0.002285010332220633,0.001907486886027659,-7.230695814862201e-06,0.002879201439845839,42.0,-0.011923392205082345,0.023809523809523808,0.023809523809523808,-0.01175595238095238,0.011923392205082345,-0.011904761904761906,-0.011022927689594356,5.404400441987722e-05,0.011899172196242987,13.0,0.0,0.0,0.0,0.0,0.0,0.0,0.0,0.0,0.0
air_38,air,180,2026-06-01,0.0,2,47.0,-0.01136968085106383,0.02127659574468085,0.02127659574468085,-0.00398936170212766,0.01136968085106383,-0.007289204097714736,-0.0003940110323089046,0.000409901043082215,0.010631865136594316,220.0,-0.004090909090909091,0.00909090909090909,0.00909090909090909,-0.002869318181818182,0.004090909090909091,-0.003303872053872055,-0.002272727272727273,6.805402623057984e-05,0.0018502368387233274,212.0,-0.0019015330188679245,0.014150943396226415,0.014150943396226415,-0.0007370283018867925,0.0019015330188679245,-0.0016596785464709992,-0.0002620545073375262,0.0001051737003760563,0.00255056532506851,238.0,-0.002232142857142857,0.008403361344537815,0.012605042016806723,0.00026260504201680677,0.0028492647058823524,-0.00056411453470277,0.0019452225334578273,0.00012487601529313533,0.0032934065019942197,43.0,-0.006431686046511629,0.023255813953488372,0.023255813953488372,-0.0014534883720930232,0.006431686046511629,-0.003768303186907838,0.0,0.0002505744705794538,0.010129407118165252,14.0,-0.009374999999999998,0.07142857142857142,0.07142857142857142,-0.011607142857142856,0.009374999999999998,-0.012896825396825396,-0.01587301587301587,-5.204882102704459e-06,0.023178971130622932
air_39,air,180,2026-06-01,0.0,2,48.0,0.003157552083333333,0.020833333333333332,0.020833333333333332,0.005989583333333333,0.003157552083333333,0.0047260802469135796,0.008101851851851851,0.00013318760394162717,0.007209002842272095,219.0,0.0011772260273972602,0.0045662100456621,0.0045662100456621,0.0018550228310502282,0.0011772260273972602,0.001374090985963132,0.0027904616945712835,6.240697999288368e-05,0.0019996181561041646,210.0,-0.0002455357142857143,0.004761904761904762,0.004761904761904762,-0.0001785714285714286,0.0002455357142857143,-0.00024250440917107587,-8.818342151675486e-05,4.956147528083444e-06,0.0010247404695591202,239.0,0.0017847803347280332,0.008368200836820083,0.012552301255230124,0.0021182008368200835,0.002163964435146443,0.002111421044475437,0.002169533550286688,5.406333604018366e-07,0.0025881184972405065,44.0,0.005717329545454547,0.022727272727272728,0.022727272727272728,0.006676136363636365,0.005717329545454547,0.005892255892255893,0.011363636363636364,0.00016371710786414222,0.009827472303475748,14.0,0.0,0.0,0.0,0.0,0.0,0.0,0.0,0.0,0.0
air_4,air,180,2026-05-15,0.0,1,24.0,0.00078125,0.041666666666666664,0.041666666666666664,0.0020833333333333333,0.00078125,0.0023148148148148147,0.0,-7.303018675759762e-05,0.005337774195488852,206.0,0.006303094660194174,0.014563106796116505,0.014563106796116505,0.010254854368932037,0.006303094660194174,0.010472851492268965,0.009079467817331892,-6.081355166162662e-05,0.00452655468174488,173.0,-0.003088872832369942,0.011560693641618497,0.017341040462427744,-0.00025289017341040466,0.003341763005780346,-0.00040141297366730886,-0.001712695354313851,-2.9973530949590106e-05,0.0032815827378014687,191.0,0.0012843586387434561,0.015706806282722512,0.02617801047120419,0.009227748691099477,0.005718259162303665,0.008507853403141362,0.010180337405468294,8.038795692179553e-05,0.006741130181919644,25.0,0.0015,0.04,0.08,0.00575,0.0018750000000000004,0.005,0.0044444444444444444,-3.8436319390269036e-05,0.00876177229379028,12.0,0.0,0.0,0.0,0.0,0.0,0.0,0.0,0.0,0.0
air_40,air,180,2026-06-01,0.0,2,48.0,0.00016276041666666666,0.020833333333333332,0.020833333333333332,0.00026041666666666666,0.00016276041666666666,0.00019290123456790122,0.0,-3.817836818981575e-06,0.003073035137589905,219.0,-7.134703196347032e-06,0.0045662100456621,0.0091324200913242,-8.561643835616438e-05,3.567351598173516e-05,-6.341958396752917e-05,-0.0002536783358701167,-4.903053415183938e-06,0.000792245352630871,210.0,-0.0017261904761904762,0.009523809523809525,0.009523809523809525,-0.002589285714285714,0.0017261904761904762,-0.00205026455026455,-0.003262786596119931,-6.141192379509584e-05,0.002264159683533562,239.0,0.0012029288702928868,0.0041841004184100415,0.008368200836820083,0.00039225941422594125,0.002209728033472803,0.0008329459166279247,-0.001394700139470014,-8.710934279346649e-05,0.002847575109518452,44.0,0.0012428977272727273,0.022727272727272728,0.022727272727272728,0.0007102272727272727,0.0012428977272727273,0.001473063973063973,0.0,-8.20199088404929e-05,0.005270177086104982,14.0,0.0,0.0,0.0,0.0,0.0,0.0,0.0,0.0,0.0
air_41,air,180,2026-06-01,0.0,1,54.0,0.0013310185185185185,0.018518518518518517,0.037037037037037035,-0.0015046296296296296,0.0020833333333333337,-0.0010288065843621398,-0.0027434842249657062,-6.84983733241573e-05,0.006886137612223003,227.0,0.0010118392070484583,0.004405286343612335,0.004405286343612335,2.7533039647577094e-05,0.0010118392070484583,0.00022434328601729487,8.157937673356176e-05,-1.8624014811787908e-05,0.001856358547671299,221.0,0.001074660633484163,0.004524886877828055,0.00904977375565611,-2.828054298642534e-05,0.0010888009049773756,0.00016758840288252054,-8.379420144126027e-05,-2.0862744511099744e-05,0.0019923854802057547,245.0,0.000350765306122449,0.004081632653061225,0.00816326530612245,-0.0015051020408163268,0.0020727040816326528,-0.0005857898715041573,-0.002040816326530612,-0.00010091559667219216,0.0029027367656652304,49.0,0.004910714285714285,0.02040816326530612,0.04081632653061224,-0.0002551020408163265,0.005038265306122449,0.00028344671201814054,-0.00037792894935752074,-5.414549935568235e-05,0.009050298385229553,17.0,-0.050735294117647066,0.058823529411764705,0.058823529411764705,-0.058823529411764705,0.050735294117647066,-0.05855119825708061,-0.058823529411764684,-2.0596630097534605e-05,0.023842552647182384
air_42,air,180,2026-06-01,0.0,1,54.0,-0.017881944444444443,0.037037037037037035,0.037037037037037035,-0.019328703703703702,0.017881944444444443,-0.01920438957475994,-0.02057613168724281,-3.847029697891564e-05,0.006668350799070133,227.0,-0.003758259911894274,0.004405286343612335,0.004405286343612335,-0.004405286343612335,0.003758259911894274,-0.004405286343612335,-0.004405286343612335,0.0,0.0018830620255841167,221.0,-0.003966346153846154,0.00904977375565611,0.00904977375565611,-0.004524886877828054,0.003966346153846154,-0.004524886877828054,-0.0045248868778280564,7.443832458439687e-07,0.0018995986805467706,244.0,-0.003432377049180328,0.012295081967213115,0.01639344262295082,-0.005763319672131148,0.00349641393442623,-0.005028081360048572,-0.005919854280510019,-7.466990189157444e-05,0.0033579738335464742,49.0,-0.01769770408163265,0.04081632653061224,0.04081632653061224,-0.020535714285714286,0.01769770408163265,-0.020502645502645498,-0.020030234315948605,8.968705905622883e-06,0.008548467194950386,16.0,-0.0001953125,0.0625,0.0625,-0.00078125,0.0001953125,-0.0005787037037037037,0.0,3.5243557558412174e-06,0.003291741347142122
air_43,air,180,2026-06-02,0.0,1,53.0,0.0007653136314131811,0.018867924528301886,0.03773584905660377,0.0,0.000883054190092132,0.0,0.0,0.0,0.003859859186137811,226.0,0.0021744232601162454,0.004424778761061947,0.004424778761061947,0.002033749244214808,0.0021744232601162454,0.0015158964274008522,0.0028679121599475585,7.039591812743032e-05,0.0021979944539343294,220.0,0.001538788824280244,0.004545454545454545,0.00909090909090909,0.0004234895539243365,0.0015813359807119558,0.0002946127946127946,0.000925925925925926,2.0551714889556248e-05,0.0021523148884735675,243.0,0.004551787009751996,0.012345679012345678,0.012345679012345678,0.00500984075863303,0.004551787009751996,0.004267642127724434,0.005715592135345222,9.146567260622353e-05,0.0029932245511676988,48.0,0.005850234009360375,0.020833333333333332,0.020833333333333332,0.002458592132505176,0.005850234009360375,0.0018325617283950616,0.003858024691358025,8.72923528811925e-05,0.009243150049140865,16.0,-0.022718408736349453,0.0625,0.0625,-0.035326086956521736,0.022718408736349453,-0.03501157407407408,-0.03587962962962963,-4.39128647677202e-05,0.029612656429541123
air_44,air,180,2026-06-02,0.0,1,53.0,-0.0018867924528301887,0.018867924528301886,0.03773584905660377,0.0012971698113207549,0.0025353773584905663,0.0007861635220125787,0.001397624039133473,5.3157504173368804e-05,0.006305595507530182,227.0,-0.0029873348017621145,0.004405286343612335,0.00881057268722467,-0.000550660792951542,0.003001101321585903,-0.0013256648719203786,-8.157937673356176e-05,8.969406499405334e-05,0.002141125907768493,220.0,0.0007954545454545456,0.004545454545454545,0.00909090909090909,0.003267045454545455,0.0008806818181818181,0.0024200336700336703,0.003787878787878788,0.00010025938653232576,0.0019205089705705135,244.0,0.0017418032786885244,0.00819672131147541,0.01639344262295082,0.0049180327868852455,0.0028176229508196722,0.004174256223436551,0.006147540983606559,0.00011373150880228813,0.003304063131338562,48.0,0.004427083333333333,0.020833333333333332,0.020833333333333332,0.013802083333333331,0.004427083333333333,0.01099537037037037,0.01658950617283951,0.00034942662734886997,0.00877902896502885,15.0,0.007187500000000001,0.06666666666666667,0.06666666666666667,0.00625,0.007187500000000001,0.006481481481481481,0.008641975308641976,8.788177575839622e-05,0.021414421973254827
air_45,air,180,2026-06-04,0.0,1,53.0,-0.007358784917434432,0.03773584905660377,0.05660377358490566,-0.019453884917379583,0.008418449945544991,-0.019304682040531092,-0.02026554856743536,-3.090136836819161e-05,0.011451032362284985,222.0,-0.0054250818681395915,0.013513513513513514,0.013513513513513514,-0.010296010296010296,0.0054250818681395915,-0.0099683016349683,-0.01084417751084418,-4.7460523849713414e-05,0.004268491016870793,216.0,-0.004001271161957589,0.013888888888888888,0.013888888888888888,-0.008482861743731309,0.004001271161957589,-0.008273319615912208,-0.008230452674897122,-1.823216867644238e-05,0.0038728923058044392,233.0,-0.0029996049627392823,0.012875536480686695,0.017167381974248927,-0.009196811771919068,0.004579754005610868,-0.008504212366873314,-0.010570656493403274,-0.00010782574842437077,0.005227373187459552,47.0,-0.008829289341786437,0.02127659574468085,0.0425531914893617,-0.021012290207479845,0.009293988780827829,-0.02098108747044917,-0.020488573680063033,1.2048723631740886e-05,0.012137262671547296,26.0,0.0,0.0,0.0,0.0,0.0,0.0,0.0,0.0,0.0
air_46,air,180,2026-06-04,0.0,1,53.0,-0.004062049274423807,0.03773584905660377,0.05660377358490566,-0.019922653228641743,0.009066023018279221,-0.01729559748427673,-0.02410901467505241,-0.00033747602005757617,0.013285517415308059,220.0,-0.006183520068075451,0.013636363636363636,0.01818181818181818,-0.011208356860530776,0.006282796766416113,-0.010479797979797981,-0.013299663299663303,-0.00012246424516352313,0.004402525390129352,210.0,-0.0036550033429908627,0.009523809523809525,0.01904761904761905,-0.007098491570541259,0.004308743778322561,-0.006525573192239858,-0.008289241622574958,-8.864133912985764e-05,0.0036408054359888735,239.0,-0.000600526113094733,0.016736401673640166,0.029288702928870293,-0.006730944151355285,0.004399506524194022,-0.0055400588873392225,-0.00968541763520843,-0.0001822572953843903,0.005254810283940415,48.0,-0.017420696827873113,0.041666666666666664,0.0625,-0.02898550724637681,0.01768070722828913,-0.026909722222222224,-0.034722222222222224,-0.0003505515338320415,0.012722238595651627,27.0,-0.007973652279424509,0.037037037037037035,0.037037037037037035,-0.020703933747412008,0.007973652279424509,-0.017661179698216734,-0.026063100137174205,-0.000388228756110672,0.014737093224691161
air_47,air,180,2026-06-04,0.0,1,34.0,0.005414334220427641,0.029411764705882353,0.029411764705882353,0.0009134088417975887,0.005414334220427641,0.0019063180827886708,0.0021786492374727667,-6.454815107424184e-05,0.01138057526102343,191.0,0.0009474724538719769,0.005235602094240838,0.010471204188481676,-9.755780299827649e-05,0.0017805947840007837,9.695559433779329e-05,9.695559433779329e-05,-1.2794375593109211e-05,0.002917879175384803,190.0,-0.0017735446259955665,0.005263157894736842,0.010526315789473684,-0.002647924158221642,0.0017899663354955255,-0.0023879142300194936,-0.0015594541910331384,6.554502246811981e-06,0.002633040529790111,202.0,0.0010580621244651763,0.009900990099009901,0.019801980198019802,0.0008302072443269169,0.0037765867070326375,0.0011459479281261458,0.0010084341767510085,-2.835941069964081e-05,0.0047502542554924585,31.0,0.013637964873433647,0.03225806451612903,0.03225806451612903,0.012221999599278702,0.013637964873433647,0.012395459976105135,0.014336917562724014,4.464517465490968e-05,0.01588803424590247,14.0,0.00022286605749944282,0.07142857142857142,0.07142857142857142,0.0004436557231588287,0.00022286605749944282,0.00033068783068783067,0.0,-5.874114614747514e-06,0.004601078819565568
air_48,air,180,2026-06-04,0.0,1.0,34.0,-0.00042780748663101613,0.029411764705882353,0.058823529411764705,-0.0034100596760443308,0.0016042780748663102,-0.002956738250855898,-0.0030637254901960784,-7.386238424577312e-05,0.006412371177934137,191.0,-0.004083769633507854,0.010471204188481676,0.015706806282722516,-0.006411715608164504,0.004312232270347453,-0.006094351644089862,-0.005890052356020942,-3.188007611993203e-05,0.0030155208415417415,189.0,0.0011063011063011062,0.010582010582010581,0.015873015873015872,-0.00038340618050762977,0.0012987012987012985,-0.00027994736989445985,0.0,-1.169157191302868e-05,0.002624392329028305,200.0,0.003963636363636363,0.015,0.02,0.0009782608695652175,0.004618181818181818,0.0013756613756613755,0.00010416666666666669,-7.320187247621532e-05,0.004477002298588321,31.0,0.007741935483870968,0.06451612903225806,0.06451612903225806,0.0018700327255726974,0.007741935483870968,0.0013654207202594298,0.005376344086021505,0.0001439209750739217,0.013866603970541642,14.0,0.0,0.0,0.0,0.0,0.0,0.0,0.0,0.0,0.0
air_49,air,180,2026-06-05,0.0,1,51.0,-0.002477746168670276,0.0196078431372549,0.0196078431372549,-0.00669833150651565,0.002477746168670276,-0.006445170660856935,-0.0036310820624546112,6.906362800572609e-05,0.006195698362629675,220.0,-0.00033328605871507595,0.004545454545454545,0.004545454545454545,-0.0012140033879164316,0.00033328605871507595,-0.000989057239057239,-0.00016835016835016833,7.188131738318632e-06,0.001165178989399932,215.0,-0.000653049377789065,0.004651162790697674,0.004651162790697674,-0.0013577928643651596,0.000653049377789065,-0.0014427217915590007,-0.0004306632213608958,2.8185692451578226e-05,0.0015455215411173606,228.0,-0.0018611270766620137,0.008771929824561403,0.013157894736842105,-0.003078348044023101,0.002299039329994252,-0.0028427550357374913,-0.0022742040285899934,1.6902530734357325e-06,0.0027717597938080128,44.0,-0.002127357821585591,0.022727272727272728,0.022727272727272728,-0.005223037831733484,0.002127357821585591,-0.004945286195286196,-0.002525252525252525,6.029148976414705e-05,0.006328815743964181,13.0,-0.0006000240009600385,0.07692307692307693,0.07692307692307693,-0.0009555661729574774,0.0006000240009600385,-0.0010683760683760685,0.0,1.2832818546808595e-05,0.006387959798665277
air_5,air,180,2026-05-19,0.0,1,47.0,0.0006981382978723403,0.02127659574468085,0.0425531914893617,0.0011968085106382979,0.0008976063829787233,0.001182033096926714,-0.0007880220646178092,-6.559311309038846e-05,0.0040759590269874805,258.0,0.00042999031007751943,0.007751937984496124,0.011627906976744186,0.0007994186046511628,0.0006601259689922481,0.0009151593453919036,-0.0009331036462819408,-5.929889196645594e-05,0.0016779958469282635,208.0,-0.0003831129807692308,0.009615384615384616,0.014423076923076924,-0.0009615384615384616,0.0010291466346153849,-0.00020032051282051281,-0.0014245014245014246,-9.02050933606939e-05,0.002367655128602574,246.0,0.007145579268292683,0.016260162601626018,0.020325203252032523,0.0036585365853658543,0.007298018292682927,0.005175398976211985,0.0016561276723878347,-0.0001910260688691053,0.004971938318372597,47.0,0.010206117021276596,0.0425531914893617,0.06382978723404255,0.003590425531914894,0.010272606382978725,0.005319148936170213,-0.0003940110323089046,-0.0003010665290531552,0.011147086951973107,13.0,0.0,0.0,0.0,0.0,0.0,0.0,0.0,0.0,0.0
air_50,air,180,2026-06-05,0.0,1,52.0,-0.002704326923076923,0.019230769230769232,0.038461538461538464,0.0,0.003004807692307693,0.0002670940170940171,0.0,-2.806153166310171e-05,0.007235324835352787,221.0,0.00022624434389140283,0.004524886877828055,0.00904977375565611,0.0014140271493212671,0.0009756787330316744,0.0014245014245014246,0.0020110608345902466,1.6310017840330417e-05,0.001972105558722008,214.0,0.00016063084112149536,0.004672897196261682,0.009345794392523364,0.00017523364485981307,0.0004526869158878504,0.0005192107995846312,0.00043267566632052603,-2.8636054195544796e-05,0.0014056531204605124,228.0,0.0041324013157894735,0.013157894736842105,0.017543859649122806,0.006880482456140351,0.004173519736842105,0.006782001299545159,0.006903833658219624,1.2449439044175824e-05,0.0031353158552097976,45.0,-0.0013194444444444443,0.022222222222222223,0.044444444444444446,0.0,0.0013888888888888887,-0.00010288065843621399,0.0,5.900709946271388e-06,0.005398228065863857,13.0,0.0,0.0,0.0,0.0,0.0,0.0,0.0,0.0,0.0
air_51,air,180,2026-06-05,0.0,1,52.0,-0.004447115384615384,0.019230769230769232,0.019230769230769232,-0.009735576923076923,0.004447115384615384,-0.008547008547008546,-0.01032763532763533,-0.0001304086818857184,0.007775291461635306,221.0,-0.00038885746606334844,0.004524886877828055,0.004524886877828055,-0.0013574660633484165,0.00038885746606334844,-0.0010474275180157534,-0.001340707223060164,-3.0386594020496766e-05,0.0013185940024642677,214.0,-0.00033586448598130837,0.004672897196261682,0.004672897196261682,-0.0006717289719626167,0.00033586448598130837,-0.0006706472827968153,-0.0006057459328487365,1.4604622246028495e-06,0.0011583832612356874,229.0,-0.0011872270742358077,0.004366812227074236,0.008733624454148471,-0.0022106986899563313,0.0020742358078602616,-0.002203622836810609,-0.002183406113537118,-3.386746721079421e-07,0.0028791623409701586,45.0,-0.0020486111111111113,0.022222222222222223,0.022222222222222223,-0.003333333333333334,0.0020486111111111113,-0.003395061728395062,-0.0032921810699588477,2.062470249436755e-05,0.006145778847204817,13.0,0.0,0.0,0.0,0.0,0.0,0.0,0.0,0.0,0.0
air_52,air,180,2026-06-05,0.0,1,52.0,-0.0067007211538461535,0.019230769230769232,0.019230769230769232,-0.00673076923076923,0.0067007211538461535,-0.0064992877492877485,-0.004273504273504274,2.9327056012409265e-05,0.00912359271801577,221.0,-2.1210407239819004e-05,0.004524886877828055,0.004524886877828055,-2.828054298642534e-05,2.1210407239819004e-05,-2.0948550360315067e-05,0.0,7.437545179839701e-08,0.00029167282931312255,214.0,-0.0002336448598130841,0.004672897196261682,0.004672897196261682,-0.00017523364485981307,0.0002336448598130841,-0.00019470404984423673,-0.0002596053997923156,2.3072340252222432e-07,0.001005586442090725,229.0,0.00013646288209606992,0.008733624454148471,0.013100436681222707,0.0011189956331877728,0.0018695414847161571,0.0011523532265890343,0.0009704027171276079,-7.192997003554223e-06,0.002879341698498348,45.0,-0.00045138888888888887,0.022222222222222223,0.022222222222222223,-0.0002777777777777778,0.00045138888888888887,-0.00020576131687242798,0.0,-1.3574310395173749e-06,0.0031760735784058425,13.0,0.0,0.0,0.0,0.0,0.0,0.0,0.0,0.0,0.0
air_6,air,180,2026-05-19,0.0,1,42.0,-0.018861607142857142,0.023809523809523808,0.023809523809523808,-0.018303571428571426,0.018861607142857142,-0.01906966490299824,-0.012786596119929454,0.00021712588243283015,0.010426580385400288,246.0,-0.0015434451219512198,0.0040650406504065045,0.0040650406504065045,-0.0011941056910569107,0.0015434451219512198,-0.0014679313459801267,0.0,6.281270426028325e-05,0.0019525802606817314,206.0,-0.002738167475728155,0.0048543689320388345,0.0048543689320388345,-0.0014866504854368929,0.002738167475728155,-0.0017080186983099602,-8.989572096368213e-05,5.885781305654597e-05,0.002427163337969844,244.0,-0.0004354508196721312,0.00819672131147541,0.01639344262295082,0.0008965163934426229,0.002497438524590164,0.0010435640558591377,0.002125075895567699,2.4547477220516255e-05,0.0033279511873288634,43.0,0.010610465116279067,0.023255813953488372,0.023255813953488372,0.018604651162790697,0.010610465116279067,0.019272179155900078,0.020241171403962106,8.249428151122363e-06,0.011591309810255484,16.0,0.0,0.0,0.0,0.0,0.0,0.0,0.0,0.0,0.002329235223743787
air_7,air,180,2026-05-20,0.0,1,40.0,0.014687500000000001,0.025,0.025,0.021406249999999998,0.014687500000000001,0.01979166666666667,0.024537037037037027,0.00021245703903323212,0.012355525134772772,252.0,-0.0007502480158730159,0.003968253968253968,0.003968253968253968,0.0,0.0007502480158730159,-3.6743092298647854e-05,0.0,3.3378666842732784e-06,0.0014894901985881084,200.0,-0.0019765625,0.005,0.005,-9.375e-05,0.0019765625,-0.00037037037037037035,0.0,2.584489205245785e-05,0.0024299589999521765,259.0,0.004222972972972973,0.011583011583011582,0.015444015444015444,0.007022200772200773,0.004802123552123552,0.006488631488631489,0.007507507507507506,6.441694921555411e-05,0.004114660838434946,43.0,-0.0018895348837209302,0.023255813953488372,0.046511627906976744,0.00043604651162790697,0.0021802325581395344,0.00032299741602067185,0.0008613264427217916,2.07085653358242e-05,0.006697767108345459,16.0,-0.00478515625,0.0625,0.0625,-0.00390625,0.00478515625,-0.004050925925925926,-0.004629629629629629,2.0849647133578864e-05,0.016044435668605653
air_8,air,180,2026-05-20,0.0,1,41.0,-0.008193597560975608,0.024390243902439025,0.024390243902439025,-0.012804878048780489,0.008193597560975608,-0.010388437217705509,-0.014453477868112016,-0.00022681529143917618,0.011615654308669855,252.0,-0.0006634424603174602,0.003968253968253968,0.003968253968253968,-0.0018601190476190473,0.0006634424603174602,-0.0013962375073486185,-0.0021310993533215756,-4.687863716227481e-05,0.001508631557657645,200.0,-0.00020312500000000002,0.005,0.005,-0.00040625000000000004,0.00020312500000000002,-0.00030092592592592595,-0.0010185185185185184,-2.2003324609281128e-05,0.0009531941969780494,261.0,-0.001538553639846743,0.007662835249042145,0.011494252873563218,-0.0022749042145593867,0.0026760057471264366,-0.0016496381438910175,-0.0025542784163473825,-6.363530951248888e-05,0.0032382623014612063,43.0,0.0008720930232558139,0.023255813953488372,0.023255813953488372,0.0,0.0008720930232558139,0.00010766580534022394,0.0,-9.671212858398926e-06,0.0049361391991550665,16.0,-0.0025390625,0.0625,0.0625,-0.002734375,0.0025390625,-0.0028935185185185184,-0.003472222222222222,1.233692765681277e-05,0.012694809640840533
air_9,air,180,2026-05-21,0.0,1,29.0,-0.007812500000000002,0.034482758620689655,0.034482758620689655,-0.018534482758620692,0.007812500000000002,-0.017401021711366545,-0.02298850574712644,-0.00023554146563254776,0.014002481963270585,215.0,-0.0037790697674418604,0.009302325581395349,0.013953488372093023,-0.007441860465116279,0.004156976744186047,-0.0070198105081826015,-0.009216192937123167,-8.924676069312002e-05,0.003929034117935587,181.0,-0.004911947513812154,0.011049723756906077,0.011049723756906077,-0.007631215469613259,0.004911947513812154,-0.007161857990587273,-0.008287292817679556,-6.82854023360071e-05,0.003124506995799572,239.0,-0.001497123430962343,0.02092050209205021,0.03765690376569038,-0.010721757322175732,0.006884152719665272,-0.009084921741825505,-0.012319851231985125,-0.00019516658373572817,0.008227190962841321,32.0,-0.0248046875,0.0625,0.0625,-0.0404296875,0.0248046875,-0.03804976851851852,-0.04224537037037037,-0.00028747661914174216,0.017767443772839873,17.0,0.0,0.0,0.0,0.0,0.0,0.0,0.0,0.0,0.0
alcohol_1,alcohol,180,2026-05-14,8.0,1,21.0,0.44645368696001614,0.7619047619047619,0.8095238095238095,0.34761904761904755,0.4484629294755878,0.06938775510204083,0.0,-0.004015565857687803,0.22629516492811574,194.0,0.05115490016964635,0.0979381443298969,0.10824742268041238,0.03496563573883161,0.05215537865935882,0.002735114664422471,-0.004905221150648485,-0.000459259492078743,0.027981683924340518,162.0,0.013465645673803199,0.030864197530864196,0.043209876543209874,0.008333333333333333,0.014299109235818095,-0.00599647266313933,-0.010852250099561929,-0.00027586303965556274,0.010380753780919579,172.0,0.06020017662643509,0.0872093023255814,0.09302325581395349,0.056782945736434116,0.0604945540182514,0.008993830090175604,-0.008627156789197302,-0.0009099203806563143,0.030606729718392886,22.0,0.4959723820483314,0.9090909090909091,0.9545454545454545,0.35,0.4994246260069044,0.05324675324675323,-0.00219941348973607,-0.0038746156965475654,0.2590238997765558,13.0,0.07108081791626093,0.07692307692307693,0.07692307692307693,0.07692307692307691,0.07108081791626093,0.07660910518053371,0.07568238213399503,-2.1056439692792463e-05,0.036735078839047974
alcohol_10,alcohol,180,2026-05-15,8.0,1,32.0,0.3850210970464135,0.71875,0.71875,0.23229166666666667,0.3850210970464135,0.07040816326530612,0.016129032258064516,-0.0032174999266238735,0.1982340956299707,230.0,0.03913043478260869,0.08260869565217391,0.08260869565217391,0.01978260869565218,0.03913043478260869,0.003371783496007099,-0.0028751753155680224,-0.00034602261814655166,0.021872430432246223,191.0,0.017098548611571344,0.031413612565445025,0.02617801047120419,0.010558464223385688,0.017098548611571344,0.0033977989101399734,0.0,-0.00018349601959984945,0.008298811579263776,219.0,0.047627304780070503,0.0730593607305936,0.0684931506849315,0.03797564687975646,0.047627304780070503,0.014313670673748951,0.0038297245544262775,-0.0005460081935355481,0.022038106961038972,34.0,0.4184661206254654,0.8529411764705882,0.8529411764705882,0.26274509803921575,0.4184661206254654,0.05546218487394957,0.004743833017077798,-0.002963549978899916,0.2221265979279131,16.0,0.0,0.0625,0.125,0.0,0.0005274261603375527,0.0,0.0,0.0,0.0032963291421868116
alcohol_11,alcohol,180,2026-05-19,8.0,1,47.0,0.10898644402549598,0.2765957446808511,0.2765957446808511,0.09999999999999999,0.10898644402549598,0.02784985296661477,0.004461221688400823,-0.0015555244661699592,0.060432879866369006,258.0,0.0052170215549668005,0.01937984496124031,0.023255813953488372,0.003036175710594316,0.005315147352238904,0.00018907165815844194,-0.000625156289072268,-9.49459183031977e-05,0.004216236789540549,205.0,0.005022126170628796,0.00975609756097561,0.00975609756097561,0.0065040650406504065,0.005022126170628796,0.0013087447947650209,0.0,-6.106545391772258e-05,0.0030488632930639964,253.0,0.007037907973516118,0.019762845849802372,0.023715415019762848,0.006455862977602106,0.007304748086256064,-0.013753655323114492,-0.015364018870330232,-0.00025932068476931905,0.010547387196409781,49.0,0.16937914406268834,0.40816326530612246,0.4285714285714286,0.15374149659863948,0.16989580642383534,-0.005973120955699351,-0.020408163265306124,-0.001365106076240188,0.09651233179656483,14.0,-0.003616636528028933,0.07142857142857142,0.07142857142857142,0.0,0.003616636528028933,-0.011904761904761904,-0.017281105990783408,-0.00021757694738764176,0.024805356856392746
alcohol_12,alcohol,180,2026-05-19,8.0,1,46.0,0.17877453678224178,0.34782608695652173,0.34782608695652173,0.1467391304347826,0.17877453678224178,0.03773418168964297,0.010518934081346423,-0.001762685227495972,0.08819782961912996,256.0,0.013828454641350211,0.03125,0.03125,0.009700520833333334,0.013828454641350211,0.002096036585365854,0.0,-0.00013838699912353982,0.007388914610165449,206.0,0.009032813076072262,0.014563106796116505,0.014563106796116505,0.007200647249190937,0.009032813076072262,0.004400505170100244,0.00438459129345443,-8.007662497663624e-06,0.004116684217866845,247.0,0.017783016450571416,0.032388663967611336,0.02834008097165992,0.014035087719298246,0.017783016450571416,-0.00291300483855041,-0.008684863523573201,-0.0003304241965486761,0.010779537019613537,47.0,0.24768830236107367,0.46808510638297873,0.4468085106382979,0.16099290780141845,0.24768830236107367,0.019806261892406158,-0.004118050789293067,-0.0016034129387472204,0.12804576414254315,13.0,0.009737098344693282,0.07692307692307693,0.07692307692307693,0.008974358974358975,0.009737098344693282,0.001876172607879925,0.0012406947890818859,-2.1289728965653017e-05,0.017620109511186584
alcohol_13,alcohol,180,2026-05-19,8.0,1,41.0,0.11001337861479883,0.3170731707317073,0.3170731707317073,0.09186991869918698,0.11001337861479883,0.03623693379790942,0.013375295043273014,-0.0013749551413160378,0.06062438782346731,246.0,0.013344310658296457,0.04065040650406504,0.04065040650406504,0.01199186991869919,0.013344310658296457,0.005724240915878548,0.0029504327301337536,-0.00016806308272817143,0.006737951501537964,203.0,0.005071605246201492,0.014778325123152709,0.019704433497536946,0.00541871921182266,0.005113175781006422,-0.0004021312958681009,-0.001906880661051962,-0.00010456007320764152,0.0036353794883289335,233.0,0.0202640299885913,0.030042918454935622,0.030042918454935622,0.021030042918454932,0.0202640299885913,0.006166243321362881,0.00221514606119341,-0.0002144401722158232,0.009401024283001817,43.0,0.17319203218526152,0.5581395348837209,0.5581395348837209,0.12751937984496126,0.17319203218526152,0.02116753678215473,0.0,-0.0014037956681288671,0.09859305355995891,13.0,-0.007140538786108408,0.07692307692307693,0.07692307692307693,-0.005128205128205128,0.007140538786108408,-0.0185243328100471,-0.02729528535980149,-0.00026778670728860095,0.028778690888416034
alcohol_14,alcohol,180,2026-05-19,8.0,1,41.0,0.16640938561284352,0.5853658536585366,0.5853658536585366,0.07642276422764228,0.16640938561284352,0.023593827775012448,0.00865460267505901,-0.0008571792681658132,0.1019560650790038,246.0,0.015076669754039313,0.056910569105691054,0.056910569105691054,0.007384823848238484,0.015076669754039313,0.00232288037166086,0.0005245213742460006,-9.505468849543626e-05,0.009796279444549878,205.0,0.0067304723680148195,0.024390243902439025,0.024390243902439025,0.006016260162601626,0.0067304723680148195,0.0009158785465405672,-0.0008654602675059008,-9.197807005646395e-05,0.004779942100870425,245.0,0.023594247825712567,0.044897959183673466,0.04897959183673469,0.020408163265306124,0.023697580297941966,0.005364431486880466,-0.00019749835418038185,-0.0002536899803594547,0.011647683848413692,42.0,0.19931685754470566,0.6904761904761905,0.6904761904761905,0.11230158730158729,0.19931685754470566,0.022254616132167154,0.001152073732718894,-0.0012321918001510792,0.12129371469204585,15.0,0.0,0.0,0.0,0.0,0.0,0.0,0.0,0.0,0.0024845175719933723
alcohol_15,alcohol,180,2026-05-19,8.0,1,41.0,0.1120716270453844,0.1951219512195122,0.21951219512195122,0.12764227642276424,0.11330657610373575,0.04708810353409657,0.012195121951219513,-0.0022850050241558597,0.06401286477812698,244.0,0.014179982015632565,0.02459016393442623,0.02459016393442623,0.016461748633879784,0.014179982015632565,0.009869521579123453,0.007601797990481229,-0.00018682378018271777,0.006787319056433737,204.0,0.005977496483825596,0.014705882352941176,0.014705882352941176,0.00800653594771242,0.005977496483825596,0.0026010404161664656,0.00015812776723592663,-0.00017019281991655658,0.0037278558089300098,245.0,0.01455265650564023,0.024489795918367346,0.02857142857142857,0.014829931972789116,0.014793765607508825,0.004464806330695542,-0.0001316655694535879,-0.0002985523435577708,0.00809757149013209,42.0,0.15149688567410083,0.38095238095238093,0.38095238095238093,0.09920634920634923,0.15149688567410083,0.032069970845481056,0.001152073732718894,-0.0021122874168337685,0.08579414053565214,15.0,0.0,0.0,0.0,0.0,0.0,0.0,0.0,0.0,0.0
alcohol_16,alcohol,180,2026-05-20,5.0,1,39.0,0.18381477875148763,0.358974358974359,0.358974358974359,0.11367521367521363,0.18381477875148763,0.04751439037153323,0.02605459057071959,-0.0009674387468898365,0.0917039892704495,253.0,0.013241940594719899,0.03557312252964427,0.03557312252964427,0.009025032938076416,0.013241940594719899,0.004517221908526256,0.002167537931913808,-9.199600499282181e-05,0.0075930193493600065,199.0,0.006191294022856901,0.01507537688442211,0.020100502512562814,0.005025125628140704,0.006403324640078028,0.0036509075992205925,0.002026260333927703,-6.344773130282756e-05,0.0044175649905923995,262.0,0.018327052533256026,0.030534351145038167,0.03435114503816794,0.016666666666666666,0.018423680226752982,0.009082411590590434,0.00461708938685053,-0.00021798475243325405,0.00936097842159173,42.0,0.1579264617239301,0.4523809523809524,0.4523809523809524,0.06587301587301585,0.1579264617239301,0.030806608357628766,0.022657450076804905,-0.00048340113427363697,0.09413018171613168,15.0,0.0028129395218002813,0.06666666666666667,0.06666666666666667,0.0,0.0028129395218002813,0.0008163265306122449,0.0,-9.87509123212589e-06,0.00888288167788409
alcohol_17,alcohol,180,2026-05-20,5.0,1,41.0,0.08253576206648144,0.21951219512195122,0.21951219512195122,0.05203252032520325,0.08253576206648144,0.008824112631370217,0.0003933910306845004,-0.0006306541316437098,0.04825023265129102,253.0,0.008672303664048297,0.03162055335968379,0.03162055335968379,0.005204216073781289,0.008672303664048297,0.0009158391979176706,0.0008925156190233327,-3.4708209274409136e-05,0.0052716674148286765,200.0,0.0020464135021097045,0.015,0.015,0.0003333333333333333,0.0020464135021097045,-4.065040650406502e-05,0.0010483870967741935,3.1460479935443106e-05,0.002950694362725869,261.0,0.010976930662657418,0.019157088122605363,0.019157088122605363,0.010280970625798212,0.010976930662657418,0.004765909728062798,0.0056853293783215905,-2.7410274395257757e-05,0.005759409225304731,43.0,0.06770680011775095,0.3023255813953488,0.3023255813953488,0.04844961240310077,0.06770680011775095,0.008130081300813007,0.0033758439609902473,-0.0004915015953834708,0.04537326248729599,16.0,-0.0029008438818565402,0.0625,0.0625,-0.004166666666666667,0.0029008438818565402,-0.009400406504065041,-0.010080645161290322,-3.986212382389771e-05,0.020669932117692115
alcohol_18,alcohol,180,2026-05-20,5.0,1,41.0,0.19265205310280953,0.4634146341463415,0.48780487804878053,0.07682926829268294,0.1940928270042194,0.022506444576640892,-0.0003933910306845004,-0.001226278332430281,0.116509085164714,252.0,0.01873618645770544,0.04365079365079365,0.04365079365079365,0.0083994708994709,0.01873618645770544,0.0054523164279261845,0.0032002048131080383,-9.279200614752229e-05,0.010240287958257401,199.0,0.010071454318003518,0.020100502512562814,0.020100502512562814,0.00527638190954774,0.010071454318003518,0.0066388854843322295,0.005106176041497814,-1.7447538865830586e-05,0.004753208029194764,260.0,0.016601752677702045,0.03076923076923077,0.03461538461538462,0.011794871794871794,0.01679649464459591,0.0061131957473420885,0.0029156327543424314,-0.0001031076049357129,0.008888206681476184,43.0,0.145029928368168,0.5348837209302325,0.5581395348837209,0.04224806201550388,0.14620743793543323,0.007279258839100017,-0.005626406601650413,-0.0006568038687929085,0.09962821656990634,16.0,-0.0013185654008438818,0.0625,0.0625,-0.0020833333333333333,0.0013185654008438818,-0.0022865853658536584,-0.0010080645161290322,9.41388812725328e-05,0.015438460180940574
alcohol_19,alcohol,180,2026-05-20,5.0,1,40.0,0.11202531645569619,0.2,0.2,0.09666666666666665,0.11202531645569619,0.039081632653061235,0.02499999999999999,-0.0009666786773581237,0.05247523856292263,250.0,0.010869198312236289,0.02,0.02,0.010666666666666668,0.010869198312236289,0.00582857142857143,0.005612903225806453,-5.603005059525813e-05,0.004898058599366802,200.0,0.004261603375527426,0.01,0.01,0.004916666666666667,0.004261603375527426,0.0021020408163265306,0.0034677419354838712,1.0465114038387282e-06,0.0030230118089948047,259.0,0.012837430558949547,0.023166023166023165,0.023166023166023165,0.01293436293436293,0.012837430558949547,0.005909699787250809,0.004795117698343504,-0.00011689388604451397,0.006742194122248183,43.0,0.09145324305759985,0.3023255813953488,0.27906976744186046,0.06937984496124032,0.09145324305759985,0.011390602752728997,0.00450112528132033,-0.0006184108541820121,0.0542160263224199,16.0,0.0,0.0,0.0,0.0,0.0,-0.00025510204081632655,0.0,1.6302151522415963e-05,0.00519380015517721
alcohol_2,alcohol,180,2026-05-14,8.0,1,20.0,0.280168776371308,0.5,0.5,0.3425,0.280168776371308,0.09020408163265306,0.041935483870967724,-0.003265186613646697,0.13203429811412587,193.0,0.03863055027218469,0.06735751295336788,0.06735751295336788,0.03998272884283248,0.03863055027218469,0.008691974199006025,0.003927795420357681,-0.00040061718099172446,0.018051947298823975,160.0,0.013370253164556962,0.025,0.03125,0.009895833333333331,0.013686708860759495,-0.0014285714285714286,-0.0031249999999999997,-0.00018449000508189814,0.008849189894329241,169.0,0.04451601627843108,0.0650887573964497,0.07692307692307693,0.050197238658777114,0.04496542081741692,0.014104576741939379,0.0024813895781637717,-0.000731378963470497,0.022984791000864337,21.0,0.3411693791440627,0.5238095238095238,0.5238095238095238,0.3674603174603174,0.3411693791440627,0.07482993197278912,0.01689708141321045,-0.003941643589903128,0.16430880372963963,13.0,0.06458941901979875,0.07692307692307693,0.07692307692307693,0.06923076923076922,0.06458941901979875,0.014442700156985873,0.0012406947890818859,-0.0010208734163411623,0.036865090700782324
alcohol_20,alcohol,180,2026-05-20,8.0,1,41.0,0.1706287948955439,0.2926829268292683,0.3170731707317073,0.15691056910569107,0.17104044458166098,0.030064708810353415,0.0,-0.001921543235700776,0.08757039097848247,251.0,0.011599172928539007,0.02390438247011952,0.027888446215139442,0.009561752988047808,0.011800897675122294,-0.0012358728351898527,-0.0030201773550957455,-0.0001152183070444682,0.007487417958949505,201.0,0.005940760333354325,0.009950248756218905,0.009950248756218905,0.005223880597014924,0.005940760333354325,0.00024367956137678952,-8.024394158241052e-05,-2.5664712212560334e-05,0.003242524821543623,258.0,0.017499100513525007,0.027131782945736434,0.027131782945736434,0.015180878552971577,0.017499100513525007,0.00664451827242525,0.005376344086021506,-7.337611425450433e-05,0.007917251897183085,43.0,0.14738494750269843,0.3953488372093023,0.3953488372093023,0.10658914728682171,0.14738494750269843,0.016611295681063124,0.0,-0.0011837282785894167,0.08425985688855728,16.0,0.0,0.0,0.0,0.0,0.0,0.0,0.0,0.0,0.0
alcohol_21,alcohol,180,2026-05-21,10.0,1,30.0,0.18185654008438823,0.43333333333333335,0.43333333333333335,0.12166666666666665,0.18185654008438823,0.06952380952380952,0.055376344086021524,-0.0007266282219643785,0.09149858991017557,218.0,0.011516277629388767,0.03211009174311927,0.03669724770642202,0.009709480122324159,0.012251770990593429,0.009267927354428008,0.009322284699615269,-1.3147486336891231e-06,0.007075186035242963,184.0,0.009677123463584661,0.021739130434782608,0.021739130434782608,0.007155797101449276,0.009677123463584661,0.00649955634427684,0.006486676016830295,-3.045271277322353e-06,0.004897757317301871,241.0,0.024966297249505397,0.04149377593360996,0.04149377593360996,0.023443983402489623,0.024966297249505397,0.024032517571343892,0.02436086199973229,2.0872322040405423e-05,0.012007665858815277,33.0,0.2576396880194348,0.7878787878787878,0.8181818181818181,0.06969696969696969,0.25840685334356217,0.02300556586270871,0.01515151515151515,-0.000497599104750454,0.17992969869834255,19.0,0.04197201865423051,0.05263157894736842,0.05263157894736842,0.03508771929824562,0.04197201865423051,0.0242749731471536,0.01952461799660441,-0.00019661321187211235,0.026094723187540497
alcohol_22,alcohol,180,2026-05-21,10.0,1,31.0,0.19259561725874505,0.41935483870967744,0.4516129032258065,0.11559139784946235,0.19395671702735812,0.02738643844634627,0.0,-0.001615981573920324,0.10722119133037883,217.0,0.015730424468684983,0.03686635944700461,0.041474654377880185,0.010445468509984639,0.015963755857590075,0.003047117464497319,0.0001486546751895347,-0.00014529132996172637,0.008821494642351956,184.0,0.007705008255365986,0.016304347826086956,0.016304347826086956,0.005434782608695654,0.007705008255365986,0.0013531499556344276,0.00043828892005610097,-7.348535027031792e-05,0.004225407209998973,237.0,0.01579162883441044,0.02531645569620253,0.02531645569620253,0.015260196905766526,0.01579162883441044,0.00218720399552226,-0.002790254525656731,-0.00026519134072506125,0.008770667724358744,32.0,0.17589662447257384,0.53125,0.5625,0.08645833333333333,0.17774261603375527,0.0026785714285714286,-0.024193548387096774,-0.001523117883846104,0.11131485446457862,20.0,0.0,0.0,0.0,0.0,0.0,0.0,0.0,0.0,0.0
alcohol_23,alcohol,180,2026-05-21,10.0,1,29.0,0.6422231922013676,1.2413793103448276,1.2413793103448276,0.41839080459770117,0.6422231922013676,0.2851513019000704,0.23581757508342607,-0.002720892800459681,0.32157696344012143,209.0,0.05961682110915955,0.11004784688995216,0.11004784688995216,0.037480063795853266,0.05961682110915955,0.028844839371155163,0.022611514122549782,-0.00026204743665110227,0.029595229963115022,182.0,0.021027495711040015,0.038461538461538464,0.038461538461538464,0.01446886446886447,0.021027495711040015,0.011347835837631756,0.008773484579936193,-0.00012507165942264093,0.01060793592217306,228.0,0.03595750980827596,0.05701754385964912,0.06140350877192982,0.033406432748538016,0.036179583981049666,0.021016827783745078,0.012521222410865873,-0.00038003052222755304,0.01819849861867389,29.0,0.5411028662883748,1.0,1.0,0.3850574712643679,0.5411028662883748,0.33230119634060523,0.27252502780867627,-0.004101211706592965,0.27358576523961287,19.0,0.022651565622918052,0.05263157894736842,0.05263157894736842,0.02017543859649123,0.022651565622918052,0.009022556390977442,0.0008488964346349745,-0.0003884451553192179,0.021940551818353474
alcohol_24,alcohol,180,2026-05-21,10.0,1,39.0,0.17223845071946337,0.2564102564102564,0.2564102564102564,0.14059829059829057,0.17223845071946337,0.03422291993720566,0.0,-0.0018744445513640684,0.08307571527658218,236.0,0.016001573339054567,0.029661016949152543,0.029661016949152543,0.012641242937853105,0.016001573339054567,0.002127291594603944,-0.0034171678512848547,-0.00024859111940341586,0.008474621352000583,209.0,0.009286738134173175,0.014354066985645933,0.014354066985645933,0.00893141945773525,0.009286738134173175,0.003632457767796113,0.0009260688377836084,-0.0001295907329283306,0.004243931023523126,244.0,0.021408314311406242,0.03278688524590164,0.03278688524590164,0.02042349726775956,0.021408314311406242,0.005687520910003348,-0.0021152829190904288,-0.00033878658337154936,0.010327121450820084,41.0,0.12514150457960274,0.24390243902439024,0.24390243902439024,0.08373983739837398,0.12514150457960274,0.00895968143354903,-0.015342250196695516,-0.0012878160366539932,0.06727733350340788,16.0,0.0013185654008438818,0.0625,0.0625,0.0020833333333333333,0.0013185654008438818,0.0007653061224489796,0.0,-5.3333815464122415e-05,0.0065558788716845616
alcohol_25,alcohol,180,2026-05-21,8.0,1,39.0,0.10580980201233364,0.15384615384615385,0.1794871794871795,0.09871794871794869,0.10602618197554904,0.02532705389848247,0.0008271298593879239,-0.0013399030145979192,0.052888106729119096,235.0,0.011132058533081964,0.01702127659574468,0.01702127659574468,0.00978723404255319,0.011132058533081964,0.0016847590099869736,-0.0008236101578586137,-0.00012183073529101925,0.005628088960817468,209.0,0.004946197484505279,0.009569377990430622,0.014354066985645932,0.004625199362041469,0.0050673288514727554,0.0010741138560687433,-0.0003858620157431702,-4.460446518357534e-05,0.0030330141333707195,243.0,0.016790818009758467,0.024691358024691357,0.024691358024691357,0.01851851851851852,0.016790818009758467,0.0061812379272696725,0.00013274923669188903,-0.0002786669621783956,0.00796852652450285,40.0,0.1079113924050633,0.175,0.175,0.09708333333333331,0.1079113924050633,0.02540816326530613,0.0,-0.0013857015194327358,0.05169481044599823,16.0,0.0005274261603375527,0.0625,0.0625,0.0,0.0005274261603375527,0.0005102040816326531,0.0,-2.8175747987492793e-05,0.005685537352492291
alcohol_26,alcohol,180,2026-05-21,8.0,1,40.0,0.09472573839662446,0.175,0.19999999999999998,0.11749999999999998,0.09493670886075947,0.03887755102040817,0.022177419354838704,-0.0010789015207993806,0.047402248637867704,234.0,0.010512459879548488,0.021367521367521368,0.021367521367521368,0.012678062678062674,0.010512459879548488,0.00697714983429269,0.005376344086021504,-0.00010250736230372732,0.0049627253046874795,210.0,0.005585694193289129,0.009523809523809525,0.009523809523809525,0.006428571428571431,0.005585694193289129,0.004431486880466471,0.0033026113671274972,-5.898943507147581e-05,0.0030397271905350403,242.0,0.01931861770757053,0.028925619834710745,0.028925619834710745,0.022727272727272728,0.01931861770757053,0.013864058019902177,0.010263929618768326,-0.0002347361360483443,0.009680756379747444,42.0,0.1123166566204541,0.19047619047619047,0.19047619047619047,0.13015873015873014,0.1123166566204541,0.04518950437317784,0.0238095238095238,-0.0013676328753882278,0.052643537212569244,19.0,0.003109038418831889,0.05263157894736842,0.05263157894736842,0.007894736842105263,0.003109038418831889,0.007518796992481202,0.004244482173174873,-0.00018541117389352468,0.013263341444815679
alcohol_27,alcohol,180,2026-05-22,8.0,1,32.0,0.36563818565400846,0.59375,0.59375,0.27447916666666666,0.36563818565400846,0.09845020325203252,0.053931451612903226,-0.0027699745257239315,0.17596408422731652,225.0,0.026197843413033287,0.044444444444444446,0.044444444444444446,0.018740740740740735,0.026197843413033287,0.005763324299909666,0.005161290322580644,-9.168108133227423e-05,0.012695835245721172,186.0,0.01465450750873372,0.021505376344086023,0.021505376344086023,0.012724014336917562,0.01465450750873372,0.012566657924643761,0.014828303850156085,8.579335613775646e-05,0.006526660258360225,249.0,0.021249555182756345,0.0321285140562249,0.03614457831325301,0.01934404283801874,0.021283446020368395,0.00981160414013779,0.008032128514056224,-0.0001328050890482944,0.01033754990607238,35.0,0.2620855937311633,0.42857142857142855,0.42857142857142855,0.18428571428571422,0.2620855937311633,0.05261324041811846,0.026267281105990775,-0.0018403126599505814,0.13136872247474285,18.0,0.0,0.0,0.0,0.0,0.0,0.0,0.0,0.0,0.0
alcohol_28,alcohol,180,2026-05-22,10.0,1,26.0,0.23888347938980845,0.34615384615384615,0.34615384615384615,0.30000000000000004,0.23888347938980845,0.1155409631019387,0.05645161290322579,-0.0034094364420896987,0.11619197596831476,203.0,0.016711354991581967,0.029556650246305417,0.034482758620689655,0.02101806239737274,0.016877637130801686,0.012475469582282026,0.01072620371841729,-0.00014916839754885278,0.009206327952760582,176.0,0.011603375527426161,0.022727272727272728,0.022727272727272728,0.01590909090909091,0.011603375527426161,0.012056541019955654,0.011363636363636364,-8.443130897749408e-05,0.005886275580929461,223.0,0.021418705417116043,0.03139013452914798,0.03587443946188341,0.026606875934230206,0.02160791659571247,0.01605964490138175,0.011789382323159268,-0.0002632991173135295,0.011655299549274736,27.0,0.29614002187841854,0.4074074074074074,0.4074074074074074,0.3401234567901235,0.29614002187841854,0.12225233363444744,0.07168458781362011,-0.003149958990637951,0.1318994239688709,15.0,0.03347398030942334,0.06666666666666667,0.06666666666666667,0.04888888888888889,0.03347398030942334,0.021138211382113817,0.012903225806451613,-0.0005363696147653023,0.029767618499152923
alcohol_29,alcohol,180,2026-05-22,10.0,1,26.0,0.24699772801038627,0.38461538461538464,0.38461538461538464,0.20769230769230768,0.24699772801038627,0.08712715855572997,0.02853598014888338,-0.003080453469844669,0.11234539177156462,204.0,0.01820137337635476,0.04411764705882353,0.04901960784313726,0.014542483660130716,0.018408207164722426,0.0032212885154061623,-0.004901960784313727,-0.000333486859901958,0.00948748850513644,177.0,0.0089394264463992,0.022598870056497175,0.02824858757062147,0.007156308851224106,0.008987103387446663,0.0024674276490257124,-0.002004738472753782,-0.00018285397047838572,0.0054627199490858685,224.0,0.021831675708257985,0.03125,0.03125,0.018526785714285714,0.021831675708257985,0.01009475218658892,0.0028801843317972347,-0.0002730598950853495,0.00984909186146746,28.0,0.2289029535864979,0.42857142857142855,0.42857142857142855,0.1547619047619047,0.2289029535864979,0.055830903790087455,0.010944700460829493,-0.0022933962955642095,0.114505294894661,15.0,0.005344585091420534,0.06666666666666667,0.06666666666666667,0.0,0.005344585091420534,0.0010884353741496598,0.0,-3.177580295473245e-05,0.011731360707601083
alcohol_3,alcohol,180,2026-05-14,8.0,1,29.0,0.3078713807653135,0.5172413793103449,0.5172413793103449,0.304022988505747,0.3078713807653135,0.08312307261003646,0.029477196885428263,-0.0034833617999043822,0.15223269003202838,224.0,0.033416214587100666,0.05803571428571429,0.05803571428571429,0.02953869047619047,0.033416214587100666,0.0056257259001161455,0.0002160138248847926,-0.00036167436217758673,0.016685993640317132,186.0,0.014087382605144952,0.021505376344086023,0.021505376344086023,0.012813620071684588,0.014087382605144952,0.005485619372322754,0.004335761359694763,-0.00012368587638540476,0.006301663940859137,199.0,0.04825816847952844,0.07035175879396985,0.07035175879396985,0.05385259631490788,0.04825816847952844,0.017935204477672915,0.004457772734640948,-0.0007580129888848974,0.02273570702150783,31.0,0.38968286375391314,0.6129032258064516,0.6129032258064516,0.414516129032258,0.38968286375391314,0.08313663781799108,0.006243496357960458,-0.005087930646395458,0.19377450430831106,13.0,0.07140538786108405,0.07692307692307693,0.07692307692307693,0.07692307692307691,0.07140538786108405,0.06566604127579735,0.06079404466501242,-0.00038053544697777433,0.037399877296961086
alcohol_30,alcohol,180,2026-05-22,10.0,1,26.0,0.2017202207075625,0.34615384615384615,0.34615384615384615,0.16217948717948713,0.2017202207075625,0.055190744215134466,0.015508684863523576,-0.00224900059448496,0.10623999525331207,203.0,0.008937664983060006,0.024630541871921183,0.034482758620689655,0.003366174055829228,0.01076676851447694,-0.0036845688653930867,-0.004926108374384236,-0.00014597970559758976,0.008839773430859316,176.0,0.007959340237821251,0.017045454545454544,0.022727272727272728,0.007670454545454545,0.008103183736095127,0.0031411677753141166,0.00219941348973607,-9.83313562135526e-05,0.004968201456027776,223.0,0.008060396208207981,0.017937219730941704,0.026905829596412557,0.009641255605381168,0.00889292539403228,-5.4686645521164115e-05,-0.0026037899609431506,-0.00019449491021318463,0.007444800641015553,28.0,0.18836648583484025,0.32142857142857145,0.35714285714285715,0.1446428571428571,0.19017480409885473,0.03411730545876887,0.0,-0.0022676455503915388,0.10192268353201532,15.0,0.0,0.0,0.0,0.0,0.0,0.0,0.0,0.0,0.0
alcohol_31,alcohol,180,2026-05-22,5.0,1,30.0,0.2459915611814346,0.43333333333333335,0.4666666666666667,0.18111111111111108,0.24767932489451477,0.046476964769647695,0.014516129032258065,-0.0018437637821320672,0.1257016572516149,205.0,0.0217556859112895,0.04878048780487805,0.05365853658536585,0.014390243902439027,0.02196151075434806,0.0060479873091413856,0.005271439811172307,-8.272945015359397e-05,0.010622111455267614,185.0,0.01001254418975938,0.016216216216216217,0.021621621621621623,0.008288288288288289,0.010103774660736685,0.005778949681388704,0.005666957279860506,-3.396794676172874e-05,0.004806118439044735,216.0,0.023460696983903736,0.037037037037037035,0.041666666666666664,0.02523148148148148,0.023695108610720425,0.016881210478771454,0.01418757467144564,-0.00018748068377103736,0.011389118613877846,30.0,0.22320675105485233,0.36666666666666664,0.39999999999999997,0.18222222222222217,0.22489451476793249,0.05582655826558266,0.021505376344086027,-0.0021186582640933733,0.11100210702531892,14.0,0.0,0.0,0.0,0.0,0.0,0.0,0.0,0.0,0.0
alcohol_32,alcohol,180,2026-05-22,5.0,1,37.0,0.19751396966586846,0.3783783783783784,0.40540540540540543,0.13513513513513511,0.1984262743756415,0.027247655819084383,0.0013077593722755014,-0.0016472046203019608,0.10146194419245237,221.0,0.014376539320694198,0.04072398190045249,0.0497737556561086,0.008295625942684768,0.015025679210340415,-0.0023270846800258565,-0.003430156181579333,-0.000117944205602814,0.009536283486424229,207.0,0.0031390774373713285,0.00966183574879227,0.01932367149758454,0.002254428341384863,0.003954422226298946,-0.004002760524499656,-0.005064671965092723,-7.67070470374817e-05,0.004558126136434967,223.0,0.026867987360693277,0.04035874439461883,0.04484304932735426,0.02683109118086697,0.027095040775008992,0.010506085842408714,0.003978012440329814,-0.00036586783909067116,0.013203730440226002,37.0,0.22533926331394688,0.4594594594594595,0.4594594594594595,0.1792792792792793,0.22533926331394688,0.05394373965802536,0.02528334786399302,-0.001895115438257333,0.10766405276038019,15.0,-0.008157524613220817,0.06666666666666667,0.06666666666666667,-0.0044444444444444444,0.008157524613220817,-0.029931972789115642,-0.04623655913978495,-0.0007908063585652468,0.03031435897394776
alcohol_33,alcohol,180,2026-05-23,5.0,1,39.0,0.25586930650221784,0.46153846153846156,0.46153846153846156,0.2008547008547009,0.25586930650221784,0.06917844060701203,0.025227460711331667,-0.0026772403286547857,0.12511119967433887,230.0,0.0182168409466153,0.0391304347826087,0.0391304347826087,0.01579710144927536,0.0182168409466153,0.004010647737355813,0.0,-0.00019368724812356963,0.009418824991408099,203.0,0.01178524661719773,0.019704433497536946,0.019704433497536946,0.012807881773399013,0.01178524661719773,0.006333567909922589,0.0041315747656125845,-0.00011620472743167403,0.005033860385208352,251.0,0.018155227192495838,0.027888446215139442,0.027888446215139442,0.020119521912350596,0.018155227192495838,0.00964306041141556,0.002570363706464464,-0.0002597247927515819,0.009284473278023394,39.0,0.20740019474196686,0.358974358974359,0.3333333333333333,0.1867521367521367,0.20740019474196686,0.06677132391418107,0.023986765922249787,-0.002479061563996212,0.09848417777824427,24.0,0.0,0.0,0.0,0.0,0.0,0.0,0.0,0.0,0.0
alcohol_34,alcohol,180,2026-05-23,8.0,1,42.0,0.17641149286718902,0.35714285714285715,0.35714285714285715,0.14880952380952375,0.17641149286718902,0.041107871720116616,0.008064516129032258,-0.002091967386901899,0.09158536490497443,234.0,0.008510945219805978,0.021367521367521368,0.02564102564102564,0.006623931623931625,0.008727325183021384,-0.0009768009768009766,-0.00392886683209264,-0.00019450493817134472,0.006042957910444563,209.0,0.0040377122322492074,0.009569377990430622,0.014354066985645932,0.0027910685805422647,0.004360729210829145,-0.0022849331120007818,-0.004398826979472143,-0.00013718341773072442,0.004119444983038996,251.0,0.013750903558760734,0.0199203187250996,0.02390438247011952,0.013545816733067729,0.013952628305344023,0.001268395804536954,-0.002570363706464464,-0.00026293210985518106,0.008114614755797778,41.0,0.22517237830606157,0.4878048780487805,0.4878048780487805,0.12439024390243904,0.22517237830606157,0.028571428571428577,0.00865460267505901,-0.0014515435288764422,0.11755283757079033,24.0,0.002109704641350211,0.041666666666666664,0.041666666666666664,0.0,0.002109704641350211,0.0,0.0,0.0,0.005337774195488852
alcohol_35,alcohol,180,2026-05-23,10.0,1,42.0,0.3167570825798674,0.5,0.47619047619047616,0.3369047619047619,0.3167570825798674,0.10048590864917398,0.04646697388632871,-0.0035389036637764886,0.15071124938624123,234.0,0.022900212773630493,0.042735042735042736,0.042735042735042736,0.022364672364672364,0.022900212773630493,0.00971568114425257,0.006961676316515029,-0.00019007187470164292,0.011789461159002545,209.0,0.011850685401651422,0.023923444976076555,0.023923444976076555,0.012041467304625198,0.011850685401651422,0.009022556390977442,0.008257447136903845,-6.576368455365915e-05,0.0061701864383764855,251.0,0.023971624052313945,0.035856573705179286,0.03187250996015936,0.024701195219123506,0.023971624052313945,0.016375315066265547,0.012594782161675876,-0.0002120970904477173,0.010915054256311082,42.0,0.2413100261201527,0.5238095238095238,0.5238095238095238,0.26904761904761904,0.2413100261201527,0.062390670553935865,0.016129032258064516,-0.003092419309777533,0.12584124591860898,24.0,0.00017580872011251758,0.041666666666666664,0.041666666666666664,0.0,0.00017580872011251758,0.0,0.0,0.0,0.001552823482495858
alcohol_36,alcohol,180,2026-05-24,8.0,2,51.0,0.09936295193182758,0.2549019607843137,0.2745098039215686,0.05326797385620914,0.09952841896252171,0.02391200382592061,0.006641366223908918,-0.0009686746207039969,0.055365392588892844,244.0,0.007781697447603236,0.02459016393442623,0.02459016393442623,0.0037568306010928964,0.007781697447603236,0.003715180594428894,0.0029085140137493394,-3.738677659661388e-05,0.0047508257372691045,223.0,0.004446462697016139,0.013452914798206279,0.013452914798206279,0.0029895366218236174,0.004446462697016139,0.0031353676765467206,0.0028207724576884137,-1.9872472955891623e-05,0.0026353388369654757,274.0,0.004173211370846038,0.014598540145985401,0.01824817518248175,0.0010340632603406325,0.004696787705195726,0.002002848495638241,0.002648928655521544,2.3366338279701593e-05,0.004021936034058253,50.0,0.0759493670886076,0.28,0.28,0.03266666666666666,0.0759493670886076,0.007642276422764227,0.0,-0.0005540551984100987,0.047970983706588484,20.0,0.0,0.0,0.0,0.0,0.0,0.0,0.0,0.0,0.0
alcohol_37,alcohol,180,2026-05-24,8.0,2,52.0,0.12723141837065888,0.23076923076923078,0.23076923076923078,0.09358974358974356,0.12723141837065888,0.01446216385240775,0.0,-0.0009317812864676502,0.06699868015617395,245.0,0.012262120037888574,0.024489795918367346,0.02040816326530612,0.00836734693877551,0.012262120037888574,0.0025717604114816658,0.0005266622778143516,-8.308343037734233e-05,0.005827256309771628,224.0,0.006875376732971668,0.013392857142857142,0.013392857142857142,0.004538690476190475,0.006875376732971668,0.002177700348432055,0.0002160138248847926,-8.19749770574682e-05,0.0034010688500960722,276.0,0.008943313153549808,0.018115942028985508,0.018115942028985508,0.005555555555555554,0.008943313153549808,-0.00032402497938022835,-0.002454417952314165,-0.00011037674237664994,0.005513157885535152,51.0,0.09423347398030943,0.23529411764705882,0.23529411764705882,0.06013071895424836,0.09423347398030943,0.006376534353578829,-0.006325110689437064,-0.000774924402617601,0.053478073173105274,20.0,0.0,0.0,0.0,0.0,0.0,0.0,0.0,0.0,0.0
alcohol_38,alcohol,180,2026-05-24,8.0,2,45.0,0.19315518049695263,0.3333333333333333,0.3333333333333333,0.1374074074074074,0.19315518049695263,0.04308943089430894,0.022222222222222216,-0.0012427106001023154,0.09105010985271479,237.0,0.009489220032402216,0.02531645569620253,0.029535864978902954,0.0028832630098452883,0.009524826861792093,-0.0025556584679770843,-0.0036749693752552064,-7.093445928040929e-05,0.006813456810328159,214.0,0.004160258685279388,0.014018691588785047,0.014018691588785047,0.0,0.004160258685279388,-0.0010637489552465617,-0.0017334941211938498,-2.3235031935643654e-05,0.003766605074561915,271.0,0.01468229872172139,0.025830258302583026,0.022140221402214024,0.010885608856088561,0.01468229872172139,0.005985059850598505,0.003809070348768004,-0.00012026023187788011,0.007593103735172867,46.0,0.13529627591267657,0.2826086956521739,0.3043478260869565,0.07826086956521738,0.135663181067694,0.011576528808766346,-0.0035063113604488073,-0.0008735697539885009,0.07462971103850825,19.0,0.0,0.0,0.0,0.0,0.0,0.0,0.0,0.0,0.005164255105608204
alcohol_39,alcohol,130,2026-05-26,8.0,1,57.0,0.09824561403508772,0.21052631578947367,0.21052631578947367,0.11228070175438598,0.09824561403508772,0.014751163623344075,-0.005093378607809847,-0.0012455076756751936,0.03837222559459763,249.0,0.008634538152610442,0.020080321285140562,0.020080321285140562,0.00963855421686747,0.008634538152610442,-0.001327760019670519,-0.0031092110376991834,-0.0001211081917573611,0.004290503392825982,230.0,0.006521739130434781,0.013043478260869565,0.013043478260869565,0.006521739130434782,0.006521739130434781,0.002342502218278616,0.0021739130434782613,-3.6810658061025405e-05,0.002603128422475975,293.0,0.0053754266211604096,0.010238907849829351,0.010238907849829351,0.005802047781569966,0.0053754266211604096,0.0031204290589956123,0.0003302873499944952,-9.18092483086826e-05,0.0033061339609959067,59.0,0.048728813559322036,0.15254237288135594,0.16949152542372883,0.04067796610169492,0.05127118644067796,-0.0002075406433759939,-0.007927829414980865,-0.0003929989628469134,0.021892653862335368,20.0,0.0,0.0,0.0,0.0,0.0,-0.00673469387755102,-0.014516129032258067,-0.00022285031620168487,0.013300042113187574
alcohol_4,alcohol,180,2026-05-14,8.0,1,32.0,0.24802215189873417,0.4375,0.40625,0.19635416666666666,0.24802215189873417,0.09794207317073171,0.07106854838709678,-0.001644827975914597,0.10907689720616032,232.0,0.031099956350938457,0.04741379310344827,0.043103448275862065,0.024784482758620694,0.031099956350938457,0.02053546397532941,0.020161290322580645,-5.8382290314622946e-05,0.013237799082370251,195.0,0.009758736341014823,0.015384615384615385,0.015384615384615385,0.008376068376068376,0.009758736341014823,0.011048572024181781,0.013978494623655911,0.00012508665527919216,0.00641182317035386,224.0,0.04004671488848703,0.05357142857142857,0.049107142857142856,0.042410714285714295,0.04004671488848703,0.033609175377468055,0.03189804147465438,-0.00017435877157118422,0.019761503187194395,37.0,0.2333219295244612,0.40540540540540543,0.3783783783783784,0.16666666666666663,0.2333219295244612,0.08822236871017361,0.07410636442894508,-0.0012687481001975903,0.10539529197608344,16.0,-0.0005274261603375527,0.0625,0.0625,0.0,0.0005274261603375527,0.0,0.0,0.0,0.014810716980643101
alcohol_40,alcohol,130,2026-05-26,8.0,1,54.0,0.13564814814814813,0.2962962962962963,0.31481481481481477,0.15555555555555553,0.14027777777777778,0.04089191232048375,-0.0008960573476702509,-0.002622122594390495,0.06425033158874463,247.0,0.012550607287449394,0.02834008097165992,0.02834008097165992,0.013765182186234817,0.012550607287449394,0.00256134842601008,-6.52997257411519e-05,-0.00015171512385342168,0.005293802232059426,228.0,0.003618421052631579,0.008771929824561403,0.008771929824561403,0.0043859649122807015,0.003618421052631579,0.0006444683136412459,0.0,-5.3693591819205136e-05,0.0017825607187171957,288.0,0.0034722222222222225,0.010416666666666666,0.013888888888888888,0.005208333333333333,0.0046875,0.000410997732426304,-0.0031362007168458782,-0.00019767450090721952,0.003828673943197891,55.0,0.07954545454545456,0.18181818181818182,0.18181818181818182,0.0890909090909091,0.07954545454545456,0.03844155844155844,0.0008797653958944282,-0.0024083727426675383,0.04831983323200298,18.0,-0.025,0.05555555555555555,0.05555555555555555,-0.016666666666666666,0.025,-0.031292517006802724,-0.03405017921146953,-0.00019611385003057567,0.027432905268367253
alcohol_41,alcohol,130,2026-05-26,8.0,1,54.0,0.07962962962962963,0.16666666666666666,0.18518518518518517,0.0962962962962963,0.08055555555555555,0.02297808012093726,0.01403823178016726,-0.0006794485303890427,0.028784315819714076,248.0,0.003729838709677419,0.012096774193548387,0.016129032258064516,0.005241935483870967,0.006350806451612903,0.00032916392363396965,0.0010405827263267426,-1.0791135605074586e-05,0.003100879472349787,229.0,0.0037117903930131,0.008733624454148471,0.013100436681222707,0.004366812227074235,0.004366812227074236,0.00033865074414045094,0.0014086491055078176,9.028320166792743e-06,0.002370520276996476,287.0,0.0029616724738675956,0.010452961672473868,0.013937282229965157,0.004878048780487805,0.004006968641114983,-0.0009812984427220364,-0.003428121838822075,-0.00012014273230269621,0.0034878799880545285,55.0,0.0659090909090909,0.18181818181818182,0.18181818181818182,0.061818181818181814,0.0659090909090909,0.012467532467532468,0.005865102639296188,-0.00048212558778780397,0.02510208735673407,17.0,0.0,0.0,0.0,0.0,0.0,0.0,0.0,0.0,0.0
alcohol_42,alcohol,130,2026-05-26,8.0,1,43.0,0.10523255813953489,0.20930232558139536,0.20930232558139536,0.17906976744186048,0.10523255813953489,0.06340768865685809,0.019129782445611403,-0.0026717973508610738,0.0551472694937474,226.0,0.007964601769911504,0.017699115044247787,0.022123893805309734,0.01238938053097345,0.00907079646017699,0.004045512010113781,0.0019269197830431063,-0.00014514730953987896,0.004657157914802873,209.0,0.0021531100478468903,0.009569377990430622,0.014354066985645932,0.003827751196172248,0.0035885167464114825,0.000995996484718289,7.717240314863402e-05,-5.9210179815801935e-05,0.002952513649124736,261.0,0.006992337164750957,0.01532567049808429,0.019157088122605363,0.009195402298850576,0.0077586206896551714,0.007631558370474625,0.00846619700902237,9.956581877037621e-06,0.006092224624554032,45.0,0.11333333333333333,0.2,0.2,0.17333333333333334,0.11333333333333333,0.0419954648526077,0.012903225806451615,-0.0018912810725436606,0.04800820474148478,18.0,0.0,0.0,0.0,0.0,0.0,0.0,0.0,0.0,0.004199535899733688
alcohol_43,alcohol,130,2026-05-26,8.0,1,43.0,0.10988372093023255,0.18604651162790697,0.18604651162790697,0.16511627906976747,0.10988372093023255,0.034551495016611304,-0.0007501875468867217,-0.0022233749406608324,0.049706250673845244,225.0,0.011,0.02666666666666667,0.02666666666666667,0.013333333333333332,0.011,0.000997732426303855,-0.0022222222222222222,-0.00019465205347676915,0.004793067886980273,208.0,0.003125,0.009615384615384616,0.014423076923076924,0.003365384615384616,0.003365384615384616,-0.0013343799058084767,-0.002403846153846155,-7.630724933255829e-05,0.0028521257695395914,260.0,0.012403846153846154,0.019230769230769232,0.015384615384615385,0.014230769230769233,0.012403846153846154,0.007111459968602827,0.004156327543424317,-0.00018851271040704997,0.006718864668714875,44.0,0.10340909090909092,0.18181818181818182,0.1590909090909091,0.12954545454545452,0.10340909090909092,0.03608534322820036,0.011730205278592375,-0.0015419945272514624,0.03758471002002038,18.0,0.0,0.0,0.0,0.0,0.0,0.0,0.0,0.0,0.0
alcohol_44,alcohol,130,2026-05-27,8.0,2,54.0,0.1833333333333333,0.46296296296296297,0.46296296296296297,0.4,0.1833333333333333,0.08586545729402872,0.016129032258064512,-0.005092603177549726,0.1086520025406084,244.0,0.017930327868852458,0.036885245901639344,0.03278688524590164,0.032786885245901634,0.017930327868852458,0.009367681498829042,0.007535695399259653,-0.00025405629913260633,0.007939726046186792,228.0,0.006030701754385965,0.013157894736842105,0.013157894736842105,0.011403508771929824,0.006030701754385965,0.003276047261009667,0.0048811544991511045,-1.2288294362731432e-05,0.003639165501392802,277.0,0.008032490974729242,0.018050541516245487,0.021660649819494584,0.015884476534296033,0.008393501805054151,0.004228984012377515,0.0003493653196692675,-0.00024058918054859827,0.005329385527963567,53.0,0.17830188679245282,0.39622641509433965,0.39622641509433965,0.3358490566037736,0.17830188679245282,0.07223719676549865,0.012477175897748024,-0.004390334347415676,0.09735898714735539,17.0,0.0,0.0,0.0,0.0,0.0,0.00048019207683073226,0.0009487666034155598,2.6899439962102456e-05,0.0036341031094426638
alcohol_45,alcohol,130,2026-05-27,8.0,2,54.0,0.14722222222222223,0.2962962962962963,0.2962962962962963,0.19629629629629627,0.14722222222222223,0.04822373393801964,0.008064516129032256,-0.0025236584054231697,0.06082207614392685,246.0,0.011483739837398374,0.024390243902439025,0.024390243902439025,0.013008130081300811,0.011483739837398374,0.00024888003982080615,-0.003212693417256754,-0.00020136645958666896,0.005211463608358601,229.0,0.006331877729257642,0.013100436681222707,0.013100436681222707,0.005676855895196507,0.006331877729257642,-0.0006594777649050883,-0.0030990280321171997,-0.0001284782589841595,0.0034670195821874966,278.0,0.012589928057553957,0.02158273381294964,0.017985611510791366,0.017266187050359712,0.012589928057553957,0.009279107326383792,0.004757484335112554,-0.00022312259960987724,0.006502954048610318,53.0,0.125,0.3018867924528302,0.2830188679245283,0.1811320754716981,0.125,0.05721986907970735,0.014911746804625686,-0.0028860224937401493,0.061870377874176055,17.0,0.0014705882352941176,0.058823529411764705,0.058823529411764705,0.0058823529411764705,0.0014705882352941176,0.00048019207683073226,0.0009487666034155598,-6.062261647049204e-06,0.005129504925283318
alcohol_46,alcohol,130,2026-05-27,8.0,2,49.0,0.06989795918367346,0.16326530612244897,0.18367346938775508,0.14897959183673468,0.07091836734693877,0.028738025822573936,-0.011191573403554972,-0.0024130615745048935,0.043701481472592375,236.0,0.007733050847457626,0.01694915254237288,0.01694915254237288,0.013135593220338984,0.007733050847457626,0.002542372881355933,-0.0032121377802077633,-0.0002709908186754337,0.004400145520793,221.0,0.00248868778280543,0.004524886877828055,0.004524886877828055,0.004524886877828054,0.00248868778280543,0.00011081355619170718,-0.003138227995913007,-0.00013483408125536094,0.0023599615576686446,265.0,0.0036792452830188686,0.007547169811320755,0.011320754716981133,0.0060377358490566035,0.004433962264150944,-0.00038505968425105885,-0.006938527084601339,-0.000316765501579736,0.0051464215135960355,48.0,0.05208333333333333,0.125,0.125,0.07291666666666666,0.05208333333333333,0.027806122448979596,-0.008400537634408602,-0.0022229453029984016,0.03712380975565894,16.0,-0.003125,0.0625,0.0625,0.0,0.003125,-0.00586734693877551,-0.011088709677419355,-0.0002163703175733778,0.014992792952584797
alcohol_47,alcohol,130,2026-05-27,8.0,2,48.0,0.12395833333333335,0.5,0.4791666666666667,0.30833333333333335,0.12395833333333335,0.14258879781420766,0.047472677595628406,-0.006706531996168558,0.12956479837263635,235.0,0.015319148936170212,0.04680851063829787,0.0425531914893617,0.028510638297872336,0.015319148936170212,0.018102546215556334,0.012835716777118943,-0.00040262141662895186,0.010491757175981525,220.0,0.006363636363636363,0.01818181818181818,0.01818181818181818,0.012272727272727274,0.006363636363636363,0.006967213114754099,0.0045454545454545435,-0.00018379812890659942,0.004632855439458601,266.0,0.01193609022556391,0.03383458646616541,0.03383458646616541,0.02330827067669173,0.01193609022556391,0.017533588068531985,0.014544558116602982,-0.00028533643571722534,0.010455145913916605,49.0,0.13265306122448978,0.4897959183673469,0.5102040816326531,0.35510204081632657,0.1336734693877551,0.08573101371696218,0.01706256273001004,-0.005185595556518371,0.11095133592394123,16.0,-0.0046875,0.0625,0.0625,0.0,0.0046875,-0.003586065573770492,-0.004098360655737705,-2.7304332570375395e-05,0.01980565855510092
alcohol_48,alcohol,125,2026-05-28,8.0,2,46.0,0.02608695652173913,0.15217391304347827,0.15217391304347827,0.07391304347826086,0.02608695652173913,0.068045245669848,0.021388499298737738,-0.0030015440213485385,0.056533819184322855,228.0,0.0037280701754385964,0.017543859649122806,0.017543859649122806,0.009649122807017543,0.0037280701754385964,0.006543289117101698,0.004102999434069045,-0.00018060768525293616,0.004757968850058511,211.0,0.002369668246445498,0.009478672985781991,0.009478672985781991,0.005687203791469195,0.002369668246445498,0.004835664470388779,0.0015288182235132244,-0.0001960788893388253,0.00428892673151789,255.0,-0.000784313725490196,0.00784313725490196,0.011764705882352941,0.002352941176470588,0.002352941176470588,0.004001275306870716,-0.00196078431372549,-0.00032087919739523236,0.005699517109097952,47.0,0.019148936170212766,0.19148936170212766,0.19148936170212766,0.07659574468085106,0.019148936170212766,0.06599204289915238,-0.00034317089910775565,-0.004553592269523747,0.08110085871225704,14.0,-0.007142857142857143,0.07142857142857142,0.07142857142857142,-0.02857142857142857,0.007142857142857143,-0.014808362369337977,-0.017281105990783408,-0.0001432861552097216,0.0268918841948668
alcohol_49,alcohol,125,2026-05-28,8.0,2,44.0,0.020454545454545454,0.09090909090909091,0.09090909090909091,0.045454545454545456,0.020454545454545454,0.06660482374768087,0.006231671554252199,-0.0034672950553645276,0.06051868426667471,224.0,0.006919642857142856,0.017857142857142856,0.013392857142857142,0.0125,0.006919642857142856,0.009566326530612245,0.0002880184331797237,-0.0004416579009626327,0.007733683842394769,210.0,0.004285714285714286,0.014285714285714285,0.014285714285714285,0.010476190476190476,0.004285714285714286,0.008182701652089409,0.002918586789554532,-0.0002361490770190561,0.005598107784655075,249.0,0.00823293172690763,0.01606425702811245,0.012048192771084336,0.012851405622489959,0.00823293172690763,0.011376116711744936,0.0016193807488016586,-0.000485417032400685,0.009641797282268268,45.0,0.04111111111111111,0.15555555555555556,0.15555555555555556,0.11555555555555555,0.04111111111111111,0.06340136054421767,0.0025089605734767025,-0.003764384857485904,0.06504679164488808,13.0,0.0,0.0,0.0,0.0,0.0,0.0003139717425431711,0.0012406947890818859,1.734057333622112e-05,0.0034298236723259877
alcohol_5,alcohol,180,2026-05-14,8.0,1,34.0,0.17820799205758253,0.3235294117647059,0.35294117647058826,0.188235294117647,0.18093819806403577,0.036585365853658534,0.0004743833017077799,-0.002027610419833163,0.09320803410802113,235.0,0.022174342400574556,0.0425531914893617,0.04680851063829787,0.02127659574468085,0.022317981865517554,0.006711641584500952,0.00418668496911462,-0.00016830914874004408,0.010793192040724443,197.0,0.003748206215596822,0.01015228426395939,0.015228426395939085,0.004822335025380712,0.00430508256762835,-0.0017952209978952585,-0.004994268871786476,-0.00014316955250006562,0.004256264374993322,226.0,0.024009559015720095,0.035398230088495575,0.04424778761061947,0.02876106194690265,0.024382958067286502,0.014119720843226134,0.007208107336568656,-0.0003151799947981176,0.012556228672108122,38.0,0.16833222296246944,0.3684210526315789,0.39473684210526316,0.14780701754385964,0.16855429713524317,0.04278990158322634,0.024617996604414265,-0.0011834190248340658,0.08490439647317441,15.0,0.05232067510548523,0.06666666666666667,0.06666666666666667,0.05444444444444445,0.05232067510548523,0.03252032520325203,0.01720430107526882,-0.0006489220720242156,0.03330811803484729
alcohol_50,alcohol,125,2026-05-28,8.0,2,24.0,0.03333333333333334,0.20833333333333334,0.25,0.15833333333333335,0.05,0.04234417344173443,-0.01344086021505376,-0.0034774089742563054,0.05850496208708155,184.0,0.0008152173913043478,0.021739130434782608,0.03260869565217391,0.01847826086956522,0.008967391304347826,-0.007887062566277834,-0.015690743338008413,-0.0004458888638881893,0.007940827354227898,169.0,-0.0008875739644970418,0.011834319526627219,0.01775147928994083,0.010650887573964495,0.006804733727810652,-0.005075287439264925,-0.006680664248902462,-0.0001782381872643594,0.005542930118985652,218.0,0.007339449541284404,0.01834862385321101,0.01834862385321101,0.013761467889908258,0.007339449541284404,-0.0007272320429626316,-0.005401006214856467,-0.0003163620094668562,0.007213397375351457,27.0,0.08333333333333334,0.25925925925925924,0.25925925925925924,0.22962962962962963,0.08333333333333334,0.0511894007828967,0.0011947431302270011,-0.0031599665888224133,0.05938287062767784,11.0,0.0,0.0,0.0,0.0,0.0,-0.0029563932002956393,0.0,6.363174991383469e-05,0.020127284865285294
alcohol_51,alcohol,125,2026-05-28,8.0,2,25.0,0.036,0.12,0.12,0.11200000000000002,0.036,0.029224489795918372,0.0,-0.002115863662754248,0.04480220954762743,182.0,0.01565934065934066,0.027472527472527472,0.021978021978021976,0.025274725274725275,0.01565934065934066,0.011123570307243777,0.010280042538107052,-0.00015652072617212715,0.0069585155589085325,173.0,0.007514450867052022,0.017341040462427744,0.017341040462427744,0.013872832369942195,0.007514450867052022,0.0029727497935590416,0.0013984710050344953,-0.0001581113533631639,0.004412074017364208,214.5,0.007226107226107227,0.016317016317016316,0.018648018648018648,0.011655011655011654,0.0076923076923076945,0.006897864040721184,0.0045116174148432196,-0.00016812132683341133,0.005431385261854456,29.0,0.048275862068965524,0.13793103448275862,0.13793103448275862,0.13103448275862067,0.048275862068965524,0.021393384940182968,0.002224694104560623,-0.0013561314912712494,0.02970754015543712,12.0,0.0,0.0,0.0,0.0,0.0,0.0013605442176870747,0.0026881720430107525,5.340913888859797e-05,0.007409001860697675
alcohol_52,alcohol,180,2026-05-29,10.0,3,47.0,0.08465750965077656,0.2127659574468085,0.2127659574468085,0.08687943262411345,0.08465750965077656,0.016413373860182365,0.0013726835964310226,-0.0008431583028615718,0.04179048627257329,229.0,0.0024505739502146545,0.021834061135371178,0.026200873362445413,-7.278020378457059e-05,0.0025611261584950152,-0.006416540415292753,-0.007536272714466826,-5.146197371653624e-05,0.0048928660791868975,207.0,8.153447889276191e-05,0.00966183574879227,0.014492753623188404,-0.0012077294685990335,0.001059948225605903,-0.005442176870748299,-0.0065451145395044414,-3.545959892117708e-05,0.0038780799851053155,249.0,0.00438886347076068,0.012048192771084338,0.01606425702811245,0.0016064257028112453,0.004524426821208886,-0.01052372756331448,-0.014509651509262858,-0.00021519706664651297,0.007444106206441746,49.0,0.04176354085938172,0.12244897959183673,0.14285714285714285,0.06632653061224489,0.042280203220528716,-0.00583090379008746,-0.018433179723502304,-0.0007679254309823865,0.03072155614373102,12.0,0.0017580872011251757,0.08333333333333333,0.08333333333333333,0.004166666666666667,0.0017580872011251757,0.0,0.0,0.0,0.013366437870503938
alcohol_53,alcohol,180,2026-05-29,10.0,3,45.0,0.08860759493670885,0.28888888888888886,0.28888888888888886,0.05666666666666667,0.08860759493670885,0.017795844625112914,-0.001075268817204301,-0.001202072298137018,0.052020558877749104,224.0,0.006630500301386376,0.022321428571428572,0.022321428571428572,0.0019345238095238094,0.006630500301386376,-0.004591318234610916,-0.006552419354838707,-6.93708362651656e-05,0.005968055069896607,204.0,0.004508976586415156,0.014705882352941176,0.014705882352941176,0.0011437908496732027,0.004508976586415156,-0.002550613741431531,-0.004981024667931687,-8.046821783758966e-05,0.004000673503088643,239.0,0.014141200148297227,0.029288702928870293,0.02510460251046025,0.009344490934449091,0.014141200148297227,-0.005034527332721025,-0.007558374949385882,-0.00015002697847820486,0.00936372632516688,46.0,0.08365437534397357,0.30434782608695654,0.28260869565217395,0.08731884057971012,0.08365437534397357,0.019971721456344998,-0.01016830294530154,-0.001964866879220401,0.05753379685319693,12.0,-0.00035161744022503517,0.08333333333333333,0.08333333333333333,0.0,0.00035161744022503517,-0.0016937669376693766,-0.0026881720430107525,-4.281410466520497e-05,0.009281656938352225
alcohol_54,alcohol,180,2026-05-29,10.0,3,44.0,0.0827579593402378,0.18181818181818182,0.18181818181818182,0.0465909090909091,0.0827579593402378,0.034645232815964516,0.02309384164222874,-0.0005161282751722834,0.04277042797580767,223.0,0.007984711736769408,0.02242152466367713,0.02242152466367713,0.004484304932735427,0.007984711736769408,0.006070217652849174,0.00441197743382034,-4.744115576417648e-05,0.004351387113648932,206.0,0.006062840522715168,0.014563106796116505,0.014563106796116505,0.004854368932038834,0.006062840522715168,0.006571157944589153,0.004854368932038834,-3.6716216403099445e-05,0.0038330696326781075,237.0,0.008616852712350227,0.016877637130801686,0.016877637130801686,0.0049929676511954995,0.008616852712350227,0.00569448732462008,0.00381107935211651,-4.161177728389146e-05,0.005888443278126195,45.0,0.08757618377871541,0.28888888888888886,0.28888888888888886,0.04074074074074073,0.08757618377871541,0.03351400180668472,0.021505376344086016,-0.0005229689496283029,0.05192818455488291,11.0,0.05216724204065977,0.09090909090909091,0.09090909090909091,0.048484848484848485,0.05216724204065977,0.06541019955654105,0.06304985337243402,9.876909359529334e-05,0.04508194649531165
alcohol_55,alcohol,180,2026-05-29,10.0,3,45.0,0.10239099859353024,0.24444444444444444,0.24444444444444444,0.059259259259259255,0.10239099859353024,0.036675700090334225,0.022222222222222216,-0.0007941210447149554,0.05236444712168167,225.0,0.00888888888888889,0.02666666666666667,0.02666666666666667,0.005333333333333332,0.00888888888888889,0.0038663053297199644,0.0,-0.00018737104386445138,0.0054814675786721695,208.0,0.004909120415449528,0.014423076923076924,0.014423076923076924,0.00264423076923077,0.004909120415449528,0.0025797373358348963,0.0,-0.00011220160189639975,0.003739071792605249,240.0,0.013431786216596343,0.029166666666666667,0.025,0.008749999999999999,0.013431786216596343,0.01051829268292683,0.010147849462365587,1.1644983482875951e-05,0.006564242513939234,46.0,0.07420656760227479,0.21739130434782608,0.19565217391304346,0.037318840579710154,0.07420656760227479,0.029250618593142447,0.02279102384291726,-0.0003140834276092847,0.03825491432451473,12.0,-0.008087201125175808,0.08333333333333333,0.08333333333333333,-0.00972222222222222,0.008087201125175808,-0.007113821138211381,-0.0013440860215053762,0.0002275947085939889,0.02702589667746198
alcohol_56,alcohol,180,2026-05-30,8.0,1,56.0,0.25030138637733573,0.5535714285714286,0.5535714285714286,0.1517857142857143,0.25030138637733573,0.05189504373177843,0.02419354838709677,-0.0019130789108197557,0.1324658357286332,241.0,0.015424479577008599,0.03319502074688797,0.03319502074688797,0.011341632088520051,0.015424479577008599,0.003251757134389025,0.003279346807656272,-0.00010278414108157623,0.008463630713912838,224.0,0.006630500301386376,0.013392857142857142,0.013392857142857142,0.004836309523809522,0.006630500301386376,0.001749271137026239,0.0025201612903225814,-2.754920236353923e-05,0.0037024821672488567,268.0,0.01983752125448706,0.029850746268656716,0.029850746268656716,0.020584577114427856,0.01983752125448706,0.0127779469996954,0.013119884448724122,-7.525553974274159e-05,0.010036270290185764,57.0,0.1885409726848767,0.5087719298245614,0.5087719298245614,0.10555555555555554,0.1885409726848767,0.04239169351951307,0.024617996604414265,-0.0014808194117655678,0.10875823163336364,14.0,0.040385774562989744,0.07142857142857142,0.07142857142857142,0.051190476190476196,0.040385774562989744,0.051311953352769654,0.0599078341013825,9.340061812239117e-05,0.035576922235160395
alcohol_57,alcohol,180,2026-05-30,8.0,1,55.0,0.10019179133103184,0.36363636363636365,0.38181818181818183,0.07484848484848484,0.10203298810893749,0.03325942350332595,0.018181818181818174,-0.0009072476565771718,0.060069165445192516,238.0,0.008970676878346273,0.025210084033613446,0.029411764705882353,0.008753501400560222,0.009254334645250504,0.007429801188768189,0.006912442396313364,-4.8421166118928755e-05,0.004569260653961011,222.0,0.0024518189075151105,0.009009009009009009,0.013513513513513514,0.002627627627627628,0.002755920477439465,0.001739544422471252,0.00021795989537925023,-7.803479826285692e-05,0.0024493782569741307,265.0,0.004171642385160416,0.011320754716981131,0.022641509433962263,0.005974842767295597,0.004999601942520499,0.008927749654855039,0.00931223371880706,-1.515015508895067e-05,0.0050187536438179884,56.0,0.07007233273056059,0.39285714285714285,0.4107142857142857,0.04999999999999998,0.07142857142857144,0.022357723577235766,0.017569124423963127,-0.00048099973114239903,0.05109750597632436,14.0,0.02471368294153104,0.07142857142857142,0.07142857142857142,0.02619047619047619,0.02471368294153104,0.02671312427409988,0.023041474654377878,-0.00012770460592509783,0.03416142941443154
alcohol_58,alcohol,180,2026-05-31,8.0,1,40.0,0.2676160337552742,0.45,0.45,0.19041666666666668,0.2676160337552742,0.03943089430894308,0.0,-0.002266910964553044,0.13521387950161234,209.0,0.018371590656733893,0.03349282296650718,0.03349282296650718,0.014114832535885167,0.018371590656733893,0.0021978449449566264,-0.0036271029479857998,-0.00030591425816747515,0.009621382316890949,193.0,0.011630703307754533,0.02072538860103627,0.02072538860103627,0.010535405872193442,0.011630703307754533,0.001979864358229075,-0.0025906735751295333,-0.0002473991976965708,0.0060666433429602895,240.0,0.014222925457102669,0.025,0.029166666666666667,0.013124999999999998,0.014293248945147677,0.0019478319783197836,-0.00846774193548387,-0.0005019350347568937,0.009207603305605749,41.0,0.20963260265514047,0.4878048780487805,0.4878048780487805,0.12235772357723576,0.20963260265514047,0.01645845726749951,-0.02202989771833202,-0.002028036191395621,0.11368020617473694,15.0,-0.00928270042194093,0.06666666666666667,0.06666666666666667,-0.005555555555555556,0.00928270042194093,-0.01653116531165312,-0.025806451612903222,-0.0004891752660471674,0.02652676780444409
alcohol_59,alcohol,180,2026-05-31,8.0,1,37.0,0.20960200707036153,0.4594594594594595,0.4594594594594595,0.13288288288288289,0.20960200707036153,0.055598455598455596,0.02484742807323452,-0.0016328308209354464,0.11260924133532066,202.0,0.018214479675815687,0.034653465346534656,0.034653465346534656,0.01534653465346535,0.018214479675815687,0.011173974540311177,0.007026509102523156,-0.00016317215950582565,0.008056913983317265,190.0,0.0057073062402842566,0.015789473684210527,0.021052631578947368,0.002894736842105263,0.005840550743948479,0.0017615467239527395,-8.488964346349746e-05,-6.374701562579125e-05,0.004808692772730446,231.0,0.017790929183334244,0.030303030303030304,0.030303030303030304,0.014646464646464649,0.017790929183334244,0.013004682392437494,0.008867476609412093,-0.00015324052014472115,0.008665600500005708,38.0,0.16600044414834553,0.5,0.5,0.06447368421052632,0.16600044414834553,0.024274973147153593,-0.0012733446519524617,-0.0012998547942250785,0.10668468384764185,14.0,0.0,0.0,0.0,0.0,0.0,0.0,0.0,0.0,0.0
alcohol_6,alcohol,180,2026-05-15,8.0,1,33.0,0.2553381920470528,0.45454545454545453,0.4242424242424242,0.19444444444444448,0.2553381920470528,0.07717996289424858,0.036168132942326486,-0.002137955212036066,0.1172034622702422,234.0,0.03790255688989865,0.05982905982905983,0.04700854700854701,0.0329059829059829,0.03790255688989865,0.01644863073434502,0.008960573476702505,-0.00031543414495254315,0.01623499654591412,191.0,0.022267877261581283,0.031413612565445025,0.02617801047120419,0.022251308900523563,0.022267877261581283,0.008975317875841438,0.0051511568991724375,-0.00016754510364970493,0.009513437210320639,227.0,0.05193405081878847,0.06167400881057269,0.048458149779735685,0.05682819383259911,0.05193405081878847,0.028859120740807334,0.012647434986499931,-0.0006986994008519587,0.023448374611169272,36.0,0.2655883731833099,0.4722222222222222,0.4444444444444444,0.2027777777777778,0.2655883731833099,0.05770975056689344,0.008960573476702509,-0.0024265708795723575,0.12861449251604135,16.0,0.002109704641350211,0.0625,0.0625,0.0020833333333333333,0.002109704641350211,0.0007653061224489796,0.0,-6.460919283988701e-05,0.007671214003098126
alcohol_60,alcohol,180,2026-05-31,8.0,2,31.0,0.3853273444943514,0.5806451612903226,0.5806451612903226,0.3397849462365592,0.3853273444943514,0.12350230414746541,0.03902185223725286,-0.004588673221521831,0.18251584293874007,188.0,0.023116976389262953,0.0425531914893617,0.0425531914893617,0.019769503546099285,0.023116976389262953,0.010985670864090314,0.003517501715854496,-0.000308634729594737,0.01150591444386718,185.0,0.009852890865549092,0.016216216216216217,0.021621621621621623,0.00927927927927928,0.009898506101037747,0.00706012134583563,0.0026155187445510027,-0.0001705446264572909,0.0062089703470036145,206.0,0.021588628077506035,0.03398058252427184,0.038834951456310676,0.024352750809061484,0.021875384048174996,0.015355656825837125,0.005402442843720637,-0.0003828347511708229,0.011662515588496744,30.0,0.30562587904360056,0.5,0.5,0.24611111111111106,0.30562587904360056,0.08993197278911565,0.025268817204301085,-0.0033955081664379253,0.14556464046003167,13.0,0.0,0.0,0.0,0.0,0.0,0.0,0.0,0.0,0.0
alcohol_61,alcohol,180,2026-06-01,8.0,2,46.0,0.06998715831957437,0.10869565217391304,0.10869565217391304,0.06992753623188405,0.06998715831957437,0.04578527062999111,0.040322580645161296,-0.00038777901085050424,0.030814698699272444,217.0,0.0059305061346711,0.009216589861751152,0.009216589861751152,0.006528417818740399,0.0059305061346711,0.005511144549985891,0.005054258956444178,-9.12706369591828e-06,0.002827952070500643,213.0,0.001564945226917058,0.004694835680751174,0.009389671361502348,0.0020344287949921754,0.001961133891959351,0.0011114304876880328,0.0008329547175526276,8.314314389341732e-07,0.002488294225860494,228.0,0.008697905100303499,0.017543859649122806,0.02631578947368421,0.010745614035087721,0.009179065807979864,0.006462585034013606,0.005588568194680251,-6.97896128005053e-05,0.0056091051594799836,41.0,0.13872594422146753,0.21951219512195122,0.21951219512195122,0.1296747967479675,0.13872594422146753,0.06281732205077153,0.047206923682140044,-0.001002096737496333,0.06082728164170929,13.0,0.001622849724115547,0.07692307692307693,0.07692307692307693,0.0,0.001622849724115547,0.0012558869701726845,0.0012406947890818859,-3.9882067094945196e-05,0.010628851359383584
alcohol_62,alcohol,180,2026-06-01,8.0,2,47.0,0.11311607864260703,0.1702127659574468,0.1702127659574468,0.12198581560283688,0.11311607864260703,0.050108554059921824,0.03534660260809883,-0.0009157653397878494,0.05253474784897293,219.0,0.006936015259233569,0.0136986301369863,0.0136986301369863,0.0061643835616438354,0.006936015259233569,0.004398471717454104,0.005008101340403593,2.785144932761413e-05,0.00326274318929973,210.0,0.005123568414707654,0.009523809523809525,0.014285714285714287,0.004999999999999999,0.0051637532650190875,0.0043537414965986385,0.004685099846390169,1.988992135405495e-05,0.002716009232220436,239.0,0.01624207757357484,0.02092050209205021,0.02092050209205021,0.018131101813110187,0.01624207757357484,0.010998206814106397,0.010392765555405588,-5.639095451283292e-05,0.006839268732288961,43.0,0.18241585712883912,0.3023255813953488,0.3023255813953488,0.17751937984496127,0.18241585712883912,0.05562411010915995,0.03188297074268568,-0.001410020561143141,0.08543032395133168,14.0,-0.01115129596142254,0.07142857142857142,0.07142857142857142,-0.0047619047619047615,0.01115129596142254,-0.0064139941690962085,-0.005760368663594469,8.30396919323628e-05,0.02813006160894826
alcohol_63,alcohol,180,2026-06-01,8.0,2,43.0,0.18938278873515846,0.3023255813953488,0.3255813953488372,0.15813953488372098,0.19173780786968894,0.011627906976744193,-0.026631657914478624,-0.002280747597132043,0.09992973694008056,206.0,0.010384662652083074,0.019417475728155338,0.029126213592233007,0.006715210355987054,0.010876244316087006,-0.005564764385507931,-0.00978703413717507,-0.0002493386275664701,0.008148112394089775,200.0,0.008459915611814346,0.015,0.025,0.005750000000000001,0.00879746835443038,-0.0029674796747967483,-0.005725806451612904,-0.00016899132174789204,0.006130084183660566,222.0,0.016193408598471886,0.02702702702702703,0.05405405405405406,0.01524024024024024,0.017181738700726038,-0.008093459312971509,-0.01809067131647777,-0.0005230180346154192,0.013050682513102584,39.0,0.24905333766093257,0.358974358974359,0.41025641025641024,0.19529914529914524,0.25164989721951747,0.011778194705023979,-0.0314309346567411,-0.0026530846717143916,0.1308553048630008,15.0,-0.0090014064697609,0.06666666666666667,0.06666666666666667,-0.0077777777777777776,0.0090014064697609,-0.03387533875338753,-0.04838709677419356,-0.0007077715040714374,0.028973641111995123
alcohol_64,alcohol,180,2026-06-04,8.0,1,53.0,0.11726773346071173,0.16981132075471697,0.18867924528301885,0.09779874213836477,0.11742695645251175,0.023086362939101084,0.007912355447352403,-0.0008538163714529252,0.05708116851248692,221.0,0.0028256677549305994,0.00904977375565611,0.013574660633484163,0.00015082956259426848,0.0030547759512763234,-0.002280837288010889,-0.001678587067581375,1.3056469909353321e-05,0.0031542006262769247,215.0,0.004121283485428319,0.009302325581395349,0.009302325581395349,0.0030232558139534887,0.004121283485428319,-0.00020797882397428626,-0.00015003750937734434,-3.011234164296367e-06,0.00260572247358227,232.0,0.012567292303215483,0.017241379310344827,0.017241379310344827,0.0125,0.012567292303215483,0.005361648444070648,0.003197997775305895,-0.00011087899372047477,0.005654938780871219,47.0,0.18134482449052877,0.2978723404255319,0.3191489361702127,0.14042553191489363,0.181883472484065,0.028455284552845527,0.0048043925875085785,-0.0014819062864072793,0.09019367593066711,26.0,0.0,0.0,0.0,0.0,0.0,0.0,0.0,0.0,0.0
alcohol_65,alcohol,180,2026-06-04,8.0,1,54.0,0.16025941553367715,0.25925925925925924,0.2777777777777778,0.13148148148148148,0.16150961087669946,0.05185185185185184,0.017323775388291524,-0.0020161470648458087,0.07894255535127478,222.0,0.005378796518037024,0.018018018018018018,0.02252252252252252,0.003678678678678679,0.005796936176683012,0.0013053870196727342,-0.00043591979075850045,-0.00010483690666280124,0.004050410153461329,215.0,0.003728780296339907,0.009302325581395349,0.013953488372093023,0.0031007751937984487,0.0041605338043371595,0.0009871855719031798,0.0,-7.555189662632222e-05,0.0034058793753826526,235.0,0.014381901427417182,0.02127659574468085,0.02553191489361702,0.014822695035460994,0.014597360624831671,0.006322188449848026,0.002059025394646534,-0.00022948410008252304,0.007271039441512257,48.0,0.22863924050632908,0.3958333333333333,0.41666666666666663,0.18680555555555553,0.22934247538677918,0.04948979591836734,0.007728494623655912,-0.0025376733758728743,0.11446029389027487,26.0,0.02758844530996429,0.038461538461538464,0.038461538461538464,0.03333333333333334,0.02758844530996429,0.038147566718995274,0.037841191066997515,-6.93614363540896e-06,0.01772390342137724
alcohol_66,alcohol,180,2026-06-04,8.0,1,54.0,0.1327551179871855,0.2037037037037037,0.2037037037037037,0.10709876543209876,0.1327551179871855,0.038321995464852605,0.026284348864994023,-0.0009973124803266797,0.061690065683237476,221.0,0.008381541516314412,0.013574660633484163,0.01809954751131222,0.0049773755656108585,0.00845791091509632,0.0025487117924092714,0.004597868924244635,1.764664641552615e-05,0.0043494256217636714,214.0,0.007847312591190503,0.014018691588785047,0.018691588785046728,0.005218068535825545,0.007926180054418547,0.003547587259202746,0.004974374434730177,6.395659506684756e-06,0.003858882335754223,235.0,0.012514588383158273,0.02127659574468085,0.029787234042553193,0.012269503546099294,0.01276595744680851,0.00489795918367347,0.004392587508579273,-9.328211506858113e-05,0.006816140586416814,48.0,0.1771272855133615,0.2916666666666667,0.2916666666666667,0.14305555555555557,0.1771272855133615,0.042346938775510205,0.02116935483870967,-0.0015111098185846142,0.08459546036946605,27.0,0.0048445069542115944,0.037037037037037035,0.037037037037037035,0.004320987654320987,0.0048445069542115944,0.0036281179138321993,0.007765830346475508,8.110609636724833e-05,0.010766351254843034
alcohol_67,alcohol,180,2026-06-04,8.0,1,61.0,0.18544649650688247,0.3114754098360656,0.3278688524590164,0.15109289617486332,0.18710659196237117,0.019125683060109304,-0.037810682178741395,-0.003482161856654118,0.10192623825637866,228.0,0.0043859649122807015,0.017543859649122806,0.021929824561403508,0.00029239766081871346,0.004756088533570213,-0.0076486949080017096,-0.011601584606677989,-0.0002178384170886135,0.0068711479128888905,210.0,0.005384769941731966,0.009523809523809525,0.014285714285714287,0.005000000000000001,0.005666063893911994,0.0030391018195896242,0.0019969278033794163,-6.979189329993552e-05,0.004075657417536906,250.0,0.008945147679324897,0.016,0.024,0.007866666666666666,0.009552742616033756,-0.008601626016260163,-0.015548387096774195,-0.0003538822745555903,0.009812109864855773,53.0,0.2565082397898257,0.39622641509433965,0.41509433962264153,0.1962264150943396,0.25825969269962584,0.019865009970854428,-0.034388314059646985,-0.0033363230532828707,0.13606669233455113,28.0,-0.01597347799879445,0.03571428571428571,0.03571428571428571,-0.01904761904761905,0.01597347799879445,-0.018147502903600458,-0.023041474654377888,-0.00018640863433123345,0.017655107083290347
alcohol_68,alcohol,180,2026-06-04,8.0,1,55.0,0.2721135404679708,0.38181818181818183,0.38181818181818183,0.3181818181818181,0.2721135404679708,0.060927643784786635,-0.0038123167155425224,-0.003981633737492641,0.1354868751556708,222.0,0.012563196107499907,0.018018018018018018,0.018018018018018018,0.013663663663663662,0.012563196107499907,-0.0019121161978304844,-0.00886370241208951,-0.00036268480193235526,0.008000529904494702,210.0,0.008257986738999397,0.014285714285714285,0.014285714285714285,0.009682539682539681,0.008257986738999397,0.00027210884353741534,-0.004377880184331797,-0.00024393501770635242,0.005273195070451472,241.0,0.023443108006372882,0.03319502074688797,0.03319502074688797,0.028492392807745504,0.023443108006372882,0.00802777542552291,-0.003881675813144158,-0.0005736179078958326,0.012477252237428694,49.0,0.28812537673297156,0.4489795918367347,0.4489795918367347,0.3210884353741496,0.28812537673297156,0.0459808413161183,-0.014483212639894669,-0.003708947517163413,0.146736655226715,27.0,0.0015627441787779339,0.037037037037037035,0.037037037037037035,0.0024691358024691358,0.0015627441787779339,0.001058201058201058,0.0005973715651135006,-5.7138825165058774e-05,0.005627303803440928
alcohol_69,alcohol,180,2026-06-05,8.0,1,50.0,0.13527426160337555,0.22,0.22,0.10866666666666663,0.13527426160337555,0.03526530612244899,0.020000000000000004,-0.0010591302444326,0.06484087305547019,219.0,0.007282816022195247,0.0136986301369863,0.0136986301369863,0.00487062404870624,0.007282816022195247,0.002609262883235486,0.0020621593754603035,-5.818803408490845e-05,0.003511894611660705,214.0,0.005639023620805235,0.009345794392523364,0.009345794392523364,0.004595015576323987,0.005639023620805235,0.0025939347701697496,0.002336448598130841,-4.255747289876764e-05,0.0029705790131754443,225.0,0.017158931082981714,0.02666666666666667,0.02666666666666667,0.017777777777777778,0.017158931082981714,0.009487528344671202,0.006523297491039425,-0.0001718271902554733,0.007426749758571144,43.0,0.200372878029634,0.3488372093023256,0.37209302325581395,0.15658914728682174,0.20056912962417817,0.04233507356430945,0.022130532633158295,-0.0014724774570616928,0.09793479517216942,13.0,0.0003245699448231094,0.07692307692307693,0.07692307692307693,0.001282051282051282,0.0003245699448231094,0.0006279434850863422,0.0012406947890818859,-6.192491941960504e-06,0.006997584433836668
alcohol_7,alcohol,180,2026-05-15,8.0,1,35.0,0.16540084388185652,0.3142857142857143,0.3142857142857143,0.1119047619047619,0.16540084388185652,0.013877551020408165,-0.005069124423963133,-0.0011783902811717064,0.08568840714698923,240.0,0.011163853727144867,0.029166666666666667,0.029166666666666667,0.004513888888888888,0.011163853727144867,-0.0031122448979591837,-0.004435483870967742,-7.589401998693913e-05,0.007613715037535228,192.0,-0.002856891701828411,0.010416666666666666,0.020833333333333332,-0.005555555555555554,0.004571026722925458,-0.006887755102040815,-0.006720430107526883,-1.4424237025890483e-06,0.004741944236239542,238.0,0.011895897599546146,0.02100840336134454,0.033613445378151266,0.013375350140056023,0.012463213133354606,0.009260847196021266,0.006844673353212252,-8.479944610057408e-05,0.007043575626240224,38.0,0.13946258050188765,0.39473684210526316,0.39473684210526316,0.08114035087719294,0.13946258050188765,0.020622986036519863,0.008913412563667232,-0.0007536574963055667,0.0750889884088733,16.0,0.0,0.0,0.0,0.0,0.0,0.0,0.0,0.0,0.0
alcohol_70,alcohol,180,2026-06-05,8.0,1,51.0,0.3766856953751965,0.5490196078431373,0.5686274509803922,0.3218954248366012,0.37718209646727896,0.06631595727721983,0.019607843137254898,-0.003008952494785515,0.18495995650818023,220.0,0.019716148830072885,0.02727272727272727,0.031818181818181815,0.01666666666666667,0.019792865362485618,0.0051552106430155205,0.0036656891495601175,-0.0001209981256645408,0.00940288722057479,215.0,0.010970464135021096,0.013953488372093023,0.018604651162790697,0.009689922480620153,0.011127465410656463,0.001852902249952732,0.0,-0.00011686501320936076,0.005630670462100696,227.0,0.0302793732225506,0.039647577092511016,0.048458149779735685,0.03281938325991189,0.03057677652000966,0.012732351993123458,0.006394770498792098,-0.00036514187649445116,0.015353641282833383,43.0,0.45108429005985673,0.6976744186046512,0.6976744186046512,0.3616279069767442,0.45108429005985673,0.07439969748534693,0.0240060015003751,-0.0032137471825916955,0.21918336912942668,13.0,0.0,0.0,0.0,0.0,0.0,0.0,0.0,0.0,0.0
alcohol_71,alcohol,180,2026-06-05,8.0,1,50.0,0.34565400843881855,0.46,0.46,0.32833333333333337,0.34565400843881855,0.09138211382113823,0.04064516129032259,-0.003257769010065357,0.16035271452506053,220.0,0.017165324127349446,0.02727272727272727,0.02727272727272727,0.015833333333333335,0.017165324127349446,0.005654101995565411,0.0045454545454545435,-9.342879608861182e-05,0.007934679377440098,214.0,0.01230332426357506,0.014018691588785047,0.014018691588785047,0.011682242990654203,0.01230332426357506,0.005470708912696603,0.004597527886644558,-6.697071634214445e-05,0.005392107113679835,227.0,0.028606479674343384,0.03524229074889868,0.03524229074889868,0.031938325991189426,0.028606479674343384,0.014791733820421905,0.010729003836862297,-0.00027266616082045496,0.012620848999120957,44.0,0.3508822401227465,0.5,0.5227272727272727,0.3102272727272728,0.35126582278481017,0.06624168514412415,0.021627565982404694,-0.0031033860795966145,0.17097888628989535,13.0,-0.0006491398896462187,0.07692307692307693,0.07692307692307693,0.0,0.0006491398896462187,-0.00031269543464665416,0.0,2.4838020934334407e-05,0.006992764176048537
alcohol_72,alcohol,180,2026-06-05,8.0,1,51.0,0.31099528418962513,0.45098039215686275,0.45098039215686275,0.2983660130718953,0.31099528418962513,0.08291316526610644,0.03636938646426311,-0.0030143623061293554,0.14892404249024385,221.0,0.015388433854554481,0.02262443438914027,0.02262443438914027,0.014404223227752639,0.015388433854554481,0.006131683442607811,0.004524886877828054,-0.00011774132050562128,0.007196790750989683,214.0,0.010923143657084269,0.014018691588785047,0.014018691588785047,0.010669781931464173,0.010923143657084269,0.007037955369063512,0.006029544769369912,-8.523547488219739e-05,0.005123722368567291,228.0,0.024483677548301126,0.03508771929824561,0.039473684210526314,0.02843567251461988,0.024557702272559025,0.015270318653777296,0.009833050367855124,-0.00029533076154019143,0.012081967612797643,44.0,0.33093594169543544,0.5,0.5,0.31590909090909103,0.33093594169543544,0.08005565862708716,0.02895894428152493,-0.00324360525220778,0.16025394121143846,13.0,-0.0012982797792924375,0.07692307692307693,0.07692307692307693,0.0,0.0012982797792924375,0.0,0.0,0.0,0.010249478859097027
alcohol_73,alcohol,180,2026-06-05,8.0,1,52.0,0.41966893865628035,0.6346153846153846,0.6538461538461539,0.3503205128205128,0.41983122362869185,0.08497498436522827,0.030397022332506213,-0.0036863034410071494,0.20659307678480157,222.0,0.02007070361500742,0.03153153153153153,0.036036036036036036,0.015765765765765764,0.02052685596989395,0.002288874240093753,0.0007991862830572509,-0.00014068664725283437,0.010876533439489855,214.0,0.013683504870065852,0.018691588785046728,0.018691588785046728,0.012383177570093459,0.013683504870065852,0.004862852366841425,0.004672897196261682,-5.613371054585385e-05,0.006027064483182966,229.0,0.031212573471155084,0.043668122270742356,0.048034934497816595,0.032678311499272195,0.03128627494334199,0.011928852912983276,0.005493731511480492,-0.0003902166053319778,0.014906917260743524,45.0,0.410126582278481,0.6222222222222222,0.6222222222222222,0.3344444444444444,0.410126582278481,0.07696476964769648,0.023297491039426518,-0.003818975980151714,0.20231979398907196,13.0,0.0,0.0,0.0,0.0,0.0,0.0,0.0,0.0,0.00495500795953215
alcohol_8,alcohol,180,2026-05-15,8.0,1,35.0,0.1883062085593731,0.3142857142857143,0.3142857142857143,0.1809523809523809,0.1883062085593731,0.05052264808362369,0.01566820276497696,-0.0021592288874009986,0.09264920416006864,239.0,0.02051445015271083,0.03765690376569038,0.03765690376569038,0.01694560669456067,0.02051445015271083,0.006582304316767015,0.004184100418410043,-0.00017729343871405982,0.009651644004794282,191.0,0.010316566151942916,0.015706806282722512,0.015706806282722512,0.009598603839441534,0.010316566151942916,0.006321031796705402,0.005235602094240838,-8.448739531610657e-05,0.004540451678238823,238.0,0.021451618622132396,0.03361344537815126,0.03361344537815126,0.019607843137254898,0.021451618622132396,0.00935984149757464,0.006370290051504473,-0.00021032579125539037,0.009614373505462202,38.0,0.17343992893626473,0.3684210526315789,0.3684210526315789,0.1807017543859649,0.17343992893626473,0.05509199828840393,0.025891341256366728,-0.002104377311145312,0.0839814936413864,16.0,0.0,0.0,0.0,0.0,0.0,0.00025406504065040653,0.0,-2.4356711648126738e-05,0.0023276193885055415
alcohol_9,alcohol,180,2026-05-15,8.0,1,33.0,0.2759237949111366,0.5151515151515151,0.5454545454545454,0.19444444444444448,0.27643523846055484,0.04192949907235621,0.0,-0.0026770870220091756,0.140697838338119,232.0,0.025334642805179684,0.05603448275862069,0.0603448275862069,0.013864942528735635,0.02555288811290557,-0.0003518648838845886,-0.004240823136818688,-0.0002552496846855059,0.014840807335178782,192.0,0.008680555555555552,0.020833333333333332,0.020833333333333332,0.005034722222222221,0.008680555555555552,-0.001020408163265306,-0.0038642473118279566,-0.000130716535389672,0.0058686689360198715,222.0,0.02284563044056715,0.04504504504504504,0.04954954954954955,0.017342342342342342,0.02303569392176987,0.0012870012870012883,-0.005666957279860506,-0.00037011035605276224,0.012618159608403035,35.0,0.20638939119951774,0.4857142857142857,0.4857142857142857,0.13666666666666666,0.20638939119951774,0.030320699708454812,-0.0004608294930875576,-0.002049649838586022,0.11059358212330975,16.0,0.0,0.0,0.0,0.0,0.0,0.0,0.0,0.0,0.0
acetone_1,acetone,180,2026-05-14,8.0,1,20.0,0.5502109704641349,0.9,0.9,0.43666666666666676,0.5502109704641349,0.17367346938775513,0.09112903225806449,-0.005615447021536051,0.25926941919640273,190.0,0.20268709749056182,0.2894736842105263,0.2894736842105263,0.16605263157894737,0.20268709749056182,0.06438238453276046,0.03259762308998302,-0.0021248334591545417,0.09523044856647611,161.0,0.01208166260450245,0.024844720496894408,0.03105590062111801,0.006935817805383021,0.01255339780381057,0.004461908987197363,0.004908835904628332,2.6903110260346907e-05,0.009158340735733957,159.0,0.18743199851391876,0.27044025157232704,0.27672955974842767,0.1781970649895178,0.1876973701669188,0.08276216146836092,0.04311219314262529,-0.002269179959561202,0.08824333600409892,20.0,0.6339662447257385,1.15,1.2,0.43416666666666665,0.6348101265822785,0.13142857142857142,0.040322580645161275,-0.006522319951759087,0.3270382631213775,12.0,0.0770042194092827,0.08333333333333333,0.08333333333333333,0.0833333333333333,0.0770042194092827,0.08333333333333333,0.0833333333333333,0.0,0.039867494598968364
acetone_10,acetone,180,2026-05-15,8.0,1,25.0,0.3605063291139241,0.84,0.88,0.18799999999999997,0.3621940928270043,0.04587755102040817,-0.0012903225806451613,-0.0029264400530313525,0.20667684480078166,210.0,0.125919228450874,0.2619047619047619,0.26666666666666666,0.06460317460317462,0.1264014466546112,0.015996112730806606,-0.0026881720430107538,-0.0011229766378900682,0.07137386796140804,175.0,-0.0021217600964436407,0.017142857142857144,0.028571428571428574,-0.008952380952380953,0.006027727546714889,-0.010635568513119531,-0.011889400921658987,-5.490762628709462e-05,0.006378716617822625,196.0,0.08664858348402651,0.16326530612244897,0.1683673469387755,0.04923469387755102,0.08677774907431327,0.006851311953352772,-0.011273864384463463,-0.0009691396985373091,0.04733068132801702,26.0,0.33771502758844535,1.1923076923076923,1.2307692307692308,0.11282051282051282,0.33836416747809156,0.012715855572998428,-0.030397022332506213,-0.0023612102293975533,0.2327983916592218,12.0,0.0,0.0,0.0,0.0,0.0,0.0,0.0,0.0,0.003105646964991716
acetone_11,acetone,180,2026-05-19,8.0,1,45.0,0.13398968588842006,0.37777777777777777,0.37777777777777777,0.10407407407407411,0.13398968588842006,0.06040816326530611,0.05878136200716848,-0.0004396969081077825,0.07527115189011623,252.0,0.04535864978902952,0.11507936507936507,0.1111111111111111,0.0359126984126984,0.04535864978902952,0.024959507612568838,0.02400153609831028,-0.00013644651643468698,0.023357649000031414,202.0,0.006036679617328822,0.01485148514851485,0.01485148514851485,0.006270627062706271,0.006036679617328822,0.00777934936350778,0.009421909932928779,4.827463331951711e-05,0.004045645655482606,249.0,0.044312270177757435,0.08433734939759036,0.08433734939759036,0.03728246318607765,0.044312270177757435,0.0265388082944021,0.02610441767068273,-9.455651719872599e-05,0.020353163099057783,47.0,0.2105215908070742,0.7446808510638298,0.7446808510638298,0.12517730496453902,0.2105215908070742,0.051063829787234026,0.04255319148936169,-0.0006381237288757611,0.1216359605523435,14.0,0.0,0.0,0.0,0.0,0.0,-0.0008746355685131195,-0.001152073732718894,-3.565448831542911e-05,0.00531283209104746
acetone_12,acetone,180,2026-05-19,8.0,1,46.0,0.1570354063474592,0.391304347826087,0.391304347826087,0.12391304347826089,0.1570354063474592,0.03389529724933451,0.02173913043478262,-0.0008808548081079218,0.07968025516205494,256.0,0.05068235759493671,0.1171875,0.1171875,0.040299479166666666,0.05068235759493671,0.011240433673469387,0.0078125,-0.00026599906699339705,0.0256551948963451,208.0,0.002981986368062317,0.014423076923076924,0.014423076923076924,0.0014423076923076922,0.002981986368062317,0.0005298273155416012,0.0006978908188585608,-1.6411816329676768e-05,0.002829656657346387,246.0,0.03809474803608795,0.06097560975609756,0.06097560975609756,0.039634146341463415,0.03809474803608795,0.014202754272440684,0.006884343036978759,-0.0004412498148457765,0.017258377553241742,47.0,0.14705090223538914,0.3617021276595745,0.3617021276595745,0.1514184397163121,0.14705090223538914,0.03352149370386453,0.021276595744680844,-0.0009420067626843207,0.07407122456572521,13.0,0.0,0.0,0.0,0.0,0.0,0.0,0.0,0.0,0.0
acetone_13,acetone,180,2026-05-19,8.0,1,46.0,0.14290955787928816,0.3695652173913043,0.3913043478260869,0.12717391304347828,0.14401027334434047,0.04612937433722164,0.002805049088359046,-0.0025516767892973403,0.08663865492539603,256.0,0.04776503164556962,0.11328125,0.1171875,0.0412109375,0.0480287447257384,0.015767911585365852,0.0028981854838709678,-0.0008291939396640404,0.027986360080264696,208.0,0.0019879909120415445,0.004807692307692308,0.009615384615384616,0.002804487179487181,0.0022719896137617652,0.0008208255159474672,0.0,-6.357993089492776e-05,0.0024020277428976416,245.0,0.033961939206062164,0.05714285714285714,0.06938775510204082,0.04197278911564626,0.03513304055799535,0.014385266301642607,0.004147465437788018,-0.0006800640109445905,0.01966934257715638,47.0,0.14345991561181434,0.3829787234042553,0.40425531914893614,0.18368794326241134,0.14579405691713795,0.03909358242518595,0.005833905284831844,-0.0025016503130862954,0.08605166442530782,13.0,0.0,0.0,0.0,0.0,0.0,0.0,0.0,0.0,0.0
acetone_14,acetone,180,2026-05-19,8.0,1,44.0,0.09877253548139622,0.29545454545454547,0.29545454545454547,0.07462121212121214,0.09877253548139622,0.027643784786641933,0.021627565982404694,-0.00047830654115453607,0.050966960788162374,253.0,0.03071996797918647,0.07905138339920949,0.07905138339920949,0.02160737812911725,0.03071996797918647,0.005227071065580381,0.0038888180543159502,-0.00015474579723284126,0.017541090903139787,207.0,0.000733810310034856,0.004830917874396135,0.00966183574879227,0.0,0.0008968792678203794,-0.0022281376318643398,-0.0031167212092878286,-4.906875674874776e-05,0.0032886448898583375,239.0,0.04026975972317851,0.06694560669456066,0.06694560669456066,0.0418410041841004,0.04026975972317851,0.02158654256681752,0.014509380483196114,-0.00043739797114371955,0.018248162650176616,45.0,0.15424285044538208,0.5555555555555556,0.5555555555555556,0.08999999999999998,0.15424285044538208,0.031020408163265303,0.022222222222222216,-0.0006824428283606271,0.08859162540978273,13.0,0.0,0.0,0.0,0.0,0.0,0.0,0.0,0.0,0.0028667510446077375
acetone_15,acetone,180,2026-05-19,8.0,1,41.0,0.18092003704847173,0.2682926829268293,0.2682926829268293,0.19349593495934955,0.18092003704847173,0.053160776505724254,0.024390243902439025,-0.0017080017366233244,0.08421855541818467,245.0,0.06096615861534488,0.08571428571428572,0.08571428571428572,0.06319727891156464,0.06096615861534488,0.015776759683465223,0.00783410138248848,-0.0005300289514204409,0.028310195307260796,206.0,0.004383269837368398,0.009708737864077669,0.009708737864077669,0.0044498381877022646,0.004383269837368398,0.0003170200118882504,0.00023488881929220167,-1.6008227264585592e-05,0.002293800864783985,243.0,0.05021617961139761,0.07407407407407407,0.07407407407407407,0.05384087791495199,0.05021617961139761,0.01970269589317208,0.015067038364529403,-0.0003542596713120942,0.023642971047433875,43.0,0.19193405946423317,0.3953488372093023,0.3953488372093023,0.1624031007751938,0.19193405946423317,0.04072140484100616,0.025881470367591905,-0.0010562246951687532,0.09441322871808407,16.0,0.0018459915611814346,0.0625,0.0625,0.004166666666666667,0.0018459915611814346,0.0,0.0,0.0,0.006136774198443252
acetone_16,acetone,180,2026-05-20,5.0,1,39.0,0.14216163583252192,0.2564102564102564,0.2564102564102564,0.10299145299145294,0.14216163583252192,0.02354788069073784,0.0028949545078577337,-0.0012257060328459118,0.06844305899887822,253.0,0.035623155050783,0.06324110671936758,0.06324110671936758,0.023451910408432152,0.035623155050783,0.003452448172945068,0.0,-0.0002600782906483127,0.0180893059582937,199.0,0.0019506816784343659,0.010050251256281407,0.010050251256281407,0.0,0.0019506816784343659,-0.0037329504666188083,-0.004944075214783597,-7.949981121886283e-05,0.003479072077872933,262.0,0.0318549296228299,0.04961832061068702,0.04961832061068702,0.02468193384223919,0.0318549296228299,0.0026483875993145354,-0.0025240088648116232,-0.00031689863617656783,0.015836178093831747,42.0,0.18836648583484025,0.35714285714285715,0.33333333333333337,0.13492063492063489,0.18836648583484025,0.016812439261418857,0.0,-0.0011366239944321692,0.09099402925201916,15.0,0.0,0.0,0.0,0.0,0.0,0.0,0.0,0.0,0.0
acetone_17,acetone,180,2026-05-20,5.0,1,39.0,0.217570053013091,0.5897435897435898,0.5897435897435898,0.12649572649572646,0.217570053013091,0.04720041862899007,0.03019023986765921,-0.001104828231785336,0.12068824095242907,253.0,0.0552525808442154,0.15019762845849802,0.15019762845849802,0.02891963109354414,0.0552525808442154,0.007889005404533354,0.0038888180543159502,-0.0002730860032181771,0.03291284603223121,199.0,0.0040921909123677455,0.01507537688442211,0.020100502512562814,0.001591289782244556,0.004389033776477322,0.0002461286021946467,0.0,-2.0776939575371308e-05,0.0037229000489774114,261.0,0.04419871639426419,0.08812260536398467,0.08812260536398467,0.03173690932311622,0.04419871639426419,0.014293533505356167,0.0075392411321221105,-0.000358246655292629,0.021348948111407477,42.0,0.18253968253968253,0.8809523809523809,0.8809523809523809,0.06984126984126983,0.18253968253968253,0.03858114674441205,0.028417818740399378,-0.000806252702802334,0.1304763769956547,15.0,0.00028129395218002813,0.06666666666666667,0.06666666666666667,0.0,0.00028129395218002813,0.0,0.0,0.0,0.0024845175719933727
acetone_18,acetone,180,2026-05-20,5.0,1,39.0,0.17667423996537918,0.46153846153846156,0.46153846153846156,0.13974358974358972,0.17667423996537918,0.05808477237048666,0.02564102564102563,-0.0021375751614248818,0.09355600355568516,253.0,0.043761778489351415,0.1067193675889328,0.1067193675889328,0.0300395256916996,0.043761778489351415,0.011228523029765262,0.0033150580135152363,-0.0005636085542221057,0.02513699125508174,199.0,0.002968428641095774,0.010050251256281407,0.01507537688442211,0.0009212730318257956,0.003053240887984225,0.000574300071787509,0.0,-4.5777338120778737e-05,0.002666136378016573,262.0,0.0334009727187812,0.04961832061068702,0.05343511450381679,0.03212468193384224,0.033465391181112504,0.01127901542296308,0.003324304358532382,-0.0004324533488608107,0.01626494027305302,42.0,0.19188266023709064,0.35714285714285715,0.35714285714285715,0.15158730158730155,0.19188266023709064,0.03692905733722061,0.01766513056835637,-0.001209688170597154,0.09602001416945204,15.0,0.0014064697609001407,0.06666666666666667,0.06666666666666667,0.0022222222222222222,0.0014064697609001407,0.00027210884353741496,0.0,4.07922682403912e-06,0.006064573175991776
acetone_19,acetone,180,2026-05-20,5.0,1,41.0,0.09900174951116598,0.21951219512195122,0.21951219512195122,0.07032520325203252,0.09900174951116598,0.012790005948839977,-0.0011801730920535014,-0.001025485697711062,0.05576168876966742,251.0,0.028779397179215623,0.05976095617529881,0.05976095617529881,0.021181938911022578,0.028779397179215623,0.003530593074855051,-0.0007068500192777276,-0.0003310144330638831,0.01571321901918428,200.0,0.004556962025316456,0.01,0.01,0.0051666666666666675,0.004556962025316456,0.001056910569105691,0.001209677419354839,-2.897894330161057e-05,0.0025654623798103578,260.0,0.019604024667315804,0.03076923076923077,0.03461538461538462,0.021025641025641018,0.019798766634209673,0.007723577235772359,0.0021091811414392066,-0.0003467291649968053,0.010808032585816365,43.0,0.09410263958394662,0.23255813953488372,0.23255813953488372,0.07790697674418606,0.09410263958394662,0.017110985063339006,-0.0011252813203300824,-0.0013117204471521852,0.05562927024679197,16.0,0.0,0.0,0.0,0.0,0.0,0.0,0.0,0.0,0.002327619388505542
acetone_2,acetone,180,2026-05-14,8.0,1,29.0,0.5812600029099374,0.9655172413793104,1.0,0.5781609195402297,0.5841699403462827,0.10584095707248416,0.001668520578420467,-0.006465901929223651,0.29208604863898846,222.0,0.20677006120044097,0.3153153153153153,0.31981981981981983,0.20375375375375374,0.2072262135553275,0.043151314579886,0.005521650682941006,-0.0024910539328028215,0.10128340170745627,186.0,0.010049453291592939,0.016129032258064516,0.026881720430107527,0.010215053763440863,0.010639263191325255,-0.0014483212639894668,-0.005289628858827611,-0.00020830460230179414,0.0068391159049134105,196.0,0.19605183845690172,0.27040816326530615,0.2806122448979592,0.19158163265306122,0.19682683199862222,0.05243648479800083,0.009381171823568133,-0.002497142927414954,0.09315578695448323,31.0,0.7266911664625018,1.7096774193548387,1.7419354838709677,0.5403225806451613,0.7296855859534503,0.05780118499012507,-0.027575442247658687,-0.005413912081232159,0.3913256284578983,13.0,0.06945796819214536,0.07692307692307693,0.07692307692307693,0.07564102564102564,0.06945796819214536,0.013186813186813189,0.0024813895781637717,-0.0007008118593014045,0.036896746549116205
acetone_20,acetone,180,2026-05-20,8.0,1,41.0,0.156632705567562,0.3902439024390244,0.41463414634146345,0.07317073170731708,0.15745600493979628,0.012502562000409922,-0.00975609756097561,-0.0014702734613860119,0.09284856773702904,251.0,0.04511910165246187,0.099601593625498,0.10358565737051792,0.019654714475431604,0.045287205607947946,0.0027788007633332223,-0.0036520584329349263,-0.0004431864806404381,0.026849312190913417,200.0,0.0028481012658227844,0.01,0.01,0.0005833333333333334,0.0028481012658227844,-0.0009243697478991596,-0.0015,-6.452810340277136e-05,0.0030704187465033055,260.0,0.027361246348588122,0.057692307692307696,0.06538461538461539,0.011346153846153846,0.02775073028237586,-0.003587588881706529,-0.007307692307692308,-0.00033796110179903883,0.0176793498630009,43.0,0.13413796487096458,0.5116279069767442,0.5348837209302326,0.031395348837209305,0.1353154744382298,-0.010259917920656631,-0.02286821705426357,-0.0009885766372115933,0.09667758393540869,16.0,0.0,0.0,0.0,0.0,0.0,-0.0002626050420168067,0.0,3.1831800506256106e-06,0.002340641086020608
acetone_21,acetone,180,2026-05-21,10.0,1,30.0,0.2759493670886076,0.5666666666666667,0.5666666666666667,0.18388888888888882,0.2759493670886076,0.07073170731707316,0.01129032258064516,-0.0031829205639640388,0.13837199339548964,214.0,0.08584723372372725,0.1542056074766355,0.14953271028037382,0.05397196261682243,0.08584723372372725,0.020838082212597826,-0.0003768465480856196,-0.001094646743703102,0.04417439715887601,185.0,0.006751054852320674,0.016216216216216217,0.016216216216216217,0.0036936936936936937,0.006751054852320674,0.0004174906613931007,-0.007585004359197908,-0.0002593038427571452,0.00554863216030599,229.0,0.059698192471394615,0.08296943231441048,0.08296943231441048,0.05531295487627364,0.059698192471394615,0.026857670323428118,0.011128327933511763,-0.0008056220989432496,0.028361611495176107,30.0,0.3372714486638537,0.8,0.8,0.23888888888888893,0.3372714486638537,0.07737127371273715,0.012903225806451611,-0.003665321604479956,0.1721096742462079,20.0,0.0,0.0,0.0,0.0,0.0,-0.0004065040650406504,-0.0016129032258064516,-3.0378892055770282e-05,0.0026315687946522805
acetone_22,acetone,180,2026-05-21,10.0,1,29.0,0.21315291721227994,0.3448275862068966,0.3448275862068966,0.18218390804597698,0.21315291721227994,0.026038001407459533,-0.006117908787541713,-0.001953614527048769,0.1039117228588926,211.0,0.06815045893574899,0.10426540284360189,0.10426540284360189,0.05710900473933648,0.06815045893574899,0.007486217235709449,-0.0035162819140804155,-0.0006589185946986143,0.0329564573996274,181.0,0.00687693778119682,0.016574585635359115,0.016574585635359115,0.006169429097605892,0.00687693778119682,-0.0036757244334197758,-0.007128854036713596,-0.00017280140866109573,0.0058741450424480745,229.0,0.03841689237742523,0.056768558951965066,0.061135371179039305,0.037045123726346434,0.038601146057892506,0.009339631048926118,0.0008451894633046905,-0.0004483135961346046,0.018811165382176892,30.0,0.20323488045007035,0.5,0.5,0.13999999999999999,0.20323488045007035,0.004217687074829935,-0.025806451612903233,-0.0016300231921849238,0.1142608371156894,20.0,-0.007172995780590718,0.05,0.05,-0.010000000000000002,0.007172995780590718,-0.03653061224489795,-0.04596774193548385,-0.0005776883915878186,0.024555369701987587
acetone_23,acetone,180,2026-05-21,10.0,1,28.0,0.16847498493068114,0.2857142857142857,0.2857142857142857,0.21666666666666667,0.16847498493068114,0.06603498542274051,0.023041474654377888,-0.0026645346847868237,0.08833182871788345,205.0,0.0648759905320572,0.0975609756097561,0.0975609756097561,0.08235772357723578,0.0648759905320572,0.02693877551020409,0.010778914240755314,-0.001039627539854323,0.03213322717137832,184.0,0.0064667033571821665,0.021739130434782608,0.021739130434782608,0.012137681159420289,0.0064667033571821665,0.0054791481810115335,0.002542075736325385,-0.00015169562072565578,0.005617033228847351,217.0,0.0488634816932081,0.07373271889400922,0.07373271889400922,0.06336405529953917,0.0488634816932081,0.02960594375999247,0.01687230563401219,-0.0007492639968936583,0.02468704035655694,29.0,0.23512294485668556,0.4482758620689655,0.4482758620689655,0.2540229885057471,0.23512294485668556,0.06009852216748768,0.0189098998887653,-0.0028011720577457333,0.11986060506815437,15.0,0.0,0.0,0.0,0.0,0.0,0.0,0.0,0.0,0.0
acetone_24,acetone,180,2026-05-21,10.0,1,38.0,0.4935598489895625,1.605263157894737,1.605263157894737,0.17587719298245616,0.4935598489895625,0.08399570354457571,0.039473684210526314,-0.002486463089897328,0.31908373234969967,233.0,0.15745821336085913,0.3948497854077253,0.3948497854077253,0.06380543633762518,0.15745821336085913,0.033388806166243325,0.01792883843278415,-0.0008576939525659835,0.0925865832283041,208.0,0.015660499837715027,0.03365384615384615,0.03365384615384615,0.010096153846153843,0.015660499837715027,0.007437205651491364,0.007289081885856081,9.261778916491021e-08,0.0077063721130513855,241.0,0.11756569847856153,0.24481327800829875,0.24066390041493774,0.06265560165975104,0.11756569847856153,0.031044118892370222,0.018605273725070263,-0.0007183572032951807,0.06267363429895344,40.0,0.4361814345991561,1.65,1.65,0.16374999999999998,0.4361814345991561,0.06346938775510204,0.018548387096774185,-0.002698890931815341,0.29706544393964557,16.0,0.0005274261603375527,0.0625,0.0625,0.0,0.0005274261603375527,0.0005102040816326531,0.0010080645161290322,3.260606141528599e-05,0.004648728079666529
acetone_25,acetone,180,2026-05-21,8.0,1,40.0,0.16170886075949367,0.275,0.30000000000000004,0.13374999999999998,0.1633966244725739,0.025306122448979597,0.002419354838709678,-0.0013351489973689882,0.0827377381776961,236.0,0.06195022527354645,0.09745762711864407,0.09745762711864407,0.0487994350282486,0.06195022527354645,0.01103424420615704,0.00492072170585019,-0.0004090527948845753,0.029655946959896307,210.0,0.0026321076953988343,0.004761904761904762,0.009523809523809525,0.0024603174603174613,0.0031545107494474578,0.0005247813411078718,0.0,-4.4376592602553566e-05,0.002677296345662652,247.0,0.04233075385640342,0.06072874493927125,0.06072874493927125,0.04568151147098516,0.04233075385640342,0.013352061472362224,0.006529972574115189,-0.0004469341647247362,0.019872910138593207,42.0,0.17008237894313838,0.30952380952380953,0.33333333333333337,0.16825396825396824,0.17048422744625275,0.026336248785228382,0.007296466973886328,-0.00120440828701365,0.0873773128655118,16.0,0.03322784810126582,0.0625,0.0625,0.035416666666666666,0.03322784810126582,0.024744897959183672,0.014112903225806451,-0.00039104374442363617,0.030758642624033515
acetone_26,acetone,180,2026-05-21,8.0,1,40.0,0.14367088607594936,0.25,0.25,0.12416666666666666,0.14367088607594936,0.029878048780487818,0.0036290322580645163,-0.0015565490268001018,0.07201485152844224,234.0,0.05221969778931803,0.08547008547008547,0.08547008547008547,0.04202279202279202,0.05221969778931803,0.011552359113334725,0.00413564929693962,-0.0004875991030336561,0.025022175427528694,210.0,0.004199316857544705,0.009523809523809525,0.009523809523809525,0.005952380952380951,0.004199316857544705,0.0017421602787456446,0.0,-8.293372739970687e-05,0.0029755657780597767,242.0,0.03155839174251142,0.045454545454545456,0.045454545454545456,0.03230027548209367,0.03155839174251142,0.010112208560102129,0.0036656891495601166,-0.00042076126220127075,0.014923143096775525,42.0,0.12025316455696203,0.35714285714285715,0.35714285714285715,0.09206349206349203,0.12025316455696203,0.019841269841269847,0.0,-0.0011543663789624111,0.06312371623076744,19.0,0.0,0.0,0.0,0.0,0.0,0.0,0.0,0.0,0.0
acetone_27,acetone,180,2026-05-22,8.0,1,33.0,0.23577547628180537,0.5151515151515151,0.5151515151515151,0.14343434343434344,0.23577547628180537,0.04459226410445921,0.023949169110459433,-0.0013611147304469471,0.12364284823731173,225.0,0.06233473980309424,0.13777777777777778,0.14222222222222222,0.033629629629629634,0.06270979840600094,0.006052393857271906,0.001792114695340502,-0.0003875180340989726,0.03488316063081417,191.0,0.0003092760730775179,0.010471204188481676,0.015706806282722516,-0.0013089005235602095,0.002297479400004418,-0.001234410249861661,-0.00016889039013680122,7.330102167664251e-07,0.0032777731188469365,248.0,0.021590445079624335,0.05241935483870968,0.06854838709677419,0.012029569892473117,0.022747379882945413,-0.0011473905061631256,-0.004747658688865764,-0.0002372250537467419,0.014766579866293372,35.0,0.20964436407474388,0.6857142857142857,0.7142857142857143,0.10857142857142855,0.2108499095840868,0.026480836236933796,0.01705069124423963,-0.0007816920128703542,0.1306327930452215,18.0,0.0,0.0,0.0,0.0,0.0,0.0,0.0,0.0,0.0
acetone_28,acetone,180,2026-05-22,10.0,1,32.0,0.2434071729957806,0.46875,0.46875,0.18541666666666667,0.2434071729957806,0.04005102040816327,0.0,-0.00230983877915646,0.11885012218624395,221.0,0.06466578841858069,0.11764705882352941,0.11764705882352941,0.045550527903469064,0.06466578841858069,0.0021423954197063466,-0.00904977375565611,-0.0006762425061263504,0.03441364567326518,190.0,0.0007994670219853431,0.005263157894736842,0.010526315789473684,-0.0011403508771929826,0.0018210082167443927,-0.0050053705692803445,-0.007215619694397285,-7.776460746026969e-05,0.0038101005681299106,241.0,0.02990353134793494,0.05394190871369295,0.058091286307053944,0.023789764868603038,0.03014864226062293,-0.0021678380895926814,-0.012448132780082988,-0.0005660305972711049,0.01744133679137095,34.0,0.20129064283941422,0.5294117647058824,0.5294117647058824,0.13333333333333333,0.20129064283941422,0.02004801920768308,-0.015180265654648958,-0.0020398458036356747,0.10932743868631836,17.0,0.0004964010920824026,0.058823529411764705,0.058823529411764705,0.0,0.0004964010920824026,0.0,0.0,0.0,0.003791746781070594
acetone_29,acetone,180,2026-05-22,10.0,1,31.0,0.2579284061521709,0.4838709677419355,0.5161290322580645,0.15752688172043014,0.2592895059207839,0.043976300197498354,0.008324661810613943,-0.0022023468201488,0.1326236883959077,217.0,0.07359660891714791,0.12903225806451613,0.13824884792626727,0.04185867895545315,0.07402438313014058,0.008012790369604063,-0.002155492790248253,-0.000656162808189444,0.038983319564249726,187.0,0.00300097023849816,0.0106951871657754,0.0160427807486631,0.00124777183600713,0.0032717344705431067,-0.0001309614754992906,-0.0003450060376056581,-1.5000003128664042e-05,0.003362838928405762,234.0,0.034710952432471416,0.05555555555555555,0.059829059829059825,0.027635327635327632,0.03492733239568683,0.009244723530437818,0.005100634132892198,-0.0003473371713791532,0.017022282045857578,32.0,0.24050632911392406,0.46875,0.46875,0.14635416666666667,0.24050632911392406,0.04272959183673469,0.018145161290322582,-0.0018550601248751143,0.12129070556210934,17.0,-0.0076942169272772405,0.058823529411764705,0.058823529411764705,-0.00980392156862745,0.0076942169272772405,-0.02545018007202881,-0.031309297912713474,-0.00044744878587766565,0.023783244470884462
acetone_3,acetone,180,2026-05-14,8.0,1,29.0,0.4049177942674232,0.8275862068965517,0.8275862068965517,0.2712643678160919,0.4049177942674232,0.053342716396903585,0.0339265850945495,-0.0014223119395236116,0.2057512962464233,223.0,0.1487010652589355,0.2645739910313901,0.2645739910313901,0.10104633781763826,0.1487010652589355,0.016363137183124373,0.00882395486764068,-0.0005541991019869834,0.0749099258257451,186.0,0.012317952905948002,0.021505376344086023,0.021505376344086023,0.008602150537634409,0.012317952905948002,0.0021285933728330043,0.00043357613596947626,-0.00010142563433153128,0.006145310592673468,197.0,0.17239606759622178,0.2436548223350254,0.24873096446700507,0.1587986463620981,0.17265308745100558,0.041520770744846155,0.018012117242508594,-0.0013896635366712074,0.08153886660042627,31.0,0.6556417585409012,1.3225806451612903,1.3548387096774193,0.42043010752688165,0.6580917381244047,0.04279131007241606,0.0,-0.0026783405547347104,0.3465553040431226,13.0,0.07432651736449203,0.07692307692307693,0.07692307692307693,0.07692307692307691,0.07432651736449203,0.07566718995290421,0.07568238213399503,-5.697802846923756e-05,0.03125572089010708
acetone_30,acetone,180,2026-05-22,10.0,1,26.0,0.22508925673482635,0.38461538461538464,0.38461538461538464,0.1551282051282051,0.22508925673482635,0.031868131868131866,0.0,-0.00194364213092064,0.11372834219631366,201.0,0.06939983626172933,0.11442786069651742,0.10945273631840796,0.04378109452736318,0.06939983626172933,0.006619961417402782,-0.0032900016048788313,-0.0005889504173003813,0.03513271321812477,177.0,0.0008105079978068608,0.005649717514124294,0.011299435028248588,-0.0023540489642184556,0.002526877875515507,-0.0052576962988585265,-0.00583196646619282,-2.831056975991843e-05,0.003924657696232255,221.0,0.04238501632395899,0.06334841628959276,0.06787330316742081,0.03589743589743589,0.04261412452030471,0.007313694708652694,-0.0005108743249160707,-0.000463069028631967,0.021643499413752085,28.0,0.3021398432790837,0.5,0.5,0.1886904761904762,0.3021398432790837,0.029883381924198246,-0.004608294930875576,-0.0021714770656521437,0.15971725659619124,15.0,0.0,0.0,0.0,0.0,0.0,0.0,0.0,0.0,0.0
acetone_31,acetone,180,2026-05-22,5.0,1,27.0,0.22894202219096735,0.37037037037037035,0.37037037037037035,0.2462962962962963,0.22894202219096735,0.08783068783068781,0.035842293906810055,-0.0031626359199639297,0.10843960234003315,200.0,0.06643459915611813,0.1,0.1,0.06858333333333336,0.06643459915611813,0.021612244897959185,0.004112903225806452,-0.001018732904434486,0.032401490175334786,177.0,0.004386278576366539,0.011299435028248588,0.01694915254237288,0.004613935969868173,0.004529309399508927,0.0004612014297244322,-0.002733734281027884,-0.00016660934256670413,0.004094208569344175,214.0,0.03728459324105839,0.0514018691588785,0.056074766355140186,0.04493769470404983,0.03748176189912851,0.02000762921991226,0.007386192342478143,-0.000644716063770742,0.018081683789370837,28.0,0.1776672694394213,0.2857142857142857,0.2857142857142857,0.19583333333333333,0.1776672694394213,0.04198250728862974,0.0,-0.0023229709625525946,0.08618651465986708,14.0,0.0,0.0,0.0,0.0,0.0,0.0,0.0,0.0,0.0
acetone_32,acetone,180,2026-05-22,5.0,1,37.0,0.2594366518417151,1.027027027027027,1.054054054054054,0.13738738738738737,0.26262971832592086,0.017098731384445665,-0.012641673931996509,-0.001671316268024092,0.17506092141390994,221.0,0.09044046050747465,0.28054298642533937,0.2895927601809955,0.047586726998491695,0.09112778509651182,0.005910056330224399,-0.004451904831411472,-0.0006018022044147497,0.05738176741976952,207.0,0.00024460343667828454,0.024154589371980676,0.033816425120772944,-0.004830917874396135,0.006400456593081799,-0.00816326530612245,-0.009661835748792274,-9.092826857693891e-05,0.006686496556752264,226.0,0.08595646167058735,0.22566371681415928,0.23451327433628316,0.05361356932153393,0.08677793958403344,0.011215459635181509,-0.0018555523836711392,-0.0007163638063994046,0.05050110385598888,38.0,0.34910059960026646,1.5789473684210527,1.605263157894737,0.15877192982456137,0.3526537863646458,0.010633727175080557,-0.024193548387096777,-0.002024590207832586,0.2673711882305372,14.0,0.0018083182640144665,0.07142857142857142,0.07142857142857142,0.0,0.0018083182640144665,0.0,0.0,0.0,0.006497756974276905
acetone_33,acetone,180,2026-05-23,5.0,1,39.0,0.1077572216812723,0.1794871794871795,0.1794871794871795,0.10427350427350422,0.1077572216812723,0.03359497645211931,0.0020678246484698098,-0.001565450692889099,0.051468504178323764,229.0,0.02962799181913659,0.043668122270742356,0.048034934497816595,0.02918486171761281,0.029738544027416953,0.006844309776312272,-0.0027468657557402462,-0.0005054359368188855,0.015367229071475358,202.0,0.004658060742783138,0.0049504950495049506,0.0049504950495049506,0.004950495049504951,0.004658060742783138,0.0031117397454031117,0.0,-0.00010761286843462843,0.002425797918875754,250.0,0.020016877637130805,0.032,0.036000000000000004,0.023600000000000003,0.02025316455696203,0.0032816326530612267,-0.008064516129032258,-0.0005612534867162126,0.012271291905428389,39.0,0.11662880017310398,0.20512820512820512,0.20512820512820512,0.10042735042735039,0.11662880017310398,0.02218733647305076,-0.003722084367245657,-0.0015094652578609312,0.057798649599434336,24.0,0.0,0.0,0.0,0.0,0.0,0.0,0.0,0.0,0.0
acetone_34,acetone,180,2026-05-23,8.0,1,39.0,0.22979552093476144,0.38461538461538464,0.3076923076923077,0.14914529914529912,0.22979552093476144,0.02787639710716634,0.011512297226582941,-0.0010719046000504898,0.12360758215617121,227.0,0.07646982285916094,0.11894273127753303,0.09251101321585903,0.05183553597650515,0.07646982285916094,0.012357392974133059,0.007821630854985167,-0.0003462035925563846,0.03826315227230601,202.0,0.004219409282700422,0.0049504950495049506,0.009900990099009901,0.0020627062706270625,0.004261185612232109,0.0005585173902005585,0.0009092746009294806,1.9130040156332596e-05,0.00366071667820406,244.0,0.05317493255862212,0.06967213114754098,0.04508196721311475,0.0418032786885246,0.05317493255862212,0.01612021857923497,0.012462361993977922,-0.0002694411499731543,0.023845397236452612,38.0,0.2452809238285587,0.4473684210526316,0.368421052631579,0.16578947368421057,0.2452809238285587,0.0321187584345479,0.024704618689581095,-0.0007782301026015117,0.14482369709436207,24.0,0.0,0.0,0.0,0.0,0.0,0.0,0.0,0.0,0.005055980005630893
acetone_35,acetone,180,2026-05-23,10.0,1,43.0,0.28270042194092815,0.5813953488372093,0.5813953488372093,0.172093023255814,0.28270042194092815,0.0693877551020408,0.0393848462115529,-0.001832942800088106,0.14013953004012916,235.0,0.08841009067241223,0.16170212765957448,0.1574468085106383,0.054113475177304964,0.08841009067241223,0.019956578376031264,0.009677419354838712,-0.0006091111005799899,0.0438737463090307,211.0,0.01099846021556982,0.014218009478672985,0.014218009478672985,0.011532385466034753,0.01099846021556982,0.008318019150788275,0.007109004739336492,-3.186830167816044e-05,0.004844797076821917,252.0,0.05445047217199114,0.07936507936507936,0.07539682539682539,0.04358465608465608,0.05445047217199114,0.02014901198574668,0.010688684075780846,-0.00044912046356693127,0.02507970938104419,42.0,0.2619047619047619,0.6666666666666666,0.6666666666666666,0.14722222222222217,0.2619047619047619,0.05519922254616134,0.025345622119815656,-0.001547718005951293,0.13724916507104853,24.0,0.0,0.0,0.0,0.0,0.0,0.0,0.0,0.0,0.0
acetone_36,acetone,180,2026-05-24,8.0,2,46.0,0.31324527609612907,0.5,0.5217391304347826,0.2677536231884058,0.31563015960374247,0.04685004436557232,0.0,-0.0028676991687470307,0.15677373528803598,236.0,0.09901308732031755,0.1483050847457627,0.15254237288135591,0.08608757062146889,0.0994421797897447,0.01705292286406088,0.0018452706396938216,-0.000978088323412163,0.04858938911546522,217.0,0.005074957708685761,0.009216589861751152,0.013824884792626727,0.004531490015360982,0.005308289097590853,-0.00086523088498072,-0.0021554927902482533,-8.094050481623896e-05,0.003555371637915778,259.0,0.05477086489744717,0.07722007722007722,0.08494208494208494,0.05218790218790219,0.05516185263020705,0.01429359388543062,0.0035496325818906455,-0.000652548139321132,0.02655486930547024,44.0,0.34810126582278483,0.6363636363636364,0.6590909090909091,0.26931818181818185,0.3504027617951669,0.041372912801484224,0.0,-0.002714067707774012,0.1776013992854926,19.0,0.005773928492116366,0.05263157894736842,0.05263157894736842,0.0043859649122807015,0.005773928492116366,0.0008592910848549945,0.0,-2.4406183456602946e-05,0.011478340688416933
acetone_37,acetone,180,2026-05-24,8.0,2,49.0,0.14931542237148024,0.3877551020408163,0.40816326530612246,0.12006802721088435,0.1494876431585292,0.03758088601294177,0.02271231073074391,-0.0008944286388399632,0.08197090238950515,241.0,0.05000262618835023,0.11203319502074689,0.11203319502074689,0.03983402489626555,0.05000262618835023,0.01479269979421786,0.0097711149779146,-0.0002998395952352075,0.025249719366780627,220.0,0.004219409282700422,0.00909090909090909,0.00909090909090909,0.002575757575757576,0.004219409282700422,0.0038433111603843307,0.004618768328445745,3.29406492579078e-05,0.0027745547762124735,273.0,0.02885581366594025,0.06227106227106227,0.05860805860805861,0.021550671550671547,0.02885581366594025,0.010199827272998004,0.0077986529599432825,-0.00015893030564295693,0.014313992791335972,48.0,0.13115330520393811,0.4375,0.4375,0.08298611111111108,0.13115330520393811,0.02997967479674797,0.017137096774193544,-0.0007324247022218975,0.08218114224445634,20.0,0.0,0.0,0.0,0.0,0.0,0.0,0.0,0.0,0.001862095510804434
acetone_38,acetone,180,2026-05-24,8.0,2,50.0,0.08767932489451477,0.18,0.18,0.068,0.08767932489451477,0.04432653061224491,0.028387096774193554,-0.0009174094375380568,0.045481270685407096,243.0,0.025160181278324735,0.053497942386831275,0.053497942386831275,0.017969821673525378,0.025160181278324735,0.010850760057109263,0.005376344086021504,-0.0003231644154084426,0.014290084245789644,220.0,0.0035673187571921747,0.004545454545454545,0.004545454545454545,0.004318181818181817,0.0035673187571921747,0.003914656771799629,0.0045454545454545435,3.981219728506177e-05,0.0023993799766240404,275.0,0.019731492136555433,0.03636363636363636,0.03272727272727272,0.015515151515151517,0.019731492136555433,0.009098330241187386,0.0066275659824046925,-0.00011793802868502583,0.010078929026067841,50.0,0.08261603375527427,0.24,0.24,0.04433333333333334,0.08261603375527427,0.019836734693877554,0.005483870967741936,-0.0009052379596344643,0.053965415860983086,20.0,0.0,0.0,0.0,0.0,0.0,0.0,0.0,0.0,0.0
acetone_39,acetone,130,2026-05-26,8.0,1,54.0,0.24305555555555552,0.5740740740740741,0.5740740740740741,0.31296296296296294,0.24305555555555552,0.038403157255616265,-0.006678809957498479,-0.0026458555997951705,0.08852877603393015,248.0,0.071875,0.12903225806451613,0.12903225806451613,0.1064516129032258,0.071875,0.01437731359069275,-0.0034373347435219456,-0.00108438487712975,0.028148044784307855,229.0,0.0034934497816593883,0.008733624454148471,0.008733624454148471,0.004366812227074235,0.0034934497816593883,-0.0008769417996993342,-0.004008876798625528,-0.00012365485869727123,0.002606528548639999,288.0,0.017881944444444443,0.034722222222222224,0.03819444444444445,0.03229166666666666,0.01927083333333333,0.0024618624772313295,-0.00819672131147541,-0.0005240930347813876,0.009737634555444522,56.0,0.19330357142857144,0.5357142857142857,0.5535714285714286,0.22500000000000003,0.20133928571428567,0.014417447306791571,-0.019320843091334892,-0.0018921111985916025,0.07623740702390118,18.0,0.0027777777777777775,0.05555555555555555,0.05555555555555555,0.0,0.0027777777777777775,0.0031876138433515485,0.0036429872495446266,-2.0469099617712042e-05,0.019821610416600202
acetone_4,acetone,180,2026-05-14,8.0,1,30.0,0.3978902953586497,0.6333333333333333,0.6666666666666666,0.34166666666666673,0.4012658227848101,0.06326530612244899,0.007526881720430108,-0.003273110607489127,0.19915257890073906,225.0,0.1493295827473043,0.2088888888888889,0.21333333333333335,0.12903703703703703,0.14977965307079233,0.025741496598639457,0.007741935483870967,-0.001236735313643619,0.07218893231901458,187.0,0.008303436449378369,0.016042780748663103,0.021390374331550804,0.005525846702317291,0.00834856382138586,0.0007639419404125286,0.00043125754700707255,-4.057357904300051e-05,0.004655236675554123,201.0,0.1338035560593656,0.1791044776119403,0.18407960199004975,0.12786069651741291,0.13405546109116864,0.03602396182353538,0.01243781094527363,-0.0013929130092097401,0.06310274422782122,31.0,0.5291955900367498,0.9032258064516129,0.9032258064516129,0.36075268817204303,0.5291955900367498,0.07175773535220538,0.0218522372528616,-0.003449054399242933,0.2647284771308583,14.0,0.0,0.0,0.0,0.0,0.0,0.0,0.0,0.0,0.0037619901110195696
acetone_40,acetone,130,2026-05-26,8.0,1,54.0,0.12638888888888888,0.2222222222222222,0.2222222222222222,0.18518518518518517,0.12638888888888888,0.033333333333333326,0.015830346475507764,-0.0012260986370064913,0.04617184036884766,248.0,0.034677419354838715,0.06451612903225806,0.06451612903225806,0.05766129032258064,0.034677419354838715,0.010204081632653059,0.003511966701352757,-0.00047705042229322385,0.014364545209994027,228.0,0.005043859649122807,0.008771929824561403,0.008771929824561403,0.007456140350877193,0.005043859649122807,0.0035087719298245615,0.0024759479343520094,-3.3464990776499855e-05,0.0024701560714278695,287.0,0.014547038327526135,0.027874564459930314,0.027874564459930314,0.023344947735191638,0.014547038327526135,0.014819028656758871,0.012532314263234796,-9.155090424802035e-05,0.007906315015242709,55.0,0.08045454545454545,0.21818181818181817,0.21818181818181817,0.11454545454545455,0.08045454545454545,0.03628942486085344,0.02170087976539589,-0.0007021276953033081,0.030770879281829585,18.0,0.0,0.0,0.0,0.0,0.0,0.0,0.0,0.0,0.0
acetone_41,acetone,130,2026-05-26,8.0,1,54.0,0.22685185185185186,0.48148148148148145,0.4629629629629629,0.3592592592592593,0.22685185185185186,0.04610733182161753,0.0005973715651135006,-0.002949024619489649,0.08893841390540494,248.0,0.06381048387096774,0.125,0.12096774193548387,0.11653225806451613,0.06381048387096774,0.016507570770243576,-0.0016909469302809571,-0.0011831235854254385,0.02830347442178229,229.0,0.0037117903930131,0.008733624454148471,0.008733624454148471,0.006113537117903929,0.0037117903930131,-0.002459673825862222,-0.0043668122270742364,-0.00011937926878761925,0.00299715269151696,290.0,0.01793103448275862,0.041379310344827586,0.041379310344827586,0.039310344827586205,0.01793103448275862,0.003631245601688951,-0.006006674082313683,-0.0005860121659496275,0.010757476308323344,56.0,0.11964285714285713,0.32142857142857145,0.32142857142857145,0.28928571428571426,0.11964285714285713,0.024344023323615172,-0.010656682027649774,-0.0023543777815589755,0.060233370590143435,18.0,0.0,0.0,0.0,0.0,0.0,-0.0004535147392290249,0.0,2.2545045153105747e-05,0.0034322084922514045
acetone_42,acetone,130,2026-05-26,8.0,1,47.0,0.249468085106383,0.48936170212765956,0.48936170212765956,0.3765957446808511,0.249468085106383,0.0828484585323491,0.030885380919698006,-0.0035726929109997623,0.10210085247840023,232.0,0.07133620689655173,0.125,0.125,0.11939655172413792,0.07133620689655173,0.029116819141449687,0.009872080088987762,-0.001297723570188668,0.03255721757877342,217.0,0.0065668202764976955,0.013824884792626729,0.013824884792626729,0.008755760368663596,0.0065668202764976955,0.003517351641117276,0.0030474208413854616,-4.571975714953621e-05,0.003912016683708334,266.0,0.024060150375939848,0.045112781954887216,0.045112781954887216,0.040225563909774435,0.024060150375939848,0.014070891514500534,0.007761338830948338,-0.00040636499338662376,0.012332225876273745,48.0,0.23958333333333334,0.5416666666666666,0.5208333333333333,0.30625,0.23958333333333334,0.06709183673469388,0.03528225806451613,-0.0023372052995938833,0.08854974151626055,18.0,0.00972222222222222,0.05555555555555555,0.05555555555555555,0.005555555555555555,0.00972222222222222,0.00816326530612245,0.008064516129032258,-8.934891309266872e-07,0.017459426695964134
acetone_43,acetone,130,2026-05-26,8.0,1,43.0,0.20930232558139536,0.4418604651162791,0.46511627906976744,0.2883720930232558,0.21627906976744188,0.058946369245372575,0.00487621905476369,-0.0034652226722603203,0.08975410139034694,225.0,0.057777777777777775,0.10666666666666667,0.11111111111111112,0.09155555555555556,0.060444444444444446,0.018757369614512468,-0.0011469534050179211,-0.0012345076989817314,0.027199334059467735,207.0,0.004106280193236715,0.00966183574879227,0.014492753623188404,0.005314009661835749,0.004347826086956522,0.0009267475105984422,-0.00109085242325074,-9.980810152514161e-05,0.0030100325827703317,261.0,0.024712643678160916,0.04597701149425287,0.04980842911877394,0.0371647509578544,0.02490421455938697,0.015200562983814217,0.0082190087751823,-0.0004036498623780289,0.010862894205371088,45.0,0.2261111111111111,0.5111111111111111,0.5333333333333333,0.2555555555555556,0.23277777777777775,0.036099773242630376,-0.007885304659498207,-0.002816030446342793,0.09076102799971957,18.0,0.0,0.0,0.0,0.0,0.0,0.0,0.0,0.0,0.0
acetone_44,acetone,130,2026-05-27,8.0,2,53.0,0.3117924528301887,0.6226415094339622,0.6226415094339622,0.4433962264150943,0.3117924528301887,0.06951747602845654,0.02381688833900402,-0.0030986056823764296,0.11563949228344042,244.0,0.07858606557377049,0.15163934426229508,0.15163934426229508,0.1319672131147541,0.07858606557377049,0.021415614082235957,0.004971781779091642,-0.0011717696667598444,0.03286863812655899,227.0,0.008480176211453746,0.013215859030837005,0.013215859030837005,0.011894273127753305,0.008480176211453746,0.0042789051780169,0.004477504152524013,-5.973833300321913e-05,0.0033730545699108675,277.0,0.048736462093862815,0.09386281588447654,0.09386281588447654,0.0884476534296029,0.048736462093862815,0.022163697697816183,0.005977392436527193,-0.0009875245721655314,0.0229940802547527,53.0,0.3900943396226415,0.8301886792452831,0.8301886792452831,0.5226415094339623,0.3900943396226415,0.059696875966594495,0.009588617383235385,-0.0034576864775092736,0.1447330779486114,17.0,0.0,0.0,0.0,0.0,0.0,0.0,0.0,0.0,0.0
acetone_45,acetone,130,2026-05-27,8.0,2,50.0,0.06999999999999999,0.14,0.14,0.12000000000000002,0.06999999999999999,0.042204081632653066,0.01612903225806452,-0.0017417914501580403,0.03726068906389551,239.0,0.017154811715481173,0.03765690376569038,0.04184100418410042,0.03430962343096234,0.01882845188284519,0.011459311758176076,0.002024564718585504,-0.0005991308309881225,0.01133575634618927,224.0,-0.0015625,0.004464285714285714,0.004464285714285714,0.0,0.0015625,-0.0010386297376093292,-0.00165610599078341,-3.2477361090535186e-05,0.00233790071626953,271.0,0.0027675276752767526,0.014760147601476014,0.025830258302583023,0.010332103321033211,0.008856088560885609,0.005105806160102418,-0.0010117843113915009,-0.00030924230445166217,0.006799501585121314,50.0,0.076,0.2,0.22,0.09,0.088,0.027918367346938783,0.0,-0.0018195305339597488,0.04300190679040038,17.0,-0.0014705882352941176,0.058823529411764705,0.058823529411764705,0.0,0.0014705882352941176,-0.003601440576230492,-0.0028462998102466793,6.289331216451891e-05,0.013902796586635423
acetone_46,acetone,130,2026-05-27,8.0,2,46.0,0.14891304347826087,0.30434782608695654,0.30434782608695654,0.18043478260869567,0.14891304347826087,0.046583850931677016,0.021388499298737738,-0.0017649023243197057,0.05809934031461883,231.0,0.04556277056277056,0.07792207792207792,0.07792207792207792,0.06536796536796537,0.04556277056277056,0.017916777100450573,0.007610668900991482,-0.000685117289324404,0.01906167719793822,217.0,0.007258064516129032,0.013824884792626729,0.013824884792626729,0.008755760368663594,0.007258064516129032,0.006357566067901814,0.004608294930875574,-8.091813092664977e-05,0.003528401211895688,267.0,0.016198501872659178,0.0299625468164794,0.033707865168539325,0.025093632958801498,0.01750936329588015,0.002461209202782236,-0.005617977528089889,-0.00046263505937278157,0.008764513702448223,50.0,0.11400000000000002,0.26,0.28,0.12000000000000002,0.11600000000000002,0.00579591836734694,-0.02709677419354839,-0.0020158545887577492,0.04984649297117917,15.0,0.0,0.0,0.0,0.0,0.0,0.0,0.0,0.0,0.0
acetone_47,acetone,130,2026-05-27,8.0,2,47.0,0.13085106382978723,0.23404255319148937,0.23404255319148937,0.20638297872340425,0.13085106382978723,0.03603994789405123,0.00034317089910775565,-0.002150556500539474,0.05440933586735778,233.0,0.0388412017167382,0.07296137339055794,0.07296137339055794,0.06609442060085838,0.0388412017167382,0.013295962161688709,0.0006922331441229406,-0.0007726757209566795,0.017119345656900483,218.0,0.002522935779816514,0.009174311926605505,0.013761467889908258,0.005045871559633028,0.0038990825688073397,-1.872308556450103e-05,-0.0013317549570878958,-5.155122872602928e-05,0.0026189718630266487,264.0,0.01619318181818182,0.041666666666666664,0.04924242424242424,0.033712121212121214,0.019981060606060606,0.009276437847866416,-0.0012829912023460408,-0.0005146817230284477,0.010680761331868807,47.0,0.15585106382978725,0.2978723404255319,0.3191489361702127,0.24893617021276598,0.1569148936170213,0.0435084672166739,0.0013726835964310226,-0.0024551661923524425,0.06419300189951256,15.0,-0.01666666666666667,0.06666666666666667,0.06666666666666667,-0.006666666666666666,0.01666666666666667,-0.0217687074829932,-0.02903225806451613,-0.0003149261515319058,0.02860478225832878
acetone_48,acetone,125,2026-05-28,8.0,2,44.0,0.05227272727272727,0.1590909090909091,0.1590909090909091,0.14999999999999997,0.05227272727272727,0.0761595547309833,-0.01282991202346041,-0.005251693413042481,0.084103610242795,224.0,0.0109375,0.04017857142857143,0.04017857142857143,0.03482142857142857,0.0109375,0.02144679300291545,-0.00640841013824885,-0.0015529018282339428,0.023383766174358722,209.0,0.0021531100478468903,0.009569377990430622,0.009569377990430622,0.0066985645933014355,0.0021531100478468903,-0.0012498779416072654,-0.00686834388022843,-0.000277125314258586,0.004543239473366697,248.0,0.0034274193548387093,0.012096774193548387,0.016129032258064516,0.010483870967741934,0.004233870967741935,0.010631994733377219,-0.00825962539021852,-0.0009357515957881026,0.013543213578159033,45.0,0.02111111111111111,0.06666666666666667,0.06666666666666667,0.062222222222222213,0.02111111111111111,0.04471655328798185,-0.016845878136200716,-0.0037377579604369934,0.05996209980762767,13.0,0.0,0.0,0.0,0.0,0.0,0.0,0.0,0.0,0.0034298236723259872
acetone_49,acetone,125,2026-05-28,8.0,2,42.0,0.11071428571428572,0.42857142857142855,0.42857142857142855,0.38095238095238093,0.11071428571428572,0.0915451895043732,0.0238095238095238,-0.004555515892093337,0.09239253020166248,221.0,0.025565610859728506,0.09954751131221719,0.09954751131221719,0.08235294117647059,0.025565610859728506,0.028811524609843937,0.006203473945409431,-0.0014612113651233506,0.027130894048365484,208.0,0.0028846153846153848,0.009615384615384616,0.009615384615384616,0.009615384615384616,0.0028846153846153848,0.0010596546310832023,-0.0007754342431761787,-0.0001362485968436736,0.003564628457375752,241.0,0.014522821576763484,0.058091286307053944,0.06224066390041494,0.04730290456431535,0.014937759336099584,0.026640697772885087,0.010440369428456695,-0.000919985006448824,0.01914891217730661,43.0,0.16511627906976742,0.5116279069767442,0.5116279069767442,0.49767441860465117,0.16511627906976742,0.09776934029425727,0.02325581395348838,-0.005096280175244301,0.10507464604515798,13.0,0.0,0.0,0.0,0.0,0.0,-0.0006279434850863422,-0.0012406947890818859,-2.5020685938234928e-05,0.006839078640644009
acetone_5,acetone,180,2026-05-14,8.0,1,33.0,0.2777138473341005,0.7272727272727273,0.7272727272727273,0.23030303030303034,0.2777138473341005,0.0784168212739641,0.03470185728250244,-0.002640302423226601,0.14233667262448485,234.0,0.09933643477947274,0.2094017094017094,0.2094017094017094,0.08076923076923075,0.09933643477947274,0.02525728240013955,0.011924455472842562,-0.0009404533028113868,0.05150040784712387,195.0,0.010840636157091852,0.02564102564102564,0.02564102564102564,0.013675213675213672,0.010840636157091852,0.006384092098377811,0.0051282051282051265,-9.434107737419862e-05,0.005217134811120448,227.0,0.06873733712522538,0.1277533039647577,0.13215859030837004,0.06057268722466961,0.06892321418613728,0.027204890766879444,0.016342191274690922,-0.0006921410279214275,0.033875010033353345,38.0,0.238285587386187,1.2105263157894737,1.2105263157894737,0.1517543859649123,0.238285587386187,0.05005370569280344,0.025466893039049244,-0.0018748720953412775,0.16216192895097037,15.0,0.05344585091420533,0.06666666666666667,0.06666666666666667,0.055555555555555566,0.05344585091420533,0.050340136054421766,0.04731182795698926,-0.00030870505124282844,0.03221103640344368
acetone_50,acetone,125,2026-05-28,8.0,2,24.0,0.0375,0.20833333333333334,0.20833333333333334,0.15,0.0375,0.03673469387755103,0.004032258064516129,-0.002539433223546648,0.048862128204071535,182.0,0.0005494505494505496,0.04395604395604396,0.05494505494505495,0.026373626373626374,0.012637362637362638,0.005786050684009869,-0.0038993264799716413,-0.0008346715532385051,0.015032499503895963,172.0,-0.005523255813953488,0.011627906976744186,0.01744186046511628,0.0,0.006104651162790698,-0.008851447555766492,-0.006095273818454614,-7.217860352575091e-05,0.007343379734455685,214.0,-0.00233644859813084,0.018691588785046728,0.02803738317757009,0.0102803738317757,0.007476635514018691,-0.004386801449551782,-0.008592101296352123,-0.00037666818382315524,0.00784696161598211,29.0,0.05172413793103449,0.27586206896551724,0.27586206896551724,0.20689655172413796,0.05172413793103449,0.03279380717804363,0.008898776418242492,-0.0021250322187217354,0.04893371389807759,13.0,-0.03076923076923077,0.07692307692307693,0.07692307692307693,-0.03076923076923077,0.03076923076923077,-0.0304552590266876,-0.03349875930521093,-0.00041568071348435767,0.03670439453651209
acetone_51,acetone,125,2026-05-28,8.0,2,23.0,0.03260869565217391,0.17391304347826086,0.21739130434782608,0.1391304347826087,0.041304347826086954,0.04152617568766637,0.005610098176718092,-0.0022706753353100282,0.050136391007090456,177.0,0.01384180790960452,0.05084745762711865,0.05084745762711865,0.04293785310734464,0.01384180790960452,0.02204542834082786,0.010661563696008746,-0.0007185722330480016,0.016494449661676104,168.0,0.0020833333333333333,0.011904761904761904,0.011904761904761904,0.007142857142857143,0.0020833333333333333,0.000510204081632653,-0.00038402457757296467,-6.045937698875518e-05,0.004107911221756418,208.0,0.013461538461538464,0.038461538461538464,0.038461538461538464,0.03076923076923077,0.013461538461538464,0.019368131868131872,0.010778535980148881,-0.0005261361520856294,0.01490440789337275,28.0,0.1357142857142857,0.5357142857142857,0.5714285714285714,0.46428571428571425,0.14285714285714285,0.08702623906705538,0.012672811059907831,-0.0049900389197588555,0.10667056991930048,12.0,0.0,0.0,0.0,0.0,0.0,0.0,0.0,0.0,0.0
acetone_52,acetone,180,2026-05-29,10.0,3,44.0,0.07575757575757575,0.2727272727272727,0.2727272727272727,0.03863636363636365,0.07575757575757575,0.004823747680890539,-0.00036656891495601173,-0.00042480182613871244,0.05374931973473082,223.0,0.017445270666590986,0.06726457399103139,0.06726457399103139,0.00672645739910314,0.017445270666590986,-0.0029285256703578295,-0.004484304932735428,-0.00012563945156545642,0.014583737000756405,204.0,-0.0030197733101679477,0.00980392156862745,0.0196078431372549,-0.0038398692810457523,0.004467609828741621,-0.007042817126850738,-0.006720430107526881,8.051693106328927e-07,0.004416764241555185,239.0,0.018643080345320688,0.07112970711297072,0.07112970711297072,0.006485355648535566,0.018643080345320688,-0.004867218854068823,-0.005061411796463761,-0.00014087644913260262,0.016420951301482727,46.0,0.07769216657494038,0.45652173913043476,0.45652173913043476,0.023550724637681167,0.07769216657494038,-0.0048802129547471165,-0.006311360448807853,-0.000302579365489708,0.07493808944742637,12.0,-0.020042194092827006,0.08333333333333333,0.08333333333333333,-0.02222222222222222,0.020042194092827006,-0.029931972789115645,-0.03091397849462365,-0.00012586126435363534,0.037511353371747186
acetone_53,acetone,180,2026-05-29,10.0,3,41.0,0.21241123803643105,0.4634146341463415,0.4634146341463415,0.17398373983739832,0.21241123803643105,0.03643603782976606,0.009441384736428011,-0.0017742942369018755,0.10524448644642233,218.0,0.057697518677660375,0.0963302752293578,0.0963302752293578,0.04655963302752293,0.057697518677660375,0.005916495038382326,-0.0008138502515537141,-0.0005123716629113344,0.03028301458006686,200.0,0.007721518987341772,0.015,0.009999999999999998,0.006833333333333334,0.007721518987341772,0.0002653061224489795,0.0025000000000000005,6.147781490567088e-05,0.0049404092850193395,234.0,0.037956651880702505,0.0641025641025641,0.06837606837606837,0.031552706552706554,0.03799271520790507,-0.00828536542822257,-0.018059001929969665,-0.0006055624672720127,0.022930817988385387,44.0,0.19322976601457614,0.5454545454545454,0.5227272727272727,0.14318181818181822,0.19322976601457614,0.01066790352504638,-0.01722873900293255,-0.0016011340791766858,0.10833275079854102,11.0,0.01534330648254699,0.09090909090909091,0.09090909090909091,0.01818181818181818,0.01534330648254699,0.014100185528756956,0.00879765395894428,-0.00028251739033386726,0.032230095647808016
acetone_54,acetone,180,2026-05-29,10.0,3,43.0,0.11598469237562557,0.5116279069767442,0.5116279069767442,0.06821705426356589,0.11598469237562557,0.03948742287612719,0.03600900225056264,-0.0004755711131348782,0.07696157253160028,222.0,0.03668225187212529,0.13063063063063063,0.13063063063063063,0.019669669669669675,0.03668225187212529,0.010498253355396213,0.009880848590526006,-0.0001252185435812969,0.02426391463514375,206.0,0.0014542624226783006,0.014563106796116505,0.014563106796116505,0.0,0.0014542624226783006,0.0027739251040221906,0.005245850297525837,0.00010667966925003464,0.003094953438864456,234.0,0.019347975044177575,0.05128205128205128,0.05128205128205128,0.016809116809116807,0.019347975044177575,0.009750566893424037,0.011924455472842566,-6.8950626138963464e-06,0.00978077994375655,44.0,0.07767548906789412,0.4318181818181818,0.4318181818181818,0.06439393939393939,0.07767548906789412,0.03441558441558441,0.02969208211143695,-0.000428533573307895,0.05536890409979809,11.0,0.010356731875719217,0.09090909090909091,0.09090909090909091,0.012121212121212121,0.010356731875719217,0.02263450834879406,0.03372434017595308,0.0005041371740263111,0.03284669693995099
acetone_55,acetone,180,2026-05-29,10.0,3,44.0,0.16877637130801684,0.38636363636363635,0.40909090909090906,0.07840909090909093,0.17069428461833522,0.012801484230055657,-0.019794721407624633,-0.0014326384906296968,0.0974380324341269,221.0,0.05429864253393665,0.09502262443438914,0.10407239819004524,0.023831070889894414,0.054718674227237155,0.0037122541324222,-0.00831995329149029,-0.000506258574952136,0.03019281133775842,205.0,0.002716887928372955,0.014634146341463415,0.01951219512195122,-0.0012195121951219514,0.0038695070495008755,-0.0015530114484818317,-0.00873328088119591,-0.00027200597672031744,0.005535786846364811,236.0,0.03784953157405421,0.0635593220338983,0.07203389830508475,0.023446327683615816,0.03845741257240935,0.00760982359045313,-0.00211864406779661,-0.0004348633118190208,0.01979207659875633,47.0,0.15710566478139867,0.425531914893617,0.46808510638297873,0.05602836879432624,0.1592602567555436,-0.001563178462874511,-0.025737817433081667,-0.0011000061019631132,0.09787089651779222,12.0,-0.02109704641350211,0.08333333333333333,0.08333333333333333,-0.023611111111111107,0.02109704641350211,-0.01564625850340136,-0.022849462365591395,-0.0002632687324869808,0.03686767798251469
acetone_56,acetone,180,2026-05-30,8.0,1,56.0,0.2160186859553948,0.5892857142857143,0.5892857142857143,0.11279761904761901,0.2160186859553948,0.039053426248548184,0.022753456221198162,-0.0009156887820625077,0.12086008676383762,241.0,0.06020974490957158,0.13278008298755187,0.13692946058091288,0.0289073305670816,0.06034980828825043,0.008872246398812534,0.0048186320439030945,-0.00023941557022462038,0.03375927376278172,223.0,0.004295093754138995,0.013452914798206279,0.013452914798206279,0.0025411061285500755,0.004295093754138995,0.0017864304203580154,0.0016635324750470127,-3.48693702627733e-05,0.0028630154598485867,271.0,0.031108412349946275,0.06642066420664207,0.07380073800738007,0.015498154981549812,0.0316377847322777,0.006450064500645007,0.002559219140578503,-0.000190159100688159,0.017807587032099045,58.0,0.10686745234977449,0.5,0.5172413793103449,0.06666666666666667,0.10774043358067802,0.026072329688814126,0.017241379310344827,-0.0006701750557489393,0.07182668714937557,14.0,0.01506931886678722,0.07142857142857142,0.07142857142857142,0.019047619047619046,0.01506931886678722,0.026713124274099883,0.028801843317972347,1.385897061948178e-05,0.03255661580312487
acetone_57,acetone,180,2026-05-30,8.0,1,55.0,0.17959340237821247,0.7090909090909091,0.7090909090909091,0.08303030303030302,0.17959340237821247,0.031243042671614107,0.013782991202346042,-0.0010655518699606789,0.11715091927191822,238.0,0.054692763181221855,0.1638655462184874,0.1638655462184874,0.02549019607843137,0.054692763181221855,0.00991253644314869,0.004201680672268907,-0.00032956598100995185,0.033263253643748804,221.0,0.0025201901598029663,0.01809954751131222,0.01809954751131222,0.00015082956259426848,0.0025201901598029663,-0.00014775140825560996,-0.00014596409283316306,-4.298786937704861e-06,0.0032131378648582775,267.0,0.03166927416678519,0.09737827715355805,0.09737827715355805,0.013732833957553061,0.03166927416678519,0.00238477413437285,0.0012685755708590066,-9.277718383517593e-05,0.020086279529820988,56.0,0.12650693188667875,0.75,0.75,0.04613095238095237,0.12650693188667875,0.010568513119533525,0.0014400921658986173,-0.0005256762191326636,0.10058823491139811,15.0,-0.028691983122362864,0.06666666666666667,0.06666666666666667,-0.03666666666666667,0.028691983122362864,-0.03945578231292517,-0.039784946236559156,-6.65545488261331e-05,0.03322842145606572
acetone_58,acetone,180,2026-05-31,8.0,1,41.0,0.2174539466913657,0.5365853658536586,0.5365853658536586,0.13008130081300812,0.2174539466913657,0.041146143168748775,0.019669551534225022,-0.0013677624267049544,0.11519348167885564,211.0,0.060371547983282335,0.12796208530805686,0.12796208530805686,0.03815165876777251,0.060371547983282335,0.011000655030246984,0.006038831982877236,-0.00036979173233145834,0.030789732678930638,194.0,0.0051981382400278385,0.015463917525773196,0.015463917525773196,0.006786941580756012,0.0051981382400278385,0.0011105523426368285,0.002909876953774526,9.470183838941619e-06,0.0038129489900721515,242.0,0.02794922760400321,0.049586776859504134,0.05371900826446281,0.022933884297520666,0.028158454510583394,0.010028220116911913,0.0047320714476139685,-0.0002708767209166906,0.013932509534899972,42.0,0.15310427968655818,0.7380952380952381,0.761904761904762,0.07499999999999997,0.15410890094434399,0.01993805652342238,0.0030721966205837174,-0.0010968652802214667,0.11000523914593233,15.0,-0.0005625879043600563,0.06666666666666667,0.06666666666666667,-0.0011111111111111111,0.0005625879043600563,-0.0013550135501355016,0.0,-9.548478504788702e-07,0.008534606386520678
acetone_59,acetone,180,2026-05-31,8.0,1,37.0,0.18063633253506672,0.40540540540540543,0.40540540540540543,0.17477477477477474,0.18063633253506672,0.05626034197462768,0.026591107236268525,-0.0019244900827158529,0.08626519829526999,204.0,0.044572681393232394,0.0784313725490196,0.08333333333333333,0.04215686274509803,0.0449449822122942,0.010444177671068429,0.0019765970904490828,-0.0005393060797950451,0.022293981625623804,190.0,0.0026870974905618484,0.010526315789473684,0.015789473684210527,0.001842105263157895,0.002998001332445037,0.0016970998925886147,0.002207130730050934,3.544122628962652e-05,0.003033635185759886,232.0,0.02522552015131675,0.04741379310344827,0.05603448275862069,0.02363505747126437,0.02551651389495126,0.01301900070372977,0.009802558398220246,-0.00018792142565949546,0.012432132505197629,38.0,0.16666666666666666,0.6842105263157895,0.7105263157894737,0.14298245614035085,0.1679991117033089,0.03877551020408162,0.018251273344651955,-0.00130044557709542,0.09815663441289149,14.0,0.0,0.0,0.0,0.0,0.0,0.0,0.0,0.0,0.0
acetone_6,acetone,180,2026-05-15,8.0,1,35.0,0.16130198915009042,0.4,0.4,0.1295238095238095,0.16130198915009042,0.04618075801749272,0.02718894009216589,-0.0011256682577282116,0.08996160663389079,238.0,0.059674502712477394,0.12605042016806722,0.12605042016806722,0.0472689075630252,0.059674502712477394,0.0197564740181787,0.012605042016806718,-0.00039533861056866395,0.03177269588381979,193.0,0.001748977941015719,0.010362694300518135,0.015544041450777202,0.0021588946459412785,0.002142497977744256,0.00613302315744951,0.0026742436904562926,-0.00011802020210288405,0.0043890242056222085,233.0,0.04559859473750929,0.08583690987124463,0.08583690987124463,0.04270386266094421,0.04559859473750929,0.02725759831829728,0.02049010106603904,-0.0003712587506031458,0.023923252151568826,37.0,0.17242559014710915,0.5405405405405406,0.5405405405405406,0.11576576576576576,0.17242559014710915,0.056922228350799776,0.03443766346992154,-0.0011482911314105058,0.09720514861885611,16.0,0.0,0.0,0.0,0.0,0.0,0.0,0.0,0.0,0.0
acetone_60,acetone,180,2026-05-31,8.0,2,31.0,0.3340138832176398,0.5161290322580645,0.5161290322580645,0.24677419354838712,0.3340138832176398,0.07123107307439103,0.03069719042663891,-0.0024675424476640964,0.15973140839744987,188.0,0.0983481461531556,0.14361702127659576,0.14361702127659576,0.0747340425531915,0.0983481461531556,0.021189752496743375,0.008493479752916954,-0.0007660275195751407,0.0468153221976247,186.0,0.002949049498661586,0.016129032258064516,0.021505376344086023,0.0,0.003357379429245498,-0.004125521176212421,-0.004769337495664239,-3.3585901633844705e-05,0.004248105831726824,204.0,0.04748903780921651,0.06862745098039216,0.07352941176470588,0.047222222222222214,0.047530404566890054,0.01748699479791917,0.007906388361796333,-0.0005862501054672076,0.02234902082141253,30.0,0.30562587904360056,0.5666666666666667,0.5666666666666667,0.24166666666666664,0.30562587904360056,0.06775510204081633,0.024193548387096774,-0.0026112970763429028,0.14458193753231816,13.0,0.0,0.0,0.0,0.0,0.0,0.0003139717425431711,0.0012406947890818859,2.9476547858920784e-05,0.002866751044607738
acetone_61,acetone,180,2026-06-01,8.0,2,46.0,0.07228031553843331,0.17391304347826086,0.17391304347826086,0.05869565217391304,0.07228031553843331,0.0341614906832298,0.023492286115007022,-0.0006572445224571968,0.036287239385582225,217.0,0.0198137237745241,0.041474654377880185,0.04608294930875576,0.015284178187403998,0.020241497987516774,0.009573967835982317,0.006615133045934294,-0.00017724129711616128,0.010899930648524538,210.0,0.003516174402250351,0.004761904761904762,0.009523809523809525,0.004365079365079365,0.003556359252561784,0.00369290573372206,0.003917050691244241,-1.9935282837976076e-06,0.002469412151644111,229.0,0.024432038029959646,0.039301310043668124,0.039301310043668124,0.023799126637554582,0.024432038029959646,0.014829337848676587,0.011691787575714891,-0.00018387295221603808,0.010786256415784934,41.0,0.13615313368323556,0.34146341463414637,0.34146341463414637,0.1016260162601626,0.13615313368323556,0.05455450472872077,0.03894571203776555,-0.0009325833459270603,0.0677191921881424,13.0,0.0,0.0,0.0,0.0,0.0,0.0,0.0,0.0,0.0
acetone_62,acetone,180,2026-06-01,8.0,2,47.0,0.08573480563784901,0.14893617021276595,0.1702127659574468,0.058510638297872335,0.08717120028727895,0.023273990447242723,0.00789293067947838,-0.0008629601805071412,0.04509324265900134,219.0,0.02778259445504113,0.045662100456621,0.045662100456621,0.01963470319634703,0.02778259445504113,0.008666480290746435,0.0045662100456621,-0.00027032420309275123,0.012984747980281416,212.0,-0.0008757264549000876,0.0047169811320754715,0.0047169811320754715,-0.0007075471698113207,0.0008757264549000876,-0.004312668463611861,-0.0047169811320754715,-3.606650518397118e-05,0.002618492384988368,238.0,0.028223947806970885,0.04201680672268908,0.046218487394957986,0.024789915966386546,0.028330319469559974,0.011215914937403534,0.006099213879100027,-0.00030870685284979936,0.01285844425249319,43.0,0.14846433127269157,0.27906976744186046,0.3023255813953488,0.10581395348837211,0.1494455892454126,0.03122923588039868,0.006376594148537133,-0.0014216322362468074,0.07624139033229138,14.0,-0.024412296564195298,0.07142857142857142,0.07142857142857142,-0.015476190476190473,0.024412296564195298,-0.025655976676384834,-0.03225806451612903,-0.0001877272258792523,0.03368344101375854
acetone_63,acetone,180,2026-06-01,8.0,2,47.0,0.07639824041655444,0.1702127659574468,0.1702127659574468,0.06595744680851064,0.07639824041655444,0.032520325203252036,0.0216197666437886,-0.0006567077957670088,0.03629764351999136,218.0,0.020322842875391944,0.03669724770642202,0.04128440366972477,0.017431192660550456,0.020361553052297456,0.007831729693443723,0.004661142349807633,-0.0002100192494611941,0.009988571040146324,210.0,2.0092425155716297e-05,0.004761904761904762,0.009523809523809525,-7.936507936507938e-05,0.00034157122764717703,-0.00044521873790166473,-0.0005376344086021506,-2.7039192821107317e-06,0.001847642608503266,237.0,0.023785362032437824,0.04219409282700422,0.04219409282700422,0.019549929676511948,0.023785362032437824,0.011509039141024323,0.007417993738941064,-0.0002039396758218947,0.010749490458463613,43.0,0.11647532136198609,0.32558139534883723,0.32558139534883723,0.07674418604651165,0.11647532136198609,0.035640007562866324,0.02325581395348838,-0.0008092689638378988,0.062026933903065844,14.0,-0.003616636528028933,0.07142857142857142,0.07142857142857142,-0.0035714285714285713,0.003616636528028933,-0.0017421602787456446,0.0,5.9079429838856945e-06,0.01674090608383956
acetone_64,acetone,180,2026-06-04,8.0,1,53.0,0.14744049040681476,0.32075471698113206,0.32075471698113206,0.10283018867924529,0.14744049040681476,0.03473238351944551,0.017650639074863056,-0.0011300600827359722,0.07418826319706934,221.0,0.04028485785745652,0.07692307692307693,0.07692307692307693,0.02699849170437406,0.04028485785745652,0.007516852895004158,0.0019705152532477014,-0.00033432525331926694,0.02095743594112381,215.0,9.81257972721029e-05,0.004651162790697674,0.009302325581395349,-0.0003875968992248062,0.0012756353645373367,-0.0014238253440911246,-0.0012753188297074268,-6.291074890654392e-06,0.002098089478550635,234.0,0.03270943777272891,0.05128205128205128,0.05128205128205128,0.027706552706552697,0.03270943777272891,0.011320425606139892,0.005789909015715468,-0.00032252260252978805,0.01507626475404211,47.0,0.1955292216536494,0.44680851063829785,0.44680851063829785,0.13156028368794323,0.1955292216536494,0.03890577507598784,0.01715854495538778,-0.001468781847439942,0.1009933071967705,27.0,-0.024378809188935775,0.037037037037037035,0.037037037037037035,-0.02592592592592592,0.024378809188935775,-0.024792139077853364,-0.023297491039426514,2.2543179750115892e-05,0.01812734958595838
acetone_65,acetone,180,2026-06-04,8.0,1,55.0,0.0810126582278481,0.18181818181818182,0.2,0.06363636363636364,0.08239355581127733,0.025351071692535112,0.012903225806451613,-0.0008492625217198493,0.046155641093749554,221.0,0.029764973175248673,0.05429864253393665,0.05429864253393665,0.02383107088989441,0.029764973175248673,0.012765331273222233,0.008976791709239526,-0.0002755639908325692,0.014332544243670538,214.0,0.0027603612129815844,0.004672897196261682,0.004672897196261682,0.003738317757009345,0.0027603612129815844,0.0039890585821746065,0.0032408803135363273,-4.2368095184293666e-05,0.002474903865820741,235.0,0.02303617919023251,0.03829787234042553,0.03829787234042553,0.020780141843971627,0.02303617919023251,0.01440927175229199,0.010569663692518876,-0.0002463477786234264,0.010406455518605702,48.0,0.1305379746835443,0.3125,0.3125,0.10729166666666666,0.1305379746835443,0.04801829268292682,0.031922043010752695,-0.0012186041561994356,0.06711859718371191,27.0,0.0,0.0,0.0,0.0,0.0,0.00015055706112616682,0.0005973715651135006,1.3255605396098357e-05,0.0023857445731080727
acetone_66,acetone,180,2026-06-04,8.0,1,55.0,0.10824702723436898,0.18181818181818182,0.2,0.07878787878787878,0.10886075949367087,0.02463821892393321,0.012316715542521995,-0.0007634677682565292,0.05460609594831828,222.0,0.0315505378796518,0.04954954954954955,0.04954954954954955,0.02297297297297297,0.0315505378796518,0.007409450266593125,0.004649811101424006,-0.00021495397941262532,0.015314537288589282,214.0,0.0025829094207184826,0.004672897196261682,0.004672897196261682,0.0009345794392523363,0.0025829094207184826,0.0013732595842075148,0.002336448598130841,4.4619179967891766e-05,0.002262884506121558,236.0,0.028284345276407063,0.0423728813559322,0.046610169491525424,0.02775423728813559,0.02849889151112064,0.01231407817364234,0.007586112629852377,-0.0002899176341668119,0.013649264182620906,49.0,0.15577370188581763,0.2653061224489796,0.28571428571428575,0.12346938775510204,0.1569792473951606,0.032653061224489806,0.009874917709019092,-0.0014209817564942244,0.08017914108955505,27.0,0.0003125488357555868,0.037037037037037035,0.037037037037037035,0.0006172839506172839,0.0003125488357555868,0.0016628873771730914,0.0035842293906810036,5.1288277947894925e-05,0.006517422615333936
acetone_67,acetone,180,2026-06-04,8.0,1,54.0,0.16736990154711676,0.2962962962962963,0.31481481481481477,0.16265432098765434,0.16862009689013907,0.033182161753590324,-0.0005973715651135006,-0.0023412472712592957,0.08873679396347797,219.0,0.053946785349594434,0.0821917808219178,0.0821917808219178,0.05258751902587519,0.053946785349594434,0.014500046593980057,0.00228310502283105,-0.0008173844594435658,0.026828209916544762,210.0,0.0024311834438416713,0.009523809523809525,0.014285714285714287,0.0033333333333333344,0.002471368294153104,-3.8872691933916396e-05,-0.0013824884792626728,-0.00011665603094793668,0.0028120821169241475,239.0,0.035873806119026186,0.0502092050209205,0.05439330543933054,0.04107391910739191,0.03612096816905885,0.01610451712065579,0.005668781212039412,-0.0006335340403231504,0.017548559254449807,48.0,0.19672995780590719,0.375,0.3958333333333333,0.20243055555555553,0.1979606188466948,0.038010204081632644,0.0,-0.002675835578395692,0.10080148160222976,27.0,0.0,0.0,0.0,0.0,0.0,0.0,0.0,0.0,0.0
acetone_68,acetone,180,2026-06-04,8.0,1,54.0,0.21393967807469919,0.35185185185185186,0.37037037037037035,0.19999999999999998,0.21487732458196596,0.04807256235827663,0.009557945041816009,-0.0024253352519663274,0.11088452754705505,219.0,0.06918675221085487,0.1050228310502283,0.1050228310502283,0.0636986301369863,0.06918675221085487,0.020892740657907,0.008616880247459126,-0.0007769448756506957,0.03305303265191226,210.0,0.006911794253566405,0.014285714285714285,0.014285714285714285,0.0047619047619047615,0.006911794253566405,0.0029154518950437313,0.0020737327188940094,-4.4518434867502546e-05,0.003592365607447413,240.0,0.04648382559774965,0.06666666666666667,0.07083333333333333,0.04763888888888889,0.04669479606188467,0.020476190476190474,0.009274193548387094,-0.00062638490923309,0.022157369285847477,48.0,0.25026371308016876,0.4375,0.4375,0.20937499999999998,0.25026371308016876,0.05246598639455783,0.0114247311827957,-0.0027121316328944916,0.12837863846259417,27.0,0.0,0.0,0.0,0.0,0.0,0.0,0.0,0.0,0.0
acetone_69,acetone,180,2026-06-05,8.0,1,51.0,0.1207081988913709,0.23529411764705882,0.23529411764705882,0.09803921568627448,0.1207081988913709,0.029650884744141563,0.015180265654648958,-0.000958134142758745,0.05911591178159072,221.0,0.03333524256830288,0.06334841628959276,0.06334841628959276,0.02526395173453997,0.03333524256830288,0.006860905713129532,0.002335425485330609,-0.0003071971953415525,0.016646502152570825,215.0,0.0029045235992542435,0.004651162790697674,0.004651162790697674,0.001937984496124031,0.0029045235992542435,3.7814331631688406e-05,-7.501875468867217e-05,-1.1275215715986504e-05,0.002208877288095867,227.0,0.02985185598245321,0.04405286343612335,0.048458149779735685,0.02775330396475771,0.030074908455547507,0.009795494430715233,0.002628961205058974,-0.00039112501591226796,0.014369785038508892,43.0,0.16907074869983316,0.37209302325581395,0.37209302325581395,0.13372093023255818,0.16907074869983316,0.038665154093401405,0.020255063765941484,-0.0012492530130024922,0.08479407499429056,14.0,0.0,0.0,0.0,0.0,0.0,-0.0005807200929152149,0.0,1.113552465058058e-05,0.0037593839923604007
acetone_7,acetone,180,2026-05-15,8.0,1,33.0,0.2157013169671397,0.36363636363636365,0.36363636363636365,0.18131313131313134,0.2157013169671397,0.10030921459492886,0.0606060606060606,-0.0019365304682938747,0.10005791441484248,232.0,0.07858649789029536,0.1206896551724138,0.1163793103448276,0.0651580459770115,0.07858649789029536,0.03933849401829698,0.024054505005561746,-0.0007021154677604744,0.03541867991498443,192.0,0.005669831223628692,0.010416666666666666,0.015625,0.005295138888888887,0.005933544303797469,0.005314625850340136,0.0021841397849462364,-0.00013846012975761356,0.0039802210435142945,224.0,0.060898884870403854,0.08035714285714286,0.08035714285714286,0.060565476190476183,0.060898884870403854,0.04396865889212828,0.02923387096774193,-0.000616159036721949,0.028336498734704913,36.0,0.22187060478199722,0.6111111111111112,0.6111111111111112,0.1550925925925926,0.22187060478199722,0.09807256235827666,0.05421146953405017,-0.0021463017849667134,0.11510817563712007,16.0,-0.0013185654008438818,0.0625,0.0625,-0.0010416666666666667,0.0013185654008438818,-0.0007653061224489796,-0.0010080645161290322,-3.0594067311024625e-05,0.011881904467901097
acetone_70,acetone,180,2026-06-05,8.0,1,51.0,0.21452800529494495,0.45098039215686275,0.45098039215686275,0.17908496732026138,0.21452800529494495,0.042005420054200535,0.008538899430740038,-0.002071240876256451,0.10882619748834323,220.0,0.06181434599156119,0.10909090909090909,0.10909090909090909,0.050681818181818175,0.06181434599156119,0.01302660753880266,0.004398826979472139,-0.0005935789799456102,0.030790532938193817,215.0,0.0029633990776175055,0.009302325581395349,0.009302325581395349,0.0020930232558139536,0.0029633990776175055,-0.0004348648137644167,-0.0008252063015753939,-2.6463861538139106e-05,0.002374723044206734,228.0,0.048967355096602265,0.07456140350877193,0.07894736842105263,0.04576023391812864,0.04907839218298912,0.016028383968050206,0.00573005093378608,-0.0006078850231491827,0.023934554465277865,44.0,0.24088991177598773,0.6363636363636364,0.6590909090909091,0.17916666666666664,0.24108170310701957,0.036308203991130814,0.002932551319648094,-0.0020513203967029983,0.1302520587739521,13.0,0.0,0.0,0.0,0.0,0.0,-0.0006253908692933083,-0.0024813895781637717,-3.817479446758067e-05,0.006387959798665277
acetone_71,acetone,180,2026-06-05,8.0,1,51.0,0.42235459584677754,0.7647058823529411,0.7647058823529411,0.36470588235294105,0.42235459584677754,0.09139655862344936,0.020556609740670452,-0.004511338720393411,0.21218256850624664,220.0,0.11438434982738781,0.19090909090909092,0.19090909090909092,0.09962121212121211,0.11438434982738781,0.027662337662337663,0.006304985337243401,-0.0013448099870681455,0.056410715723937736,215.0,0.005102541458149347,0.009302325581395349,0.013953488372093023,0.004341085271317829,0.005338043371602394,-0.0009682012339819647,-0.0032258064516129024,-0.00010491019859090306,0.004096637898757324,228.0,0.0856280997853283,0.12280701754385964,0.12719298245614036,0.07982456140350876,0.08566511214745726,0.0315610454708199,0.011106395019807586,-0.001139471482405407,0.040039975912069405,44.0,0.3776371308016878,0.8181818181818182,0.8181818181818182,0.29015151515151516,0.3776371308016878,0.06651205936920222,0.016495601173020527,-0.003362903383535044,0.19606763880517802,13.0,-0.001622849724115547,0.07692307692307693,0.07692307692307693,-0.002564102564102564,0.001622849724115547,-0.0009419152276295134,0.0,1.5112056447384344e-05,0.010994100848327918
acetone_72,acetone,180,2026-06-05,8.0,1,51.0,0.22213948870687514,0.5294117647058824,0.5294117647058824,0.1617647058823529,0.22213948870687514,0.05133110154630958,0.02751423149905123,-0.0016992423528072206,0.11363879832847472,221.0,0.060675487332225955,0.12669683257918551,0.13122171945701358,0.0425339366515837,0.06086641082918073,0.011238641798182685,0.004889797109910961,-0.0004853330402029998,0.032081874515603716,214.0,0.005520722425963168,0.009345794392523364,0.009345794392523364,0.004595015576323987,0.005520722425963168,0.002564394802826533,0.004069942719324691,-5.225524674413287e-06,0.002798256908178384,228.0,0.04800503368124954,0.07456140350877193,0.07894736842105263,0.043201754385964894,0.048116070767636396,0.017686492654400227,0.009903791737408038,-0.0004979268304662309,0.021836546260190538,44.0,0.23331415420023016,0.5909090909090909,0.5909090909090909,0.17954545454545454,0.23331415420023016,0.05386178861788618,0.028592375366568914,-0.0018873326746603964,0.11881171823003867,13.0,-0.001622849724115547,0.07692307692307693,0.07692307692307693,-0.005128205128205128,0.001622849724115547,-0.00031269543464665416,0.0,-1.0400181821901704e-05,0.010242489662768901
acetone_73,acetone,180,2026-06-05,8.0,1,51.0,0.16430876147927523,0.29411764705882354,0.29411764705882354,0.12777777777777777,0.16430876147927523,0.04145658263305321,0.017077798861480073,-0.001461810708808352,0.07899811851091644,221.0,0.042900509765736866,0.07239819004524888,0.07239819004524888,0.03250377073906485,0.042900509765736866,0.00786776248961123,0.0,-0.00045356697415877115,0.02188658675164871,214.0,0.003351867187191924,0.004672897196261682,0.009345794392523364,0.00264797507788162,0.003430734650419969,-0.00020980354758725917,-0.0013566475731082302,-4.683142563322317e-05,0.002342729157767059,228.0,0.039566215115848694,0.05701754385964912,0.06140350877192982,0.035964912280701755,0.03960322747797765,0.014482635159326887,0.0050933786078098476,-0.0004633711814338822,0.017863014266174558,45.0,0.16146272855133614,0.37777777777777777,0.39999999999999997,0.11333333333333331,0.16277543366150957,0.02303854875283447,-0.0007168458781362007,-0.0015193873821339582,0.08961238016934533,13.0,0.0,0.0,0.0,0.0,0.0,-0.0012558869701726845,-0.0012406947890818859,2.3533204761863603e-05,0.006997584433836668
acetone_8,acetone,180,2026-05-15,8.0,1,35.0,0.2097649186256781,0.4,0.4285714285714286,0.1276190476190476,0.2100060277275467,0.047113702623906704,0.028110599078341007,-0.0014111775216689127,0.10620390166018684,238.0,0.0739814913307095,0.12605042016806722,0.12605042016806722,0.044187675070028,0.0739814913307095,0.016892471274223976,0.009487666034155592,-0.0005037075492127794,0.03711357246889252,193.0,0.006930325091274787,0.010362694300518135,0.010362694300518135,0.00535405872193437,0.006930325091274787,0.007063550808924607,0.009777703493230825,7.718950180509175e-05,0.004061427075918737,230.0,0.05266923500275179,0.09130434782608696,0.09130434782608696,0.04,0.05266923500275179,0.018562555456965394,0.011290322580645159,-0.0004487410557311073,0.0250602719705895,38.0,0.18298911836553408,0.5789473684210527,0.6052631578947368,0.10438596491228072,0.18321119253830778,0.022341568206229852,0.0008488964346349745,-0.0012463792419584317,0.10741750805755691,16.0,0.0,0.0,0.0,0.0,0.0,-0.0007653061224489796,0.0,8.453933962508707e-06,0.006136774198443252
acetone_9,acetone,180,2026-05-15,8.0,1,30.0,0.3043600562587904,0.5,0.5333333333333333,0.28,0.30773558368495074,0.05170068027210886,-0.019892473118279578,-0.004142039561030655,0.1586658162840973,222.0,0.11360094271486679,0.18018018018018017,0.18468468468468469,0.10360360360360357,0.11363895541110731,0.02217319360176503,-0.0027608253414705035,-0.0014810518630906332,0.055842173614054594,185.0,0.003010605542251112,0.010810810810810811,0.016216216216216217,0.0012612612612612614,0.00369483407458091,-0.004765581908439052,-0.009503051438535309,-0.00013063267338345232,0.00584948619061391,210.0,0.07377938517179022,0.10952380952380952,0.11904761904761904,0.07238095238095237,0.07418123367490456,0.01576287657920311,-0.007910906298003072,-0.0011939280525488341,0.03738938055860206,31.0,0.3288417040969102,0.6774193548387096,0.7096774193548386,0.29247311827957,0.3291139240506328,0.04805793285055956,-0.024973985431841827,-0.004219705362683126,0.17157070215375586,15.0,0.0,0.0,0.0,0.0,0.0,0.0,0.0,0.0,0.0024845175719933723
