feature_set,split,mode,method,representation,classifier_strategy,seed,input_dimensions,latent_dimensions,neural_checkpoint,probe_checkpoint,label_usage,final_training,lr_parameters,confusion_matrix,train_accuracy,train_balanced_accuracy,train_macro_f1,test_accuracy,test_balanced_accuracy,test_macro_f1
48D,S1_train_I_test_all,uda,c-dann,bottleneck16,posthoc-sklearn-lr-on-frozen-mlp-representation,0,48,16,D:\thesis\tables\opensource_da_48_54\checkpoints\48D\S1_train_I_test_all\bottleneck16\mlp\c-dann\seed_0.pt,D:\thesis\tables\opensource_da_48_54\posthoc_lr_bottleneck16\checkpoints\48D\S1_train_I_test_all\c-dann\seed_0.joblib,source labels only,selected checkpoint; no refit,C=1.0;class_weight=balanced;solver=lbfgs;max_iter=2000,"[[62, 18, 1], [15, 78, 3], [2, 9, 85]]",1.0,1.0,1.0,0.8241758241758241,0.8211162551440329,0.8233461073013312
48D,S1_train_I_test_all,uda,c-dann,bottleneck16,posthoc-sklearn-lr-on-frozen-mlp-representation,1,48,16,D:\thesis\tables\opensource_da_48_54\checkpoints\48D\S1_train_I_test_all\bottleneck16\mlp\c-dann\seed_1.pt,D:\thesis\tables\opensource_da_48_54\posthoc_lr_bottleneck16\checkpoints\48D\S1_train_I_test_all\c-dann\seed_1.joblib,source labels only,selected checkpoint; no refit,C=1.0;class_weight=balanced;solver=lbfgs;max_iter=2000,"[[41, 39, 1], [18, 72, 6], [1, 8, 87]]",1.0,1.0,1.0,0.7326007326007326,0.7208076131687243,0.7223723997442063
48D,S1_train_I_test_all,uda,c-dann,bottleneck16,posthoc-sklearn-lr-on-frozen-mlp-representation,2,48,16,D:\thesis\tables\opensource_da_48_54\checkpoints\48D\S1_train_I_test_all\bottleneck16\mlp\c-dann\seed_2.pt,D:\thesis\tables\opensource_da_48_54\posthoc_lr_bottleneck16\checkpoints\48D\S1_train_I_test_all\c-dann\seed_2.joblib,source labels only,selected checkpoint; no refit,C=1.0;class_weight=balanced;solver=lbfgs;max_iter=2000,"[[43, 37, 1], [9, 86, 1], [3, 37, 56]]",1.0,1.0,1.0,0.6776556776556777,0.6700102880658436,0.6771668894830659
48D,S1_train_I_test_all,uda,c-dann,bottleneck16,posthoc-sklearn-lr-on-frozen-mlp-representation,3,48,16,D:\thesis\tables\opensource_da_48_54\checkpoints\48D\S1_train_I_test_all\bottleneck16\mlp\c-dann\seed_3.pt,D:\thesis\tables\opensource_da_48_54\posthoc_lr_bottleneck16\checkpoints\48D\S1_train_I_test_all\c-dann\seed_3.joblib,source labels only,selected checkpoint; no refit,C=1.0;class_weight=balanced;solver=lbfgs;max_iter=2000,"[[48, 31, 2], [12, 83, 1], [9, 39, 48]]",1.0,1.0,1.0,0.6556776556776557,0.652391975308642,0.6532426303854875
48D,S1_train_I_test_all,uda,c-dann,bottleneck16,posthoc-sklearn-lr-on-frozen-mlp-representation,4,48,16,D:\thesis\tables\opensource_da_48_54\checkpoints\48D\S1_train_I_test_all\bottleneck16\mlp\c-dann\seed_4.pt,D:\thesis\tables\opensource_da_48_54\posthoc_lr_bottleneck16\checkpoints\48D\S1_train_I_test_all\c-dann\seed_4.joblib,source labels only,selected checkpoint; no refit,C=1.0;class_weight=balanced;solver=lbfgs;max_iter=2000,"[[50, 31, 0], [1, 90, 5], [1, 39, 56]]",1.0,1.0,1.0,0.717948717948718,0.7127057613168725,0.7227934984754881
48D,S1_train_I_test_all,uda,cdan,bottleneck16,posthoc-sklearn-lr-on-frozen-mlp-representation,0,48,16,D:\thesis\tables\opensource_da_48_54\checkpoints\48D\S1_train_I_test_all\bottleneck16\mlp\cdan\seed_0.pt,D:\thesis\tables\opensource_da_48_54\posthoc_lr_bottleneck16\checkpoints\48D\S1_train_I_test_all\cdan\seed_0.joblib,source labels only,selected checkpoint; no refit,C=1.0;class_weight=balanced;solver=lbfgs;max_iter=2000,"[[60, 20, 1], [7, 88, 1], [1, 14, 81]]",1.0,1.0,1.0,0.8388278388278388,0.8337191358024691,0.8392455033396523
48D,S1_train_I_test_all,uda,cdan,bottleneck16,posthoc-sklearn-lr-on-frozen-mlp-representation,1,48,16,D:\thesis\tables\opensource_da_48_54\checkpoints\48D\S1_train_I_test_all\bottleneck16\mlp\cdan\seed_1.pt,D:\thesis\tables\opensource_da_48_54\posthoc_lr_bottleneck16\checkpoints\48D\S1_train_I_test_all\cdan\seed_1.joblib,source labels only,selected checkpoint; no refit,C=1.0;class_weight=balanced;solver=lbfgs;max_iter=2000,"[[48, 33, 0], [30, 61, 5], [4, 4, 88]]",1.0,1.0,1.0,0.7216117216117216,0.7148919753086419,0.7163466552710328
48D,S1_train_I_test_all,uda,cdan,bottleneck16,posthoc-sklearn-lr-on-frozen-mlp-representation,2,48,16,D:\thesis\tables\opensource_da_48_54\checkpoints\48D\S1_train_I_test_all\bottleneck16\mlp\cdan\seed_2.pt,D:\thesis\tables\opensource_da_48_54\posthoc_lr_bottleneck16\checkpoints\48D\S1_train_I_test_all\cdan\seed_2.joblib,source labels only,selected checkpoint; no refit,C=1.0;class_weight=balanced;solver=lbfgs;max_iter=2000,"[[47, 31, 3], [6, 83, 7], [5, 27, 64]]",1.0,1.0,1.0,0.7106227106227107,0.7038323045267489,0.7098740367348713
48D,S1_train_I_test_all,uda,cdan,bottleneck16,posthoc-sklearn-lr-on-frozen-mlp-representation,3,48,16,D:\thesis\tables\opensource_da_48_54\checkpoints\48D\S1_train_I_test_all\bottleneck16\mlp\cdan\seed_3.pt,D:\thesis\tables\opensource_da_48_54\posthoc_lr_bottleneck16\checkpoints\48D\S1_train_I_test_all\cdan\seed_3.joblib,source labels only,selected checkpoint; no refit,C=1.0;class_weight=balanced;solver=lbfgs;max_iter=2000,"[[38, 43, 0], [40, 55, 1], [15, 17, 64]]",1.0,1.0,1.0,0.575091575091575,0.5695730452674898,0.5843798931046776
48D,S1_train_I_test_all,uda,cdan,bottleneck16,posthoc-sklearn-lr-on-frozen-mlp-representation,4,48,16,D:\thesis\tables\opensource_da_48_54\checkpoints\48D\S1_train_I_test_all\bottleneck16\mlp\cdan\seed_4.pt,D:\thesis\tables\opensource_da_48_54\posthoc_lr_bottleneck16\checkpoints\48D\S1_train_I_test_all\cdan\seed_4.joblib,source labels only,selected checkpoint; no refit,C=1.0;class_weight=balanced;solver=lbfgs;max_iter=2000,"[[44, 37, 0], [5, 86, 5], [4, 25, 67]]",1.0,1.0,1.0,0.7216117216117216,0.7123199588477366,0.7197511661054602
48D,S1_train_I_test_all,uda,cdan+c-dann,bottleneck16,posthoc-sklearn-lr-on-frozen-mlp-representation,0,48,16,D:\thesis\tables\opensource_da_48_54\checkpoints\48D\S1_train_I_test_all\bottleneck16\mlp\cdan+c-dann\seed_0.pt,D:\thesis\tables\opensource_da_48_54\posthoc_lr_bottleneck16\checkpoints\48D\S1_train_I_test_all\cdan+c-dann\seed_0.joblib,source labels only,selected checkpoint; no refit,C=1.0;class_weight=balanced;solver=lbfgs;max_iter=2000,"[[42, 38, 1], [27, 62, 7], [10, 11, 75]]",1.0,1.0,1.0,0.6556776556776557,0.6485339506172839,0.654007547746921
48D,S1_train_I_test_all,uda,cdan+c-dann,bottleneck16,posthoc-sklearn-lr-on-frozen-mlp-representation,1,48,16,D:\thesis\tables\opensource_da_48_54\checkpoints\48D\S1_train_I_test_all\bottleneck16\mlp\cdan+c-dann\seed_1.pt,D:\thesis\tables\opensource_da_48_54\posthoc_lr_bottleneck16\checkpoints\48D\S1_train_I_test_all\cdan+c-dann\seed_1.joblib,source labels only,selected checkpoint; no refit,C=1.0;class_weight=balanced;solver=lbfgs;max_iter=2000,"[[39, 42, 0], [57, 39, 0], [7, 12, 77]]",1.0,1.0,1.0,0.5677655677655677,0.5632716049382717,0.5755949555270993
48D,S1_train_I_test_all,uda,cdan+c-dann,bottleneck16,posthoc-sklearn-lr-on-frozen-mlp-representation,2,48,16,D:\thesis\tables\opensource_da_48_54\checkpoints\48D\S1_train_I_test_all\bottleneck16\mlp\cdan+c-dann\seed_2.pt,D:\thesis\tables\opensource_da_48_54\posthoc_lr_bottleneck16\checkpoints\48D\S1_train_I_test_all\cdan+c-dann\seed_2.joblib,source labels only,selected checkpoint; no refit,C=1.0;class_weight=balanced;solver=lbfgs;max_iter=2000,"[[39, 41, 1], [30, 64, 2], [10, 17, 69]]",1.0,1.0,1.0,0.63003663003663,0.6222993827160493,0.6320281782437746
48D,S1_train_I_test_all,uda,cdan+c-dann,bottleneck16,posthoc-sklearn-lr-on-frozen-mlp-representation,3,48,16,D:\thesis\tables\opensource_da_48_54\checkpoints\48D\S1_train_I_test_all\bottleneck16\mlp\cdan+c-dann\seed_3.pt,D:\thesis\tables\opensource_da_48_54\posthoc_lr_bottleneck16\checkpoints\48D\S1_train_I_test_all\cdan+c-dann\seed_3.joblib,source labels only,selected checkpoint; no refit,C=1.0;class_weight=balanced;solver=lbfgs;max_iter=2000,"[[54, 23, 4], [4, 84, 8], [0, 18, 78]]",1.0,1.0,1.0,0.7912087912087912,0.7847222222222222,0.791956363386885
48D,S1_train_I_test_all,uda,cdan+c-dann,bottleneck16,posthoc-sklearn-lr-on-frozen-mlp-representation,4,48,16,D:\thesis\tables\opensource_da_48_54\checkpoints\48D\S1_train_I_test_all\bottleneck16\mlp\cdan+c-dann\seed_4.pt,D:\thesis\tables\opensource_da_48_54\posthoc_lr_bottleneck16\checkpoints\48D\S1_train_I_test_all\cdan+c-dann\seed_4.joblib,source labels only,selected checkpoint; no refit,C=1.0;class_weight=balanced;solver=lbfgs;max_iter=2000,"[[55, 26, 0], [2, 92, 2], [2, 24, 70]]",1.0,1.0,1.0,0.7948717948717948,0.7888374485596708,0.7973856209150326
48D,S1_train_I_test_all,uda,dann,bottleneck16,posthoc-sklearn-lr-on-frozen-mlp-representation,0,48,16,D:\thesis\tables\opensource_da_48_54\checkpoints\48D\S1_train_I_test_all\bottleneck16\mlp\dann\seed_0.pt,D:\thesis\tables\opensource_da_48_54\posthoc_lr_bottleneck16\checkpoints\48D\S1_train_I_test_all\dann\seed_0.joblib,source labels only,selected checkpoint; no refit,C=1.0;class_weight=balanced;solver=lbfgs;max_iter=2000,"[[54, 26, 1], [8, 83, 5], [6, 21, 69]]",1.0,1.0,1.0,0.7545787545787546,0.75,0.7554543443203442
48D,S1_train_I_test_all,uda,dann,bottleneck16,posthoc-sklearn-lr-on-frozen-mlp-representation,1,48,16,D:\thesis\tables\opensource_da_48_54\checkpoints\48D\S1_train_I_test_all\bottleneck16\mlp\dann\seed_1.pt,D:\thesis\tables\opensource_da_48_54\posthoc_lr_bottleneck16\checkpoints\48D\S1_train_I_test_all\dann\seed_1.joblib,source labels only,selected checkpoint; no refit,C=1.0;class_weight=balanced;solver=lbfgs;max_iter=2000,"[[40, 38, 3], [0, 95, 1], [5, 23, 68]]",1.0,1.0,1.0,0.7435897435897436,0.7305812757201647,0.7328042328042329
48D,S1_train_I_test_all,uda,dann,bottleneck16,posthoc-sklearn-lr-on-frozen-mlp-representation,2,48,16,D:\thesis\tables\opensource_da_48_54\checkpoints\48D\S1_train_I_test_all\bottleneck16\mlp\dann\seed_2.pt,D:\thesis\tables\opensource_da_48_54\posthoc_lr_bottleneck16\checkpoints\48D\S1_train_I_test_all\dann\seed_2.joblib,source labels only,selected checkpoint; no refit,C=1.0;class_weight=balanced;solver=lbfgs;max_iter=2000,"[[49, 31, 1], [17, 77, 2], [7, 9, 80]]",1.0,1.0,1.0,0.7545787545787546,0.7467849794238685,0.751074359934223
48D,S1_train_I_test_all,uda,dann,bottleneck16,posthoc-sklearn-lr-on-frozen-mlp-representation,3,48,16,D:\thesis\tables\opensource_da_48_54\checkpoints\48D\S1_train_I_test_all\bottleneck16\mlp\dann\seed_3.pt,D:\thesis\tables\opensource_da_48_54\posthoc_lr_bottleneck16\checkpoints\48D\S1_train_I_test_all\dann\seed_3.joblib,source labels only,selected checkpoint; no refit,C=1.0;class_weight=balanced;solver=lbfgs;max_iter=2000,"[[54, 27, 0], [13, 81, 2], [6, 5, 85]]",1.0,1.0,1.0,0.8058608058608059,0.798611111111111,0.8017933557191538
48D,S1_train_I_test_all,uda,dann,bottleneck16,posthoc-sklearn-lr-on-frozen-mlp-representation,4,48,16,D:\thesis\tables\opensource_da_48_54\checkpoints\48D\S1_train_I_test_all\bottleneck16\mlp\dann\seed_4.pt,D:\thesis\tables\opensource_da_48_54\posthoc_lr_bottleneck16\checkpoints\48D\S1_train_I_test_all\dann\seed_4.joblib,source labels only,selected checkpoint; no refit,C=1.0;class_weight=balanced;solver=lbfgs;max_iter=2000,"[[57, 23, 1], [11, 83, 2], [3, 28, 65]]",1.0,1.0,1.0,0.7509157509157509,0.7484567901234569,0.7548073524213503
48D,S1_train_I_test_all,uda,deep-coral,bottleneck16,posthoc-sklearn-lr-on-frozen-mlp-representation,0,48,16,D:\thesis\tables\opensource_da_48_54\checkpoints\48D\S1_train_I_test_all\bottleneck16\mlp\deep-coral\seed_0.pt,D:\thesis\tables\opensource_da_48_54\posthoc_lr_bottleneck16\checkpoints\48D\S1_train_I_test_all\deep-coral\seed_0.joblib,source labels only,selected checkpoint; no refit,C=1.0;class_weight=balanced;solver=lbfgs;max_iter=2000,"[[53, 27, 1], [20, 70, 6], [3, 24, 69]]",1.0,1.0,1.0,0.7032967032967034,0.7007458847736626,0.7075487024622397
48D,S1_train_I_test_all,uda,deep-coral,bottleneck16,posthoc-sklearn-lr-on-frozen-mlp-representation,1,48,16,D:\thesis\tables\opensource_da_48_54\checkpoints\48D\S1_train_I_test_all\bottleneck16\mlp\deep-coral\seed_1.pt,D:\thesis\tables\opensource_da_48_54\posthoc_lr_bottleneck16\checkpoints\48D\S1_train_I_test_all\deep-coral\seed_1.joblib,source labels only,selected checkpoint; no refit,C=1.0;class_weight=balanced;solver=lbfgs;max_iter=2000,"[[56, 24, 1], [31, 60, 5], [6, 17, 73]]",1.0,1.0,1.0,0.6923076923076923,0.6922582304526749,0.6957003103476062
48D,S1_train_I_test_all,uda,deep-coral,bottleneck16,posthoc-sklearn-lr-on-frozen-mlp-representation,2,48,16,D:\thesis\tables\opensource_da_48_54\checkpoints\48D\S1_train_I_test_all\bottleneck16\mlp\deep-coral\seed_2.pt,D:\thesis\tables\opensource_da_48_54\posthoc_lr_bottleneck16\checkpoints\48D\S1_train_I_test_all\deep-coral\seed_2.joblib,source labels only,selected checkpoint; no refit,C=1.0;class_weight=balanced;solver=lbfgs;max_iter=2000,"[[53, 28, 0], [22, 67, 7], [5, 18, 73]]",1.0,1.0,1.0,0.706959706959707,0.7042181069958847,0.7096929576906694
48D,S1_train_I_test_all,uda,deep-coral,bottleneck16,posthoc-sklearn-lr-on-frozen-mlp-representation,3,48,16,D:\thesis\tables\opensource_da_48_54\checkpoints\48D\S1_train_I_test_all\bottleneck16\mlp\deep-coral\seed_3.pt,D:\thesis\tables\opensource_da_48_54\posthoc_lr_bottleneck16\checkpoints\48D\S1_train_I_test_all\deep-coral\seed_3.joblib,source labels only,selected checkpoint; no refit,C=1.0;class_weight=balanced;solver=lbfgs;max_iter=2000,"[[46, 33, 2], [27, 63, 6], [13, 29, 54]]",1.0,1.0,1.0,0.5970695970695971,0.5955504115226337,0.6015260846655393
48D,S1_train_I_test_all,uda,deep-coral,bottleneck16,posthoc-sklearn-lr-on-frozen-mlp-representation,4,48,16,D:\thesis\tables\opensource_da_48_54\checkpoints\48D\S1_train_I_test_all\bottleneck16\mlp\deep-coral\seed_4.pt,D:\thesis\tables\opensource_da_48_54\posthoc_lr_bottleneck16\checkpoints\48D\S1_train_I_test_all\deep-coral\seed_4.joblib,source labels only,selected checkpoint; no refit,C=1.0;class_weight=balanced;solver=lbfgs;max_iter=2000,"[[42, 38, 1], [6, 87, 3], [1, 17, 78]]",1.0,1.0,1.0,0.7582417582417582,0.7457561728395062,0.7512169258368862
48D,S1_train_I_test_all,uda,mk-mmd,bottleneck16,posthoc-sklearn-lr-on-frozen-mlp-representation,0,48,16,D:\thesis\tables\opensource_da_48_54\checkpoints\48D\S1_train_I_test_all\bottleneck16\mlp\mk-mmd\seed_0.pt,D:\thesis\tables\opensource_da_48_54\posthoc_lr_bottleneck16\checkpoints\48D\S1_train_I_test_all\mk-mmd\seed_0.joblib,source labels only,selected checkpoint; no refit,C=1.0;class_weight=balanced;solver=lbfgs;max_iter=2000,"[[57, 23, 1], [15, 80, 1], [6, 14, 76]]",1.0,1.0,1.0,0.7802197802197802,0.7762345679012346,0.7805726864621546
48D,S1_train_I_test_all,uda,mk-mmd,bottleneck16,posthoc-sklearn-lr-on-frozen-mlp-representation,1,48,16,D:\thesis\tables\opensource_da_48_54\checkpoints\48D\S1_train_I_test_all\bottleneck16\mlp\mk-mmd\seed_1.pt,D:\thesis\tables\opensource_da_48_54\posthoc_lr_bottleneck16\checkpoints\48D\S1_train_I_test_all\mk-mmd\seed_1.joblib,source labels only,selected checkpoint; no refit,C=1.0;class_weight=balanced;solver=lbfgs;max_iter=2000,"[[43, 33, 5], [9, 83, 4], [3, 11, 82]]",1.0,1.0,1.0,0.7619047619047619,0.7498713991769548,0.751250969201378
48D,S1_train_I_test_all,uda,mk-mmd,bottleneck16,posthoc-sklearn-lr-on-frozen-mlp-representation,2,48,16,D:\thesis\tables\opensource_da_48_54\checkpoints\48D\S1_train_I_test_all\bottleneck16\mlp\mk-mmd\seed_2.pt,D:\thesis\tables\opensource_da_48_54\posthoc_lr_bottleneck16\checkpoints\48D\S1_train_I_test_all\mk-mmd\seed_2.joblib,source labels only,selected checkpoint; no refit,C=1.0;class_weight=balanced;solver=lbfgs;max_iter=2000,"[[50, 30, 1], [13, 77, 6], [4, 8, 84]]",1.0,1.0,1.0,0.7728937728937729,0.7647890946502057,0.7679764058353409
48D,S1_train_I_test_all,uda,mk-mmd,bottleneck16,posthoc-sklearn-lr-on-frozen-mlp-representation,3,48,16,D:\thesis\tables\opensource_da_48_54\checkpoints\48D\S1_train_I_test_all\bottleneck16\mlp\mk-mmd\seed_3.pt,D:\thesis\tables\opensource_da_48_54\posthoc_lr_bottleneck16\checkpoints\48D\S1_train_I_test_all\mk-mmd\seed_3.joblib,source labels only,selected checkpoint; no refit,C=1.0;class_weight=balanced;solver=lbfgs;max_iter=2000,"[[45, 35, 1], [35, 57, 4], [6, 13, 77]]",1.0,1.0,1.0,0.6556776556776557,0.6504629629629629,0.6570849580396477
48D,S1_train_I_test_all,uda,mk-mmd,bottleneck16,posthoc-sklearn-lr-on-frozen-mlp-representation,4,48,16,D:\thesis\tables\opensource_da_48_54\checkpoints\48D\S1_train_I_test_all\bottleneck16\mlp\mk-mmd\seed_4.pt,D:\thesis\tables\opensource_da_48_54\posthoc_lr_bottleneck16\checkpoints\48D\S1_train_I_test_all\mk-mmd\seed_4.joblib,source labels only,selected checkpoint; no refit,C=1.0;class_weight=balanced;solver=lbfgs;max_iter=2000,"[[46, 34, 1], [14, 82, 0], [8, 11, 77]]",1.0,1.0,1.0,0.7509157509157509,0.741383744855967,0.7459777148875025
48D,S1_train_I_test_all,uda,source-only,bottleneck16,posthoc-sklearn-lr-on-frozen-mlp-representation,0,48,16,D:\thesis\tables\opensource_da_48_54\checkpoints\48D\S1_train_I_test_all\bottleneck16\mlp\source-only\seed_0.pt,D:\thesis\tables\opensource_da_48_54\posthoc_lr_bottleneck16\checkpoints\48D\S1_train_I_test_all\source-only\seed_0.joblib,source labels only,selected checkpoint; no refit,C=1.0;class_weight=balanced;solver=lbfgs;max_iter=2000,"[[45, 26, 10], [32, 48, 16], [25, 5, 66]]",1.0,1.0,1.0,0.5824175824175825,0.5810185185185185,0.5808341222781405
48D,S1_train_I_test_all,uda,source-only,bottleneck16,posthoc-sklearn-lr-on-frozen-mlp-representation,1,48,16,D:\thesis\tables\opensource_da_48_54\checkpoints\48D\S1_train_I_test_all\bottleneck16\mlp\source-only\seed_1.pt,D:\thesis\tables\opensource_da_48_54\posthoc_lr_bottleneck16\checkpoints\48D\S1_train_I_test_all\source-only\seed_1.joblib,source labels only,selected checkpoint; no refit,C=1.0;class_weight=balanced;solver=lbfgs;max_iter=2000,"[[48, 33, 0], [20, 61, 15], [2, 18, 76]]",1.0,1.0,1.0,0.6776556776556777,0.6732253086419752,0.6783780918471218
48D,S1_train_I_test_all,uda,source-only,bottleneck16,posthoc-sklearn-lr-on-frozen-mlp-representation,2,48,16,D:\thesis\tables\opensource_da_48_54\checkpoints\48D\S1_train_I_test_all\bottleneck16\mlp\source-only\seed_2.pt,D:\thesis\tables\opensource_da_48_54\posthoc_lr_bottleneck16\checkpoints\48D\S1_train_I_test_all\source-only\seed_2.joblib,source labels only,selected checkpoint; no refit,C=1.0;class_weight=balanced;solver=lbfgs;max_iter=2000,"[[56, 21, 4], [21, 58, 17], [7, 9, 80]]",1.0,1.0,1.0,0.7106227106227107,0.709619341563786,0.7071351341711086
48D,S1_train_I_test_all,uda,source-only,bottleneck16,posthoc-sklearn-lr-on-frozen-mlp-representation,3,48,16,D:\thesis\tables\opensource_da_48_54\checkpoints\48D\S1_train_I_test_all\bottleneck16\mlp\source-only\seed_3.pt,D:\thesis\tables\opensource_da_48_54\posthoc_lr_bottleneck16\checkpoints\48D\S1_train_I_test_all\source-only\seed_3.joblib,source labels only,selected checkpoint; no refit,C=1.0;class_weight=balanced;solver=lbfgs;max_iter=2000,"[[42, 33, 6], [18, 72, 6], [5, 27, 64]]",1.0,1.0,1.0,0.652014652014652,0.6450617283950617,0.6503691532111578
48D,S1_train_I_test_all,uda,source-only,bottleneck16,posthoc-sklearn-lr-on-frozen-mlp-representation,4,48,16,D:\thesis\tables\opensource_da_48_54\checkpoints\48D\S1_train_I_test_all\bottleneck16\mlp\source-only\seed_4.pt,D:\thesis\tables\opensource_da_48_54\posthoc_lr_bottleneck16\checkpoints\48D\S1_train_I_test_all\source-only\seed_4.joblib,source labels only,selected checkpoint; no refit,C=1.0;class_weight=balanced;solver=lbfgs;max_iter=2000,"[[58, 23, 0], [6, 88, 2], [0, 35, 61]]",1.0,1.0,1.0,0.7582417582417582,0.7560442386831275,0.7648561082523347
48D,S2_train_I_internal_val_test_all,uda,c-dann,bottleneck16,posthoc-sklearn-lr-on-frozen-mlp-representation,0,48,16,D:\thesis\tables\opensource_da_48_54\checkpoints\48D\S2_train_I_internal_val_test_all\bottleneck16\mlp\c-dann\seed_0.pt,D:\thesis\tables\opensource_da_48_54\posthoc_lr_bottleneck16\checkpoints\48D\S2_train_I_internal_val_test_all\c-dann\seed_0.joblib,source train + source validation labels,source train+validation refit,C=1.0;class_weight=balanced;solver=lbfgs;max_iter=2000,"[[53, 27, 1], [17, 76, 3], [1, 21, 74]]",1.0,1.0,1.0,0.7435897435897436,0.738940329218107,0.7462840748684668
48D,S2_train_I_internal_val_test_all,uda,c-dann,bottleneck16,posthoc-sklearn-lr-on-frozen-mlp-representation,1,48,16,D:\thesis\tables\opensource_da_48_54\checkpoints\48D\S2_train_I_internal_val_test_all\bottleneck16\mlp\c-dann\seed_1.pt,D:\thesis\tables\opensource_da_48_54\posthoc_lr_bottleneck16\checkpoints\48D\S2_train_I_internal_val_test_all\c-dann\seed_1.joblib,source train + source validation labels,source train+validation refit,C=1.0;class_weight=balanced;solver=lbfgs;max_iter=2000,"[[59, 21, 1], [6, 87, 3], [3, 43, 50]]",1.0,1.0,1.0,0.717948717948718,0.7184927983539096,0.7210221388956818
48D,S2_train_I_internal_val_test_all,uda,c-dann,bottleneck16,posthoc-sklearn-lr-on-frozen-mlp-representation,2,48,16,D:\thesis\tables\opensource_da_48_54\checkpoints\48D\S2_train_I_internal_val_test_all\bottleneck16\mlp\c-dann\seed_2.pt,D:\thesis\tables\opensource_da_48_54\posthoc_lr_bottleneck16\checkpoints\48D\S2_train_I_internal_val_test_all\c-dann\seed_2.joblib,source train + source validation labels,source train+validation refit,C=1.0;class_weight=balanced;solver=lbfgs;max_iter=2000,"[[46, 34, 1], [20, 72, 4], [2, 18, 76]]",1.0,1.0,1.0,0.7106227106227107,0.7031893004115225,0.7102507270406258
48D,S2_train_I_internal_val_test_all,uda,c-dann,bottleneck16,posthoc-sklearn-lr-on-frozen-mlp-representation,3,48,16,D:\thesis\tables\opensource_da_48_54\checkpoints\48D\S2_train_I_internal_val_test_all\bottleneck16\mlp\c-dann\seed_3.pt,D:\thesis\tables\opensource_da_48_54\posthoc_lr_bottleneck16\checkpoints\48D\S2_train_I_internal_val_test_all\c-dann\seed_3.joblib,source train + source validation labels,source train+validation refit,C=1.0;class_weight=balanced;solver=lbfgs;max_iter=2000,"[[38, 33, 10], [4, 64, 28], [2, 21, 73]]",1.0,1.0,1.0,0.6410256410256411,0.6320730452674898,0.6371482835944436
48D,S2_train_I_internal_val_test_all,uda,c-dann,bottleneck16,posthoc-sklearn-lr-on-frozen-mlp-representation,4,48,16,D:\thesis\tables\opensource_da_48_54\checkpoints\48D\S2_train_I_internal_val_test_all\bottleneck16\mlp\c-dann\seed_4.pt,D:\thesis\tables\opensource_da_48_54\posthoc_lr_bottleneck16\checkpoints\48D\S2_train_I_internal_val_test_all\c-dann\seed_4.joblib,source train + source validation labels,source train+validation refit,C=1.0;class_weight=balanced;solver=lbfgs;max_iter=2000,"[[36, 39, 6], [1, 92, 3], [0, 18, 78]]",1.0,1.0,1.0,0.7545787545787546,0.7384259259259259,0.7378829720273772
48D,S2_train_I_internal_val_test_all,uda,cdan,bottleneck16,posthoc-sklearn-lr-on-frozen-mlp-representation,0,48,16,D:\thesis\tables\opensource_da_48_54\checkpoints\48D\S2_train_I_internal_val_test_all\bottleneck16\mlp\cdan\seed_0.pt,D:\thesis\tables\opensource_da_48_54\posthoc_lr_bottleneck16\checkpoints\48D\S2_train_I_internal_val_test_all\cdan\seed_0.joblib,source train + source validation labels,source train+validation refit,C=1.0;class_weight=balanced;solver=lbfgs;max_iter=2000,"[[36, 45, 0], [62, 34, 0], [16, 8, 72]]",1.0,1.0,1.0,0.5201465201465202,0.5162037037037037,0.5326527752757261
48D,S2_train_I_internal_val_test_all,uda,cdan,bottleneck16,posthoc-sklearn-lr-on-frozen-mlp-representation,1,48,16,D:\thesis\tables\opensource_da_48_54\checkpoints\48D\S2_train_I_internal_val_test_all\bottleneck16\mlp\cdan\seed_1.pt,D:\thesis\tables\opensource_da_48_54\posthoc_lr_bottleneck16\checkpoints\48D\S2_train_I_internal_val_test_all\cdan\seed_1.joblib,source train + source validation labels,source train+validation refit,C=1.0;class_weight=balanced;solver=lbfgs;max_iter=2000,"[[60, 21, 0], [16, 72, 8], [3, 13, 80]]",1.0,1.0,1.0,0.7765567765567766,0.7746913580246914,0.7774788348400058
48D,S2_train_I_internal_val_test_all,uda,cdan,bottleneck16,posthoc-sklearn-lr-on-frozen-mlp-representation,2,48,16,D:\thesis\tables\opensource_da_48_54\checkpoints\48D\S2_train_I_internal_val_test_all\bottleneck16\mlp\cdan\seed_2.pt,D:\thesis\tables\opensource_da_48_54\posthoc_lr_bottleneck16\checkpoints\48D\S2_train_I_internal_val_test_all\cdan\seed_2.joblib,source train + source validation labels,source train+validation refit,C=1.0;class_weight=balanced;solver=lbfgs;max_iter=2000,"[[56, 25, 0], [12, 83, 1], [8, 16, 72]]",1.0,1.0,1.0,0.7728937728937729,0.7686471193415638,0.7733307522136528
48D,S2_train_I_internal_val_test_all,uda,cdan,bottleneck16,posthoc-sklearn-lr-on-frozen-mlp-representation,3,48,16,D:\thesis\tables\opensource_da_48_54\checkpoints\48D\S2_train_I_internal_val_test_all\bottleneck16\mlp\cdan\seed_3.pt,D:\thesis\tables\opensource_da_48_54\posthoc_lr_bottleneck16\checkpoints\48D\S2_train_I_internal_val_test_all\cdan\seed_3.joblib,source train + source validation labels,source train+validation refit,C=1.0;class_weight=balanced;solver=lbfgs;max_iter=2000,"[[52, 25, 4], [8, 80, 8], [3, 28, 65]]",1.0,1.0,1.0,0.7216117216117216,0.7174639917695473,0.7241190884197675
48D,S2_train_I_internal_val_test_all,uda,cdan,bottleneck16,posthoc-sklearn-lr-on-frozen-mlp-representation,4,48,16,D:\thesis\tables\opensource_da_48_54\checkpoints\48D\S2_train_I_internal_val_test_all\bottleneck16\mlp\cdan\seed_4.pt,D:\thesis\tables\opensource_da_48_54\posthoc_lr_bottleneck16\checkpoints\48D\S2_train_I_internal_val_test_all\cdan\seed_4.joblib,source train + source validation labels,source train+validation refit,C=1.0;class_weight=balanced;solver=lbfgs;max_iter=2000,"[[51, 28, 2], [9, 80, 7], [0, 24, 72]]",1.0,1.0,1.0,0.7435897435897436,0.7376543209876543,0.7462393211059865
48D,S2_train_I_internal_val_test_all,uda,cdan+c-dann,bottleneck16,posthoc-sklearn-lr-on-frozen-mlp-representation,0,48,16,D:\thesis\tables\opensource_da_48_54\checkpoints\48D\S2_train_I_internal_val_test_all\bottleneck16\mlp\cdan+c-dann\seed_0.pt,D:\thesis\tables\opensource_da_48_54\posthoc_lr_bottleneck16\checkpoints\48D\S2_train_I_internal_val_test_all\cdan+c-dann\seed_0.joblib,source train + source validation labels,source train+validation refit,C=1.0;class_weight=balanced;solver=lbfgs;max_iter=2000,"[[53, 28, 0], [2, 94, 0], [2, 7, 87]]",1.0,1.0,1.0,0.8571428571428571,0.8465792181069959,0.8514970565718961
48D,S2_train_I_internal_val_test_all,uda,cdan+c-dann,bottleneck16,posthoc-sklearn-lr-on-frozen-mlp-representation,1,48,16,D:\thesis\tables\opensource_da_48_54\checkpoints\48D\S2_train_I_internal_val_test_all\bottleneck16\mlp\cdan+c-dann\seed_1.pt,D:\thesis\tables\opensource_da_48_54\posthoc_lr_bottleneck16\checkpoints\48D\S2_train_I_internal_val_test_all\cdan+c-dann\seed_1.joblib,source train + source validation labels,source train+validation refit,C=1.0;class_weight=balanced;solver=lbfgs;max_iter=2000,"[[54, 27, 0], [18, 76, 2], [7, 15, 74]]",1.0,1.0,1.0,0.7472527472527473,0.7430555555555555,0.7485818300369486
48D,S2_train_I_internal_val_test_all,uda,cdan+c-dann,bottleneck16,posthoc-sklearn-lr-on-frozen-mlp-representation,2,48,16,D:\thesis\tables\opensource_da_48_54\checkpoints\48D\S2_train_I_internal_val_test_all\bottleneck16\mlp\cdan+c-dann\seed_2.pt,D:\thesis\tables\opensource_da_48_54\posthoc_lr_bottleneck16\checkpoints\48D\S2_train_I_internal_val_test_all\cdan+c-dann\seed_2.joblib,source train + source validation labels,source train+validation refit,C=1.0;class_weight=balanced;solver=lbfgs;max_iter=2000,"[[46, 32, 3], [11, 78, 7], [0, 16, 80]]",0.9666666666666668,0.9444444444444444,0.9563636363636364,0.7472527472527473,0.7379115226337448,0.7431948077109367
48D,S2_train_I_internal_val_test_all,uda,cdan+c-dann,bottleneck16,posthoc-sklearn-lr-on-frozen-mlp-representation,3,48,16,D:\thesis\tables\opensource_da_48_54\checkpoints\48D\S2_train_I_internal_val_test_all\bottleneck16\mlp\cdan+c-dann\seed_3.pt,D:\thesis\tables\opensource_da_48_54\posthoc_lr_bottleneck16\checkpoints\48D\S2_train_I_internal_val_test_all\cdan+c-dann\seed_3.joblib,source train + source validation labels,source train+validation refit,C=1.0;class_weight=balanced;solver=lbfgs;max_iter=2000,"[[51, 28, 2], [19, 71, 6], [4, 39, 53]]",1.0,1.0,1.0,0.6410256410256411,0.6404320987654321,0.646687119545143
48D,S2_train_I_internal_val_test_all,uda,cdan+c-dann,bottleneck16,posthoc-sklearn-lr-on-frozen-mlp-representation,4,48,16,D:\thesis\tables\opensource_da_48_54\checkpoints\48D\S2_train_I_internal_val_test_all\bottleneck16\mlp\cdan+c-dann\seed_4.pt,D:\thesis\tables\opensource_da_48_54\posthoc_lr_bottleneck16\checkpoints\48D\S2_train_I_internal_val_test_all\cdan+c-dann\seed_4.joblib,source train + source validation labels,source train+validation refit,C=1.0;class_weight=balanced;solver=lbfgs;max_iter=2000,"[[57, 23, 1], [1, 95, 0], [1, 23, 72]]",1.0,1.0,1.0,0.8205128205128205,0.8144290123456791,0.8226814946386515
48D,S2_train_I_internal_val_test_all,uda,dann,bottleneck16,posthoc-sklearn-lr-on-frozen-mlp-representation,0,48,16,D:\thesis\tables\opensource_da_48_54\checkpoints\48D\S2_train_I_internal_val_test_all\bottleneck16\mlp\dann\seed_0.pt,D:\thesis\tables\opensource_da_48_54\posthoc_lr_bottleneck16\checkpoints\48D\S2_train_I_internal_val_test_all\dann\seed_0.joblib,source train + source validation labels,source train+validation refit,C=1.0;class_weight=balanced;solver=lbfgs;max_iter=2000,"[[55, 25, 1], [10, 84, 2], [6, 28, 62]]",1.0,1.0,1.0,0.7362637362637363,0.7332818930041153,0.7383001962828325
48D,S2_train_I_internal_val_test_all,uda,dann,bottleneck16,posthoc-sklearn-lr-on-frozen-mlp-representation,1,48,16,D:\thesis\tables\opensource_da_48_54\checkpoints\48D\S2_train_I_internal_val_test_all\bottleneck16\mlp\dann\seed_1.pt,D:\thesis\tables\opensource_da_48_54\posthoc_lr_bottleneck16\checkpoints\48D\S2_train_I_internal_val_test_all\dann\seed_1.joblib,source train + source validation labels,source train+validation refit,C=1.0;class_weight=balanced;solver=lbfgs;max_iter=2000,"[[43, 38, 0], [48, 44, 4], [7, 10, 79]]",1.0,1.0,1.0,0.608058608058608,0.6040380658436214,0.6104045326676969
48D,S2_train_I_internal_val_test_all,uda,dann,bottleneck16,posthoc-sklearn-lr-on-frozen-mlp-representation,2,48,16,D:\thesis\tables\opensource_da_48_54\checkpoints\48D\S2_train_I_internal_val_test_all\bottleneck16\mlp\dann\seed_2.pt,D:\thesis\tables\opensource_da_48_54\posthoc_lr_bottleneck16\checkpoints\48D\S2_train_I_internal_val_test_all\dann\seed_2.joblib,source train + source validation labels,source train+validation refit,C=1.0;class_weight=balanced;solver=lbfgs;max_iter=2000,"[[48, 31, 2], [12, 83, 1], [4, 21, 71]]",1.0,1.0,1.0,0.73992673992674,0.7322530864197532,0.7386592672596729
48D,S2_train_I_internal_val_test_all,uda,dann,bottleneck16,posthoc-sklearn-lr-on-frozen-mlp-representation,3,48,16,D:\thesis\tables\opensource_da_48_54\checkpoints\48D\S2_train_I_internal_val_test_all\bottleneck16\mlp\dann\seed_3.pt,D:\thesis\tables\opensource_da_48_54\posthoc_lr_bottleneck16\checkpoints\48D\S2_train_I_internal_val_test_all\dann\seed_3.joblib,source train + source validation labels,source train+validation refit,C=1.0;class_weight=balanced;solver=lbfgs;max_iter=2000,"[[49, 31, 1], [14, 77, 5], [8, 18, 70]]",1.0,1.0,1.0,0.717948717948718,0.7120627572016461,0.71746134139035
48D,S2_train_I_internal_val_test_all,uda,dann,bottleneck16,posthoc-sklearn-lr-on-frozen-mlp-representation,4,48,16,D:\thesis\tables\opensource_da_48_54\checkpoints\48D\S2_train_I_internal_val_test_all\bottleneck16\mlp\dann\seed_4.pt,D:\thesis\tables\opensource_da_48_54\posthoc_lr_bottleneck16\checkpoints\48D\S2_train_I_internal_val_test_all\dann\seed_4.joblib,source train + source validation labels,source train+validation refit,C=1.0;class_weight=balanced;solver=lbfgs;max_iter=2000,"[[50, 29, 2], [15, 66, 15], [1, 28, 67]]",1.0,1.0,1.0,0.6703296703296703,0.6675668724279835,0.6758187597717931
48D,S2_train_I_internal_val_test_all,uda,deep-coral,bottleneck16,posthoc-sklearn-lr-on-frozen-mlp-representation,0,48,16,D:\thesis\tables\opensource_da_48_54\checkpoints\48D\S2_train_I_internal_val_test_all\bottleneck16\mlp\deep-coral\seed_0.pt,D:\thesis\tables\opensource_da_48_54\posthoc_lr_bottleneck16\checkpoints\48D\S2_train_I_internal_val_test_all\deep-coral\seed_0.joblib,source train + source validation labels,source train+validation refit,C=1.0;class_weight=balanced;solver=lbfgs;max_iter=2000,"[[53, 26, 2], [15, 70, 11], [1, 14, 81]]",0.9666666666666668,0.9722222222222222,0.9721739130434782,0.7472527472527473,0.7424125514403292,0.746303298699824
48D,S2_train_I_internal_val_test_all,uda,deep-coral,bottleneck16,posthoc-sklearn-lr-on-frozen-mlp-representation,1,48,16,D:\thesis\tables\opensource_da_48_54\checkpoints\48D\S2_train_I_internal_val_test_all\bottleneck16\mlp\deep-coral\seed_1.pt,D:\thesis\tables\opensource_da_48_54\posthoc_lr_bottleneck16\checkpoints\48D\S2_train_I_internal_val_test_all\deep-coral\seed_1.joblib,source train + source validation labels,source train+validation refit,C=1.0;class_weight=balanced;solver=lbfgs;max_iter=2000,"[[52, 27, 2], [9, 42, 45], [2, 14, 80]]",0.9333333333333332,0.9166666666666666,0.9166666666666666,0.6373626373626373,0.6376028806584362,0.6363282514922167
48D,S2_train_I_internal_val_test_all,uda,deep-coral,bottleneck16,posthoc-sklearn-lr-on-frozen-mlp-representation,2,48,16,D:\thesis\tables\opensource_da_48_54\checkpoints\48D\S2_train_I_internal_val_test_all\bottleneck16\mlp\deep-coral\seed_2.pt,D:\thesis\tables\opensource_da_48_54\posthoc_lr_bottleneck16\checkpoints\48D\S2_train_I_internal_val_test_all\deep-coral\seed_2.joblib,source train + source validation labels,source train+validation refit,C=1.0;class_weight=balanced;solver=lbfgs;max_iter=2000,"[[52, 29, 0], [17, 63, 16], [3, 14, 79]]",1.0,1.0,1.0,0.7106227106227107,0.7070473251028807,0.7102420230730598
48D,S2_train_I_internal_val_test_all,uda,deep-coral,bottleneck16,posthoc-sklearn-lr-on-frozen-mlp-representation,3,48,16,D:\thesis\tables\opensource_da_48_54\checkpoints\48D\S2_train_I_internal_val_test_all\bottleneck16\mlp\deep-coral\seed_3.pt,D:\thesis\tables\opensource_da_48_54\posthoc_lr_bottleneck16\checkpoints\48D\S2_train_I_internal_val_test_all\deep-coral\seed_3.joblib,source train + source validation labels,source train+validation refit,C=1.0;class_weight=balanced;solver=lbfgs;max_iter=2000,"[[39, 31, 11], [17, 71, 8], [5, 22, 69]]",1.0,1.0,1.0,0.6556776556776557,0.6466049382716049,0.648250106700811
48D,S2_train_I_internal_val_test_all,uda,deep-coral,bottleneck16,posthoc-sklearn-lr-on-frozen-mlp-representation,4,48,16,D:\thesis\tables\opensource_da_48_54\checkpoints\48D\S2_train_I_internal_val_test_all\bottleneck16\mlp\deep-coral\seed_4.pt,D:\thesis\tables\opensource_da_48_54\posthoc_lr_bottleneck16\checkpoints\48D\S2_train_I_internal_val_test_all\deep-coral\seed_4.joblib,source train + source validation labels,source train+validation refit,C=1.0;class_weight=balanced;solver=lbfgs;max_iter=2000,"[[51, 28, 2], [15, 76, 5], [1, 22, 73]]",1.0,1.0,1.0,0.7326007326007326,0.7272376543209876,0.7344731094731095
48D,S2_train_I_internal_val_test_all,uda,mk-mmd,bottleneck16,posthoc-sklearn-lr-on-frozen-mlp-representation,0,48,16,D:\thesis\tables\opensource_da_48_54\checkpoints\48D\S2_train_I_internal_val_test_all\bottleneck16\mlp\mk-mmd\seed_0.pt,D:\thesis\tables\opensource_da_48_54\posthoc_lr_bottleneck16\checkpoints\48D\S2_train_I_internal_val_test_all\mk-mmd\seed_0.joblib,source train + source validation labels,source train+validation refit,C=1.0;class_weight=balanced;solver=lbfgs;max_iter=2000,"[[34, 47, 0], [10, 56, 30], [1, 13, 82]]",0.9,0.8888888888888888,0.8899516908212561,0.63003663003663,0.6190843621399177,0.6188153216455103
48D,S2_train_I_internal_val_test_all,uda,mk-mmd,bottleneck16,posthoc-sklearn-lr-on-frozen-mlp-representation,1,48,16,D:\thesis\tables\opensource_da_48_54\checkpoints\48D\S2_train_I_internal_val_test_all\bottleneck16\mlp\mk-mmd\seed_1.pt,D:\thesis\tables\opensource_da_48_54\posthoc_lr_bottleneck16\checkpoints\48D\S2_train_I_internal_val_test_all\mk-mmd\seed_1.joblib,source train + source validation labels,source train+validation refit,C=1.0;class_weight=balanced;solver=lbfgs;max_iter=2000,"[[45, 36, 0], [17, 73, 6], [1, 22, 73]]",0.9666666666666668,0.9444444444444444,0.9563636363636364,0.6996336996336996,0.6921296296296297,0.7008191734843718
48D,S2_train_I_internal_val_test_all,uda,mk-mmd,bottleneck16,posthoc-sklearn-lr-on-frozen-mlp-representation,2,48,16,D:\thesis\tables\opensource_da_48_54\checkpoints\48D\S2_train_I_internal_val_test_all\bottleneck16\mlp\mk-mmd\seed_2.pt,D:\thesis\tables\opensource_da_48_54\posthoc_lr_bottleneck16\checkpoints\48D\S2_train_I_internal_val_test_all\mk-mmd\seed_2.joblib,source train + source validation labels,source train+validation refit,C=1.0;class_weight=balanced;solver=lbfgs;max_iter=2000,"[[39, 41, 1], [22, 62, 12], [3, 13, 80]]",1.0,1.0,1.0,0.663003663003663,0.6535493827160495,0.6564658471403212
48D,S2_train_I_internal_val_test_all,uda,mk-mmd,bottleneck16,posthoc-sklearn-lr-on-frozen-mlp-representation,3,48,16,D:\thesis\tables\opensource_da_48_54\checkpoints\48D\S2_train_I_internal_val_test_all\bottleneck16\mlp\mk-mmd\seed_3.pt,D:\thesis\tables\opensource_da_48_54\posthoc_lr_bottleneck16\checkpoints\48D\S2_train_I_internal_val_test_all\mk-mmd\seed_3.joblib,source train + source validation labels,source train+validation refit,C=1.0;class_weight=balanced;solver=lbfgs;max_iter=2000,"[[58, 21, 2], [6, 64, 26], [5, 15, 76]]",1.0,1.0,1.0,0.7252747252747253,0.7247942386831275,0.728798185941043
48D,S2_train_I_internal_val_test_all,uda,mk-mmd,bottleneck16,posthoc-sklearn-lr-on-frozen-mlp-representation,4,48,16,D:\thesis\tables\opensource_da_48_54\checkpoints\48D\S2_train_I_internal_val_test_all\bottleneck16\mlp\mk-mmd\seed_4.pt,D:\thesis\tables\opensource_da_48_54\posthoc_lr_bottleneck16\checkpoints\48D\S2_train_I_internal_val_test_all\mk-mmd\seed_4.joblib,source train + source validation labels,source train+validation refit,C=1.0;class_weight=balanced;solver=lbfgs;max_iter=2000,"[[46, 34, 1], [11, 78, 7], [0, 14, 82]]",1.0,1.0,1.0,0.7545787545787546,0.7448559670781892,0.7503632664922987
48D,S2_train_I_internal_val_test_all,uda,source-only,bottleneck16,posthoc-sklearn-lr-on-frozen-mlp-representation,0,48,16,D:\thesis\tables\opensource_da_48_54\checkpoints\48D\S2_train_I_internal_val_test_all\bottleneck16\mlp\source-only\seed_0.pt,D:\thesis\tables\opensource_da_48_54\posthoc_lr_bottleneck16\checkpoints\48D\S2_train_I_internal_val_test_all\source-only\seed_0.joblib,source train + source validation labels,source train+validation refit,C=1.0;class_weight=balanced;solver=lbfgs;max_iter=2000,"[[48, 32, 1], [19, 75, 2], [9, 16, 71]]",1.0,1.0,1.0,0.7106227106227107,0.7044753086419754,0.7105635308830801
48D,S2_train_I_internal_val_test_all,uda,source-only,bottleneck16,posthoc-sklearn-lr-on-frozen-mlp-representation,1,48,16,D:\thesis\tables\opensource_da_48_54\checkpoints\48D\S2_train_I_internal_val_test_all\bottleneck16\mlp\source-only\seed_1.pt,D:\thesis\tables\opensource_da_48_54\posthoc_lr_bottleneck16\checkpoints\48D\S2_train_I_internal_val_test_all\source-only\seed_1.joblib,source train + source validation labels,source train+validation refit,C=1.0;class_weight=balanced;solver=lbfgs;max_iter=2000,"[[63, 18, 0], [32, 52, 12], [12, 23, 61]]",1.0,1.0,1.0,0.6446886446886447,0.6516203703703703,0.6474569357820857
48D,S2_train_I_internal_val_test_all,uda,source-only,bottleneck16,posthoc-sklearn-lr-on-frozen-mlp-representation,2,48,16,D:\thesis\tables\opensource_da_48_54\checkpoints\48D\S2_train_I_internal_val_test_all\bottleneck16\mlp\source-only\seed_2.pt,D:\thesis\tables\opensource_da_48_54\posthoc_lr_bottleneck16\checkpoints\48D\S2_train_I_internal_val_test_all\source-only\seed_2.joblib,source train + source validation labels,source train+validation refit,C=1.0;class_weight=balanced;solver=lbfgs;max_iter=2000,"[[39, 38, 4], [9, 69, 18], [1, 19, 76]]",1.0,1.0,1.0,0.673992673992674,0.663966049382716,0.6683755920869322
48D,S2_train_I_internal_val_test_all,uda,source-only,bottleneck16,posthoc-sklearn-lr-on-frozen-mlp-representation,3,48,16,D:\thesis\tables\opensource_da_48_54\checkpoints\48D\S2_train_I_internal_val_test_all\bottleneck16\mlp\source-only\seed_3.pt,D:\thesis\tables\opensource_da_48_54\posthoc_lr_bottleneck16\checkpoints\48D\S2_train_I_internal_val_test_all\source-only\seed_3.joblib,source train + source validation labels,source train+validation refit,C=1.0;class_weight=balanced;solver=lbfgs;max_iter=2000,"[[53, 25, 3], [8, 49, 39], [4, 7, 85]]",0.9666666666666668,0.9722222222222222,0.9721739130434782,0.684981684981685,0.6833847736625515,0.6806771840698257
48D,S2_train_I_internal_val_test_all,uda,source-only,bottleneck16,posthoc-sklearn-lr-on-frozen-mlp-representation,4,48,16,D:\thesis\tables\opensource_da_48_54\checkpoints\48D\S2_train_I_internal_val_test_all\bottleneck16\mlp\source-only\seed_4.pt,D:\thesis\tables\opensource_da_48_54\posthoc_lr_bottleneck16\checkpoints\48D\S2_train_I_internal_val_test_all\source-only\seed_4.joblib,source train + source validation labels,source train+validation refit,C=1.0;class_weight=balanced;solver=lbfgs;max_iter=2000,"[[47, 33, 1], [12, 56, 28], [2, 12, 82]]",0.9666666666666668,0.9722222222222222,0.9721739130434782,0.6776556776556777,0.6725823045267489,0.6742567603895359
48D,S3_train_I_internal_20_10_test_all,uda,c-dann,bottleneck16,posthoc-sklearn-lr-on-frozen-mlp-representation,0,48,16,D:\thesis\tables\opensource_da_48_54\checkpoints\48D\S3_train_I_internal_20_10_test_all\bottleneck16\mlp\c-dann\seed_0.pt,D:\thesis\tables\opensource_da_48_54\posthoc_lr_bottleneck16\checkpoints\48D\S3_train_I_internal_20_10_test_all\c-dann\seed_0.joblib,source train + source validation labels,source train+validation refit,C=1.0;class_weight=balanced;solver=lbfgs;max_iter=2000,"[[58, 22, 1], [15, 68, 13], [2, 11, 83]]",1.0,1.0,1.0,0.7655677655677655,0.762988683127572,0.7646829001606624
48D,S3_train_I_internal_20_10_test_all,uda,c-dann,bottleneck16,posthoc-sklearn-lr-on-frozen-mlp-representation,1,48,16,D:\thesis\tables\opensource_da_48_54\checkpoints\48D\S3_train_I_internal_20_10_test_all\bottleneck16\mlp\c-dann\seed_1.pt,D:\thesis\tables\opensource_da_48_54\posthoc_lr_bottleneck16\checkpoints\48D\S3_train_I_internal_20_10_test_all\c-dann\seed_1.joblib,source train + source validation labels,source train+validation refit,C=1.0;class_weight=balanced;solver=lbfgs;max_iter=2000,"[[52, 26, 3], [14, 77, 5], [3, 7, 86]]",1.0,1.0,1.0,0.7875457875457875,0.7799639917695473,0.7820564355873504
48D,S3_train_I_internal_20_10_test_all,uda,c-dann,bottleneck16,posthoc-sklearn-lr-on-frozen-mlp-representation,2,48,16,D:\thesis\tables\opensource_da_48_54\checkpoints\48D\S3_train_I_internal_20_10_test_all\bottleneck16\mlp\c-dann\seed_2.pt,D:\thesis\tables\opensource_da_48_54\posthoc_lr_bottleneck16\checkpoints\48D\S3_train_I_internal_20_10_test_all\c-dann\seed_2.joblib,source train + source validation labels,source train+validation refit,C=1.0;class_weight=balanced;solver=lbfgs;max_iter=2000,"[[45, 32, 4], [9, 85, 2], [4, 25, 67]]",1.0,1.0,1.0,0.7216117216117216,0.7129629629629629,0.7182223789860758
48D,S3_train_I_internal_20_10_test_all,uda,c-dann,bottleneck16,posthoc-sklearn-lr-on-frozen-mlp-representation,3,48,16,D:\thesis\tables\opensource_da_48_54\checkpoints\48D\S3_train_I_internal_20_10_test_all\bottleneck16\mlp\c-dann\seed_3.pt,D:\thesis\tables\opensource_da_48_54\posthoc_lr_bottleneck16\checkpoints\48D\S3_train_I_internal_20_10_test_all\c-dann\seed_3.joblib,source train + source validation labels,source train+validation refit,C=1.0;class_weight=balanced;solver=lbfgs;max_iter=2000,"[[61, 20, 0], [19, 74, 3], [9, 46, 41]]",1.0,1.0,1.0,0.6446886446886447,0.6503343621399177,0.6434933295352039
48D,S3_train_I_internal_20_10_test_all,uda,c-dann,bottleneck16,posthoc-sklearn-lr-on-frozen-mlp-representation,4,48,16,D:\thesis\tables\opensource_da_48_54\checkpoints\48D\S3_train_I_internal_20_10_test_all\bottleneck16\mlp\c-dann\seed_4.pt,D:\thesis\tables\opensource_da_48_54\posthoc_lr_bottleneck16\checkpoints\48D\S3_train_I_internal_20_10_test_all\c-dann\seed_4.joblib,source train + source validation labels,source train+validation refit,C=1.0;class_weight=balanced;solver=lbfgs;max_iter=2000,"[[55, 26, 0], [18, 66, 12], [2, 9, 85]]",1.0,1.0,1.0,0.7545787545787546,0.7506430041152262,0.7520026606978555
48D,S3_train_I_internal_20_10_test_all,uda,cdan,bottleneck16,posthoc-sklearn-lr-on-frozen-mlp-representation,0,48,16,D:\thesis\tables\opensource_da_48_54\checkpoints\48D\S3_train_I_internal_20_10_test_all\bottleneck16\mlp\cdan\seed_0.pt,D:\thesis\tables\opensource_da_48_54\posthoc_lr_bottleneck16\checkpoints\48D\S3_train_I_internal_20_10_test_all\cdan\seed_0.joblib,source train + source validation labels,source train+validation refit,C=1.0;class_weight=balanced;solver=lbfgs;max_iter=2000,"[[56, 25, 0], [56, 40, 0], [19, 26, 51]]",1.0,1.0,1.0,0.5384615384615384,0.5464248971193416,0.5499956414812924
48D,S3_train_I_internal_20_10_test_all,uda,cdan,bottleneck16,posthoc-sklearn-lr-on-frozen-mlp-representation,1,48,16,D:\thesis\tables\opensource_da_48_54\checkpoints\48D\S3_train_I_internal_20_10_test_all\bottleneck16\mlp\cdan\seed_1.pt,D:\thesis\tables\opensource_da_48_54\posthoc_lr_bottleneck16\checkpoints\48D\S3_train_I_internal_20_10_test_all\cdan\seed_1.joblib,source train + source validation labels,source train+validation refit,C=1.0;class_weight=balanced;solver=lbfgs;max_iter=2000,"[[48, 32, 1], [9, 83, 4], [3, 38, 55]]",1.0,1.0,1.0,0.6813186813186813,0.6766975308641975,0.6842153118748864
48D,S3_train_I_internal_20_10_test_all,uda,cdan,bottleneck16,posthoc-sklearn-lr-on-frozen-mlp-representation,2,48,16,D:\thesis\tables\opensource_da_48_54\checkpoints\48D\S3_train_I_internal_20_10_test_all\bottleneck16\mlp\cdan\seed_2.pt,D:\thesis\tables\opensource_da_48_54\posthoc_lr_bottleneck16\checkpoints\48D\S3_train_I_internal_20_10_test_all\cdan\seed_2.joblib,source train + source validation labels,source train+validation refit,C=1.0;class_weight=balanced;solver=lbfgs;max_iter=2000,"[[55, 25, 1], [7, 86, 3], [2, 18, 76]]",1.0,1.0,1.0,0.7948717948717948,0.7888374485596708,0.7955671659119935
48D,S3_train_I_internal_20_10_test_all,uda,cdan,bottleneck16,posthoc-sklearn-lr-on-frozen-mlp-representation,3,48,16,D:\thesis\tables\opensource_da_48_54\checkpoints\48D\S3_train_I_internal_20_10_test_all\bottleneck16\mlp\cdan\seed_3.pt,D:\thesis\tables\opensource_da_48_54\posthoc_lr_bottleneck16\checkpoints\48D\S3_train_I_internal_20_10_test_all\cdan\seed_3.joblib,source train + source validation labels,source train+validation refit,C=1.0;class_weight=balanced;solver=lbfgs;max_iter=2000,"[[46, 33, 2], [10, 84, 2], [7, 31, 58]]",1.0,1.0,1.0,0.6886446886446886,0.6823559670781892,0.6871968980808988
48D,S3_train_I_internal_20_10_test_all,uda,cdan,bottleneck16,posthoc-sklearn-lr-on-frozen-mlp-representation,4,48,16,D:\thesis\tables\opensource_da_48_54\checkpoints\48D\S3_train_I_internal_20_10_test_all\bottleneck16\mlp\cdan\seed_4.pt,D:\thesis\tables\opensource_da_48_54\posthoc_lr_bottleneck16\checkpoints\48D\S3_train_I_internal_20_10_test_all\cdan\seed_4.joblib,source train + source validation labels,source train+validation refit,C=1.0;class_weight=balanced;solver=lbfgs;max_iter=2000,"[[57, 22, 2], [16, 80, 0], [10, 36, 50]]",1.0,1.0,1.0,0.684981684981685,0.6859567901234569,0.6848527702186239
48D,S3_train_I_internal_20_10_test_all,uda,cdan+c-dann,bottleneck16,posthoc-sklearn-lr-on-frozen-mlp-representation,0,48,16,D:\thesis\tables\opensource_da_48_54\checkpoints\48D\S3_train_I_internal_20_10_test_all\bottleneck16\mlp\cdan+c-dann\seed_0.pt,D:\thesis\tables\opensource_da_48_54\posthoc_lr_bottleneck16\checkpoints\48D\S3_train_I_internal_20_10_test_all\cdan+c-dann\seed_0.joblib,source train + source validation labels,source train+validation refit,C=1.0;class_weight=balanced;solver=lbfgs;max_iter=2000,"[[61, 20, 0], [34, 62, 0], [14, 9, 73]]",1.0,1.0,1.0,0.717948717948718,0.7197788065843621,0.7230373976265856
48D,S3_train_I_internal_20_10_test_all,uda,cdan+c-dann,bottleneck16,posthoc-sklearn-lr-on-frozen-mlp-representation,1,48,16,D:\thesis\tables\opensource_da_48_54\checkpoints\48D\S3_train_I_internal_20_10_test_all\bottleneck16\mlp\cdan+c-dann\seed_1.pt,D:\thesis\tables\opensource_da_48_54\posthoc_lr_bottleneck16\checkpoints\48D\S3_train_I_internal_20_10_test_all\cdan+c-dann\seed_1.joblib,source train + source validation labels,source train+validation refit,C=1.0;class_weight=balanced;solver=lbfgs;max_iter=2000,"[[62, 18, 1], [8, 85, 3], [4, 8, 84]]",1.0,1.0,1.0,0.8461538461538461,0.8419495884773663,0.8447665056360708
48D,S3_train_I_internal_20_10_test_all,uda,cdan+c-dann,bottleneck16,posthoc-sklearn-lr-on-frozen-mlp-representation,2,48,16,D:\thesis\tables\opensource_da_48_54\checkpoints\48D\S3_train_I_internal_20_10_test_all\bottleneck16\mlp\cdan+c-dann\seed_2.pt,D:\thesis\tables\opensource_da_48_54\posthoc_lr_bottleneck16\checkpoints\48D\S3_train_I_internal_20_10_test_all\cdan+c-dann\seed_2.joblib,source train + source validation labels,source train+validation refit,C=1.0;class_weight=balanced;solver=lbfgs;max_iter=2000,"[[49, 32, 0], [32, 59, 5], [10, 1, 85]]",1.0,1.0,1.0,0.706959706959707,0.7016460905349794,0.7038018369840687
48D,S3_train_I_internal_20_10_test_all,uda,cdan+c-dann,bottleneck16,posthoc-sklearn-lr-on-frozen-mlp-representation,3,48,16,D:\thesis\tables\opensource_da_48_54\checkpoints\48D\S3_train_I_internal_20_10_test_all\bottleneck16\mlp\cdan+c-dann\seed_3.pt,D:\thesis\tables\opensource_da_48_54\posthoc_lr_bottleneck16\checkpoints\48D\S3_train_I_internal_20_10_test_all\cdan+c-dann\seed_3.joblib,source train + source validation labels,source train+validation refit,C=1.0;class_weight=balanced;solver=lbfgs;max_iter=2000,"[[58, 22, 1], [15, 77, 4], [6, 32, 58]]",1.0,1.0,1.0,0.706959706959707,0.7074331275720165,0.7109912817813241
48D,S3_train_I_internal_20_10_test_all,uda,cdan+c-dann,bottleneck16,posthoc-sklearn-lr-on-frozen-mlp-representation,4,48,16,D:\thesis\tables\opensource_da_48_54\checkpoints\48D\S3_train_I_internal_20_10_test_all\bottleneck16\mlp\cdan+c-dann\seed_4.pt,D:\thesis\tables\opensource_da_48_54\posthoc_lr_bottleneck16\checkpoints\48D\S3_train_I_internal_20_10_test_all\cdan+c-dann\seed_4.joblib,source train + source validation labels,source train+validation refit,C=1.0;class_weight=balanced;solver=lbfgs;max_iter=2000,"[[47, 31, 3], [7, 87, 2], [4, 3, 89]]",1.0,1.0,1.0,0.8168498168498168,0.8045267489711935,0.8049814720137546
48D,S3_train_I_internal_20_10_test_all,uda,dann,bottleneck16,posthoc-sklearn-lr-on-frozen-mlp-representation,0,48,16,D:\thesis\tables\opensource_da_48_54\checkpoints\48D\S3_train_I_internal_20_10_test_all\bottleneck16\mlp\dann\seed_0.pt,D:\thesis\tables\opensource_da_48_54\posthoc_lr_bottleneck16\checkpoints\48D\S3_train_I_internal_20_10_test_all\dann\seed_0.joblib,source train + source validation labels,source train+validation refit,C=1.0;class_weight=balanced;solver=lbfgs;max_iter=2000,"[[31, 49, 1], [27, 67, 2], [29, 8, 59]]",1.0,1.0,1.0,0.575091575091575,0.5650720164609053,0.574991323725501
48D,S3_train_I_internal_20_10_test_all,uda,dann,bottleneck16,posthoc-sklearn-lr-on-frozen-mlp-representation,1,48,16,D:\thesis\tables\opensource_da_48_54\checkpoints\48D\S3_train_I_internal_20_10_test_all\bottleneck16\mlp\dann\seed_1.pt,D:\thesis\tables\opensource_da_48_54\posthoc_lr_bottleneck16\checkpoints\48D\S3_train_I_internal_20_10_test_all\dann\seed_1.joblib,source train + source validation labels,source train+validation refit,C=1.0;class_weight=balanced;solver=lbfgs;max_iter=2000,"[[53, 26, 2], [17, 56, 23], [6, 11, 79]]",1.0,1.0,1.0,0.6886446886446886,0.6868569958847736,0.6859172760871274
48D,S3_train_I_internal_20_10_test_all,uda,dann,bottleneck16,posthoc-sklearn-lr-on-frozen-mlp-representation,2,48,16,D:\thesis\tables\opensource_da_48_54\checkpoints\48D\S3_train_I_internal_20_10_test_all\bottleneck16\mlp\dann\seed_2.pt,D:\thesis\tables\opensource_da_48_54\posthoc_lr_bottleneck16\checkpoints\48D\S3_train_I_internal_20_10_test_all\dann\seed_2.joblib,source train + source validation labels,source train+validation refit,C=1.0;class_weight=balanced;solver=lbfgs;max_iter=2000,"[[36, 44, 1], [3, 85, 8], [1, 16, 79]]",1.0,1.0,1.0,0.7326007326007326,0.7175925925925926,0.7197103884531106
48D,S3_train_I_internal_20_10_test_all,uda,dann,bottleneck16,posthoc-sklearn-lr-on-frozen-mlp-representation,3,48,16,D:\thesis\tables\opensource_da_48_54\checkpoints\48D\S3_train_I_internal_20_10_test_all\bottleneck16\mlp\dann\seed_3.pt,D:\thesis\tables\opensource_da_48_54\posthoc_lr_bottleneck16\checkpoints\48D\S3_train_I_internal_20_10_test_all\dann\seed_3.joblib,source train + source validation labels,source train+validation refit,C=1.0;class_weight=balanced;solver=lbfgs;max_iter=2000,"[[52, 27, 2], [39, 51, 6], [13, 15, 68]]",1.0,1.0,1.0,0.6263736263736264,0.6271862139917695,0.6308474587544355
48D,S3_train_I_internal_20_10_test_all,uda,dann,bottleneck16,posthoc-sklearn-lr-on-frozen-mlp-representation,4,48,16,D:\thesis\tables\opensource_da_48_54\checkpoints\48D\S3_train_I_internal_20_10_test_all\bottleneck16\mlp\dann\seed_4.pt,D:\thesis\tables\opensource_da_48_54\posthoc_lr_bottleneck16\checkpoints\48D\S3_train_I_internal_20_10_test_all\dann\seed_4.joblib,source train + source validation labels,source train+validation refit,C=1.0;class_weight=balanced;solver=lbfgs;max_iter=2000,"[[53, 26, 2], [23, 66, 7], [4, 15, 77]]",1.0,1.0,1.0,0.717948717948718,0.7146347736625515,0.7182617482467557
48D,S3_train_I_internal_20_10_test_all,uda,deep-coral,bottleneck16,posthoc-sklearn-lr-on-frozen-mlp-representation,0,48,16,D:\thesis\tables\opensource_da_48_54\checkpoints\48D\S3_train_I_internal_20_10_test_all\bottleneck16\mlp\deep-coral\seed_0.pt,D:\thesis\tables\opensource_da_48_54\posthoc_lr_bottleneck16\checkpoints\48D\S3_train_I_internal_20_10_test_all\deep-coral\seed_0.joblib,source train + source validation labels,source train+validation refit,C=1.0;class_weight=balanced;solver=lbfgs;max_iter=2000,"[[56, 24, 1], [26, 59, 11], [14, 15, 67]]",1.0,1.0,1.0,0.6666666666666666,0.6679526748971193,0.6689100233255396
48D,S3_train_I_internal_20_10_test_all,uda,deep-coral,bottleneck16,posthoc-sklearn-lr-on-frozen-mlp-representation,1,48,16,D:\thesis\tables\opensource_da_48_54\checkpoints\48D\S3_train_I_internal_20_10_test_all\bottleneck16\mlp\deep-coral\seed_1.pt,D:\thesis\tables\opensource_da_48_54\posthoc_lr_bottleneck16\checkpoints\48D\S3_train_I_internal_20_10_test_all\deep-coral\seed_1.joblib,source train + source validation labels,source train+validation refit,C=1.0;class_weight=balanced;solver=lbfgs;max_iter=2000,"[[39, 30, 12], [7, 85, 4], [2, 13, 81]]",1.0,1.0,1.0,0.7509157509157509,0.7368827160493826,0.7343193241870792
48D,S3_train_I_internal_20_10_test_all,uda,deep-coral,bottleneck16,posthoc-sklearn-lr-on-frozen-mlp-representation,2,48,16,D:\thesis\tables\opensource_da_48_54\checkpoints\48D\S3_train_I_internal_20_10_test_all\bottleneck16\mlp\deep-coral\seed_2.pt,D:\thesis\tables\opensource_da_48_54\posthoc_lr_bottleneck16\checkpoints\48D\S3_train_I_internal_20_10_test_all\deep-coral\seed_2.joblib,source train + source validation labels,source train+validation refit,C=1.0;class_weight=balanced;solver=lbfgs;max_iter=2000,"[[51, 29, 1], [37, 54, 5], [15, 15, 66]]",1.0,1.0,1.0,0.6263736263736264,0.6265432098765432,0.6322543809096924
48D,S3_train_I_internal_20_10_test_all,uda,deep-coral,bottleneck16,posthoc-sklearn-lr-on-frozen-mlp-representation,3,48,16,D:\thesis\tables\opensource_da_48_54\checkpoints\48D\S3_train_I_internal_20_10_test_all\bottleneck16\mlp\deep-coral\seed_3.pt,D:\thesis\tables\opensource_da_48_54\posthoc_lr_bottleneck16\checkpoints\48D\S3_train_I_internal_20_10_test_all\deep-coral\seed_3.joblib,source train + source validation labels,source train+validation refit,C=1.0;class_weight=balanced;solver=lbfgs;max_iter=2000,"[[59, 22, 0], [17, 73, 6], [3, 19, 74]]",1.0,1.0,1.0,0.7545787545787546,0.7532150205761318,0.7578823953823953
48D,S3_train_I_internal_20_10_test_all,uda,deep-coral,bottleneck16,posthoc-sklearn-lr-on-frozen-mlp-representation,4,48,16,D:\thesis\tables\opensource_da_48_54\checkpoints\48D\S3_train_I_internal_20_10_test_all\bottleneck16\mlp\deep-coral\seed_4.pt,D:\thesis\tables\opensource_da_48_54\posthoc_lr_bottleneck16\checkpoints\48D\S3_train_I_internal_20_10_test_all\deep-coral\seed_4.joblib,source train + source validation labels,source train+validation refit,C=1.0;class_weight=balanced;solver=lbfgs;max_iter=2000,"[[48, 31, 2], [9, 82, 5], [3, 22, 71]]",1.0,1.0,1.0,0.7362637362637363,0.7287808641975309,0.7356332426031619
48D,S3_train_I_internal_20_10_test_all,uda,mk-mmd,bottleneck16,posthoc-sklearn-lr-on-frozen-mlp-representation,0,48,16,D:\thesis\tables\opensource_da_48_54\checkpoints\48D\S3_train_I_internal_20_10_test_all\bottleneck16\mlp\mk-mmd\seed_0.pt,D:\thesis\tables\opensource_da_48_54\posthoc_lr_bottleneck16\checkpoints\48D\S3_train_I_internal_20_10_test_all\mk-mmd\seed_0.joblib,source train + source validation labels,source train+validation refit,C=1.0;class_weight=balanced;solver=lbfgs;max_iter=2000,"[[49, 32, 0], [2, 92, 2], [1, 12, 83]]",1.0,1.0,1.0,0.8205128205128205,0.8092849794238685,0.8156908751207416
48D,S3_train_I_internal_20_10_test_all,uda,mk-mmd,bottleneck16,posthoc-sklearn-lr-on-frozen-mlp-representation,1,48,16,D:\thesis\tables\opensource_da_48_54\checkpoints\48D\S3_train_I_internal_20_10_test_all\bottleneck16\mlp\mk-mmd\seed_1.pt,D:\thesis\tables\opensource_da_48_54\posthoc_lr_bottleneck16\checkpoints\48D\S3_train_I_internal_20_10_test_all\mk-mmd\seed_1.joblib,source train + source validation labels,source train+validation refit,C=1.0;class_weight=balanced;solver=lbfgs;max_iter=2000,"[[63, 17, 1], [1, 87, 8], [1, 28, 67]]",1.0,1.0,1.0,0.7948717948717948,0.7939814814814814,0.8017471202696133
48D,S3_train_I_internal_20_10_test_all,uda,mk-mmd,bottleneck16,posthoc-sklearn-lr-on-frozen-mlp-representation,2,48,16,D:\thesis\tables\opensource_da_48_54\checkpoints\48D\S3_train_I_internal_20_10_test_all\bottleneck16\mlp\mk-mmd\seed_2.pt,D:\thesis\tables\opensource_da_48_54\posthoc_lr_bottleneck16\checkpoints\48D\S3_train_I_internal_20_10_test_all\mk-mmd\seed_2.joblib,source train + source validation labels,source train+validation refit,C=1.0;class_weight=balanced;solver=lbfgs;max_iter=2000,"[[39, 26, 16], [19, 72, 5], [2, 10, 84]]",1.0,1.0,1.0,0.7142857142857143,0.7021604938271605,0.6982982459417556
48D,S3_train_I_internal_20_10_test_all,uda,mk-mmd,bottleneck16,posthoc-sklearn-lr-on-frozen-mlp-representation,3,48,16,D:\thesis\tables\opensource_da_48_54\checkpoints\48D\S3_train_I_internal_20_10_test_all\bottleneck16\mlp\mk-mmd\seed_3.pt,D:\thesis\tables\opensource_da_48_54\posthoc_lr_bottleneck16\checkpoints\48D\S3_train_I_internal_20_10_test_all\mk-mmd\seed_3.joblib,source train + source validation labels,source train+validation refit,C=1.0;class_weight=balanced;solver=lbfgs;max_iter=2000,"[[39, 22, 20], [18, 38, 40], [3, 15, 78]]",1.0,1.0,1.0,0.5677655677655677,0.5632716049382717,0.5547675334909378
48D,S3_train_I_internal_20_10_test_all,uda,mk-mmd,bottleneck16,posthoc-sklearn-lr-on-frozen-mlp-representation,4,48,16,D:\thesis\tables\opensource_da_48_54\checkpoints\48D\S3_train_I_internal_20_10_test_all\bottleneck16\mlp\mk-mmd\seed_4.pt,D:\thesis\tables\opensource_da_48_54\posthoc_lr_bottleneck16\checkpoints\48D\S3_train_I_internal_20_10_test_all\mk-mmd\seed_4.joblib,source train + source validation labels,source train+validation refit,C=1.0;class_weight=balanced;solver=lbfgs;max_iter=2000,"[[57, 22, 2], [18, 70, 8], [5, 16, 75]]",1.0,1.0,1.0,0.73992673992674,0.73804012345679,0.7410261085777893
48D,S3_train_I_internal_20_10_test_all,uda,source-only,bottleneck16,posthoc-sklearn-lr-on-frozen-mlp-representation,0,48,16,D:\thesis\tables\opensource_da_48_54\checkpoints\48D\S3_train_I_internal_20_10_test_all\bottleneck16\mlp\source-only\seed_0.pt,D:\thesis\tables\opensource_da_48_54\posthoc_lr_bottleneck16\checkpoints\48D\S3_train_I_internal_20_10_test_all\source-only\seed_0.joblib,source train + source validation labels,source train+validation refit,C=1.0;class_weight=balanced;solver=lbfgs;max_iter=2000,"[[48, 32, 1], [26, 59, 11], [44, 20, 32]]",1.0,1.0,1.0,0.5091575091575091,0.5135030864197531,0.5032010755410362
48D,S3_train_I_internal_20_10_test_all,uda,source-only,bottleneck16,posthoc-sklearn-lr-on-frozen-mlp-representation,1,48,16,D:\thesis\tables\opensource_da_48_54\checkpoints\48D\S3_train_I_internal_20_10_test_all\bottleneck16\mlp\source-only\seed_1.pt,D:\thesis\tables\opensource_da_48_54\posthoc_lr_bottleneck16\checkpoints\48D\S3_train_I_internal_20_10_test_all\source-only\seed_1.joblib,source train + source validation labels,source train+validation refit,C=1.0;class_weight=balanced;solver=lbfgs;max_iter=2000,"[[50, 31, 0], [3, 72, 21], [1, 13, 82]]",1.0,1.0,1.0,0.7472527472527473,0.7404835390946501,0.748035542258228
48D,S3_train_I_internal_20_10_test_all,uda,source-only,bottleneck16,posthoc-sklearn-lr-on-frozen-mlp-representation,2,48,16,D:\thesis\tables\opensource_da_48_54\checkpoints\48D\S3_train_I_internal_20_10_test_all\bottleneck16\mlp\source-only\seed_2.pt,D:\thesis\tables\opensource_da_48_54\posthoc_lr_bottleneck16\checkpoints\48D\S3_train_I_internal_20_10_test_all\source-only\seed_2.joblib,source train + source validation labels,source train+validation refit,C=1.0;class_weight=balanced;solver=lbfgs;max_iter=2000,"[[48, 28, 5], [37, 44, 15], [34, 9, 53]]",1.0,1.0,1.0,0.5311355311355311,0.5343364197530863,0.5347980253847268
48D,S3_train_I_internal_20_10_test_all,uda,source-only,bottleneck16,posthoc-sklearn-lr-on-frozen-mlp-representation,3,48,16,D:\thesis\tables\opensource_da_48_54\checkpoints\48D\S3_train_I_internal_20_10_test_all\bottleneck16\mlp\source-only\seed_3.pt,D:\thesis\tables\opensource_da_48_54\posthoc_lr_bottleneck16\checkpoints\48D\S3_train_I_internal_20_10_test_all\source-only\seed_3.joblib,source train + source validation labels,source train+validation refit,C=1.0;class_weight=balanced;solver=lbfgs;max_iter=2000,"[[60, 20, 1], [21, 58, 17], [18, 30, 48]]",1.0,1.0,1.0,0.608058608058608,0.6149691358024691,0.6092955700798838
48D,S3_train_I_internal_20_10_test_all,uda,source-only,bottleneck16,posthoc-sklearn-lr-on-frozen-mlp-representation,4,48,16,D:\thesis\tables\opensource_da_48_54\checkpoints\48D\S3_train_I_internal_20_10_test_all\bottleneck16\mlp\source-only\seed_4.pt,D:\thesis\tables\opensource_da_48_54\posthoc_lr_bottleneck16\checkpoints\48D\S3_train_I_internal_20_10_test_all\source-only\seed_4.joblib,source train + source validation labels,source train+validation refit,C=1.0;class_weight=balanced;solver=lbfgs;max_iter=2000,"[[58, 23, 0], [14, 80, 2], [3, 21, 72]]",1.0,1.0,1.0,0.7692307692307693,0.7664609053497943,0.7726404314639609
48D,S4_train_I_val_D1_2,semi,c-dann,bottleneck16,posthoc-sklearn-lr-on-frozen-mlp-representation,0,48,16,D:\thesis\tables\opensource_da_48_54\checkpoints\48D\S4_train_I_val_D1_2\bottleneck16\mlp\c-dann\seed_0.pt,D:\thesis\tables\opensource_da_48_54\posthoc_lr_bottleneck16\checkpoints\48D\S4_train_I_val_D1_2\c-dann\seed_0.joblib,source + labeled target,source+target labeled train+validation refit,C=1.0;class_weight=balanced;solver=lbfgs;max_iter=2000,"[[63, 10, 0], [0, 84, 2], [3, 12, 71]]",1.0,1.0,1.0,0.889795918367347,0.8884464266751619,0.8915188603833913
48D,S4_train_I_val_D1_2,semi,c-dann,bottleneck16,posthoc-sklearn-lr-on-frozen-mlp-representation,1,48,16,D:\thesis\tables\opensource_da_48_54\checkpoints\48D\S4_train_I_val_D1_2\bottleneck16\mlp\c-dann\seed_1.pt,D:\thesis\tables\opensource_da_48_54\posthoc_lr_bottleneck16\checkpoints\48D\S4_train_I_val_D1_2\c-dann\seed_1.joblib,source + labeled target,source+target labeled train+validation refit,C=1.0;class_weight=balanced;solver=lbfgs;max_iter=2000,"[[61, 12, 0], [2, 84, 0], [4, 41, 41]]",1.0,1.0,1.0,0.7591836734693878,0.7630349368163959,0.7568203638222352
48D,S4_train_I_val_D1_2,semi,c-dann,bottleneck16,posthoc-sklearn-lr-on-frozen-mlp-representation,2,48,16,D:\thesis\tables\opensource_da_48_54\checkpoints\48D\S4_train_I_val_D1_2\bottleneck16\mlp\c-dann\seed_2.pt,D:\thesis\tables\opensource_da_48_54\posthoc_lr_bottleneck16\checkpoints\48D\S4_train_I_val_D1_2\c-dann\seed_2.joblib,source + labeled target,source+target labeled train+validation refit,C=1.0;class_weight=balanced;solver=lbfgs;max_iter=2000,"[[60, 13, 0], [4, 82, 0], [3, 13, 70]]",1.0,1.0,1.0,0.8653061224489796,0.8631198895614315,0.8666465264403409
48D,S4_train_I_val_D1_2,semi,c-dann,bottleneck16,posthoc-sklearn-lr-on-frozen-mlp-representation,3,48,16,D:\thesis\tables\opensource_da_48_54\checkpoints\48D\S4_train_I_val_D1_2\bottleneck16\mlp\c-dann\seed_3.pt,D:\thesis\tables\opensource_da_48_54\posthoc_lr_bottleneck16\checkpoints\48D\S4_train_I_val_D1_2\c-dann\seed_3.joblib,source + labeled target,source+target labeled train+validation refit,C=1.0;class_weight=balanced;solver=lbfgs;max_iter=2000,"[[62, 11, 0], [2, 84, 0], [2, 13, 71]]",1.0,1.0,1.0,0.8857142857142857,0.8838802166294998,0.8875081037015552
48D,S4_train_I_val_D1_2,semi,c-dann,bottleneck16,posthoc-sklearn-lr-on-frozen-mlp-representation,4,48,16,D:\thesis\tables\opensource_da_48_54\checkpoints\48D\S4_train_I_val_D1_2\bottleneck16\mlp\c-dann\seed_4.pt,D:\thesis\tables\opensource_da_48_54\posthoc_lr_bottleneck16\checkpoints\48D\S4_train_I_val_D1_2\c-dann\seed_4.joblib,source + labeled target,source+target labeled train+validation refit,C=1.0;class_weight=balanced;solver=lbfgs;max_iter=2000,"[[62, 11, 0], [1, 85, 0], [5, 12, 69]]",1.0,1.0,1.0,0.8816326530612245,0.8800042476372517,0.8820146215174836
48D,S4_train_I_val_D1_2,semi,cdan,bottleneck16,posthoc-sklearn-lr-on-frozen-mlp-representation,0,48,16,D:\thesis\tables\opensource_da_48_54\checkpoints\48D\S4_train_I_val_D1_2\bottleneck16\mlp\cdan\seed_0.pt,D:\thesis\tables\opensource_da_48_54\posthoc_lr_bottleneck16\checkpoints\48D\S4_train_I_val_D1_2\cdan\seed_0.joblib,source + labeled target,source+target labeled train+validation refit,C=1.0;class_weight=balanced;solver=lbfgs;max_iter=2000,"[[63, 10, 0], [3, 83, 0], [0, 13, 73]]",1.0,1.0,1.0,0.8938775510204081,0.89232239566741,0.89643238239597
48D,S4_train_I_val_D1_2,semi,cdan,bottleneck16,posthoc-sklearn-lr-on-frozen-mlp-representation,1,48,16,D:\thesis\tables\opensource_da_48_54\checkpoints\48D\S4_train_I_val_D1_2\bottleneck16\mlp\cdan\seed_1.pt,D:\thesis\tables\opensource_da_48_54\posthoc_lr_bottleneck16\checkpoints\48D\S4_train_I_val_D1_2\cdan\seed_1.joblib,source + labeled target,source+target labeled train+validation refit,C=1.0;class_weight=balanced;solver=lbfgs;max_iter=2000,"[[62, 11, 0], [2, 84, 0], [2, 26, 58]]",1.0,1.0,1.0,0.8326530612244898,0.8334926197302749,0.8364120297964527
48D,S4_train_I_val_D1_2,semi,cdan,bottleneck16,posthoc-sklearn-lr-on-frozen-mlp-representation,2,48,16,D:\thesis\tables\opensource_da_48_54\checkpoints\48D\S4_train_I_val_D1_2\bottleneck16\mlp\cdan\seed_2.pt,D:\thesis\tables\opensource_da_48_54\posthoc_lr_bottleneck16\checkpoints\48D\S4_train_I_val_D1_2\cdan\seed_2.joblib,source + labeled target,source+target labeled train+validation refit,C=1.0;class_weight=balanced;solver=lbfgs;max_iter=2000,"[[64, 9, 0], [5, 81, 0], [6, 20, 60]]",1.0,1.0,1.0,0.8367346938775511,0.8387490708293511,0.837771095109647
48D,S4_train_I_val_D1_2,semi,cdan,bottleneck16,posthoc-sklearn-lr-on-frozen-mlp-representation,3,48,16,D:\thesis\tables\opensource_da_48_54\checkpoints\48D\S4_train_I_val_D1_2\bottleneck16\mlp\cdan\seed_3.pt,D:\thesis\tables\opensource_da_48_54\posthoc_lr_bottleneck16\checkpoints\48D\S4_train_I_val_D1_2\cdan\seed_3.joblib,source + labeled target,source+target labeled train+validation refit,C=1.0;class_weight=balanced;solver=lbfgs;max_iter=2000,"[[55, 18, 0], [0, 85, 1], [0, 26, 60]]",1.0,1.0,1.0,0.8163265306122449,0.8131570563873844,0.8221330683436165
48D,S4_train_I_val_D1_2,semi,cdan,bottleneck16,posthoc-sklearn-lr-on-frozen-mlp-representation,4,48,16,D:\thesis\tables\opensource_da_48_54\checkpoints\48D\S4_train_I_val_D1_2\bottleneck16\mlp\cdan\seed_4.pt,D:\thesis\tables\opensource_da_48_54\posthoc_lr_bottleneck16\checkpoints\48D\S4_train_I_val_D1_2\cdan\seed_4.joblib,source + labeled target,source+target labeled train+validation refit,C=1.0;class_weight=balanced;solver=lbfgs;max_iter=2000,"[[61, 12, 0], [1, 85, 0], [0, 12, 74]]",1.0,1.0,1.0,0.8979591836734694,0.89481788255283,0.9001661918328585
48D,S4_train_I_val_D1_2,semi,cdan+c-dann,bottleneck16,posthoc-sklearn-lr-on-frozen-mlp-representation,0,48,16,D:\thesis\tables\opensource_da_48_54\checkpoints\48D\S4_train_I_val_D1_2\bottleneck16\mlp\cdan+c-dann\seed_0.pt,D:\thesis\tables\opensource_da_48_54\posthoc_lr_bottleneck16\checkpoints\48D\S4_train_I_val_D1_2\cdan+c-dann\seed_0.joblib,source + labeled target,source+target labeled train+validation refit,C=1.0;class_weight=balanced;solver=lbfgs;max_iter=2000,"[[61, 11, 1], [1, 85, 0], [0, 15, 71]]",1.0,1.0,1.0,0.8857142857142857,0.8831899755760858,0.8884606811184805
48D,S4_train_I_val_D1_2,semi,cdan+c-dann,bottleneck16,posthoc-sklearn-lr-on-frozen-mlp-representation,1,48,16,D:\thesis\tables\opensource_da_48_54\checkpoints\48D\S4_train_I_val_D1_2\bottleneck16\mlp\cdan+c-dann\seed_1.pt,D:\thesis\tables\opensource_da_48_54\posthoc_lr_bottleneck16\checkpoints\48D\S4_train_I_val_D1_2\cdan+c-dann\seed_1.joblib,source + labeled target,source+target labeled train+validation refit,C=1.0;class_weight=balanced;solver=lbfgs;max_iter=2000,"[[52, 21, 0], [0, 86, 0], [0, 17, 69]]",1.0,1.0,1.0,0.8448979591836735,0.8382181161728788,0.8471233998975934
48D,S4_train_I_val_D1_2,semi,cdan+c-dann,bottleneck16,posthoc-sklearn-lr-on-frozen-mlp-representation,2,48,16,D:\thesis\tables\opensource_da_48_54\checkpoints\48D\S4_train_I_val_D1_2\bottleneck16\mlp\cdan+c-dann\seed_2.pt,D:\thesis\tables\opensource_da_48_54\posthoc_lr_bottleneck16\checkpoints\48D\S4_train_I_val_D1_2\cdan+c-dann\seed_2.joblib,source + labeled target,source+target labeled train+validation refit,C=1.0;class_weight=balanced;solver=lbfgs;max_iter=2000,"[[61, 12, 0], [4, 82, 0], [8, 12, 66]]",1.0,1.0,1.0,0.8530612244897959,0.8521822236381014,0.8527347192181368
48D,S4_train_I_val_D1_2,semi,cdan+c-dann,bottleneck16,posthoc-sklearn-lr-on-frozen-mlp-representation,3,48,16,D:\thesis\tables\opensource_da_48_54\checkpoints\48D\S4_train_I_val_D1_2\bottleneck16\mlp\cdan+c-dann\seed_3.pt,D:\thesis\tables\opensource_da_48_54\posthoc_lr_bottleneck16\checkpoints\48D\S4_train_I_val_D1_2\cdan+c-dann\seed_3.joblib,source + labeled target,source+target labeled train+validation refit,C=1.0;class_weight=balanced;solver=lbfgs;max_iter=2000,"[[67, 6, 0], [11, 75, 0], [11, 9, 66]]",1.0,1.0,1.0,0.8489795918367347,0.8524477009663375,0.849284757910489
48D,S4_train_I_val_D1_2,semi,cdan+c-dann,bottleneck16,posthoc-sklearn-lr-on-frozen-mlp-representation,4,48,16,D:\thesis\tables\opensource_da_48_54\checkpoints\48D\S4_train_I_val_D1_2\bottleneck16\mlp\cdan+c-dann\seed_4.pt,D:\thesis\tables\opensource_da_48_54\posthoc_lr_bottleneck16\checkpoints\48D\S4_train_I_val_D1_2\cdan+c-dann\seed_4.joblib,source + labeled target,source+target labeled train+validation refit,C=1.0;class_weight=balanced;solver=lbfgs;max_iter=2000,"[[62, 11, 0], [2, 84, 0], [2, 22, 62]]",1.0,1.0,1.0,0.8489795918367347,0.8489964956992672,0.8525034585565471
48D,S4_train_I_val_D1_2,semi,dann,bottleneck16,posthoc-sklearn-lr-on-frozen-mlp-representation,0,48,16,D:\thesis\tables\opensource_da_48_54\checkpoints\48D\S4_train_I_val_D1_2\bottleneck16\mlp\dann\seed_0.pt,D:\thesis\tables\opensource_da_48_54\posthoc_lr_bottleneck16\checkpoints\48D\S4_train_I_val_D1_2\dann\seed_0.joblib,source + labeled target,source+target labeled train+validation refit,C=1.0;class_weight=balanced;solver=lbfgs;max_iter=2000,"[[65, 7, 1], [2, 84, 0], [2, 10, 74]]",1.0,1.0,1.0,0.9102040816326532,0.9092067537432303,0.9110477793522352
48D,S4_train_I_val_D1_2,semi,dann,bottleneck16,posthoc-sklearn-lr-on-frozen-mlp-representation,1,48,16,D:\thesis\tables\opensource_da_48_54\checkpoints\48D\S4_train_I_val_D1_2\bottleneck16\mlp\dann\seed_1.pt,D:\thesis\tables\opensource_da_48_54\posthoc_lr_bottleneck16\checkpoints\48D\S4_train_I_val_D1_2\dann\seed_1.joblib,source + labeled target,source+target labeled train+validation refit,C=1.0;class_weight=balanced;solver=lbfgs;max_iter=2000,"[[64, 9, 0], [5, 75, 6], [1, 7, 78]]",1.0,1.0,1.0,0.8857142857142857,0.885260698736328,0.8867365270156894
48D,S4_train_I_val_D1_2,semi,dann,bottleneck16,posthoc-sklearn-lr-on-frozen-mlp-representation,2,48,16,D:\thesis\tables\opensource_da_48_54\checkpoints\48D\S4_train_I_val_D1_2\bottleneck16\mlp\dann\seed_2.pt,D:\thesis\tables\opensource_da_48_54\posthoc_lr_bottleneck16\checkpoints\48D\S4_train_I_val_D1_2\dann\seed_2.joblib,source + labeled target,source+target labeled train+validation refit,C=1.0;class_weight=balanced;solver=lbfgs;max_iter=2000,"[[64, 9, 0], [4, 81, 1], [5, 12, 69]]",1.0,1.0,1.0,0.8734693877551021,0.8736327917595837,0.8743432803473606
48D,S4_train_I_val_D1_2,semi,dann,bottleneck16,posthoc-sklearn-lr-on-frozen-mlp-representation,3,48,16,D:\thesis\tables\opensource_da_48_54\checkpoints\48D\S4_train_I_val_D1_2\bottleneck16\mlp\dann\seed_3.pt,D:\thesis\tables\opensource_da_48_54\posthoc_lr_bottleneck16\checkpoints\48D\S4_train_I_val_D1_2\dann\seed_3.joblib,source + labeled target,source+target labeled train+validation refit,C=1.0;class_weight=balanced;solver=lbfgs;max_iter=2000,"[[60, 13, 0], [2, 84, 0], [2, 28, 56]]",1.0,1.0,1.0,0.8163265306122449,0.8166082616544547,0.8202844446436695
48D,S4_train_I_val_D1_2,semi,dann,bottleneck16,posthoc-sklearn-lr-on-frozen-mlp-representation,4,48,16,D:\thesis\tables\opensource_da_48_54\checkpoints\48D\S4_train_I_val_D1_2\bottleneck16\mlp\dann\seed_4.pt,D:\thesis\tables\opensource_da_48_54\posthoc_lr_bottleneck16\checkpoints\48D\S4_train_I_val_D1_2\dann\seed_4.joblib,source + labeled target,source+target labeled train+validation refit,C=1.0;class_weight=balanced;solver=lbfgs;max_iter=2000,"[[58, 15, 0], [4, 82, 0], [6, 9, 71]]",1.0,1.0,1.0,0.8612244897959184,0.8578634384623554,0.8604401002845914
48D,S4_train_I_val_D1_2,semi,deep-coral,bottleneck16,posthoc-sklearn-lr-on-frozen-mlp-representation,0,48,16,D:\thesis\tables\opensource_da_48_54\checkpoints\48D\S4_train_I_val_D1_2\bottleneck16\mlp\deep-coral\seed_0.pt,D:\thesis\tables\opensource_da_48_54\posthoc_lr_bottleneck16\checkpoints\48D\S4_train_I_val_D1_2\deep-coral\seed_0.joblib,source + labeled target,source+target labeled train+validation refit,C=1.0;class_weight=balanced;solver=lbfgs;max_iter=2000,"[[61, 12, 0], [1, 84, 1], [1, 19, 66]]",1.0,1.0,1.0,0.8612244897959184,0.8599341616225974,0.8652082723636719
48D,S4_train_I_val_D1_2,semi,deep-coral,bottleneck16,posthoc-sklearn-lr-on-frozen-mlp-representation,1,48,16,D:\thesis\tables\opensource_da_48_54\checkpoints\48D\S4_train_I_val_D1_2\bottleneck16\mlp\deep-coral\seed_1.pt,D:\thesis\tables\opensource_da_48_54\posthoc_lr_bottleneck16\checkpoints\48D\S4_train_I_val_D1_2\deep-coral\seed_1.joblib,source + labeled target,source+target labeled train+validation refit,C=1.0;class_weight=balanced;solver=lbfgs;max_iter=2000,"[[62, 11, 0], [5, 80, 1], [2, 13, 71]]",1.0,1.0,1.0,0.8693877551020408,0.8683763406605075,0.8713596256642676
48D,S4_train_I_val_D1_2,semi,deep-coral,bottleneck16,posthoc-sklearn-lr-on-frozen-mlp-representation,2,48,16,D:\thesis\tables\opensource_da_48_54\checkpoints\48D\S4_train_I_val_D1_2\bottleneck16\mlp\deep-coral\seed_2.pt,D:\thesis\tables\opensource_da_48_54\posthoc_lr_bottleneck16\checkpoints\48D\S4_train_I_val_D1_2\deep-coral\seed_2.joblib,source + labeled target,source+target labeled train+validation refit,C=1.0;class_weight=balanced;solver=lbfgs;max_iter=2000,"[[62, 11, 0], [6, 80, 0], [4, 8, 74]]",1.0,1.0,1.0,0.8816326530612245,0.8800042476372517,0.8816790928859893
48D,S4_train_I_val_D1_2,semi,deep-coral,bottleneck16,posthoc-sklearn-lr-on-frozen-mlp-representation,3,48,16,D:\thesis\tables\opensource_da_48_54\checkpoints\48D\S4_train_I_val_D1_2\bottleneck16\mlp\deep-coral\seed_3.pt,D:\thesis\tables\opensource_da_48_54\posthoc_lr_bottleneck16\checkpoints\48D\S4_train_I_val_D1_2\deep-coral\seed_3.joblib,source + labeled target,source+target labeled train+validation refit,C=1.0;class_weight=balanced;solver=lbfgs;max_iter=2000,"[[63, 10, 0], [1, 85, 0], [2, 22, 62]]",1.0,1.0,1.0,0.8571428571428571,0.8574386747371774,0.860583693875681
48D,S4_train_I_val_D1_2,semi,deep-coral,bottleneck16,posthoc-sklearn-lr-on-frozen-mlp-representation,4,48,16,D:\thesis\tables\opensource_da_48_54\checkpoints\48D\S4_train_I_val_D1_2\bottleneck16\mlp\deep-coral\seed_4.pt,D:\thesis\tables\opensource_da_48_54\posthoc_lr_bottleneck16\checkpoints\48D\S4_train_I_val_D1_2\deep-coral\seed_4.joblib,source + labeled target,source+target labeled train+validation refit,C=1.0;class_weight=balanced;solver=lbfgs;max_iter=2000,"[[60, 13, 0], [4, 82, 0], [1, 9, 76]]",1.0,1.0,1.0,0.889795918367347,0.8863757035149199,0.8903315723554727
48D,S4_train_I_val_D1_2,semi,mk-mmd,bottleneck16,posthoc-sklearn-lr-on-frozen-mlp-representation,0,48,16,D:\thesis\tables\opensource_da_48_54\checkpoints\48D\S4_train_I_val_D1_2\bottleneck16\mlp\mk-mmd\seed_0.pt,D:\thesis\tables\opensource_da_48_54\posthoc_lr_bottleneck16\checkpoints\48D\S4_train_I_val_D1_2\mk-mmd\seed_0.joblib,source + labeled target,source+target labeled train+validation refit,C=1.0;class_weight=balanced;solver=lbfgs;max_iter=2000,"[[63, 10, 0], [1, 83, 2], [1, 8, 77]]",1.0,1.0,1.0,0.9102040816326532,0.9078262716364024,0.911359115451187
48D,S4_train_I_val_D1_2,semi,mk-mmd,bottleneck16,posthoc-sklearn-lr-on-frozen-mlp-representation,1,48,16,D:\thesis\tables\opensource_da_48_54\checkpoints\48D\S4_train_I_val_D1_2\bottleneck16\mlp\mk-mmd\seed_1.pt,D:\thesis\tables\opensource_da_48_54\posthoc_lr_bottleneck16\checkpoints\48D\S4_train_I_val_D1_2\mk-mmd\seed_1.joblib,source + labeled target,source+target labeled train+validation refit,C=1.0;class_weight=balanced;solver=lbfgs;max_iter=2000,"[[43, 30, 0], [0, 86, 0], [0, 16, 70]]",0.9655172413793104,0.961038961038961,0.961038961038961,0.8122448979591836,0.8009981947541681,0.8092686778229328
48D,S4_train_I_val_D1_2,semi,mk-mmd,bottleneck16,posthoc-sklearn-lr-on-frozen-mlp-representation,2,48,16,D:\thesis\tables\opensource_da_48_54\checkpoints\48D\S4_train_I_val_D1_2\bottleneck16\mlp\mk-mmd\seed_2.pt,D:\thesis\tables\opensource_da_48_54\posthoc_lr_bottleneck16\checkpoints\48D\S4_train_I_val_D1_2\mk-mmd\seed_2.joblib,source + labeled target,source+target labeled train+validation refit,C=1.0;class_weight=balanced;solver=lbfgs;max_iter=2000,"[[61, 12, 0], [3, 83, 0], [0, 37, 49]]",1.0,1.0,1.0,0.7877551020408163,0.7901667197621324,0.7926349215797641
48D,S4_train_I_val_D1_2,semi,mk-mmd,bottleneck16,posthoc-sklearn-lr-on-frozen-mlp-representation,3,48,16,D:\thesis\tables\opensource_da_48_54\checkpoints\48D\S4_train_I_val_D1_2\bottleneck16\mlp\mk-mmd\seed_3.pt,D:\thesis\tables\opensource_da_48_54\posthoc_lr_bottleneck16\checkpoints\48D\S4_train_I_val_D1_2\mk-mmd\seed_3.joblib,source + labeled target,source+target labeled train+validation refit,C=1.0;class_weight=balanced;solver=lbfgs;max_iter=2000,"[[64, 9, 0], [1, 85, 0], [1, 9, 76]]",1.0,1.0,1.0,0.9183673469387756,0.9162684506743124,0.9195352712538964
48D,S4_train_I_val_D1_2,semi,mk-mmd,bottleneck16,posthoc-sklearn-lr-on-frozen-mlp-representation,4,48,16,D:\thesis\tables\opensource_da_48_54\checkpoints\48D\S4_train_I_val_D1_2\bottleneck16\mlp\mk-mmd\seed_4.pt,D:\thesis\tables\opensource_da_48_54\posthoc_lr_bottleneck16\checkpoints\48D\S4_train_I_val_D1_2\mk-mmd\seed_4.joblib,source + labeled target,source+target labeled train+validation refit,C=1.0;class_weight=balanced;solver=lbfgs;max_iter=2000,"[[60, 13, 0], [2, 84, 0], [4, 7, 75]]",1.0,1.0,1.0,0.8938775510204081,0.8902516725071679,0.8930656324891052
48D,S4_train_I_val_D1_2,semi,source-only,bottleneck16,posthoc-sklearn-lr-on-frozen-mlp-representation,0,48,16,D:\thesis\tables\opensource_da_48_54\checkpoints\48D\S4_train_I_val_D1_2\bottleneck16\mlp\source-only\seed_0.pt,D:\thesis\tables\opensource_da_48_54\posthoc_lr_bottleneck16\checkpoints\48D\S4_train_I_val_D1_2\source-only\seed_0.joblib,source + labeled target,source+target labeled train+validation refit,C=1.0;class_weight=balanced;solver=lbfgs;max_iter=2000,"[[61, 12, 0], [0, 86, 0], [0, 45, 41]]",0.9827586206896552,0.9848484848484848,0.9807538091419408,0.7673469387755102,0.770786874800892,0.7690695851964603
48D,S4_train_I_val_D1_2,semi,source-only,bottleneck16,posthoc-sklearn-lr-on-frozen-mlp-representation,1,48,16,D:\thesis\tables\opensource_da_48_54\checkpoints\48D\S4_train_I_val_D1_2\bottleneck16\mlp\source-only\seed_1.pt,D:\thesis\tables\opensource_da_48_54\posthoc_lr_bottleneck16\checkpoints\48D\S4_train_I_val_D1_2\source-only\seed_1.joblib,source + labeled target,source+target labeled train+validation refit,C=1.0;class_weight=balanced;solver=lbfgs;max_iter=2000,"[[64, 9, 0], [1, 82, 3], [2, 18, 66]]",1.0,1.0,1.0,0.8653061224489796,0.8658808537750876,0.8689747528457206
48D,S4_train_I_val_D1_2,semi,source-only,bottleneck16,posthoc-sklearn-lr-on-frozen-mlp-representation,2,48,16,D:\thesis\tables\opensource_da_48_54\checkpoints\48D\S4_train_I_val_D1_2\bottleneck16\mlp\source-only\seed_2.pt,D:\thesis\tables\opensource_da_48_54\posthoc_lr_bottleneck16\checkpoints\48D\S4_train_I_val_D1_2\source-only\seed_2.joblib,source + labeled target,source+target labeled train+validation refit,C=1.0;class_weight=balanced;solver=lbfgs;max_iter=2000,"[[55, 17, 1], [3, 83, 0], [3, 36, 47]]",1.0,1.0,1.0,0.7551020408163265,0.7550175215036635,0.7567119358164135
48D,S4_train_I_val_D1_2,semi,source-only,bottleneck16,posthoc-sklearn-lr-on-frozen-mlp-representation,3,48,16,D:\thesis\tables\opensource_da_48_54\checkpoints\48D\S4_train_I_val_D1_2\bottleneck16\mlp\source-only\seed_3.pt,D:\thesis\tables\opensource_da_48_54\posthoc_lr_bottleneck16\checkpoints\48D\S4_train_I_val_D1_2\source-only\seed_3.joblib,source + labeled target,source+target labeled train+validation refit,C=1.0;class_weight=balanced;solver=lbfgs;max_iter=2000,"[[61, 11, 1], [1, 84, 1], [12, 23, 51]]",1.0,1.0,1.0,0.8,0.8017946267388765,0.7957581113980364
48D,S4_train_I_val_D1_2,semi,source-only,bottleneck16,posthoc-sklearn-lr-on-frozen-mlp-representation,4,48,16,D:\thesis\tables\opensource_da_48_54\checkpoints\48D\S4_train_I_val_D1_2\bottleneck16\mlp\source-only\seed_4.pt,D:\thesis\tables\opensource_da_48_54\posthoc_lr_bottleneck16\checkpoints\48D\S4_train_I_val_D1_2\source-only\seed_4.joblib,source + labeled target,source+target labeled train+validation refit,C=1.0;class_weight=balanced;solver=lbfgs;max_iter=2000,"[[66, 7, 0], [3, 83, 0], [5, 39, 42]]",1.0,1.0,1.0,0.7795918367346939,0.7858659870447063,0.7754340689764279
48D,S5_train_I_D1_val_D2_3,semi,c-dann,bottleneck16,posthoc-sklearn-lr-on-frozen-mlp-representation,0,48,16,D:\thesis\tables\opensource_da_48_54\checkpoints\48D\S5_train_I_D1_val_D2_3\bottleneck16\mlp\c-dann\seed_0.pt,D:\thesis\tables\opensource_da_48_54\posthoc_lr_bottleneck16\checkpoints\48D\S5_train_I_D1_val_D2_3\c-dann\seed_0.joblib,source + labeled target,source+target labeled train+validation refit,C=1.0;class_weight=balanced;solver=lbfgs;max_iter=2000,"[[56, 13, 0], [0, 81, 0], [1, 23, 57]]",0.9861111111111112,0.9876543209876544,0.9847016828148905,0.8398268398268398,0.8384326355340849,0.8443858878641488
48D,S5_train_I_D1_val_D2_3,semi,c-dann,bottleneck16,posthoc-sklearn-lr-on-frozen-mlp-representation,1,48,16,D:\thesis\tables\opensource_da_48_54\checkpoints\48D\S5_train_I_D1_val_D2_3\bottleneck16\mlp\c-dann\seed_1.pt,D:\thesis\tables\opensource_da_48_54\posthoc_lr_bottleneck16\checkpoints\48D\S5_train_I_D1_val_D2_3\c-dann\seed_1.joblib,source + labeled target,source+target labeled train+validation refit,C=1.0;class_weight=balanced;solver=lbfgs;max_iter=2000,"[[63, 6, 0], [1, 80, 0], [2, 17, 62]]",0.9861111111111112,0.9876543209876544,0.9847016828148905,0.8874458874458875,0.8887099660046519,0.8900104726191683
48D,S5_train_I_D1_val_D2_3,semi,c-dann,bottleneck16,posthoc-sklearn-lr-on-frozen-mlp-representation,2,48,16,D:\thesis\tables\opensource_da_48_54\checkpoints\48D\S5_train_I_D1_val_D2_3\bottleneck16\mlp\c-dann\seed_2.pt,D:\thesis\tables\opensource_da_48_54\posthoc_lr_bottleneck16\checkpoints\48D\S5_train_I_D1_val_D2_3\c-dann\seed_2.joblib,source + labeled target,source+target labeled train+validation refit,C=1.0;class_weight=balanced;solver=lbfgs;max_iter=2000,"[[60, 9, 0], [5, 76, 0], [5, 16, 60]]",1.0,1.0,1.0,0.8484848484848485,0.8495258543567722,0.8498460058233516
48D,S5_train_I_D1_val_D2_3,semi,c-dann,bottleneck16,posthoc-sklearn-lr-on-frozen-mlp-representation,3,48,16,D:\thesis\tables\opensource_da_48_54\checkpoints\48D\S5_train_I_D1_val_D2_3\bottleneck16\mlp\c-dann\seed_3.pt,D:\thesis\tables\opensource_da_48_54\posthoc_lr_bottleneck16\checkpoints\48D\S5_train_I_D1_val_D2_3\c-dann\seed_3.joblib,source + labeled target,source+target labeled train+validation refit,C=1.0;class_weight=balanced;solver=lbfgs;max_iter=2000,"[[54, 15, 0], [2, 79, 0], [0, 12, 69]]",0.9444444444444444,0.9444444444444444,0.9444444444444444,0.8744588744588745,0.8699230631597782,0.8763065953654189
48D,S5_train_I_D1_val_D2_3,semi,c-dann,bottleneck16,posthoc-sklearn-lr-on-frozen-mlp-representation,4,48,16,D:\thesis\tables\opensource_da_48_54\checkpoints\48D\S5_train_I_D1_val_D2_3\bottleneck16\mlp\c-dann\seed_4.pt,D:\thesis\tables\opensource_da_48_54\posthoc_lr_bottleneck16\checkpoints\48D\S5_train_I_D1_val_D2_3\c-dann\seed_4.joblib,source + labeled target,source+target labeled train+validation refit,C=1.0;class_weight=balanced;solver=lbfgs;max_iter=2000,"[[59, 10, 0], [1, 80, 0], [0, 30, 51]]",0.9583333333333334,0.95679012345679,0.9565529508925736,0.8225108225108225,0.8241188047951332,0.8278252851317759
48D,S5_train_I_D1_val_D2_3,semi,cdan,bottleneck16,posthoc-sklearn-lr-on-frozen-mlp-representation,0,48,16,D:\thesis\tables\opensource_da_48_54\checkpoints\48D\S5_train_I_D1_val_D2_3\bottleneck16\mlp\cdan\seed_0.pt,D:\thesis\tables\opensource_da_48_54\posthoc_lr_bottleneck16\checkpoints\48D\S5_train_I_D1_val_D2_3\cdan\seed_0.joblib,source + labeled target,source+target labeled train+validation refit,C=1.0;class_weight=balanced;solver=lbfgs;max_iter=2000,"[[63, 6, 0], [0, 81, 0], [0, 29, 52]]",1.0,1.0,1.0,0.8484848484848485,0.8516729289676149,0.8529451223814034
48D,S5_train_I_D1_val_D2_3,semi,cdan,bottleneck16,posthoc-sklearn-lr-on-frozen-mlp-representation,1,48,16,D:\thesis\tables\opensource_da_48_54\checkpoints\48D\S5_train_I_D1_val_D2_3\bottleneck16\mlp\cdan\seed_1.pt,D:\thesis\tables\opensource_da_48_54\posthoc_lr_bottleneck16\checkpoints\48D\S5_train_I_D1_val_D2_3\cdan\seed_1.joblib,source + labeled target,source+target labeled train+validation refit,C=1.0;class_weight=balanced;solver=lbfgs;max_iter=2000,"[[60, 9, 0], [5, 76, 0], [5, 14, 62]]",1.0,1.0,1.0,0.8571428571428571,0.8577563070316693,0.8582955546984324
48D,S5_train_I_D1_val_D2_3,semi,cdan,bottleneck16,posthoc-sklearn-lr-on-frozen-mlp-representation,2,48,16,D:\thesis\tables\opensource_da_48_54\checkpoints\48D\S5_train_I_D1_val_D2_3\bottleneck16\mlp\cdan\seed_2.pt,D:\thesis\tables\opensource_da_48_54\posthoc_lr_bottleneck16\checkpoints\48D\S5_train_I_D1_val_D2_3\cdan\seed_2.joblib,source + labeled target,source+target labeled train+validation refit,C=1.0;class_weight=balanced;solver=lbfgs;max_iter=2000,"[[66, 3, 0], [4, 76, 1], [4, 14, 63]]",1.0,1.0,1.0,0.8874458874458875,0.8908570406154946,0.8885352195697024
48D,S5_train_I_D1_val_D2_3,semi,cdan,bottleneck16,posthoc-sklearn-lr-on-frozen-mlp-representation,3,48,16,D:\thesis\tables\opensource_da_48_54\checkpoints\48D\S5_train_I_D1_val_D2_3\bottleneck16\mlp\cdan\seed_3.pt,D:\thesis\tables\opensource_da_48_54\posthoc_lr_bottleneck16\checkpoints\48D\S5_train_I_D1_val_D2_3\cdan\seed_3.joblib,source + labeled target,source+target labeled train+validation refit,C=1.0;class_weight=balanced;solver=lbfgs;max_iter=2000,"[[66, 3, 0], [1, 80, 0], [1, 8, 72]]",1.0,1.0,1.0,0.9437229437229436,0.944354983002326,0.9449708927876024
48D,S5_train_I_D1_val_D2_3,semi,cdan,bottleneck16,posthoc-sklearn-lr-on-frozen-mlp-representation,4,48,16,D:\thesis\tables\opensource_da_48_54\checkpoints\48D\S5_train_I_D1_val_D2_3\bottleneck16\mlp\cdan\seed_4.pt,D:\thesis\tables\opensource_da_48_54\posthoc_lr_bottleneck16\checkpoints\48D\S5_train_I_D1_val_D2_3\cdan\seed_4.joblib,source + labeled target,source+target labeled train+validation refit,C=1.0;class_weight=balanced;solver=lbfgs;max_iter=2000,"[[62, 7, 0], [1, 80, 0], [0, 38, 43]]",0.9583333333333334,0.95679012345679,0.9541050484446713,0.8008658008658008,0.8056897477187333,0.8032137852056426
48D,S5_train_I_D1_val_D2_3,semi,cdan+c-dann,bottleneck16,posthoc-sklearn-lr-on-frozen-mlp-representation,0,48,16,D:\thesis\tables\opensource_da_48_54\checkpoints\48D\S5_train_I_D1_val_D2_3\bottleneck16\mlp\cdan+c-dann\seed_0.pt,D:\thesis\tables\opensource_da_48_54\posthoc_lr_bottleneck16\checkpoints\48D\S5_train_I_D1_val_D2_3\cdan+c-dann\seed_0.joblib,source + labeled target,source+target labeled train+validation refit,C=1.0;class_weight=balanced;solver=lbfgs;max_iter=2000,"[[60, 9, 0], [1, 80, 0], [1, 20, 60]]",1.0,1.0,1.0,0.8658008658008658,0.8659867597065665,0.869733209098758
48D,S5_train_I_D1_val_D2_3,semi,cdan+c-dann,bottleneck16,posthoc-sklearn-lr-on-frozen-mlp-representation,1,48,16,D:\thesis\tables\opensource_da_48_54\checkpoints\48D\S5_train_I_D1_val_D2_3\bottleneck16\mlp\cdan+c-dann\seed_1.pt,D:\thesis\tables\opensource_da_48_54\posthoc_lr_bottleneck16\checkpoints\48D\S5_train_I_D1_val_D2_3\cdan+c-dann\seed_1.joblib,source + labeled target,source+target labeled train+validation refit,C=1.0;class_weight=balanced;solver=lbfgs;max_iter=2000,"[[61, 8, 0], [1, 80, 0], [2, 18, 61]]",0.9861111111111112,0.9876543209876544,0.9847016828148905,0.8744588744588745,0.8749329039184112,0.8773543786407346
48D,S5_train_I_D1_val_D2_3,semi,cdan+c-dann,bottleneck16,posthoc-sklearn-lr-on-frozen-mlp-representation,2,48,16,D:\thesis\tables\opensource_da_48_54\checkpoints\48D\S5_train_I_D1_val_D2_3\bottleneck16\mlp\cdan+c-dann\seed_2.pt,D:\thesis\tables\opensource_da_48_54\posthoc_lr_bottleneck16\checkpoints\48D\S5_train_I_D1_val_D2_3\cdan+c-dann\seed_2.joblib,source + labeled target,source+target labeled train+validation refit,C=1.0;class_weight=balanced;solver=lbfgs;max_iter=2000,"[[64, 5, 0], [1, 80, 0], [5, 8, 68]]",1.0,1.0,1.0,0.9177489177489178,0.9182322419037394,0.9177184056966414
48D,S5_train_I_D1_val_D2_3,semi,cdan+c-dann,bottleneck16,posthoc-sklearn-lr-on-frozen-mlp-representation,3,48,16,D:\thesis\tables\opensource_da_48_54\checkpoints\48D\S5_train_I_D1_val_D2_3\bottleneck16\mlp\cdan+c-dann\seed_3.pt,D:\thesis\tables\opensource_da_48_54\posthoc_lr_bottleneck16\checkpoints\48D\S5_train_I_D1_val_D2_3\cdan+c-dann\seed_3.joblib,source + labeled target,source+target labeled train+validation refit,C=1.0;class_weight=balanced;solver=lbfgs;max_iter=2000,"[[54, 15, 0], [1, 80, 0], [3, 17, 61]]",0.9444444444444444,0.9444444444444444,0.9392712550607288,0.8441558441558441,0.8411164787976381,0.846188058135439
48D,S5_train_I_D1_val_D2_3,semi,cdan+c-dann,bottleneck16,posthoc-sklearn-lr-on-frozen-mlp-representation,4,48,16,D:\thesis\tables\opensource_da_48_54\checkpoints\48D\S5_train_I_D1_val_D2_3\bottleneck16\mlp\cdan+c-dann\seed_4.pt,D:\thesis\tables\opensource_da_48_54\posthoc_lr_bottleneck16\checkpoints\48D\S5_train_I_D1_val_D2_3\cdan+c-dann\seed_4.joblib,source + labeled target,source+target labeled train+validation refit,C=1.0;class_weight=balanced;solver=lbfgs;max_iter=2000,"[[61, 8, 0], [1, 80, 0], [0, 23, 58]]",0.9583333333333334,0.95679012345679,0.9541050484446713,0.8614718614718615,0.8625872249060654,0.8663878057859057
48D,S5_train_I_D1_val_D2_3,semi,dann,bottleneck16,posthoc-sklearn-lr-on-frozen-mlp-representation,0,48,16,D:\thesis\tables\opensource_da_48_54\checkpoints\48D\S5_train_I_D1_val_D2_3\bottleneck16\mlp\dann\seed_0.pt,D:\thesis\tables\opensource_da_48_54\posthoc_lr_bottleneck16\checkpoints\48D\S5_train_I_D1_val_D2_3\dann\seed_0.joblib,source + labeled target,source+target labeled train+validation refit,C=1.0;class_weight=balanced;solver=lbfgs;max_iter=2000,"[[61, 8, 0], [6, 75, 0], [3, 7, 71]]",1.0,1.0,1.0,0.8961038961038961,0.895509035605654,0.8963671168328494
48D,S5_train_I_D1_val_D2_3,semi,dann,bottleneck16,posthoc-sklearn-lr-on-frozen-mlp-representation,1,48,16,D:\thesis\tables\opensource_da_48_54\checkpoints\48D\S5_train_I_D1_val_D2_3\bottleneck16\mlp\dann\seed_1.pt,D:\thesis\tables\opensource_da_48_54\posthoc_lr_bottleneck16\checkpoints\48D\S5_train_I_D1_val_D2_3\dann\seed_1.joblib,source + labeled target,source+target labeled train+validation refit,C=1.0;class_weight=balanced;solver=lbfgs;max_iter=2000,"[[63, 6, 0], [1, 80, 0], [0, 21, 60]]",0.9305555555555556,0.9320987654320988,0.92984942984943,0.8787878787878788,0.8804795133297549,0.8831653602090332
48D,S5_train_I_D1_val_D2_3,semi,dann,bottleneck16,posthoc-sklearn-lr-on-frozen-mlp-representation,2,48,16,D:\thesis\tables\opensource_da_48_54\checkpoints\48D\S5_train_I_D1_val_D2_3\bottleneck16\mlp\dann\seed_2.pt,D:\thesis\tables\opensource_da_48_54\posthoc_lr_bottleneck16\checkpoints\48D\S5_train_I_D1_val_D2_3\dann\seed_2.joblib,source + labeled target,source+target labeled train+validation refit,C=1.0;class_weight=balanced;solver=lbfgs;max_iter=2000,"[[64, 5, 0], [1, 80, 0], [1, 13, 67]]",1.0,1.0,1.0,0.9134199134199136,0.914117015566291,0.9158027673856352
48D,S5_train_I_D1_val_D2_3,semi,dann,bottleneck16,posthoc-sklearn-lr-on-frozen-mlp-representation,3,48,16,D:\thesis\tables\opensource_da_48_54\checkpoints\48D\S5_train_I_D1_val_D2_3\bottleneck16\mlp\dann\seed_3.pt,D:\thesis\tables\opensource_da_48_54\posthoc_lr_bottleneck16\checkpoints\48D\S5_train_I_D1_val_D2_3\dann\seed_3.joblib,source + labeled target,source+target labeled train+validation refit,C=1.0;class_weight=balanced;solver=lbfgs;max_iter=2000,"[[64, 5, 0], [3, 78, 0], [5, 16, 60]]",1.0,1.0,1.0,0.8744588744588745,0.8770799785292539,0.8751773049645389
48D,S5_train_I_D1_val_D2_3,semi,dann,bottleneck16,posthoc-sklearn-lr-on-frozen-mlp-representation,4,48,16,D:\thesis\tables\opensource_da_48_54\checkpoints\48D\S5_train_I_D1_val_D2_3\bottleneck16\mlp\dann\seed_4.pt,D:\thesis\tables\opensource_da_48_54\posthoc_lr_bottleneck16\checkpoints\48D\S5_train_I_D1_val_D2_3\dann\seed_4.joblib,source + labeled target,source+target labeled train+validation refit,C=1.0;class_weight=balanced;solver=lbfgs;max_iter=2000,"[[59, 10, 0], [1, 80, 0], [0, 33, 48]]",0.9722222222222222,0.9691358024691358,0.9691358024691358,0.8095238095238095,0.8117731257827877,0.8144094847241222
48D,S5_train_I_D1_val_D2_3,semi,deep-coral,bottleneck16,posthoc-sklearn-lr-on-frozen-mlp-representation,0,48,16,D:\thesis\tables\opensource_da_48_54\checkpoints\48D\S5_train_I_D1_val_D2_3\bottleneck16\mlp\deep-coral\seed_0.pt,D:\thesis\tables\opensource_da_48_54\posthoc_lr_bottleneck16\checkpoints\48D\S5_train_I_D1_val_D2_3\deep-coral\seed_0.joblib,source + labeled target,source+target labeled train+validation refit,C=1.0;class_weight=balanced;solver=lbfgs;max_iter=2000,"[[64, 5, 0], [2, 79, 0], [3, 10, 68]]",1.0,1.0,1.0,0.9134199134199136,0.9141170155662908,0.91438168419785
48D,S5_train_I_D1_val_D2_3,semi,deep-coral,bottleneck16,posthoc-sklearn-lr-on-frozen-mlp-representation,1,48,16,D:\thesis\tables\opensource_da_48_54\checkpoints\48D\S5_train_I_D1_val_D2_3\bottleneck16\mlp\deep-coral\seed_1.pt,D:\thesis\tables\opensource_da_48_54\posthoc_lr_bottleneck16\checkpoints\48D\S5_train_I_D1_val_D2_3\deep-coral\seed_1.joblib,source + labeled target,source+target labeled train+validation refit,C=1.0;class_weight=balanced;solver=lbfgs;max_iter=2000,"[[64, 5, 0], [3, 78, 0], [3, 9, 69]]",1.0,1.0,1.0,0.9134199134199136,0.9141170155662908,0.914199137799587
48D,S5_train_I_D1_val_D2_3,semi,deep-coral,bottleneck16,posthoc-sklearn-lr-on-frozen-mlp-representation,2,48,16,D:\thesis\tables\opensource_da_48_54\checkpoints\48D\S5_train_I_D1_val_D2_3\bottleneck16\mlp\deep-coral\seed_2.pt,D:\thesis\tables\opensource_da_48_54\posthoc_lr_bottleneck16\checkpoints\48D\S5_train_I_D1_val_D2_3\deep-coral\seed_2.joblib,source + labeled target,source+target labeled train+validation refit,C=1.0;class_weight=balanced;solver=lbfgs;max_iter=2000,"[[65, 4, 0], [3, 78, 0], [1, 13, 67]]",1.0,1.0,1.0,0.9090909090909092,0.91071748076579,0.911266009092096
48D,S5_train_I_D1_val_D2_3,semi,deep-coral,bottleneck16,posthoc-sklearn-lr-on-frozen-mlp-representation,3,48,16,D:\thesis\tables\opensource_da_48_54\checkpoints\48D\S5_train_I_D1_val_D2_3\bottleneck16\mlp\deep-coral\seed_3.pt,D:\thesis\tables\opensource_da_48_54\posthoc_lr_bottleneck16\checkpoints\48D\S5_train_I_D1_val_D2_3\deep-coral\seed_3.joblib,source + labeled target,source+target labeled train+validation refit,C=1.0;class_weight=balanced;solver=lbfgs;max_iter=2000,"[[60, 9, 0], [1, 80, 0], [1, 7, 73]]",1.0,1.0,1.0,0.922077922077922,0.9194847020933976,0.92267909488766
48D,S5_train_I_D1_val_D2_3,semi,deep-coral,bottleneck16,posthoc-sklearn-lr-on-frozen-mlp-representation,4,48,16,D:\thesis\tables\opensource_da_48_54\checkpoints\48D\S5_train_I_D1_val_D2_3\bottleneck16\mlp\deep-coral\seed_4.pt,D:\thesis\tables\opensource_da_48_54\posthoc_lr_bottleneck16\checkpoints\48D\S5_train_I_D1_val_D2_3\deep-coral\seed_4.joblib,source + labeled target,source+target labeled train+validation refit,C=1.0;class_weight=balanced;solver=lbfgs;max_iter=2000,"[[60, 9, 0], [1, 80, 0], [0, 25, 56]]",0.9722222222222222,0.9691358024691358,0.9691358024691358,0.8484848484848485,0.8495258543567722,0.853702663921642
48D,S5_train_I_D1_val_D2_3,semi,mk-mmd,bottleneck16,posthoc-sklearn-lr-on-frozen-mlp-representation,0,48,16,D:\thesis\tables\opensource_da_48_54\checkpoints\48D\S5_train_I_D1_val_D2_3\bottleneck16\mlp\mk-mmd\seed_0.pt,D:\thesis\tables\opensource_da_48_54\posthoc_lr_bottleneck16\checkpoints\48D\S5_train_I_D1_val_D2_3\mk-mmd\seed_0.joblib,source + labeled target,source+target labeled train+validation refit,C=1.0;class_weight=balanced;solver=lbfgs;max_iter=2000,"[[63, 6, 0], [2, 79, 0], [1, 9, 71]]",1.0,1.0,1.0,0.922077922077922,0.9216317767042403,0.923467000835422
48D,S5_train_I_D1_val_D2_3,semi,mk-mmd,bottleneck16,posthoc-sklearn-lr-on-frozen-mlp-representation,1,48,16,D:\thesis\tables\opensource_da_48_54\checkpoints\48D\S5_train_I_D1_val_D2_3\bottleneck16\mlp\mk-mmd\seed_1.pt,D:\thesis\tables\opensource_da_48_54\posthoc_lr_bottleneck16\checkpoints\48D\S5_train_I_D1_val_D2_3\mk-mmd\seed_1.joblib,source + labeled target,source+target labeled train+validation refit,C=1.0;class_weight=balanced;solver=lbfgs;max_iter=2000,"[[59, 10, 0], [0, 81, 0], [1, 18, 62]]",0.9861111111111112,0.9876543209876544,0.9847016828148905,0.8744588744588745,0.873501520844516,0.8781643760835927
48D,S5_train_I_D1_val_D2_3,semi,mk-mmd,bottleneck16,posthoc-sklearn-lr-on-frozen-mlp-representation,2,48,16,D:\thesis\tables\opensource_da_48_54\checkpoints\48D\S5_train_I_D1_val_D2_3\bottleneck16\mlp\mk-mmd\seed_2.pt,D:\thesis\tables\opensource_da_48_54\posthoc_lr_bottleneck16\checkpoints\48D\S5_train_I_D1_val_D2_3\mk-mmd\seed_2.joblib,source + labeled target,source+target labeled train+validation refit,C=1.0;class_weight=balanced;solver=lbfgs;max_iter=2000,"[[58, 11, 0], [1, 80, 0], [1, 14, 66]]",0.9722222222222222,0.9691358024691358,0.9691358024691358,0.8831168831168831,0.8810162819824655,0.8857996812128203
48D,S5_train_I_D1_val_D2_3,semi,mk-mmd,bottleneck16,posthoc-sklearn-lr-on-frozen-mlp-representation,3,48,16,D:\thesis\tables\opensource_da_48_54\checkpoints\48D\S5_train_I_D1_val_D2_3\bottleneck16\mlp\mk-mmd\seed_3.pt,D:\thesis\tables\opensource_da_48_54\posthoc_lr_bottleneck16\checkpoints\48D\S5_train_I_D1_val_D2_3\mk-mmd\seed_3.joblib,source + labeled target,source+target labeled train+validation refit,C=1.0;class_weight=balanced;solver=lbfgs;max_iter=2000,"[[63, 6, 0], [1, 80, 0], [5, 19, 57]]",1.0,1.0,1.0,0.8658008658008658,0.8681338343174092,0.8664484961820165
48D,S5_train_I_D1_val_D2_3,semi,mk-mmd,bottleneck16,posthoc-sklearn-lr-on-frozen-mlp-representation,4,48,16,D:\thesis\tables\opensource_da_48_54\checkpoints\48D\S5_train_I_D1_val_D2_3\bottleneck16\mlp\mk-mmd\seed_4.pt,D:\thesis\tables\opensource_da_48_54\posthoc_lr_bottleneck16\checkpoints\48D\S5_train_I_D1_val_D2_3\mk-mmd\seed_4.joblib,source + labeled target,source+target labeled train+validation refit,C=1.0;class_weight=balanced;solver=lbfgs;max_iter=2000,"[[60, 9, 0], [1, 80, 0], [2, 10, 69]]",0.9861111111111112,0.9876543209876544,0.9847016828148905,0.9047619047619048,0.9030237967436032,0.905993265993266
48D,S5_train_I_D1_val_D2_3,semi,source-only,bottleneck16,posthoc-sklearn-lr-on-frozen-mlp-representation,0,48,16,D:\thesis\tables\opensource_da_48_54\checkpoints\48D\S5_train_I_D1_val_D2_3\bottleneck16\mlp\source-only\seed_0.pt,D:\thesis\tables\opensource_da_48_54\posthoc_lr_bottleneck16\checkpoints\48D\S5_train_I_D1_val_D2_3\source-only\seed_0.joblib,source + labeled target,source+target labeled train+validation refit,C=1.0;class_weight=balanced;solver=lbfgs;max_iter=2000,"[[65, 4, 0], [6, 75, 0], [7, 16, 58]]",1.0,1.0,1.0,0.8571428571428571,0.8613347647164072,0.8570529476233485
48D,S5_train_I_D1_val_D2_3,semi,source-only,bottleneck16,posthoc-sklearn-lr-on-frozen-mlp-representation,1,48,16,D:\thesis\tables\opensource_da_48_54\checkpoints\48D\S5_train_I_D1_val_D2_3\bottleneck16\mlp\source-only\seed_1.pt,D:\thesis\tables\opensource_da_48_54\posthoc_lr_bottleneck16\checkpoints\48D\S5_train_I_D1_val_D2_3\source-only\seed_1.joblib,source + labeled target,source+target labeled train+validation refit,C=1.0;class_weight=balanced;solver=lbfgs;max_iter=2000,"[[61, 8, 0], [0, 81, 0], [0, 34, 47]]",0.9583333333333334,0.95679012345679,0.9541050484446713,0.8181818181818182,0.8214349615315798,0.8223180618401207
48D,S5_train_I_D1_val_D2_3,semi,source-only,bottleneck16,posthoc-sklearn-lr-on-frozen-mlp-representation,2,48,16,D:\thesis\tables\opensource_da_48_54\checkpoints\48D\S5_train_I_D1_val_D2_3\bottleneck16\mlp\source-only\seed_2.pt,D:\thesis\tables\opensource_da_48_54\posthoc_lr_bottleneck16\checkpoints\48D\S5_train_I_D1_val_D2_3\source-only\seed_2.joblib,source + labeled target,source+target labeled train+validation refit,C=1.0;class_weight=balanced;solver=lbfgs;max_iter=2000,"[[62, 7, 0], [5, 76, 0], [8, 15, 58]]",1.0,1.0,1.0,0.8484848484848485,0.8509572374306673,0.848268498795005
48D,S5_train_I_D1_val_D2_3,semi,source-only,bottleneck16,posthoc-sklearn-lr-on-frozen-mlp-representation,3,48,16,D:\thesis\tables\opensource_da_48_54\checkpoints\48D\S5_train_I_D1_val_D2_3\bottleneck16\mlp\source-only\seed_3.pt,D:\thesis\tables\opensource_da_48_54\posthoc_lr_bottleneck16\checkpoints\48D\S5_train_I_D1_val_D2_3\source-only\seed_3.joblib,source + labeled target,source+target labeled train+validation refit,C=1.0;class_weight=balanced;solver=lbfgs;max_iter=2000,"[[64, 5, 0], [3, 78, 0], [2, 14, 65]]",1.0,1.0,1.0,0.8961038961038961,0.8976561102164967,0.8981172283900634
48D,S5_train_I_D1_val_D2_3,semi,source-only,bottleneck16,posthoc-sklearn-lr-on-frozen-mlp-representation,4,48,16,D:\thesis\tables\opensource_da_48_54\checkpoints\48D\S5_train_I_D1_val_D2_3\bottleneck16\mlp\source-only\seed_4.pt,D:\thesis\tables\opensource_da_48_54\posthoc_lr_bottleneck16\checkpoints\48D\S5_train_I_D1_val_D2_3\source-only\seed_4.joblib,source + labeled target,source+target labeled train+validation refit,C=1.0;class_weight=balanced;solver=lbfgs;max_iter=2000,"[[63, 6, 0], [1, 80, 0], [1, 28, 52]]",1.0,1.0,1.0,0.8441558441558441,0.8475577026301663,0.8475887383978508
48D,S6_train_I_D1_2_val_D3_5,semi,c-dann,bottleneck16,posthoc-sklearn-lr-on-frozen-mlp-representation,0,48,16,D:\thesis\tables\opensource_da_48_54\checkpoints\48D\S6_train_I_D1_2_val_D3_5\bottleneck16\mlp\c-dann\seed_0.pt,D:\thesis\tables\opensource_da_48_54\posthoc_lr_bottleneck16\checkpoints\48D\S6_train_I_D1_2_val_D3_5\c-dann\seed_0.joblib,source + labeled target,source+target labeled train+validation refit,C=1.0;class_weight=balanced;solver=lbfgs;max_iter=2000,"[[60, 3, 0], [1, 70, 0], [0, 8, 63]]",1.0,1.0,1.0,0.9414634146341464,0.9418734630002236,0.9430310248418352
48D,S6_train_I_D1_2_val_D3_5,semi,c-dann,bottleneck16,posthoc-sklearn-lr-on-frozen-mlp-representation,1,48,16,D:\thesis\tables\opensource_da_48_54\checkpoints\48D\S6_train_I_D1_2_val_D3_5\bottleneck16\mlp\c-dann\seed_1.pt,D:\thesis\tables\opensource_da_48_54\posthoc_lr_bottleneck16\checkpoints\48D\S6_train_I_D1_2_val_D3_5\c-dann\seed_1.joblib,source + labeled target,source+target labeled train+validation refit,C=1.0;class_weight=balanced;solver=lbfgs;max_iter=2000,"[[59, 4, 0], [0, 71, 0], [0, 5, 66]]",0.979591836734694,0.981981981981982,0.9774074074074074,0.9560975609756096,0.955361800432223,0.9570380384608376
48D,S6_train_I_D1_2_val_D3_5,semi,c-dann,bottleneck16,posthoc-sklearn-lr-on-frozen-mlp-representation,2,48,16,D:\thesis\tables\opensource_da_48_54\checkpoints\48D\S6_train_I_D1_2_val_D3_5\bottleneck16\mlp\c-dann\seed_2.pt,D:\thesis\tables\opensource_da_48_54\posthoc_lr_bottleneck16\checkpoints\48D\S6_train_I_D1_2_val_D3_5\c-dann\seed_2.joblib,source + labeled target,source+target labeled train+validation refit,C=1.0;class_weight=balanced;solver=lbfgs;max_iter=2000,"[[61, 2, 0], [1, 70, 0], [0, 5, 66]]",1.0,1.0,1.0,0.9609756097560976,0.9612489753334824,0.9618165318603276
48D,S6_train_I_D1_2_val_D3_5,semi,c-dann,bottleneck16,posthoc-sklearn-lr-on-frozen-mlp-representation,3,48,16,D:\thesis\tables\opensource_da_48_54\checkpoints\48D\S6_train_I_D1_2_val_D3_5\bottleneck16\mlp\c-dann\seed_3.pt,D:\thesis\tables\opensource_da_48_54\posthoc_lr_bottleneck16\checkpoints\48D\S6_train_I_D1_2_val_D3_5\c-dann\seed_3.joblib,source + labeled target,source+target labeled train+validation refit,C=1.0;class_weight=balanced;solver=lbfgs;max_iter=2000,"[[59, 4, 0], [0, 71, 0], [0, 19, 52]]",1.0,1.0,1.0,0.8878048780487805,0.8896341009017066,0.8911158768815706
48D,S6_train_I_D1_2_val_D3_5,semi,c-dann,bottleneck16,posthoc-sklearn-lr-on-frozen-mlp-representation,4,48,16,D:\thesis\tables\opensource_da_48_54\checkpoints\48D\S6_train_I_D1_2_val_D3_5\bottleneck16\mlp\c-dann\seed_4.pt,D:\thesis\tables\opensource_da_48_54\posthoc_lr_bottleneck16\checkpoints\48D\S6_train_I_D1_2_val_D3_5\c-dann\seed_4.joblib,source + labeled target,source+target labeled train+validation refit,C=1.0;class_weight=balanced;solver=lbfgs;max_iter=2000,"[[53, 10, 0], [1, 70, 0], [0, 7, 64]]",0.979591836734694,0.981981981981982,0.9774074074074074,0.9121951219512195,0.9095312616439378,0.913402334499381
48D,S6_train_I_D1_2_val_D3_5,semi,cdan,bottleneck16,posthoc-sklearn-lr-on-frozen-mlp-representation,0,48,16,D:\thesis\tables\opensource_da_48_54\checkpoints\48D\S6_train_I_D1_2_val_D3_5\bottleneck16\mlp\cdan\seed_0.pt,D:\thesis\tables\opensource_da_48_54\posthoc_lr_bottleneck16\checkpoints\48D\S6_train_I_D1_2_val_D3_5\cdan\seed_0.joblib,source + labeled target,source+target labeled train+validation refit,C=1.0;class_weight=balanced;solver=lbfgs;max_iter=2000,"[[59, 4, 0], [1, 69, 1], [0, 3, 68]]",1.0,1.0,1.0,0.9560975609756096,0.955361800432223,0.9565178917095292
48D,S6_train_I_D1_2_val_D3_5,semi,cdan,bottleneck16,posthoc-sklearn-lr-on-frozen-mlp-representation,1,48,16,D:\thesis\tables\opensource_da_48_54\checkpoints\48D\S6_train_I_D1_2_val_D3_5\bottleneck16\mlp\cdan\seed_1.pt,D:\thesis\tables\opensource_da_48_54\posthoc_lr_bottleneck16\checkpoints\48D\S6_train_I_D1_2_val_D3_5\cdan\seed_1.joblib,source + labeled target,source+target labeled train+validation refit,C=1.0;class_weight=balanced;solver=lbfgs;max_iter=2000,"[[57, 6, 0], [2, 69, 0], [4, 7, 60]]",1.0,1.0,1.0,0.9073170731707316,0.907221104404203,0.9075844078089252
48D,S6_train_I_D1_2_val_D3_5,semi,cdan,bottleneck16,posthoc-sklearn-lr-on-frozen-mlp-representation,2,48,16,D:\thesis\tables\opensource_da_48_54\checkpoints\48D\S6_train_I_D1_2_val_D3_5\bottleneck16\mlp\cdan\seed_2.pt,D:\thesis\tables\opensource_da_48_54\posthoc_lr_bottleneck16\checkpoints\48D\S6_train_I_D1_2_val_D3_5\cdan\seed_2.joblib,source + labeled target,source+target labeled train+validation refit,C=1.0;class_weight=balanced;solver=lbfgs;max_iter=2000,"[[59, 4, 0], [2, 69, 0], [2, 11, 58]]",1.0,1.0,1.0,0.9073170731707316,0.9084134436247112,0.9086851077848828
48D,S6_train_I_D1_2_val_D3_5,semi,cdan,bottleneck16,posthoc-sklearn-lr-on-frozen-mlp-representation,3,48,16,D:\thesis\tables\opensource_da_48_54\checkpoints\48D\S6_train_I_D1_2_val_D3_5\bottleneck16\mlp\cdan\seed_3.pt,D:\thesis\tables\opensource_da_48_54\posthoc_lr_bottleneck16\checkpoints\48D\S6_train_I_D1_2_val_D3_5\cdan\seed_3.joblib,source + labeled target,source+target labeled train+validation refit,C=1.0;class_weight=balanced;solver=lbfgs;max_iter=2000,"[[52, 11, 0], [3, 68, 0], [1, 6, 64]]",1.0,1.0,1.0,0.8975609756097561,0.89485058499143,0.8979641999249842
48D,S6_train_I_D1_2_val_D3_5,semi,cdan,bottleneck16,posthoc-sklearn-lr-on-frozen-mlp-representation,4,48,16,D:\thesis\tables\opensource_da_48_54\checkpoints\48D\S6_train_I_D1_2_val_D3_5\bottleneck16\mlp\cdan\seed_4.pt,D:\thesis\tables\opensource_da_48_54\posthoc_lr_bottleneck16\checkpoints\48D\S6_train_I_D1_2_val_D3_5\cdan\seed_4.joblib,source + labeled target,source+target labeled train+validation refit,C=1.0;class_weight=balanced;solver=lbfgs;max_iter=2000,"[[57, 6, 0], [0, 71, 0], [0, 7, 64]]",0.9693877551020408,0.9729729729729728,0.9663076498204916,0.9365853658536586,0.93539011848871,0.9380923934687376
48D,S6_train_I_D1_2_val_D3_5,semi,cdan+c-dann,bottleneck16,posthoc-sklearn-lr-on-frozen-mlp-representation,0,48,16,D:\thesis\tables\opensource_da_48_54\checkpoints\48D\S6_train_I_D1_2_val_D3_5\bottleneck16\mlp\cdan+c-dann\seed_0.pt,D:\thesis\tables\opensource_da_48_54\posthoc_lr_bottleneck16\checkpoints\48D\S6_train_I_D1_2_val_D3_5\cdan+c-dann\seed_0.joblib,source + labeled target,source+target labeled train+validation refit,C=1.0;class_weight=balanced;solver=lbfgs;max_iter=2000,"[[57, 6, 0], [0, 71, 0], [1, 6, 64]]",0.9693877551020408,0.9729729729729732,0.9684018264840182,0.9365853658536586,0.93539011848871,0.9374582768522162
48D,S6_train_I_D1_2_val_D3_5,semi,cdan+c-dann,bottleneck16,posthoc-sklearn-lr-on-frozen-mlp-representation,1,48,16,D:\thesis\tables\opensource_da_48_54\checkpoints\48D\S6_train_I_D1_2_val_D3_5\bottleneck16\mlp\cdan+c-dann\seed_1.pt,D:\thesis\tables\opensource_da_48_54\posthoc_lr_bottleneck16\checkpoints\48D\S6_train_I_D1_2_val_D3_5\cdan+c-dann\seed_1.joblib,source + labeled target,source+target labeled train+validation refit,C=1.0;class_weight=balanced;solver=lbfgs;max_iter=2000,"[[58, 5, 0], [4, 67, 0], [3, 5, 63]]",1.0,1.0,1.0,0.9170731707317074,0.9172069453759596,0.9173179709560304
48D,S6_train_I_D1_2_val_D3_5,semi,cdan+c-dann,bottleneck16,posthoc-sklearn-lr-on-frozen-mlp-representation,2,48,16,D:\thesis\tables\opensource_da_48_54\checkpoints\48D\S6_train_I_D1_2_val_D3_5\bottleneck16\mlp\cdan+c-dann\seed_2.pt,D:\thesis\tables\opensource_da_48_54\posthoc_lr_bottleneck16\checkpoints\48D\S6_train_I_D1_2_val_D3_5\cdan+c-dann\seed_2.joblib,source + labeled target,source+target labeled train+validation refit,C=1.0;class_weight=balanced;solver=lbfgs;max_iter=2000,"[[57, 6, 0], [7, 64, 0], [2, 3, 66]]",1.0,1.0,1.0,0.9121951219512195,0.9119159400849542,0.9120378229188278
48D,S6_train_I_D1_2_val_D3_5,semi,cdan+c-dann,bottleneck16,posthoc-sklearn-lr-on-frozen-mlp-representation,3,48,16,D:\thesis\tables\opensource_da_48_54\checkpoints\48D\S6_train_I_D1_2_val_D3_5\bottleneck16\mlp\cdan+c-dann\seed_3.pt,D:\thesis\tables\opensource_da_48_54\posthoc_lr_bottleneck16\checkpoints\48D\S6_train_I_D1_2_val_D3_5\cdan+c-dann\seed_3.joblib,source + labeled target,source+target labeled train+validation refit,C=1.0;class_weight=balanced;solver=lbfgs;max_iter=2000,"[[57, 6, 0], [1, 70, 0], [1, 11, 59]]",1.0,1.0,1.0,0.9073170731707316,0.907221104404203,0.9093981621891976
48D,S6_train_I_D1_2_val_D3_5,semi,cdan+c-dann,bottleneck16,posthoc-sklearn-lr-on-frozen-mlp-representation,4,48,16,D:\thesis\tables\opensource_da_48_54\checkpoints\48D\S6_train_I_D1_2_val_D3_5\bottleneck16\mlp\cdan+c-dann\seed_4.pt,D:\thesis\tables\opensource_da_48_54\posthoc_lr_bottleneck16\checkpoints\48D\S6_train_I_D1_2_val_D3_5\cdan+c-dann\seed_4.joblib,source + labeled target,source+target labeled train+validation refit,C=1.0;class_weight=balanced;solver=lbfgs;max_iter=2000,"[[57, 6, 0], [1, 70, 0], [0, 8, 63]]",0.979591836734694,0.981981981981982,0.9774074074074074,0.926829268292683,0.9260004471272076,0.9285576914149593
48D,S6_train_I_D1_2_val_D3_5,semi,dann,bottleneck16,posthoc-sklearn-lr-on-frozen-mlp-representation,0,48,16,D:\thesis\tables\opensource_da_48_54\checkpoints\48D\S6_train_I_D1_2_val_D3_5\bottleneck16\mlp\dann\seed_0.pt,D:\thesis\tables\opensource_da_48_54\posthoc_lr_bottleneck16\checkpoints\48D\S6_train_I_D1_2_val_D3_5\dann\seed_0.joblib,source + labeled target,source+target labeled train+validation refit,C=1.0;class_weight=balanced;solver=lbfgs;max_iter=2000,"[[57, 6, 0], [1, 70, 0], [0, 8, 63]]",1.0,1.0,1.0,0.926829268292683,0.9260004471272076,0.9285576914149593
48D,S6_train_I_D1_2_val_D3_5,semi,dann,bottleneck16,posthoc-sklearn-lr-on-frozen-mlp-representation,1,48,16,D:\thesis\tables\opensource_da_48_54\checkpoints\48D\S6_train_I_D1_2_val_D3_5\bottleneck16\mlp\dann\seed_1.pt,D:\thesis\tables\opensource_da_48_54\posthoc_lr_bottleneck16\checkpoints\48D\S6_train_I_D1_2_val_D3_5\dann\seed_1.joblib,source + labeled target,source+target labeled train+validation refit,C=1.0;class_weight=balanced;solver=lbfgs;max_iter=2000,"[[60, 3, 0], [1, 70, 0], [2, 7, 62]]",1.0,1.0,1.0,0.9365853658536586,0.9371786273194724,0.9372880324431389
48D,S6_train_I_D1_2_val_D3_5,semi,dann,bottleneck16,posthoc-sklearn-lr-on-frozen-mlp-representation,2,48,16,D:\thesis\tables\opensource_da_48_54\checkpoints\48D\S6_train_I_D1_2_val_D3_5\bottleneck16\mlp\dann\seed_2.pt,D:\thesis\tables\opensource_da_48_54\posthoc_lr_bottleneck16\checkpoints\48D\S6_train_I_D1_2_val_D3_5\dann\seed_2.joblib,source + labeled target,source+target labeled train+validation refit,C=1.0;class_weight=balanced;solver=lbfgs;max_iter=2000,"[[56, 7, 0], [2, 69, 0], [2, 6, 63]]",1.0,1.0,1.0,0.9170731707317074,0.9160146061554512,0.9176094658224896
48D,S6_train_I_D1_2_val_D3_5,semi,dann,bottleneck16,posthoc-sklearn-lr-on-frozen-mlp-representation,3,48,16,D:\thesis\tables\opensource_da_48_54\checkpoints\48D\S6_train_I_D1_2_val_D3_5\bottleneck16\mlp\dann\seed_3.pt,D:\thesis\tables\opensource_da_48_54\posthoc_lr_bottleneck16\checkpoints\48D\S6_train_I_D1_2_val_D3_5\dann\seed_3.joblib,source + labeled target,source+target labeled train+validation refit,C=1.0;class_weight=balanced;solver=lbfgs;max_iter=2000,"[[58, 5, 0], [1, 70, 0], [1, 6, 64]]",1.0,1.0,1.0,0.9365853658536586,0.935986288098964,0.9374300702071348
48D,S6_train_I_D1_2_val_D3_5,semi,dann,bottleneck16,posthoc-sklearn-lr-on-frozen-mlp-representation,4,48,16,D:\thesis\tables\opensource_da_48_54\checkpoints\48D\S6_train_I_D1_2_val_D3_5\bottleneck16\mlp\dann\seed_4.pt,D:\thesis\tables\opensource_da_48_54\posthoc_lr_bottleneck16\checkpoints\48D\S6_train_I_D1_2_val_D3_5\dann\seed_4.joblib,source + labeled target,source+target labeled train+validation refit,C=1.0;class_weight=balanced;solver=lbfgs;max_iter=2000,"[[59, 4, 0], [0, 71, 0], [0, 7, 64]]",0.9897959183673468,0.990990990990991,0.9886310688659024,0.946341463414634,0.9459721290707206,0.947821946021882
48D,S6_train_I_D1_2_val_D3_5,semi,deep-coral,bottleneck16,posthoc-sklearn-lr-on-frozen-mlp-representation,0,48,16,D:\thesis\tables\opensource_da_48_54\checkpoints\48D\S6_train_I_D1_2_val_D3_5\bottleneck16\mlp\deep-coral\seed_0.pt,D:\thesis\tables\opensource_da_48_54\posthoc_lr_bottleneck16\checkpoints\48D\S6_train_I_D1_2_val_D3_5\deep-coral\seed_0.joblib,source + labeled target,source+target labeled train+validation refit,C=1.0;class_weight=balanced;solver=lbfgs;max_iter=2000,"[[59, 4, 0], [1, 70, 0], [0, 6, 65]]",1.0,1.0,1.0,0.946341463414634,0.9459721290707206,0.947461421439302
48D,S6_train_I_D1_2_val_D3_5,semi,deep-coral,bottleneck16,posthoc-sklearn-lr-on-frozen-mlp-representation,1,48,16,D:\thesis\tables\opensource_da_48_54\checkpoints\48D\S6_train_I_D1_2_val_D3_5\bottleneck16\mlp\deep-coral\seed_1.pt,D:\thesis\tables\opensource_da_48_54\posthoc_lr_bottleneck16\checkpoints\48D\S6_train_I_D1_2_val_D3_5\deep-coral\seed_1.joblib,source + labeled target,source+target labeled train+validation refit,C=1.0;class_weight=balanced;solver=lbfgs;max_iter=2000,"[[59, 4, 0], [1, 70, 0], [1, 12, 58]]",1.0,1.0,1.0,0.9121951219512195,0.9131082793054623,0.9141858182167624
48D,S6_train_I_D1_2_val_D3_5,semi,deep-coral,bottleneck16,posthoc-sklearn-lr-on-frozen-mlp-representation,2,48,16,D:\thesis\tables\opensource_da_48_54\checkpoints\48D\S6_train_I_D1_2_val_D3_5\bottleneck16\mlp\deep-coral\seed_2.pt,D:\thesis\tables\opensource_da_48_54\posthoc_lr_bottleneck16\checkpoints\48D\S6_train_I_D1_2_val_D3_5\deep-coral\seed_2.joblib,source + labeled target,source+target labeled train+validation refit,C=1.0;class_weight=balanced;solver=lbfgs;max_iter=2000,"[[56, 7, 0], [0, 71, 0], [0, 6, 65]]",0.9897959183673468,0.990990990990991,0.9886310688659024,0.9365853658536586,0.934793948878456,0.9377292852624922
48D,S6_train_I_D1_2_val_D3_5,semi,deep-coral,bottleneck16,posthoc-sklearn-lr-on-frozen-mlp-representation,3,48,16,D:\thesis\tables\opensource_da_48_54\checkpoints\48D\S6_train_I_D1_2_val_D3_5\bottleneck16\mlp\deep-coral\seed_3.pt,D:\thesis\tables\opensource_da_48_54\posthoc_lr_bottleneck16\checkpoints\48D\S6_train_I_D1_2_val_D3_5\deep-coral\seed_3.joblib,source + labeled target,source+target labeled train+validation refit,C=1.0;class_weight=balanced;solver=lbfgs;max_iter=2000,"[[59, 4, 0], [1, 70, 0], [0, 7, 64]]",1.0,1.0,1.0,0.9414634146341464,0.9412772933899696,0.9428501244076768
48D,S6_train_I_D1_2_val_D3_5,semi,deep-coral,bottleneck16,posthoc-sklearn-lr-on-frozen-mlp-representation,4,48,16,D:\thesis\tables\opensource_da_48_54\checkpoints\48D\S6_train_I_D1_2_val_D3_5\bottleneck16\mlp\deep-coral\seed_4.pt,D:\thesis\tables\opensource_da_48_54\posthoc_lr_bottleneck16\checkpoints\48D\S6_train_I_D1_2_val_D3_5\deep-coral\seed_4.joblib,source + labeled target,source+target labeled train+validation refit,C=1.0;class_weight=balanced;solver=lbfgs;max_iter=2000,"[[58, 5, 0], [1, 70, 0], [0, 8, 63]]",1.0,1.0,1.0,0.9317073170731708,0.931291452418213,0.9334030295615808
48D,S6_train_I_D1_2_val_D3_5,semi,mk-mmd,bottleneck16,posthoc-sklearn-lr-on-frozen-mlp-representation,0,48,16,D:\thesis\tables\opensource_da_48_54\checkpoints\48D\S6_train_I_D1_2_val_D3_5\bottleneck16\mlp\mk-mmd\seed_0.pt,D:\thesis\tables\opensource_da_48_54\posthoc_lr_bottleneck16\checkpoints\48D\S6_train_I_D1_2_val_D3_5\mk-mmd\seed_0.joblib,source + labeled target,source+target labeled train+validation refit,C=1.0;class_weight=balanced;solver=lbfgs;max_iter=2000,"[[59, 4, 0], [3, 68, 0], [1, 5, 65]]",1.0,1.0,1.0,0.9365853658536586,0.9365824577092182,0.9371030694560109
48D,S6_train_I_D1_2_val_D3_5,semi,mk-mmd,bottleneck16,posthoc-sklearn-lr-on-frozen-mlp-representation,1,48,16,D:\thesis\tables\opensource_da_48_54\checkpoints\48D\S6_train_I_D1_2_val_D3_5\bottleneck16\mlp\mk-mmd\seed_1.pt,D:\thesis\tables\opensource_da_48_54\posthoc_lr_bottleneck16\checkpoints\48D\S6_train_I_D1_2_val_D3_5\mk-mmd\seed_1.joblib,source + labeled target,source+target labeled train+validation refit,C=1.0;class_weight=balanced;solver=lbfgs;max_iter=2000,"[[57, 6, 0], [0, 71, 0], [0, 7, 64]]",0.9693877551020408,0.9680930930930932,0.9658932065977076,0.9365853658536586,0.93539011848871,0.9380923934687376
48D,S6_train_I_D1_2_val_D3_5,semi,mk-mmd,bottleneck16,posthoc-sklearn-lr-on-frozen-mlp-representation,2,48,16,D:\thesis\tables\opensource_da_48_54\checkpoints\48D\S6_train_I_D1_2_val_D3_5\bottleneck16\mlp\mk-mmd\seed_2.pt,D:\thesis\tables\opensource_da_48_54\posthoc_lr_bottleneck16\checkpoints\48D\S6_train_I_D1_2_val_D3_5\mk-mmd\seed_2.joblib,source + labeled target,source+target labeled train+validation refit,C=1.0;class_weight=balanced;solver=lbfgs;max_iter=2000,"[[58, 5, 0], [1, 70, 0], [1, 4, 66]]",0.9897959183673468,0.990990990990991,0.9886310688659024,0.946341463414634,0.9453759594604664,0.9466421379542264
48D,S6_train_I_D1_2_val_D3_5,semi,mk-mmd,bottleneck16,posthoc-sklearn-lr-on-frozen-mlp-representation,3,48,16,D:\thesis\tables\opensource_da_48_54\checkpoints\48D\S6_train_I_D1_2_val_D3_5\bottleneck16\mlp\mk-mmd\seed_3.pt,D:\thesis\tables\opensource_da_48_54\posthoc_lr_bottleneck16\checkpoints\48D\S6_train_I_D1_2_val_D3_5\mk-mmd\seed_3.joblib,source + labeled target,source+target labeled train+validation refit,C=1.0;class_weight=balanced;solver=lbfgs;max_iter=2000,"[[55, 8, 0], [2, 69, 0], [1, 6, 64]]",1.0,1.0,1.0,0.9170731707317074,0.9154184365451972,0.9177809844476512
48D,S6_train_I_D1_2_val_D3_5,semi,mk-mmd,bottleneck16,posthoc-sklearn-lr-on-frozen-mlp-representation,4,48,16,D:\thesis\tables\opensource_da_48_54\checkpoints\48D\S6_train_I_D1_2_val_D3_5\bottleneck16\mlp\mk-mmd\seed_4.pt,D:\thesis\tables\opensource_da_48_54\posthoc_lr_bottleneck16\checkpoints\48D\S6_train_I_D1_2_val_D3_5\mk-mmd\seed_4.joblib,source + labeled target,source+target labeled train+validation refit,C=1.0;class_weight=balanced;solver=lbfgs;max_iter=2000,"[[55, 8, 0], [1, 70, 0], [2, 6, 63]]",0.9897959183673468,0.990990990990991,0.9886310688659024,0.9170731707317074,0.9154184365451972,0.9175384076684028
48D,S6_train_I_D1_2_val_D3_5,semi,source-only,bottleneck16,posthoc-sklearn-lr-on-frozen-mlp-representation,0,48,16,D:\thesis\tables\opensource_da_48_54\checkpoints\48D\S6_train_I_D1_2_val_D3_5\bottleneck16\mlp\source-only\seed_0.pt,D:\thesis\tables\opensource_da_48_54\posthoc_lr_bottleneck16\checkpoints\48D\S6_train_I_D1_2_val_D3_5\source-only\seed_0.joblib,source + labeled target,source+target labeled train+validation refit,C=1.0;class_weight=balanced;solver=lbfgs;max_iter=2000,"[[57, 6, 0], [1, 70, 0], [0, 12, 59]]",1.0,1.0,1.0,0.9073170731707316,0.907221104404203,0.9101147375589914
48D,S6_train_I_D1_2_val_D3_5,semi,source-only,bottleneck16,posthoc-sklearn-lr-on-frozen-mlp-representation,1,48,16,D:\thesis\tables\opensource_da_48_54\checkpoints\48D\S6_train_I_D1_2_val_D3_5\bottleneck16\mlp\source-only\seed_1.pt,D:\thesis\tables\opensource_da_48_54\posthoc_lr_bottleneck16\checkpoints\48D\S6_train_I_D1_2_val_D3_5\source-only\seed_1.joblib,source + labeled target,source+target labeled train+validation refit,C=1.0;class_weight=balanced;solver=lbfgs;max_iter=2000,"[[59, 4, 0], [0, 71, 0], [1, 6, 64]]",1.0,1.0,1.0,0.946341463414634,0.9459721290707206,0.9472360893199576
48D,S6_train_I_D1_2_val_D3_5,semi,source-only,bottleneck16,posthoc-sklearn-lr-on-frozen-mlp-representation,2,48,16,D:\thesis\tables\opensource_da_48_54\checkpoints\48D\S6_train_I_D1_2_val_D3_5\bottleneck16\mlp\source-only\seed_2.pt,D:\thesis\tables\opensource_da_48_54\posthoc_lr_bottleneck16\checkpoints\48D\S6_train_I_D1_2_val_D3_5\source-only\seed_2.joblib,source + labeled target,source+target labeled train+validation refit,C=1.0;class_weight=balanced;solver=lbfgs;max_iter=2000,"[[58, 5, 0], [1, 70, 0], [5, 9, 57]]",1.0,1.0,1.0,0.902439024390244,0.903122438333706,0.9024122110744224
48D,S6_train_I_D1_2_val_D3_5,semi,source-only,bottleneck16,posthoc-sklearn-lr-on-frozen-mlp-representation,3,48,16,D:\thesis\tables\opensource_da_48_54\checkpoints\48D\S6_train_I_D1_2_val_D3_5\bottleneck16\mlp\source-only\seed_3.pt,D:\thesis\tables\opensource_da_48_54\posthoc_lr_bottleneck16\checkpoints\48D\S6_train_I_D1_2_val_D3_5\source-only\seed_3.joblib,source + labeled target,source+target labeled train+validation refit,C=1.0;class_weight=balanced;solver=lbfgs;max_iter=2000,"[[60, 3, 0], [1, 70, 0], [1, 19, 51]]",1.0,1.0,1.0,0.8829268292682927,0.8855354348312096,0.8849870930973213
48D,S6_train_I_D1_2_val_D3_5,semi,source-only,bottleneck16,posthoc-sklearn-lr-on-frozen-mlp-representation,4,48,16,D:\thesis\tables\opensource_da_48_54\checkpoints\48D\S6_train_I_D1_2_val_D3_5\bottleneck16\mlp\source-only\seed_4.pt,D:\thesis\tables\opensource_da_48_54\posthoc_lr_bottleneck16\checkpoints\48D\S6_train_I_D1_2_val_D3_5\source-only\seed_4.joblib,source + labeled target,source+target labeled train+validation refit,C=1.0;class_weight=balanced;solver=lbfgs;max_iter=2000,"[[57, 6, 0], [1, 70, 0], [0, 7, 64]]",1.0,1.0,1.0,0.9317073170731708,0.9306952828079588,0.933129272523212
48D,S7_train_I_D1_3_val_D4_5,semi,c-dann,bottleneck16,posthoc-sklearn-lr-on-frozen-mlp-representation,0,48,16,D:\thesis\tables\opensource_da_48_54\checkpoints\48D\S7_train_I_D1_3_val_D4_5\bottleneck16\mlp\c-dann\seed_0.pt,D:\thesis\tables\opensource_da_48_54\posthoc_lr_bottleneck16\checkpoints\48D\S7_train_I_D1_3_val_D4_5\c-dann\seed_0.joblib,source + labeled target,source+target labeled train+validation refit,C=1.0;class_weight=balanced;solver=lbfgs;max_iter=2000,"[[59, 4, 0], [1, 70, 0], [1, 5, 65]]",1.0,1.0,1.0,0.946341463414634,0.9459721290707206,0.946942863166772
48D,S7_train_I_D1_3_val_D4_5,semi,c-dann,bottleneck16,posthoc-sklearn-lr-on-frozen-mlp-representation,1,48,16,D:\thesis\tables\opensource_da_48_54\checkpoints\48D\S7_train_I_D1_3_val_D4_5\bottleneck16\mlp\c-dann\seed_1.pt,D:\thesis\tables\opensource_da_48_54\posthoc_lr_bottleneck16\checkpoints\48D\S7_train_I_D1_3_val_D4_5\c-dann\seed_1.joblib,source + labeled target,source+target labeled train+validation refit,C=1.0;class_weight=balanced;solver=lbfgs;max_iter=2000,"[[60, 3, 0], [0, 71, 0], [0, 7, 64]]",0.9693877551020408,0.9680930930930932,0.9658932065977076,0.951219512195122,0.9512631343617258,0.9526561435204997
48D,S7_train_I_D1_3_val_D4_5,semi,c-dann,bottleneck16,posthoc-sklearn-lr-on-frozen-mlp-representation,2,48,16,D:\thesis\tables\opensource_da_48_54\checkpoints\48D\S7_train_I_D1_3_val_D4_5\bottleneck16\mlp\c-dann\seed_2.pt,D:\thesis\tables\opensource_da_48_54\posthoc_lr_bottleneck16\checkpoints\48D\S7_train_I_D1_3_val_D4_5\c-dann\seed_2.joblib,source + labeled target,source+target labeled train+validation refit,C=1.0;class_weight=balanced;solver=lbfgs;max_iter=2000,"[[57, 6, 0], [0, 71, 0], [0, 6, 65]]",0.979591836734694,0.981981981981982,0.9774074074074074,0.9414634146341464,0.9400849541694613,0.9426534250063662
48D,S7_train_I_D1_3_val_D4_5,semi,c-dann,bottleneck16,posthoc-sklearn-lr-on-frozen-mlp-representation,3,48,16,D:\thesis\tables\opensource_da_48_54\checkpoints\48D\S7_train_I_D1_3_val_D4_5\bottleneck16\mlp\c-dann\seed_3.pt,D:\thesis\tables\opensource_da_48_54\posthoc_lr_bottleneck16\checkpoints\48D\S7_train_I_D1_3_val_D4_5\c-dann\seed_3.joblib,source + labeled target,source+target labeled train+validation refit,C=1.0;class_weight=balanced;solver=lbfgs;max_iter=2000,"[[59, 4, 0], [1, 70, 0], [0, 5, 66]]",1.0,1.0,1.0,0.951219512195122,0.9506669647514716,0.9520621921547684
48D,S7_train_I_D1_3_val_D4_5,semi,c-dann,bottleneck16,posthoc-sklearn-lr-on-frozen-mlp-representation,4,48,16,D:\thesis\tables\opensource_da_48_54\checkpoints\48D\S7_train_I_D1_3_val_D4_5\bottleneck16\mlp\c-dann\seed_4.pt,D:\thesis\tables\opensource_da_48_54\posthoc_lr_bottleneck16\checkpoints\48D\S7_train_I_D1_3_val_D4_5\c-dann\seed_4.joblib,source + labeled target,source+target labeled train+validation refit,C=1.0;class_weight=balanced;solver=lbfgs;max_iter=2000,"[[60, 3, 0], [0, 71, 0], [0, 6, 65]]",0.9897959183673468,0.990990990990991,0.9886310688659024,0.9560975609756096,0.9559579700424772,0.9572964866773715
48D,S7_train_I_D1_3_val_D4_5,semi,cdan,bottleneck16,posthoc-sklearn-lr-on-frozen-mlp-representation,0,48,16,D:\thesis\tables\opensource_da_48_54\checkpoints\48D\S7_train_I_D1_3_val_D4_5\bottleneck16\mlp\cdan\seed_0.pt,D:\thesis\tables\opensource_da_48_54\posthoc_lr_bottleneck16\checkpoints\48D\S7_train_I_D1_3_val_D4_5\cdan\seed_0.joblib,source + labeled target,source+target labeled train+validation refit,C=1.0;class_weight=balanced;solver=lbfgs;max_iter=2000,"[[59, 4, 0], [2, 69, 0], [1, 4, 66]]",1.0,1.0,1.0,0.946341463414634,0.9459721290707206,0.9466453606891564
48D,S7_train_I_D1_3_val_D4_5,semi,cdan,bottleneck16,posthoc-sklearn-lr-on-frozen-mlp-representation,1,48,16,D:\thesis\tables\opensource_da_48_54\checkpoints\48D\S7_train_I_D1_3_val_D4_5\bottleneck16\mlp\cdan\seed_1.pt,D:\thesis\tables\opensource_da_48_54\posthoc_lr_bottleneck16\checkpoints\48D\S7_train_I_D1_3_val_D4_5\cdan\seed_1.joblib,source + labeled target,source+target labeled train+validation refit,C=1.0;class_weight=balanced;solver=lbfgs;max_iter=2000,"[[54, 9, 0], [0, 71, 0], [0, 8, 63]]",0.9693877551020408,0.9680930930930932,0.9658932065977076,0.9170731707317074,0.9148222669349432,0.9188190638486332
48D,S7_train_I_D1_3_val_D4_5,semi,cdan,bottleneck16,posthoc-sklearn-lr-on-frozen-mlp-representation,2,48,16,D:\thesis\tables\opensource_da_48_54\checkpoints\48D\S7_train_I_D1_3_val_D4_5\bottleneck16\mlp\cdan\seed_2.pt,D:\thesis\tables\opensource_da_48_54\posthoc_lr_bottleneck16\checkpoints\48D\S7_train_I_D1_3_val_D4_5\cdan\seed_2.joblib,source + labeled target,source+target labeled train+validation refit,C=1.0;class_weight=balanced;solver=lbfgs;max_iter=2000,"[[56, 7, 0], [0, 71, 0], [1, 4, 66]]",0.9897959183673468,0.990990990990991,0.9886310688659024,0.9414634146341464,0.9394887845592071,0.941647186043923
48D,S7_train_I_D1_3_val_D4_5,semi,cdan,bottleneck16,posthoc-sklearn-lr-on-frozen-mlp-representation,3,48,16,D:\thesis\tables\opensource_da_48_54\checkpoints\48D\S7_train_I_D1_3_val_D4_5\bottleneck16\mlp\cdan\seed_3.pt,D:\thesis\tables\opensource_da_48_54\posthoc_lr_bottleneck16\checkpoints\48D\S7_train_I_D1_3_val_D4_5\cdan\seed_3.joblib,source + labeled target,source+target labeled train+validation refit,C=1.0;class_weight=balanced;solver=lbfgs;max_iter=2000,"[[56, 7, 0], [1, 70, 0], [0, 4, 67]]",1.0,1.0,1.0,0.9414634146341464,0.9394887845592071,0.9418001525553014
48D,S7_train_I_D1_3_val_D4_5,semi,cdan,bottleneck16,posthoc-sklearn-lr-on-frozen-mlp-representation,4,48,16,D:\thesis\tables\opensource_da_48_54\checkpoints\48D\S7_train_I_D1_3_val_D4_5\bottleneck16\mlp\cdan\seed_4.pt,D:\thesis\tables\opensource_da_48_54\posthoc_lr_bottleneck16\checkpoints\48D\S7_train_I_D1_3_val_D4_5\cdan\seed_4.joblib,source + labeled target,source+target labeled train+validation refit,C=1.0;class_weight=balanced;solver=lbfgs;max_iter=2000,"[[58, 5, 0], [0, 71, 0], [0, 7, 64]]",0.979591836734694,0.981981981981982,0.9774074074074074,0.9414634146341464,0.9406811237797154,0.9429679187254946
48D,S7_train_I_D1_3_val_D4_5,semi,cdan+c-dann,bottleneck16,posthoc-sklearn-lr-on-frozen-mlp-representation,0,48,16,D:\thesis\tables\opensource_da_48_54\checkpoints\48D\S7_train_I_D1_3_val_D4_5\bottleneck16\mlp\cdan+c-dann\seed_0.pt,D:\thesis\tables\opensource_da_48_54\posthoc_lr_bottleneck16\checkpoints\48D\S7_train_I_D1_3_val_D4_5\cdan+c-dann\seed_0.joblib,source + labeled target,source+target labeled train+validation refit,C=1.0;class_weight=balanced;solver=lbfgs;max_iter=2000,"[[56, 7, 0], [0, 70, 1], [2, 6, 63]]",1.0,1.0,1.0,0.9219512195121952,0.9207094418362024,0.9226813590449954
48D,S7_train_I_D1_3_val_D4_5,semi,cdan+c-dann,bottleneck16,posthoc-sklearn-lr-on-frozen-mlp-representation,1,48,16,D:\thesis\tables\opensource_da_48_54\checkpoints\48D\S7_train_I_D1_3_val_D4_5\bottleneck16\mlp\cdan+c-dann\seed_1.pt,D:\thesis\tables\opensource_da_48_54\posthoc_lr_bottleneck16\checkpoints\48D\S7_train_I_D1_3_val_D4_5\cdan+c-dann\seed_1.joblib,source + labeled target,source+target labeled train+validation refit,C=1.0;class_weight=balanced;solver=lbfgs;max_iter=2000,"[[59, 4, 0], [0, 71, 0], [0, 6, 65]]",0.9693877551020408,0.9680930930930932,0.9658932065977076,0.951219512195122,0.9506669647514716,0.9524353313370214
48D,S7_train_I_D1_3_val_D4_5,semi,cdan+c-dann,bottleneck16,posthoc-sklearn-lr-on-frozen-mlp-representation,2,48,16,D:\thesis\tables\opensource_da_48_54\checkpoints\48D\S7_train_I_D1_3_val_D4_5\bottleneck16\mlp\cdan+c-dann\seed_2.pt,D:\thesis\tables\opensource_da_48_54\posthoc_lr_bottleneck16\checkpoints\48D\S7_train_I_D1_3_val_D4_5\cdan+c-dann\seed_2.joblib,source + labeled target,source+target labeled train+validation refit,C=1.0;class_weight=balanced;solver=lbfgs;max_iter=2000,"[[58, 5, 0], [3, 68, 0], [5, 4, 62]]",1.0,1.0,1.0,0.9170731707317074,0.9172069453759594,0.9168248507293796
48D,S7_train_I_D1_3_val_D4_5,semi,cdan+c-dann,bottleneck16,posthoc-sklearn-lr-on-frozen-mlp-representation,3,48,16,D:\thesis\tables\opensource_da_48_54\checkpoints\48D\S7_train_I_D1_3_val_D4_5\bottleneck16\mlp\cdan+c-dann\seed_3.pt,D:\thesis\tables\opensource_da_48_54\posthoc_lr_bottleneck16\checkpoints\48D\S7_train_I_D1_3_val_D4_5\cdan+c-dann\seed_3.joblib,source + labeled target,source+target labeled train+validation refit,C=1.0;class_weight=balanced;solver=lbfgs;max_iter=2000,"[[57, 6, 0], [3, 68, 0], [0, 5, 66]]",1.0,1.0,1.0,0.9317073170731708,0.9306952828079588,0.9323331948647954
48D,S7_train_I_D1_3_val_D4_5,semi,cdan+c-dann,bottleneck16,posthoc-sklearn-lr-on-frozen-mlp-representation,4,48,16,D:\thesis\tables\opensource_da_48_54\checkpoints\48D\S7_train_I_D1_3_val_D4_5\bottleneck16\mlp\cdan+c-dann\seed_4.pt,D:\thesis\tables\opensource_da_48_54\posthoc_lr_bottleneck16\checkpoints\48D\S7_train_I_D1_3_val_D4_5\cdan+c-dann\seed_4.joblib,source + labeled target,source+target labeled train+validation refit,C=1.0;class_weight=balanced;solver=lbfgs;max_iter=2000,"[[57, 6, 0], [0, 71, 0], [0, 8, 63]]",0.9693877551020408,0.9680930930930932,0.9658932065977076,0.9317073170731708,0.9306952828079588,0.9335183059063658
48D,S7_train_I_D1_3_val_D4_5,semi,dann,bottleneck16,posthoc-sklearn-lr-on-frozen-mlp-representation,0,48,16,D:\thesis\tables\opensource_da_48_54\checkpoints\48D\S7_train_I_D1_3_val_D4_5\bottleneck16\mlp\dann\seed_0.pt,D:\thesis\tables\opensource_da_48_54\posthoc_lr_bottleneck16\checkpoints\48D\S7_train_I_D1_3_val_D4_5\dann\seed_0.joblib,source + labeled target,source+target labeled train+validation refit,C=1.0;class_weight=balanced;solver=lbfgs;max_iter=2000,"[[58, 5, 0], [2, 69, 0], [2, 4, 65]]",1.0,1.0,1.0,0.9365853658536586,0.935986288098964,0.9366856165284908
48D,S7_train_I_D1_3_val_D4_5,semi,dann,bottleneck16,posthoc-sklearn-lr-on-frozen-mlp-representation,1,48,16,D:\thesis\tables\opensource_da_48_54\checkpoints\48D\S7_train_I_D1_3_val_D4_5\bottleneck16\mlp\dann\seed_1.pt,D:\thesis\tables\opensource_da_48_54\posthoc_lr_bottleneck16\checkpoints\48D\S7_train_I_D1_3_val_D4_5\dann\seed_1.joblib,source + labeled target,source+target labeled train+validation refit,C=1.0;class_weight=balanced;solver=lbfgs;max_iter=2000,"[[58, 5, 0], [0, 71, 0], [0, 7, 64]]",0.979591836734694,0.981981981981982,0.9774074074074074,0.9414634146341464,0.9406811237797154,0.9429679187254946
48D,S7_train_I_D1_3_val_D4_5,semi,dann,bottleneck16,posthoc-sklearn-lr-on-frozen-mlp-representation,2,48,16,D:\thesis\tables\opensource_da_48_54\checkpoints\48D\S7_train_I_D1_3_val_D4_5\bottleneck16\mlp\dann\seed_2.pt,D:\thesis\tables\opensource_da_48_54\posthoc_lr_bottleneck16\checkpoints\48D\S7_train_I_D1_3_val_D4_5\dann\seed_2.joblib,source + labeled target,source+target labeled train+validation refit,C=1.0;class_weight=balanced;solver=lbfgs;max_iter=2000,"[[56, 7, 0], [0, 71, 0], [0, 6, 65]]",0.979591836734694,0.981981981981982,0.9774074074074074,0.9365853658536586,0.934793948878456,0.9377292852624922
48D,S7_train_I_D1_3_val_D4_5,semi,dann,bottleneck16,posthoc-sklearn-lr-on-frozen-mlp-representation,3,48,16,D:\thesis\tables\opensource_da_48_54\checkpoints\48D\S7_train_I_D1_3_val_D4_5\bottleneck16\mlp\dann\seed_3.pt,D:\thesis\tables\opensource_da_48_54\posthoc_lr_bottleneck16\checkpoints\48D\S7_train_I_D1_3_val_D4_5\dann\seed_3.joblib,source + labeled target,source+target labeled train+validation refit,C=1.0;class_weight=balanced;solver=lbfgs;max_iter=2000,"[[59, 4, 0], [2, 69, 0], [0, 5, 66]]",1.0,1.0,1.0,0.946341463414634,0.9459721290707206,0.9470970165017129
48D,S7_train_I_D1_3_val_D4_5,semi,dann,bottleneck16,posthoc-sklearn-lr-on-frozen-mlp-representation,4,48,16,D:\thesis\tables\opensource_da_48_54\checkpoints\48D\S7_train_I_D1_3_val_D4_5\bottleneck16\mlp\dann\seed_4.pt,D:\thesis\tables\opensource_da_48_54\posthoc_lr_bottleneck16\checkpoints\48D\S7_train_I_D1_3_val_D4_5\dann\seed_4.joblib,source + labeled target,source+target labeled train+validation refit,C=1.0;class_weight=balanced;solver=lbfgs;max_iter=2000,"[[58, 5, 0], [0, 71, 0], [0, 8, 63]]",0.979591836734694,0.981981981981982,0.9774074074074074,0.9365853658536586,0.935986288098964,0.9383684085570548
48D,S7_train_I_D1_3_val_D4_5,semi,deep-coral,bottleneck16,posthoc-sklearn-lr-on-frozen-mlp-representation,0,48,16,D:\thesis\tables\opensource_da_48_54\checkpoints\48D\S7_train_I_D1_3_val_D4_5\bottleneck16\mlp\deep-coral\seed_0.pt,D:\thesis\tables\opensource_da_48_54\posthoc_lr_bottleneck16\checkpoints\48D\S7_train_I_D1_3_val_D4_5\deep-coral\seed_0.joblib,source + labeled target,source+target labeled train+validation refit,C=1.0;class_weight=balanced;solver=lbfgs;max_iter=2000,"[[61, 2, 0], [0, 71, 0], [1, 7, 63]]",1.0,1.0,1.0,0.951219512195122,0.9518593039719802,0.952231952818688
48D,S7_train_I_D1_3_val_D4_5,semi,deep-coral,bottleneck16,posthoc-sklearn-lr-on-frozen-mlp-representation,1,48,16,D:\thesis\tables\opensource_da_48_54\checkpoints\48D\S7_train_I_D1_3_val_D4_5\bottleneck16\mlp\deep-coral\seed_1.pt,D:\thesis\tables\opensource_da_48_54\posthoc_lr_bottleneck16\checkpoints\48D\S7_train_I_D1_3_val_D4_5\deep-coral\seed_1.joblib,source + labeled target,source+target labeled train+validation refit,C=1.0;class_weight=balanced;solver=lbfgs;max_iter=2000,"[[59, 4, 0], [0, 71, 0], [0, 12, 59]]",0.979591836734694,0.981981981981982,0.9774074074074074,0.9219512195121952,0.9224979506669648,0.924546533220532
48D,S7_train_I_D1_3_val_D4_5,semi,deep-coral,bottleneck16,posthoc-sklearn-lr-on-frozen-mlp-representation,2,48,16,D:\thesis\tables\opensource_da_48_54\checkpoints\48D\S7_train_I_D1_3_val_D4_5\bottleneck16\mlp\deep-coral\seed_2.pt,D:\thesis\tables\opensource_da_48_54\posthoc_lr_bottleneck16\checkpoints\48D\S7_train_I_D1_3_val_D4_5\deep-coral\seed_2.joblib,source + labeled target,source+target labeled train+validation refit,C=1.0;class_weight=balanced;solver=lbfgs;max_iter=2000,"[[59, 4, 0], [1, 70, 0], [2, 5, 64]]",1.0,1.0,1.0,0.9414634146341464,0.9412772933899696,0.9418271604938272
48D,S7_train_I_D1_3_val_D4_5,semi,deep-coral,bottleneck16,posthoc-sklearn-lr-on-frozen-mlp-representation,3,48,16,D:\thesis\tables\opensource_da_48_54\checkpoints\48D\S7_train_I_D1_3_val_D4_5\bottleneck16\mlp\deep-coral\seed_3.pt,D:\thesis\tables\opensource_da_48_54\posthoc_lr_bottleneck16\checkpoints\48D\S7_train_I_D1_3_val_D4_5\deep-coral\seed_3.joblib,source + labeled target,source+target labeled train+validation refit,C=1.0;class_weight=balanced;solver=lbfgs;max_iter=2000,"[[59, 4, 0], [1, 70, 0], [0, 8, 63]]",1.0,1.0,1.0,0.9365853658536586,0.9365824577092182,0.9382269268990612
48D,S7_train_I_D1_3_val_D4_5,semi,deep-coral,bottleneck16,posthoc-sklearn-lr-on-frozen-mlp-representation,4,48,16,D:\thesis\tables\opensource_da_48_54\checkpoints\48D\S7_train_I_D1_3_val_D4_5\bottleneck16\mlp\deep-coral\seed_4.pt,D:\thesis\tables\opensource_da_48_54\posthoc_lr_bottleneck16\checkpoints\48D\S7_train_I_D1_3_val_D4_5\deep-coral\seed_4.joblib,source + labeled target,source+target labeled train+validation refit,C=1.0;class_weight=balanced;solver=lbfgs;max_iter=2000,"[[60, 3, 0], [0, 71, 0], [0, 10, 61]]",0.9897959183673468,0.990990990990991,0.9886310688659024,0.9365853658536586,0.9371786273194724,0.93866040419935
48D,S7_train_I_D1_3_val_D4_5,semi,mk-mmd,bottleneck16,posthoc-sklearn-lr-on-frozen-mlp-representation,0,48,16,D:\thesis\tables\opensource_da_48_54\checkpoints\48D\S7_train_I_D1_3_val_D4_5\bottleneck16\mlp\mk-mmd\seed_0.pt,D:\thesis\tables\opensource_da_48_54\posthoc_lr_bottleneck16\checkpoints\48D\S7_train_I_D1_3_val_D4_5\mk-mmd\seed_0.joblib,source + labeled target,source+target labeled train+validation refit,C=1.0;class_weight=balanced;solver=lbfgs;max_iter=2000,"[[57, 6, 0], [3, 68, 0], [1, 4, 66]]",1.0,1.0,1.0,0.9317073170731708,0.9306952828079588,0.931870055399021
48D,S7_train_I_D1_3_val_D4_5,semi,mk-mmd,bottleneck16,posthoc-sklearn-lr-on-frozen-mlp-representation,1,48,16,D:\thesis\tables\opensource_da_48_54\checkpoints\48D\S7_train_I_D1_3_val_D4_5\bottleneck16\mlp\mk-mmd\seed_1.pt,D:\thesis\tables\opensource_da_48_54\posthoc_lr_bottleneck16\checkpoints\48D\S7_train_I_D1_3_val_D4_5\mk-mmd\seed_1.joblib,source + labeled target,source+target labeled train+validation refit,C=1.0;class_weight=balanced;solver=lbfgs;max_iter=2000,"[[56, 7, 0], [1, 70, 0], [2, 6, 63]]",0.979591836734694,0.981981981981982,0.9774074074074074,0.9219512195121952,0.9207094418362024,0.9224740678129472
48D,S7_train_I_D1_3_val_D4_5,semi,mk-mmd,bottleneck16,posthoc-sklearn-lr-on-frozen-mlp-representation,2,48,16,D:\thesis\tables\opensource_da_48_54\checkpoints\48D\S7_train_I_D1_3_val_D4_5\bottleneck16\mlp\mk-mmd\seed_2.pt,D:\thesis\tables\opensource_da_48_54\posthoc_lr_bottleneck16\checkpoints\48D\S7_train_I_D1_3_val_D4_5\mk-mmd\seed_2.joblib,source + labeled target,source+target labeled train+validation refit,C=1.0;class_weight=balanced;solver=lbfgs;max_iter=2000,"[[54, 9, 0], [0, 71, 0], [0, 3, 68]]",0.9897959183673468,0.990990990990991,0.9886310688659024,0.9414634146341464,0.9382964453386988,0.941190703780632
48D,S7_train_I_D1_3_val_D4_5,semi,mk-mmd,bottleneck16,posthoc-sklearn-lr-on-frozen-mlp-representation,3,48,16,D:\thesis\tables\opensource_da_48_54\checkpoints\48D\S7_train_I_D1_3_val_D4_5\bottleneck16\mlp\mk-mmd\seed_3.pt,D:\thesis\tables\opensource_da_48_54\posthoc_lr_bottleneck16\checkpoints\48D\S7_train_I_D1_3_val_D4_5\mk-mmd\seed_3.joblib,source + labeled target,source+target labeled train+validation refit,C=1.0;class_weight=balanced;solver=lbfgs;max_iter=2000,"[[57, 6, 0], [1, 70, 0], [1, 10, 60]]",1.0,1.0,1.0,0.9121951219512195,0.911915940084954,0.9140588363607574
48D,S7_train_I_D1_3_val_D4_5,semi,mk-mmd,bottleneck16,posthoc-sklearn-lr-on-frozen-mlp-representation,4,48,16,D:\thesis\tables\opensource_da_48_54\checkpoints\48D\S7_train_I_D1_3_val_D4_5\bottleneck16\mlp\mk-mmd\seed_4.pt,D:\thesis\tables\opensource_da_48_54\posthoc_lr_bottleneck16\checkpoints\48D\S7_train_I_D1_3_val_D4_5\mk-mmd\seed_4.joblib,source + labeled target,source+target labeled train+validation refit,C=1.0;class_weight=balanced;solver=lbfgs;max_iter=2000,"[[57, 6, 0], [0, 71, 0], [1, 12, 58]]",0.9897959183673468,0.990990990990991,0.9886310688659024,0.9073170731707316,0.907221104404203,0.9096245221773764
48D,S7_train_I_D1_3_val_D4_5,semi,source-only,bottleneck16,posthoc-sklearn-lr-on-frozen-mlp-representation,0,48,16,D:\thesis\tables\opensource_da_48_54\checkpoints\48D\S7_train_I_D1_3_val_D4_5\bottleneck16\mlp\source-only\seed_0.pt,D:\thesis\tables\opensource_da_48_54\posthoc_lr_bottleneck16\checkpoints\48D\S7_train_I_D1_3_val_D4_5\source-only\seed_0.joblib,source + labeled target,source+target labeled train+validation refit,C=1.0;class_weight=balanced;solver=lbfgs;max_iter=2000,"[[58, 5, 0], [0, 71, 0], [0, 5, 66]]",1.0,1.0,1.0,0.951219512195122,0.9500707951412176,0.9521306206337464
48D,S7_train_I_D1_3_val_D4_5,semi,source-only,bottleneck16,posthoc-sklearn-lr-on-frozen-mlp-representation,1,48,16,D:\thesis\tables\opensource_da_48_54\checkpoints\48D\S7_train_I_D1_3_val_D4_5\bottleneck16\mlp\source-only\seed_1.pt,D:\thesis\tables\opensource_da_48_54\posthoc_lr_bottleneck16\checkpoints\48D\S7_train_I_D1_3_val_D4_5\source-only\seed_1.joblib,source + labeled target,source+target labeled train+validation refit,C=1.0;class_weight=balanced;solver=lbfgs;max_iter=2000,"[[57, 6, 0], [1, 70, 0], [1, 7, 63]]",1.0,1.0,1.0,0.926829268292683,0.9260004471272076,0.927938548687264
48D,S7_train_I_D1_3_val_D4_5,semi,source-only,bottleneck16,posthoc-sklearn-lr-on-frozen-mlp-representation,2,48,16,D:\thesis\tables\opensource_da_48_54\checkpoints\48D\S7_train_I_D1_3_val_D4_5\bottleneck16\mlp\source-only\seed_2.pt,D:\thesis\tables\opensource_da_48_54\posthoc_lr_bottleneck16\checkpoints\48D\S7_train_I_D1_3_val_D4_5\source-only\seed_2.joblib,source + labeled target,source+target labeled train+validation refit,C=1.0;class_weight=balanced;solver=lbfgs;max_iter=2000,"[[57, 6, 0], [1, 70, 0], [2, 8, 61]]",1.0,1.0,1.0,0.9170731707317074,0.9166107757657054,0.9180991663289068
48D,S7_train_I_D1_3_val_D4_5,semi,source-only,bottleneck16,posthoc-sklearn-lr-on-frozen-mlp-representation,3,48,16,D:\thesis\tables\opensource_da_48_54\checkpoints\48D\S7_train_I_D1_3_val_D4_5\bottleneck16\mlp\source-only\seed_3.pt,D:\thesis\tables\opensource_da_48_54\posthoc_lr_bottleneck16\checkpoints\48D\S7_train_I_D1_3_val_D4_5\source-only\seed_3.joblib,source + labeled target,source+target labeled train+validation refit,C=1.0;class_weight=balanced;solver=lbfgs;max_iter=2000,"[[60, 3, 0], [1, 70, 0], [1, 8, 62]]",1.0,1.0,1.0,0.9365853658536586,0.9371786273194724,0.9377944862155388
48D,S7_train_I_D1_3_val_D4_5,semi,source-only,bottleneck16,posthoc-sklearn-lr-on-frozen-mlp-representation,4,48,16,D:\thesis\tables\opensource_da_48_54\checkpoints\48D\S7_train_I_D1_3_val_D4_5\bottleneck16\mlp\source-only\seed_4.pt,D:\thesis\tables\opensource_da_48_54\posthoc_lr_bottleneck16\checkpoints\48D\S7_train_I_D1_3_val_D4_5\source-only\seed_4.joblib,source + labeled target,source+target labeled train+validation refit,C=1.0;class_weight=balanced;solver=lbfgs;max_iter=2000,"[[58, 5, 0], [1, 70, 0], [2, 10, 59]]",1.0,1.0,1.0,0.9121951219512195,0.9125121096952084,0.9135373586986488
54D,S1_train_I_test_all,uda,c-dann,bottleneck16,posthoc-sklearn-lr-on-frozen-mlp-representation,0,54,16,D:\thesis\tables\opensource_da_48_54\checkpoints\54D\S1_train_I_test_all\bottleneck16\mlp\c-dann\seed_0.pt,D:\thesis\tables\opensource_da_48_54\posthoc_lr_bottleneck16\checkpoints\54D\S1_train_I_test_all\c-dann\seed_0.joblib,source labels only,selected checkpoint; no refit,C=1.0;class_weight=balanced;solver=lbfgs;max_iter=2000,"[[64, 16, 1], [0, 96, 0], [1, 35, 60]]",1.0,1.0,1.0,0.8058608058608059,0.8050411522633745,0.8103889985827765
54D,S1_train_I_test_all,uda,c-dann,bottleneck16,posthoc-sklearn-lr-on-frozen-mlp-representation,1,54,16,D:\thesis\tables\opensource_da_48_54\checkpoints\54D\S1_train_I_test_all\bottleneck16\mlp\c-dann\seed_1.pt,D:\thesis\tables\opensource_da_48_54\posthoc_lr_bottleneck16\checkpoints\54D\S1_train_I_test_all\c-dann\seed_1.joblib,source labels only,selected checkpoint; no refit,C=1.0;class_weight=balanced;solver=lbfgs;max_iter=2000,"[[65, 15, 1], [0, 95, 1], [1, 24, 71]]",1.0,1.0,1.0,0.8461538461538461,0.8438786008230453,0.8502257948029568
54D,S1_train_I_test_all,uda,c-dann,bottleneck16,posthoc-sklearn-lr-on-frozen-mlp-representation,2,54,16,D:\thesis\tables\opensource_da_48_54\checkpoints\54D\S1_train_I_test_all\bottleneck16\mlp\c-dann\seed_2.pt,D:\thesis\tables\opensource_da_48_54\posthoc_lr_bottleneck16\checkpoints\54D\S1_train_I_test_all\c-dann\seed_2.joblib,source labels only,selected checkpoint; no refit,C=1.0;class_weight=balanced;solver=lbfgs;max_iter=2000,"[[63, 18, 0], [0, 94, 2], [1, 28, 67]]",1.0,1.0,1.0,0.8205128205128205,0.8182870370370371,0.8258989662847056
54D,S1_train_I_test_all,uda,c-dann,bottleneck16,posthoc-sklearn-lr-on-frozen-mlp-representation,3,54,16,D:\thesis\tables\opensource_da_48_54\checkpoints\54D\S1_train_I_test_all\bottleneck16\mlp\c-dann\seed_3.pt,D:\thesis\tables\opensource_da_48_54\posthoc_lr_bottleneck16\checkpoints\54D\S1_train_I_test_all\c-dann\seed_3.joblib,source labels only,selected checkpoint; no refit,C=1.0;class_weight=balanced;solver=lbfgs;max_iter=2000,"[[66, 15, 0], [1, 92, 3], [1, 48, 47]]",1.0,1.0,1.0,0.7509157509157509,0.7542438271604938,0.7542697952634927
54D,S1_train_I_test_all,uda,c-dann,bottleneck16,posthoc-sklearn-lr-on-frozen-mlp-representation,4,54,16,D:\thesis\tables\opensource_da_48_54\checkpoints\54D\S1_train_I_test_all\bottleneck16\mlp\c-dann\seed_4.pt,D:\thesis\tables\opensource_da_48_54\posthoc_lr_bottleneck16\checkpoints\54D\S1_train_I_test_all\c-dann\seed_4.joblib,source labels only,selected checkpoint; no refit,C=1.0;class_weight=balanced;solver=lbfgs;max_iter=2000,"[[65, 14, 2], [3, 92, 1], [1, 37, 58]]",1.0,1.0,1.0,0.7875457875457875,0.7883230452674898,0.7917982156129426
54D,S1_train_I_test_all,uda,cdan,bottleneck16,posthoc-sklearn-lr-on-frozen-mlp-representation,0,54,16,D:\thesis\tables\opensource_da_48_54\checkpoints\54D\S1_train_I_test_all\bottleneck16\mlp\cdan\seed_0.pt,D:\thesis\tables\opensource_da_48_54\posthoc_lr_bottleneck16\checkpoints\54D\S1_train_I_test_all\cdan\seed_0.joblib,source labels only,selected checkpoint; no refit,C=1.0;class_weight=balanced;solver=lbfgs;max_iter=2000,"[[64, 17, 0], [1, 94, 1], [1, 5, 90]]",1.0,1.0,1.0,0.9084249084249084,0.9022633744855968,0.9067025323565676
54D,S1_train_I_test_all,uda,cdan,bottleneck16,posthoc-sklearn-lr-on-frozen-mlp-representation,1,54,16,D:\thesis\tables\opensource_da_48_54\checkpoints\54D\S1_train_I_test_all\bottleneck16\mlp\cdan\seed_1.pt,D:\thesis\tables\opensource_da_48_54\posthoc_lr_bottleneck16\checkpoints\54D\S1_train_I_test_all\cdan\seed_1.joblib,source labels only,selected checkpoint; no refit,C=1.0;class_weight=balanced;solver=lbfgs;max_iter=2000,"[[62, 19, 0], [1, 93, 2], [1, 36, 59]]",1.0,1.0,1.0,0.7838827838827839,0.7829218106995884,0.7896866174827383
54D,S1_train_I_test_all,uda,cdan,bottleneck16,posthoc-sklearn-lr-on-frozen-mlp-representation,2,54,16,D:\thesis\tables\opensource_da_48_54\checkpoints\54D\S1_train_I_test_all\bottleneck16\mlp\cdan\seed_2.pt,D:\thesis\tables\opensource_da_48_54\posthoc_lr_bottleneck16\checkpoints\54D\S1_train_I_test_all\cdan\seed_2.joblib,source labels only,selected checkpoint; no refit,C=1.0;class_weight=balanced;solver=lbfgs;max_iter=2000,"[[67, 14, 0], [0, 96, 0], [1, 23, 72]]",1.0,1.0,1.0,0.8608058608058609,0.8590534979423868,0.8649665546005044
54D,S1_train_I_test_all,uda,cdan,bottleneck16,posthoc-sklearn-lr-on-frozen-mlp-representation,3,54,16,D:\thesis\tables\opensource_da_48_54\checkpoints\54D\S1_train_I_test_all\bottleneck16\mlp\cdan\seed_3.pt,D:\thesis\tables\opensource_da_48_54\posthoc_lr_bottleneck16\checkpoints\54D\S1_train_I_test_all\cdan\seed_3.joblib,source labels only,selected checkpoint; no refit,C=1.0;class_weight=balanced;solver=lbfgs;max_iter=2000,"[[66, 15, 0], [2, 92, 2], [1, 23, 72]]",1.0,1.0,1.0,0.8424908424908425,0.8410493827160493,0.8470727051882699
54D,S1_train_I_test_all,uda,cdan,bottleneck16,posthoc-sklearn-lr-on-frozen-mlp-representation,4,54,16,D:\thesis\tables\opensource_da_48_54\checkpoints\54D\S1_train_I_test_all\bottleneck16\mlp\cdan\seed_4.pt,D:\thesis\tables\opensource_da_48_54\posthoc_lr_bottleneck16\checkpoints\54D\S1_train_I_test_all\cdan\seed_4.joblib,source labels only,selected checkpoint; no refit,C=1.0;class_weight=balanced;solver=lbfgs;max_iter=2000,"[[68, 13, 0], [3, 92, 1], [3, 37, 56]]",1.0,1.0,1.0,0.7912087912087912,0.793724279835391,0.7941849141090128
54D,S1_train_I_test_all,uda,cdan+c-dann,bottleneck16,posthoc-sklearn-lr-on-frozen-mlp-representation,0,54,16,D:\thesis\tables\opensource_da_48_54\checkpoints\54D\S1_train_I_test_all\bottleneck16\mlp\cdan+c-dann\seed_0.pt,D:\thesis\tables\opensource_da_48_54\posthoc_lr_bottleneck16\checkpoints\54D\S1_train_I_test_all\cdan+c-dann\seed_0.joblib,source labels only,selected checkpoint; no refit,C=1.0;class_weight=balanced;solver=lbfgs;max_iter=2000,"[[65, 15, 1], [2, 93, 1], [1, 19, 76]]",1.0,1.0,1.0,0.8571428571428571,0.8542952674897119,0.8600423857853681
54D,S1_train_I_test_all,uda,cdan+c-dann,bottleneck16,posthoc-sklearn-lr-on-frozen-mlp-representation,1,54,16,D:\thesis\tables\opensource_da_48_54\checkpoints\54D\S1_train_I_test_all\bottleneck16\mlp\cdan+c-dann\seed_1.pt,D:\thesis\tables\opensource_da_48_54\posthoc_lr_bottleneck16\checkpoints\54D\S1_train_I_test_all\cdan+c-dann\seed_1.joblib,source labels only,selected checkpoint; no refit,C=1.0;class_weight=balanced;solver=lbfgs;max_iter=2000,"[[65, 14, 2], [4, 91, 1], [6, 23, 67]]",1.0,1.0,1.0,0.8168498168498168,0.8161008230452674,0.8176874163319946
54D,S1_train_I_test_all,uda,cdan+c-dann,bottleneck16,posthoc-sklearn-lr-on-frozen-mlp-representation,2,54,16,D:\thesis\tables\opensource_da_48_54\checkpoints\54D\S1_train_I_test_all\bottleneck16\mlp\cdan+c-dann\seed_2.pt,D:\thesis\tables\opensource_da_48_54\posthoc_lr_bottleneck16\checkpoints\54D\S1_train_I_test_all\cdan+c-dann\seed_2.joblib,source labels only,selected checkpoint; no refit,C=1.0;class_weight=balanced;solver=lbfgs;max_iter=2000,"[[60, 20, 1], [0, 96, 0], [1, 25, 70]]",1.0,1.0,1.0,0.8278388278388278,0.8233024691358025,0.8311734527023685
54D,S1_train_I_test_all,uda,cdan+c-dann,bottleneck16,posthoc-sklearn-lr-on-frozen-mlp-representation,3,54,16,D:\thesis\tables\opensource_da_48_54\checkpoints\54D\S1_train_I_test_all\bottleneck16\mlp\cdan+c-dann\seed_3.pt,D:\thesis\tables\opensource_da_48_54\posthoc_lr_bottleneck16\checkpoints\54D\S1_train_I_test_all\cdan+c-dann\seed_3.joblib,source labels only,selected checkpoint; no refit,C=1.0;class_weight=balanced;solver=lbfgs;max_iter=2000,"[[67, 13, 1], [1, 93, 2], [1, 17, 78]]",1.0,1.0,1.0,0.8717948717948718,0.8694701646090536,0.8746681113432913
54D,S1_train_I_test_all,uda,cdan+c-dann,bottleneck16,posthoc-sklearn-lr-on-frozen-mlp-representation,4,54,16,D:\thesis\tables\opensource_da_48_54\checkpoints\54D\S1_train_I_test_all\bottleneck16\mlp\cdan+c-dann\seed_4.pt,D:\thesis\tables\opensource_da_48_54\posthoc_lr_bottleneck16\checkpoints\54D\S1_train_I_test_all\cdan+c-dann\seed_4.joblib,source labels only,selected checkpoint; no refit,C=1.0;class_weight=balanced;solver=lbfgs;max_iter=2000,"[[62, 17, 2], [2, 94, 0], [1, 78, 17]]",1.0,1.0,1.0,0.6336996336996337,0.6405606995884773,0.601538788404404
54D,S1_train_I_test_all,uda,dann,bottleneck16,posthoc-sklearn-lr-on-frozen-mlp-representation,0,54,16,D:\thesis\tables\opensource_da_48_54\checkpoints\54D\S1_train_I_test_all\bottleneck16\mlp\dann\seed_0.pt,D:\thesis\tables\opensource_da_48_54\posthoc_lr_bottleneck16\checkpoints\54D\S1_train_I_test_all\dann\seed_0.joblib,source labels only,selected checkpoint; no refit,C=1.0;class_weight=balanced;solver=lbfgs;max_iter=2000,"[[65, 16, 0], [2, 93, 1], [5, 23, 68]]",1.0,1.0,1.0,0.8278388278388278,0.8265174897119342,0.8299017001803378
54D,S1_train_I_test_all,uda,dann,bottleneck16,posthoc-sklearn-lr-on-frozen-mlp-representation,1,54,16,D:\thesis\tables\opensource_da_48_54\checkpoints\54D\S1_train_I_test_all\bottleneck16\mlp\dann\seed_1.pt,D:\thesis\tables\opensource_da_48_54\posthoc_lr_bottleneck16\checkpoints\54D\S1_train_I_test_all\dann\seed_1.joblib,source labels only,selected checkpoint; no refit,C=1.0;class_weight=balanced;solver=lbfgs;max_iter=2000,"[[59, 21, 1], [0, 95, 1], [1, 21, 74]]",1.0,1.0,1.0,0.8351648351648352,0.8296039094650206,0.8375983975600025
54D,S1_train_I_test_all,uda,dann,bottleneck16,posthoc-sklearn-lr-on-frozen-mlp-representation,2,54,16,D:\thesis\tables\opensource_da_48_54\checkpoints\54D\S1_train_I_test_all\bottleneck16\mlp\dann\seed_2.pt,D:\thesis\tables\opensource_da_48_54\posthoc_lr_bottleneck16\checkpoints\54D\S1_train_I_test_all\dann\seed_2.joblib,source labels only,selected checkpoint; no refit,C=1.0;class_weight=balanced;solver=lbfgs;max_iter=2000,"[[66, 15, 0], [0, 95, 1], [2, 20, 74]]",1.0,1.0,1.0,0.8608058608058609,0.8584104938271605,0.8640370269645393
54D,S1_train_I_test_all,uda,dann,bottleneck16,posthoc-sklearn-lr-on-frozen-mlp-representation,3,54,16,D:\thesis\tables\opensource_da_48_54\checkpoints\54D\S1_train_I_test_all\bottleneck16\mlp\dann\seed_3.pt,D:\thesis\tables\opensource_da_48_54\posthoc_lr_bottleneck16\checkpoints\54D\S1_train_I_test_all\dann\seed_3.joblib,source labels only,selected checkpoint; no refit,C=1.0;class_weight=balanced;solver=lbfgs;max_iter=2000,"[[64, 17, 0], [1, 93, 2], [4, 19, 73]]",1.0,1.0,1.0,0.8424908424908425,0.8397633744855967,0.8446003898635478
54D,S1_train_I_test_all,uda,dann,bottleneck16,posthoc-sklearn-lr-on-frozen-mlp-representation,4,54,16,D:\thesis\tables\opensource_da_48_54\checkpoints\54D\S1_train_I_test_all\bottleneck16\mlp\dann\seed_4.pt,D:\thesis\tables\opensource_da_48_54\posthoc_lr_bottleneck16\checkpoints\54D\S1_train_I_test_all\dann\seed_4.joblib,source labels only,selected checkpoint; no refit,C=1.0;class_weight=balanced;solver=lbfgs;max_iter=2000,"[[64, 16, 1], [1, 94, 1], [1, 39, 56]]",1.0,1.0,1.0,0.7838827838827839,0.7842078189300411,0.7884559884559884
54D,S1_train_I_test_all,uda,deep-coral,bottleneck16,posthoc-sklearn-lr-on-frozen-mlp-representation,0,54,16,D:\thesis\tables\opensource_da_48_54\checkpoints\54D\S1_train_I_test_all\bottleneck16\mlp\deep-coral\seed_0.pt,D:\thesis\tables\opensource_da_48_54\posthoc_lr_bottleneck16\checkpoints\54D\S1_train_I_test_all\deep-coral\seed_0.joblib,source labels only,selected checkpoint; no refit,C=1.0;class_weight=balanced;solver=lbfgs;max_iter=2000,"[[67, 13, 1], [0, 95, 1], [1, 29, 66]]",1.0,1.0,1.0,0.8351648351648352,0.8347479423868313,0.8398858505392383
54D,S1_train_I_test_all,uda,deep-coral,bottleneck16,posthoc-sklearn-lr-on-frozen-mlp-representation,1,54,16,D:\thesis\tables\opensource_da_48_54\checkpoints\54D\S1_train_I_test_all\bottleneck16\mlp\deep-coral\seed_1.pt,D:\thesis\tables\opensource_da_48_54\posthoc_lr_bottleneck16\checkpoints\54D\S1_train_I_test_all\deep-coral\seed_1.joblib,source labels only,selected checkpoint; no refit,C=1.0;class_weight=balanced;solver=lbfgs;max_iter=2000,"[[60, 21, 0], [2, 93, 1], [3, 30, 63]]",1.0,1.0,1.0,0.7912087912087912,0.7885802469135802,0.7948059360730594
54D,S1_train_I_test_all,uda,deep-coral,bottleneck16,posthoc-sklearn-lr-on-frozen-mlp-representation,2,54,16,D:\thesis\tables\opensource_da_48_54\checkpoints\54D\S1_train_I_test_all\bottleneck16\mlp\deep-coral\seed_2.pt,D:\thesis\tables\opensource_da_48_54\posthoc_lr_bottleneck16\checkpoints\54D\S1_train_I_test_all\deep-coral\seed_2.joblib,source labels only,selected checkpoint; no refit,C=1.0;class_weight=balanced;solver=lbfgs;max_iter=2000,"[[66, 15, 0], [0, 95, 1], [1, 32, 63]]",1.0,1.0,1.0,0.8205128205128205,0.820216049382716,0.8259037398743282
54D,S1_train_I_test_all,uda,deep-coral,bottleneck16,posthoc-sklearn-lr-on-frozen-mlp-representation,3,54,16,D:\thesis\tables\opensource_da_48_54\checkpoints\54D\S1_train_I_test_all\bottleneck16\mlp\deep-coral\seed_3.pt,D:\thesis\tables\opensource_da_48_54\posthoc_lr_bottleneck16\checkpoints\54D\S1_train_I_test_all\deep-coral\seed_3.joblib,source labels only,selected checkpoint; no refit,C=1.0;class_weight=balanced;solver=lbfgs;max_iter=2000,"[[72, 9, 0], [2, 93, 1], [4, 30, 62]]",1.0,1.0,1.0,0.8315018315018315,0.8344907407407408,0.8337746882930596
54D,S1_train_I_test_all,uda,deep-coral,bottleneck16,posthoc-sklearn-lr-on-frozen-mlp-representation,4,54,16,D:\thesis\tables\opensource_da_48_54\checkpoints\54D\S1_train_I_test_all\bottleneck16\mlp\deep-coral\seed_4.pt,D:\thesis\tables\opensource_da_48_54\posthoc_lr_bottleneck16\checkpoints\54D\S1_train_I_test_all\deep-coral\seed_4.joblib,source labels only,selected checkpoint; no refit,C=1.0;class_weight=balanced;solver=lbfgs;max_iter=2000,"[[66, 14, 1], [0, 94, 2], [2, 40, 54]]",1.0,1.0,1.0,0.7838827838827839,0.7854938271604938,0.7874267321627738
54D,S1_train_I_test_all,uda,mk-mmd,bottleneck16,posthoc-sklearn-lr-on-frozen-mlp-representation,0,54,16,D:\thesis\tables\opensource_da_48_54\checkpoints\54D\S1_train_I_test_all\bottleneck16\mlp\mk-mmd\seed_0.pt,D:\thesis\tables\opensource_da_48_54\posthoc_lr_bottleneck16\checkpoints\54D\S1_train_I_test_all\mk-mmd\seed_0.joblib,source labels only,selected checkpoint; no refit,C=1.0;class_weight=balanced;solver=lbfgs;max_iter=2000,"[[66, 14, 1], [1, 94, 1], [1, 18, 77]]",1.0,1.0,1.0,0.8681318681318682,0.8653549382716049,0.8709176290384345
54D,S1_train_I_test_all,uda,mk-mmd,bottleneck16,posthoc-sklearn-lr-on-frozen-mlp-representation,1,54,16,D:\thesis\tables\opensource_da_48_54\checkpoints\54D\S1_train_I_test_all\bottleneck16\mlp\mk-mmd\seed_1.pt,D:\thesis\tables\opensource_da_48_54\posthoc_lr_bottleneck16\checkpoints\54D\S1_train_I_test_all\mk-mmd\seed_1.joblib,source labels only,selected checkpoint; no refit,C=1.0;class_weight=balanced;solver=lbfgs;max_iter=2000,"[[64, 17, 0], [2, 93, 1], [5, 19, 72]]",1.0,1.0,1.0,0.8388278388278388,0.8362911522633745,0.8402809785805737
54D,S1_train_I_test_all,uda,mk-mmd,bottleneck16,posthoc-sklearn-lr-on-frozen-mlp-representation,2,54,16,D:\thesis\tables\opensource_da_48_54\checkpoints\54D\S1_train_I_test_all\bottleneck16\mlp\mk-mmd\seed_2.pt,D:\thesis\tables\opensource_da_48_54\posthoc_lr_bottleneck16\checkpoints\54D\S1_train_I_test_all\mk-mmd\seed_2.joblib,source labels only,selected checkpoint; no refit,C=1.0;class_weight=balanced;solver=lbfgs;max_iter=2000,"[[68, 13, 0], [2, 93, 1], [1, 11, 84]]",1.0,1.0,1.0,0.8974358974358975,0.8944187242798355,0.8987176914350306
54D,S1_train_I_test_all,uda,mk-mmd,bottleneck16,posthoc-sklearn-lr-on-frozen-mlp-representation,3,54,16,D:\thesis\tables\opensource_da_48_54\checkpoints\54D\S1_train_I_test_all\bottleneck16\mlp\mk-mmd\seed_3.pt,D:\thesis\tables\opensource_da_48_54\posthoc_lr_bottleneck16\checkpoints\54D\S1_train_I_test_all\mk-mmd\seed_3.joblib,source labels only,selected checkpoint; no refit,C=1.0;class_weight=balanced;solver=lbfgs;max_iter=2000,"[[64, 17, 0], [2, 93, 1], [1, 24, 71]]",1.0,1.0,1.0,0.8351648351648352,0.8328189300411523,0.8395995374256243
54D,S1_train_I_test_all,uda,mk-mmd,bottleneck16,posthoc-sklearn-lr-on-frozen-mlp-representation,4,54,16,D:\thesis\tables\opensource_da_48_54\checkpoints\54D\S1_train_I_test_all\bottleneck16\mlp\mk-mmd\seed_4.pt,D:\thesis\tables\opensource_da_48_54\posthoc_lr_bottleneck16\checkpoints\54D\S1_train_I_test_all\mk-mmd\seed_4.joblib,source labels only,selected checkpoint; no refit,C=1.0;class_weight=balanced;solver=lbfgs;max_iter=2000,"[[71, 9, 1], [2, 93, 1], [1, 17, 78]]",1.0,1.0,1.0,0.8864468864468864,0.8859310699588477,0.8892029825638228
54D,S1_train_I_test_all,uda,source-only,bottleneck16,posthoc-sklearn-lr-on-frozen-mlp-representation,0,54,16,D:\thesis\tables\opensource_da_48_54\checkpoints\54D\S1_train_I_test_all\bottleneck16\mlp\source-only\seed_0.pt,D:\thesis\tables\opensource_da_48_54\posthoc_lr_bottleneck16\checkpoints\54D\S1_train_I_test_all\source-only\seed_0.joblib,source labels only,selected checkpoint; no refit,C=1.0;class_weight=balanced;solver=lbfgs;max_iter=2000,"[[69, 12, 0], [0, 95, 1], [1, 79, 16]]",1.0,1.0,1.0,0.6593406593406593,0.6693672839506172,0.6236173302414678
54D,S1_train_I_test_all,uda,source-only,bottleneck16,posthoc-sklearn-lr-on-frozen-mlp-representation,1,54,16,D:\thesis\tables\opensource_da_48_54\checkpoints\54D\S1_train_I_test_all\bottleneck16\mlp\source-only\seed_1.pt,D:\thesis\tables\opensource_da_48_54\posthoc_lr_bottleneck16\checkpoints\54D\S1_train_I_test_all\source-only\seed_1.joblib,source labels only,selected checkpoint; no refit,C=1.0;class_weight=balanced;solver=lbfgs;max_iter=2000,"[[66, 15, 0], [0, 96, 0], [13, 35, 48]]",1.0,1.0,1.0,0.7692307692307693,0.7716049382716049,0.7616850321395776
54D,S1_train_I_test_all,uda,source-only,bottleneck16,posthoc-sklearn-lr-on-frozen-mlp-representation,2,54,16,D:\thesis\tables\opensource_da_48_54\checkpoints\54D\S1_train_I_test_all\bottleneck16\mlp\source-only\seed_2.pt,D:\thesis\tables\opensource_da_48_54\posthoc_lr_bottleneck16\checkpoints\54D\S1_train_I_test_all\source-only\seed_2.joblib,source labels only,selected checkpoint; no refit,C=1.0;class_weight=balanced;solver=lbfgs;max_iter=2000,"[[67, 14, 0], [1, 93, 2], [26, 36, 34]]",1.0,1.0,1.0,0.7106227106227107,0.7166923868312757,0.6863694928966896
54D,S1_train_I_test_all,uda,source-only,bottleneck16,posthoc-sklearn-lr-on-frozen-mlp-representation,3,54,16,D:\thesis\tables\opensource_da_48_54\checkpoints\54D\S1_train_I_test_all\bottleneck16\mlp\source-only\seed_3.pt,D:\thesis\tables\opensource_da_48_54\posthoc_lr_bottleneck16\checkpoints\54D\S1_train_I_test_all\source-only\seed_3.joblib,source labels only,selected checkpoint; no refit,C=1.0;class_weight=balanced;solver=lbfgs;max_iter=2000,"[[66, 15, 0], [2, 93, 1], [3, 45, 48]]",1.0,1.0,1.0,0.7582417582417582,0.7611882716049383,0.759159323318683
54D,S1_train_I_test_all,uda,source-only,bottleneck16,posthoc-sklearn-lr-on-frozen-mlp-representation,4,54,16,D:\thesis\tables\opensource_da_48_54\checkpoints\54D\S1_train_I_test_all\bottleneck16\mlp\source-only\seed_4.pt,D:\thesis\tables\opensource_da_48_54\posthoc_lr_bottleneck16\checkpoints\54D\S1_train_I_test_all\source-only\seed_4.joblib,source labels only,selected checkpoint; no refit,C=1.0;class_weight=balanced;solver=lbfgs;max_iter=2000,"[[67, 14, 0], [0, 96, 0], [0, 49, 47]]",1.0,1.0,1.0,0.7692307692307693,0.7722479423868314,0.7718964130728837
54D,S2_train_I_internal_val_test_all,uda,c-dann,bottleneck16,posthoc-sklearn-lr-on-frozen-mlp-representation,0,54,16,D:\thesis\tables\opensource_da_48_54\checkpoints\54D\S2_train_I_internal_val_test_all\bottleneck16\mlp\c-dann\seed_0.pt,D:\thesis\tables\opensource_da_48_54\posthoc_lr_bottleneck16\checkpoints\54D\S2_train_I_internal_val_test_all\c-dann\seed_0.joblib,source train + source validation labels,source train+validation refit,C=1.0;class_weight=balanced;solver=lbfgs;max_iter=2000,"[[67, 12, 2], [2, 93, 1], [12, 17, 67]]",1.0,1.0,1.0,0.8315018315018315,0.831275720164609,0.8292001395547078
54D,S2_train_I_internal_val_test_all,uda,c-dann,bottleneck16,posthoc-sklearn-lr-on-frozen-mlp-representation,1,54,16,D:\thesis\tables\opensource_da_48_54\checkpoints\54D\S2_train_I_internal_val_test_all\bottleneck16\mlp\c-dann\seed_1.pt,D:\thesis\tables\opensource_da_48_54\posthoc_lr_bottleneck16\checkpoints\54D\S2_train_I_internal_val_test_all\c-dann\seed_1.joblib,source train + source validation labels,source train+validation refit,C=1.0;class_weight=balanced;solver=lbfgs;max_iter=2000,"[[71, 9, 1], [2, 93, 1], [2, 16, 78]]",1.0,1.0,1.0,0.8864468864468864,0.8859310699588477,0.8885929750415732
54D,S2_train_I_internal_val_test_all,uda,c-dann,bottleneck16,posthoc-sklearn-lr-on-frozen-mlp-representation,2,54,16,D:\thesis\tables\opensource_da_48_54\checkpoints\54D\S2_train_I_internal_val_test_all\bottleneck16\mlp\c-dann\seed_2.pt,D:\thesis\tables\opensource_da_48_54\posthoc_lr_bottleneck16\checkpoints\54D\S2_train_I_internal_val_test_all\c-dann\seed_2.joblib,source train + source validation labels,source train+validation refit,C=1.0;class_weight=balanced;solver=lbfgs;max_iter=2000,"[[68, 13, 0], [2, 93, 1], [1, 19, 76]]",1.0,1.0,1.0,0.8681318681318682,0.8666409465020576,0.8716595060480957
54D,S2_train_I_internal_val_test_all,uda,c-dann,bottleneck16,posthoc-sklearn-lr-on-frozen-mlp-representation,3,54,16,D:\thesis\tables\opensource_da_48_54\checkpoints\54D\S2_train_I_internal_val_test_all\bottleneck16\mlp\c-dann\seed_3.pt,D:\thesis\tables\opensource_da_48_54\posthoc_lr_bottleneck16\checkpoints\54D\S2_train_I_internal_val_test_all\c-dann\seed_3.joblib,source train + source validation labels,source train+validation refit,C=1.0;class_weight=balanced;solver=lbfgs;max_iter=2000,"[[64, 17, 0], [0, 95, 1], [1, 32, 63]]",1.0,1.0,1.0,0.8131868131868132,0.811985596707819,0.8186263318112633
54D,S2_train_I_internal_val_test_all,uda,c-dann,bottleneck16,posthoc-sklearn-lr-on-frozen-mlp-representation,4,54,16,D:\thesis\tables\opensource_da_48_54\checkpoints\54D\S2_train_I_internal_val_test_all\bottleneck16\mlp\c-dann\seed_4.pt,D:\thesis\tables\opensource_da_48_54\posthoc_lr_bottleneck16\checkpoints\54D\S2_train_I_internal_val_test_all\c-dann\seed_4.joblib,source train + source validation labels,source train+validation refit,C=1.0;class_weight=balanced;solver=lbfgs;max_iter=2000,"[[68, 13, 0], [0, 94, 2], [1, 17, 78]]",1.0,1.0,1.0,0.8791208791208791,0.8770576131687243,0.8825252525252525
54D,S2_train_I_internal_val_test_all,uda,cdan,bottleneck16,posthoc-sklearn-lr-on-frozen-mlp-representation,0,54,16,D:\thesis\tables\opensource_da_48_54\checkpoints\54D\S2_train_I_internal_val_test_all\bottleneck16\mlp\cdan\seed_0.pt,D:\thesis\tables\opensource_da_48_54\posthoc_lr_bottleneck16\checkpoints\54D\S2_train_I_internal_val_test_all\cdan\seed_0.joblib,source train + source validation labels,source train+validation refit,C=1.0;class_weight=balanced;solver=lbfgs;max_iter=2000,"[[67, 14, 0], [2, 94, 0], [19, 36, 41]]",1.0,1.0,1.0,0.73992673992674,0.7444701646090536,0.7249242958675861
54D,S2_train_I_internal_val_test_all,uda,cdan,bottleneck16,posthoc-sklearn-lr-on-frozen-mlp-representation,1,54,16,D:\thesis\tables\opensource_da_48_54\checkpoints\54D\S2_train_I_internal_val_test_all\bottleneck16\mlp\cdan\seed_1.pt,D:\thesis\tables\opensource_da_48_54\posthoc_lr_bottleneck16\checkpoints\54D\S2_train_I_internal_val_test_all\cdan\seed_1.joblib,source train + source validation labels,source train+validation refit,C=1.0;class_weight=balanced;solver=lbfgs;max_iter=2000,"[[64, 16, 1], [1, 91, 4], [1, 44, 51]]",1.0,1.0,1.0,0.7545787545787546,0.7564300411522633,0.7595476787206111
54D,S2_train_I_internal_val_test_all,uda,cdan,bottleneck16,posthoc-sklearn-lr-on-frozen-mlp-representation,2,54,16,D:\thesis\tables\opensource_da_48_54\checkpoints\54D\S2_train_I_internal_val_test_all\bottleneck16\mlp\cdan\seed_2.pt,D:\thesis\tables\opensource_da_48_54\posthoc_lr_bottleneck16\checkpoints\54D\S2_train_I_internal_val_test_all\cdan\seed_2.joblib,source train + source validation labels,source train+validation refit,C=1.0;class_weight=balanced;solver=lbfgs;max_iter=2000,"[[67, 14, 0], [2, 93, 1], [2, 27, 67]]",1.0,1.0,1.0,0.8315018315018315,0.831275720164609,0.835782590091347
54D,S2_train_I_internal_val_test_all,uda,cdan,bottleneck16,posthoc-sklearn-lr-on-frozen-mlp-representation,3,54,16,D:\thesis\tables\opensource_da_48_54\checkpoints\54D\S2_train_I_internal_val_test_all\bottleneck16\mlp\cdan\seed_3.pt,D:\thesis\tables\opensource_da_48_54\posthoc_lr_bottleneck16\checkpoints\54D\S2_train_I_internal_val_test_all\cdan\seed_3.joblib,source train + source validation labels,source train+validation refit,C=1.0;class_weight=balanced;solver=lbfgs;max_iter=2000,"[[71, 10, 0], [1, 94, 1], [2, 44, 50]]",1.0,1.0,1.0,0.7875457875457875,0.7921810699588477,0.7889643147934301
54D,S2_train_I_internal_val_test_all,uda,cdan,bottleneck16,posthoc-sklearn-lr-on-frozen-mlp-representation,4,54,16,D:\thesis\tables\opensource_da_48_54\checkpoints\54D\S2_train_I_internal_val_test_all\bottleneck16\mlp\cdan\seed_4.pt,D:\thesis\tables\opensource_da_48_54\posthoc_lr_bottleneck16\checkpoints\54D\S2_train_I_internal_val_test_all\cdan\seed_4.joblib,source train + source validation labels,source train+validation refit,C=1.0;class_weight=balanced;solver=lbfgs;max_iter=2000,"[[65, 16, 0], [3, 93, 0], [9, 37, 50]]",1.0,1.0,1.0,0.7619047619047619,0.7640174897119342,0.7587704527660705
54D,S2_train_I_internal_val_test_all,uda,cdan+c-dann,bottleneck16,posthoc-sklearn-lr-on-frozen-mlp-representation,0,54,16,D:\thesis\tables\opensource_da_48_54\checkpoints\54D\S2_train_I_internal_val_test_all\bottleneck16\mlp\cdan+c-dann\seed_0.pt,D:\thesis\tables\opensource_da_48_54\posthoc_lr_bottleneck16\checkpoints\54D\S2_train_I_internal_val_test_all\cdan+c-dann\seed_0.joblib,source train + source validation labels,source train+validation refit,C=1.0;class_weight=balanced;solver=lbfgs;max_iter=2000,"[[68, 12, 1], [0, 95, 1], [9, 32, 55]]",1.0,1.0,1.0,0.7985347985347986,0.8006687242798353,0.7960747934449238
54D,S2_train_I_internal_val_test_all,uda,cdan+c-dann,bottleneck16,posthoc-sklearn-lr-on-frozen-mlp-representation,1,54,16,D:\thesis\tables\opensource_da_48_54\checkpoints\54D\S2_train_I_internal_val_test_all\bottleneck16\mlp\cdan+c-dann\seed_1.pt,D:\thesis\tables\opensource_da_48_54\posthoc_lr_bottleneck16\checkpoints\54D\S2_train_I_internal_val_test_all\cdan+c-dann\seed_1.joblib,source train + source validation labels,source train+validation refit,C=1.0;class_weight=balanced;solver=lbfgs;max_iter=2000,"[[69, 11, 1], [0, 95, 1], [1, 14, 81]]",1.0,1.0,1.0,0.8974358974358975,0.8950617283950617,0.8995216157862451
54D,S2_train_I_internal_val_test_all,uda,cdan+c-dann,bottleneck16,posthoc-sklearn-lr-on-frozen-mlp-representation,2,54,16,D:\thesis\tables\opensource_da_48_54\checkpoints\54D\S2_train_I_internal_val_test_all\bottleneck16\mlp\cdan+c-dann\seed_2.pt,D:\thesis\tables\opensource_da_48_54\posthoc_lr_bottleneck16\checkpoints\54D\S2_train_I_internal_val_test_all\cdan+c-dann\seed_2.joblib,source train + source validation labels,source train+validation refit,C=1.0;class_weight=balanced;solver=lbfgs;max_iter=2000,"[[68, 13, 0], [3, 93, 0], [2, 14, 80]]",1.0,1.0,1.0,0.8827838827838828,0.8805298353909464,0.8844396344396345
54D,S2_train_I_internal_val_test_all,uda,cdan+c-dann,bottleneck16,posthoc-sklearn-lr-on-frozen-mlp-representation,3,54,16,D:\thesis\tables\opensource_da_48_54\checkpoints\54D\S2_train_I_internal_val_test_all\bottleneck16\mlp\cdan+c-dann\seed_3.pt,D:\thesis\tables\opensource_da_48_54\posthoc_lr_bottleneck16\checkpoints\54D\S2_train_I_internal_val_test_all\cdan+c-dann\seed_3.joblib,source train + source validation labels,source train+validation refit,C=1.0;class_weight=balanced;solver=lbfgs;max_iter=2000,"[[63, 18, 0], [2, 94, 0], [1, 15, 80]]",1.0,1.0,1.0,0.8681318681318682,0.8634259259259259,0.8697610311960088
54D,S2_train_I_internal_val_test_all,uda,cdan+c-dann,bottleneck16,posthoc-sklearn-lr-on-frozen-mlp-representation,4,54,16,D:\thesis\tables\opensource_da_48_54\checkpoints\54D\S2_train_I_internal_val_test_all\bottleneck16\mlp\cdan+c-dann\seed_4.pt,D:\thesis\tables\opensource_da_48_54\posthoc_lr_bottleneck16\checkpoints\54D\S2_train_I_internal_val_test_all\cdan+c-dann\seed_4.joblib,source train + source validation labels,source train+validation refit,C=1.0;class_weight=balanced;solver=lbfgs;max_iter=2000,"[[64, 17, 0], [2, 94, 0], [3, 34, 59]]",1.0,1.0,1.0,0.7948717948717948,0.7946244855967078,0.7982355478219486
54D,S2_train_I_internal_val_test_all,uda,dann,bottleneck16,posthoc-sklearn-lr-on-frozen-mlp-representation,0,54,16,D:\thesis\tables\opensource_da_48_54\checkpoints\54D\S2_train_I_internal_val_test_all\bottleneck16\mlp\dann\seed_0.pt,D:\thesis\tables\opensource_da_48_54\posthoc_lr_bottleneck16\checkpoints\54D\S2_train_I_internal_val_test_all\dann\seed_0.joblib,source train + source validation labels,source train+validation refit,C=1.0;class_weight=balanced;solver=lbfgs;max_iter=2000,"[[64, 17, 0], [0, 94, 2], [1, 22, 73]]",1.0,1.0,1.0,0.8461538461538461,0.8432355967078188,0.8504913990159076
54D,S2_train_I_internal_val_test_all,uda,dann,bottleneck16,posthoc-sklearn-lr-on-frozen-mlp-representation,1,54,16,D:\thesis\tables\opensource_da_48_54\checkpoints\54D\S2_train_I_internal_val_test_all\bottleneck16\mlp\dann\seed_1.pt,D:\thesis\tables\opensource_da_48_54\posthoc_lr_bottleneck16\checkpoints\54D\S2_train_I_internal_val_test_all\dann\seed_1.joblib,source train + source validation labels,source train+validation refit,C=1.0;class_weight=balanced;solver=lbfgs;max_iter=2000,"[[67, 12, 2], [0, 95, 1], [2, 21, 73]]",1.0,1.0,1.0,0.8608058608058609,0.8590534979423868,0.8634616094499815
54D,S2_train_I_internal_val_test_all,uda,dann,bottleneck16,posthoc-sklearn-lr-on-frozen-mlp-representation,2,54,16,D:\thesis\tables\opensource_da_48_54\checkpoints\54D\S2_train_I_internal_val_test_all\bottleneck16\mlp\dann\seed_2.pt,D:\thesis\tables\opensource_da_48_54\posthoc_lr_bottleneck16\checkpoints\54D\S2_train_I_internal_val_test_all\dann\seed_2.joblib,source train + source validation labels,source train+validation refit,C=1.0;class_weight=balanced;solver=lbfgs;max_iter=2000,"[[67, 14, 0], [2, 94, 0], [2, 18, 76]]",1.0,1.0,1.0,0.8681318681318682,0.8659979423868313,0.8707155748159421
54D,S2_train_I_internal_val_test_all,uda,dann,bottleneck16,posthoc-sklearn-lr-on-frozen-mlp-representation,3,54,16,D:\thesis\tables\opensource_da_48_54\checkpoints\54D\S2_train_I_internal_val_test_all\bottleneck16\mlp\dann\seed_3.pt,D:\thesis\tables\opensource_da_48_54\posthoc_lr_bottleneck16\checkpoints\54D\S2_train_I_internal_val_test_all\dann\seed_3.joblib,source train + source validation labels,source train+validation refit,C=1.0;class_weight=balanced;solver=lbfgs;max_iter=2000,"[[63, 18, 0], [2, 94, 0], [1, 62, 33]]",1.0,1.0,1.0,0.6959706959706959,0.7002314814814815,0.6883556868052992
54D,S2_train_I_internal_val_test_all,uda,dann,bottleneck16,posthoc-sklearn-lr-on-frozen-mlp-representation,4,54,16,D:\thesis\tables\opensource_da_48_54\checkpoints\54D\S2_train_I_internal_val_test_all\bottleneck16\mlp\dann\seed_4.pt,D:\thesis\tables\opensource_da_48_54\posthoc_lr_bottleneck16\checkpoints\54D\S2_train_I_internal_val_test_all\dann\seed_4.joblib,source train + source validation labels,source train+validation refit,C=1.0;class_weight=balanced;solver=lbfgs;max_iter=2000,"[[63, 18, 0], [5, 91, 0], [1, 22, 73]]",1.0,1.0,1.0,0.8315018315018315,0.8287037037037037,0.8352224799937439
54D,S2_train_I_internal_val_test_all,uda,deep-coral,bottleneck16,posthoc-sklearn-lr-on-frozen-mlp-representation,0,54,16,D:\thesis\tables\opensource_da_48_54\checkpoints\54D\S2_train_I_internal_val_test_all\bottleneck16\mlp\deep-coral\seed_0.pt,D:\thesis\tables\opensource_da_48_54\posthoc_lr_bottleneck16\checkpoints\54D\S2_train_I_internal_val_test_all\deep-coral\seed_0.joblib,source train + source validation labels,source train+validation refit,C=1.0;class_weight=balanced;solver=lbfgs;max_iter=2000,"[[69, 12, 0], [0, 95, 1], [1, 65, 30]]",1.0,1.0,1.0,0.7106227106227107,0.7179783950617283,0.6984344845102329
54D,S2_train_I_internal_val_test_all,uda,deep-coral,bottleneck16,posthoc-sklearn-lr-on-frozen-mlp-representation,1,54,16,D:\thesis\tables\opensource_da_48_54\checkpoints\54D\S2_train_I_internal_val_test_all\bottleneck16\mlp\deep-coral\seed_1.pt,D:\thesis\tables\opensource_da_48_54\posthoc_lr_bottleneck16\checkpoints\54D\S2_train_I_internal_val_test_all\deep-coral\seed_1.joblib,source train + source validation labels,source train+validation refit,C=1.0;class_weight=balanced;solver=lbfgs;max_iter=2000,"[[67, 14, 0], [1, 93, 2], [2, 31, 63]]",1.0,1.0,1.0,0.8168498168498168,0.8173868312757202,0.821632569689005
54D,S2_train_I_internal_val_test_all,uda,deep-coral,bottleneck16,posthoc-sklearn-lr-on-frozen-mlp-representation,2,54,16,D:\thesis\tables\opensource_da_48_54\checkpoints\54D\S2_train_I_internal_val_test_all\bottleneck16\mlp\deep-coral\seed_2.pt,D:\thesis\tables\opensource_da_48_54\posthoc_lr_bottleneck16\checkpoints\54D\S2_train_I_internal_val_test_all\deep-coral\seed_2.joblib,source train + source validation labels,source train+validation refit,C=1.0;class_weight=balanced;solver=lbfgs;max_iter=2000,"[[69, 12, 0], [4, 90, 2], [4, 20, 72]]",1.0,1.0,1.0,0.8461538461538461,0.8464506172839507,0.848721539480965
54D,S2_train_I_internal_val_test_all,uda,deep-coral,bottleneck16,posthoc-sklearn-lr-on-frozen-mlp-representation,3,54,16,D:\thesis\tables\opensource_da_48_54\checkpoints\54D\S2_train_I_internal_val_test_all\bottleneck16\mlp\deep-coral\seed_3.pt,D:\thesis\tables\opensource_da_48_54\posthoc_lr_bottleneck16\checkpoints\54D\S2_train_I_internal_val_test_all\deep-coral\seed_3.joblib,source train + source validation labels,source train+validation refit,C=1.0;class_weight=balanced;solver=lbfgs;max_iter=2000,"[[72, 9, 0], [0, 94, 2], [1, 39, 56]]",1.0,1.0,1.0,0.8131868131868132,0.8171296296296297,0.8174178762414056
54D,S2_train_I_internal_val_test_all,uda,deep-coral,bottleneck16,posthoc-sklearn-lr-on-frozen-mlp-representation,4,54,16,D:\thesis\tables\opensource_da_48_54\checkpoints\54D\S2_train_I_internal_val_test_all\bottleneck16\mlp\deep-coral\seed_4.pt,D:\thesis\tables\opensource_da_48_54\posthoc_lr_bottleneck16\checkpoints\54D\S2_train_I_internal_val_test_all\deep-coral\seed_4.joblib,source train + source validation labels,source train+validation refit,C=1.0;class_weight=balanced;solver=lbfgs;max_iter=2000,"[[65, 15, 1], [2, 92, 2], [9, 20, 67]]",1.0,1.0,1.0,0.8205128205128205,0.8195730452674898,0.8201221669976585
54D,S2_train_I_internal_val_test_all,uda,mk-mmd,bottleneck16,posthoc-sklearn-lr-on-frozen-mlp-representation,0,54,16,D:\thesis\tables\opensource_da_48_54\checkpoints\54D\S2_train_I_internal_val_test_all\bottleneck16\mlp\mk-mmd\seed_0.pt,D:\thesis\tables\opensource_da_48_54\posthoc_lr_bottleneck16\checkpoints\54D\S2_train_I_internal_val_test_all\mk-mmd\seed_0.joblib,source train + source validation labels,source train+validation refit,C=1.0;class_weight=balanced;solver=lbfgs;max_iter=2000,"[[68, 12, 1], [9, 86, 1], [3, 8, 85]]",0.9666666666666668,0.9722222222222222,0.959866220735786,0.8754578754578755,0.873585390946502,0.8750557980143805
54D,S2_train_I_internal_val_test_all,uda,mk-mmd,bottleneck16,posthoc-sklearn-lr-on-frozen-mlp-representation,1,54,16,D:\thesis\tables\opensource_da_48_54\checkpoints\54D\S2_train_I_internal_val_test_all\bottleneck16\mlp\mk-mmd\seed_1.pt,D:\thesis\tables\opensource_da_48_54\posthoc_lr_bottleneck16\checkpoints\54D\S2_train_I_internal_val_test_all\mk-mmd\seed_1.joblib,source train + source validation labels,source train+validation refit,C=1.0;class_weight=balanced;solver=lbfgs;max_iter=2000,"[[67, 13, 1], [1, 93, 2], [1, 39, 56]]",1.0,1.0,1.0,0.7912087912087912,0.7930812757201647,0.7958994036199231
54D,S2_train_I_internal_val_test_all,uda,mk-mmd,bottleneck16,posthoc-sklearn-lr-on-frozen-mlp-representation,2,54,16,D:\thesis\tables\opensource_da_48_54\checkpoints\54D\S2_train_I_internal_val_test_all\bottleneck16\mlp\mk-mmd\seed_2.pt,D:\thesis\tables\opensource_da_48_54\posthoc_lr_bottleneck16\checkpoints\54D\S2_train_I_internal_val_test_all\mk-mmd\seed_2.joblib,source train + source validation labels,source train+validation refit,C=1.0;class_weight=balanced;solver=lbfgs;max_iter=2000,"[[66, 15, 0], [1, 94, 1], [1, 22, 73]]",1.0,1.0,1.0,0.8534798534798534,0.851466049382716,0.8576411340931133
54D,S2_train_I_internal_val_test_all,uda,mk-mmd,bottleneck16,posthoc-sklearn-lr-on-frozen-mlp-representation,3,54,16,D:\thesis\tables\opensource_da_48_54\checkpoints\54D\S2_train_I_internal_val_test_all\bottleneck16\mlp\mk-mmd\seed_3.pt,D:\thesis\tables\opensource_da_48_54\posthoc_lr_bottleneck16\checkpoints\54D\S2_train_I_internal_val_test_all\mk-mmd\seed_3.joblib,source train + source validation labels,source train+validation refit,C=1.0;class_weight=balanced;solver=lbfgs;max_iter=2000,"[[67, 13, 1], [1, 93, 2], [1, 28, 67]]",1.0,1.0,1.0,0.8315018315018315,0.831275720164609,0.8364193003899656
54D,S2_train_I_internal_val_test_all,uda,mk-mmd,bottleneck16,posthoc-sklearn-lr-on-frozen-mlp-representation,4,54,16,D:\thesis\tables\opensource_da_48_54\checkpoints\54D\S2_train_I_internal_val_test_all\bottleneck16\mlp\mk-mmd\seed_4.pt,D:\thesis\tables\opensource_da_48_54\posthoc_lr_bottleneck16\checkpoints\54D\S2_train_I_internal_val_test_all\mk-mmd\seed_4.joblib,source train + source validation labels,source train+validation refit,C=1.0;class_weight=balanced;solver=lbfgs;max_iter=2000,"[[72, 6, 3], [1, 94, 1], [1, 26, 69]]",1.0,1.0,1.0,0.8608058608058609,0.8622685185185185,0.8641490507495471
54D,S2_train_I_internal_val_test_all,uda,source-only,bottleneck16,posthoc-sklearn-lr-on-frozen-mlp-representation,0,54,16,D:\thesis\tables\opensource_da_48_54\checkpoints\54D\S2_train_I_internal_val_test_all\bottleneck16\mlp\source-only\seed_0.pt,D:\thesis\tables\opensource_da_48_54\posthoc_lr_bottleneck16\checkpoints\54D\S2_train_I_internal_val_test_all\source-only\seed_0.joblib,source train + source validation labels,source train+validation refit,C=1.0;class_weight=balanced;solver=lbfgs;max_iter=2000,"[[67, 13, 1], [0, 95, 1], [13, 41, 42]]",1.0,1.0,1.0,0.7472527472527473,0.7514146090534979,0.7359361135758652
54D,S2_train_I_internal_val_test_all,uda,source-only,bottleneck16,posthoc-sklearn-lr-on-frozen-mlp-representation,1,54,16,D:\thesis\tables\opensource_da_48_54\checkpoints\54D\S2_train_I_internal_val_test_all\bottleneck16\mlp\source-only\seed_1.pt,D:\thesis\tables\opensource_da_48_54\posthoc_lr_bottleneck16\checkpoints\54D\S2_train_I_internal_val_test_all\source-only\seed_1.joblib,source train + source validation labels,source train+validation refit,C=1.0;class_weight=balanced;solver=lbfgs;max_iter=2000,"[[68, 13, 0], [3, 82, 11], [2, 34, 60]]",0.8666666666666667,0.8888888888888888,0.857936507936508,0.7692307692307693,0.7728909465020576,0.7768562154190897
54D,S2_train_I_internal_val_test_all,uda,source-only,bottleneck16,posthoc-sklearn-lr-on-frozen-mlp-representation,2,54,16,D:\thesis\tables\opensource_da_48_54\checkpoints\54D\S2_train_I_internal_val_test_all\bottleneck16\mlp\source-only\seed_2.pt,D:\thesis\tables\opensource_da_48_54\posthoc_lr_bottleneck16\checkpoints\54D\S2_train_I_internal_val_test_all\source-only\seed_2.joblib,source train + source validation labels,source train+validation refit,C=1.0;class_weight=balanced;solver=lbfgs;max_iter=2000,"[[66, 15, 0], [0, 95, 1], [7, 11, 78]]",1.0,1.0,1.0,0.8754578754578755,0.8722993827160493,0.874715821812596
54D,S2_train_I_internal_val_test_all,uda,source-only,bottleneck16,posthoc-sklearn-lr-on-frozen-mlp-representation,3,54,16,D:\thesis\tables\opensource_da_48_54\checkpoints\54D\S2_train_I_internal_val_test_all\bottleneck16\mlp\source-only\seed_3.pt,D:\thesis\tables\opensource_da_48_54\posthoc_lr_bottleneck16\checkpoints\54D\S2_train_I_internal_val_test_all\source-only\seed_3.joblib,source train + source validation labels,source train+validation refit,C=1.0;class_weight=balanced;solver=lbfgs;max_iter=2000,"[[67, 14, 0], [8, 78, 10], [6, 27, 63]]",0.9666666666666668,0.9722222222222222,0.9721739130434782,0.7619047619047619,0.7653034979423868,0.7661013397845041
54D,S2_train_I_internal_val_test_all,uda,source-only,bottleneck16,posthoc-sklearn-lr-on-frozen-mlp-representation,4,54,16,D:\thesis\tables\opensource_da_48_54\checkpoints\54D\S2_train_I_internal_val_test_all\bottleneck16\mlp\source-only\seed_4.pt,D:\thesis\tables\opensource_da_48_54\posthoc_lr_bottleneck16\checkpoints\54D\S2_train_I_internal_val_test_all\source-only\seed_4.joblib,source train + source validation labels,source train+validation refit,C=1.0;class_weight=balanced;solver=lbfgs;max_iter=2000,"[[64, 17, 0], [2, 92, 2], [14, 22, 60]]",1.0,1.0,1.0,0.7912087912087912,0.7911522633744856,0.7883658046704555
54D,S3_train_I_internal_20_10_test_all,uda,c-dann,bottleneck16,posthoc-sklearn-lr-on-frozen-mlp-representation,0,54,16,D:\thesis\tables\opensource_da_48_54\checkpoints\54D\S3_train_I_internal_20_10_test_all\bottleneck16\mlp\c-dann\seed_0.pt,D:\thesis\tables\opensource_da_48_54\posthoc_lr_bottleneck16\checkpoints\54D\S3_train_I_internal_20_10_test_all\c-dann\seed_0.joblib,source train + source validation labels,source train+validation refit,C=1.0;class_weight=balanced;solver=lbfgs;max_iter=2000,"[[68, 13, 0], [3, 93, 0], [3, 6, 87]]",1.0,1.0,1.0,0.9084249084249084,0.904835390946502,0.9074899320668756
54D,S3_train_I_internal_20_10_test_all,uda,c-dann,bottleneck16,posthoc-sklearn-lr-on-frozen-mlp-representation,1,54,16,D:\thesis\tables\opensource_da_48_54\checkpoints\54D\S3_train_I_internal_20_10_test_all\bottleneck16\mlp\c-dann\seed_1.pt,D:\thesis\tables\opensource_da_48_54\posthoc_lr_bottleneck16\checkpoints\54D\S3_train_I_internal_20_10_test_all\c-dann\seed_1.joblib,source train + source validation labels,source train+validation refit,C=1.0;class_weight=balanced;solver=lbfgs;max_iter=2000,"[[67, 14, 0], [0, 95, 1], [1, 25, 70]]",1.0,1.0,1.0,0.8498168498168498,0.8486368312757202,0.8545797229585183
54D,S3_train_I_internal_20_10_test_all,uda,c-dann,bottleneck16,posthoc-sklearn-lr-on-frozen-mlp-representation,2,54,16,D:\thesis\tables\opensource_da_48_54\checkpoints\54D\S3_train_I_internal_20_10_test_all\bottleneck16\mlp\c-dann\seed_2.pt,D:\thesis\tables\opensource_da_48_54\posthoc_lr_bottleneck16\checkpoints\54D\S3_train_I_internal_20_10_test_all\c-dann\seed_2.joblib,source train + source validation labels,source train+validation refit,C=1.0;class_weight=balanced;solver=lbfgs;max_iter=2000,"[[64, 17, 0], [1, 95, 0], [1, 23, 72]]",1.0,1.0,1.0,0.8461538461538461,0.843235596707819,0.8501339929911359
54D,S3_train_I_internal_20_10_test_all,uda,c-dann,bottleneck16,posthoc-sklearn-lr-on-frozen-mlp-representation,3,54,16,D:\thesis\tables\opensource_da_48_54\checkpoints\54D\S3_train_I_internal_20_10_test_all\bottleneck16\mlp\c-dann\seed_3.pt,D:\thesis\tables\opensource_da_48_54\posthoc_lr_bottleneck16\checkpoints\54D\S3_train_I_internal_20_10_test_all\c-dann\seed_3.joblib,source train + source validation labels,source train+validation refit,C=1.0;class_weight=balanced;solver=lbfgs;max_iter=2000,"[[66, 15, 0], [2, 93, 1], [4, 41, 51]]",1.0,1.0,1.0,0.7692307692307693,0.7716049382716049,0.7703726535659309
54D,S3_train_I_internal_20_10_test_all,uda,c-dann,bottleneck16,posthoc-sklearn-lr-on-frozen-mlp-representation,4,54,16,D:\thesis\tables\opensource_da_48_54\checkpoints\54D\S3_train_I_internal_20_10_test_all\bottleneck16\mlp\c-dann\seed_4.pt,D:\thesis\tables\opensource_da_48_54\posthoc_lr_bottleneck16\checkpoints\54D\S3_train_I_internal_20_10_test_all\c-dann\seed_4.joblib,source train + source validation labels,source train+validation refit,C=1.0;class_weight=balanced;solver=lbfgs;max_iter=2000,"[[67, 14, 0], [4, 92, 0], [1, 21, 74]]",1.0,1.0,1.0,0.8534798534798534,0.8521090534979424,0.8571724454604962
54D,S3_train_I_internal_20_10_test_all,uda,cdan,bottleneck16,posthoc-sklearn-lr-on-frozen-mlp-representation,0,54,16,D:\thesis\tables\opensource_da_48_54\checkpoints\54D\S3_train_I_internal_20_10_test_all\bottleneck16\mlp\cdan\seed_0.pt,D:\thesis\tables\opensource_da_48_54\posthoc_lr_bottleneck16\checkpoints\54D\S3_train_I_internal_20_10_test_all\cdan\seed_0.joblib,source train + source validation labels,source train+validation refit,C=1.0;class_weight=balanced;solver=lbfgs;max_iter=2000,"[[72, 9, 0], [2, 93, 1], [3, 19, 74]]",1.0,1.0,1.0,0.8754578754578755,0.8761574074074074,0.8780107794098466
54D,S3_train_I_internal_20_10_test_all,uda,cdan,bottleneck16,posthoc-sklearn-lr-on-frozen-mlp-representation,1,54,16,D:\thesis\tables\opensource_da_48_54\checkpoints\54D\S3_train_I_internal_20_10_test_all\bottleneck16\mlp\cdan\seed_1.pt,D:\thesis\tables\opensource_da_48_54\posthoc_lr_bottleneck16\checkpoints\54D\S3_train_I_internal_20_10_test_all\cdan\seed_1.joblib,source train + source validation labels,source train+validation refit,C=1.0;class_weight=balanced;solver=lbfgs;max_iter=2000,"[[68, 13, 0], [0, 95, 1], [2, 25, 69]]",1.0,1.0,1.0,0.8498168498168498,0.8492798353909464,0.8538939586681845
54D,S3_train_I_internal_20_10_test_all,uda,cdan,bottleneck16,posthoc-sklearn-lr-on-frozen-mlp-representation,2,54,16,D:\thesis\tables\opensource_da_48_54\checkpoints\54D\S3_train_I_internal_20_10_test_all\bottleneck16\mlp\cdan\seed_2.pt,D:\thesis\tables\opensource_da_48_54\posthoc_lr_bottleneck16\checkpoints\54D\S3_train_I_internal_20_10_test_all\cdan\seed_2.joblib,source train + source validation labels,source train+validation refit,C=1.0;class_weight=balanced;solver=lbfgs;max_iter=2000,"[[66, 15, 0], [2, 94, 0], [1, 33, 62]]",1.0,1.0,1.0,0.8131868131868132,0.8132716049382717,0.818242030989611
54D,S3_train_I_internal_20_10_test_all,uda,cdan,bottleneck16,posthoc-sklearn-lr-on-frozen-mlp-representation,3,54,16,D:\thesis\tables\opensource_da_48_54\checkpoints\54D\S3_train_I_internal_20_10_test_all\bottleneck16\mlp\cdan\seed_3.pt,D:\thesis\tables\opensource_da_48_54\posthoc_lr_bottleneck16\checkpoints\54D\S3_train_I_internal_20_10_test_all\cdan\seed_3.joblib,source train + source validation labels,source train+validation refit,C=1.0;class_weight=balanced;solver=lbfgs;max_iter=2000,"[[67, 14, 0], [0, 96, 0], [2, 24, 70]]",1.0,1.0,1.0,0.8534798534798534,0.8521090534979424,0.857163145334963
54D,S3_train_I_internal_20_10_test_all,uda,cdan,bottleneck16,posthoc-sklearn-lr-on-frozen-mlp-representation,4,54,16,D:\thesis\tables\opensource_da_48_54\checkpoints\54D\S3_train_I_internal_20_10_test_all\bottleneck16\mlp\cdan\seed_4.pt,D:\thesis\tables\opensource_da_48_54\posthoc_lr_bottleneck16\checkpoints\54D\S3_train_I_internal_20_10_test_all\cdan\seed_4.joblib,source train + source validation labels,source train+validation refit,C=1.0;class_weight=balanced;solver=lbfgs;max_iter=2000,"[[62, 19, 0], [2, 93, 1], [3, 29, 64]]",1.0,1.0,1.0,0.8021978021978022,0.8002829218106995,0.8058930067735792
54D,S3_train_I_internal_20_10_test_all,uda,cdan+c-dann,bottleneck16,posthoc-sklearn-lr-on-frozen-mlp-representation,0,54,16,D:\thesis\tables\opensource_da_48_54\checkpoints\54D\S3_train_I_internal_20_10_test_all\bottleneck16\mlp\cdan+c-dann\seed_0.pt,D:\thesis\tables\opensource_da_48_54\posthoc_lr_bottleneck16\checkpoints\54D\S3_train_I_internal_20_10_test_all\cdan+c-dann\seed_0.joblib,source train + source validation labels,source train+validation refit,C=1.0;class_weight=balanced;solver=lbfgs;max_iter=2000,"[[69, 11, 1], [0, 95, 1], [0, 43, 53]]",1.0,1.0,1.0,0.7948717948717948,0.7978395061728395,0.7991656530161734
54D,S3_train_I_internal_20_10_test_all,uda,cdan+c-dann,bottleneck16,posthoc-sklearn-lr-on-frozen-mlp-representation,1,54,16,D:\thesis\tables\opensource_da_48_54\checkpoints\54D\S3_train_I_internal_20_10_test_all\bottleneck16\mlp\cdan+c-dann\seed_1.pt,D:\thesis\tables\opensource_da_48_54\posthoc_lr_bottleneck16\checkpoints\54D\S3_train_I_internal_20_10_test_all\cdan+c-dann\seed_1.joblib,source train + source validation labels,source train+validation refit,C=1.0;class_weight=balanced;solver=lbfgs;max_iter=2000,"[[66, 15, 0], [2, 93, 1], [2, 14, 80]]",1.0,1.0,1.0,0.8754578754578755,0.8722993827160495,0.8771126656215542
54D,S3_train_I_internal_20_10_test_all,uda,cdan+c-dann,bottleneck16,posthoc-sklearn-lr-on-frozen-mlp-representation,2,54,16,D:\thesis\tables\opensource_da_48_54\checkpoints\54D\S3_train_I_internal_20_10_test_all\bottleneck16\mlp\cdan+c-dann\seed_2.pt,D:\thesis\tables\opensource_da_48_54\posthoc_lr_bottleneck16\checkpoints\54D\S3_train_I_internal_20_10_test_all\cdan+c-dann\seed_2.joblib,source train + source validation labels,source train+validation refit,C=1.0;class_weight=balanced;solver=lbfgs;max_iter=2000,"[[67, 14, 0], [3, 93, 0], [8, 25, 63]]",1.0,1.0,1.0,0.8168498168498168,0.8173868312757202,0.8170031998234579
54D,S3_train_I_internal_20_10_test_all,uda,cdan+c-dann,bottleneck16,posthoc-sklearn-lr-on-frozen-mlp-representation,3,54,16,D:\thesis\tables\opensource_da_48_54\checkpoints\54D\S3_train_I_internal_20_10_test_all\bottleneck16\mlp\cdan+c-dann\seed_3.pt,D:\thesis\tables\opensource_da_48_54\posthoc_lr_bottleneck16\checkpoints\54D\S3_train_I_internal_20_10_test_all\cdan+c-dann\seed_3.joblib,source train + source validation labels,source train+validation refit,C=1.0;class_weight=balanced;solver=lbfgs;max_iter=2000,"[[63, 18, 0], [0, 95, 1], [1, 19, 76]]",1.0,1.0,1.0,0.8571428571428571,0.8530092592592592,0.8603038557792395
54D,S3_train_I_internal_20_10_test_all,uda,cdan+c-dann,bottleneck16,posthoc-sklearn-lr-on-frozen-mlp-representation,4,54,16,D:\thesis\tables\opensource_da_48_54\checkpoints\54D\S3_train_I_internal_20_10_test_all\bottleneck16\mlp\cdan+c-dann\seed_4.pt,D:\thesis\tables\opensource_da_48_54\posthoc_lr_bottleneck16\checkpoints\54D\S3_train_I_internal_20_10_test_all\cdan+c-dann\seed_4.joblib,source train + source validation labels,source train+validation refit,C=1.0;class_weight=balanced;solver=lbfgs;max_iter=2000,"[[63, 18, 0], [2, 91, 3], [0, 26, 70]]",1.0,1.0,1.0,0.8205128205128205,0.8182870370370371,0.8264316177909435
54D,S3_train_I_internal_20_10_test_all,uda,dann,bottleneck16,posthoc-sklearn-lr-on-frozen-mlp-representation,0,54,16,D:\thesis\tables\opensource_da_48_54\checkpoints\54D\S3_train_I_internal_20_10_test_all\bottleneck16\mlp\dann\seed_0.pt,D:\thesis\tables\opensource_da_48_54\posthoc_lr_bottleneck16\checkpoints\54D\S3_train_I_internal_20_10_test_all\dann\seed_0.joblib,source train + source validation labels,source train+validation refit,C=1.0;class_weight=balanced;solver=lbfgs;max_iter=2000,"[[56, 25, 0], [0, 91, 5], [1, 22, 73]]",1.0,1.0,1.0,0.8058608058608059,0.7998971193415637,0.8094841468154811
54D,S3_train_I_internal_20_10_test_all,uda,dann,bottleneck16,posthoc-sklearn-lr-on-frozen-mlp-representation,1,54,16,D:\thesis\tables\opensource_da_48_54\checkpoints\54D\S3_train_I_internal_20_10_test_all\bottleneck16\mlp\dann\seed_1.pt,D:\thesis\tables\opensource_da_48_54\posthoc_lr_bottleneck16\checkpoints\54D\S3_train_I_internal_20_10_test_all\dann\seed_1.joblib,source train + source validation labels,source train+validation refit,C=1.0;class_weight=balanced;solver=lbfgs;max_iter=2000,"[[68, 11, 2], [4, 92, 0], [4, 32, 60]]",1.0,1.0,1.0,0.8058608058608059,0.8076131687242798,0.8074241685464777
54D,S3_train_I_internal_20_10_test_all,uda,dann,bottleneck16,posthoc-sklearn-lr-on-frozen-mlp-representation,2,54,16,D:\thesis\tables\opensource_da_48_54\checkpoints\54D\S3_train_I_internal_20_10_test_all\bottleneck16\mlp\dann\seed_2.pt,D:\thesis\tables\opensource_da_48_54\posthoc_lr_bottleneck16\checkpoints\54D\S3_train_I_internal_20_10_test_all\dann\seed_2.joblib,source train + source validation labels,source train+validation refit,C=1.0;class_weight=balanced;solver=lbfgs;max_iter=2000,"[[62, 19, 0], [4, 90, 2], [17, 20, 59]]",1.0,1.0,1.0,0.7728937728937729,0.7725051440329218,0.7692299725545025
54D,S3_train_I_internal_20_10_test_all,uda,dann,bottleneck16,posthoc-sklearn-lr-on-frozen-mlp-representation,3,54,16,D:\thesis\tables\opensource_da_48_54\checkpoints\54D\S3_train_I_internal_20_10_test_all\bottleneck16\mlp\dann\seed_3.pt,D:\thesis\tables\opensource_da_48_54\posthoc_lr_bottleneck16\checkpoints\54D\S3_train_I_internal_20_10_test_all\dann\seed_3.joblib,source train + source validation labels,source train+validation refit,C=1.0;class_weight=balanced;solver=lbfgs;max_iter=2000,"[[67, 14, 0], [0, 94, 2], [1, 42, 53]]",1.0,1.0,1.0,0.7838827838827839,0.7861368312757202,0.7885144187679044
54D,S3_train_I_internal_20_10_test_all,uda,dann,bottleneck16,posthoc-sklearn-lr-on-frozen-mlp-representation,4,54,16,D:\thesis\tables\opensource_da_48_54\checkpoints\54D\S3_train_I_internal_20_10_test_all\bottleneck16\mlp\dann\seed_4.pt,D:\thesis\tables\opensource_da_48_54\posthoc_lr_bottleneck16\checkpoints\54D\S3_train_I_internal_20_10_test_all\dann\seed_4.joblib,source train + source validation labels,source train+validation refit,C=1.0;class_weight=balanced;solver=lbfgs;max_iter=2000,"[[62, 19, 0], [2, 92, 2], [5, 29, 62]]",1.0,1.0,1.0,0.7912087912087912,0.789866255144033,0.7937758945386064
54D,S3_train_I_internal_20_10_test_all,uda,deep-coral,bottleneck16,posthoc-sklearn-lr-on-frozen-mlp-representation,0,54,16,D:\thesis\tables\opensource_da_48_54\checkpoints\54D\S3_train_I_internal_20_10_test_all\bottleneck16\mlp\deep-coral\seed_0.pt,D:\thesis\tables\opensource_da_48_54\posthoc_lr_bottleneck16\checkpoints\54D\S3_train_I_internal_20_10_test_all\deep-coral\seed_0.joblib,source train + source validation labels,source train+validation refit,C=1.0;class_weight=balanced;solver=lbfgs;max_iter=2000,"[[66, 15, 0], [0, 94, 2], [3, 40, 53]]",1.0,1.0,1.0,0.7802197802197802,0.7820216049382717,0.7831112312474658
54D,S3_train_I_internal_20_10_test_all,uda,deep-coral,bottleneck16,posthoc-sklearn-lr-on-frozen-mlp-representation,1,54,16,D:\thesis\tables\opensource_da_48_54\checkpoints\54D\S3_train_I_internal_20_10_test_all\bottleneck16\mlp\deep-coral\seed_1.pt,D:\thesis\tables\opensource_da_48_54\posthoc_lr_bottleneck16\checkpoints\54D\S3_train_I_internal_20_10_test_all\deep-coral\seed_1.joblib,source train + source validation labels,source train+validation refit,C=1.0;class_weight=balanced;solver=lbfgs;max_iter=2000,"[[67, 12, 2], [0, 95, 1], [4, 19, 73]]",1.0,1.0,1.0,0.8608058608058609,0.8590534979423868,0.8620906708422007
54D,S3_train_I_internal_20_10_test_all,uda,deep-coral,bottleneck16,posthoc-sklearn-lr-on-frozen-mlp-representation,2,54,16,D:\thesis\tables\opensource_da_48_54\checkpoints\54D\S3_train_I_internal_20_10_test_all\bottleneck16\mlp\deep-coral\seed_2.pt,D:\thesis\tables\opensource_da_48_54\posthoc_lr_bottleneck16\checkpoints\54D\S3_train_I_internal_20_10_test_all\deep-coral\seed_2.joblib,source train + source validation labels,source train+validation refit,C=1.0;class_weight=balanced;solver=lbfgs;max_iter=2000,"[[69, 12, 0], [2, 92, 2], [15, 16, 65]]",1.0,1.0,1.0,0.8278388278388278,0.8290895061728395,0.8252483898370039
54D,S3_train_I_internal_20_10_test_all,uda,deep-coral,bottleneck16,posthoc-sklearn-lr-on-frozen-mlp-representation,3,54,16,D:\thesis\tables\opensource_da_48_54\checkpoints\54D\S3_train_I_internal_20_10_test_all\bottleneck16\mlp\deep-coral\seed_3.pt,D:\thesis\tables\opensource_da_48_54\posthoc_lr_bottleneck16\checkpoints\54D\S3_train_I_internal_20_10_test_all\deep-coral\seed_3.joblib,source train + source validation labels,source train+validation refit,C=1.0;class_weight=balanced;solver=lbfgs;max_iter=2000,"[[67, 14, 0], [0, 95, 1], [2, 14, 80]]",1.0,1.0,1.0,0.8864468864468864,0.8833590534979424,0.8882893480896731
54D,S3_train_I_internal_20_10_test_all,uda,deep-coral,bottleneck16,posthoc-sklearn-lr-on-frozen-mlp-representation,4,54,16,D:\thesis\tables\opensource_da_48_54\checkpoints\54D\S3_train_I_internal_20_10_test_all\bottleneck16\mlp\deep-coral\seed_4.pt,D:\thesis\tables\opensource_da_48_54\posthoc_lr_bottleneck16\checkpoints\54D\S3_train_I_internal_20_10_test_all\deep-coral\seed_4.joblib,source train + source validation labels,source train+validation refit,C=1.0;class_weight=balanced;solver=lbfgs;max_iter=2000,"[[69, 12, 0], [1, 93, 2], [7, 16, 73]]",1.0,1.0,1.0,0.8608058608058609,0.8603395061728395,0.8614539160841624
54D,S3_train_I_internal_20_10_test_all,uda,mk-mmd,bottleneck16,posthoc-sklearn-lr-on-frozen-mlp-representation,0,54,16,D:\thesis\tables\opensource_da_48_54\checkpoints\54D\S3_train_I_internal_20_10_test_all\bottleneck16\mlp\mk-mmd\seed_0.pt,D:\thesis\tables\opensource_da_48_54\posthoc_lr_bottleneck16\checkpoints\54D\S3_train_I_internal_20_10_test_all\mk-mmd\seed_0.joblib,source train + source validation labels,source train+validation refit,C=1.0;class_weight=balanced;solver=lbfgs;max_iter=2000,"[[68, 13, 0], [0, 95, 1], [1, 20, 75]]",1.0,1.0,1.0,0.8717948717948718,0.8701131687242798,0.8756579918789221
54D,S3_train_I_internal_20_10_test_all,uda,mk-mmd,bottleneck16,posthoc-sklearn-lr-on-frozen-mlp-representation,1,54,16,D:\thesis\tables\opensource_da_48_54\checkpoints\54D\S3_train_I_internal_20_10_test_all\bottleneck16\mlp\mk-mmd\seed_1.pt,D:\thesis\tables\opensource_da_48_54\posthoc_lr_bottleneck16\checkpoints\54D\S3_train_I_internal_20_10_test_all\mk-mmd\seed_1.joblib,source train + source validation labels,source train+validation refit,C=1.0;class_weight=balanced;solver=lbfgs;max_iter=2000,"[[69, 12, 0], [2, 92, 2], [2, 29, 65]]",1.0,1.0,1.0,0.8278388278388278,0.8290895061728395,0.8323811193851647
54D,S3_train_I_internal_20_10_test_all,uda,mk-mmd,bottleneck16,posthoc-sklearn-lr-on-frozen-mlp-representation,2,54,16,D:\thesis\tables\opensource_da_48_54\checkpoints\54D\S3_train_I_internal_20_10_test_all\bottleneck16\mlp\mk-mmd\seed_2.pt,D:\thesis\tables\opensource_da_48_54\posthoc_lr_bottleneck16\checkpoints\54D\S3_train_I_internal_20_10_test_all\mk-mmd\seed_2.joblib,source train + source validation labels,source train+validation refit,C=1.0;class_weight=balanced;solver=lbfgs;max_iter=2000,"[[68, 11, 2], [2, 93, 1], [3, 30, 63]]",1.0,1.0,1.0,0.8205128205128205,0.8215020576131687,0.8231967710228579
54D,S3_train_I_internal_20_10_test_all,uda,mk-mmd,bottleneck16,posthoc-sklearn-lr-on-frozen-mlp-representation,3,54,16,D:\thesis\tables\opensource_da_48_54\checkpoints\54D\S3_train_I_internal_20_10_test_all\bottleneck16\mlp\mk-mmd\seed_3.pt,D:\thesis\tables\opensource_da_48_54\posthoc_lr_bottleneck16\checkpoints\54D\S3_train_I_internal_20_10_test_all\mk-mmd\seed_3.joblib,source train + source validation labels,source train+validation refit,C=1.0;class_weight=balanced;solver=lbfgs;max_iter=2000,"[[72, 9, 0], [0, 95, 1], [1, 31, 64]]",1.0,1.0,1.0,0.8461538461538461,0.8483796296296297,0.8508689378254596
54D,S3_train_I_internal_20_10_test_all,uda,mk-mmd,bottleneck16,posthoc-sklearn-lr-on-frozen-mlp-representation,4,54,16,D:\thesis\tables\opensource_da_48_54\checkpoints\54D\S3_train_I_internal_20_10_test_all\bottleneck16\mlp\mk-mmd\seed_4.pt,D:\thesis\tables\opensource_da_48_54\posthoc_lr_bottleneck16\checkpoints\54D\S3_train_I_internal_20_10_test_all\mk-mmd\seed_4.joblib,source train + source validation labels,source train+validation refit,C=1.0;class_weight=balanced;solver=lbfgs;max_iter=2000,"[[72, 6, 3], [0, 95, 1], [1, 17, 78]]",1.0,1.0,1.0,0.8974358974358975,0.8969907407407408,0.8997732989122257
54D,S3_train_I_internal_20_10_test_all,uda,source-only,bottleneck16,posthoc-sklearn-lr-on-frozen-mlp-representation,0,54,16,D:\thesis\tables\opensource_da_48_54\checkpoints\54D\S3_train_I_internal_20_10_test_all\bottleneck16\mlp\source-only\seed_0.pt,D:\thesis\tables\opensource_da_48_54\posthoc_lr_bottleneck16\checkpoints\54D\S3_train_I_internal_20_10_test_all\source-only\seed_0.joblib,source train + source validation labels,source train+validation refit,C=1.0;class_weight=balanced;solver=lbfgs;max_iter=2000,"[[70, 11, 0], [0, 95, 1], [2, 33, 61]]",1.0,1.0,1.0,0.8278388278388278,0.8297325102880658,0.8318984055902039
54D,S3_train_I_internal_20_10_test_all,uda,source-only,bottleneck16,posthoc-sklearn-lr-on-frozen-mlp-representation,1,54,16,D:\thesis\tables\opensource_da_48_54\checkpoints\54D\S3_train_I_internal_20_10_test_all\bottleneck16\mlp\source-only\seed_1.pt,D:\thesis\tables\opensource_da_48_54\posthoc_lr_bottleneck16\checkpoints\54D\S3_train_I_internal_20_10_test_all\source-only\seed_1.joblib,source train + source validation labels,source train+validation refit,C=1.0;class_weight=balanced;solver=lbfgs;max_iter=2000,"[[67, 12, 2], [0, 95, 1], [7, 35, 54]]",1.0,1.0,1.0,0.7912087912087912,0.7930812757201645,0.7895726032348424
54D,S3_train_I_internal_20_10_test_all,uda,source-only,bottleneck16,posthoc-sklearn-lr-on-frozen-mlp-representation,2,54,16,D:\thesis\tables\opensource_da_48_54\checkpoints\54D\S3_train_I_internal_20_10_test_all\bottleneck16\mlp\source-only\seed_2.pt,D:\thesis\tables\opensource_da_48_54\posthoc_lr_bottleneck16\checkpoints\54D\S3_train_I_internal_20_10_test_all\source-only\seed_2.joblib,source train + source validation labels,source train+validation refit,C=1.0;class_weight=balanced;solver=lbfgs;max_iter=2000,"[[69, 12, 0], [2, 92, 2], [4, 28, 64]]",1.0,1.0,1.0,0.8241758241758241,0.8256172839506172,0.827252128421719
54D,S3_train_I_internal_20_10_test_all,uda,source-only,bottleneck16,posthoc-sklearn-lr-on-frozen-mlp-representation,3,54,16,D:\thesis\tables\opensource_da_48_54\checkpoints\54D\S3_train_I_internal_20_10_test_all\bottleneck16\mlp\source-only\seed_3.pt,D:\thesis\tables\opensource_da_48_54\posthoc_lr_bottleneck16\checkpoints\54D\S3_train_I_internal_20_10_test_all\source-only\seed_3.joblib,source train + source validation labels,source train+validation refit,C=1.0;class_weight=balanced;solver=lbfgs;max_iter=2000,"[[63, 18, 0], [0, 95, 1], [3, 32, 61]]",1.0,1.0,1.0,0.8021978021978022,0.8009259259259259,0.8058921662052079
54D,S3_train_I_internal_20_10_test_all,uda,source-only,bottleneck16,posthoc-sklearn-lr-on-frozen-mlp-representation,4,54,16,D:\thesis\tables\opensource_da_48_54\checkpoints\54D\S3_train_I_internal_20_10_test_all\bottleneck16\mlp\source-only\seed_4.pt,D:\thesis\tables\opensource_da_48_54\posthoc_lr_bottleneck16\checkpoints\54D\S3_train_I_internal_20_10_test_all\source-only\seed_4.joblib,source train + source validation labels,source train+validation refit,C=1.0;class_weight=balanced;solver=lbfgs;max_iter=2000,"[[65, 16, 0], [3, 93, 0], [1, 45, 50]]",1.0,1.0,1.0,0.7619047619047619,0.7640174897119342,0.7651993911719939
54D,S4_train_I_val_D1_2,semi,c-dann,bottleneck16,posthoc-sklearn-lr-on-frozen-mlp-representation,0,54,16,D:\thesis\tables\opensource_da_48_54\checkpoints\54D\S4_train_I_val_D1_2\bottleneck16\mlp\c-dann\seed_0.pt,D:\thesis\tables\opensource_da_48_54\posthoc_lr_bottleneck16\checkpoints\54D\S4_train_I_val_D1_2\c-dann\seed_0.joblib,source + labeled target,source+target labeled train+validation refit,C=1.0;class_weight=balanced;solver=lbfgs;max_iter=2000,"[[68, 5, 0], [0, 85, 1], [0, 12, 74]]",1.0,1.0,1.0,0.926530612244898,0.9267813528724648,0.929349661542076
54D,S4_train_I_val_D1_2,semi,c-dann,bottleneck16,posthoc-sklearn-lr-on-frozen-mlp-representation,1,54,16,D:\thesis\tables\opensource_da_48_54\checkpoints\54D\S4_train_I_val_D1_2\bottleneck16\mlp\c-dann\seed_1.pt,D:\thesis\tables\opensource_da_48_54\posthoc_lr_bottleneck16\checkpoints\54D\S4_train_I_val_D1_2\c-dann\seed_1.joblib,source + labeled target,source+target labeled train+validation refit,C=1.0;class_weight=balanced;solver=lbfgs;max_iter=2000,"[[64, 9, 0], [1, 84, 1], [1, 15, 70]]",1.0,1.0,1.0,0.889795918367347,0.889136667728576,0.8928541453395823
54D,S4_train_I_val_D1_2,semi,c-dann,bottleneck16,posthoc-sklearn-lr-on-frozen-mlp-representation,2,54,16,D:\thesis\tables\opensource_da_48_54\checkpoints\54D\S4_train_I_val_D1_2\bottleneck16\mlp\c-dann\seed_2.pt,D:\thesis\tables\opensource_da_48_54\posthoc_lr_bottleneck16\checkpoints\54D\S4_train_I_val_D1_2\c-dann\seed_2.joblib,source + labeled target,source+target labeled train+validation refit,C=1.0;class_weight=balanced;solver=lbfgs;max_iter=2000,"[[66, 7, 0], [0, 85, 1], [1, 29, 56]]",1.0,1.0,1.0,0.8448979591836735,0.8478814909206754,0.849109988240423
54D,S4_train_I_val_D1_2,semi,c-dann,bottleneck16,posthoc-sklearn-lr-on-frozen-mlp-representation,3,54,16,D:\thesis\tables\opensource_da_48_54\checkpoints\54D\S4_train_I_val_D1_2\bottleneck16\mlp\c-dann\seed_3.pt,D:\thesis\tables\opensource_da_48_54\posthoc_lr_bottleneck16\checkpoints\54D\S4_train_I_val_D1_2\c-dann\seed_3.joblib,source + labeled target,source+target labeled train+validation refit,C=1.0;class_weight=balanced;solver=lbfgs;max_iter=2000,"[[65, 8, 0], [0, 85, 1], [1, 16, 69]]",1.0,1.0,1.0,0.8938775510204081,0.8937028777742381,0.8972206849904691
54D,S4_train_I_val_D1_2,semi,c-dann,bottleneck16,posthoc-sklearn-lr-on-frozen-mlp-representation,4,54,16,D:\thesis\tables\opensource_da_48_54\checkpoints\54D\S4_train_I_val_D1_2\bottleneck16\mlp\c-dann\seed_4.pt,D:\thesis\tables\opensource_da_48_54\posthoc_lr_bottleneck16\checkpoints\54D\S4_train_I_val_D1_2\c-dann\seed_4.joblib,source + labeled target,source+target labeled train+validation refit,C=1.0;class_weight=balanced;solver=lbfgs;max_iter=2000,"[[67, 6, 0], [0, 85, 1], [0, 7, 79]]",1.0,1.0,1.0,0.9428571428571428,0.9415949877880428,0.9442877098455936
54D,S4_train_I_val_D1_2,semi,cdan,bottleneck16,posthoc-sklearn-lr-on-frozen-mlp-representation,0,54,16,D:\thesis\tables\opensource_da_48_54\checkpoints\54D\S4_train_I_val_D1_2\bottleneck16\mlp\cdan\seed_0.pt,D:\thesis\tables\opensource_da_48_54\posthoc_lr_bottleneck16\checkpoints\54D\S4_train_I_val_D1_2\cdan\seed_0.joblib,source + labeled target,source+target labeled train+validation refit,C=1.0;class_weight=balanced;solver=lbfgs;max_iter=2000,"[[68, 5, 0], [0, 86, 0], [0, 23, 63]]",1.0,1.0,1.0,0.8857142857142857,0.888021662949984,0.8900588636616052
54D,S4_train_I_val_D1_2,semi,cdan,bottleneck16,posthoc-sklearn-lr-on-frozen-mlp-representation,1,54,16,D:\thesis\tables\opensource_da_48_54\checkpoints\54D\S4_train_I_val_D1_2\bottleneck16\mlp\cdan\seed_1.pt,D:\thesis\tables\opensource_da_48_54\posthoc_lr_bottleneck16\checkpoints\54D\S4_train_I_val_D1_2\cdan\seed_1.joblib,source + labeled target,source+target labeled train+validation refit,C=1.0;class_weight=balanced;solver=lbfgs;max_iter=2000,"[[67, 6, 0], [0, 85, 1], [4, 15, 67]]",1.0,1.0,1.0,0.8938775510204081,0.8950833598810662,0.8953673641173641
54D,S4_train_I_val_D1_2,semi,cdan,bottleneck16,posthoc-sklearn-lr-on-frozen-mlp-representation,2,54,16,D:\thesis\tables\opensource_da_48_54\checkpoints\54D\S4_train_I_val_D1_2\bottleneck16\mlp\cdan\seed_2.pt,D:\thesis\tables\opensource_da_48_54\posthoc_lr_bottleneck16\checkpoints\54D\S4_train_I_val_D1_2\cdan\seed_2.joblib,source + labeled target,source+target labeled train+validation refit,C=1.0;class_weight=balanced;solver=lbfgs;max_iter=2000,"[[65, 8, 0], [0, 85, 1], [1, 17, 68]]",1.0,1.0,1.0,0.889795918367347,0.88982690878199,0.8933393640584569
54D,S4_train_I_val_D1_2,semi,cdan,bottleneck16,posthoc-sklearn-lr-on-frozen-mlp-representation,3,54,16,D:\thesis\tables\opensource_da_48_54\checkpoints\54D\S4_train_I_val_D1_2\bottleneck16\mlp\cdan\seed_3.pt,D:\thesis\tables\opensource_da_48_54\posthoc_lr_bottleneck16\checkpoints\54D\S4_train_I_val_D1_2\cdan\seed_3.joblib,source + labeled target,source+target labeled train+validation refit,C=1.0;class_weight=balanced;solver=lbfgs;max_iter=2000,"[[67, 6, 0], [1, 85, 0], [1, 11, 74]]",1.0,1.0,1.0,0.9224489795918368,0.9222151428268028,0.9243057636599742
54D,S4_train_I_val_D1_2,semi,cdan,bottleneck16,posthoc-sklearn-lr-on-frozen-mlp-representation,4,54,16,D:\thesis\tables\opensource_da_48_54\checkpoints\54D\S4_train_I_val_D1_2\bottleneck16\mlp\cdan\seed_4.pt,D:\thesis\tables\opensource_da_48_54\posthoc_lr_bottleneck16\checkpoints\54D\S4_train_I_val_D1_2\cdan\seed_4.joblib,source + labeled target,source+target labeled train+validation refit,C=1.0;class_weight=balanced;solver=lbfgs;max_iter=2000,"[[66, 7, 0], [0, 85, 1], [2, 17, 67]]",1.0,1.0,1.0,0.889795918367347,0.8905171498354041,0.8926983182302332
54D,S4_train_I_val_D1_2,semi,cdan+c-dann,bottleneck16,posthoc-sklearn-lr-on-frozen-mlp-representation,0,54,16,D:\thesis\tables\opensource_da_48_54\checkpoints\54D\S4_train_I_val_D1_2\bottleneck16\mlp\cdan+c-dann\seed_0.pt,D:\thesis\tables\opensource_da_48_54\posthoc_lr_bottleneck16\checkpoints\54D\S4_train_I_val_D1_2\cdan+c-dann\seed_0.joblib,source + labeled target,source+target labeled train+validation refit,C=1.0;class_weight=balanced;solver=lbfgs;max_iter=2000,"[[69, 4, 0], [0, 85, 1], [1, 9, 76]]",1.0,1.0,1.0,0.9387755102040816,0.939099500902623,0.9404877819788462
54D,S4_train_I_val_D1_2,semi,cdan+c-dann,bottleneck16,posthoc-sklearn-lr-on-frozen-mlp-representation,1,54,16,D:\thesis\tables\opensource_da_48_54\checkpoints\54D\S4_train_I_val_D1_2\bottleneck16\mlp\cdan+c-dann\seed_1.pt,D:\thesis\tables\opensource_da_48_54\posthoc_lr_bottleneck16\checkpoints\54D\S4_train_I_val_D1_2\cdan+c-dann\seed_1.joblib,source + labeled target,source+target labeled train+validation refit,C=1.0;class_weight=balanced;solver=lbfgs;max_iter=2000,"[[66, 7, 0], [0, 86, 0], [1, 19, 66]]",1.0,1.0,1.0,0.889795918367347,0.8905171498354041,0.8933216880585301
54D,S4_train_I_val_D1_2,semi,cdan+c-dann,bottleneck16,posthoc-sklearn-lr-on-frozen-mlp-representation,2,54,16,D:\thesis\tables\opensource_da_48_54\checkpoints\54D\S4_train_I_val_D1_2\bottleneck16\mlp\cdan+c-dann\seed_2.pt,D:\thesis\tables\opensource_da_48_54\posthoc_lr_bottleneck16\checkpoints\54D\S4_train_I_val_D1_2\cdan+c-dann\seed_2.joblib,source + labeled target,source+target labeled train+validation refit,C=1.0;class_weight=balanced;solver=lbfgs;max_iter=2000,"[[66, 7, 0], [0, 86, 0], [0, 18, 68]]",1.0,1.0,1.0,0.8979591836734694,0.8982690878199002,0.9019512058623916
54D,S4_train_I_val_D1_2,semi,cdan+c-dann,bottleneck16,posthoc-sklearn-lr-on-frozen-mlp-representation,3,54,16,D:\thesis\tables\opensource_da_48_54\checkpoints\54D\S4_train_I_val_D1_2\bottleneck16\mlp\cdan+c-dann\seed_3.pt,D:\thesis\tables\opensource_da_48_54\posthoc_lr_bottleneck16\checkpoints\54D\S4_train_I_val_D1_2\cdan+c-dann\seed_3.joblib,source + labeled target,source+target labeled train+validation refit,C=1.0;class_weight=balanced;solver=lbfgs;max_iter=2000,"[[68, 5, 0], [0, 85, 1], [0, 20, 66]]",1.0,1.0,1.0,0.8938775510204081,0.8957736009344801,0.8982103479689748
54D,S4_train_I_val_D1_2,semi,cdan+c-dann,bottleneck16,posthoc-sklearn-lr-on-frozen-mlp-representation,4,54,16,D:\thesis\tables\opensource_da_48_54\checkpoints\54D\S4_train_I_val_D1_2\bottleneck16\mlp\cdan+c-dann\seed_4.pt,D:\thesis\tables\opensource_da_48_54\posthoc_lr_bottleneck16\checkpoints\54D\S4_train_I_val_D1_2\cdan+c-dann\seed_4.joblib,source + labeled target,source+target labeled train+validation refit,C=1.0;class_weight=balanced;solver=lbfgs;max_iter=2000,"[[66, 7, 0], [1, 85, 0], [1, 10, 75]]",1.0,1.0,1.0,0.9224489795918368,0.9215249017733884,0.9240341835161446
54D,S4_train_I_val_D1_2,semi,dann,bottleneck16,posthoc-sklearn-lr-on-frozen-mlp-representation,0,54,16,D:\thesis\tables\opensource_da_48_54\checkpoints\54D\S4_train_I_val_D1_2\bottleneck16\mlp\dann\seed_0.pt,D:\thesis\tables\opensource_da_48_54\posthoc_lr_bottleneck16\checkpoints\54D\S4_train_I_val_D1_2\dann\seed_0.joblib,source + labeled target,source+target labeled train+validation refit,C=1.0;class_weight=balanced;solver=lbfgs;max_iter=2000,"[[65, 8, 0], [0, 85, 1], [0, 14, 72]]",1.0,1.0,1.0,0.9061224489795918,0.9053307847509824,0.9095061261365928
54D,S4_train_I_val_D1_2,semi,dann,bottleneck16,posthoc-sklearn-lr-on-frozen-mlp-representation,1,54,16,D:\thesis\tables\opensource_da_48_54\checkpoints\54D\S4_train_I_val_D1_2\bottleneck16\mlp\dann\seed_1.pt,D:\thesis\tables\opensource_da_48_54\posthoc_lr_bottleneck16\checkpoints\54D\S4_train_I_val_D1_2\dann\seed_1.joblib,source + labeled target,source+target labeled train+validation refit,C=1.0;class_weight=balanced;solver=lbfgs;max_iter=2000,"[[65, 8, 0], [0, 84, 2], [0, 7, 79]]",1.0,1.0,1.0,0.9306122448979592,0.9285865987044706,0.9320816260154974
54D,S4_train_I_val_D1_2,semi,dann,bottleneck16,posthoc-sklearn-lr-on-frozen-mlp-representation,2,54,16,D:\thesis\tables\opensource_da_48_54\checkpoints\54D\S4_train_I_val_D1_2\bottleneck16\mlp\dann\seed_2.pt,D:\thesis\tables\opensource_da_48_54\posthoc_lr_bottleneck16\checkpoints\54D\S4_train_I_val_D1_2\dann\seed_2.joblib,source + labeled target,source+target labeled train+validation refit,C=1.0;class_weight=balanced;solver=lbfgs;max_iter=2000,"[[67, 6, 0], [0, 85, 1], [0, 25, 61]]",1.0,1.0,1.0,0.8693877551020408,0.8718275459275778,0.8743504466276745
54D,S4_train_I_val_D1_2,semi,dann,bottleneck16,posthoc-sklearn-lr-on-frozen-mlp-representation,3,54,16,D:\thesis\tables\opensource_da_48_54\checkpoints\54D\S4_train_I_val_D1_2\bottleneck16\mlp\dann\seed_3.pt,D:\thesis\tables\opensource_da_48_54\posthoc_lr_bottleneck16\checkpoints\54D\S4_train_I_val_D1_2\dann\seed_3.joblib,source + labeled target,source+target labeled train+validation refit,C=1.0;class_weight=balanced;solver=lbfgs;max_iter=2000,"[[67, 6, 0], [0, 85, 1], [3, 22, 61]]",1.0,1.0,1.0,0.8693877551020408,0.8718275459275778,0.8718862060570602
54D,S4_train_I_val_D1_2,semi,dann,bottleneck16,posthoc-sklearn-lr-on-frozen-mlp-representation,4,54,16,D:\thesis\tables\opensource_da_48_54\checkpoints\54D\S4_train_I_val_D1_2\bottleneck16\mlp\dann\seed_4.pt,D:\thesis\tables\opensource_da_48_54\posthoc_lr_bottleneck16\checkpoints\54D\S4_train_I_val_D1_2\dann\seed_4.joblib,source + labeled target,source+target labeled train+validation refit,C=1.0;class_weight=balanced;solver=lbfgs;max_iter=2000,"[[67, 6, 0], [0, 85, 1], [0, 41, 45]]",1.0,1.0,1.0,0.8040816326530612,0.8098120420516088,0.8062591842408356
54D,S4_train_I_val_D1_2,semi,deep-coral,bottleneck16,posthoc-sklearn-lr-on-frozen-mlp-representation,0,54,16,D:\thesis\tables\opensource_da_48_54\checkpoints\54D\S4_train_I_val_D1_2\bottleneck16\mlp\deep-coral\seed_0.pt,D:\thesis\tables\opensource_da_48_54\posthoc_lr_bottleneck16\checkpoints\54D\S4_train_I_val_D1_2\deep-coral\seed_0.joblib,source + labeled target,source+target labeled train+validation refit,C=1.0;class_weight=balanced;solver=lbfgs;max_iter=2000,"[[69, 4, 0], [0, 85, 1], [0, 14, 72]]",1.0,1.0,1.0,0.9224489795918368,0.9235956249336308,0.9256540875816276
54D,S4_train_I_val_D1_2,semi,deep-coral,bottleneck16,posthoc-sklearn-lr-on-frozen-mlp-representation,1,54,16,D:\thesis\tables\opensource_da_48_54\checkpoints\54D\S4_train_I_val_D1_2\bottleneck16\mlp\deep-coral\seed_1.pt,D:\thesis\tables\opensource_da_48_54\posthoc_lr_bottleneck16\checkpoints\54D\S4_train_I_val_D1_2\deep-coral\seed_1.joblib,source + labeled target,source+target labeled train+validation refit,C=1.0;class_weight=balanced;solver=lbfgs;max_iter=2000,"[[67, 6, 0], [0, 85, 1], [1, 11, 74]]",1.0,1.0,1.0,0.9224489795918368,0.9222151428268028,0.924621529154369
54D,S4_train_I_val_D1_2,semi,deep-coral,bottleneck16,posthoc-sklearn-lr-on-frozen-mlp-representation,2,54,16,D:\thesis\tables\opensource_da_48_54\checkpoints\54D\S4_train_I_val_D1_2\bottleneck16\mlp\deep-coral\seed_2.pt,D:\thesis\tables\opensource_da_48_54\posthoc_lr_bottleneck16\checkpoints\54D\S4_train_I_val_D1_2\deep-coral\seed_2.joblib,source + labeled target,source+target labeled train+validation refit,C=1.0;class_weight=balanced;solver=lbfgs;max_iter=2000,"[[67, 6, 0], [0, 85, 1], [1, 11, 74]]",1.0,1.0,1.0,0.9224489795918368,0.9222151428268028,0.924621529154369
54D,S4_train_I_val_D1_2,semi,deep-coral,bottleneck16,posthoc-sklearn-lr-on-frozen-mlp-representation,3,54,16,D:\thesis\tables\opensource_da_48_54\checkpoints\54D\S4_train_I_val_D1_2\bottleneck16\mlp\deep-coral\seed_3.pt,D:\thesis\tables\opensource_da_48_54\posthoc_lr_bottleneck16\checkpoints\54D\S4_train_I_val_D1_2\deep-coral\seed_3.joblib,source + labeled target,source+target labeled train+validation refit,C=1.0;class_weight=balanced;solver=lbfgs;max_iter=2000,"[[68, 5, 0], [0, 85, 1], [1, 20, 65]]",1.0,1.0,1.0,0.889795918367347,0.891897631942232,0.8934521918478288
54D,S4_train_I_val_D1_2,semi,deep-coral,bottleneck16,posthoc-sklearn-lr-on-frozen-mlp-representation,4,54,16,D:\thesis\tables\opensource_da_48_54\checkpoints\54D\S4_train_I_val_D1_2\bottleneck16\mlp\deep-coral\seed_4.pt,D:\thesis\tables\opensource_da_48_54\posthoc_lr_bottleneck16\checkpoints\54D\S4_train_I_val_D1_2\deep-coral\seed_4.joblib,source + labeled target,source+target labeled train+validation refit,C=1.0;class_weight=balanced;solver=lbfgs;max_iter=2000,"[[67, 6, 0], [0, 85, 1], [0, 14, 72]]",1.0,1.0,1.0,0.9142857142857144,0.9144632048423066,0.9176185301740968
54D,S4_train_I_val_D1_2,semi,mk-mmd,bottleneck16,posthoc-sklearn-lr-on-frozen-mlp-representation,0,54,16,D:\thesis\tables\opensource_da_48_54\checkpoints\54D\S4_train_I_val_D1_2\bottleneck16\mlp\mk-mmd\seed_0.pt,D:\thesis\tables\opensource_da_48_54\posthoc_lr_bottleneck16\checkpoints\54D\S4_train_I_val_D1_2\mk-mmd\seed_0.joblib,source + labeled target,source+target labeled train+validation refit,C=1.0;class_weight=balanced;solver=lbfgs;max_iter=2000,"[[64, 9, 0], [0, 86, 0], [2, 14, 70]]",1.0,1.0,1.0,0.8979591836734694,0.8968886057130722,0.9001168296132325
54D,S4_train_I_val_D1_2,semi,mk-mmd,bottleneck16,posthoc-sklearn-lr-on-frozen-mlp-representation,1,54,16,D:\thesis\tables\opensource_da_48_54\checkpoints\54D\S4_train_I_val_D1_2\bottleneck16\mlp\mk-mmd\seed_1.pt,D:\thesis\tables\opensource_da_48_54\posthoc_lr_bottleneck16\checkpoints\54D\S4_train_I_val_D1_2\mk-mmd\seed_1.joblib,source + labeled target,source+target labeled train+validation refit,C=1.0;class_weight=balanced;solver=lbfgs;max_iter=2000,"[[65, 8, 0], [0, 86, 0], [0, 15, 71]]",1.0,1.0,1.0,0.9061224489795918,0.9053307847509824,0.9095129554282144
54D,S4_train_I_val_D1_2,semi,mk-mmd,bottleneck16,posthoc-sklearn-lr-on-frozen-mlp-representation,2,54,16,D:\thesis\tables\opensource_da_48_54\checkpoints\54D\S4_train_I_val_D1_2\bottleneck16\mlp\mk-mmd\seed_2.pt,D:\thesis\tables\opensource_da_48_54\posthoc_lr_bottleneck16\checkpoints\54D\S4_train_I_val_D1_2\mk-mmd\seed_2.joblib,source + labeled target,source+target labeled train+validation refit,C=1.0;class_weight=balanced;solver=lbfgs;max_iter=2000,"[[67, 6, 0], [0, 86, 0], [4, 17, 65]]",1.0,1.0,1.0,0.889795918367347,0.8912073908888182,0.8911779966415727
54D,S4_train_I_val_D1_2,semi,mk-mmd,bottleneck16,posthoc-sklearn-lr-on-frozen-mlp-representation,3,54,16,D:\thesis\tables\opensource_da_48_54\checkpoints\54D\S4_train_I_val_D1_2\bottleneck16\mlp\mk-mmd\seed_3.pt,D:\thesis\tables\opensource_da_48_54\posthoc_lr_bottleneck16\checkpoints\54D\S4_train_I_val_D1_2\mk-mmd\seed_3.joblib,source + labeled target,source+target labeled train+validation refit,C=1.0;class_weight=balanced;solver=lbfgs;max_iter=2000,"[[64, 9, 0], [0, 85, 1], [1, 11, 74]]",1.0,1.0,1.0,0.9102040816326532,0.908516512689816,0.912281082096698
54D,S4_train_I_val_D1_2,semi,mk-mmd,bottleneck16,posthoc-sklearn-lr-on-frozen-mlp-representation,4,54,16,D:\thesis\tables\opensource_da_48_54\checkpoints\54D\S4_train_I_val_D1_2\bottleneck16\mlp\mk-mmd\seed_4.pt,D:\thesis\tables\opensource_da_48_54\posthoc_lr_bottleneck16\checkpoints\54D\S4_train_I_val_D1_2\mk-mmd\seed_4.joblib,source + labeled target,source+target labeled train+validation refit,C=1.0;class_weight=balanced;solver=lbfgs;max_iter=2000,"[[68, 5, 0], [0, 85, 1], [0, 13, 73]]",1.0,1.0,1.0,0.9224489795918368,0.9229053838802166,0.9255033021876992
54D,S4_train_I_val_D1_2,semi,source-only,bottleneck16,posthoc-sklearn-lr-on-frozen-mlp-representation,0,54,16,D:\thesis\tables\opensource_da_48_54\checkpoints\54D\S4_train_I_val_D1_2\bottleneck16\mlp\source-only\seed_0.pt,D:\thesis\tables\opensource_da_48_54\posthoc_lr_bottleneck16\checkpoints\54D\S4_train_I_val_D1_2\source-only\seed_0.joblib,source + labeled target,source+target labeled train+validation refit,C=1.0;class_weight=balanced;solver=lbfgs;max_iter=2000,"[[68, 5, 0], [0, 85, 1], [1, 19, 66]]",1.0,1.0,1.0,0.8938775510204081,0.8957736009344801,0.8974288162357756
54D,S4_train_I_val_D1_2,semi,source-only,bottleneck16,posthoc-sklearn-lr-on-frozen-mlp-representation,1,54,16,D:\thesis\tables\opensource_da_48_54\checkpoints\54D\S4_train_I_val_D1_2\bottleneck16\mlp\source-only\seed_1.pt,D:\thesis\tables\opensource_da_48_54\posthoc_lr_bottleneck16\checkpoints\54D\S4_train_I_val_D1_2\source-only\seed_1.joblib,source + labeled target,source+target labeled train+validation refit,C=1.0;class_weight=balanced;solver=lbfgs;max_iter=2000,"[[67, 6, 0], [0, 85, 1], [0, 18, 68]]",1.0,1.0,1.0,0.8979591836734694,0.8989593288733143,0.9021190279254796
54D,S4_train_I_val_D1_2,semi,source-only,bottleneck16,posthoc-sklearn-lr-on-frozen-mlp-representation,2,54,16,D:\thesis\tables\opensource_da_48_54\checkpoints\54D\S4_train_I_val_D1_2\bottleneck16\mlp\source-only\seed_2.pt,D:\thesis\tables\opensource_da_48_54\posthoc_lr_bottleneck16\checkpoints\54D\S4_train_I_val_D1_2\source-only\seed_2.joblib,source + labeled target,source+target labeled train+validation refit,C=1.0;class_weight=balanced;solver=lbfgs;max_iter=2000,"[[68, 5, 0], [0, 86, 0], [0, 24, 62]]",1.0,1.0,1.0,0.8816326530612245,0.8841456939577359,0.8860327459882874
54D,S4_train_I_val_D1_2,semi,source-only,bottleneck16,posthoc-sklearn-lr-on-frozen-mlp-representation,3,54,16,D:\thesis\tables\opensource_da_48_54\checkpoints\54D\S4_train_I_val_D1_2\bottleneck16\mlp\source-only\seed_3.pt,D:\thesis\tables\opensource_da_48_54\posthoc_lr_bottleneck16\checkpoints\54D\S4_train_I_val_D1_2\source-only\seed_3.joblib,source + labeled target,source+target labeled train+validation refit,C=1.0;class_weight=balanced;solver=lbfgs;max_iter=2000,"[[67, 6, 0], [0, 85, 1], [1, 15, 70]]",1.0,1.0,1.0,0.9061224489795918,0.9067112668578104,0.9091636739395582
54D,S4_train_I_val_D1_2,semi,source-only,bottleneck16,posthoc-sklearn-lr-on-frozen-mlp-representation,4,54,16,D:\thesis\tables\opensource_da_48_54\checkpoints\54D\S4_train_I_val_D1_2\bottleneck16\mlp\source-only\seed_4.pt,D:\thesis\tables\opensource_da_48_54\posthoc_lr_bottleneck16\checkpoints\54D\S4_train_I_val_D1_2\source-only\seed_4.joblib,source + labeled target,source+target labeled train+validation refit,C=1.0;class_weight=balanced;solver=lbfgs;max_iter=2000,"[[72, 1, 0], [0, 85, 1], [0, 32, 54]]",1.0,1.0,1.0,0.8612244897959184,0.8675268132101518,0.8641314094725686
54D,S5_train_I_D1_val_D2_3,semi,c-dann,bottleneck16,posthoc-sklearn-lr-on-frozen-mlp-representation,0,54,16,D:\thesis\tables\opensource_da_48_54\checkpoints\54D\S5_train_I_D1_val_D2_3\bottleneck16\mlp\c-dann\seed_0.pt,D:\thesis\tables\opensource_da_48_54\posthoc_lr_bottleneck16\checkpoints\54D\S5_train_I_D1_val_D2_3\c-dann\seed_0.joblib,source + labeled target,source+target labeled train+validation refit,C=1.0;class_weight=balanced;solver=lbfgs;max_iter=2000,"[[63, 6, 0], [0, 81, 0], [0, 18, 63]]",1.0,1.0,1.0,0.8961038961038961,0.8969404186795491,0.9001710654936462
54D,S5_train_I_D1_val_D2_3,semi,c-dann,bottleneck16,posthoc-sklearn-lr-on-frozen-mlp-representation,1,54,16,D:\thesis\tables\opensource_da_48_54\checkpoints\54D\S5_train_I_D1_val_D2_3\bottleneck16\mlp\c-dann\seed_1.pt,D:\thesis\tables\opensource_da_48_54\posthoc_lr_bottleneck16\checkpoints\54D\S5_train_I_D1_val_D2_3\c-dann\seed_1.joblib,source + labeled target,source+target labeled train+validation refit,C=1.0;class_weight=balanced;solver=lbfgs;max_iter=2000,"[[62, 7, 0], [0, 80, 1], [0, 10, 71]]",1.0,1.0,1.0,0.922077922077922,0.9209160851672928,0.9245152883846548
54D,S5_train_I_D1_val_D2_3,semi,c-dann,bottleneck16,posthoc-sklearn-lr-on-frozen-mlp-representation,2,54,16,D:\thesis\tables\opensource_da_48_54\checkpoints\54D\S5_train_I_D1_val_D2_3\bottleneck16\mlp\c-dann\seed_2.pt,D:\thesis\tables\opensource_da_48_54\posthoc_lr_bottleneck16\checkpoints\54D\S5_train_I_D1_val_D2_3\c-dann\seed_2.joblib,source + labeled target,source+target labeled train+validation refit,C=1.0;class_weight=balanced;solver=lbfgs;max_iter=2000,"[[62, 7, 0], [0, 81, 0], [0, 16, 65]]",1.0,1.0,1.0,0.9004329004329005,0.9003399534800501,0.9042171733586564
54D,S5_train_I_D1_val_D2_3,semi,c-dann,bottleneck16,posthoc-sklearn-lr-on-frozen-mlp-representation,3,54,16,D:\thesis\tables\opensource_da_48_54\checkpoints\54D\S5_train_I_D1_val_D2_3\bottleneck16\mlp\c-dann\seed_3.pt,D:\thesis\tables\opensource_da_48_54\posthoc_lr_bottleneck16\checkpoints\54D\S5_train_I_D1_val_D2_3\c-dann\seed_3.joblib,source + labeled target,source+target labeled train+validation refit,C=1.0;class_weight=balanced;solver=lbfgs;max_iter=2000,"[[66, 3, 0], [0, 79, 2], [2, 13, 66]]",1.0,1.0,1.0,0.9134199134199136,0.915548398640186,0.915712320876922
54D,S5_train_I_D1_val_D2_3,semi,c-dann,bottleneck16,posthoc-sklearn-lr-on-frozen-mlp-representation,4,54,16,D:\thesis\tables\opensource_da_48_54\checkpoints\54D\S5_train_I_D1_val_D2_3\bottleneck16\mlp\c-dann\seed_4.pt,D:\thesis\tables\opensource_da_48_54\posthoc_lr_bottleneck16\checkpoints\54D\S5_train_I_D1_val_D2_3\c-dann\seed_4.joblib,source + labeled target,source+target labeled train+validation refit,C=1.0;class_weight=balanced;solver=lbfgs;max_iter=2000,"[[64, 5, 0], [0, 80, 1], [0, 9, 72]]",1.0,1.0,1.0,0.935064935064935,0.9346931472535336,0.9372522214627476
54D,S5_train_I_D1_val_D2_3,semi,cdan,bottleneck16,posthoc-sklearn-lr-on-frozen-mlp-representation,0,54,16,D:\thesis\tables\opensource_da_48_54\checkpoints\54D\S5_train_I_D1_val_D2_3\bottleneck16\mlp\cdan\seed_0.pt,D:\thesis\tables\opensource_da_48_54\posthoc_lr_bottleneck16\checkpoints\54D\S5_train_I_D1_val_D2_3\cdan\seed_0.joblib,source + labeled target,source+target labeled train+validation refit,C=1.0;class_weight=balanced;solver=lbfgs;max_iter=2000,"[[63, 6, 0], [0, 81, 0], [2, 16, 63]]",1.0,1.0,1.0,0.8961038961038961,0.8969404186795491,0.8985777633571274
54D,S5_train_I_D1_val_D2_3,semi,cdan,bottleneck16,posthoc-sklearn-lr-on-frozen-mlp-representation,1,54,16,D:\thesis\tables\opensource_da_48_54\checkpoints\54D\S5_train_I_D1_val_D2_3\bottleneck16\mlp\cdan\seed_1.pt,D:\thesis\tables\opensource_da_48_54\posthoc_lr_bottleneck16\checkpoints\54D\S5_train_I_D1_val_D2_3\cdan\seed_1.joblib,source + labeled target,source+target labeled train+validation refit,C=1.0;class_weight=balanced;solver=lbfgs;max_iter=2000,"[[63, 6, 0], [0, 79, 2], [0, 12, 69]]",1.0,1.0,1.0,0.9134199134199136,0.9134013240293432,0.9166935469419206
54D,S5_train_I_D1_val_D2_3,semi,cdan,bottleneck16,posthoc-sklearn-lr-on-frozen-mlp-representation,2,54,16,D:\thesis\tables\opensource_da_48_54\checkpoints\54D\S5_train_I_D1_val_D2_3\bottleneck16\mlp\cdan\seed_2.pt,D:\thesis\tables\opensource_da_48_54\posthoc_lr_bottleneck16\checkpoints\54D\S5_train_I_D1_val_D2_3\cdan\seed_2.joblib,source + labeled target,source+target labeled train+validation refit,C=1.0;class_weight=balanced;solver=lbfgs;max_iter=2000,"[[63, 6, 0], [0, 81, 0], [1, 10, 70]]",1.0,1.0,1.0,0.9264069264069263,0.925747003041689,0.928211032827996
54D,S5_train_I_D1_val_D2_3,semi,cdan,bottleneck16,posthoc-sklearn-lr-on-frozen-mlp-representation,3,54,16,D:\thesis\tables\opensource_da_48_54\checkpoints\54D\S5_train_I_D1_val_D2_3\bottleneck16\mlp\cdan\seed_3.pt,D:\thesis\tables\opensource_da_48_54\posthoc_lr_bottleneck16\checkpoints\54D\S5_train_I_D1_val_D2_3\cdan\seed_3.joblib,source + labeled target,source+target labeled train+validation refit,C=1.0;class_weight=balanced;solver=lbfgs;max_iter=2000,"[[62, 7, 0], [0, 80, 1], [1, 15, 65]]",1.0,1.0,1.0,0.8961038961038961,0.8962247271426015,0.8993548735937495
54D,S5_train_I_D1_val_D2_3,semi,cdan,bottleneck16,posthoc-sklearn-lr-on-frozen-mlp-representation,4,54,16,D:\thesis\tables\opensource_da_48_54\checkpoints\54D\S5_train_I_D1_val_D2_3\bottleneck16\mlp\cdan\seed_4.pt,D:\thesis\tables\opensource_da_48_54\posthoc_lr_bottleneck16\checkpoints\54D\S5_train_I_D1_val_D2_3\cdan\seed_4.joblib,source + labeled target,source+target labeled train+validation refit,C=1.0;class_weight=balanced;solver=lbfgs;max_iter=2000,"[[64, 5, 0], [0, 81, 0], [1, 11, 69]]",1.0,1.0,1.0,0.9264069264069263,0.9264626945786366,0.9284454133825256
54D,S5_train_I_D1_val_D2_3,semi,cdan+c-dann,bottleneck16,posthoc-sklearn-lr-on-frozen-mlp-representation,0,54,16,D:\thesis\tables\opensource_da_48_54\checkpoints\54D\S5_train_I_D1_val_D2_3\bottleneck16\mlp\cdan+c-dann\seed_0.pt,D:\thesis\tables\opensource_da_48_54\posthoc_lr_bottleneck16\checkpoints\54D\S5_train_I_D1_val_D2_3\cdan+c-dann\seed_0.joblib,source + labeled target,source+target labeled train+validation refit,C=1.0;class_weight=balanced;solver=lbfgs;max_iter=2000,"[[62, 7, 0], [0, 81, 0], [2, 14, 65]]",1.0,1.0,1.0,0.9004329004329005,0.9003399534800501,0.9026625625370408
54D,S5_train_I_D1_val_D2_3,semi,cdan+c-dann,bottleneck16,posthoc-sklearn-lr-on-frozen-mlp-representation,1,54,16,D:\thesis\tables\opensource_da_48_54\checkpoints\54D\S5_train_I_D1_val_D2_3\bottleneck16\mlp\cdan+c-dann\seed_1.pt,D:\thesis\tables\opensource_da_48_54\posthoc_lr_bottleneck16\checkpoints\54D\S5_train_I_D1_val_D2_3\cdan+c-dann\seed_1.joblib,source + labeled target,source+target labeled train+validation refit,C=1.0;class_weight=balanced;solver=lbfgs;max_iter=2000,"[[63, 6, 0], [0, 80, 1], [0, 22, 59]]",1.0,1.0,1.0,0.8744588744588745,0.8763642869923064,0.8793285779101382
54D,S5_train_I_D1_val_D2_3,semi,cdan+c-dann,bottleneck16,posthoc-sklearn-lr-on-frozen-mlp-representation,2,54,16,D:\thesis\tables\opensource_da_48_54\checkpoints\54D\S5_train_I_D1_val_D2_3\bottleneck16\mlp\cdan+c-dann\seed_2.pt,D:\thesis\tables\opensource_da_48_54\posthoc_lr_bottleneck16\checkpoints\54D\S5_train_I_D1_val_D2_3\cdan+c-dann\seed_2.joblib,source + labeled target,source+target labeled train+validation refit,C=1.0;class_weight=balanced;solver=lbfgs;max_iter=2000,"[[62, 7, 0], [0, 81, 0], [1, 15, 65]]",1.0,1.0,1.0,0.9004329004329005,0.9003399534800501,0.9034132269689148
54D,S5_train_I_D1_val_D2_3,semi,cdan+c-dann,bottleneck16,posthoc-sklearn-lr-on-frozen-mlp-representation,3,54,16,D:\thesis\tables\opensource_da_48_54\checkpoints\54D\S5_train_I_D1_val_D2_3\bottleneck16\mlp\cdan+c-dann\seed_3.pt,D:\thesis\tables\opensource_da_48_54\posthoc_lr_bottleneck16\checkpoints\54D\S5_train_I_D1_val_D2_3\cdan+c-dann\seed_3.joblib,source + labeled target,source+target labeled train+validation refit,C=1.0;class_weight=balanced;solver=lbfgs;max_iter=2000,"[[62, 7, 0], [0, 81, 0], [0, 12, 69]]",1.0,1.0,1.0,0.9177489177489178,0.9168008588298444,0.9205308366018584
54D,S5_train_I_D1_val_D2_3,semi,cdan+c-dann,bottleneck16,posthoc-sklearn-lr-on-frozen-mlp-representation,4,54,16,D:\thesis\tables\opensource_da_48_54\checkpoints\54D\S5_train_I_D1_val_D2_3\bottleneck16\mlp\cdan+c-dann\seed_4.pt,D:\thesis\tables\opensource_da_48_54\posthoc_lr_bottleneck16\checkpoints\54D\S5_train_I_D1_val_D2_3\cdan+c-dann\seed_4.joblib,source + labeled target,source+target labeled train+validation refit,C=1.0;class_weight=balanced;solver=lbfgs;max_iter=2000,"[[62, 6, 1], [1, 80, 0], [0, 11, 70]]",1.0,1.0,1.0,0.9177489177489178,0.9168008588298444,0.9197743251557564
54D,S5_train_I_D1_val_D2_3,semi,dann,bottleneck16,posthoc-sklearn-lr-on-frozen-mlp-representation,0,54,16,D:\thesis\tables\opensource_da_48_54\checkpoints\54D\S5_train_I_D1_val_D2_3\bottleneck16\mlp\dann\seed_0.pt,D:\thesis\tables\opensource_da_48_54\posthoc_lr_bottleneck16\checkpoints\54D\S5_train_I_D1_val_D2_3\dann\seed_0.joblib,source + labeled target,source+target labeled train+validation refit,C=1.0;class_weight=balanced;solver=lbfgs;max_iter=2000,"[[64, 5, 0], [0, 81, 0], [0, 14, 67]]",1.0,1.0,1.0,0.9177489177489178,0.9182322419037396,0.9209463482507972
54D,S5_train_I_D1_val_D2_3,semi,dann,bottleneck16,posthoc-sklearn-lr-on-frozen-mlp-representation,1,54,16,D:\thesis\tables\opensource_da_48_54\checkpoints\54D\S5_train_I_D1_val_D2_3\bottleneck16\mlp\dann\seed_1.pt,D:\thesis\tables\opensource_da_48_54\posthoc_lr_bottleneck16\checkpoints\54D\S5_train_I_D1_val_D2_3\dann\seed_1.joblib,source + labeled target,source+target labeled train+validation refit,C=1.0;class_weight=balanced;solver=lbfgs;max_iter=2000,"[[62, 7, 0], [0, 80, 1], [0, 10, 71]]",1.0,1.0,1.0,0.922077922077922,0.9209160851672928,0.9245152883846548
54D,S5_train_I_D1_val_D2_3,semi,dann,bottleneck16,posthoc-sklearn-lr-on-frozen-mlp-representation,2,54,16,D:\thesis\tables\opensource_da_48_54\checkpoints\54D\S5_train_I_D1_val_D2_3\bottleneck16\mlp\dann\seed_2.pt,D:\thesis\tables\opensource_da_48_54\posthoc_lr_bottleneck16\checkpoints\54D\S5_train_I_D1_val_D2_3\dann\seed_2.joblib,source + labeled target,source+target labeled train+validation refit,C=1.0;class_weight=balanced;solver=lbfgs;max_iter=2000,"[[64, 5, 0], [0, 80, 1], [0, 17, 64]]",1.0,1.0,1.0,0.9004329004329005,0.9017713365539451,0.904478427898476
54D,S5_train_I_D1_val_D2_3,semi,dann,bottleneck16,posthoc-sklearn-lr-on-frozen-mlp-representation,3,54,16,D:\thesis\tables\opensource_da_48_54\checkpoints\54D\S5_train_I_D1_val_D2_3\bottleneck16\mlp\dann\seed_3.pt,D:\thesis\tables\opensource_da_48_54\posthoc_lr_bottleneck16\checkpoints\54D\S5_train_I_D1_val_D2_3\dann\seed_3.joblib,source + labeled target,source+target labeled train+validation refit,C=1.0;class_weight=balanced;solver=lbfgs;max_iter=2000,"[[65, 4, 0], [0, 81, 0], [0, 15, 66]]",1.0,1.0,1.0,0.9177489177489178,0.918947933440687,0.9210453539047352
54D,S5_train_I_D1_val_D2_3,semi,dann,bottleneck16,posthoc-sklearn-lr-on-frozen-mlp-representation,4,54,16,D:\thesis\tables\opensource_da_48_54\checkpoints\54D\S5_train_I_D1_val_D2_3\bottleneck16\mlp\dann\seed_4.pt,D:\thesis\tables\opensource_da_48_54\posthoc_lr_bottleneck16\checkpoints\54D\S5_train_I_D1_val_D2_3\dann\seed_4.joblib,source + labeled target,source+target labeled train+validation refit,C=1.0;class_weight=balanced;solver=lbfgs;max_iter=2000,"[[60, 9, 0], [1, 79, 1], [1, 14, 66]]",1.0,1.0,1.0,0.8874458874458875,0.8865628913938092,0.8904368014617043
54D,S5_train_I_D1_val_D2_3,semi,deep-coral,bottleneck16,posthoc-sklearn-lr-on-frozen-mlp-representation,0,54,16,D:\thesis\tables\opensource_da_48_54\checkpoints\54D\S5_train_I_D1_val_D2_3\bottleneck16\mlp\deep-coral\seed_0.pt,D:\thesis\tables\opensource_da_48_54\posthoc_lr_bottleneck16\checkpoints\54D\S5_train_I_D1_val_D2_3\deep-coral\seed_0.joblib,source + labeled target,source+target labeled train+validation refit,C=1.0;class_weight=balanced;solver=lbfgs;max_iter=2000,"[[65, 4, 0], [0, 81, 0], [0, 15, 66]]",1.0,1.0,1.0,0.9177489177489178,0.918947933440687,0.9210453539047352
54D,S5_train_I_D1_val_D2_3,semi,deep-coral,bottleneck16,posthoc-sklearn-lr-on-frozen-mlp-representation,1,54,16,D:\thesis\tables\opensource_da_48_54\checkpoints\54D\S5_train_I_D1_val_D2_3\bottleneck16\mlp\deep-coral\seed_1.pt,D:\thesis\tables\opensource_da_48_54\posthoc_lr_bottleneck16\checkpoints\54D\S5_train_I_D1_val_D2_3\deep-coral\seed_1.joblib,source + labeled target,source+target labeled train+validation refit,C=1.0;class_weight=balanced;solver=lbfgs;max_iter=2000,"[[64, 5, 0], [0, 79, 2], [0, 12, 69]]",1.0,1.0,1.0,0.9177489177489178,0.9182322419037394,0.9209853730371126
54D,S5_train_I_D1_val_D2_3,semi,deep-coral,bottleneck16,posthoc-sklearn-lr-on-frozen-mlp-representation,2,54,16,D:\thesis\tables\opensource_da_48_54\checkpoints\54D\S5_train_I_D1_val_D2_3\bottleneck16\mlp\deep-coral\seed_2.pt,D:\thesis\tables\opensource_da_48_54\posthoc_lr_bottleneck16\checkpoints\54D\S5_train_I_D1_val_D2_3\deep-coral\seed_2.joblib,source + labeled target,source+target labeled train+validation refit,C=1.0;class_weight=balanced;solver=lbfgs;max_iter=2000,"[[64, 5, 0], [1, 79, 1], [0, 10, 71]]",0.9861111111111112,0.9876543209876544,0.9847016828148905,0.9264069264069263,0.9264626945786366,0.9287285328725188
54D,S5_train_I_D1_val_D2_3,semi,deep-coral,bottleneck16,posthoc-sklearn-lr-on-frozen-mlp-representation,3,54,16,D:\thesis\tables\opensource_da_48_54\checkpoints\54D\S5_train_I_D1_val_D2_3\bottleneck16\mlp\deep-coral\seed_3.pt,D:\thesis\tables\opensource_da_48_54\posthoc_lr_bottleneck16\checkpoints\54D\S5_train_I_D1_val_D2_3\deep-coral\seed_3.joblib,source + labeled target,source+target labeled train+validation refit,C=1.0;class_weight=balanced;solver=lbfgs;max_iter=2000,"[[64, 5, 0], [0, 80, 1], [0, 11, 70]]",1.0,1.0,1.0,0.9264069264069263,0.9264626945786366,0.9291378162921428
54D,S5_train_I_D1_val_D2_3,semi,deep-coral,bottleneck16,posthoc-sklearn-lr-on-frozen-mlp-representation,4,54,16,D:\thesis\tables\opensource_da_48_54\checkpoints\54D\S5_train_I_D1_val_D2_3\bottleneck16\mlp\deep-coral\seed_4.pt,D:\thesis\tables\opensource_da_48_54\posthoc_lr_bottleneck16\checkpoints\54D\S5_train_I_D1_val_D2_3\deep-coral\seed_4.joblib,source + labeled target,source+target labeled train+validation refit,C=1.0;class_weight=balanced;solver=lbfgs;max_iter=2000,"[[63, 6, 0], [0, 81, 0], [0, 8, 73]]",1.0,1.0,1.0,0.9393939393939394,0.9380926820540348,0.941017316017316
54D,S5_train_I_D1_val_D2_3,semi,mk-mmd,bottleneck16,posthoc-sklearn-lr-on-frozen-mlp-representation,0,54,16,D:\thesis\tables\opensource_da_48_54\checkpoints\54D\S5_train_I_D1_val_D2_3\bottleneck16\mlp\mk-mmd\seed_0.pt,D:\thesis\tables\opensource_da_48_54\posthoc_lr_bottleneck16\checkpoints\54D\S5_train_I_D1_val_D2_3\mk-mmd\seed_0.joblib,source + labeled target,source+target labeled train+validation refit,C=1.0;class_weight=balanced;solver=lbfgs;max_iter=2000,"[[64, 5, 0], [0, 81, 0], [0, 10, 71]]",1.0,1.0,1.0,0.935064935064935,0.9346931472535336,0.937290259547173
54D,S5_train_I_D1_val_D2_3,semi,mk-mmd,bottleneck16,posthoc-sklearn-lr-on-frozen-mlp-representation,1,54,16,D:\thesis\tables\opensource_da_48_54\checkpoints\54D\S5_train_I_D1_val_D2_3\bottleneck16\mlp\mk-mmd\seed_1.pt,D:\thesis\tables\opensource_da_48_54\posthoc_lr_bottleneck16\checkpoints\54D\S5_train_I_D1_val_D2_3\mk-mmd\seed_1.joblib,source + labeled target,source+target labeled train+validation refit,C=1.0;class_weight=balanced;solver=lbfgs;max_iter=2000,"[[62, 7, 0], [0, 80, 1], [0, 12, 69]]",1.0,1.0,1.0,0.9134199134199136,0.9126856324923956,0.916453686384428
54D,S5_train_I_D1_val_D2_3,semi,mk-mmd,bottleneck16,posthoc-sklearn-lr-on-frozen-mlp-representation,2,54,16,D:\thesis\tables\opensource_da_48_54\checkpoints\54D\S5_train_I_D1_val_D2_3\bottleneck16\mlp\mk-mmd\seed_2.pt,D:\thesis\tables\opensource_da_48_54\posthoc_lr_bottleneck16\checkpoints\54D\S5_train_I_D1_val_D2_3\mk-mmd\seed_2.joblib,source + labeled target,source+target labeled train+validation refit,C=1.0;class_weight=balanced;solver=lbfgs;max_iter=2000,"[[64, 5, 0], [1, 80, 0], [1, 8, 72]]",0.9861111111111112,0.9876543209876544,0.9876500857632934,0.935064935064935,0.9346931472535336,0.9362882828738136
54D,S5_train_I_D1_val_D2_3,semi,mk-mmd,bottleneck16,posthoc-sklearn-lr-on-frozen-mlp-representation,3,54,16,D:\thesis\tables\opensource_da_48_54\checkpoints\54D\S5_train_I_D1_val_D2_3\bottleneck16\mlp\mk-mmd\seed_3.pt,D:\thesis\tables\opensource_da_48_54\posthoc_lr_bottleneck16\checkpoints\54D\S5_train_I_D1_val_D2_3\mk-mmd\seed_3.joblib,source + labeled target,source+target labeled train+validation refit,C=1.0;class_weight=balanced;solver=lbfgs;max_iter=2000,"[[64, 3, 2], [0, 80, 1], [0, 7, 74]]",1.0,1.0,1.0,0.9437229437229436,0.9429235999284308,0.9449291301389904
54D,S5_train_I_D1_val_D2_3,semi,mk-mmd,bottleneck16,posthoc-sklearn-lr-on-frozen-mlp-representation,4,54,16,D:\thesis\tables\opensource_da_48_54\checkpoints\54D\S5_train_I_D1_val_D2_3\bottleneck16\mlp\mk-mmd\seed_4.pt,D:\thesis\tables\opensource_da_48_54\posthoc_lr_bottleneck16\checkpoints\54D\S5_train_I_D1_val_D2_3\mk-mmd\seed_4.joblib,source + labeled target,source+target labeled train+validation refit,C=1.0;class_weight=balanced;solver=lbfgs;max_iter=2000,"[[62, 7, 0], [1, 80, 0], [0, 8, 73]]",1.0,1.0,1.0,0.9307359307359307,0.92914653784219,0.9321789321789322
54D,S5_train_I_D1_val_D2_3,semi,source-only,bottleneck16,posthoc-sklearn-lr-on-frozen-mlp-representation,0,54,16,D:\thesis\tables\opensource_da_48_54\checkpoints\54D\S5_train_I_D1_val_D2_3\bottleneck16\mlp\source-only\seed_0.pt,D:\thesis\tables\opensource_da_48_54\posthoc_lr_bottleneck16\checkpoints\54D\S5_train_I_D1_val_D2_3\source-only\seed_0.joblib,source + labeled target,source+target labeled train+validation refit,C=1.0;class_weight=balanced;solver=lbfgs;max_iter=2000,"[[64, 5, 0], [0, 81, 0], [0, 12, 69]]",1.0,1.0,1.0,0.9264069264069263,0.9264626945786366,0.9291446493328293
54D,S5_train_I_D1_val_D2_3,semi,source-only,bottleneck16,posthoc-sklearn-lr-on-frozen-mlp-representation,1,54,16,D:\thesis\tables\opensource_da_48_54\checkpoints\54D\S5_train_I_D1_val_D2_3\bottleneck16\mlp\source-only\seed_1.pt,D:\thesis\tables\opensource_da_48_54\posthoc_lr_bottleneck16\checkpoints\54D\S5_train_I_D1_val_D2_3\source-only\seed_1.joblib,source + labeled target,source+target labeled train+validation refit,C=1.0;class_weight=balanced;solver=lbfgs;max_iter=2000,"[[65, 4, 0], [0, 80, 1], [0, 14, 67]]",1.0,1.0,1.0,0.9177489177489178,0.918947933440687,0.9211109537983658
54D,S5_train_I_D1_val_D2_3,semi,source-only,bottleneck16,posthoc-sklearn-lr-on-frozen-mlp-representation,2,54,16,D:\thesis\tables\opensource_da_48_54\checkpoints\54D\S5_train_I_D1_val_D2_3\bottleneck16\mlp\source-only\seed_2.pt,D:\thesis\tables\opensource_da_48_54\posthoc_lr_bottleneck16\checkpoints\54D\S5_train_I_D1_val_D2_3\source-only\seed_2.joblib,source + labeled target,source+target labeled train+validation refit,C=1.0;class_weight=balanced;solver=lbfgs;max_iter=2000,"[[66, 3, 0], [0, 81, 0], [0, 18, 63]]",1.0,1.0,1.0,0.9090909090909092,0.9114331723027376,0.9126745598057072
54D,S5_train_I_D1_val_D2_3,semi,source-only,bottleneck16,posthoc-sklearn-lr-on-frozen-mlp-representation,3,54,16,D:\thesis\tables\opensource_da_48_54\checkpoints\54D\S5_train_I_D1_val_D2_3\bottleneck16\mlp\source-only\seed_3.pt,D:\thesis\tables\opensource_da_48_54\posthoc_lr_bottleneck16\checkpoints\54D\S5_train_I_D1_val_D2_3\source-only\seed_3.joblib,source + labeled target,source+target labeled train+validation refit,C=1.0;class_weight=balanced;solver=lbfgs;max_iter=2000,"[[65, 4, 0], [0, 80, 1], [0, 20, 61]]",1.0,1.0,1.0,0.8917748917748918,0.8942565754159957,0.896053657247687
54D,S5_train_I_D1_val_D2_3,semi,source-only,bottleneck16,posthoc-sklearn-lr-on-frozen-mlp-representation,4,54,16,D:\thesis\tables\opensource_da_48_54\checkpoints\54D\S5_train_I_D1_val_D2_3\bottleneck16\mlp\source-only\seed_4.pt,D:\thesis\tables\opensource_da_48_54\posthoc_lr_bottleneck16\checkpoints\54D\S5_train_I_D1_val_D2_3\source-only\seed_4.joblib,source + labeled target,source+target labeled train+validation refit,C=1.0;class_weight=balanced;solver=lbfgs;max_iter=2000,"[[65, 4, 0], [0, 81, 0], [0, 19, 62]]",1.0,1.0,1.0,0.9004329004329005,0.9024870280908928,0.9043192655132952
54D,S6_train_I_D1_2_val_D3_5,semi,c-dann,bottleneck16,posthoc-sklearn-lr-on-frozen-mlp-representation,0,54,16,D:\thesis\tables\opensource_da_48_54\checkpoints\54D\S6_train_I_D1_2_val_D3_5\bottleneck16\mlp\c-dann\seed_0.pt,D:\thesis\tables\opensource_da_48_54\posthoc_lr_bottleneck16\checkpoints\54D\S6_train_I_D1_2_val_D3_5\c-dann\seed_0.joblib,source + labeled target,source+target labeled train+validation refit,C=1.0;class_weight=balanced;solver=lbfgs;max_iter=2000,"[[62, 1, 0], [0, 71, 0], [0, 2, 69]]",1.0,1.0,1.0,0.9853658536585366,0.9853193233474924,0.9856748768472906
54D,S6_train_I_D1_2_val_D3_5,semi,c-dann,bottleneck16,posthoc-sklearn-lr-on-frozen-mlp-representation,1,54,16,D:\thesis\tables\opensource_da_48_54\checkpoints\54D\S6_train_I_D1_2_val_D3_5\bottleneck16\mlp\c-dann\seed_1.pt,D:\thesis\tables\opensource_da_48_54\posthoc_lr_bottleneck16\checkpoints\54D\S6_train_I_D1_2_val_D3_5\c-dann\seed_1.joblib,source + labeled target,source+target labeled train+validation refit,C=1.0;class_weight=balanced;solver=lbfgs;max_iter=2000,"[[57, 5, 1], [0, 71, 0], [1, 2, 68]]",1.0,1.0,1.0,0.9560975609756096,0.9541694612117148,0.955532488662446
54D,S6_train_I_D1_2_val_D3_5,semi,c-dann,bottleneck16,posthoc-sklearn-lr-on-frozen-mlp-representation,2,54,16,D:\thesis\tables\opensource_da_48_54\checkpoints\54D\S6_train_I_D1_2_val_D3_5\bottleneck16\mlp\c-dann\seed_2.pt,D:\thesis\tables\opensource_da_48_54\posthoc_lr_bottleneck16\checkpoints\54D\S6_train_I_D1_2_val_D3_5\c-dann\seed_2.joblib,source + labeled target,source+target labeled train+validation refit,C=1.0;class_weight=balanced;solver=lbfgs;max_iter=2000,"[[58, 5, 0], [0, 70, 1], [0, 6, 65]]",1.0,1.0,1.0,0.9414634146341464,0.9406811237797154,0.9428784756728038
54D,S6_train_I_D1_2_val_D3_5,semi,c-dann,bottleneck16,posthoc-sklearn-lr-on-frozen-mlp-representation,3,54,16,D:\thesis\tables\opensource_da_48_54\checkpoints\54D\S6_train_I_D1_2_val_D3_5\bottleneck16\mlp\c-dann\seed_3.pt,D:\thesis\tables\opensource_da_48_54\posthoc_lr_bottleneck16\checkpoints\54D\S6_train_I_D1_2_val_D3_5\c-dann\seed_3.joblib,source + labeled target,source+target labeled train+validation refit,C=1.0;class_weight=balanced;solver=lbfgs;max_iter=2000,"[[57, 6, 0], [0, 71, 0], [0, 4, 67]]",1.0,1.0,1.0,0.951219512195122,0.9494746255309636,0.9517416730231376
54D,S6_train_I_D1_2_val_D3_5,semi,c-dann,bottleneck16,posthoc-sklearn-lr-on-frozen-mlp-representation,4,54,16,D:\thesis\tables\opensource_da_48_54\checkpoints\54D\S6_train_I_D1_2_val_D3_5\bottleneck16\mlp\c-dann\seed_4.pt,D:\thesis\tables\opensource_da_48_54\posthoc_lr_bottleneck16\checkpoints\54D\S6_train_I_D1_2_val_D3_5\c-dann\seed_4.joblib,source + labeled target,source+target labeled train+validation refit,C=1.0;class_weight=balanced;solver=lbfgs;max_iter=2000,"[[59, 4, 0], [0, 71, 0], [0, 4, 67]]",1.0,1.0,1.0,0.9609756097560976,0.960056636112974,0.961631424724796
54D,S6_train_I_D1_2_val_D3_5,semi,cdan,bottleneck16,posthoc-sklearn-lr-on-frozen-mlp-representation,0,54,16,D:\thesis\tables\opensource_da_48_54\checkpoints\54D\S6_train_I_D1_2_val_D3_5\bottleneck16\mlp\cdan\seed_0.pt,D:\thesis\tables\opensource_da_48_54\posthoc_lr_bottleneck16\checkpoints\54D\S6_train_I_D1_2_val_D3_5\cdan\seed_0.joblib,source + labeled target,source+target labeled train+validation refit,C=1.0;class_weight=balanced;solver=lbfgs;max_iter=2000,"[[62, 1, 0], [0, 71, 0], [1, 5, 65]]",1.0,1.0,1.0,0.9658536585365852,0.9665399806244878,0.96648959884254
54D,S6_train_I_D1_2_val_D3_5,semi,cdan,bottleneck16,posthoc-sklearn-lr-on-frozen-mlp-representation,1,54,16,D:\thesis\tables\opensource_da_48_54\checkpoints\54D\S6_train_I_D1_2_val_D3_5\bottleneck16\mlp\cdan\seed_1.pt,D:\thesis\tables\opensource_da_48_54\posthoc_lr_bottleneck16\checkpoints\54D\S6_train_I_D1_2_val_D3_5\cdan\seed_1.joblib,source + labeled target,source+target labeled train+validation refit,C=1.0;class_weight=balanced;solver=lbfgs;max_iter=2000,"[[60, 3, 0], [0, 70, 1], [1, 7, 63]]",1.0,1.0,1.0,0.9414634146341464,0.9418734630002236,0.9427425288993329
54D,S6_train_I_D1_2_val_D3_5,semi,cdan,bottleneck16,posthoc-sklearn-lr-on-frozen-mlp-representation,2,54,16,D:\thesis\tables\opensource_da_48_54\checkpoints\54D\S6_train_I_D1_2_val_D3_5\bottleneck16\mlp\cdan\seed_2.pt,D:\thesis\tables\opensource_da_48_54\posthoc_lr_bottleneck16\checkpoints\54D\S6_train_I_D1_2_val_D3_5\cdan\seed_2.joblib,source + labeled target,source+target labeled train+validation refit,C=1.0;class_weight=balanced;solver=lbfgs;max_iter=2000,"[[60, 3, 0], [0, 70, 1], [0, 4, 67]]",1.0,1.0,1.0,0.9609756097560976,0.9606528057232282,0.961861493007308
54D,S6_train_I_D1_2_val_D3_5,semi,cdan,bottleneck16,posthoc-sklearn-lr-on-frozen-mlp-representation,3,54,16,D:\thesis\tables\opensource_da_48_54\checkpoints\54D\S6_train_I_D1_2_val_D3_5\bottleneck16\mlp\cdan\seed_3.pt,D:\thesis\tables\opensource_da_48_54\posthoc_lr_bottleneck16\checkpoints\54D\S6_train_I_D1_2_val_D3_5\cdan\seed_3.joblib,source + labeled target,source+target labeled train+validation refit,C=1.0;class_weight=balanced;solver=lbfgs;max_iter=2000,"[[59, 4, 0], [0, 70, 1], [0, 2, 69]]",1.0,1.0,1.0,0.9658536585365852,0.9647514717937252,0.96610582379679
54D,S6_train_I_D1_2_val_D3_5,semi,cdan,bottleneck16,posthoc-sklearn-lr-on-frozen-mlp-representation,4,54,16,D:\thesis\tables\opensource_da_48_54\checkpoints\54D\S6_train_I_D1_2_val_D3_5\bottleneck16\mlp\cdan\seed_4.pt,D:\thesis\tables\opensource_da_48_54\posthoc_lr_bottleneck16\checkpoints\54D\S6_train_I_D1_2_val_D3_5\cdan\seed_4.joblib,source + labeled target,source+target labeled train+validation refit,C=1.0;class_weight=balanced;solver=lbfgs;max_iter=2000,"[[56, 7, 0], [0, 71, 0], [1, 5, 65]]",1.0,1.0,1.0,0.9365853658536586,0.934793948878456,0.9370978694508106
54D,S6_train_I_D1_2_val_D3_5,semi,cdan+c-dann,bottleneck16,posthoc-sklearn-lr-on-frozen-mlp-representation,0,54,16,D:\thesis\tables\opensource_da_48_54\checkpoints\54D\S6_train_I_D1_2_val_D3_5\bottleneck16\mlp\cdan+c-dann\seed_0.pt,D:\thesis\tables\opensource_da_48_54\posthoc_lr_bottleneck16\checkpoints\54D\S6_train_I_D1_2_val_D3_5\cdan+c-dann\seed_0.joblib,source + labeled target,source+target labeled train+validation refit,C=1.0;class_weight=balanced;solver=lbfgs;max_iter=2000,"[[61, 2, 0], [0, 71, 0], [1, 4, 66]]",1.0,1.0,1.0,0.9658536585365852,0.9659438110142337,0.966321036364832
54D,S6_train_I_D1_2_val_D3_5,semi,cdan+c-dann,bottleneck16,posthoc-sklearn-lr-on-frozen-mlp-representation,1,54,16,D:\thesis\tables\opensource_da_48_54\checkpoints\54D\S6_train_I_D1_2_val_D3_5\bottleneck16\mlp\cdan+c-dann\seed_1.pt,D:\thesis\tables\opensource_da_48_54\posthoc_lr_bottleneck16\checkpoints\54D\S6_train_I_D1_2_val_D3_5\cdan+c-dann\seed_1.joblib,source + labeled target,source+target labeled train+validation refit,C=1.0;class_weight=balanced;solver=lbfgs;max_iter=2000,"[[58, 5, 0], [0, 70, 1], [3, 6, 62]]",1.0,1.0,1.0,0.926829268292683,0.9265966167374616,0.9273032122916826
54D,S6_train_I_D1_2_val_D3_5,semi,cdan+c-dann,bottleneck16,posthoc-sklearn-lr-on-frozen-mlp-representation,2,54,16,D:\thesis\tables\opensource_da_48_54\checkpoints\54D\S6_train_I_D1_2_val_D3_5\bottleneck16\mlp\cdan+c-dann\seed_2.pt,D:\thesis\tables\opensource_da_48_54\posthoc_lr_bottleneck16\checkpoints\54D\S6_train_I_D1_2_val_D3_5\cdan+c-dann\seed_2.joblib,source + labeled target,source+target labeled train+validation refit,C=1.0;class_weight=balanced;solver=lbfgs;max_iter=2000,"[[60, 3, 0], [0, 71, 0], [0, 6, 65]]",1.0,1.0,1.0,0.9560975609756096,0.9559579700424772,0.9572964866773715
54D,S6_train_I_D1_2_val_D3_5,semi,cdan+c-dann,bottleneck16,posthoc-sklearn-lr-on-frozen-mlp-representation,3,54,16,D:\thesis\tables\opensource_da_48_54\checkpoints\54D\S6_train_I_D1_2_val_D3_5\bottleneck16\mlp\cdan+c-dann\seed_3.pt,D:\thesis\tables\opensource_da_48_54\posthoc_lr_bottleneck16\checkpoints\54D\S6_train_I_D1_2_val_D3_5\cdan+c-dann\seed_3.joblib,source + labeled target,source+target labeled train+validation refit,C=1.0;class_weight=balanced;solver=lbfgs;max_iter=2000,"[[61, 2, 0], [0, 70, 1], [3, 5, 63]]",1.0,1.0,1.0,0.946341463414634,0.9471644682912288,0.9466364001797072
54D,S6_train_I_D1_2_val_D3_5,semi,cdan+c-dann,bottleneck16,posthoc-sklearn-lr-on-frozen-mlp-representation,4,54,16,D:\thesis\tables\opensource_da_48_54\checkpoints\54D\S6_train_I_D1_2_val_D3_5\bottleneck16\mlp\cdan+c-dann\seed_4.pt,D:\thesis\tables\opensource_da_48_54\posthoc_lr_bottleneck16\checkpoints\54D\S6_train_I_D1_2_val_D3_5\cdan+c-dann\seed_4.joblib,source + labeled target,source+target labeled train+validation refit,C=1.0;class_weight=balanced;solver=lbfgs;max_iter=2000,"[[61, 2, 0], [0, 70, 1], [1, 6, 64]]",1.0,1.0,1.0,0.951219512195122,0.9518593039719802,0.9522579286748256
54D,S6_train_I_D1_2_val_D3_5,semi,dann,bottleneck16,posthoc-sklearn-lr-on-frozen-mlp-representation,0,54,16,D:\thesis\tables\opensource_da_48_54\checkpoints\54D\S6_train_I_D1_2_val_D3_5\bottleneck16\mlp\dann\seed_0.pt,D:\thesis\tables\opensource_da_48_54\posthoc_lr_bottleneck16\checkpoints\54D\S6_train_I_D1_2_val_D3_5\dann\seed_0.joblib,source + labeled target,source+target labeled train+validation refit,C=1.0;class_weight=balanced;solver=lbfgs;max_iter=2000,"[[60, 3, 0], [0, 71, 0], [0, 2, 69]]",1.0,1.0,1.0,0.975609756097561,0.9747373127654818,0.9757701454565564
54D,S6_train_I_D1_2_val_D3_5,semi,dann,bottleneck16,posthoc-sklearn-lr-on-frozen-mlp-representation,1,54,16,D:\thesis\tables\opensource_da_48_54\checkpoints\54D\S6_train_I_D1_2_val_D3_5\bottleneck16\mlp\dann\seed_1.pt,D:\thesis\tables\opensource_da_48_54\posthoc_lr_bottleneck16\checkpoints\54D\S6_train_I_D1_2_val_D3_5\dann\seed_1.joblib,source + labeled target,source+target labeled train+validation refit,C=1.0;class_weight=balanced;solver=lbfgs;max_iter=2000,"[[56, 3, 4], [0, 70, 1], [2, 2, 67]]",1.0,1.0,1.0,0.9414634146341464,0.9394887845592071,0.9405289604542406
54D,S6_train_I_D1_2_val_D3_5,semi,dann,bottleneck16,posthoc-sklearn-lr-on-frozen-mlp-representation,2,54,16,D:\thesis\tables\opensource_da_48_54\checkpoints\54D\S6_train_I_D1_2_val_D3_5\bottleneck16\mlp\dann\seed_2.pt,D:\thesis\tables\opensource_da_48_54\posthoc_lr_bottleneck16\checkpoints\54D\S6_train_I_D1_2_val_D3_5\dann\seed_2.joblib,source + labeled target,source+target labeled train+validation refit,C=1.0;class_weight=balanced;solver=lbfgs;max_iter=2000,"[[58, 5, 0], [2, 69, 0], [0, 3, 68]]",0.979591836734694,0.981981981981982,0.979493575207861,0.951219512195122,0.9500707951412176,0.951313043171264
54D,S6_train_I_D1_2_val_D3_5,semi,dann,bottleneck16,posthoc-sklearn-lr-on-frozen-mlp-representation,3,54,16,D:\thesis\tables\opensource_da_48_54\checkpoints\54D\S6_train_I_D1_2_val_D3_5\bottleneck16\mlp\dann\seed_3.pt,D:\thesis\tables\opensource_da_48_54\posthoc_lr_bottleneck16\checkpoints\54D\S6_train_I_D1_2_val_D3_5\dann\seed_3.joblib,source + labeled target,source+target labeled train+validation refit,C=1.0;class_weight=balanced;solver=lbfgs;max_iter=2000,"[[57, 6, 0], [0, 71, 0], [0, 4, 67]]",1.0,1.0,1.0,0.951219512195122,0.9494746255309636,0.9517416730231376
54D,S6_train_I_D1_2_val_D3_5,semi,dann,bottleneck16,posthoc-sklearn-lr-on-frozen-mlp-representation,4,54,16,D:\thesis\tables\opensource_da_48_54\checkpoints\54D\S6_train_I_D1_2_val_D3_5\bottleneck16\mlp\dann\seed_4.pt,D:\thesis\tables\opensource_da_48_54\posthoc_lr_bottleneck16\checkpoints\54D\S6_train_I_D1_2_val_D3_5\dann\seed_4.joblib,source + labeled target,source+target labeled train+validation refit,C=1.0;class_weight=balanced;solver=lbfgs;max_iter=2000,"[[58, 5, 0], [1, 70, 0], [2, 5, 64]]",1.0,1.0,1.0,0.9365853658536586,0.935986288098964,0.9369281123322284
54D,S6_train_I_D1_2_val_D3_5,semi,deep-coral,bottleneck16,posthoc-sklearn-lr-on-frozen-mlp-representation,0,54,16,D:\thesis\tables\opensource_da_48_54\checkpoints\54D\S6_train_I_D1_2_val_D3_5\bottleneck16\mlp\deep-coral\seed_0.pt,D:\thesis\tables\opensource_da_48_54\posthoc_lr_bottleneck16\checkpoints\54D\S6_train_I_D1_2_val_D3_5\deep-coral\seed_0.joblib,source + labeled target,source+target labeled train+validation refit,C=1.0;class_weight=balanced;solver=lbfgs;max_iter=2000,"[[59, 4, 0], [1, 70, 0], [0, 5, 66]]",1.0,1.0,1.0,0.951219512195122,0.9506669647514716,0.9520621921547684
54D,S6_train_I_D1_2_val_D3_5,semi,deep-coral,bottleneck16,posthoc-sklearn-lr-on-frozen-mlp-representation,1,54,16,D:\thesis\tables\opensource_da_48_54\checkpoints\54D\S6_train_I_D1_2_val_D3_5\bottleneck16\mlp\deep-coral\seed_1.pt,D:\thesis\tables\opensource_da_48_54\posthoc_lr_bottleneck16\checkpoints\54D\S6_train_I_D1_2_val_D3_5\deep-coral\seed_1.joblib,source + labeled target,source+target labeled train+validation refit,C=1.0;class_weight=balanced;solver=lbfgs;max_iter=2000,"[[59, 2, 2], [0, 71, 0], [1, 5, 65]]",1.0,1.0,1.0,0.951219512195122,0.9506669647514716,0.9514662377437896
54D,S6_train_I_D1_2_val_D3_5,semi,deep-coral,bottleneck16,posthoc-sklearn-lr-on-frozen-mlp-representation,2,54,16,D:\thesis\tables\opensource_da_48_54\checkpoints\54D\S6_train_I_D1_2_val_D3_5\bottleneck16\mlp\deep-coral\seed_2.pt,D:\thesis\tables\opensource_da_48_54\posthoc_lr_bottleneck16\checkpoints\54D\S6_train_I_D1_2_val_D3_5\deep-coral\seed_2.joblib,source + labeled target,source+target labeled train+validation refit,C=1.0;class_weight=balanced;solver=lbfgs;max_iter=2000,"[[62, 1, 0], [0, 71, 0], [0, 6, 65]]",1.0,1.0,1.0,0.9658536585365852,0.9665399806244878,0.9669674957231216
54D,S6_train_I_D1_2_val_D3_5,semi,deep-coral,bottleneck16,posthoc-sklearn-lr-on-frozen-mlp-representation,3,54,16,D:\thesis\tables\opensource_da_48_54\checkpoints\54D\S6_train_I_D1_2_val_D3_5\bottleneck16\mlp\deep-coral\seed_3.pt,D:\thesis\tables\opensource_da_48_54\posthoc_lr_bottleneck16\checkpoints\54D\S6_train_I_D1_2_val_D3_5\deep-coral\seed_3.joblib,source + labeled target,source+target labeled train+validation refit,C=1.0;class_weight=balanced;solver=lbfgs;max_iter=2000,"[[59, 4, 0], [0, 71, 0], [0, 6, 65]]",1.0,1.0,1.0,0.951219512195122,0.9506669647514716,0.9524353313370214
54D,S6_train_I_D1_2_val_D3_5,semi,deep-coral,bottleneck16,posthoc-sklearn-lr-on-frozen-mlp-representation,4,54,16,D:\thesis\tables\opensource_da_48_54\checkpoints\54D\S6_train_I_D1_2_val_D3_5\bottleneck16\mlp\deep-coral\seed_4.pt,D:\thesis\tables\opensource_da_48_54\posthoc_lr_bottleneck16\checkpoints\54D\S6_train_I_D1_2_val_D3_5\deep-coral\seed_4.joblib,source + labeled target,source+target labeled train+validation refit,C=1.0;class_weight=balanced;solver=lbfgs;max_iter=2000,"[[61, 2, 0], [0, 71, 0], [0, 4, 67]]",1.0,1.0,1.0,0.9707317073170731,0.9706386466949848,0.9714483066516728
54D,S6_train_I_D1_2_val_D3_5,semi,mk-mmd,bottleneck16,posthoc-sklearn-lr-on-frozen-mlp-representation,0,54,16,D:\thesis\tables\opensource_da_48_54\checkpoints\54D\S6_train_I_D1_2_val_D3_5\bottleneck16\mlp\mk-mmd\seed_0.pt,D:\thesis\tables\opensource_da_48_54\posthoc_lr_bottleneck16\checkpoints\54D\S6_train_I_D1_2_val_D3_5\mk-mmd\seed_0.joblib,source + labeled target,source+target labeled train+validation refit,C=1.0;class_weight=balanced;solver=lbfgs;max_iter=2000,"[[60, 3, 0], [0, 70, 1], [1, 5, 65]]",1.0,1.0,1.0,0.951219512195122,0.9512631343617258,0.9520814534697212
54D,S6_train_I_D1_2_val_D3_5,semi,mk-mmd,bottleneck16,posthoc-sklearn-lr-on-frozen-mlp-representation,1,54,16,D:\thesis\tables\opensource_da_48_54\checkpoints\54D\S6_train_I_D1_2_val_D3_5\bottleneck16\mlp\mk-mmd\seed_1.pt,D:\thesis\tables\opensource_da_48_54\posthoc_lr_bottleneck16\checkpoints\54D\S6_train_I_D1_2_val_D3_5\mk-mmd\seed_1.joblib,source + labeled target,source+target labeled train+validation refit,C=1.0;class_weight=balanced;solver=lbfgs;max_iter=2000,"[[58, 5, 0], [1, 69, 1], [0, 3, 68]]",1.0,1.0,1.0,0.951219512195122,0.9500707951412176,0.951560225330717
54D,S6_train_I_D1_2_val_D3_5,semi,mk-mmd,bottleneck16,posthoc-sklearn-lr-on-frozen-mlp-representation,2,54,16,D:\thesis\tables\opensource_da_48_54\checkpoints\54D\S6_train_I_D1_2_val_D3_5\bottleneck16\mlp\mk-mmd\seed_2.pt,D:\thesis\tables\opensource_da_48_54\posthoc_lr_bottleneck16\checkpoints\54D\S6_train_I_D1_2_val_D3_5\mk-mmd\seed_2.joblib,source + labeled target,source+target labeled train+validation refit,C=1.0;class_weight=balanced;solver=lbfgs;max_iter=2000,"[[58, 5, 0], [1, 69, 1], [0, 4, 67]]",1.0,1.0,1.0,0.946341463414634,0.9453759594604664,0.94700764858462
54D,S6_train_I_D1_2_val_D3_5,semi,mk-mmd,bottleneck16,posthoc-sklearn-lr-on-frozen-mlp-representation,3,54,16,D:\thesis\tables\opensource_da_48_54\checkpoints\54D\S6_train_I_D1_2_val_D3_5\bottleneck16\mlp\mk-mmd\seed_3.pt,D:\thesis\tables\opensource_da_48_54\posthoc_lr_bottleneck16\checkpoints\54D\S6_train_I_D1_2_val_D3_5\mk-mmd\seed_3.joblib,source + labeled target,source+target labeled train+validation refit,C=1.0;class_weight=balanced;solver=lbfgs;max_iter=2000,"[[58, 5, 0], [0, 70, 1], [0, 4, 67]]",1.0,1.0,1.0,0.951219512195122,0.9500707951412176,0.9520132654207212
54D,S6_train_I_D1_2_val_D3_5,semi,mk-mmd,bottleneck16,posthoc-sklearn-lr-on-frozen-mlp-representation,4,54,16,D:\thesis\tables\opensource_da_48_54\checkpoints\54D\S6_train_I_D1_2_val_D3_5\bottleneck16\mlp\mk-mmd\seed_4.pt,D:\thesis\tables\opensource_da_48_54\posthoc_lr_bottleneck16\checkpoints\54D\S6_train_I_D1_2_val_D3_5\mk-mmd\seed_4.joblib,source + labeled target,source+target labeled train+validation refit,C=1.0;class_weight=balanced;solver=lbfgs;max_iter=2000,"[[57, 6, 0], [1, 70, 0], [0, 3, 68]]",1.0,1.0,1.0,0.951219512195122,0.9494746255309636,0.9512997866169872
54D,S6_train_I_D1_2_val_D3_5,semi,source-only,bottleneck16,posthoc-sklearn-lr-on-frozen-mlp-representation,0,54,16,D:\thesis\tables\opensource_da_48_54\checkpoints\54D\S6_train_I_D1_2_val_D3_5\bottleneck16\mlp\source-only\seed_0.pt,D:\thesis\tables\opensource_da_48_54\posthoc_lr_bottleneck16\checkpoints\54D\S6_train_I_D1_2_val_D3_5\source-only\seed_0.joblib,source + labeled target,source+target labeled train+validation refit,C=1.0;class_weight=balanced;solver=lbfgs;max_iter=2000,"[[62, 1, 0], [0, 71, 0], [0, 4, 67]]",1.0,1.0,1.0,0.975609756097561,0.97592965198599,0.9763336291038156
54D,S6_train_I_D1_2_val_D3_5,semi,source-only,bottleneck16,posthoc-sklearn-lr-on-frozen-mlp-representation,1,54,16,D:\thesis\tables\opensource_da_48_54\checkpoints\54D\S6_train_I_D1_2_val_D3_5\bottleneck16\mlp\source-only\seed_1.pt,D:\thesis\tables\opensource_da_48_54\posthoc_lr_bottleneck16\checkpoints\54D\S6_train_I_D1_2_val_D3_5\source-only\seed_1.joblib,source + labeled target,source+target labeled train+validation refit,C=1.0;class_weight=balanced;solver=lbfgs;max_iter=2000,"[[58, 5, 0], [0, 70, 1], [1, 7, 63]]",1.0,1.0,1.0,0.9317073170731708,0.931291452418213,0.9330618950676812
54D,S6_train_I_D1_2_val_D3_5,semi,source-only,bottleneck16,posthoc-sklearn-lr-on-frozen-mlp-representation,2,54,16,D:\thesis\tables\opensource_da_48_54\checkpoints\54D\S6_train_I_D1_2_val_D3_5\bottleneck16\mlp\source-only\seed_2.pt,D:\thesis\tables\opensource_da_48_54\posthoc_lr_bottleneck16\checkpoints\54D\S6_train_I_D1_2_val_D3_5\source-only\seed_2.joblib,source + labeled target,source+target labeled train+validation refit,C=1.0;class_weight=balanced;solver=lbfgs;max_iter=2000,"[[61, 2, 0], [0, 71, 0], [0, 5, 66]]",1.0,1.0,1.0,0.9658536585365852,0.9659438110142337,0.9667982505350532
54D,S6_train_I_D1_2_val_D3_5,semi,source-only,bottleneck16,posthoc-sklearn-lr-on-frozen-mlp-representation,3,54,16,D:\thesis\tables\opensource_da_48_54\checkpoints\54D\S6_train_I_D1_2_val_D3_5\bottleneck16\mlp\source-only\seed_3.pt,D:\thesis\tables\opensource_da_48_54\posthoc_lr_bottleneck16\checkpoints\54D\S6_train_I_D1_2_val_D3_5\source-only\seed_3.joblib,source + labeled target,source+target labeled train+validation refit,C=1.0;class_weight=balanced;solver=lbfgs;max_iter=2000,"[[62, 1, 0], [0, 71, 0], [0, 4, 67]]",1.0,1.0,1.0,0.975609756097561,0.97592965198599,0.9763336291038156
54D,S6_train_I_D1_2_val_D3_5,semi,source-only,bottleneck16,posthoc-sklearn-lr-on-frozen-mlp-representation,4,54,16,D:\thesis\tables\opensource_da_48_54\checkpoints\54D\S6_train_I_D1_2_val_D3_5\bottleneck16\mlp\source-only\seed_4.pt,D:\thesis\tables\opensource_da_48_54\posthoc_lr_bottleneck16\checkpoints\54D\S6_train_I_D1_2_val_D3_5\source-only\seed_4.joblib,source + labeled target,source+target labeled train+validation refit,C=1.0;class_weight=balanced;solver=lbfgs;max_iter=2000,"[[62, 1, 0], [0, 71, 0], [0, 5, 66]]",1.0,1.0,1.0,0.9707317073170731,0.9712348163052388,0.9716543696981652
54D,S7_train_I_D1_3_val_D4_5,semi,c-dann,bottleneck16,posthoc-sklearn-lr-on-frozen-mlp-representation,0,54,16,D:\thesis\tables\opensource_da_48_54\checkpoints\54D\S7_train_I_D1_3_val_D4_5\bottleneck16\mlp\c-dann\seed_0.pt,D:\thesis\tables\opensource_da_48_54\posthoc_lr_bottleneck16\checkpoints\54D\S7_train_I_D1_3_val_D4_5\c-dann\seed_0.joblib,source + labeled target,source+target labeled train+validation refit,C=1.0;class_weight=balanced;solver=lbfgs;max_iter=2000,"[[58, 5, 0], [0, 71, 0], [0, 5, 66]]",1.0,1.0,1.0,0.951219512195122,0.9500707951412176,0.9521306206337464
54D,S7_train_I_D1_3_val_D4_5,semi,c-dann,bottleneck16,posthoc-sklearn-lr-on-frozen-mlp-representation,1,54,16,D:\thesis\tables\opensource_da_48_54\checkpoints\54D\S7_train_I_D1_3_val_D4_5\bottleneck16\mlp\c-dann\seed_1.pt,D:\thesis\tables\opensource_da_48_54\posthoc_lr_bottleneck16\checkpoints\54D\S7_train_I_D1_3_val_D4_5\c-dann\seed_1.joblib,source + labeled target,source+target labeled train+validation refit,C=1.0;class_weight=balanced;solver=lbfgs;max_iter=2000,"[[57, 6, 0], [0, 71, 0], [1, 8, 62]]",1.0,1.0,1.0,0.926829268292683,0.9260004471272076,0.9282453325515526
54D,S7_train_I_D1_3_val_D4_5,semi,c-dann,bottleneck16,posthoc-sklearn-lr-on-frozen-mlp-representation,2,54,16,D:\thesis\tables\opensource_da_48_54\checkpoints\54D\S7_train_I_D1_3_val_D4_5\bottleneck16\mlp\c-dann\seed_2.pt,D:\thesis\tables\opensource_da_48_54\posthoc_lr_bottleneck16\checkpoints\54D\S7_train_I_D1_3_val_D4_5\c-dann\seed_2.joblib,source + labeled target,source+target labeled train+validation refit,C=1.0;class_weight=balanced;solver=lbfgs;max_iter=2000,"[[58, 5, 0], [0, 70, 1], [1, 6, 64]]",1.0,1.0,1.0,0.9365853658536586,0.935986288098964,0.93768292476611
54D,S7_train_I_D1_3_val_D4_5,semi,c-dann,bottleneck16,posthoc-sklearn-lr-on-frozen-mlp-representation,3,54,16,D:\thesis\tables\opensource_da_48_54\checkpoints\54D\S7_train_I_D1_3_val_D4_5\bottleneck16\mlp\c-dann\seed_3.pt,D:\thesis\tables\opensource_da_48_54\posthoc_lr_bottleneck16\checkpoints\54D\S7_train_I_D1_3_val_D4_5\c-dann\seed_3.joblib,source + labeled target,source+target labeled train+validation refit,C=1.0;class_weight=balanced;solver=lbfgs;max_iter=2000,"[[57, 6, 0], [0, 71, 0], [0, 5, 66]]",1.0,1.0,1.0,0.946341463414634,0.9447797898502124,0.9472027415994784
54D,S7_train_I_D1_3_val_D4_5,semi,c-dann,bottleneck16,posthoc-sklearn-lr-on-frozen-mlp-representation,4,54,16,D:\thesis\tables\opensource_da_48_54\checkpoints\54D\S7_train_I_D1_3_val_D4_5\bottleneck16\mlp\c-dann\seed_4.pt,D:\thesis\tables\opensource_da_48_54\posthoc_lr_bottleneck16\checkpoints\54D\S7_train_I_D1_3_val_D4_5\c-dann\seed_4.joblib,source + labeled target,source+target labeled train+validation refit,C=1.0;class_weight=balanced;solver=lbfgs;max_iter=2000,"[[62, 1, 0], [0, 71, 0], [0, 5, 66]]",1.0,1.0,1.0,0.9707317073170731,0.9712348163052388,0.9716543696981652
54D,S7_train_I_D1_3_val_D4_5,semi,cdan,bottleneck16,posthoc-sklearn-lr-on-frozen-mlp-representation,0,54,16,D:\thesis\tables\opensource_da_48_54\checkpoints\54D\S7_train_I_D1_3_val_D4_5\bottleneck16\mlp\cdan\seed_0.pt,D:\thesis\tables\opensource_da_48_54\posthoc_lr_bottleneck16\checkpoints\54D\S7_train_I_D1_3_val_D4_5\cdan\seed_0.joblib,source + labeled target,source+target labeled train+validation refit,C=1.0;class_weight=balanced;solver=lbfgs;max_iter=2000,"[[57, 6, 0], [2, 69, 0], [2, 6, 63]]",1.0,1.0,1.0,0.9219512195121952,0.9213056114464564,0.92251602767149
54D,S7_train_I_D1_3_val_D4_5,semi,cdan,bottleneck16,posthoc-sklearn-lr-on-frozen-mlp-representation,1,54,16,D:\thesis\tables\opensource_da_48_54\checkpoints\54D\S7_train_I_D1_3_val_D4_5\bottleneck16\mlp\cdan\seed_1.pt,D:\thesis\tables\opensource_da_48_54\posthoc_lr_bottleneck16\checkpoints\54D\S7_train_I_D1_3_val_D4_5\cdan\seed_1.joblib,source + labeled target,source+target labeled train+validation refit,C=1.0;class_weight=balanced;solver=lbfgs;max_iter=2000,"[[61, 2, 0], [0, 71, 0], [1, 5, 65]]",1.0,1.0,1.0,0.9609756097560976,0.9612489753334824,0.961634162389788
54D,S7_train_I_D1_3_val_D4_5,semi,cdan,bottleneck16,posthoc-sklearn-lr-on-frozen-mlp-representation,2,54,16,D:\thesis\tables\opensource_da_48_54\checkpoints\54D\S7_train_I_D1_3_val_D4_5\bottleneck16\mlp\cdan\seed_2.pt,D:\thesis\tables\opensource_da_48_54\posthoc_lr_bottleneck16\checkpoints\54D\S7_train_I_D1_3_val_D4_5\cdan\seed_2.joblib,source + labeled target,source+target labeled train+validation refit,C=1.0;class_weight=balanced;solver=lbfgs;max_iter=2000,"[[55, 5, 3], [1, 69, 1], [0, 5, 66]]",0.9693877551020408,0.9729729729729728,0.9681377151799688,0.926829268292683,0.9248081079066997,0.9268466535550391
54D,S7_train_I_D1_3_val_D4_5,semi,cdan,bottleneck16,posthoc-sklearn-lr-on-frozen-mlp-representation,3,54,16,D:\thesis\tables\opensource_da_48_54\checkpoints\54D\S7_train_I_D1_3_val_D4_5\bottleneck16\mlp\cdan\seed_3.pt,D:\thesis\tables\opensource_da_48_54\posthoc_lr_bottleneck16\checkpoints\54D\S7_train_I_D1_3_val_D4_5\cdan\seed_3.joblib,source + labeled target,source+target labeled train+validation refit,C=1.0;class_weight=balanced;solver=lbfgs;max_iter=2000,"[[58, 5, 0], [0, 70, 1], [0, 8, 63]]",1.0,1.0,1.0,0.9317073170731708,0.931291452418213,0.9337006427915518
54D,S7_train_I_D1_3_val_D4_5,semi,cdan,bottleneck16,posthoc-sklearn-lr-on-frozen-mlp-representation,4,54,16,D:\thesis\tables\opensource_da_48_54\checkpoints\54D\S7_train_I_D1_3_val_D4_5\bottleneck16\mlp\cdan\seed_4.pt,D:\thesis\tables\opensource_da_48_54\posthoc_lr_bottleneck16\checkpoints\54D\S7_train_I_D1_3_val_D4_5\cdan\seed_4.joblib,source + labeled target,source+target labeled train+validation refit,C=1.0;class_weight=balanced;solver=lbfgs;max_iter=2000,"[[60, 3, 0], [0, 71, 0], [0, 4, 67]]",1.0,1.0,1.0,0.9658536585365852,0.9653476414039792,0.966548127693124
54D,S7_train_I_D1_3_val_D4_5,semi,cdan+c-dann,bottleneck16,posthoc-sklearn-lr-on-frozen-mlp-representation,0,54,16,D:\thesis\tables\opensource_da_48_54\checkpoints\54D\S7_train_I_D1_3_val_D4_5\bottleneck16\mlp\cdan+c-dann\seed_0.pt,D:\thesis\tables\opensource_da_48_54\posthoc_lr_bottleneck16\checkpoints\54D\S7_train_I_D1_3_val_D4_5\cdan+c-dann\seed_0.joblib,source + labeled target,source+target labeled train+validation refit,C=1.0;class_weight=balanced;solver=lbfgs;max_iter=2000,"[[60, 1, 2], [0, 71, 0], [0, 4, 67]]",1.0,1.0,1.0,0.9658536585365852,0.9653476414039792,0.966246335932747
54D,S7_train_I_D1_3_val_D4_5,semi,cdan+c-dann,bottleneck16,posthoc-sklearn-lr-on-frozen-mlp-representation,1,54,16,D:\thesis\tables\opensource_da_48_54\checkpoints\54D\S7_train_I_D1_3_val_D4_5\bottleneck16\mlp\cdan+c-dann\seed_1.pt,D:\thesis\tables\opensource_da_48_54\posthoc_lr_bottleneck16\checkpoints\54D\S7_train_I_D1_3_val_D4_5\cdan+c-dann\seed_1.joblib,source + labeled target,source+target labeled train+validation refit,C=1.0;class_weight=balanced;solver=lbfgs;max_iter=2000,"[[58, 5, 0], [0, 70, 1], [0, 7, 64]]",1.0,1.0,1.0,0.9365853658536586,0.935986288098964,0.9382956120924036
54D,S7_train_I_D1_3_val_D4_5,semi,cdan+c-dann,bottleneck16,posthoc-sklearn-lr-on-frozen-mlp-representation,2,54,16,D:\thesis\tables\opensource_da_48_54\checkpoints\54D\S7_train_I_D1_3_val_D4_5\bottleneck16\mlp\cdan+c-dann\seed_2.pt,D:\thesis\tables\opensource_da_48_54\posthoc_lr_bottleneck16\checkpoints\54D\S7_train_I_D1_3_val_D4_5\cdan+c-dann\seed_2.joblib,source + labeled target,source+target labeled train+validation refit,C=1.0;class_weight=balanced;solver=lbfgs;max_iter=2000,"[[59, 4, 0], [0, 71, 0], [1, 8, 62]]",1.0,1.0,1.0,0.9365853658536586,0.9365824577092182,0.9379194475471752
54D,S7_train_I_D1_3_val_D4_5,semi,cdan+c-dann,bottleneck16,posthoc-sklearn-lr-on-frozen-mlp-representation,3,54,16,D:\thesis\tables\opensource_da_48_54\checkpoints\54D\S7_train_I_D1_3_val_D4_5\bottleneck16\mlp\cdan+c-dann\seed_3.pt,D:\thesis\tables\opensource_da_48_54\posthoc_lr_bottleneck16\checkpoints\54D\S7_train_I_D1_3_val_D4_5\cdan+c-dann\seed_3.joblib,source + labeled target,source+target labeled train+validation refit,C=1.0;class_weight=balanced;solver=lbfgs;max_iter=2000,"[[59, 4, 0], [0, 71, 0], [1, 6, 64]]",1.0,1.0,1.0,0.946341463414634,0.9459721290707206,0.9472360893199576
54D,S7_train_I_D1_3_val_D4_5,semi,cdan+c-dann,bottleneck16,posthoc-sklearn-lr-on-frozen-mlp-representation,4,54,16,D:\thesis\tables\opensource_da_48_54\checkpoints\54D\S7_train_I_D1_3_val_D4_5\bottleneck16\mlp\cdan+c-dann\seed_4.pt,D:\thesis\tables\opensource_da_48_54\posthoc_lr_bottleneck16\checkpoints\54D\S7_train_I_D1_3_val_D4_5\cdan+c-dann\seed_4.joblib,source + labeled target,source+target labeled train+validation refit,C=1.0;class_weight=balanced;solver=lbfgs;max_iter=2000,"[[60, 3, 0], [0, 71, 0], [1, 3, 67]]",1.0,1.0,1.0,0.9658536585365852,0.9653476414039792,0.9660719625656512
54D,S7_train_I_D1_3_val_D4_5,semi,dann,bottleneck16,posthoc-sklearn-lr-on-frozen-mlp-representation,0,54,16,D:\thesis\tables\opensource_da_48_54\checkpoints\54D\S7_train_I_D1_3_val_D4_5\bottleneck16\mlp\dann\seed_0.pt,D:\thesis\tables\opensource_da_48_54\posthoc_lr_bottleneck16\checkpoints\54D\S7_train_I_D1_3_val_D4_5\dann\seed_0.joblib,source + labeled target,source+target labeled train+validation refit,C=1.0;class_weight=balanced;solver=lbfgs;max_iter=2000,"[[59, 4, 0], [1, 70, 0], [0, 3, 68]]",1.0,1.0,1.0,0.9609756097560976,0.960056636112974,0.9612376018763104
54D,S7_train_I_D1_3_val_D4_5,semi,dann,bottleneck16,posthoc-sklearn-lr-on-frozen-mlp-representation,1,54,16,D:\thesis\tables\opensource_da_48_54\checkpoints\54D\S7_train_I_D1_3_val_D4_5\bottleneck16\mlp\dann\seed_1.pt,D:\thesis\tables\opensource_da_48_54\posthoc_lr_bottleneck16\checkpoints\54D\S7_train_I_D1_3_val_D4_5\dann\seed_1.joblib,source + labeled target,source+target labeled train+validation refit,C=1.0;class_weight=balanced;solver=lbfgs;max_iter=2000,"[[55, 8, 0], [0, 71, 0], [0, 7, 64]]",1.0,1.0,1.0,0.926829268292683,0.9248081079066997,0.9282700455682572
54D,S7_train_I_D1_3_val_D4_5,semi,dann,bottleneck16,posthoc-sklearn-lr-on-frozen-mlp-representation,2,54,16,D:\thesis\tables\opensource_da_48_54\checkpoints\54D\S7_train_I_D1_3_val_D4_5\bottleneck16\mlp\dann\seed_2.pt,D:\thesis\tables\opensource_da_48_54\posthoc_lr_bottleneck16\checkpoints\54D\S7_train_I_D1_3_val_D4_5\dann\seed_2.joblib,source + labeled target,source+target labeled train+validation refit,C=1.0;class_weight=balanced;solver=lbfgs;max_iter=2000,"[[56, 6, 1], [2, 69, 0], [0, 3, 68]]",0.979591836734694,0.981981981981982,0.9819688109161794,0.9414634146341464,0.9394887845592071,0.94107430092787
54D,S7_train_I_D1_3_val_D4_5,semi,dann,bottleneck16,posthoc-sklearn-lr-on-frozen-mlp-representation,3,54,16,D:\thesis\tables\opensource_da_48_54\checkpoints\54D\S7_train_I_D1_3_val_D4_5\bottleneck16\mlp\dann\seed_3.pt,D:\thesis\tables\opensource_da_48_54\posthoc_lr_bottleneck16\checkpoints\54D\S7_train_I_D1_3_val_D4_5\dann\seed_3.joblib,source + labeled target,source+target labeled train+validation refit,C=1.0;class_weight=balanced;solver=lbfgs;max_iter=2000,"[[58, 5, 0], [1, 70, 0], [0, 6, 65]]",1.0,1.0,1.0,0.9414634146341464,0.9406811237797154,0.9425848855504236
54D,S7_train_I_D1_3_val_D4_5,semi,dann,bottleneck16,posthoc-sklearn-lr-on-frozen-mlp-representation,4,54,16,D:\thesis\tables\opensource_da_48_54\checkpoints\54D\S7_train_I_D1_3_val_D4_5\bottleneck16\mlp\dann\seed_4.pt,D:\thesis\tables\opensource_da_48_54\posthoc_lr_bottleneck16\checkpoints\54D\S7_train_I_D1_3_val_D4_5\dann\seed_4.joblib,source + labeled target,source+target labeled train+validation refit,C=1.0;class_weight=balanced;solver=lbfgs;max_iter=2000,"[[58, 5, 0], [0, 71, 0], [0, 4, 67]]",1.0,1.0,1.0,0.9560975609756096,0.9547656308219687,0.956696509899138
54D,S7_train_I_D1_3_val_D4_5,semi,deep-coral,bottleneck16,posthoc-sklearn-lr-on-frozen-mlp-representation,0,54,16,D:\thesis\tables\opensource_da_48_54\checkpoints\54D\S7_train_I_D1_3_val_D4_5\bottleneck16\mlp\deep-coral\seed_0.pt,D:\thesis\tables\opensource_da_48_54\posthoc_lr_bottleneck16\checkpoints\54D\S7_train_I_D1_3_val_D4_5\deep-coral\seed_0.joblib,source + labeled target,source+target labeled train+validation refit,C=1.0;class_weight=balanced;solver=lbfgs;max_iter=2000,"[[62, 1, 0], [0, 71, 0], [0, 2, 69]]",1.0,1.0,1.0,0.9853658536585366,0.9853193233474924,0.9856748768472906
54D,S7_train_I_D1_3_val_D4_5,semi,deep-coral,bottleneck16,posthoc-sklearn-lr-on-frozen-mlp-representation,1,54,16,D:\thesis\tables\opensource_da_48_54\checkpoints\54D\S7_train_I_D1_3_val_D4_5\bottleneck16\mlp\deep-coral\seed_1.pt,D:\thesis\tables\opensource_da_48_54\posthoc_lr_bottleneck16\checkpoints\54D\S7_train_I_D1_3_val_D4_5\deep-coral\seed_1.joblib,source + labeled target,source+target labeled train+validation refit,C=1.0;class_weight=balanced;solver=lbfgs;max_iter=2000,"[[58, 2, 3], [0, 70, 1], [1, 4, 66]]",1.0,1.0,1.0,0.946341463414634,0.9453759594604664,0.9464569457593524
54D,S7_train_I_D1_3_val_D4_5,semi,deep-coral,bottleneck16,posthoc-sklearn-lr-on-frozen-mlp-representation,2,54,16,D:\thesis\tables\opensource_da_48_54\checkpoints\54D\S7_train_I_D1_3_val_D4_5\bottleneck16\mlp\deep-coral\seed_2.pt,D:\thesis\tables\opensource_da_48_54\posthoc_lr_bottleneck16\checkpoints\54D\S7_train_I_D1_3_val_D4_5\deep-coral\seed_2.joblib,source + labeled target,source+target labeled train+validation refit,C=1.0;class_weight=balanced;solver=lbfgs;max_iter=2000,"[[56, 5, 2], [1, 69, 1], [0, 3, 68]]",0.9897959183673468,0.990990990990991,0.9886310688659024,0.9414634146341464,0.9394887845592071,0.9411707482130016
54D,S7_train_I_D1_3_val_D4_5,semi,deep-coral,bottleneck16,posthoc-sklearn-lr-on-frozen-mlp-representation,3,54,16,D:\thesis\tables\opensource_da_48_54\checkpoints\54D\S7_train_I_D1_3_val_D4_5\bottleneck16\mlp\deep-coral\seed_3.pt,D:\thesis\tables\opensource_da_48_54\posthoc_lr_bottleneck16\checkpoints\54D\S7_train_I_D1_3_val_D4_5\deep-coral\seed_3.joblib,source + labeled target,source+target labeled train+validation refit,C=1.0;class_weight=balanced;solver=lbfgs;max_iter=2000,"[[59, 4, 0], [0, 71, 0], [0, 5, 66]]",1.0,1.0,1.0,0.9560975609756096,0.955361800432223,0.9570380384608376
54D,S7_train_I_D1_3_val_D4_5,semi,deep-coral,bottleneck16,posthoc-sklearn-lr-on-frozen-mlp-representation,4,54,16,D:\thesis\tables\opensource_da_48_54\checkpoints\54D\S7_train_I_D1_3_val_D4_5\bottleneck16\mlp\deep-coral\seed_4.pt,D:\thesis\tables\opensource_da_48_54\posthoc_lr_bottleneck16\checkpoints\54D\S7_train_I_D1_3_val_D4_5\deep-coral\seed_4.joblib,source + labeled target,source+target labeled train+validation refit,C=1.0;class_weight=balanced;solver=lbfgs;max_iter=2000,"[[62, 1, 0], [0, 71, 0], [0, 3, 68]]",1.0,1.0,1.0,0.9804878048780488,0.9806244876667412,0.9810066686376926
54D,S7_train_I_D1_3_val_D4_5,semi,mk-mmd,bottleneck16,posthoc-sklearn-lr-on-frozen-mlp-representation,0,54,16,D:\thesis\tables\opensource_da_48_54\checkpoints\54D\S7_train_I_D1_3_val_D4_5\bottleneck16\mlp\mk-mmd\seed_0.pt,D:\thesis\tables\opensource_da_48_54\posthoc_lr_bottleneck16\checkpoints\54D\S7_train_I_D1_3_val_D4_5\mk-mmd\seed_0.joblib,source + labeled target,source+target labeled train+validation refit,C=1.0;class_weight=balanced;solver=lbfgs;max_iter=2000,"[[62, 1, 0], [1, 70, 0], [0, 2, 69]]",1.0,1.0,1.0,0.9804878048780488,0.9806244876667412,0.9806878306878308
54D,S7_train_I_D1_3_val_D4_5,semi,mk-mmd,bottleneck16,posthoc-sklearn-lr-on-frozen-mlp-representation,1,54,16,D:\thesis\tables\opensource_da_48_54\checkpoints\54D\S7_train_I_D1_3_val_D4_5\bottleneck16\mlp\mk-mmd\seed_1.pt,D:\thesis\tables\opensource_da_48_54\posthoc_lr_bottleneck16\checkpoints\54D\S7_train_I_D1_3_val_D4_5\mk-mmd\seed_1.joblib,source + labeled target,source+target labeled train+validation refit,C=1.0;class_weight=balanced;solver=lbfgs;max_iter=2000,"[[57, 6, 0], [0, 71, 0], [2, 5, 64]]",1.0,1.0,1.0,0.9365853658536586,0.93539011848871,0.936892984273248
54D,S7_train_I_D1_3_val_D4_5,semi,mk-mmd,bottleneck16,posthoc-sklearn-lr-on-frozen-mlp-representation,2,54,16,D:\thesis\tables\opensource_da_48_54\checkpoints\54D\S7_train_I_D1_3_val_D4_5\bottleneck16\mlp\mk-mmd\seed_2.pt,D:\thesis\tables\opensource_da_48_54\posthoc_lr_bottleneck16\checkpoints\54D\S7_train_I_D1_3_val_D4_5\mk-mmd\seed_2.joblib,source + labeled target,source+target labeled train+validation refit,C=1.0;class_weight=balanced;solver=lbfgs;max_iter=2000,"[[58, 5, 0], [0, 71, 0], [1, 3, 67]]",1.0,1.0,1.0,0.9560975609756096,0.9547656308219687,0.9561669438504792
54D,S7_train_I_D1_3_val_D4_5,semi,mk-mmd,bottleneck16,posthoc-sklearn-lr-on-frozen-mlp-representation,3,54,16,D:\thesis\tables\opensource_da_48_54\checkpoints\54D\S7_train_I_D1_3_val_D4_5\bottleneck16\mlp\mk-mmd\seed_3.pt,D:\thesis\tables\opensource_da_48_54\posthoc_lr_bottleneck16\checkpoints\54D\S7_train_I_D1_3_val_D4_5\mk-mmd\seed_3.joblib,source + labeled target,source+target labeled train+validation refit,C=1.0;class_weight=balanced;solver=lbfgs;max_iter=2000,"[[57, 6, 0], [1, 69, 1], [1, 5, 65]]",1.0,1.0,1.0,0.9317073170731708,0.9306952828079588,0.9324128745884868
54D,S7_train_I_D1_3_val_D4_5,semi,mk-mmd,bottleneck16,posthoc-sklearn-lr-on-frozen-mlp-representation,4,54,16,D:\thesis\tables\opensource_da_48_54\checkpoints\54D\S7_train_I_D1_3_val_D4_5\bottleneck16\mlp\mk-mmd\seed_4.pt,D:\thesis\tables\opensource_da_48_54\posthoc_lr_bottleneck16\checkpoints\54D\S7_train_I_D1_3_val_D4_5\mk-mmd\seed_4.joblib,source + labeled target,source+target labeled train+validation refit,C=1.0;class_weight=balanced;solver=lbfgs;max_iter=2000,"[[57, 6, 0], [1, 70, 0], [0, 2, 69]]",1.0,1.0,1.0,0.9560975609756096,0.9541694612117148,0.955820120493702
54D,S7_train_I_D1_3_val_D4_5,semi,source-only,bottleneck16,posthoc-sklearn-lr-on-frozen-mlp-representation,0,54,16,D:\thesis\tables\opensource_da_48_54\checkpoints\54D\S7_train_I_D1_3_val_D4_5\bottleneck16\mlp\source-only\seed_0.pt,D:\thesis\tables\opensource_da_48_54\posthoc_lr_bottleneck16\checkpoints\54D\S7_train_I_D1_3_val_D4_5\source-only\seed_0.joblib,source + labeled target,source+target labeled train+validation refit,C=1.0;class_weight=balanced;solver=lbfgs;max_iter=2000,"[[62, 1, 0], [0, 71, 0], [0, 4, 67]]",1.0,1.0,1.0,0.975609756097561,0.97592965198599,0.9763336291038156
54D,S7_train_I_D1_3_val_D4_5,semi,source-only,bottleneck16,posthoc-sklearn-lr-on-frozen-mlp-representation,1,54,16,D:\thesis\tables\opensource_da_48_54\checkpoints\54D\S7_train_I_D1_3_val_D4_5\bottleneck16\mlp\source-only\seed_1.pt,D:\thesis\tables\opensource_da_48_54\posthoc_lr_bottleneck16\checkpoints\54D\S7_train_I_D1_3_val_D4_5\source-only\seed_1.joblib,source + labeled target,source+target labeled train+validation refit,C=1.0;class_weight=balanced;solver=lbfgs;max_iter=2000,"[[59, 4, 0], [0, 70, 1], [0, 6, 65]]",1.0,1.0,1.0,0.946341463414634,0.9459721290707206,0.947756847374648
54D,S7_train_I_D1_3_val_D4_5,semi,source-only,bottleneck16,posthoc-sklearn-lr-on-frozen-mlp-representation,2,54,16,D:\thesis\tables\opensource_da_48_54\checkpoints\54D\S7_train_I_D1_3_val_D4_5\bottleneck16\mlp\source-only\seed_2.pt,D:\thesis\tables\opensource_da_48_54\posthoc_lr_bottleneck16\checkpoints\54D\S7_train_I_D1_3_val_D4_5\source-only\seed_2.joblib,source + labeled target,source+target labeled train+validation refit,C=1.0;class_weight=balanced;solver=lbfgs;max_iter=2000,"[[60, 3, 0], [0, 71, 0], [0, 5, 66]]",1.0,1.0,1.0,0.9609756097560976,0.9606528057232282,0.9619266907997548
54D,S7_train_I_D1_3_val_D4_5,semi,source-only,bottleneck16,posthoc-sklearn-lr-on-frozen-mlp-representation,3,54,16,D:\thesis\tables\opensource_da_48_54\checkpoints\54D\S7_train_I_D1_3_val_D4_5\bottleneck16\mlp\source-only\seed_3.pt,D:\thesis\tables\opensource_da_48_54\posthoc_lr_bottleneck16\checkpoints\54D\S7_train_I_D1_3_val_D4_5\source-only\seed_3.joblib,source + labeled target,source+target labeled train+validation refit,C=1.0;class_weight=balanced;solver=lbfgs;max_iter=2000,"[[59, 4, 0], [0, 71, 0], [0, 6, 65]]",1.0,1.0,1.0,0.951219512195122,0.9506669647514716,0.9524353313370214
54D,S7_train_I_D1_3_val_D4_5,semi,source-only,bottleneck16,posthoc-sklearn-lr-on-frozen-mlp-representation,4,54,16,D:\thesis\tables\opensource_da_48_54\checkpoints\54D\S7_train_I_D1_3_val_D4_5\bottleneck16\mlp\source-only\seed_4.pt,D:\thesis\tables\opensource_da_48_54\posthoc_lr_bottleneck16\checkpoints\54D\S7_train_I_D1_3_val_D4_5\source-only\seed_4.joblib,source + labeled target,source+target labeled train+validation refit,C=1.0;class_weight=balanced;solver=lbfgs;max_iter=2000,"[[62, 1, 0], [1, 70, 0], [0, 6, 65]]",1.0,1.0,1.0,0.9609756097560976,0.9618451449437364,0.9619850943380356
48D,S1_train_I_test_all,uda,mk-mmd+c-dann,bottleneck16,posthoc-sklearn-lr-on-frozen-mlp-representation,0,48,16,D:\thesis\tables\opensource_da_48_54\checkpoints\48D\S1_train_I_test_all\bottleneck16\mlp\mk-mmd+c-dann\seed_0.pt,D:\thesis\tables\opensource_da_48_54\posthoc_lr_bottleneck16\checkpoints\48D\S1_train_I_test_all\mk-mmd+c-dann\seed_0.joblib,source labels only,selected checkpoint; no refit,C=1.0;class_weight=balanced;solver=lbfgs;max_iter=2000,"[[55, 25, 1], [9, 87, 0], [2, 23, 71]]",1.0,1.0,1.0,0.7802197802197802,0.7749485596707819,0.7822613894042466
48D,S1_train_I_test_all,uda,mk-mmd+c-dann,bottleneck16,posthoc-sklearn-lr-on-frozen-mlp-representation,1,48,16,D:\thesis\tables\opensource_da_48_54\checkpoints\48D\S1_train_I_test_all\bottleneck16\mlp\mk-mmd+c-dann\seed_1.pt,D:\thesis\tables\opensource_da_48_54\posthoc_lr_bottleneck16\checkpoints\48D\S1_train_I_test_all\mk-mmd+c-dann\seed_1.joblib,source labels only,selected checkpoint; no refit,C=1.0;class_weight=balanced;solver=lbfgs;max_iter=2000,"[[53, 28, 0], [21, 72, 3], [5, 8, 83]]",1.0,1.0,1.0,0.7619047619047619,0.7563014403292181,0.7601567550096963
48D,S1_train_I_test_all,uda,mk-mmd+c-dann,bottleneck16,posthoc-sklearn-lr-on-frozen-mlp-representation,2,48,16,D:\thesis\tables\opensource_da_48_54\checkpoints\48D\S1_train_I_test_all\bottleneck16\mlp\mk-mmd+c-dann\seed_2.pt,D:\thesis\tables\opensource_da_48_54\posthoc_lr_bottleneck16\checkpoints\48D\S1_train_I_test_all\mk-mmd+c-dann\seed_2.joblib,source labels only,selected checkpoint; no refit,C=1.0;class_weight=balanced;solver=lbfgs;max_iter=2000,"[[42, 39, 0], [32, 63, 1], [4, 14, 78]]",1.0,1.0,1.0,0.6703296703296703,0.6624228395061729,0.6713566936208446
48D,S1_train_I_test_all,uda,mk-mmd+c-dann,bottleneck16,posthoc-sklearn-lr-on-frozen-mlp-representation,3,48,16,D:\thesis\tables\opensource_da_48_54\checkpoints\48D\S1_train_I_test_all\bottleneck16\mlp\mk-mmd+c-dann\seed_3.pt,D:\thesis\tables\opensource_da_48_54\posthoc_lr_bottleneck16\checkpoints\48D\S1_train_I_test_all\mk-mmd+c-dann\seed_3.joblib,source labels only,selected checkpoint; no refit,C=1.0;class_weight=balanced;solver=lbfgs;max_iter=2000,"[[51, 29, 1], [12, 80, 4], [9, 17, 70]]",1.0,1.0,1.0,0.7362637362637363,0.73070987654321,0.7353669458932618
48D,S1_train_I_test_all,uda,mk-mmd+c-dann,bottleneck16,posthoc-sklearn-lr-on-frozen-mlp-representation,4,48,16,D:\thesis\tables\opensource_da_48_54\checkpoints\48D\S1_train_I_test_all\bottleneck16\mlp\mk-mmd+c-dann\seed_4.pt,D:\thesis\tables\opensource_da_48_54\posthoc_lr_bottleneck16\checkpoints\48D\S1_train_I_test_all\mk-mmd+c-dann\seed_4.joblib,source labels only,selected checkpoint; no refit,C=1.0;class_weight=balanced;solver=lbfgs;max_iter=2000,"[[50, 30, 1], [12, 84, 0], [8, 13, 75]]",1.0,1.0,1.0,0.7655677655677655,0.7578446502057613,0.7625693025281682
48D,S1_train_I_test_all,uda,mk-mmd+cdan,bottleneck16,posthoc-sklearn-lr-on-frozen-mlp-representation,0,48,16,D:\thesis\tables\opensource_da_48_54\checkpoints\48D\S1_train_I_test_all\bottleneck16\mlp\mk-mmd+cdan\seed_0.pt,D:\thesis\tables\opensource_da_48_54\posthoc_lr_bottleneck16\checkpoints\48D\S1_train_I_test_all\mk-mmd+cdan\seed_0.joblib,source labels only,selected checkpoint; no refit,C=1.0;class_weight=balanced;solver=lbfgs;max_iter=2000,"[[47, 33, 1], [8, 86, 2], [4, 23, 69]]",1.0,1.0,1.0,0.73992673992674,0.7316100823045267,0.738515406162465
48D,S1_train_I_test_all,uda,mk-mmd+cdan,bottleneck16,posthoc-sklearn-lr-on-frozen-mlp-representation,1,48,16,D:\thesis\tables\opensource_da_48_54\checkpoints\48D\S1_train_I_test_all\bottleneck16\mlp\mk-mmd+cdan\seed_1.pt,D:\thesis\tables\opensource_da_48_54\posthoc_lr_bottleneck16\checkpoints\48D\S1_train_I_test_all\mk-mmd+cdan\seed_1.joblib,source labels only,selected checkpoint; no refit,C=1.0;class_weight=balanced;solver=lbfgs;max_iter=2000,"[[45, 36, 0], [25, 70, 1], [18, 15, 63]]",1.0,1.0,1.0,0.652014652014652,0.6469907407407408,0.6550685563402685
48D,S1_train_I_test_all,uda,mk-mmd+cdan,bottleneck16,posthoc-sklearn-lr-on-frozen-mlp-representation,2,48,16,D:\thesis\tables\opensource_da_48_54\checkpoints\48D\S1_train_I_test_all\bottleneck16\mlp\mk-mmd+cdan\seed_2.pt,D:\thesis\tables\opensource_da_48_54\posthoc_lr_bottleneck16\checkpoints\48D\S1_train_I_test_all\mk-mmd+cdan\seed_2.joblib,source labels only,selected checkpoint; no refit,C=1.0;class_weight=balanced;solver=lbfgs;max_iter=2000,"[[46, 35, 0], [38, 54, 4], [6, 5, 85]]",1.0,1.0,1.0,0.6776556776556777,0.6719393004115225,0.6751172224856435
48D,S1_train_I_test_all,uda,mk-mmd+cdan,bottleneck16,posthoc-sklearn-lr-on-frozen-mlp-representation,3,48,16,D:\thesis\tables\opensource_da_48_54\checkpoints\48D\S1_train_I_test_all\bottleneck16\mlp\mk-mmd+cdan\seed_3.pt,D:\thesis\tables\opensource_da_48_54\posthoc_lr_bottleneck16\checkpoints\48D\S1_train_I_test_all\mk-mmd+cdan\seed_3.joblib,source labels only,selected checkpoint; no refit,C=1.0;class_weight=balanced;solver=lbfgs;max_iter=2000,"[[54, 26, 1], [2, 91, 3], [3, 35, 58]]",1.0,1.0,1.0,0.7435897435897436,0.7395833333333334,0.7464922514534601
48D,S1_train_I_test_all,uda,mk-mmd+cdan,bottleneck16,posthoc-sklearn-lr-on-frozen-mlp-representation,4,48,16,D:\thesis\tables\opensource_da_48_54\checkpoints\48D\S1_train_I_test_all\bottleneck16\mlp\mk-mmd+cdan\seed_4.pt,D:\thesis\tables\opensource_da_48_54\posthoc_lr_bottleneck16\checkpoints\48D\S1_train_I_test_all\mk-mmd+cdan\seed_4.joblib,source labels only,selected checkpoint; no refit,C=1.0;class_weight=balanced;solver=lbfgs;max_iter=2000,"[[46, 33, 2], [0, 93, 3], [1, 31, 64]]",1.0,1.0,1.0,0.7435897435897436,0.7344393004115225,0.7432284804567413
48D,S1_train_I_test_all,uda,mk-mmd+cdan+c-dann,bottleneck16,posthoc-sklearn-lr-on-frozen-mlp-representation,0,48,16,D:\thesis\tables\opensource_da_48_54\checkpoints\48D\S1_train_I_test_all\bottleneck16\mlp\mk-mmd+cdan+c-dann\seed_0.pt,D:\thesis\tables\opensource_da_48_54\posthoc_lr_bottleneck16\checkpoints\48D\S1_train_I_test_all\mk-mmd+cdan+c-dann\seed_0.joblib,source labels only,selected checkpoint; no refit,C=1.0;class_weight=balanced;solver=lbfgs;max_iter=2000,"[[57, 24, 0], [4, 92, 0], [1, 6, 89]]",1.0,1.0,1.0,0.8717948717948718,0.8630401234567903,0.8678005522042219
48D,S1_train_I_test_all,uda,mk-mmd+cdan+c-dann,bottleneck16,posthoc-sklearn-lr-on-frozen-mlp-representation,1,48,16,D:\thesis\tables\opensource_da_48_54\checkpoints\48D\S1_train_I_test_all\bottleneck16\mlp\mk-mmd+cdan+c-dann\seed_1.pt,D:\thesis\tables\opensource_da_48_54\posthoc_lr_bottleneck16\checkpoints\48D\S1_train_I_test_all\mk-mmd+cdan+c-dann\seed_1.joblib,source labels only,selected checkpoint; no refit,C=1.0;class_weight=balanced;solver=lbfgs;max_iter=2000,"[[48, 32, 1], [26, 69, 1], [5, 5, 86]]",1.0,1.0,1.0,0.7435897435897436,0.7357253086419754,0.7393169751757784
48D,S1_train_I_test_all,uda,mk-mmd+cdan+c-dann,bottleneck16,posthoc-sklearn-lr-on-frozen-mlp-representation,2,48,16,D:\thesis\tables\opensource_da_48_54\checkpoints\48D\S1_train_I_test_all\bottleneck16\mlp\mk-mmd+cdan+c-dann\seed_2.pt,D:\thesis\tables\opensource_da_48_54\posthoc_lr_bottleneck16\checkpoints\48D\S1_train_I_test_all\mk-mmd+cdan+c-dann\seed_2.joblib,source labels only,selected checkpoint; no refit,C=1.0;class_weight=balanced;solver=lbfgs;max_iter=2000,"[[46, 35, 0], [27, 65, 4], [8, 8, 80]]",1.0,1.0,1.0,0.6996336996336996,0.692772633744856,0.6980150084725247
48D,S1_train_I_test_all,uda,mk-mmd+cdan+c-dann,bottleneck16,posthoc-sklearn-lr-on-frozen-mlp-representation,3,48,16,D:\thesis\tables\opensource_da_48_54\checkpoints\48D\S1_train_I_test_all\bottleneck16\mlp\mk-mmd+cdan+c-dann\seed_3.pt,D:\thesis\tables\opensource_da_48_54\posthoc_lr_bottleneck16\checkpoints\48D\S1_train_I_test_all\mk-mmd+cdan+c-dann\seed_3.joblib,source labels only,selected checkpoint; no refit,C=1.0;class_weight=balanced;solver=lbfgs;max_iter=2000,"[[56, 24, 1], [18, 75, 3], [14, 24, 58]]",1.0,1.0,1.0,0.6923076923076923,0.6922582304526749,0.6939435385101042
48D,S1_train_I_test_all,uda,mk-mmd+cdan+c-dann,bottleneck16,posthoc-sklearn-lr-on-frozen-mlp-representation,4,48,16,D:\thesis\tables\opensource_da_48_54\checkpoints\48D\S1_train_I_test_all\bottleneck16\mlp\mk-mmd+cdan+c-dann\seed_4.pt,D:\thesis\tables\opensource_da_48_54\posthoc_lr_bottleneck16\checkpoints\48D\S1_train_I_test_all\mk-mmd+cdan+c-dann\seed_4.joblib,source labels only,selected checkpoint; no refit,C=1.0;class_weight=balanced;solver=lbfgs;max_iter=2000,"[[50, 30, 1], [5, 91, 0], [4, 24, 68]]",1.0,1.0,1.0,0.7655677655677655,0.7578446502057613,0.76457162017328
48D,S2_train_I_internal_val_test_all,uda,mk-mmd+c-dann,bottleneck16,posthoc-sklearn-lr-on-frozen-mlp-representation,0,48,16,D:\thesis\tables\opensource_da_48_54\checkpoints\48D\S2_train_I_internal_val_test_all\bottleneck16\mlp\mk-mmd+c-dann\seed_0.pt,D:\thesis\tables\opensource_da_48_54\posthoc_lr_bottleneck16\checkpoints\48D\S2_train_I_internal_val_test_all\mk-mmd+c-dann\seed_0.joblib,source train + source validation labels,source train+validation refit,C=1.0;class_weight=balanced;solver=lbfgs;max_iter=2000,"[[50, 29, 2], [7, 88, 1], [3, 22, 71]]",1.0,1.0,1.0,0.7655677655677655,0.7578446502057613,0.7644833820052844
48D,S2_train_I_internal_val_test_all,uda,mk-mmd+c-dann,bottleneck16,posthoc-sklearn-lr-on-frozen-mlp-representation,1,48,16,D:\thesis\tables\opensource_da_48_54\checkpoints\48D\S2_train_I_internal_val_test_all\bottleneck16\mlp\mk-mmd+c-dann\seed_1.pt,D:\thesis\tables\opensource_da_48_54\posthoc_lr_bottleneck16\checkpoints\48D\S2_train_I_internal_val_test_all\mk-mmd+c-dann\seed_1.joblib,source train + source validation labels,source train+validation refit,C=1.0;class_weight=balanced;solver=lbfgs;max_iter=2000,"[[48, 33, 0], [14, 79, 3], [2, 24, 70]]",0.9666666666666667,0.9444444444444445,0.9563636363636364,0.7216117216117216,0.7148919753086419,0.7238352717132557
48D,S2_train_I_internal_val_test_all,uda,mk-mmd+c-dann,bottleneck16,posthoc-sklearn-lr-on-frozen-mlp-representation,2,48,16,D:\thesis\tables\opensource_da_48_54\checkpoints\48D\S2_train_I_internal_val_test_all\bottleneck16\mlp\mk-mmd+c-dann\seed_2.pt,D:\thesis\tables\opensource_da_48_54\posthoc_lr_bottleneck16\checkpoints\48D\S2_train_I_internal_val_test_all\mk-mmd+c-dann\seed_2.joblib,source train + source validation labels,source train+validation refit,C=1.0;class_weight=balanced;solver=lbfgs;max_iter=2000,"[[36, 45, 0], [6, 84, 6], [0, 20, 76]]",1.0,1.0,1.0,0.717948717948718,0.7037037037037037,0.708337574547495
48D,S2_train_I_internal_val_test_all,uda,mk-mmd+c-dann,bottleneck16,posthoc-sklearn-lr-on-frozen-mlp-representation,3,48,16,D:\thesis\tables\opensource_da_48_54\checkpoints\48D\S2_train_I_internal_val_test_all\bottleneck16\mlp\mk-mmd+c-dann\seed_3.pt,D:\thesis\tables\opensource_da_48_54\posthoc_lr_bottleneck16\checkpoints\48D\S2_train_I_internal_val_test_all\mk-mmd+c-dann\seed_3.joblib,source train + source validation labels,source train+validation refit,C=1.0;class_weight=balanced;solver=lbfgs;max_iter=2000,"[[38, 40, 3], [16, 57, 23], [7, 13, 76]]",0.9666666666666667,0.9444444444444445,0.9563636363636364,0.6263736263736264,0.6181841563786007,0.6187620311782762
48D,S2_train_I_internal_val_test_all,uda,mk-mmd+c-dann,bottleneck16,posthoc-sklearn-lr-on-frozen-mlp-representation,4,48,16,D:\thesis\tables\opensource_da_48_54\checkpoints\48D\S2_train_I_internal_val_test_all\bottleneck16\mlp\mk-mmd+c-dann\seed_4.pt,D:\thesis\tables\opensource_da_48_54\posthoc_lr_bottleneck16\checkpoints\48D\S2_train_I_internal_val_test_all\mk-mmd+c-dann\seed_4.joblib,source train + source validation labels,source train+validation refit,C=1.0;class_weight=balanced;solver=lbfgs;max_iter=2000,"[[37, 39, 5], [3, 92, 1], [0, 15, 81]]",1.0,1.0,1.0,0.7692307692307693,0.7529578189300411,0.7523822426952084
48D,S2_train_I_internal_val_test_all,uda,mk-mmd+cdan,bottleneck16,posthoc-sklearn-lr-on-frozen-mlp-representation,0,48,16,D:\thesis\tables\opensource_da_48_54\checkpoints\48D\S2_train_I_internal_val_test_all\bottleneck16\mlp\mk-mmd+cdan\seed_0.pt,D:\thesis\tables\opensource_da_48_54\posthoc_lr_bottleneck16\checkpoints\48D\S2_train_I_internal_val_test_all\mk-mmd+cdan\seed_0.joblib,source train + source validation labels,source train+validation refit,C=1.0;class_weight=balanced;solver=lbfgs;max_iter=2000,"[[35, 44, 2], [19, 57, 20], [2, 17, 77]]",0.9,0.8888888888888888,0.8899516908212561,0.6190476190476191,0.6093106995884773,0.6111342584089702
48D,S2_train_I_internal_val_test_all,uda,mk-mmd+cdan,bottleneck16,posthoc-sklearn-lr-on-frozen-mlp-representation,1,48,16,D:\thesis\tables\opensource_da_48_54\checkpoints\48D\S2_train_I_internal_val_test_all\bottleneck16\mlp\mk-mmd+cdan\seed_1.pt,D:\thesis\tables\opensource_da_48_54\posthoc_lr_bottleneck16\checkpoints\48D\S2_train_I_internal_val_test_all\mk-mmd+cdan\seed_1.joblib,source train + source validation labels,source train+validation refit,C=1.0;class_weight=balanced;solver=lbfgs;max_iter=2000,"[[48, 31, 2], [21, 73, 2], [4, 31, 61]]",0.9666666666666667,0.9444444444444445,0.9563636363636364,0.6666666666666666,0.6628086419753085,0.6710584101888449
48D,S2_train_I_internal_val_test_all,uda,mk-mmd+cdan,bottleneck16,posthoc-sklearn-lr-on-frozen-mlp-representation,2,48,16,D:\thesis\tables\opensource_da_48_54\checkpoints\48D\S2_train_I_internal_val_test_all\bottleneck16\mlp\mk-mmd+cdan\seed_2.pt,D:\thesis\tables\opensource_da_48_54\posthoc_lr_bottleneck16\checkpoints\48D\S2_train_I_internal_val_test_all\mk-mmd+cdan\seed_2.joblib,source train + source validation labels,source train+validation refit,C=1.0;class_weight=balanced;solver=lbfgs;max_iter=2000,"[[43, 37, 1], [25, 68, 3], [3, 14, 79]]",1.0,1.0,1.0,0.6959706959706959,0.6873713991769548,0.6936763924883014
48D,S2_train_I_internal_val_test_all,uda,mk-mmd+cdan,bottleneck16,posthoc-sklearn-lr-on-frozen-mlp-representation,3,48,16,D:\thesis\tables\opensource_da_48_54\checkpoints\48D\S2_train_I_internal_val_test_all\bottleneck16\mlp\mk-mmd+cdan\seed_3.pt,D:\thesis\tables\opensource_da_48_54\posthoc_lr_bottleneck16\checkpoints\48D\S2_train_I_internal_val_test_all\mk-mmd+cdan\seed_3.joblib,source train + source validation labels,source train+validation refit,C=1.0;class_weight=balanced;solver=lbfgs;max_iter=2000,"[[50, 30, 1], [4, 88, 4], [2, 17, 77]]",1.0,1.0,1.0,0.7875457875457875,0.7786779835390947,0.7856667695099583
48D,S2_train_I_internal_val_test_all,uda,mk-mmd+cdan,bottleneck16,posthoc-sklearn-lr-on-frozen-mlp-representation,4,48,16,D:\thesis\tables\opensource_da_48_54\checkpoints\48D\S2_train_I_internal_val_test_all\bottleneck16\mlp\mk-mmd+cdan\seed_4.pt,D:\thesis\tables\opensource_da_48_54\posthoc_lr_bottleneck16\checkpoints\48D\S2_train_I_internal_val_test_all\mk-mmd+cdan\seed_4.joblib,source train + source validation labels,source train+validation refit,C=1.0;class_weight=balanced;solver=lbfgs;max_iter=2000,"[[48, 29, 4], [2, 94, 0], [0, 35, 61]]",1.0,1.0,1.0,0.7435897435897436,0.7357253086419752,0.7435819609837186
48D,S2_train_I_internal_val_test_all,uda,mk-mmd+cdan+c-dann,bottleneck16,posthoc-sklearn-lr-on-frozen-mlp-representation,0,48,16,D:\thesis\tables\opensource_da_48_54\checkpoints\48D\S2_train_I_internal_val_test_all\bottleneck16\mlp\mk-mmd+cdan+c-dann\seed_0.pt,D:\thesis\tables\opensource_da_48_54\posthoc_lr_bottleneck16\checkpoints\48D\S2_train_I_internal_val_test_all\mk-mmd+cdan+c-dann\seed_0.joblib,source train + source validation labels,source train+validation refit,C=1.0;class_weight=balanced;solver=lbfgs;max_iter=2000,"[[48, 32, 1], [2, 89, 5], [1, 12, 83]]",1.0,1.0,1.0,0.8058608058608059,0.7947530864197532,0.8006208669964129
48D,S2_train_I_internal_val_test_all,uda,mk-mmd+cdan+c-dann,bottleneck16,posthoc-sklearn-lr-on-frozen-mlp-representation,1,48,16,D:\thesis\tables\opensource_da_48_54\checkpoints\48D\S2_train_I_internal_val_test_all\bottleneck16\mlp\mk-mmd+cdan+c-dann\seed_1.pt,D:\thesis\tables\opensource_da_48_54\posthoc_lr_bottleneck16\checkpoints\48D\S2_train_I_internal_val_test_all\mk-mmd+cdan+c-dann\seed_1.joblib,source train + source validation labels,source train+validation refit,C=1.0;class_weight=balanced;solver=lbfgs;max_iter=2000,"[[48, 33, 0], [19, 68, 9], [3, 27, 66]]",0.9666666666666667,0.9444444444444445,0.9563636363636364,0.6666666666666666,0.6628086419753086,0.6716114237027447
48D,S2_train_I_internal_val_test_all,uda,mk-mmd+cdan+c-dann,bottleneck16,posthoc-sklearn-lr-on-frozen-mlp-representation,2,48,16,D:\thesis\tables\opensource_da_48_54\checkpoints\48D\S2_train_I_internal_val_test_all\bottleneck16\mlp\mk-mmd+cdan+c-dann\seed_2.pt,D:\thesis\tables\opensource_da_48_54\posthoc_lr_bottleneck16\checkpoints\48D\S2_train_I_internal_val_test_all\mk-mmd+cdan+c-dann\seed_2.joblib,source train + source validation labels,source train+validation refit,C=1.0;class_weight=balanced;solver=lbfgs;max_iter=2000,"[[33, 38, 10], [20, 69, 7], [4, 17, 75]]",1.0,1.0,1.0,0.6483516483516484,0.6358024691358025,0.6344686457544922
48D,S2_train_I_internal_val_test_all,uda,mk-mmd+cdan+c-dann,bottleneck16,posthoc-sklearn-lr-on-frozen-mlp-representation,3,48,16,D:\thesis\tables\opensource_da_48_54\checkpoints\48D\S2_train_I_internal_val_test_all\bottleneck16\mlp\mk-mmd+cdan+c-dann\seed_3.pt,D:\thesis\tables\opensource_da_48_54\posthoc_lr_bottleneck16\checkpoints\48D\S2_train_I_internal_val_test_all\mk-mmd+cdan+c-dann\seed_3.joblib,source train + source validation labels,source train+validation refit,C=1.0;class_weight=balanced;solver=lbfgs;max_iter=2000,"[[57, 24, 0], [4, 92, 0], [3, 10, 83]]",1.0,1.0,1.0,0.8498168498168498,0.8422067901234569,0.8474700090188435
48D,S2_train_I_internal_val_test_all,uda,mk-mmd+cdan+c-dann,bottleneck16,posthoc-sklearn-lr-on-frozen-mlp-representation,4,48,16,D:\thesis\tables\opensource_da_48_54\checkpoints\48D\S2_train_I_internal_val_test_all\bottleneck16\mlp\mk-mmd+cdan+c-dann\seed_4.pt,D:\thesis\tables\opensource_da_48_54\posthoc_lr_bottleneck16\checkpoints\48D\S2_train_I_internal_val_test_all\mk-mmd+cdan+c-dann\seed_4.joblib,source train + source validation labels,source train+validation refit,C=1.0;class_weight=balanced;solver=lbfgs;max_iter=2000,"[[50, 30, 1], [42, 52, 2], [27, 6, 63]]",1.0,1.0,1.0,0.6043956043956044,0.6050668724279835,0.6143317230273752
48D,S3_train_I_internal_20_10_test_all,uda,mk-mmd+c-dann,bottleneck16,posthoc-sklearn-lr-on-frozen-mlp-representation,0,48,16,D:\thesis\tables\opensource_da_48_54\checkpoints\48D\S3_train_I_internal_20_10_test_all\bottleneck16\mlp\mk-mmd+c-dann\seed_0.pt,D:\thesis\tables\opensource_da_48_54\posthoc_lr_bottleneck16\checkpoints\48D\S3_train_I_internal_20_10_test_all\mk-mmd+c-dann\seed_0.joblib,source train + source validation labels,source train+validation refit,C=1.0;class_weight=balanced;solver=lbfgs;max_iter=2000,"[[48, 33, 0], [6, 90, 0], [2, 23, 71]]",1.0,1.0,1.0,0.7655677655677655,0.7565586419753086,0.7649436603658221
48D,S3_train_I_internal_20_10_test_all,uda,mk-mmd+c-dann,bottleneck16,posthoc-sklearn-lr-on-frozen-mlp-representation,1,48,16,D:\thesis\tables\opensource_da_48_54\checkpoints\48D\S3_train_I_internal_20_10_test_all\bottleneck16\mlp\mk-mmd+c-dann\seed_1.pt,D:\thesis\tables\opensource_da_48_54\posthoc_lr_bottleneck16\checkpoints\48D\S3_train_I_internal_20_10_test_all\mk-mmd+c-dann\seed_1.joblib,source train + source validation labels,source train+validation refit,C=1.0;class_weight=balanced;solver=lbfgs;max_iter=2000,"[[60, 21, 0], [1, 95, 0], [0, 20, 76]]",1.0,1.0,1.0,0.8461538461538461,0.8406635802469135,0.8492522900030496
48D,S3_train_I_internal_20_10_test_all,uda,mk-mmd+c-dann,bottleneck16,posthoc-sklearn-lr-on-frozen-mlp-representation,2,48,16,D:\thesis\tables\opensource_da_48_54\checkpoints\48D\S3_train_I_internal_20_10_test_all\bottleneck16\mlp\mk-mmd+c-dann\seed_2.pt,D:\thesis\tables\opensource_da_48_54\posthoc_lr_bottleneck16\checkpoints\48D\S3_train_I_internal_20_10_test_all\mk-mmd+c-dann\seed_2.joblib,source train + source validation labels,source train+validation refit,C=1.0;class_weight=balanced;solver=lbfgs;max_iter=2000,"[[56, 25, 0], [2, 94, 0], [4, 24, 68]]",1.0,1.0,1.0,0.7985347985347986,0.7929526748971193,0.799698651520266
48D,S3_train_I_internal_20_10_test_all,uda,mk-mmd+c-dann,bottleneck16,posthoc-sklearn-lr-on-frozen-mlp-representation,3,48,16,D:\thesis\tables\opensource_da_48_54\checkpoints\48D\S3_train_I_internal_20_10_test_all\bottleneck16\mlp\mk-mmd+c-dann\seed_3.pt,D:\thesis\tables\opensource_da_48_54\posthoc_lr_bottleneck16\checkpoints\48D\S3_train_I_internal_20_10_test_all\mk-mmd+c-dann\seed_3.joblib,source train + source validation labels,source train+validation refit,C=1.0;class_weight=balanced;solver=lbfgs;max_iter=2000,"[[58, 21, 2], [15, 72, 9], [1, 20, 75]]",1.0,1.0,1.0,0.7509157509157509,0.7490997942386831,0.7538527120870077
48D,S3_train_I_internal_20_10_test_all,uda,mk-mmd+c-dann,bottleneck16,posthoc-sklearn-lr-on-frozen-mlp-representation,4,48,16,D:\thesis\tables\opensource_da_48_54\checkpoints\48D\S3_train_I_internal_20_10_test_all\bottleneck16\mlp\mk-mmd+c-dann\seed_4.pt,D:\thesis\tables\opensource_da_48_54\posthoc_lr_bottleneck16\checkpoints\48D\S3_train_I_internal_20_10_test_all\mk-mmd+c-dann\seed_4.joblib,source train + source validation labels,source train+validation refit,C=1.0;class_weight=balanced;solver=lbfgs;max_iter=2000,"[[55, 25, 1], [5, 91, 0], [5, 25, 66]]",1.0,1.0,1.0,0.7765567765567766,0.7714763374485596,0.7770576993019894
48D,S3_train_I_internal_20_10_test_all,uda,mk-mmd+cdan,bottleneck16,posthoc-sklearn-lr-on-frozen-mlp-representation,0,48,16,D:\thesis\tables\opensource_da_48_54\checkpoints\48D\S3_train_I_internal_20_10_test_all\bottleneck16\mlp\mk-mmd+cdan\seed_0.pt,D:\thesis\tables\opensource_da_48_54\posthoc_lr_bottleneck16\checkpoints\48D\S3_train_I_internal_20_10_test_all\mk-mmd+cdan\seed_0.joblib,source train + source validation labels,source train+validation refit,C=1.0;class_weight=balanced;solver=lbfgs;max_iter=2000,"[[46, 33, 2], [4, 92, 0], [2, 36, 58]]",1.0,1.0,1.0,0.717948717948718,0.710133744855967,0.7170907914303367
48D,S3_train_I_internal_20_10_test_all,uda,mk-mmd+cdan,bottleneck16,posthoc-sklearn-lr-on-frozen-mlp-representation,1,48,16,D:\thesis\tables\opensource_da_48_54\checkpoints\48D\S3_train_I_internal_20_10_test_all\bottleneck16\mlp\mk-mmd+cdan\seed_1.pt,D:\thesis\tables\opensource_da_48_54\posthoc_lr_bottleneck16\checkpoints\48D\S3_train_I_internal_20_10_test_all\mk-mmd+cdan\seed_1.joblib,source train + source validation labels,source train+validation refit,C=1.0;class_weight=balanced;solver=lbfgs;max_iter=2000,"[[46, 33, 2], [2, 90, 4], [0, 30, 66]]",1.0,1.0,1.0,0.73992673992674,0.7309670781893004,0.7405947155176631
48D,S3_train_I_internal_20_10_test_all,uda,mk-mmd+cdan,bottleneck16,posthoc-sklearn-lr-on-frozen-mlp-representation,2,48,16,D:\thesis\tables\opensource_da_48_54\checkpoints\48D\S3_train_I_internal_20_10_test_all\bottleneck16\mlp\mk-mmd+cdan\seed_2.pt,D:\thesis\tables\opensource_da_48_54\posthoc_lr_bottleneck16\checkpoints\48D\S3_train_I_internal_20_10_test_all\mk-mmd+cdan\seed_2.joblib,source train + source validation labels,source train+validation refit,C=1.0;class_weight=balanced;solver=lbfgs;max_iter=2000,"[[48, 33, 0], [3, 89, 4], [0, 23, 73]]",1.0,1.0,1.0,0.7692307692307693,0.7600308641975309,0.769930858243045
48D,S3_train_I_internal_20_10_test_all,uda,mk-mmd+cdan,bottleneck16,posthoc-sklearn-lr-on-frozen-mlp-representation,3,48,16,D:\thesis\tables\opensource_da_48_54\checkpoints\48D\S3_train_I_internal_20_10_test_all\bottleneck16\mlp\mk-mmd+cdan\seed_3.pt,D:\thesis\tables\opensource_da_48_54\posthoc_lr_bottleneck16\checkpoints\48D\S3_train_I_internal_20_10_test_all\mk-mmd+cdan\seed_3.joblib,source train + source validation labels,source train+validation refit,C=1.0;class_weight=balanced;solver=lbfgs;max_iter=2000,"[[54, 24, 3], [12, 62, 22], [3, 13, 80]]",1.0,1.0,1.0,0.717948717948718,0.7152777777777778,0.7173057787983161
48D,S3_train_I_internal_20_10_test_all,uda,mk-mmd+cdan,bottleneck16,posthoc-sklearn-lr-on-frozen-mlp-representation,4,48,16,D:\thesis\tables\opensource_da_48_54\checkpoints\48D\S3_train_I_internal_20_10_test_all\bottleneck16\mlp\mk-mmd+cdan\seed_4.pt,D:\thesis\tables\opensource_da_48_54\posthoc_lr_bottleneck16\checkpoints\48D\S3_train_I_internal_20_10_test_all\mk-mmd+cdan\seed_4.joblib,source train + source validation labels,source train+validation refit,C=1.0;class_weight=balanced;solver=lbfgs;max_iter=2000,"[[36, 38, 7], [14, 76, 6], [1, 24, 71]]",1.0,1.0,1.0,0.6703296703296703,0.6585648148148149,0.6613053613053612
48D,S3_train_I_internal_20_10_test_all,uda,mk-mmd+cdan+c-dann,bottleneck16,posthoc-sklearn-lr-on-frozen-mlp-representation,0,48,16,D:\thesis\tables\opensource_da_48_54\checkpoints\48D\S3_train_I_internal_20_10_test_all\bottleneck16\mlp\mk-mmd+cdan+c-dann\seed_0.pt,D:\thesis\tables\opensource_da_48_54\posthoc_lr_bottleneck16\checkpoints\48D\S3_train_I_internal_20_10_test_all\mk-mmd+cdan+c-dann\seed_0.joblib,source train + source validation labels,source train+validation refit,C=1.0;class_weight=balanced;solver=lbfgs;max_iter=2000,"[[43, 38, 0], [17, 76, 3], [3, 21, 72]]",1.0,1.0,1.0,0.6996336996336996,0.690843621399177,0.6991120477962584
48D,S3_train_I_internal_20_10_test_all,uda,mk-mmd+cdan+c-dann,bottleneck16,posthoc-sklearn-lr-on-frozen-mlp-representation,1,48,16,D:\thesis\tables\opensource_da_48_54\checkpoints\48D\S3_train_I_internal_20_10_test_all\bottleneck16\mlp\mk-mmd+cdan+c-dann\seed_1.pt,D:\thesis\tables\opensource_da_48_54\posthoc_lr_bottleneck16\checkpoints\48D\S3_train_I_internal_20_10_test_all\mk-mmd+cdan+c-dann\seed_1.joblib,source train + source validation labels,source train+validation refit,C=1.0;class_weight=balanced;solver=lbfgs;max_iter=2000,"[[63, 18, 0], [0, 95, 1], [0, 9, 87]]",1.0,1.0,1.0,0.8974358974358975,0.8912037037037037,0.8974039356468554
48D,S3_train_I_internal_20_10_test_all,uda,mk-mmd+cdan+c-dann,bottleneck16,posthoc-sklearn-lr-on-frozen-mlp-representation,2,48,16,D:\thesis\tables\opensource_da_48_54\checkpoints\48D\S3_train_I_internal_20_10_test_all\bottleneck16\mlp\mk-mmd+cdan+c-dann\seed_2.pt,D:\thesis\tables\opensource_da_48_54\posthoc_lr_bottleneck16\checkpoints\48D\S3_train_I_internal_20_10_test_all\mk-mmd+cdan+c-dann\seed_2.joblib,source train + source validation labels,source train+validation refit,C=1.0;class_weight=balanced;solver=lbfgs;max_iter=2000,"[[40, 40, 1], [32, 62, 2], [4, 25, 67]]",1.0,1.0,1.0,0.6190476190476191,0.612525720164609,0.6242789558164107
48D,S3_train_I_internal_20_10_test_all,uda,mk-mmd+cdan+c-dann,bottleneck16,posthoc-sklearn-lr-on-frozen-mlp-representation,3,48,16,D:\thesis\tables\opensource_da_48_54\checkpoints\48D\S3_train_I_internal_20_10_test_all\bottleneck16\mlp\mk-mmd+cdan+c-dann\seed_3.pt,D:\thesis\tables\opensource_da_48_54\posthoc_lr_bottleneck16\checkpoints\48D\S3_train_I_internal_20_10_test_all\mk-mmd+cdan+c-dann\seed_3.joblib,source train + source validation labels,source train+validation refit,C=1.0;class_weight=balanced;solver=lbfgs;max_iter=2000,"[[53, 27, 1], [12, 81, 3], [3, 13, 80]]",1.0,1.0,1.0,0.7838827838827839,0.7771347736625515,0.7822806878879621
48D,S3_train_I_internal_20_10_test_all,uda,mk-mmd+cdan+c-dann,bottleneck16,posthoc-sklearn-lr-on-frozen-mlp-representation,4,48,16,D:\thesis\tables\opensource_da_48_54\checkpoints\48D\S3_train_I_internal_20_10_test_all\bottleneck16\mlp\mk-mmd+cdan+c-dann\seed_4.pt,D:\thesis\tables\opensource_da_48_54\posthoc_lr_bottleneck16\checkpoints\48D\S3_train_I_internal_20_10_test_all\mk-mmd+cdan+c-dann\seed_4.joblib,source train + source validation labels,source train+validation refit,C=1.0;class_weight=balanced;solver=lbfgs;max_iter=2000,"[[52, 28, 1], [47, 38, 11], [14, 3, 79]]",1.0,1.0,1.0,0.6190476190476191,0.620241769547325,0.6138694403097071
48D,S4_train_I_val_D1_2,semi,mk-mmd+c-dann,bottleneck16,posthoc-sklearn-lr-on-frozen-mlp-representation,0,48,16,D:\thesis\tables\opensource_da_48_54\checkpoints\48D\S4_train_I_val_D1_2\bottleneck16\mlp\mk-mmd+c-dann\seed_0.pt,D:\thesis\tables\opensource_da_48_54\posthoc_lr_bottleneck16\checkpoints\48D\S4_train_I_val_D1_2\mk-mmd+c-dann\seed_0.joblib,source + labeled target,source+target labeled train+validation refit,C=1.0;class_weight=balanced;solver=lbfgs;max_iter=2000,"[[64, 9, 0], [2, 84, 0], [2, 30, 54]]",1.0,1.0,1.0,0.8244897959183674,0.827121163852607,0.8276859136881534
48D,S4_train_I_val_D1_2,semi,mk-mmd+c-dann,bottleneck16,posthoc-sklearn-lr-on-frozen-mlp-representation,1,48,16,D:\thesis\tables\opensource_da_48_54\checkpoints\48D\S4_train_I_val_D1_2\bottleneck16\mlp\mk-mmd+c-dann\seed_1.pt,D:\thesis\tables\opensource_da_48_54\posthoc_lr_bottleneck16\checkpoints\48D\S4_train_I_val_D1_2\mk-mmd+c-dann\seed_1.joblib,source + labeled target,source+target labeled train+validation refit,C=1.0;class_weight=balanced;solver=lbfgs;max_iter=2000,"[[60, 13, 0], [1, 85, 0], [1, 8, 77]]",1.0,1.0,1.0,0.9061224489795918,0.9018795794839121,0.9063636105430583
48D,S4_train_I_val_D1_2,semi,mk-mmd+c-dann,bottleneck16,posthoc-sklearn-lr-on-frozen-mlp-representation,2,48,16,D:\thesis\tables\opensource_da_48_54\checkpoints\48D\S4_train_I_val_D1_2\bottleneck16\mlp\mk-mmd+c-dann\seed_2.pt,D:\thesis\tables\opensource_da_48_54\posthoc_lr_bottleneck16\checkpoints\48D\S4_train_I_val_D1_2\mk-mmd+c-dann\seed_2.joblib,source + labeled target,source+target labeled train+validation refit,C=1.0;class_weight=balanced;solver=lbfgs;max_iter=2000,"[[65, 8, 0], [2, 84, 0], [2, 15, 69]]",1.0,1.0,1.0,0.889795918367347,0.88982690878199,0.8920939532117211
48D,S4_train_I_val_D1_2,semi,mk-mmd+c-dann,bottleneck16,posthoc-sklearn-lr-on-frozen-mlp-representation,3,48,16,D:\thesis\tables\opensource_da_48_54\checkpoints\48D\S4_train_I_val_D1_2\bottleneck16\mlp\mk-mmd+c-dann\seed_3.pt,D:\thesis\tables\opensource_da_48_54\posthoc_lr_bottleneck16\checkpoints\48D\S4_train_I_val_D1_2\mk-mmd+c-dann\seed_3.joblib,source + labeled target,source+target labeled train+validation refit,C=1.0;class_weight=balanced;solver=lbfgs;max_iter=2000,"[[62, 11, 0], [1, 85, 0], [1, 13, 72]]",1.0,1.0,1.0,0.8938775510204081,0.8916321546139959,0.8960989219697527
48D,S4_train_I_val_D1_2,semi,mk-mmd+c-dann,bottleneck16,posthoc-sklearn-lr-on-frozen-mlp-representation,4,48,16,D:\thesis\tables\opensource_da_48_54\checkpoints\48D\S4_train_I_val_D1_2\bottleneck16\mlp\mk-mmd+c-dann\seed_4.pt,D:\thesis\tables\opensource_da_48_54\posthoc_lr_bottleneck16\checkpoints\48D\S4_train_I_val_D1_2\mk-mmd+c-dann\seed_4.joblib,source + labeled target,source+target labeled train+validation refit,C=1.0;class_weight=balanced;solver=lbfgs;max_iter=2000,"[[61, 12, 0], [3, 83, 0], [4, 11, 71]]",1.0,1.0,1.0,0.8775510204081632,0.8754380375915898,0.8780967196699342
48D,S4_train_I_val_D1_2,semi,mk-mmd+cdan,bottleneck16,posthoc-sklearn-lr-on-frozen-mlp-representation,0,48,16,D:\thesis\tables\opensource_da_48_54\checkpoints\48D\S4_train_I_val_D1_2\bottleneck16\mlp\mk-mmd+cdan\seed_0.pt,D:\thesis\tables\opensource_da_48_54\posthoc_lr_bottleneck16\checkpoints\48D\S4_train_I_val_D1_2\mk-mmd+cdan\seed_0.joblib,source + labeled target,source+target labeled train+validation refit,C=1.0;class_weight=balanced;solver=lbfgs;max_iter=2000,"[[64, 8, 1], [2, 84, 0], [6, 23, 57]]",1.0,1.0,1.0,0.8367346938775511,0.8387490708293511,0.8367487276262366
48D,S4_train_I_val_D1_2,semi,mk-mmd+cdan,bottleneck16,posthoc-sklearn-lr-on-frozen-mlp-representation,1,48,16,D:\thesis\tables\opensource_da_48_54\checkpoints\48D\S4_train_I_val_D1_2\bottleneck16\mlp\mk-mmd+cdan\seed_1.pt,D:\thesis\tables\opensource_da_48_54\posthoc_lr_bottleneck16\checkpoints\48D\S4_train_I_val_D1_2\mk-mmd+cdan\seed_1.joblib,source + labeled target,source+target labeled train+validation refit,C=1.0;class_weight=balanced;solver=lbfgs;max_iter=2000,"[[55, 18, 0], [5, 81, 0], [3, 13, 70]]",1.0,1.0,1.0,0.8408163265306122,0.8364128703408729,0.8414804150098267
48D,S4_train_I_val_D1_2,semi,mk-mmd+cdan,bottleneck16,posthoc-sklearn-lr-on-frozen-mlp-representation,2,48,16,D:\thesis\tables\opensource_da_48_54\checkpoints\48D\S4_train_I_val_D1_2\bottleneck16\mlp\mk-mmd+cdan\seed_2.pt,D:\thesis\tables\opensource_da_48_54\posthoc_lr_bottleneck16\checkpoints\48D\S4_train_I_val_D1_2\mk-mmd+cdan\seed_2.joblib,source + labeled target,source+target labeled train+validation refit,C=1.0;class_weight=balanced;solver=lbfgs;max_iter=2000,"[[57, 16, 0], [2, 84, 0], [0, 16, 70]]",1.0,1.0,1.0,0.8612244897959184,0.8571731974089413,0.8642518097963642
48D,S4_train_I_val_D1_2,semi,mk-mmd+cdan,bottleneck16,posthoc-sklearn-lr-on-frozen-mlp-representation,3,48,16,D:\thesis\tables\opensource_da_48_54\checkpoints\48D\S4_train_I_val_D1_2\bottleneck16\mlp\mk-mmd+cdan\seed_3.pt,D:\thesis\tables\opensource_da_48_54\posthoc_lr_bottleneck16\checkpoints\48D\S4_train_I_val_D1_2\mk-mmd+cdan\seed_3.joblib,source + labeled target,source+target labeled train+validation refit,C=1.0;class_weight=balanced;solver=lbfgs;max_iter=2000,"[[58, 14, 1], [2, 84, 0], [0, 19, 67]]",1.0,1.0,1.0,0.8530612244897959,0.8501115004778592,0.8566321760514137
48D,S4_train_I_val_D1_2,semi,mk-mmd+cdan,bottleneck16,posthoc-sklearn-lr-on-frozen-mlp-representation,4,48,16,D:\thesis\tables\opensource_da_48_54\checkpoints\48D\S4_train_I_val_D1_2\bottleneck16\mlp\mk-mmd+cdan\seed_4.pt,D:\thesis\tables\opensource_da_48_54\posthoc_lr_bottleneck16\checkpoints\48D\S4_train_I_val_D1_2\mk-mmd+cdan\seed_4.joblib,source + labeled target,source+target labeled train+validation refit,C=1.0;class_weight=balanced;solver=lbfgs;max_iter=2000,"[[62, 11, 0], [4, 82, 0], [5, 12, 69]]",1.0,1.0,1.0,0.8693877551020408,0.8683763406605075,0.87002414507059
48D,S4_train_I_val_D1_2,semi,mk-mmd+cdan+c-dann,bottleneck16,posthoc-sklearn-lr-on-frozen-mlp-representation,0,48,16,D:\thesis\tables\opensource_da_48_54\checkpoints\48D\S4_train_I_val_D1_2\bottleneck16\mlp\mk-mmd+cdan+c-dann\seed_0.pt,D:\thesis\tables\opensource_da_48_54\posthoc_lr_bottleneck16\checkpoints\48D\S4_train_I_val_D1_2\mk-mmd+cdan+c-dann\seed_0.joblib,source + labeled target,source+target labeled train+validation refit,C=1.0;class_weight=balanced;solver=lbfgs;max_iter=2000,"[[66, 7, 0], [1, 85, 0], [1, 27, 58]]",1.0,1.0,1.0,0.8530612244897959,0.8556334289051715,0.8569980203348132
48D,S4_train_I_val_D1_2,semi,mk-mmd+cdan+c-dann,bottleneck16,posthoc-sklearn-lr-on-frozen-mlp-representation,1,48,16,D:\thesis\tables\opensource_da_48_54\checkpoints\48D\S4_train_I_val_D1_2\bottleneck16\mlp\mk-mmd+cdan+c-dann\seed_1.pt,D:\thesis\tables\opensource_da_48_54\posthoc_lr_bottleneck16\checkpoints\48D\S4_train_I_val_D1_2\mk-mmd+cdan+c-dann\seed_1.joblib,source + labeled target,source+target labeled train+validation refit,C=1.0;class_weight=balanced;solver=lbfgs;max_iter=2000,"[[61, 12, 0], [5, 80, 1], [3, 30, 53]]",1.0,1.0,1.0,0.7918367346938775,0.7940426887543804,0.7951761853170304
48D,S4_train_I_val_D1_2,semi,mk-mmd+cdan+c-dann,bottleneck16,posthoc-sklearn-lr-on-frozen-mlp-representation,2,48,16,D:\thesis\tables\opensource_da_48_54\checkpoints\48D\S4_train_I_val_D1_2\bottleneck16\mlp\mk-mmd+cdan+c-dann\seed_2.pt,D:\thesis\tables\opensource_da_48_54\posthoc_lr_bottleneck16\checkpoints\48D\S4_train_I_val_D1_2\mk-mmd+cdan+c-dann\seed_2.joblib,source + labeled target,source+target labeled train+validation refit,C=1.0;class_weight=balanced;solver=lbfgs;max_iter=2000,"[[61, 12, 0], [1, 85, 0], [2, 12, 72]]",1.0,1.0,1.0,0.889795918367347,0.8870659445683339,0.8912327419210908
48D,S4_train_I_val_D1_2,semi,mk-mmd+cdan+c-dann,bottleneck16,posthoc-sklearn-lr-on-frozen-mlp-representation,3,48,16,D:\thesis\tables\opensource_da_48_54\checkpoints\48D\S4_train_I_val_D1_2\bottleneck16\mlp\mk-mmd+cdan+c-dann\seed_3.pt,D:\thesis\tables\opensource_da_48_54\posthoc_lr_bottleneck16\checkpoints\48D\S4_train_I_val_D1_2\mk-mmd+cdan+c-dann\seed_3.joblib,source + labeled target,source+target labeled train+validation refit,C=1.0;class_weight=balanced;solver=lbfgs;max_iter=2000,"[[65, 8, 0], [0, 86, 0], [1, 22, 63]]",1.0,1.0,1.0,0.8734693877551021,0.8743230328129977,0.8774581769895399
48D,S4_train_I_val_D1_2,semi,mk-mmd+cdan+c-dann,bottleneck16,posthoc-sklearn-lr-on-frozen-mlp-representation,4,48,16,D:\thesis\tables\opensource_da_48_54\checkpoints\48D\S4_train_I_val_D1_2\bottleneck16\mlp\mk-mmd+cdan+c-dann\seed_4.pt,D:\thesis\tables\opensource_da_48_54\posthoc_lr_bottleneck16\checkpoints\48D\S4_train_I_val_D1_2\mk-mmd+cdan+c-dann\seed_4.joblib,source + labeled target,source+target labeled train+validation refit,C=1.0;class_weight=balanced;solver=lbfgs;max_iter=2000,"[[60, 12, 1], [1, 85, 0], [0, 19, 67]]",1.0,1.0,1.0,0.8653061224489796,0.8631198895614315,0.8690788055351377
48D,S5_train_I_D1_val_D2_3,semi,mk-mmd+c-dann,bottleneck16,posthoc-sklearn-lr-on-frozen-mlp-representation,0,48,16,D:\thesis\tables\opensource_da_48_54\checkpoints\48D\S5_train_I_D1_val_D2_3\bottleneck16\mlp\mk-mmd+c-dann\seed_0.pt,D:\thesis\tables\opensource_da_48_54\posthoc_lr_bottleneck16\checkpoints\48D\S5_train_I_D1_val_D2_3\mk-mmd+c-dann\seed_0.joblib,source + labeled target,source+target labeled train+validation refit,C=1.0;class_weight=balanced;solver=lbfgs;max_iter=2000,"[[61, 8, 0], [4, 77, 0], [2, 12, 67]]",1.0,1.0,1.0,0.8874458874458875,0.8872785829307569,0.8892109227535533
48D,S5_train_I_D1_val_D2_3,semi,mk-mmd+c-dann,bottleneck16,posthoc-sklearn-lr-on-frozen-mlp-representation,1,48,16,D:\thesis\tables\opensource_da_48_54\checkpoints\48D\S5_train_I_D1_val_D2_3\bottleneck16\mlp\mk-mmd+c-dann\seed_1.pt,D:\thesis\tables\opensource_da_48_54\posthoc_lr_bottleneck16\checkpoints\48D\S5_train_I_D1_val_D2_3\mk-mmd+c-dann\seed_1.joblib,source + labeled target,source+target labeled train+validation refit,C=1.0;class_weight=balanced;solver=lbfgs;max_iter=2000,"[[57, 12, 0], [0, 81, 0], [0, 14, 67]]",0.9444444444444444,0.9444444444444443,0.9392712550607287,0.8874458874458875,0.8844158167829667,0.8906231459422949
48D,S5_train_I_D1_val_D2_3,semi,mk-mmd+c-dann,bottleneck16,posthoc-sklearn-lr-on-frozen-mlp-representation,2,48,16,D:\thesis\tables\opensource_da_48_54\checkpoints\48D\S5_train_I_D1_val_D2_3\bottleneck16\mlp\mk-mmd+c-dann\seed_2.pt,D:\thesis\tables\opensource_da_48_54\posthoc_lr_bottleneck16\checkpoints\48D\S5_train_I_D1_val_D2_3\mk-mmd+c-dann\seed_2.joblib,source + labeled target,source+target labeled train+validation refit,C=1.0;class_weight=balanced;solver=lbfgs;max_iter=2000,"[[56, 13, 0], [1, 80, 0], [3, 9, 69]]",0.9583333333333334,0.95679012345679,0.9541050484446711,0.8874458874458875,0.883700125246019,0.8875113313847587
48D,S5_train_I_D1_val_D2_3,semi,mk-mmd+c-dann,bottleneck16,posthoc-sklearn-lr-on-frozen-mlp-representation,3,48,16,D:\thesis\tables\opensource_da_48_54\checkpoints\48D\S5_train_I_D1_val_D2_3\bottleneck16\mlp\mk-mmd+c-dann\seed_3.pt,D:\thesis\tables\opensource_da_48_54\posthoc_lr_bottleneck16\checkpoints\48D\S5_train_I_D1_val_D2_3\mk-mmd+c-dann\seed_3.joblib,source + labeled target,source+target labeled train+validation refit,C=1.0;class_weight=balanced;solver=lbfgs;max_iter=2000,"[[59, 10, 0], [0, 81, 0], [1, 13, 67]]",0.9444444444444444,0.9444444444444443,0.9392712550607287,0.8961038961038961,0.8940776525317587,0.8986032544172079
48D,S5_train_I_D1_val_D2_3,semi,mk-mmd+c-dann,bottleneck16,posthoc-sklearn-lr-on-frozen-mlp-representation,4,48,16,D:\thesis\tables\opensource_da_48_54\checkpoints\48D\S5_train_I_D1_val_D2_3\bottleneck16\mlp\mk-mmd+c-dann\seed_4.pt,D:\thesis\tables\opensource_da_48_54\posthoc_lr_bottleneck16\checkpoints\48D\S5_train_I_D1_val_D2_3\mk-mmd+c-dann\seed_4.joblib,source + labeled target,source+target labeled train+validation refit,C=1.0;class_weight=balanced;solver=lbfgs;max_iter=2000,"[[63, 6, 0], [2, 79, 0], [0, 15, 66]]",0.9722222222222222,0.9753086419753086,0.9696356275303644,0.9004329004329005,0.9010556450169976,0.9037286226439121
48D,S5_train_I_D1_val_D2_3,semi,mk-mmd+cdan,bottleneck16,posthoc-sklearn-lr-on-frozen-mlp-representation,0,48,16,D:\thesis\tables\opensource_da_48_54\checkpoints\48D\S5_train_I_D1_val_D2_3\bottleneck16\mlp\mk-mmd+cdan\seed_0.pt,D:\thesis\tables\opensource_da_48_54\posthoc_lr_bottleneck16\checkpoints\48D\S5_train_I_D1_val_D2_3\mk-mmd+cdan\seed_0.joblib,source + labeled target,source+target labeled train+validation refit,C=1.0;class_weight=balanced;solver=lbfgs;max_iter=2000,"[[63, 6, 0], [3, 78, 0], [2, 10, 69]]",0.9722222222222222,0.9753086419753085,0.9723560038025448,0.9090909090909091,0.9092860976918947,0.9103788668752172
48D,S5_train_I_D1_val_D2_3,semi,mk-mmd+cdan,bottleneck16,posthoc-sklearn-lr-on-frozen-mlp-representation,1,48,16,D:\thesis\tables\opensource_da_48_54\checkpoints\48D\S5_train_I_D1_val_D2_3\bottleneck16\mlp\mk-mmd+cdan\seed_1.pt,D:\thesis\tables\opensource_da_48_54\posthoc_lr_bottleneck16\checkpoints\48D\S5_train_I_D1_val_D2_3\mk-mmd+cdan\seed_1.joblib,source + labeled target,source+target labeled train+validation refit,C=1.0;class_weight=balanced;solver=lbfgs;max_iter=2000,"[[64, 5, 0], [3, 78, 0], [2, 7, 72]]",1.0,1.0,1.0,0.9264069264069265,0.9264626945786366,0.9269978014088931
48D,S5_train_I_D1_val_D2_3,semi,mk-mmd+cdan,bottleneck16,posthoc-sklearn-lr-on-frozen-mlp-representation,2,48,16,D:\thesis\tables\opensource_da_48_54\checkpoints\48D\S5_train_I_D1_val_D2_3\bottleneck16\mlp\mk-mmd+cdan\seed_2.pt,D:\thesis\tables\opensource_da_48_54\posthoc_lr_bottleneck16\checkpoints\48D\S5_train_I_D1_val_D2_3\mk-mmd+cdan\seed_2.joblib,source + labeled target,source+target labeled train+validation refit,C=1.0;class_weight=balanced;solver=lbfgs;max_iter=2000,"[[57, 12, 0], [1, 80, 0], [1, 9, 71]]",0.9722222222222222,0.9691358024691358,0.9691358024691358,0.9004329004329005,0.8967614957953122,0.9013188018122228
48D,S5_train_I_D1_val_D2_3,semi,mk-mmd+cdan,bottleneck16,posthoc-sklearn-lr-on-frozen-mlp-representation,3,48,16,D:\thesis\tables\opensource_da_48_54\checkpoints\48D\S5_train_I_D1_val_D2_3\bottleneck16\mlp\mk-mmd+cdan\seed_3.pt,D:\thesis\tables\opensource_da_48_54\posthoc_lr_bottleneck16\checkpoints\48D\S5_train_I_D1_val_D2_3\mk-mmd+cdan\seed_3.joblib,source + labeled target,source+target labeled train+validation refit,C=1.0;class_weight=balanced;solver=lbfgs;max_iter=2000,"[[65, 4, 0], [1, 80, 0], [4, 20, 57]]",1.0,1.0,1.0,0.8744588744588745,0.8777956700662015,0.8754012066492517
48D,S5_train_I_D1_val_D2_3,semi,mk-mmd+cdan,bottleneck16,posthoc-sklearn-lr-on-frozen-mlp-representation,4,48,16,D:\thesis\tables\opensource_da_48_54\checkpoints\48D\S5_train_I_D1_val_D2_3\bottleneck16\mlp\mk-mmd+cdan\seed_4.pt,D:\thesis\tables\opensource_da_48_54\posthoc_lr_bottleneck16\checkpoints\48D\S5_train_I_D1_val_D2_3\mk-mmd+cdan\seed_4.joblib,source + labeled target,source+target labeled train+validation refit,C=1.0;class_weight=balanced;solver=lbfgs;max_iter=2000,"[[58, 11, 0], [0, 81, 0], [1, 12, 68]]",0.9583333333333334,0.95679012345679,0.9541050484446711,0.8961038961038961,0.8933619609948112,0.8982257845093415
48D,S5_train_I_D1_val_D2_3,semi,mk-mmd+cdan+c-dann,bottleneck16,posthoc-sklearn-lr-on-frozen-mlp-representation,0,48,16,D:\thesis\tables\opensource_da_48_54\checkpoints\48D\S5_train_I_D1_val_D2_3\bottleneck16\mlp\mk-mmd+cdan+c-dann\seed_0.pt,D:\thesis\tables\opensource_da_48_54\posthoc_lr_bottleneck16\checkpoints\48D\S5_train_I_D1_val_D2_3\mk-mmd+cdan+c-dann\seed_0.joblib,source + labeled target,source+target labeled train+validation refit,C=1.0;class_weight=balanced;solver=lbfgs;max_iter=2000,"[[64, 5, 0], [3, 77, 1], [1, 13, 67]]",1.0,1.0,1.0,0.9004329004329005,0.9017713365539453,0.9028784761344895
48D,S5_train_I_D1_val_D2_3,semi,mk-mmd+cdan+c-dann,bottleneck16,posthoc-sklearn-lr-on-frozen-mlp-representation,1,48,16,D:\thesis\tables\opensource_da_48_54\checkpoints\48D\S5_train_I_D1_val_D2_3\bottleneck16\mlp\mk-mmd+cdan+c-dann\seed_1.pt,D:\thesis\tables\opensource_da_48_54\posthoc_lr_bottleneck16\checkpoints\48D\S5_train_I_D1_val_D2_3\mk-mmd+cdan+c-dann\seed_1.joblib,source + labeled target,source+target labeled train+validation refit,C=1.0;class_weight=balanced;solver=lbfgs;max_iter=2000,"[[58, 11, 0], [9, 72, 0], [8, 13, 60]]",1.0,1.0,1.0,0.8225108225108225,0.8234031132581857,0.8233929024588961
48D,S5_train_I_D1_val_D2_3,semi,mk-mmd+cdan+c-dann,bottleneck16,posthoc-sklearn-lr-on-frozen-mlp-representation,2,48,16,D:\thesis\tables\opensource_da_48_54\checkpoints\48D\S5_train_I_D1_val_D2_3\bottleneck16\mlp\mk-mmd+cdan+c-dann\seed_2.pt,D:\thesis\tables\opensource_da_48_54\posthoc_lr_bottleneck16\checkpoints\48D\S5_train_I_D1_val_D2_3\mk-mmd+cdan+c-dann\seed_2.joblib,source + labeled target,source+target labeled train+validation refit,C=1.0;class_weight=balanced;solver=lbfgs;max_iter=2000,"[[58, 11, 0], [4, 77, 0], [4, 4, 73]]",1.0,1.0,1.0,0.9004329004329005,0.8974771873322598,0.8991615392386105
48D,S5_train_I_D1_val_D2_3,semi,mk-mmd+cdan+c-dann,bottleneck16,posthoc-sklearn-lr-on-frozen-mlp-representation,3,48,16,D:\thesis\tables\opensource_da_48_54\checkpoints\48D\S5_train_I_D1_val_D2_3\bottleneck16\mlp\mk-mmd+cdan+c-dann\seed_3.pt,D:\thesis\tables\opensource_da_48_54\posthoc_lr_bottleneck16\checkpoints\48D\S5_train_I_D1_val_D2_3\mk-mmd+cdan+c-dann\seed_3.joblib,source + labeled target,source+target labeled train+validation refit,C=1.0;class_weight=balanced;solver=lbfgs;max_iter=2000,"[[57, 12, 0], [0, 81, 0], [2, 16, 63]]",0.9444444444444444,0.9444444444444443,0.9392712550607287,0.8701298701298701,0.8679549114331723,0.8727521929824561
48D,S5_train_I_D1_val_D2_3,semi,mk-mmd+cdan+c-dann,bottleneck16,posthoc-sklearn-lr-on-frozen-mlp-representation,4,48,16,D:\thesis\tables\opensource_da_48_54\checkpoints\48D\S5_train_I_D1_val_D2_3\bottleneck16\mlp\mk-mmd+cdan+c-dann\seed_4.pt,D:\thesis\tables\opensource_da_48_54\posthoc_lr_bottleneck16\checkpoints\48D\S5_train_I_D1_val_D2_3\mk-mmd+cdan+c-dann\seed_4.joblib,source + labeled target,source+target labeled train+validation refit,C=1.0;class_weight=balanced;solver=lbfgs;max_iter=2000,"[[61, 8, 0], [0, 81, 0], [1, 18, 62]]",0.9444444444444444,0.9444444444444443,0.9419923067721809,0.8831168831168831,0.8831633565933082,0.8867109015720352
48D,S6_train_I_D1_2_val_D3_5,semi,mk-mmd+c-dann,bottleneck16,posthoc-sklearn-lr-on-frozen-mlp-representation,0,48,16,D:\thesis\tables\opensource_da_48_54\checkpoints\48D\S6_train_I_D1_2_val_D3_5\bottleneck16\mlp\mk-mmd+c-dann\seed_0.pt,D:\thesis\tables\opensource_da_48_54\posthoc_lr_bottleneck16\checkpoints\48D\S6_train_I_D1_2_val_D3_5\mk-mmd+c-dann\seed_0.joblib,source + labeled target,source+target labeled train+validation refit,C=1.0;class_weight=balanced;solver=lbfgs;max_iter=2000,"[[59, 4, 0], [3, 68, 0], [2, 6, 63]]",1.0,1.0,1.0,0.926829268292683,0.927192786347716,0.9273946811942508
48D,S6_train_I_D1_2_val_D3_5,semi,mk-mmd+c-dann,bottleneck16,posthoc-sklearn-lr-on-frozen-mlp-representation,1,48,16,D:\thesis\tables\opensource_da_48_54\checkpoints\48D\S6_train_I_D1_2_val_D3_5\bottleneck16\mlp\mk-mmd+c-dann\seed_1.pt,D:\thesis\tables\opensource_da_48_54\posthoc_lr_bottleneck16\checkpoints\48D\S6_train_I_D1_2_val_D3_5\mk-mmd+c-dann\seed_1.joblib,source + labeled target,source+target labeled train+validation refit,C=1.0;class_weight=balanced;solver=lbfgs;max_iter=2000,"[[59, 4, 0], [0, 71, 0], [0, 7, 64]]",0.9795918367346939,0.981981981981982,0.9774074074074074,0.9463414634146341,0.9459721290707206,0.9478219460218819
48D,S6_train_I_D1_2_val_D3_5,semi,mk-mmd+c-dann,bottleneck16,posthoc-sklearn-lr-on-frozen-mlp-representation,2,48,16,D:\thesis\tables\opensource_da_48_54\checkpoints\48D\S6_train_I_D1_2_val_D3_5\bottleneck16\mlp\mk-mmd+c-dann\seed_2.pt,D:\thesis\tables\opensource_da_48_54\posthoc_lr_bottleneck16\checkpoints\48D\S6_train_I_D1_2_val_D3_5\mk-mmd+c-dann\seed_2.joblib,source + labeled target,source+target labeled train+validation refit,C=1.0;class_weight=balanced;solver=lbfgs;max_iter=2000,"[[59, 4, 0], [1, 70, 0], [1, 4, 66]]",0.9795918367346939,0.981981981981982,0.9774074074074074,0.9512195121951219,0.9506669647514717,0.9515712894323616
48D,S6_train_I_D1_2_val_D3_5,semi,mk-mmd+c-dann,bottleneck16,posthoc-sklearn-lr-on-frozen-mlp-representation,3,48,16,D:\thesis\tables\opensource_da_48_54\checkpoints\48D\S6_train_I_D1_2_val_D3_5\bottleneck16\mlp\mk-mmd+c-dann\seed_3.pt,D:\thesis\tables\opensource_da_48_54\posthoc_lr_bottleneck16\checkpoints\48D\S6_train_I_D1_2_val_D3_5\mk-mmd+c-dann\seed_3.joblib,source + labeled target,source+target labeled train+validation refit,C=1.0;class_weight=balanced;solver=lbfgs;max_iter=2000,"[[58, 5, 0], [1, 70, 0], [0, 6, 65]]",1.0,1.0,1.0,0.9414634146341463,0.9406811237797154,0.9425848855504237
48D,S6_train_I_D1_2_val_D3_5,semi,mk-mmd+c-dann,bottleneck16,posthoc-sklearn-lr-on-frozen-mlp-representation,4,48,16,D:\thesis\tables\opensource_da_48_54\checkpoints\48D\S6_train_I_D1_2_val_D3_5\bottleneck16\mlp\mk-mmd+c-dann\seed_4.pt,D:\thesis\tables\opensource_da_48_54\posthoc_lr_bottleneck16\checkpoints\48D\S6_train_I_D1_2_val_D3_5\mk-mmd+c-dann\seed_4.joblib,source + labeled target,source+target labeled train+validation refit,C=1.0;class_weight=balanced;solver=lbfgs;max_iter=2000,"[[57, 6, 0], [1, 70, 0], [2, 8, 61]]",1.0,1.0,1.0,0.9170731707317074,0.9166107757657054,0.9180991663289068
48D,S6_train_I_D1_2_val_D3_5,semi,mk-mmd+cdan,bottleneck16,posthoc-sklearn-lr-on-frozen-mlp-representation,0,48,16,D:\thesis\tables\opensource_da_48_54\checkpoints\48D\S6_train_I_D1_2_val_D3_5\bottleneck16\mlp\mk-mmd+cdan\seed_0.pt,D:\thesis\tables\opensource_da_48_54\posthoc_lr_bottleneck16\checkpoints\48D\S6_train_I_D1_2_val_D3_5\mk-mmd+cdan\seed_0.joblib,source + labeled target,source+target labeled train+validation refit,C=1.0;class_weight=balanced;solver=lbfgs;max_iter=2000,"[[59, 4, 0], [1, 70, 0], [1, 8, 62]]",1.0,1.0,1.0,0.9317073170731708,0.9318876220284671,0.9329921366773458
48D,S6_train_I_D1_2_val_D3_5,semi,mk-mmd+cdan,bottleneck16,posthoc-sklearn-lr-on-frozen-mlp-representation,1,48,16,D:\thesis\tables\opensource_da_48_54\checkpoints\48D\S6_train_I_D1_2_val_D3_5\bottleneck16\mlp\mk-mmd+cdan\seed_1.pt,D:\thesis\tables\opensource_da_48_54\posthoc_lr_bottleneck16\checkpoints\48D\S6_train_I_D1_2_val_D3_5\mk-mmd+cdan\seed_1.joblib,source + labeled target,source+target labeled train+validation refit,C=1.0;class_weight=balanced;solver=lbfgs;max_iter=2000,"[[54, 9, 0], [0, 71, 0], [0, 7, 64]]",0.9693877551020408,0.9680930930930932,0.9658932065977076,0.9219512195121952,0.9195171026156942,0.9233197494800871
48D,S6_train_I_D1_2_val_D3_5,semi,mk-mmd+cdan,bottleneck16,posthoc-sklearn-lr-on-frozen-mlp-representation,2,48,16,D:\thesis\tables\opensource_da_48_54\checkpoints\48D\S6_train_I_D1_2_val_D3_5\bottleneck16\mlp\mk-mmd+cdan\seed_2.pt,D:\thesis\tables\opensource_da_48_54\posthoc_lr_bottleneck16\checkpoints\48D\S6_train_I_D1_2_val_D3_5\mk-mmd+cdan\seed_2.joblib,source + labeled target,source+target labeled train+validation refit,C=1.0;class_weight=balanced;solver=lbfgs;max_iter=2000,"[[61, 2, 0], [1, 70, 0], [0, 3, 68]]",0.9897959183673469,0.990990990990991,0.9886310688659025,0.9707317073170731,0.9706386466949848,0.9711071252586971
48D,S6_train_I_D1_2_val_D3_5,semi,mk-mmd+cdan,bottleneck16,posthoc-sklearn-lr-on-frozen-mlp-representation,3,48,16,D:\thesis\tables\opensource_da_48_54\checkpoints\48D\S6_train_I_D1_2_val_D3_5\bottleneck16\mlp\mk-mmd+cdan\seed_3.pt,D:\thesis\tables\opensource_da_48_54\posthoc_lr_bottleneck16\checkpoints\48D\S6_train_I_D1_2_val_D3_5\mk-mmd+cdan\seed_3.joblib,source + labeled target,source+target labeled train+validation refit,C=1.0;class_weight=balanced;solver=lbfgs;max_iter=2000,"[[59, 3, 1], [1, 70, 0], [1, 12, 58]]",1.0,1.0,1.0,0.9121951219512195,0.9131082793054625,0.9137854976564653
48D,S6_train_I_D1_2_val_D3_5,semi,mk-mmd+cdan,bottleneck16,posthoc-sklearn-lr-on-frozen-mlp-representation,4,48,16,D:\thesis\tables\opensource_da_48_54\checkpoints\48D\S6_train_I_D1_2_val_D3_5\bottleneck16\mlp\mk-mmd+cdan\seed_4.pt,D:\thesis\tables\opensource_da_48_54\posthoc_lr_bottleneck16\checkpoints\48D\S6_train_I_D1_2_val_D3_5\mk-mmd+cdan\seed_4.joblib,source + labeled target,source+target labeled train+validation refit,C=1.0;class_weight=balanced;solver=lbfgs;max_iter=2000,"[[58, 5, 0], [0, 71, 0], [0, 9, 62]]",0.9795918367346939,0.981981981981982,0.9774074074074074,0.9317073170731708,0.931291452418213,0.9337549744248309
48D,S6_train_I_D1_2_val_D3_5,semi,mk-mmd+cdan+c-dann,bottleneck16,posthoc-sklearn-lr-on-frozen-mlp-representation,0,48,16,D:\thesis\tables\opensource_da_48_54\checkpoints\48D\S6_train_I_D1_2_val_D3_5\bottleneck16\mlp\mk-mmd+cdan+c-dann\seed_0.pt,D:\thesis\tables\opensource_da_48_54\posthoc_lr_bottleneck16\checkpoints\48D\S6_train_I_D1_2_val_D3_5\mk-mmd+cdan+c-dann\seed_0.joblib,source + labeled target,source+target labeled train+validation refit,C=1.0;class_weight=balanced;solver=lbfgs;max_iter=2000,"[[58, 5, 0], [2, 69, 0], [2, 8, 61]]",1.0,1.0,1.0,0.9170731707317074,0.9172069453759594,0.9180677361853832
48D,S6_train_I_D1_2_val_D3_5,semi,mk-mmd+cdan+c-dann,bottleneck16,posthoc-sklearn-lr-on-frozen-mlp-representation,1,48,16,D:\thesis\tables\opensource_da_48_54\checkpoints\48D\S6_train_I_D1_2_val_D3_5\bottleneck16\mlp\mk-mmd+cdan+c-dann\seed_1.pt,D:\thesis\tables\opensource_da_48_54\posthoc_lr_bottleneck16\checkpoints\48D\S6_train_I_D1_2_val_D3_5\mk-mmd+cdan+c-dann\seed_1.joblib,source + labeled target,source+target labeled train+validation refit,C=1.0;class_weight=balanced;solver=lbfgs;max_iter=2000,"[[53, 10, 0], [0, 71, 0], [0, 6, 65]]",0.9693877551020408,0.9680930930930932,0.9658932065977076,0.9219512195121952,0.9189209330054401,0.9228032112015474
48D,S6_train_I_D1_2_val_D3_5,semi,mk-mmd+cdan+c-dann,bottleneck16,posthoc-sklearn-lr-on-frozen-mlp-representation,2,48,16,D:\thesis\tables\opensource_da_48_54\checkpoints\48D\S6_train_I_D1_2_val_D3_5\bottleneck16\mlp\mk-mmd+cdan+c-dann\seed_2.pt,D:\thesis\tables\opensource_da_48_54\posthoc_lr_bottleneck16\checkpoints\48D\S6_train_I_D1_2_val_D3_5\mk-mmd+cdan+c-dann\seed_2.joblib,source + labeled target,source+target labeled train+validation refit,C=1.0;class_weight=balanced;solver=lbfgs;max_iter=2000,"[[58, 5, 0], [1, 70, 0], [1, 4, 66]]",1.0,1.0,1.0,0.9463414634146341,0.9453759594604665,0.9466421379542264
48D,S6_train_I_D1_2_val_D3_5,semi,mk-mmd+cdan+c-dann,bottleneck16,posthoc-sklearn-lr-on-frozen-mlp-representation,3,48,16,D:\thesis\tables\opensource_da_48_54\checkpoints\48D\S6_train_I_D1_2_val_D3_5\bottleneck16\mlp\mk-mmd+cdan+c-dann\seed_3.pt,D:\thesis\tables\opensource_da_48_54\posthoc_lr_bottleneck16\checkpoints\48D\S6_train_I_D1_2_val_D3_5\mk-mmd+cdan+c-dann\seed_3.joblib,source + labeled target,source+target labeled train+validation refit,C=1.0;class_weight=balanced;solver=lbfgs;max_iter=2000,"[[57, 6, 0], [2, 69, 0], [1, 6, 64]]",1.0,1.0,1.0,0.926829268292683,0.9260004471272077,0.9276240510943121
48D,S6_train_I_D1_2_val_D3_5,semi,mk-mmd+cdan+c-dann,bottleneck16,posthoc-sklearn-lr-on-frozen-mlp-representation,4,48,16,D:\thesis\tables\opensource_da_48_54\checkpoints\48D\S6_train_I_D1_2_val_D3_5\bottleneck16\mlp\mk-mmd+cdan+c-dann\seed_4.pt,D:\thesis\tables\opensource_da_48_54\posthoc_lr_bottleneck16\checkpoints\48D\S6_train_I_D1_2_val_D3_5\mk-mmd+cdan+c-dann\seed_4.joblib,source + labeled target,source+target labeled train+validation refit,C=1.0;class_weight=balanced;solver=lbfgs;max_iter=2000,"[[57, 6, 0], [2, 69, 0], [1, 8, 62]]",0.9897959183673469,0.990990990990991,0.9886310688659025,0.9170731707317074,0.9166107757657054,0.9184213304880826
48D,S7_train_I_D1_3_val_D4_5,semi,mk-mmd+c-dann,bottleneck16,posthoc-sklearn-lr-on-frozen-mlp-representation,0,48,16,D:\thesis\tables\opensource_da_48_54\checkpoints\48D\S7_train_I_D1_3_val_D4_5\bottleneck16\mlp\mk-mmd+c-dann\seed_0.pt,D:\thesis\tables\opensource_da_48_54\posthoc_lr_bottleneck16\checkpoints\48D\S7_train_I_D1_3_val_D4_5\mk-mmd+c-dann\seed_0.joblib,source + labeled target,source+target labeled train+validation refit,C=1.0;class_weight=balanced;solver=lbfgs;max_iter=2000,"[[59, 4, 0], [1, 70, 0], [2, 5, 64]]",1.0,1.0,1.0,0.9414634146341463,0.9412772933899695,0.9418271604938271
48D,S7_train_I_D1_3_val_D4_5,semi,mk-mmd+c-dann,bottleneck16,posthoc-sklearn-lr-on-frozen-mlp-representation,1,48,16,D:\thesis\tables\opensource_da_48_54\checkpoints\48D\S7_train_I_D1_3_val_D4_5\bottleneck16\mlp\mk-mmd+c-dann\seed_1.pt,D:\thesis\tables\opensource_da_48_54\posthoc_lr_bottleneck16\checkpoints\48D\S7_train_I_D1_3_val_D4_5\mk-mmd+c-dann\seed_1.joblib,source + labeled target,source+target labeled train+validation refit,C=1.0;class_weight=balanced;solver=lbfgs;max_iter=2000,"[[55, 8, 0], [0, 71, 0], [0, 6, 65]]",0.9591836734693877,0.9590840840840841,0.9548148148148149,0.9317073170731708,0.9295029435874507,0.9327807176760318
48D,S7_train_I_D1_3_val_D4_5,semi,mk-mmd+c-dann,bottleneck16,posthoc-sklearn-lr-on-frozen-mlp-representation,2,48,16,D:\thesis\tables\opensource_da_48_54\checkpoints\48D\S7_train_I_D1_3_val_D4_5\bottleneck16\mlp\mk-mmd+c-dann\seed_2.pt,D:\thesis\tables\opensource_da_48_54\posthoc_lr_bottleneck16\checkpoints\48D\S7_train_I_D1_3_val_D4_5\mk-mmd+c-dann\seed_2.joblib,source + labeled target,source+target labeled train+validation refit,C=1.0;class_weight=balanced;solver=lbfgs;max_iter=2000,"[[55, 8, 0], [1, 70, 0], [1, 3, 67]]",0.9693877551020408,0.9729729729729729,0.9663076498204916,0.9365853658536586,0.9341977792682018,0.9362445969997456
48D,S7_train_I_D1_3_val_D4_5,semi,mk-mmd+c-dann,bottleneck16,posthoc-sklearn-lr-on-frozen-mlp-representation,3,48,16,D:\thesis\tables\opensource_da_48_54\checkpoints\48D\S7_train_I_D1_3_val_D4_5\bottleneck16\mlp\mk-mmd+c-dann\seed_3.pt,D:\thesis\tables\opensource_da_48_54\posthoc_lr_bottleneck16\checkpoints\48D\S7_train_I_D1_3_val_D4_5\mk-mmd+c-dann\seed_3.joblib,source + labeled target,source+target labeled train+validation refit,C=1.0;class_weight=balanced;solver=lbfgs;max_iter=2000,"[[46, 17, 0], [4, 67, 0], [3, 5, 63]]",1.0,1.0,1.0,0.8585365853658536,0.8537148818838959,0.8569673185795162
48D,S7_train_I_D1_3_val_D4_5,semi,mk-mmd+c-dann,bottleneck16,posthoc-sklearn-lr-on-frozen-mlp-representation,4,48,16,D:\thesis\tables\opensource_da_48_54\checkpoints\48D\S7_train_I_D1_3_val_D4_5\bottleneck16\mlp\mk-mmd+c-dann\seed_4.pt,D:\thesis\tables\opensource_da_48_54\posthoc_lr_bottleneck16\checkpoints\48D\S7_train_I_D1_3_val_D4_5\mk-mmd+c-dann\seed_4.joblib,source + labeled target,source+target labeled train+validation refit,C=1.0;class_weight=balanced;solver=lbfgs;max_iter=2000,"[[58, 5, 0], [0, 71, 0], [0, 13, 58]]",0.9693877551020408,0.9729729729729729,0.9663076498204916,0.9121951219512195,0.9125121096952084,0.9151341640506546
48D,S7_train_I_D1_3_val_D4_5,semi,mk-mmd+cdan,bottleneck16,posthoc-sklearn-lr-on-frozen-mlp-representation,0,48,16,D:\thesis\tables\opensource_da_48_54\checkpoints\48D\S7_train_I_D1_3_val_D4_5\bottleneck16\mlp\mk-mmd+cdan\seed_0.pt,D:\thesis\tables\opensource_da_48_54\posthoc_lr_bottleneck16\checkpoints\48D\S7_train_I_D1_3_val_D4_5\mk-mmd+cdan\seed_0.joblib,source + labeled target,source+target labeled train+validation refit,C=1.0;class_weight=balanced;solver=lbfgs;max_iter=2000,"[[55, 8, 0], [2, 69, 0], [1, 4, 66]]",1.0,1.0,1.0,0.926829268292683,0.9248081079066995,0.9268297651893503
48D,S7_train_I_D1_3_val_D4_5,semi,mk-mmd+cdan,bottleneck16,posthoc-sklearn-lr-on-frozen-mlp-representation,1,48,16,D:\thesis\tables\opensource_da_48_54\checkpoints\48D\S7_train_I_D1_3_val_D4_5\bottleneck16\mlp\mk-mmd+cdan\seed_1.pt,D:\thesis\tables\opensource_da_48_54\posthoc_lr_bottleneck16\checkpoints\48D\S7_train_I_D1_3_val_D4_5\mk-mmd+cdan\seed_1.joblib,source + labeled target,source+target labeled train+validation refit,C=1.0;class_weight=balanced;solver=lbfgs;max_iter=2000,"[[56, 7, 0], [0, 71, 0], [0, 7, 64]]",0.9795918367346939,0.981981981981982,0.9774074074074074,0.9317073170731708,0.9300991131977048,0.9331936763309313
48D,S7_train_I_D1_3_val_D4_5,semi,mk-mmd+cdan,bottleneck16,posthoc-sklearn-lr-on-frozen-mlp-representation,2,48,16,D:\thesis\tables\opensource_da_48_54\checkpoints\48D\S7_train_I_D1_3_val_D4_5\bottleneck16\mlp\mk-mmd+cdan\seed_2.pt,D:\thesis\tables\opensource_da_48_54\posthoc_lr_bottleneck16\checkpoints\48D\S7_train_I_D1_3_val_D4_5\mk-mmd+cdan\seed_2.joblib,source + labeled target,source+target labeled train+validation refit,C=1.0;class_weight=balanced;solver=lbfgs;max_iter=2000,"[[56, 7, 0], [0, 71, 0], [0, 3, 68]]",0.9897959183673469,0.990990990990991,0.9886310688659025,0.9512195121951219,0.9488784559207094,0.9512680876970251
48D,S7_train_I_D1_3_val_D4_5,semi,mk-mmd+cdan,bottleneck16,posthoc-sklearn-lr-on-frozen-mlp-representation,3,48,16,D:\thesis\tables\opensource_da_48_54\checkpoints\48D\S7_train_I_D1_3_val_D4_5\bottleneck16\mlp\mk-mmd+cdan\seed_3.pt,D:\thesis\tables\opensource_da_48_54\posthoc_lr_bottleneck16\checkpoints\48D\S7_train_I_D1_3_val_D4_5\mk-mmd+cdan\seed_3.joblib,source + labeled target,source+target labeled train+validation refit,C=1.0;class_weight=balanced;solver=lbfgs;max_iter=2000,"[[58, 5, 0], [1, 70, 0], [0, 5, 66]]",1.0,1.0,1.0,0.9463414634146341,0.9453759594604665,0.947158546548993
48D,S7_train_I_D1_3_val_D4_5,semi,mk-mmd+cdan,bottleneck16,posthoc-sklearn-lr-on-frozen-mlp-representation,4,48,16,D:\thesis\tables\opensource_da_48_54\checkpoints\48D\S7_train_I_D1_3_val_D4_5\bottleneck16\mlp\mk-mmd+cdan\seed_4.pt,D:\thesis\tables\opensource_da_48_54\posthoc_lr_bottleneck16\checkpoints\48D\S7_train_I_D1_3_val_D4_5\mk-mmd+cdan\seed_4.joblib,source + labeled target,source+target labeled train+validation refit,C=1.0;class_weight=balanced;solver=lbfgs;max_iter=2000,"[[57, 6, 0], [0, 71, 0], [1, 9, 61]]",0.9897959183673469,0.990990990990991,0.9886310688659025,0.9219512195121952,0.9213056114464564,0.9236165944330391
48D,S7_train_I_D1_3_val_D4_5,semi,mk-mmd+cdan+c-dann,bottleneck16,posthoc-sklearn-lr-on-frozen-mlp-representation,0,48,16,D:\thesis\tables\opensource_da_48_54\checkpoints\48D\S7_train_I_D1_3_val_D4_5\bottleneck16\mlp\mk-mmd+cdan+c-dann\seed_0.pt,D:\thesis\tables\opensource_da_48_54\posthoc_lr_bottleneck16\checkpoints\48D\S7_train_I_D1_3_val_D4_5\mk-mmd+cdan+c-dann\seed_0.joblib,source + labeled target,source+target labeled train+validation refit,C=1.0;class_weight=balanced;solver=lbfgs;max_iter=2000,"[[56, 7, 0], [2, 69, 0], [1, 4, 66]]",0.9897959183673469,0.990990990990991,0.9886310688659025,0.9317073170731708,0.9300991131977048,0.9318145737628315
48D,S7_train_I_D1_3_val_D4_5,semi,mk-mmd+cdan+c-dann,bottleneck16,posthoc-sklearn-lr-on-frozen-mlp-representation,1,48,16,D:\thesis\tables\opensource_da_48_54\checkpoints\48D\S7_train_I_D1_3_val_D4_5\bottleneck16\mlp\mk-mmd+cdan+c-dann\seed_1.pt,D:\thesis\tables\opensource_da_48_54\posthoc_lr_bottleneck16\checkpoints\48D\S7_train_I_D1_3_val_D4_5\mk-mmd+cdan+c-dann\seed_1.joblib,source + labeled target,source+target labeled train+validation refit,C=1.0;class_weight=balanced;solver=lbfgs;max_iter=2000,"[[56, 7, 0], [0, 71, 0], [0, 8, 63]]",0.9693877551020408,0.9729729729729729,0.9663076498204916,0.926829268292683,0.9254042775169536,0.9286445255923456
48D,S7_train_I_D1_3_val_D4_5,semi,mk-mmd+cdan+c-dann,bottleneck16,posthoc-sklearn-lr-on-frozen-mlp-representation,2,48,16,D:\thesis\tables\opensource_da_48_54\checkpoints\48D\S7_train_I_D1_3_val_D4_5\bottleneck16\mlp\mk-mmd+cdan+c-dann\seed_2.pt,D:\thesis\tables\opensource_da_48_54\posthoc_lr_bottleneck16\checkpoints\48D\S7_train_I_D1_3_val_D4_5\mk-mmd+cdan+c-dann\seed_2.joblib,source + labeled target,source+target labeled train+validation refit,C=1.0;class_weight=balanced;solver=lbfgs;max_iter=2000,"[[55, 8, 0], [1, 70, 0], [0, 4, 67]]",0.9897959183673469,0.990990990990991,0.9886310688659025,0.9365853658536586,0.9341977792682018,0.9368056401304483
48D,S7_train_I_D1_3_val_D4_5,semi,mk-mmd+cdan+c-dann,bottleneck16,posthoc-sklearn-lr-on-frozen-mlp-representation,3,48,16,D:\thesis\tables\opensource_da_48_54\checkpoints\48D\S7_train_I_D1_3_val_D4_5\bottleneck16\mlp\mk-mmd+cdan+c-dann\seed_3.pt,D:\thesis\tables\opensource_da_48_54\posthoc_lr_bottleneck16\checkpoints\48D\S7_train_I_D1_3_val_D4_5\mk-mmd+cdan+c-dann\seed_3.joblib,source + labeled target,source+target labeled train+validation refit,C=1.0;class_weight=balanced;solver=lbfgs;max_iter=2000,"[[58, 5, 0], [1, 70, 0], [0, 5, 66]]",1.0,1.0,1.0,0.9463414634146341,0.9453759594604665,0.947158546548993
48D,S7_train_I_D1_3_val_D4_5,semi,mk-mmd+cdan+c-dann,bottleneck16,posthoc-sklearn-lr-on-frozen-mlp-representation,4,48,16,D:\thesis\tables\opensource_da_48_54\checkpoints\48D\S7_train_I_D1_3_val_D4_5\bottleneck16\mlp\mk-mmd+cdan+c-dann\seed_4.pt,D:\thesis\tables\opensource_da_48_54\posthoc_lr_bottleneck16\checkpoints\48D\S7_train_I_D1_3_val_D4_5\mk-mmd+cdan+c-dann\seed_4.joblib,source + labeled target,source+target labeled train+validation refit,C=1.0;class_weight=balanced;solver=lbfgs;max_iter=2000,"[[57, 6, 0], [0, 71, 0], [0, 13, 58]]",0.9591836734693877,0.9590840840840841,0.9548148148148149,0.9073170731707317,0.907221104404203,0.9104041279471007
54D,S1_train_I_test_all,uda,mk-mmd+c-dann,bottleneck16,posthoc-sklearn-lr-on-frozen-mlp-representation,0,54,16,D:\thesis\tables\opensource_da_48_54\checkpoints\54D\S1_train_I_test_all\bottleneck16\mlp\mk-mmd+c-dann\seed_0.pt,D:\thesis\tables\opensource_da_48_54\posthoc_lr_bottleneck16\checkpoints\54D\S1_train_I_test_all\mk-mmd+c-dann\seed_0.joblib,source labels only,selected checkpoint; no refit,C=1.0;class_weight=balanced;solver=lbfgs;max_iter=2000,"[[66, 15, 0], [2, 93, 1], [1, 21, 74]]",1.0,1.0,1.0,0.8534798534798534,0.8514660493827161,0.8573879142300195
54D,S1_train_I_test_all,uda,mk-mmd+c-dann,bottleneck16,posthoc-sklearn-lr-on-frozen-mlp-representation,1,54,16,D:\thesis\tables\opensource_da_48_54\checkpoints\54D\S1_train_I_test_all\bottleneck16\mlp\mk-mmd+c-dann\seed_1.pt,D:\thesis\tables\opensource_da_48_54\posthoc_lr_bottleneck16\checkpoints\54D\S1_train_I_test_all\mk-mmd+c-dann\seed_1.joblib,source labels only,selected checkpoint; no refit,C=1.0;class_weight=balanced;solver=lbfgs;max_iter=2000,"[[64, 15, 2], [2, 93, 1], [1, 40, 55]]",1.0,1.0,1.0,0.7765567765567766,0.7772633744855967,0.7804818870392641
54D,S1_train_I_test_all,uda,mk-mmd+c-dann,bottleneck16,posthoc-sklearn-lr-on-frozen-mlp-representation,2,54,16,D:\thesis\tables\opensource_da_48_54\checkpoints\54D\S1_train_I_test_all\bottleneck16\mlp\mk-mmd+c-dann\seed_2.pt,D:\thesis\tables\opensource_da_48_54\posthoc_lr_bottleneck16\checkpoints\54D\S1_train_I_test_all\mk-mmd+c-dann\seed_2.joblib,source labels only,selected checkpoint; no refit,C=1.0;class_weight=balanced;solver=lbfgs;max_iter=2000,"[[64, 15, 2], [1, 94, 1], [0, 17, 79]]",1.0,1.0,1.0,0.8681318681318682,0.8640689300411522,0.8703998750173908
54D,S1_train_I_test_all,uda,mk-mmd+c-dann,bottleneck16,posthoc-sklearn-lr-on-frozen-mlp-representation,3,54,16,D:\thesis\tables\opensource_da_48_54\checkpoints\54D\S1_train_I_test_all\bottleneck16\mlp\mk-mmd+c-dann\seed_3.pt,D:\thesis\tables\opensource_da_48_54\posthoc_lr_bottleneck16\checkpoints\54D\S1_train_I_test_all\mk-mmd+c-dann\seed_3.joblib,source labels only,selected checkpoint; no refit,C=1.0;class_weight=balanced;solver=lbfgs;max_iter=2000,"[[66, 14, 1], [2, 92, 2], [3, 17, 76]]",1.0,1.0,1.0,0.8571428571428571,0.8549382716049383,0.8590583765349447
54D,S1_train_I_test_all,uda,mk-mmd+c-dann,bottleneck16,posthoc-sklearn-lr-on-frozen-mlp-representation,4,54,16,D:\thesis\tables\opensource_da_48_54\checkpoints\54D\S1_train_I_test_all\bottleneck16\mlp\mk-mmd+c-dann\seed_4.pt,D:\thesis\tables\opensource_da_48_54\posthoc_lr_bottleneck16\checkpoints\54D\S1_train_I_test_all\mk-mmd+c-dann\seed_4.joblib,source labels only,selected checkpoint; no refit,C=1.0;class_weight=balanced;solver=lbfgs;max_iter=2000,"[[72, 9, 0], [0, 94, 2], [1, 43, 52]]",1.0,1.0,1.0,0.7985347985347986,0.8032407407407406,0.8017525908434999
54D,S1_train_I_test_all,uda,mk-mmd+cdan,bottleneck16,posthoc-sklearn-lr-on-frozen-mlp-representation,0,54,16,D:\thesis\tables\opensource_da_48_54\checkpoints\54D\S1_train_I_test_all\bottleneck16\mlp\mk-mmd+cdan\seed_0.pt,D:\thesis\tables\opensource_da_48_54\posthoc_lr_bottleneck16\checkpoints\54D\S1_train_I_test_all\mk-mmd+cdan\seed_0.joblib,source labels only,selected checkpoint; no refit,C=1.0;class_weight=balanced;solver=lbfgs;max_iter=2000,"[[67, 14, 0], [0, 94, 2], [2, 14, 80]]",1.0,1.0,1.0,0.8827838827838828,0.8798868312757202,0.8848650196428776
54D,S1_train_I_test_all,uda,mk-mmd+cdan,bottleneck16,posthoc-sklearn-lr-on-frozen-mlp-representation,1,54,16,D:\thesis\tables\opensource_da_48_54\checkpoints\54D\S1_train_I_test_all\bottleneck16\mlp\mk-mmd+cdan\seed_1.pt,D:\thesis\tables\opensource_da_48_54\posthoc_lr_bottleneck16\checkpoints\54D\S1_train_I_test_all\mk-mmd+cdan\seed_1.joblib,source labels only,selected checkpoint; no refit,C=1.0;class_weight=balanced;solver=lbfgs;max_iter=2000,"[[65, 16, 0], [2, 91, 3], [1, 19, 76]]",1.0,1.0,1.0,0.8498168498168498,0.8473508230452674,0.8536248232892527
54D,S1_train_I_test_all,uda,mk-mmd+cdan,bottleneck16,posthoc-sklearn-lr-on-frozen-mlp-representation,2,54,16,D:\thesis\tables\opensource_da_48_54\checkpoints\54D\S1_train_I_test_all\bottleneck16\mlp\mk-mmd+cdan\seed_2.pt,D:\thesis\tables\opensource_da_48_54\posthoc_lr_bottleneck16\checkpoints\54D\S1_train_I_test_all\mk-mmd+cdan\seed_2.joblib,source labels only,selected checkpoint; no refit,C=1.0;class_weight=balanced;solver=lbfgs;max_iter=2000,"[[63, 18, 0], [0, 95, 1], [5, 9, 82]]",1.0,1.0,1.0,0.8791208791208791,0.8738425925925926,0.877799444746192
54D,S1_train_I_test_all,uda,mk-mmd+cdan,bottleneck16,posthoc-sklearn-lr-on-frozen-mlp-representation,3,54,16,D:\thesis\tables\opensource_da_48_54\checkpoints\54D\S1_train_I_test_all\bottleneck16\mlp\mk-mmd+cdan\seed_3.pt,D:\thesis\tables\opensource_da_48_54\posthoc_lr_bottleneck16\checkpoints\54D\S1_train_I_test_all\mk-mmd+cdan\seed_3.joblib,source labels only,selected checkpoint; no refit,C=1.0;class_weight=balanced;solver=lbfgs;max_iter=2000,"[[68, 13, 0], [1, 92, 3], [1, 11, 84]]",1.0,1.0,1.0,0.8937728937728938,0.8909465020576132,0.895539855614254
54D,S1_train_I_test_all,uda,mk-mmd+cdan,bottleneck16,posthoc-sklearn-lr-on-frozen-mlp-representation,4,54,16,D:\thesis\tables\opensource_da_48_54\checkpoints\54D\S1_train_I_test_all\bottleneck16\mlp\mk-mmd+cdan\seed_4.pt,D:\thesis\tables\opensource_da_48_54\posthoc_lr_bottleneck16\checkpoints\54D\S1_train_I_test_all\mk-mmd+cdan\seed_4.joblib,source labels only,selected checkpoint; no refit,C=1.0;class_weight=balanced;solver=lbfgs;max_iter=2000,"[[67, 14, 0], [0, 93, 3], [0, 34, 62]]",1.0,1.0,1.0,0.8131868131868132,0.813914609053498,0.8201339557971369
54D,S1_train_I_test_all,uda,mk-mmd+cdan+c-dann,bottleneck16,posthoc-sklearn-lr-on-frozen-mlp-representation,0,54,16,D:\thesis\tables\opensource_da_48_54\checkpoints\54D\S1_train_I_test_all\bottleneck16\mlp\mk-mmd+cdan+c-dann\seed_0.pt,D:\thesis\tables\opensource_da_48_54\posthoc_lr_bottleneck16\checkpoints\54D\S1_train_I_test_all\mk-mmd+cdan+c-dann\seed_0.joblib,source labels only,selected checkpoint; no refit,C=1.0;class_weight=balanced;solver=lbfgs;max_iter=2000,"[[66, 15, 0], [2, 93, 1], [5, 11, 80]]",1.0,1.0,1.0,0.8754578754578755,0.8722993827160495,0.8754046461575039
54D,S1_train_I_test_all,uda,mk-mmd+cdan+c-dann,bottleneck16,posthoc-sklearn-lr-on-frozen-mlp-representation,1,54,16,D:\thesis\tables\opensource_da_48_54\checkpoints\54D\S1_train_I_test_all\bottleneck16\mlp\mk-mmd+cdan+c-dann\seed_1.pt,D:\thesis\tables\opensource_da_48_54\posthoc_lr_bottleneck16\checkpoints\54D\S1_train_I_test_all\mk-mmd+cdan+c-dann\seed_1.joblib,source labels only,selected checkpoint; no refit,C=1.0;class_weight=balanced;solver=lbfgs;max_iter=2000,"[[67, 13, 1], [2, 93, 1], [2, 16, 78]]",1.0,1.0,1.0,0.8717948717948718,0.8694701646090536,0.8737178643021232
54D,S1_train_I_test_all,uda,mk-mmd+cdan+c-dann,bottleneck16,posthoc-sklearn-lr-on-frozen-mlp-representation,2,54,16,D:\thesis\tables\opensource_da_48_54\checkpoints\54D\S1_train_I_test_all\bottleneck16\mlp\mk-mmd+cdan+c-dann\seed_2.pt,D:\thesis\tables\opensource_da_48_54\posthoc_lr_bottleneck16\checkpoints\54D\S1_train_I_test_all\mk-mmd+cdan+c-dann\seed_2.joblib,source labels only,selected checkpoint; no refit,C=1.0;class_weight=balanced;solver=lbfgs;max_iter=2000,"[[66, 13, 2], [0, 95, 1], [1, 24, 71]]",1.0,1.0,1.0,0.8498168498168498,0.8479938271604938,0.8535064476240947
54D,S1_train_I_test_all,uda,mk-mmd+cdan+c-dann,bottleneck16,posthoc-sklearn-lr-on-frozen-mlp-representation,3,54,16,D:\thesis\tables\opensource_da_48_54\checkpoints\54D\S1_train_I_test_all\bottleneck16\mlp\mk-mmd+cdan+c-dann\seed_3.pt,D:\thesis\tables\opensource_da_48_54\posthoc_lr_bottleneck16\checkpoints\54D\S1_train_I_test_all\mk-mmd+cdan+c-dann\seed_3.joblib,source labels only,selected checkpoint; no refit,C=1.0;class_weight=balanced;solver=lbfgs;max_iter=2000,"[[66, 14, 1], [2, 93, 1], [4, 5, 87]]",1.0,1.0,1.0,0.9010989010989011,0.8966049382716049,0.8991721359368419
54D,S1_train_I_test_all,uda,mk-mmd+cdan+c-dann,bottleneck16,posthoc-sklearn-lr-on-frozen-mlp-representation,4,54,16,D:\thesis\tables\opensource_da_48_54\checkpoints\54D\S1_train_I_test_all\bottleneck16\mlp\mk-mmd+cdan+c-dann\seed_4.pt,D:\thesis\tables\opensource_da_48_54\posthoc_lr_bottleneck16\checkpoints\54D\S1_train_I_test_all\mk-mmd+cdan+c-dann\seed_4.joblib,source labels only,selected checkpoint; no refit,C=1.0;class_weight=balanced;solver=lbfgs;max_iter=2000,"[[59, 21, 1], [1, 94, 1], [1, 29, 66]]",1.0,1.0,1.0,0.8021978021978022,0.7983539094650206,0.8063990992022596
54D,S2_train_I_internal_val_test_all,uda,mk-mmd+c-dann,bottleneck16,posthoc-sklearn-lr-on-frozen-mlp-representation,0,54,16,D:\thesis\tables\opensource_da_48_54\checkpoints\54D\S2_train_I_internal_val_test_all\bottleneck16\mlp\mk-mmd+c-dann\seed_0.pt,D:\thesis\tables\opensource_da_48_54\posthoc_lr_bottleneck16\checkpoints\54D\S2_train_I_internal_val_test_all\mk-mmd+c-dann\seed_0.joblib,source train + source validation labels,source train+validation refit,C=1.0;class_weight=balanced;solver=lbfgs;max_iter=2000,"[[68, 12, 1], [4, 92, 0], [2, 11, 83]]",1.0,1.0,1.0,0.8901098901098901,0.887474279835391,0.8905598305842917
54D,S2_train_I_internal_val_test_all,uda,mk-mmd+c-dann,bottleneck16,posthoc-sklearn-lr-on-frozen-mlp-representation,1,54,16,D:\thesis\tables\opensource_da_48_54\checkpoints\54D\S2_train_I_internal_val_test_all\bottleneck16\mlp\mk-mmd+c-dann\seed_1.pt,D:\thesis\tables\opensource_da_48_54\posthoc_lr_bottleneck16\checkpoints\54D\S2_train_I_internal_val_test_all\mk-mmd+c-dann\seed_1.joblib,source train + source validation labels,source train+validation refit,C=1.0;class_weight=balanced;solver=lbfgs;max_iter=2000,"[[65, 15, 1], [0, 95, 1], [1, 28, 67]]",1.0,1.0,1.0,0.8315018315018315,0.8299897119341564,0.8361469218612075
54D,S2_train_I_internal_val_test_all,uda,mk-mmd+c-dann,bottleneck16,posthoc-sklearn-lr-on-frozen-mlp-representation,2,54,16,D:\thesis\tables\opensource_da_48_54\checkpoints\54D\S2_train_I_internal_val_test_all\bottleneck16\mlp\mk-mmd+c-dann\seed_2.pt,D:\thesis\tables\opensource_da_48_54\posthoc_lr_bottleneck16\checkpoints\54D\S2_train_I_internal_val_test_all\mk-mmd+c-dann\seed_2.joblib,source train + source validation labels,source train+validation refit,C=1.0;class_weight=balanced;solver=lbfgs;max_iter=2000,"[[58, 23, 0], [0, 95, 1], [0, 15, 81]]",1.0,1.0,1.0,0.8571428571428571,0.8497942386831276,0.8581130189317955
54D,S2_train_I_internal_val_test_all,uda,mk-mmd+c-dann,bottleneck16,posthoc-sklearn-lr-on-frozen-mlp-representation,3,54,16,D:\thesis\tables\opensource_da_48_54\checkpoints\54D\S2_train_I_internal_val_test_all\bottleneck16\mlp\mk-mmd+c-dann\seed_3.pt,D:\thesis\tables\opensource_da_48_54\posthoc_lr_bottleneck16\checkpoints\54D\S2_train_I_internal_val_test_all\mk-mmd+c-dann\seed_3.joblib,source train + source validation labels,source train+validation refit,C=1.0;class_weight=balanced;solver=lbfgs;max_iter=2000,"[[70, 10, 1], [2, 92, 2], [6, 12, 78]]",1.0,1.0,1.0,0.8791208791208791,0.878343621399177,0.8793498510159847
54D,S2_train_I_internal_val_test_all,uda,mk-mmd+c-dann,bottleneck16,posthoc-sklearn-lr-on-frozen-mlp-representation,4,54,16,D:\thesis\tables\opensource_da_48_54\checkpoints\54D\S2_train_I_internal_val_test_all\bottleneck16\mlp\mk-mmd+c-dann\seed_4.pt,D:\thesis\tables\opensource_da_48_54\posthoc_lr_bottleneck16\checkpoints\54D\S2_train_I_internal_val_test_all\mk-mmd+c-dann\seed_4.joblib,source train + source validation labels,source train+validation refit,C=1.0;class_weight=balanced;solver=lbfgs;max_iter=2000,"[[68, 13, 0], [1, 94, 1], [3, 16, 77]]",1.0,1.0,1.0,0.8754578754578755,0.8735853909465021,0.8774646162459105
54D,S2_train_I_internal_val_test_all,uda,mk-mmd+cdan,bottleneck16,posthoc-sklearn-lr-on-frozen-mlp-representation,0,54,16,D:\thesis\tables\opensource_da_48_54\checkpoints\54D\S2_train_I_internal_val_test_all\bottleneck16\mlp\mk-mmd+cdan\seed_0.pt,D:\thesis\tables\opensource_da_48_54\posthoc_lr_bottleneck16\checkpoints\54D\S2_train_I_internal_val_test_all\mk-mmd+cdan\seed_0.joblib,source train + source validation labels,source train+validation refit,C=1.0;class_weight=balanced;solver=lbfgs;max_iter=2000,"[[67, 14, 0], [3, 93, 0], [3, 17, 76]]",1.0,1.0,1.0,0.8644688644688645,0.862525720164609,0.8664351152723245
54D,S2_train_I_internal_val_test_all,uda,mk-mmd+cdan,bottleneck16,posthoc-sklearn-lr-on-frozen-mlp-representation,1,54,16,D:\thesis\tables\opensource_da_48_54\checkpoints\54D\S2_train_I_internal_val_test_all\bottleneck16\mlp\mk-mmd+cdan\seed_1.pt,D:\thesis\tables\opensource_da_48_54\posthoc_lr_bottleneck16\checkpoints\54D\S2_train_I_internal_val_test_all\mk-mmd+cdan\seed_1.joblib,source train + source validation labels,source train+validation refit,C=1.0;class_weight=balanced;solver=lbfgs;max_iter=2000,"[[64, 15, 2], [1, 93, 2], [1, 17, 78]]",1.0,1.0,1.0,0.8608058608058609,0.8571244855967078,0.8629272509925895
54D,S2_train_I_internal_val_test_all,uda,mk-mmd+cdan,bottleneck16,posthoc-sklearn-lr-on-frozen-mlp-representation,2,54,16,D:\thesis\tables\opensource_da_48_54\checkpoints\54D\S2_train_I_internal_val_test_all\bottleneck16\mlp\mk-mmd+cdan\seed_2.pt,D:\thesis\tables\opensource_da_48_54\posthoc_lr_bottleneck16\checkpoints\54D\S2_train_I_internal_val_test_all\mk-mmd+cdan\seed_2.joblib,source train + source validation labels,source train+validation refit,C=1.0;class_weight=balanced;solver=lbfgs;max_iter=2000,"[[70, 9, 2], [2, 93, 1], [0, 10, 86]]",1.0,1.0,1.0,0.9120879120879121,0.909593621399177,0.9129977262330203
54D,S2_train_I_internal_val_test_all,uda,mk-mmd+cdan,bottleneck16,posthoc-sklearn-lr-on-frozen-mlp-representation,3,54,16,D:\thesis\tables\opensource_da_48_54\checkpoints\54D\S2_train_I_internal_val_test_all\bottleneck16\mlp\mk-mmd+cdan\seed_3.pt,D:\thesis\tables\opensource_da_48_54\posthoc_lr_bottleneck16\checkpoints\54D\S2_train_I_internal_val_test_all\mk-mmd+cdan\seed_3.joblib,source train + source validation labels,source train+validation refit,C=1.0;class_weight=balanced;solver=lbfgs;max_iter=2000,"[[67, 12, 2], [1, 94, 1], [1, 13, 82]]",1.0,1.0,1.0,0.8901098901098901,0.8868312757201645,0.8912764286835982
54D,S2_train_I_internal_val_test_all,uda,mk-mmd+cdan,bottleneck16,posthoc-sklearn-lr-on-frozen-mlp-representation,4,54,16,D:\thesis\tables\opensource_da_48_54\checkpoints\54D\S2_train_I_internal_val_test_all\bottleneck16\mlp\mk-mmd+cdan\seed_4.pt,D:\thesis\tables\opensource_da_48_54\posthoc_lr_bottleneck16\checkpoints\54D\S2_train_I_internal_val_test_all\mk-mmd+cdan\seed_4.joblib,source train + source validation labels,source train+validation refit,C=1.0;class_weight=balanced;solver=lbfgs;max_iter=2000,"[[72, 8, 1], [3, 92, 1], [0, 4, 92]]",1.0,1.0,1.0,0.9377289377289377,0.9351851851851852,0.937165991902834
54D,S2_train_I_internal_val_test_all,uda,mk-mmd+cdan+c-dann,bottleneck16,posthoc-sklearn-lr-on-frozen-mlp-representation,0,54,16,D:\thesis\tables\opensource_da_48_54\checkpoints\54D\S2_train_I_internal_val_test_all\bottleneck16\mlp\mk-mmd+cdan+c-dann\seed_0.pt,D:\thesis\tables\opensource_da_48_54\posthoc_lr_bottleneck16\checkpoints\54D\S2_train_I_internal_val_test_all\mk-mmd+cdan+c-dann\seed_0.joblib,source train + source validation labels,source train+validation refit,C=1.0;class_weight=balanced;solver=lbfgs;max_iter=2000,"[[63, 18, 0], [0, 95, 1], [1, 13, 82]]",1.0,1.0,1.0,0.8791208791208791,0.8738425925925926,0.880340830138557
54D,S2_train_I_internal_val_test_all,uda,mk-mmd+cdan+c-dann,bottleneck16,posthoc-sklearn-lr-on-frozen-mlp-representation,1,54,16,D:\thesis\tables\opensource_da_48_54\checkpoints\54D\S2_train_I_internal_val_test_all\bottleneck16\mlp\mk-mmd+cdan+c-dann\seed_1.pt,D:\thesis\tables\opensource_da_48_54\posthoc_lr_bottleneck16\checkpoints\54D\S2_train_I_internal_val_test_all\mk-mmd+cdan+c-dann\seed_1.joblib,source train + source validation labels,source train+validation refit,C=1.0;class_weight=balanced;solver=lbfgs;max_iter=2000,"[[66, 15, 0], [2, 93, 1], [6, 17, 73]]",1.0,1.0,1.0,0.8498168498168498,0.8479938271604938,0.8506884639711965
54D,S2_train_I_internal_val_test_all,uda,mk-mmd+cdan+c-dann,bottleneck16,posthoc-sklearn-lr-on-frozen-mlp-representation,2,54,16,D:\thesis\tables\opensource_da_48_54\checkpoints\54D\S2_train_I_internal_val_test_all\bottleneck16\mlp\mk-mmd+cdan+c-dann\seed_2.pt,D:\thesis\tables\opensource_da_48_54\posthoc_lr_bottleneck16\checkpoints\54D\S2_train_I_internal_val_test_all\mk-mmd+cdan+c-dann\seed_2.joblib,source train + source validation labels,source train+validation refit,C=1.0;class_weight=balanced;solver=lbfgs;max_iter=2000,"[[66, 15, 0], [2, 94, 0], [1, 15, 80]]",1.0,1.0,1.0,0.8791208791208791,0.8757716049382717,0.8812121212121212
54D,S2_train_I_internal_val_test_all,uda,mk-mmd+cdan+c-dann,bottleneck16,posthoc-sklearn-lr-on-frozen-mlp-representation,3,54,16,D:\thesis\tables\opensource_da_48_54\checkpoints\54D\S2_train_I_internal_val_test_all\bottleneck16\mlp\mk-mmd+cdan+c-dann\seed_3.pt,D:\thesis\tables\opensource_da_48_54\posthoc_lr_bottleneck16\checkpoints\54D\S2_train_I_internal_val_test_all\mk-mmd+cdan+c-dann\seed_3.joblib,source train + source validation labels,source train+validation refit,C=1.0;class_weight=balanced;solver=lbfgs;max_iter=2000,"[[70, 11, 0], [2, 92, 2], [0, 5, 91]]",1.0,1.0,1.0,0.9267399267399268,0.9234825102880658,0.9266521423384169
54D,S2_train_I_internal_val_test_all,uda,mk-mmd+cdan+c-dann,bottleneck16,posthoc-sklearn-lr-on-frozen-mlp-representation,4,54,16,D:\thesis\tables\opensource_da_48_54\checkpoints\54D\S2_train_I_internal_val_test_all\bottleneck16\mlp\mk-mmd+cdan+c-dann\seed_4.pt,D:\thesis\tables\opensource_da_48_54\posthoc_lr_bottleneck16\checkpoints\54D\S2_train_I_internal_val_test_all\mk-mmd+cdan+c-dann\seed_4.joblib,source train + source validation labels,source train+validation refit,C=1.0;class_weight=balanced;solver=lbfgs;max_iter=2000,"[[65, 16, 0], [2, 94, 0], [3, 14, 79]]",1.0,1.0,1.0,0.8717948717948718,0.8681841563786007,0.8727765832401593
54D,S3_train_I_internal_20_10_test_all,uda,mk-mmd+c-dann,bottleneck16,posthoc-sklearn-lr-on-frozen-mlp-representation,0,54,16,D:\thesis\tables\opensource_da_48_54\checkpoints\54D\S3_train_I_internal_20_10_test_all\bottleneck16\mlp\mk-mmd+c-dann\seed_0.pt,D:\thesis\tables\opensource_da_48_54\posthoc_lr_bottleneck16\checkpoints\54D\S3_train_I_internal_20_10_test_all\mk-mmd+c-dann\seed_0.joblib,source train + source validation labels,source train+validation refit,C=1.0;class_weight=balanced;solver=lbfgs;max_iter=2000,"[[68, 13, 0], [1, 94, 1], [4, 10, 82]]",1.0,1.0,1.0,0.8937728937728938,0.8909465020576132,0.8939823694721798
54D,S3_train_I_internal_20_10_test_all,uda,mk-mmd+c-dann,bottleneck16,posthoc-sklearn-lr-on-frozen-mlp-representation,1,54,16,D:\thesis\tables\opensource_da_48_54\checkpoints\54D\S3_train_I_internal_20_10_test_all\bottleneck16\mlp\mk-mmd+c-dann\seed_1.pt,D:\thesis\tables\opensource_da_48_54\posthoc_lr_bottleneck16\checkpoints\54D\S3_train_I_internal_20_10_test_all\mk-mmd+c-dann\seed_1.joblib,source train + source validation labels,source train+validation refit,C=1.0;class_weight=balanced;solver=lbfgs;max_iter=2000,"[[66, 15, 0], [0, 95, 1], [1, 18, 77]]",1.0,1.0,1.0,0.8717948717948718,0.8688271604938271,0.8750545496235151
54D,S3_train_I_internal_20_10_test_all,uda,mk-mmd+c-dann,bottleneck16,posthoc-sklearn-lr-on-frozen-mlp-representation,2,54,16,D:\thesis\tables\opensource_da_48_54\checkpoints\54D\S3_train_I_internal_20_10_test_all\bottleneck16\mlp\mk-mmd+c-dann\seed_2.pt,D:\thesis\tables\opensource_da_48_54\posthoc_lr_bottleneck16\checkpoints\54D\S3_train_I_internal_20_10_test_all\mk-mmd+c-dann\seed_2.joblib,source train + source validation labels,source train+validation refit,C=1.0;class_weight=balanced;solver=lbfgs;max_iter=2000,"[[65, 16, 0], [0, 94, 2], [1, 24, 71]]",1.0,1.0,1.0,0.8424908424908425,0.840406378600823,0.8473272440783192
54D,S3_train_I_internal_20_10_test_all,uda,mk-mmd+c-dann,bottleneck16,posthoc-sklearn-lr-on-frozen-mlp-representation,3,54,16,D:\thesis\tables\opensource_da_48_54\checkpoints\54D\S3_train_I_internal_20_10_test_all\bottleneck16\mlp\mk-mmd+c-dann\seed_3.pt,D:\thesis\tables\opensource_da_48_54\posthoc_lr_bottleneck16\checkpoints\54D\S3_train_I_internal_20_10_test_all\mk-mmd+c-dann\seed_3.joblib,source train + source validation labels,source train+validation refit,C=1.0;class_weight=balanced;solver=lbfgs;max_iter=2000,"[[67, 14, 0], [1, 94, 1], [5, 15, 76]]",1.0,1.0,1.0,0.8681318681318682,0.8659979423868313,0.8690633584924502
54D,S3_train_I_internal_20_10_test_all,uda,mk-mmd+c-dann,bottleneck16,posthoc-sklearn-lr-on-frozen-mlp-representation,4,54,16,D:\thesis\tables\opensource_da_48_54\checkpoints\54D\S3_train_I_internal_20_10_test_all\bottleneck16\mlp\mk-mmd+c-dann\seed_4.pt,D:\thesis\tables\opensource_da_48_54\posthoc_lr_bottleneck16\checkpoints\54D\S3_train_I_internal_20_10_test_all\mk-mmd+c-dann\seed_4.joblib,source train + source validation labels,source train+validation refit,C=1.0;class_weight=balanced;solver=lbfgs;max_iter=2000,"[[66, 14, 1], [2, 93, 1], [0, 21, 75]]",1.0,1.0,1.0,0.8571428571428571,0.8549382716049383,0.8611050687489955
54D,S3_train_I_internal_20_10_test_all,uda,mk-mmd+cdan,bottleneck16,posthoc-sklearn-lr-on-frozen-mlp-representation,0,54,16,D:\thesis\tables\opensource_da_48_54\checkpoints\54D\S3_train_I_internal_20_10_test_all\bottleneck16\mlp\mk-mmd+cdan\seed_0.pt,D:\thesis\tables\opensource_da_48_54\posthoc_lr_bottleneck16\checkpoints\54D\S3_train_I_internal_20_10_test_all\mk-mmd+cdan\seed_0.joblib,source train + source validation labels,source train+validation refit,C=1.0;class_weight=balanced;solver=lbfgs;max_iter=2000,"[[68, 12, 1], [1, 95, 0], [1, 40, 55]]",1.0,1.0,1.0,0.7985347985347986,0.8006687242798353,0.8020798220990571
54D,S3_train_I_internal_20_10_test_all,uda,mk-mmd+cdan,bottleneck16,posthoc-sklearn-lr-on-frozen-mlp-representation,1,54,16,D:\thesis\tables\opensource_da_48_54\checkpoints\54D\S3_train_I_internal_20_10_test_all\bottleneck16\mlp\mk-mmd+cdan\seed_1.pt,D:\thesis\tables\opensource_da_48_54\posthoc_lr_bottleneck16\checkpoints\54D\S3_train_I_internal_20_10_test_all\mk-mmd+cdan\seed_1.joblib,source train + source validation labels,source train+validation refit,C=1.0;class_weight=balanced;solver=lbfgs;max_iter=2000,"[[67, 14, 0], [0, 95, 1], [1, 14, 81]]",1.0,1.0,1.0,0.8901098901098901,0.8868312757201645,0.8923403757622544
54D,S3_train_I_internal_20_10_test_all,uda,mk-mmd+cdan,bottleneck16,posthoc-sklearn-lr-on-frozen-mlp-representation,2,54,16,D:\thesis\tables\opensource_da_48_54\checkpoints\54D\S3_train_I_internal_20_10_test_all\bottleneck16\mlp\mk-mmd+cdan\seed_2.pt,D:\thesis\tables\opensource_da_48_54\posthoc_lr_bottleneck16\checkpoints\54D\S3_train_I_internal_20_10_test_all\mk-mmd+cdan\seed_2.joblib,source train + source validation labels,source train+validation refit,C=1.0;class_weight=balanced;solver=lbfgs;max_iter=2000,"[[64, 15, 2], [1, 95, 0], [1, 6, 89]]",1.0,1.0,1.0,0.9084249084249084,0.9022633744855968,0.906282124056026
54D,S3_train_I_internal_20_10_test_all,uda,mk-mmd+cdan,bottleneck16,posthoc-sklearn-lr-on-frozen-mlp-representation,3,54,16,D:\thesis\tables\opensource_da_48_54\checkpoints\54D\S3_train_I_internal_20_10_test_all\bottleneck16\mlp\mk-mmd+cdan\seed_3.pt,D:\thesis\tables\opensource_da_48_54\posthoc_lr_bottleneck16\checkpoints\54D\S3_train_I_internal_20_10_test_all\mk-mmd+cdan\seed_3.joblib,source train + source validation labels,source train+validation refit,C=1.0;class_weight=balanced;solver=lbfgs;max_iter=2000,"[[69, 11, 1], [2, 92, 2], [1, 27, 68]]",1.0,1.0,1.0,0.8388278388278388,0.8395061728395062,0.8434971112780513
54D,S3_train_I_internal_20_10_test_all,uda,mk-mmd+cdan,bottleneck16,posthoc-sklearn-lr-on-frozen-mlp-representation,4,54,16,D:\thesis\tables\opensource_da_48_54\checkpoints\54D\S3_train_I_internal_20_10_test_all\bottleneck16\mlp\mk-mmd+cdan\seed_4.pt,D:\thesis\tables\opensource_da_48_54\posthoc_lr_bottleneck16\checkpoints\54D\S3_train_I_internal_20_10_test_all\mk-mmd+cdan\seed_4.joblib,source train + source validation labels,source train+validation refit,C=1.0;class_weight=balanced;solver=lbfgs;max_iter=2000,"[[73, 8, 0], [2, 93, 1], [1, 27, 68]]",1.0,1.0,1.0,0.8571428571428571,0.8594393004115227,0.8615119576106838
54D,S3_train_I_internal_20_10_test_all,uda,mk-mmd+cdan+c-dann,bottleneck16,posthoc-sklearn-lr-on-frozen-mlp-representation,0,54,16,D:\thesis\tables\opensource_da_48_54\checkpoints\54D\S3_train_I_internal_20_10_test_all\bottleneck16\mlp\mk-mmd+cdan+c-dann\seed_0.pt,D:\thesis\tables\opensource_da_48_54\posthoc_lr_bottleneck16\checkpoints\54D\S3_train_I_internal_20_10_test_all\mk-mmd+cdan+c-dann\seed_0.joblib,source train + source validation labels,source train+validation refit,C=1.0;class_weight=balanced;solver=lbfgs;max_iter=2000,"[[65, 16, 0], [2, 94, 0], [1, 23, 72]]",1.0,1.0,1.0,0.8461538461538461,0.8438786008230452,0.8501955924364412
54D,S3_train_I_internal_20_10_test_all,uda,mk-mmd+cdan+c-dann,bottleneck16,posthoc-sklearn-lr-on-frozen-mlp-representation,1,54,16,D:\thesis\tables\opensource_da_48_54\checkpoints\54D\S3_train_I_internal_20_10_test_all\bottleneck16\mlp\mk-mmd+cdan+c-dann\seed_1.pt,D:\thesis\tables\opensource_da_48_54\posthoc_lr_bottleneck16\checkpoints\54D\S3_train_I_internal_20_10_test_all\mk-mmd+cdan+c-dann\seed_1.joblib,source train + source validation labels,source train+validation refit,C=1.0;class_weight=balanced;solver=lbfgs;max_iter=2000,"[[69, 12, 0], [0, 95, 1], [1, 32, 63]]",1.0,1.0,1.0,0.8315018315018315,0.8325617283950617,0.8366393076886948
54D,S3_train_I_internal_20_10_test_all,uda,mk-mmd+cdan+c-dann,bottleneck16,posthoc-sklearn-lr-on-frozen-mlp-representation,2,54,16,D:\thesis\tables\opensource_da_48_54\checkpoints\54D\S3_train_I_internal_20_10_test_all\bottleneck16\mlp\mk-mmd+cdan+c-dann\seed_2.pt,D:\thesis\tables\opensource_da_48_54\posthoc_lr_bottleneck16\checkpoints\54D\S3_train_I_internal_20_10_test_all\mk-mmd+cdan+c-dann\seed_2.joblib,source train + source validation labels,source train+validation refit,C=1.0;class_weight=balanced;solver=lbfgs;max_iter=2000,"[[64, 17, 0], [1, 94, 1], [0, 39, 57]]",1.0,1.0,1.0,0.7875457875457875,0.7876800411522633,0.7937332371010953
54D,S3_train_I_internal_20_10_test_all,uda,mk-mmd+cdan+c-dann,bottleneck16,posthoc-sklearn-lr-on-frozen-mlp-representation,3,54,16,D:\thesis\tables\opensource_da_48_54\checkpoints\54D\S3_train_I_internal_20_10_test_all\bottleneck16\mlp\mk-mmd+cdan+c-dann\seed_3.pt,D:\thesis\tables\opensource_da_48_54\posthoc_lr_bottleneck16\checkpoints\54D\S3_train_I_internal_20_10_test_all\mk-mmd+cdan+c-dann\seed_3.joblib,source train + source validation labels,source train+validation refit,C=1.0;class_weight=balanced;solver=lbfgs;max_iter=2000,"[[65, 14, 2], [1, 94, 1], [0, 53, 43]]",1.0,1.0,1.0,0.73992673992674,0.7431841563786007,0.7405016846803755
54D,S3_train_I_internal_20_10_test_all,uda,mk-mmd+cdan+c-dann,bottleneck16,posthoc-sklearn-lr-on-frozen-mlp-representation,4,54,16,D:\thesis\tables\opensource_da_48_54\checkpoints\54D\S3_train_I_internal_20_10_test_all\bottleneck16\mlp\mk-mmd+cdan+c-dann\seed_4.pt,D:\thesis\tables\opensource_da_48_54\posthoc_lr_bottleneck16\checkpoints\54D\S3_train_I_internal_20_10_test_all\mk-mmd+cdan+c-dann\seed_4.joblib,source train + source validation labels,source train+validation refit,C=1.0;class_weight=balanced;solver=lbfgs;max_iter=2000,"[[66, 15, 0], [0, 95, 1], [0, 21, 75]]",1.0,1.0,1.0,0.8644688644688645,0.8618827160493826,0.8690188707385422
54D,S4_train_I_val_D1_2,semi,mk-mmd+c-dann,bottleneck16,posthoc-sklearn-lr-on-frozen-mlp-representation,0,54,16,D:\thesis\tables\opensource_da_48_54\checkpoints\54D\S4_train_I_val_D1_2\bottleneck16\mlp\mk-mmd+c-dann\seed_0.pt,D:\thesis\tables\opensource_da_48_54\posthoc_lr_bottleneck16\checkpoints\54D\S4_train_I_val_D1_2\mk-mmd+c-dann\seed_0.joblib,source + labeled target,source+target labeled train+validation refit,C=1.0;class_weight=balanced;solver=lbfgs;max_iter=2000,"[[65, 8, 0], [0, 85, 1], [1, 7, 78]]",1.0,1.0,1.0,0.9306122448979591,0.9285865987044706,0.9315616128797841
54D,S4_train_I_val_D1_2,semi,mk-mmd+c-dann,bottleneck16,posthoc-sklearn-lr-on-frozen-mlp-representation,1,54,16,D:\thesis\tables\opensource_da_48_54\checkpoints\54D\S4_train_I_val_D1_2\bottleneck16\mlp\mk-mmd+c-dann\seed_1.pt,D:\thesis\tables\opensource_da_48_54\posthoc_lr_bottleneck16\checkpoints\54D\S4_train_I_val_D1_2\mk-mmd+c-dann\seed_1.joblib,source + labeled target,source+target labeled train+validation refit,C=1.0;class_weight=balanced;solver=lbfgs;max_iter=2000,"[[64, 7, 2], [0, 85, 1], [2, 20, 64]]",1.0,1.0,1.0,0.8693877551020408,0.8697568227673357,0.8720168250426398
54D,S4_train_I_val_D1_2,semi,mk-mmd+c-dann,bottleneck16,posthoc-sklearn-lr-on-frozen-mlp-representation,2,54,16,D:\thesis\tables\opensource_da_48_54\checkpoints\54D\S4_train_I_val_D1_2\bottleneck16\mlp\mk-mmd+c-dann\seed_2.pt,D:\thesis\tables\opensource_da_48_54\posthoc_lr_bottleneck16\checkpoints\54D\S4_train_I_val_D1_2\mk-mmd+c-dann\seed_2.joblib,source + labeled target,source+target labeled train+validation refit,C=1.0;class_weight=balanced;solver=lbfgs;max_iter=2000,"[[63, 10, 0], [2, 83, 1], [3, 12, 71]]",1.0,1.0,1.0,0.8857142857142857,0.8845704576829139,0.8871537153785881
54D,S4_train_I_val_D1_2,semi,mk-mmd+c-dann,bottleneck16,posthoc-sklearn-lr-on-frozen-mlp-representation,3,54,16,D:\thesis\tables\opensource_da_48_54\checkpoints\54D\S4_train_I_val_D1_2\bottleneck16\mlp\mk-mmd+c-dann\seed_3.pt,D:\thesis\tables\opensource_da_48_54\posthoc_lr_bottleneck16\checkpoints\54D\S4_train_I_val_D1_2\mk-mmd+c-dann\seed_3.joblib,source + labeled target,source+target labeled train+validation refit,C=1.0;class_weight=balanced;solver=lbfgs;max_iter=2000,"[[66, 7, 0], [0, 86, 0], [1, 16, 69]]",1.0,1.0,1.0,0.9020408163265307,0.9021450568121483,0.9050770018511954
54D,S4_train_I_val_D1_2,semi,mk-mmd+c-dann,bottleneck16,posthoc-sklearn-lr-on-frozen-mlp-representation,4,54,16,D:\thesis\tables\opensource_da_48_54\checkpoints\54D\S4_train_I_val_D1_2\bottleneck16\mlp\mk-mmd+c-dann\seed_4.pt,D:\thesis\tables\opensource_da_48_54\posthoc_lr_bottleneck16\checkpoints\54D\S4_train_I_val_D1_2\mk-mmd+c-dann\seed_4.joblib,source + labeled target,source+target labeled train+validation refit,C=1.0;class_weight=balanced;solver=lbfgs;max_iter=2000,"[[70, 3, 0], [0, 85, 1], [1, 10, 75]]",1.0,1.0,1.0,0.9387755102040817,0.9397897419560369,0.9406870638754697
54D,S4_train_I_val_D1_2,semi,mk-mmd+cdan,bottleneck16,posthoc-sklearn-lr-on-frozen-mlp-representation,0,54,16,D:\thesis\tables\opensource_da_48_54\checkpoints\54D\S4_train_I_val_D1_2\bottleneck16\mlp\mk-mmd+cdan\seed_0.pt,D:\thesis\tables\opensource_da_48_54\posthoc_lr_bottleneck16\checkpoints\54D\S4_train_I_val_D1_2\mk-mmd+cdan\seed_0.joblib,source + labeled target,source+target labeled train+validation refit,C=1.0;class_weight=balanced;solver=lbfgs;max_iter=2000,"[[64, 9, 0], [0, 86, 0], [0, 14, 72]]",1.0,1.0,1.0,0.9061224489795918,0.9046405436975683,0.9092500854858795
54D,S4_train_I_val_D1_2,semi,mk-mmd+cdan,bottleneck16,posthoc-sklearn-lr-on-frozen-mlp-representation,1,54,16,D:\thesis\tables\opensource_da_48_54\checkpoints\54D\S4_train_I_val_D1_2\bottleneck16\mlp\mk-mmd+cdan\seed_1.pt,D:\thesis\tables\opensource_da_48_54\posthoc_lr_bottleneck16\checkpoints\54D\S4_train_I_val_D1_2\mk-mmd+cdan\seed_1.joblib,source + labeled target,source+target labeled train+validation refit,C=1.0;class_weight=balanced;solver=lbfgs;max_iter=2000,"[[66, 5, 2], [0, 85, 1], [0, 8, 78]]",1.0,1.0,1.0,0.9346938775510204,0.9331528087501327,0.9358950225916637
54D,S4_train_I_val_D1_2,semi,mk-mmd+cdan,bottleneck16,posthoc-sklearn-lr-on-frozen-mlp-representation,2,54,16,D:\thesis\tables\opensource_da_48_54\checkpoints\54D\S4_train_I_val_D1_2\bottleneck16\mlp\mk-mmd+cdan\seed_2.pt,D:\thesis\tables\opensource_da_48_54\posthoc_lr_bottleneck16\checkpoints\54D\S4_train_I_val_D1_2\mk-mmd+cdan\seed_2.joblib,source + labeled target,source+target labeled train+validation refit,C=1.0;class_weight=balanced;solver=lbfgs;max_iter=2000,"[[63, 10, 0], [0, 85, 1], [0, 11, 75]]",1.0,1.0,1.0,0.9102040816326531,0.9078262716364023,0.9126043936092957
54D,S4_train_I_val_D1_2,semi,mk-mmd+cdan,bottleneck16,posthoc-sklearn-lr-on-frozen-mlp-representation,3,54,16,D:\thesis\tables\opensource_da_48_54\checkpoints\54D\S4_train_I_val_D1_2\bottleneck16\mlp\mk-mmd+cdan\seed_3.pt,D:\thesis\tables\opensource_da_48_54\posthoc_lr_bottleneck16\checkpoints\54D\S4_train_I_val_D1_2\mk-mmd+cdan\seed_3.joblib,source + labeled target,source+target labeled train+validation refit,C=1.0;class_weight=balanced;solver=lbfgs;max_iter=2000,"[[66, 6, 1], [0, 85, 1], [0, 11, 75]]",1.0,1.0,1.0,0.9224489795918367,0.9215249017733885,0.9247136685639088
54D,S4_train_I_val_D1_2,semi,mk-mmd+cdan,bottleneck16,posthoc-sklearn-lr-on-frozen-mlp-representation,4,54,16,D:\thesis\tables\opensource_da_48_54\checkpoints\54D\S4_train_I_val_D1_2\bottleneck16\mlp\mk-mmd+cdan\seed_4.pt,D:\thesis\tables\opensource_da_48_54\posthoc_lr_bottleneck16\checkpoints\54D\S4_train_I_val_D1_2\mk-mmd+cdan\seed_4.joblib,source + labeled target,source+target labeled train+validation refit,C=1.0;class_weight=balanced;solver=lbfgs;max_iter=2000,"[[67, 6, 0], [0, 85, 1], [1, 14, 71]]",1.0,1.0,1.0,0.9102040816326531,0.9105872358500585,0.9130470477217368
54D,S4_train_I_val_D1_2,semi,mk-mmd+cdan+c-dann,bottleneck16,posthoc-sklearn-lr-on-frozen-mlp-representation,0,54,16,D:\thesis\tables\opensource_da_48_54\checkpoints\54D\S4_train_I_val_D1_2\bottleneck16\mlp\mk-mmd+cdan+c-dann\seed_0.pt,D:\thesis\tables\opensource_da_48_54\posthoc_lr_bottleneck16\checkpoints\54D\S4_train_I_val_D1_2\mk-mmd+cdan+c-dann\seed_0.joblib,source + labeled target,source+target labeled train+validation refit,C=1.0;class_weight=balanced;solver=lbfgs;max_iter=2000,"[[68, 3, 2], [0, 85, 1], [4, 3, 79]]",1.0,1.0,1.0,0.9469387755102041,0.946161197833705,0.946286400786693
54D,S4_train_I_val_D1_2,semi,mk-mmd+cdan+c-dann,bottleneck16,posthoc-sklearn-lr-on-frozen-mlp-representation,1,54,16,D:\thesis\tables\opensource_da_48_54\checkpoints\54D\S4_train_I_val_D1_2\bottleneck16\mlp\mk-mmd+cdan+c-dann\seed_1.pt,D:\thesis\tables\opensource_da_48_54\posthoc_lr_bottleneck16\checkpoints\54D\S4_train_I_val_D1_2\mk-mmd+cdan+c-dann\seed_1.joblib,source + labeled target,source+target labeled train+validation refit,C=1.0;class_weight=balanced;solver=lbfgs;max_iter=2000,"[[66, 6, 1], [0, 85, 1], [0, 14, 72]]",1.0,1.0,1.0,0.9102040816326531,0.9098969947966444,0.9132308812635755
54D,S4_train_I_val_D1_2,semi,mk-mmd+cdan+c-dann,bottleneck16,posthoc-sklearn-lr-on-frozen-mlp-representation,2,54,16,D:\thesis\tables\opensource_da_48_54\checkpoints\54D\S4_train_I_val_D1_2\bottleneck16\mlp\mk-mmd+cdan+c-dann\seed_2.pt,D:\thesis\tables\opensource_da_48_54\posthoc_lr_bottleneck16\checkpoints\54D\S4_train_I_val_D1_2\mk-mmd+cdan+c-dann\seed_2.joblib,source + labeled target,source+target labeled train+validation refit,C=1.0;class_weight=balanced;solver=lbfgs;max_iter=2000,"[[65, 8, 0], [1, 85, 0], [0, 18, 68]]",1.0,1.0,1.0,0.889795918367347,0.88982690878199,0.8937709480381941
54D,S4_train_I_val_D1_2,semi,mk-mmd+cdan+c-dann,bottleneck16,posthoc-sklearn-lr-on-frozen-mlp-representation,3,54,16,D:\thesis\tables\opensource_da_48_54\checkpoints\54D\S4_train_I_val_D1_2\bottleneck16\mlp\mk-mmd+cdan+c-dann\seed_3.pt,D:\thesis\tables\opensource_da_48_54\posthoc_lr_bottleneck16\checkpoints\54D\S4_train_I_val_D1_2\mk-mmd+cdan+c-dann\seed_3.joblib,source + labeled target,source+target labeled train+validation refit,C=1.0;class_weight=balanced;solver=lbfgs;max_iter=2000,"[[66, 7, 0], [3, 83, 0], [2, 14, 70]]",1.0,1.0,1.0,0.8938775510204081,0.8943931188276522,0.8959289248762933
54D,S4_train_I_val_D1_2,semi,mk-mmd+cdan+c-dann,bottleneck16,posthoc-sklearn-lr-on-frozen-mlp-representation,4,54,16,D:\thesis\tables\opensource_da_48_54\checkpoints\54D\S4_train_I_val_D1_2\bottleneck16\mlp\mk-mmd+cdan+c-dann\seed_4.pt,D:\thesis\tables\opensource_da_48_54\posthoc_lr_bottleneck16\checkpoints\54D\S4_train_I_val_D1_2\mk-mmd+cdan+c-dann\seed_4.joblib,source + labeled target,source+target labeled train+validation refit,C=1.0;class_weight=balanced;solver=lbfgs;max_iter=2000,"[[67, 6, 0], [0, 86, 0], [1, 19, 66]]",1.0,1.0,1.0,0.8938775510204081,0.8950833598810662,0.8972907030870548
54D,S5_train_I_D1_val_D2_3,semi,mk-mmd+c-dann,bottleneck16,posthoc-sklearn-lr-on-frozen-mlp-representation,0,54,16,D:\thesis\tables\opensource_da_48_54\checkpoints\54D\S5_train_I_D1_val_D2_3\bottleneck16\mlp\mk-mmd+c-dann\seed_0.pt,D:\thesis\tables\opensource_da_48_54\posthoc_lr_bottleneck16\checkpoints\54D\S5_train_I_D1_val_D2_3\mk-mmd+c-dann\seed_0.joblib,source + labeled target,source+target labeled train+validation refit,C=1.0;class_weight=balanced;solver=lbfgs;max_iter=2000,"[[61, 8, 0], [0, 81, 0], [1, 4, 76]]",1.0,1.0,1.0,0.9437229437229437,0.9407765253175882,0.9434950196414409
54D,S5_train_I_D1_val_D2_3,semi,mk-mmd+c-dann,bottleneck16,posthoc-sklearn-lr-on-frozen-mlp-representation,1,54,16,D:\thesis\tables\opensource_da_48_54\checkpoints\54D\S5_train_I_D1_val_D2_3\bottleneck16\mlp\mk-mmd+c-dann\seed_1.pt,D:\thesis\tables\opensource_da_48_54\posthoc_lr_bottleneck16\checkpoints\54D\S5_train_I_D1_val_D2_3\mk-mmd+c-dann\seed_1.joblib,source + labeled target,source+target labeled train+validation refit,C=1.0;class_weight=balanced;solver=lbfgs;max_iter=2000,"[[63, 6, 0], [0, 81, 0], [1, 10, 70]]",1.0,1.0,1.0,0.9264069264069265,0.925747003041689,0.928211032827996
54D,S5_train_I_D1_val_D2_3,semi,mk-mmd+c-dann,bottleneck16,posthoc-sklearn-lr-on-frozen-mlp-representation,2,54,16,D:\thesis\tables\opensource_da_48_54\checkpoints\54D\S5_train_I_D1_val_D2_3\bottleneck16\mlp\mk-mmd+c-dann\seed_2.pt,D:\thesis\tables\opensource_da_48_54\posthoc_lr_bottleneck16\checkpoints\54D\S5_train_I_D1_val_D2_3\mk-mmd+c-dann\seed_2.joblib,source + labeled target,source+target labeled train+validation refit,C=1.0;class_weight=balanced;solver=lbfgs;max_iter=2000,"[[60, 9, 0], [0, 81, 0], [0, 18, 63]]",1.0,1.0,1.0,0.8831168831168831,0.8824476650563606,0.8874584717607973
54D,S5_train_I_D1_val_D2_3,semi,mk-mmd+c-dann,bottleneck16,posthoc-sklearn-lr-on-frozen-mlp-representation,3,54,16,D:\thesis\tables\opensource_da_48_54\checkpoints\54D\S5_train_I_D1_val_D2_3\bottleneck16\mlp\mk-mmd+c-dann\seed_3.pt,D:\thesis\tables\opensource_da_48_54\posthoc_lr_bottleneck16\checkpoints\54D\S5_train_I_D1_val_D2_3\mk-mmd+c-dann\seed_3.joblib,source + labeled target,source+target labeled train+validation refit,C=1.0;class_weight=balanced;solver=lbfgs;max_iter=2000,"[[62, 7, 0], [0, 80, 1], [0, 15, 66]]",1.0,1.0,1.0,0.9004329004329005,0.9003399534800501,0.9042579057595951
54D,S5_train_I_D1_val_D2_3,semi,mk-mmd+c-dann,bottleneck16,posthoc-sklearn-lr-on-frozen-mlp-representation,4,54,16,D:\thesis\tables\opensource_da_48_54\checkpoints\54D\S5_train_I_D1_val_D2_3\bottleneck16\mlp\mk-mmd+c-dann\seed_4.pt,D:\thesis\tables\opensource_da_48_54\posthoc_lr_bottleneck16\checkpoints\54D\S5_train_I_D1_val_D2_3\mk-mmd+c-dann\seed_4.joblib,source + labeled target,source+target labeled train+validation refit,C=1.0;class_weight=balanced;solver=lbfgs;max_iter=2000,"[[62, 7, 0], [0, 81, 0], [0, 15, 66]]",1.0,1.0,1.0,0.9047619047619048,0.9044551798174987,0.9083196172594494
54D,S5_train_I_D1_val_D2_3,semi,mk-mmd+cdan,bottleneck16,posthoc-sklearn-lr-on-frozen-mlp-representation,0,54,16,D:\thesis\tables\opensource_da_48_54\checkpoints\54D\S5_train_I_D1_val_D2_3\bottleneck16\mlp\mk-mmd+cdan\seed_0.pt,D:\thesis\tables\opensource_da_48_54\posthoc_lr_bottleneck16\checkpoints\54D\S5_train_I_D1_val_D2_3\mk-mmd+cdan\seed_0.joblib,source + labeled target,source+target labeled train+validation refit,C=1.0;class_weight=balanced;solver=lbfgs;max_iter=2000,"[[63, 6, 0], [0, 81, 0], [0, 11, 70]]",1.0,1.0,1.0,0.9264069264069265,0.925747003041689,0.928908568462381
54D,S5_train_I_D1_val_D2_3,semi,mk-mmd+cdan,bottleneck16,posthoc-sklearn-lr-on-frozen-mlp-representation,1,54,16,D:\thesis\tables\opensource_da_48_54\checkpoints\54D\S5_train_I_D1_val_D2_3\bottleneck16\mlp\mk-mmd+cdan\seed_1.pt,D:\thesis\tables\opensource_da_48_54\posthoc_lr_bottleneck16\checkpoints\54D\S5_train_I_D1_val_D2_3\mk-mmd+cdan\seed_1.joblib,source + labeled target,source+target labeled train+validation refit,C=1.0;class_weight=balanced;solver=lbfgs;max_iter=2000,"[[63, 6, 0], [0, 79, 2], [0, 16, 65]]",1.0,1.0,1.0,0.8961038961038961,0.8969404186795491,0.9003519003519004
54D,S5_train_I_D1_val_D2_3,semi,mk-mmd+cdan,bottleneck16,posthoc-sklearn-lr-on-frozen-mlp-representation,2,54,16,D:\thesis\tables\opensource_da_48_54\checkpoints\54D\S5_train_I_D1_val_D2_3\bottleneck16\mlp\mk-mmd+cdan\seed_2.pt,D:\thesis\tables\opensource_da_48_54\posthoc_lr_bottleneck16\checkpoints\54D\S5_train_I_D1_val_D2_3\mk-mmd+cdan\seed_2.joblib,source + labeled target,source+target labeled train+validation refit,C=1.0;class_weight=balanced;solver=lbfgs;max_iter=2000,"[[64, 5, 0], [1, 80, 0], [1, 8, 72]]",0.9861111111111112,0.9876543209876543,0.9876500857632934,0.935064935064935,0.9346931472535337,0.9362882828738136
54D,S5_train_I_D1_val_D2_3,semi,mk-mmd+cdan,bottleneck16,posthoc-sklearn-lr-on-frozen-mlp-representation,3,54,16,D:\thesis\tables\opensource_da_48_54\checkpoints\54D\S5_train_I_D1_val_D2_3\bottleneck16\mlp\mk-mmd+cdan\seed_3.pt,D:\thesis\tables\opensource_da_48_54\posthoc_lr_bottleneck16\checkpoints\54D\S5_train_I_D1_val_D2_3\mk-mmd+cdan\seed_3.joblib,source + labeled target,source+target labeled train+validation refit,C=1.0;class_weight=balanced;solver=lbfgs;max_iter=2000,"[[61, 8, 0], [0, 80, 1], [1, 14, 66]]",1.0,1.0,1.0,0.8961038961038961,0.895509035605654,0.8991688472354221
54D,S5_train_I_D1_val_D2_3,semi,mk-mmd+cdan,bottleneck16,posthoc-sklearn-lr-on-frozen-mlp-representation,4,54,16,D:\thesis\tables\opensource_da_48_54\checkpoints\54D\S5_train_I_D1_val_D2_3\bottleneck16\mlp\mk-mmd+cdan\seed_4.pt,D:\thesis\tables\opensource_da_48_54\posthoc_lr_bottleneck16\checkpoints\54D\S5_train_I_D1_val_D2_3\mk-mmd+cdan\seed_4.joblib,source + labeled target,source+target labeled train+validation refit,C=1.0;class_weight=balanced;solver=lbfgs;max_iter=2000,"[[63, 6, 0], [2, 78, 1], [0, 8, 73]]",1.0,1.0,1.0,0.9264069264069265,0.925747003041689,0.9279893651266323
54D,S5_train_I_D1_val_D2_3,semi,mk-mmd+cdan+c-dann,bottleneck16,posthoc-sklearn-lr-on-frozen-mlp-representation,0,54,16,D:\thesis\tables\opensource_da_48_54\checkpoints\54D\S5_train_I_D1_val_D2_3\bottleneck16\mlp\mk-mmd+cdan+c-dann\seed_0.pt,D:\thesis\tables\opensource_da_48_54\posthoc_lr_bottleneck16\checkpoints\54D\S5_train_I_D1_val_D2_3\mk-mmd+cdan+c-dann\seed_0.joblib,source + labeled target,source+target labeled train+validation refit,C=1.0;class_weight=balanced;solver=lbfgs;max_iter=2000,"[[63, 6, 0], [0, 80, 1], [0, 7, 74]]",1.0,1.0,1.0,0.9393939393939394,0.9380926820540347,0.9409345443828202
54D,S5_train_I_D1_val_D2_3,semi,mk-mmd+cdan+c-dann,bottleneck16,posthoc-sklearn-lr-on-frozen-mlp-representation,1,54,16,D:\thesis\tables\opensource_da_48_54\checkpoints\54D\S5_train_I_D1_val_D2_3\bottleneck16\mlp\mk-mmd+cdan+c-dann\seed_1.pt,D:\thesis\tables\opensource_da_48_54\posthoc_lr_bottleneck16\checkpoints\54D\S5_train_I_D1_val_D2_3\mk-mmd+cdan+c-dann\seed_1.joblib,source + labeled target,source+target labeled train+validation refit,C=1.0;class_weight=balanced;solver=lbfgs;max_iter=2000,"[[61, 8, 0], [0, 80, 1], [1, 12, 68]]",1.0,1.0,1.0,0.9047619047619048,0.903739488280551,0.907314092380939
54D,S5_train_I_D1_val_D2_3,semi,mk-mmd+cdan+c-dann,bottleneck16,posthoc-sklearn-lr-on-frozen-mlp-representation,2,54,16,D:\thesis\tables\opensource_da_48_54\checkpoints\54D\S5_train_I_D1_val_D2_3\bottleneck16\mlp\mk-mmd+cdan+c-dann\seed_2.pt,D:\thesis\tables\opensource_da_48_54\posthoc_lr_bottleneck16\checkpoints\54D\S5_train_I_D1_val_D2_3\mk-mmd+cdan+c-dann\seed_2.joblib,source + labeled target,source+target labeled train+validation refit,C=1.0;class_weight=balanced;solver=lbfgs;max_iter=2000,"[[64, 5, 0], [0, 81, 0], [0, 9, 72]]",0.9722222222222222,0.9753086419753086,0.9721098721098721,0.9393939393939394,0.9388083735909823,0.9413456770267915
54D,S5_train_I_D1_val_D2_3,semi,mk-mmd+cdan+c-dann,bottleneck16,posthoc-sklearn-lr-on-frozen-mlp-representation,3,54,16,D:\thesis\tables\opensource_da_48_54\checkpoints\54D\S5_train_I_D1_val_D2_3\bottleneck16\mlp\mk-mmd+cdan+c-dann\seed_3.pt,D:\thesis\tables\opensource_da_48_54\posthoc_lr_bottleneck16\checkpoints\54D\S5_train_I_D1_val_D2_3\mk-mmd+cdan+c-dann\seed_3.joblib,source + labeled target,source+target labeled train+validation refit,C=1.0;class_weight=balanced;solver=lbfgs;max_iter=2000,"[[64, 5, 0], [1, 79, 1], [0, 12, 69]]",1.0,1.0,1.0,0.9177489177489178,0.9182322419037394,0.9205955108656217
54D,S5_train_I_D1_val_D2_3,semi,mk-mmd+cdan+c-dann,bottleneck16,posthoc-sklearn-lr-on-frozen-mlp-representation,4,54,16,D:\thesis\tables\opensource_da_48_54\checkpoints\54D\S5_train_I_D1_val_D2_3\bottleneck16\mlp\mk-mmd+cdan+c-dann\seed_4.pt,D:\thesis\tables\opensource_da_48_54\posthoc_lr_bottleneck16\checkpoints\54D\S5_train_I_D1_val_D2_3\mk-mmd+cdan+c-dann\seed_4.joblib,source + labeled target,source+target labeled train+validation refit,C=1.0;class_weight=balanced;solver=lbfgs;max_iter=2000,"[[64, 5, 0], [1, 80, 0], [0, 11, 70]]",1.0,1.0,1.0,0.9264069264069265,0.9264626945786366,0.9287770002458989
54D,S6_train_I_D1_2_val_D3_5,semi,mk-mmd+c-dann,bottleneck16,posthoc-sklearn-lr-on-frozen-mlp-representation,0,54,16,D:\thesis\tables\opensource_da_48_54\checkpoints\54D\S6_train_I_D1_2_val_D3_5\bottleneck16\mlp\mk-mmd+c-dann\seed_0.pt,D:\thesis\tables\opensource_da_48_54\posthoc_lr_bottleneck16\checkpoints\54D\S6_train_I_D1_2_val_D3_5\mk-mmd+c-dann\seed_0.joblib,source + labeled target,source+target labeled train+validation refit,C=1.0;class_weight=balanced;solver=lbfgs;max_iter=2000,"[[59, 4, 0], [0, 71, 0], [0, 2, 69]]",1.0,1.0,1.0,0.9707317073170731,0.9694463074744766,0.9707956199759478
54D,S6_train_I_D1_2_val_D3_5,semi,mk-mmd+c-dann,bottleneck16,posthoc-sklearn-lr-on-frozen-mlp-representation,1,54,16,D:\thesis\tables\opensource_da_48_54\checkpoints\54D\S6_train_I_D1_2_val_D3_5\bottleneck16\mlp\mk-mmd+c-dann\seed_1.pt,D:\thesis\tables\opensource_da_48_54\posthoc_lr_bottleneck16\checkpoints\54D\S6_train_I_D1_2_val_D3_5\mk-mmd+c-dann\seed_1.joblib,source + labeled target,source+target labeled train+validation refit,C=1.0;class_weight=balanced;solver=lbfgs;max_iter=2000,"[[57, 5, 1], [1, 70, 0], [1, 5, 65]]",1.0,1.0,1.0,0.9365853658536586,0.93539011848871,0.936827885626014
54D,S6_train_I_D1_2_val_D3_5,semi,mk-mmd+c-dann,bottleneck16,posthoc-sklearn-lr-on-frozen-mlp-representation,2,54,16,D:\thesis\tables\opensource_da_48_54\checkpoints\54D\S6_train_I_D1_2_val_D3_5\bottleneck16\mlp\mk-mmd+c-dann\seed_2.pt,D:\thesis\tables\opensource_da_48_54\posthoc_lr_bottleneck16\checkpoints\54D\S6_train_I_D1_2_val_D3_5\mk-mmd+c-dann\seed_2.joblib,source + labeled target,source+target labeled train+validation refit,C=1.0;class_weight=balanced;solver=lbfgs;max_iter=2000,"[[55, 8, 0], [2, 69, 0], [2, 3, 66]]",0.9897959183673469,0.990990990990991,0.9886310688659025,0.926829268292683,0.9248081079066995,0.9263500928885146
54D,S6_train_I_D1_2_val_D3_5,semi,mk-mmd+c-dann,bottleneck16,posthoc-sklearn-lr-on-frozen-mlp-representation,3,54,16,D:\thesis\tables\opensource_da_48_54\checkpoints\54D\S6_train_I_D1_2_val_D3_5\bottleneck16\mlp\mk-mmd+c-dann\seed_3.pt,D:\thesis\tables\opensource_da_48_54\posthoc_lr_bottleneck16\checkpoints\54D\S6_train_I_D1_2_val_D3_5\mk-mmd+c-dann\seed_3.joblib,source + labeled target,source+target labeled train+validation refit,C=1.0;class_weight=balanced;solver=lbfgs;max_iter=2000,"[[57, 6, 0], [1, 70, 0], [0, 5, 66]]",1.0,1.0,1.0,0.9414634146341463,0.9400849541694613,0.9422350138481875
54D,S6_train_I_D1_2_val_D3_5,semi,mk-mmd+c-dann,bottleneck16,posthoc-sklearn-lr-on-frozen-mlp-representation,4,54,16,D:\thesis\tables\opensource_da_48_54\checkpoints\54D\S6_train_I_D1_2_val_D3_5\bottleneck16\mlp\mk-mmd+c-dann\seed_4.pt,D:\thesis\tables\opensource_da_48_54\posthoc_lr_bottleneck16\checkpoints\54D\S6_train_I_D1_2_val_D3_5\mk-mmd+c-dann\seed_4.joblib,source + labeled target,source+target labeled train+validation refit,C=1.0;class_weight=balanced;solver=lbfgs;max_iter=2000,"[[57, 6, 0], [0, 71, 0], [0, 3, 68]]",1.0,1.0,1.0,0.9560975609756097,0.9541694612117148,0.9562715390601427
54D,S6_train_I_D1_2_val_D3_5,semi,mk-mmd+cdan,bottleneck16,posthoc-sklearn-lr-on-frozen-mlp-representation,0,54,16,D:\thesis\tables\opensource_da_48_54\checkpoints\54D\S6_train_I_D1_2_val_D3_5\bottleneck16\mlp\mk-mmd+cdan\seed_0.pt,D:\thesis\tables\opensource_da_48_54\posthoc_lr_bottleneck16\checkpoints\54D\S6_train_I_D1_2_val_D3_5\mk-mmd+cdan\seed_0.joblib,source + labeled target,source+target labeled train+validation refit,C=1.0;class_weight=balanced;solver=lbfgs;max_iter=2000,"[[61, 2, 0], [1, 70, 0], [0, 3, 68]]",1.0,1.0,1.0,0.9707317073170731,0.9706386466949848,0.9711071252586971
54D,S6_train_I_D1_2_val_D3_5,semi,mk-mmd+cdan,bottleneck16,posthoc-sklearn-lr-on-frozen-mlp-representation,1,54,16,D:\thesis\tables\opensource_da_48_54\checkpoints\54D\S6_train_I_D1_2_val_D3_5\bottleneck16\mlp\mk-mmd+cdan\seed_1.pt,D:\thesis\tables\opensource_da_48_54\posthoc_lr_bottleneck16\checkpoints\54D\S6_train_I_D1_2_val_D3_5\mk-mmd+cdan\seed_1.joblib,source + labeled target,source+target labeled train+validation refit,C=1.0;class_weight=balanced;solver=lbfgs;max_iter=2000,"[[58, 5, 0], [0, 71, 0], [1, 5, 65]]",1.0,1.0,1.0,0.9463414634146341,0.9453759594604665,0.9469708504627046
54D,S6_train_I_D1_2_val_D3_5,semi,mk-mmd+cdan,bottleneck16,posthoc-sklearn-lr-on-frozen-mlp-representation,2,54,16,D:\thesis\tables\opensource_da_48_54\checkpoints\54D\S6_train_I_D1_2_val_D3_5\bottleneck16\mlp\mk-mmd+cdan\seed_2.pt,D:\thesis\tables\opensource_da_48_54\posthoc_lr_bottleneck16\checkpoints\54D\S6_train_I_D1_2_val_D3_5\mk-mmd+cdan\seed_2.joblib,source + labeled target,source+target labeled train+validation refit,C=1.0;class_weight=balanced;solver=lbfgs;max_iter=2000,"[[58, 5, 0], [0, 71, 0], [2, 4, 65]]",1.0,1.0,1.0,0.9463414634146341,0.9453759594604665,0.9464563782762877
54D,S6_train_I_D1_2_val_D3_5,semi,mk-mmd+cdan,bottleneck16,posthoc-sklearn-lr-on-frozen-mlp-representation,3,54,16,D:\thesis\tables\opensource_da_48_54\checkpoints\54D\S6_train_I_D1_2_val_D3_5\bottleneck16\mlp\mk-mmd+cdan\seed_3.pt,D:\thesis\tables\opensource_da_48_54\posthoc_lr_bottleneck16\checkpoints\54D\S6_train_I_D1_2_val_D3_5\mk-mmd+cdan\seed_3.joblib,source + labeled target,source+target labeled train+validation refit,C=1.0;class_weight=balanced;solver=lbfgs;max_iter=2000,"[[53, 10, 0], [1, 70, 0], [1, 4, 66]]",1.0,1.0,1.0,0.9219512195121952,0.9189209330054401,0.9216781802774707
54D,S6_train_I_D1_2_val_D3_5,semi,mk-mmd+cdan,bottleneck16,posthoc-sklearn-lr-on-frozen-mlp-representation,4,54,16,D:\thesis\tables\opensource_da_48_54\checkpoints\54D\S6_train_I_D1_2_val_D3_5\bottleneck16\mlp\mk-mmd+cdan\seed_4.pt,D:\thesis\tables\opensource_da_48_54\posthoc_lr_bottleneck16\checkpoints\54D\S6_train_I_D1_2_val_D3_5\mk-mmd+cdan\seed_4.joblib,source + labeled target,source+target labeled train+validation refit,C=1.0;class_weight=balanced;solver=lbfgs;max_iter=2000,"[[59, 4, 0], [1, 70, 0], [1, 5, 65]]",1.0,1.0,1.0,0.9463414634146341,0.9459721290707206,0.9469428631667721
54D,S6_train_I_D1_2_val_D3_5,semi,mk-mmd+cdan+c-dann,bottleneck16,posthoc-sklearn-lr-on-frozen-mlp-representation,0,54,16,D:\thesis\tables\opensource_da_48_54\checkpoints\54D\S6_train_I_D1_2_val_D3_5\bottleneck16\mlp\mk-mmd+cdan+c-dann\seed_0.pt,D:\thesis\tables\opensource_da_48_54\posthoc_lr_bottleneck16\checkpoints\54D\S6_train_I_D1_2_val_D3_5\mk-mmd+cdan+c-dann\seed_0.joblib,source + labeled target,source+target labeled train+validation refit,C=1.0;class_weight=balanced;solver=lbfgs;max_iter=2000,"[[55, 8, 0], [0, 70, 1], [0, 4, 67]]",1.0,1.0,1.0,0.9365853658536586,0.9341977792682018,0.9370882821824958
54D,S6_train_I_D1_2_val_D3_5,semi,mk-mmd+cdan+c-dann,bottleneck16,posthoc-sklearn-lr-on-frozen-mlp-representation,1,54,16,D:\thesis\tables\opensource_da_48_54\checkpoints\54D\S6_train_I_D1_2_val_D3_5\bottleneck16\mlp\mk-mmd+cdan+c-dann\seed_1.pt,D:\thesis\tables\opensource_da_48_54\posthoc_lr_bottleneck16\checkpoints\54D\S6_train_I_D1_2_val_D3_5\mk-mmd+cdan+c-dann\seed_1.joblib,source + labeled target,source+target labeled train+validation refit,C=1.0;class_weight=balanced;solver=lbfgs;max_iter=2000,"[[59, 4, 0], [1, 70, 0], [0, 6, 65]]",1.0,1.0,1.0,0.9463414634146341,0.9459721290707206,0.9474614214393021
54D,S6_train_I_D1_2_val_D3_5,semi,mk-mmd+cdan+c-dann,bottleneck16,posthoc-sklearn-lr-on-frozen-mlp-representation,2,54,16,D:\thesis\tables\opensource_da_48_54\checkpoints\54D\S6_train_I_D1_2_val_D3_5\bottleneck16\mlp\mk-mmd+cdan+c-dann\seed_2.pt,D:\thesis\tables\opensource_da_48_54\posthoc_lr_bottleneck16\checkpoints\54D\S6_train_I_D1_2_val_D3_5\mk-mmd+cdan+c-dann\seed_2.joblib,source + labeled target,source+target labeled train+validation refit,C=1.0;class_weight=balanced;solver=lbfgs;max_iter=2000,"[[51, 12, 0], [1, 70, 0], [2, 2, 67]]",1.0,1.0,1.0,0.9170731707317074,0.9130337581041806,0.915345057000036
54D,S6_train_I_D1_2_val_D3_5,semi,mk-mmd+cdan+c-dann,bottleneck16,posthoc-sklearn-lr-on-frozen-mlp-representation,3,54,16,D:\thesis\tables\opensource_da_48_54\checkpoints\54D\S6_train_I_D1_2_val_D3_5\bottleneck16\mlp\mk-mmd+cdan+c-dann\seed_3.pt,D:\thesis\tables\opensource_da_48_54\posthoc_lr_bottleneck16\checkpoints\54D\S6_train_I_D1_2_val_D3_5\mk-mmd+cdan+c-dann\seed_3.joblib,source + labeled target,source+target labeled train+validation refit,C=1.0;class_weight=balanced;solver=lbfgs;max_iter=2000,"[[59, 4, 0], [1, 70, 0], [0, 5, 66]]",1.0,1.0,1.0,0.9512195121951219,0.9506669647514717,0.9520621921547683
54D,S6_train_I_D1_2_val_D3_5,semi,mk-mmd+cdan+c-dann,bottleneck16,posthoc-sklearn-lr-on-frozen-mlp-representation,4,54,16,D:\thesis\tables\opensource_da_48_54\checkpoints\54D\S6_train_I_D1_2_val_D3_5\bottleneck16\mlp\mk-mmd+cdan+c-dann\seed_4.pt,D:\thesis\tables\opensource_da_48_54\posthoc_lr_bottleneck16\checkpoints\54D\S6_train_I_D1_2_val_D3_5\mk-mmd+cdan+c-dann\seed_4.joblib,source + labeled target,source+target labeled train+validation refit,C=1.0;class_weight=balanced;solver=lbfgs;max_iter=2000,"[[57, 5, 1], [2, 69, 0], [1, 2, 68]]",1.0,1.0,1.0,0.9463414634146341,0.9447797898502124,0.9456777833084454
54D,S7_train_I_D1_3_val_D4_5,semi,mk-mmd+c-dann,bottleneck16,posthoc-sklearn-lr-on-frozen-mlp-representation,0,54,16,D:\thesis\tables\opensource_da_48_54\checkpoints\54D\S7_train_I_D1_3_val_D4_5\bottleneck16\mlp\mk-mmd+c-dann\seed_0.pt,D:\thesis\tables\opensource_da_48_54\posthoc_lr_bottleneck16\checkpoints\54D\S7_train_I_D1_3_val_D4_5\mk-mmd+c-dann\seed_0.joblib,source + labeled target,source+target labeled train+validation refit,C=1.0;class_weight=balanced;solver=lbfgs;max_iter=2000,"[[57, 3, 3], [1, 70, 0], [1, 3, 67]]",1.0,1.0,1.0,0.9463414634146341,0.9447797898502124,0.9457205972727424
54D,S7_train_I_D1_3_val_D4_5,semi,mk-mmd+c-dann,bottleneck16,posthoc-sklearn-lr-on-frozen-mlp-representation,1,54,16,D:\thesis\tables\opensource_da_48_54\checkpoints\54D\S7_train_I_D1_3_val_D4_5\bottleneck16\mlp\mk-mmd+c-dann\seed_1.pt,D:\thesis\tables\opensource_da_48_54\posthoc_lr_bottleneck16\checkpoints\54D\S7_train_I_D1_3_val_D4_5\mk-mmd+c-dann\seed_1.joblib,source + labeled target,source+target labeled train+validation refit,C=1.0;class_weight=balanced;solver=lbfgs;max_iter=2000,"[[58, 5, 0], [0, 71, 0], [3, 5, 63]]",1.0,1.0,1.0,0.9365853658536586,0.9359862880989641,0.9366643015820726
54D,S7_train_I_D1_3_val_D4_5,semi,mk-mmd+c-dann,bottleneck16,posthoc-sklearn-lr-on-frozen-mlp-representation,2,54,16,D:\thesis\tables\opensource_da_48_54\checkpoints\54D\S7_train_I_D1_3_val_D4_5\bottleneck16\mlp\mk-mmd+c-dann\seed_2.pt,D:\thesis\tables\opensource_da_48_54\posthoc_lr_bottleneck16\checkpoints\54D\S7_train_I_D1_3_val_D4_5\mk-mmd+c-dann\seed_2.joblib,source + labeled target,source+target labeled train+validation refit,C=1.0;class_weight=balanced;solver=lbfgs;max_iter=2000,"[[54, 9, 0], [0, 71, 0], [1, 4, 66]]",1.0,1.0,1.0,0.9317073170731708,0.9289067739771966,0.9316289730604123
54D,S7_train_I_D1_3_val_D4_5,semi,mk-mmd+c-dann,bottleneck16,posthoc-sklearn-lr-on-frozen-mlp-representation,3,54,16,D:\thesis\tables\opensource_da_48_54\checkpoints\54D\S7_train_I_D1_3_val_D4_5\bottleneck16\mlp\mk-mmd+c-dann\seed_3.pt,D:\thesis\tables\opensource_da_48_54\posthoc_lr_bottleneck16\checkpoints\54D\S7_train_I_D1_3_val_D4_5\mk-mmd+c-dann\seed_3.joblib,source + labeled target,source+target labeled train+validation refit,C=1.0;class_weight=balanced;solver=lbfgs;max_iter=2000,"[[57, 6, 0], [0, 71, 0], [0, 5, 66]]",1.0,1.0,1.0,0.9463414634146341,0.9447797898502124,0.9472027415994785
54D,S7_train_I_D1_3_val_D4_5,semi,mk-mmd+c-dann,bottleneck16,posthoc-sklearn-lr-on-frozen-mlp-representation,4,54,16,D:\thesis\tables\opensource_da_48_54\checkpoints\54D\S7_train_I_D1_3_val_D4_5\bottleneck16\mlp\mk-mmd+c-dann\seed_4.pt,D:\thesis\tables\opensource_da_48_54\posthoc_lr_bottleneck16\checkpoints\54D\S7_train_I_D1_3_val_D4_5\mk-mmd+c-dann\seed_4.joblib,source + labeled target,source+target labeled train+validation refit,C=1.0;class_weight=balanced;solver=lbfgs;max_iter=2000,"[[58, 5, 0], [0, 71, 0], [0, 3, 68]]",1.0,1.0,1.0,0.9609756097560975,0.95946046650272,0.9612538729347101
54D,S7_train_I_D1_3_val_D4_5,semi,mk-mmd+cdan,bottleneck16,posthoc-sklearn-lr-on-frozen-mlp-representation,0,54,16,D:\thesis\tables\opensource_da_48_54\checkpoints\54D\S7_train_I_D1_3_val_D4_5\bottleneck16\mlp\mk-mmd+cdan\seed_0.pt,D:\thesis\tables\opensource_da_48_54\posthoc_lr_bottleneck16\checkpoints\54D\S7_train_I_D1_3_val_D4_5\mk-mmd+cdan\seed_0.joblib,source + labeled target,source+target labeled train+validation refit,C=1.0;class_weight=balanced;solver=lbfgs;max_iter=2000,"[[62, 1, 0], [0, 70, 1], [0, 3, 68]]",1.0,1.0,1.0,0.975609756097561,0.97592965198599,0.9763152709359607
54D,S7_train_I_D1_3_val_D4_5,semi,mk-mmd+cdan,bottleneck16,posthoc-sklearn-lr-on-frozen-mlp-representation,1,54,16,D:\thesis\tables\opensource_da_48_54\checkpoints\54D\S7_train_I_D1_3_val_D4_5\bottleneck16\mlp\mk-mmd+cdan\seed_1.pt,D:\thesis\tables\opensource_da_48_54\posthoc_lr_bottleneck16\checkpoints\54D\S7_train_I_D1_3_val_D4_5\mk-mmd+cdan\seed_1.joblib,source + labeled target,source+target labeled train+validation refit,C=1.0;class_weight=balanced;solver=lbfgs;max_iter=2000,"[[57, 4, 2], [0, 71, 0], [2, 5, 64]]",1.0,1.0,1.0,0.9365853658536586,0.93539011848871,0.93637671661488
54D,S7_train_I_D1_3_val_D4_5,semi,mk-mmd+cdan,bottleneck16,posthoc-sklearn-lr-on-frozen-mlp-representation,2,54,16,D:\thesis\tables\opensource_da_48_54\checkpoints\54D\S7_train_I_D1_3_val_D4_5\bottleneck16\mlp\mk-mmd+cdan\seed_2.pt,D:\thesis\tables\opensource_da_48_54\posthoc_lr_bottleneck16\checkpoints\54D\S7_train_I_D1_3_val_D4_5\mk-mmd+cdan\seed_2.joblib,source + labeled target,source+target labeled train+validation refit,C=1.0;class_weight=balanced;solver=lbfgs;max_iter=2000,"[[58, 5, 0], [0, 71, 0], [1, 3, 67]]",1.0,1.0,1.0,0.9560975609756097,0.9547656308219689,0.9561669438504791
54D,S7_train_I_D1_3_val_D4_5,semi,mk-mmd+cdan,bottleneck16,posthoc-sklearn-lr-on-frozen-mlp-representation,3,54,16,D:\thesis\tables\opensource_da_48_54\checkpoints\54D\S7_train_I_D1_3_val_D4_5\bottleneck16\mlp\mk-mmd+cdan\seed_3.pt,D:\thesis\tables\opensource_da_48_54\posthoc_lr_bottleneck16\checkpoints\54D\S7_train_I_D1_3_val_D4_5\mk-mmd+cdan\seed_3.joblib,source + labeled target,source+target labeled train+validation refit,C=1.0;class_weight=balanced;solver=lbfgs;max_iter=2000,"[[57, 6, 0], [0, 70, 1], [0, 7, 64]]",1.0,1.0,1.0,0.9317073170731708,0.9306952828079589,0.933422459893048
54D,S7_train_I_D1_3_val_D4_5,semi,mk-mmd+cdan,bottleneck16,posthoc-sklearn-lr-on-frozen-mlp-representation,4,54,16,D:\thesis\tables\opensource_da_48_54\checkpoints\54D\S7_train_I_D1_3_val_D4_5\bottleneck16\mlp\mk-mmd+cdan\seed_4.pt,D:\thesis\tables\opensource_da_48_54\posthoc_lr_bottleneck16\checkpoints\54D\S7_train_I_D1_3_val_D4_5\mk-mmd+cdan\seed_4.joblib,source + labeled target,source+target labeled train+validation refit,C=1.0;class_weight=balanced;solver=lbfgs;max_iter=2000,"[[56, 7, 0], [1, 70, 0], [0, 3, 68]]",1.0,1.0,1.0,0.9463414634146341,0.9441836202399583,0.9463009724670596
54D,S7_train_I_D1_3_val_D4_5,semi,mk-mmd+cdan+c-dann,bottleneck16,posthoc-sklearn-lr-on-frozen-mlp-representation,0,54,16,D:\thesis\tables\opensource_da_48_54\checkpoints\54D\S7_train_I_D1_3_val_D4_5\bottleneck16\mlp\mk-mmd+cdan+c-dann\seed_0.pt,D:\thesis\tables\opensource_da_48_54\posthoc_lr_bottleneck16\checkpoints\54D\S7_train_I_D1_3_val_D4_5\mk-mmd+cdan+c-dann\seed_0.joblib,source + labeled target,source+target labeled train+validation refit,C=1.0;class_weight=balanced;solver=lbfgs;max_iter=2000,"[[57, 6, 0], [0, 70, 1], [1, 3, 67]]",1.0,1.0,1.0,0.9463414634146341,0.9447797898502124,0.946503623547443
54D,S7_train_I_D1_3_val_D4_5,semi,mk-mmd+cdan+c-dann,bottleneck16,posthoc-sklearn-lr-on-frozen-mlp-representation,1,54,16,D:\thesis\tables\opensource_da_48_54\checkpoints\54D\S7_train_I_D1_3_val_D4_5\bottleneck16\mlp\mk-mmd+cdan+c-dann\seed_1.pt,D:\thesis\tables\opensource_da_48_54\posthoc_lr_bottleneck16\checkpoints\54D\S7_train_I_D1_3_val_D4_5\mk-mmd+cdan+c-dann\seed_1.joblib,source + labeled target,source+target labeled train+validation refit,C=1.0;class_weight=balanced;solver=lbfgs;max_iter=2000,"[[59, 4, 0], [0, 70, 1], [1, 5, 65]]",1.0,1.0,1.0,0.9463414634146341,0.9459721290707206,0.9471960121061064
54D,S7_train_I_D1_3_val_D4_5,semi,mk-mmd+cdan+c-dann,bottleneck16,posthoc-sklearn-lr-on-frozen-mlp-representation,2,54,16,D:\thesis\tables\opensource_da_48_54\checkpoints\54D\S7_train_I_D1_3_val_D4_5\bottleneck16\mlp\mk-mmd+cdan+c-dann\seed_2.pt,D:\thesis\tables\opensource_da_48_54\posthoc_lr_bottleneck16\checkpoints\54D\S7_train_I_D1_3_val_D4_5\mk-mmd+cdan+c-dann\seed_2.joblib,source + labeled target,source+target labeled train+validation refit,C=1.0;class_weight=balanced;solver=lbfgs;max_iter=2000,"[[59, 4, 0], [0, 70, 1], [0, 6, 65]]",1.0,1.0,1.0,0.9463414634146341,0.9459721290707206,0.9477568473746479
54D,S7_train_I_D1_3_val_D4_5,semi,mk-mmd+cdan+c-dann,bottleneck16,posthoc-sklearn-lr-on-frozen-mlp-representation,3,54,16,D:\thesis\tables\opensource_da_48_54\checkpoints\54D\S7_train_I_D1_3_val_D4_5\bottleneck16\mlp\mk-mmd+cdan+c-dann\seed_3.pt,D:\thesis\tables\opensource_da_48_54\posthoc_lr_bottleneck16\checkpoints\54D\S7_train_I_D1_3_val_D4_5\mk-mmd+cdan+c-dann\seed_3.joblib,source + labeled target,source+target labeled train+validation refit,C=1.0;class_weight=balanced;solver=lbfgs;max_iter=2000,"[[57, 6, 0], [0, 71, 0], [0, 8, 63]]",1.0,1.0,1.0,0.9317073170731708,0.9306952828079589,0.9335183059063658
54D,S7_train_I_D1_3_val_D4_5,semi,mk-mmd+cdan+c-dann,bottleneck16,posthoc-sklearn-lr-on-frozen-mlp-representation,4,54,16,D:\thesis\tables\opensource_da_48_54\checkpoints\54D\S7_train_I_D1_3_val_D4_5\bottleneck16\mlp\mk-mmd+cdan+c-dann\seed_4.pt,D:\thesis\tables\opensource_da_48_54\posthoc_lr_bottleneck16\checkpoints\54D\S7_train_I_D1_3_val_D4_5\mk-mmd+cdan+c-dann\seed_4.joblib,source + labeled target,source+target labeled train+validation refit,C=1.0;class_weight=balanced;solver=lbfgs;max_iter=2000,"[[57, 6, 0], [1, 70, 0], [1, 5, 65]]",1.0,1.0,1.0,0.9365853658536586,0.93539011848871,0.9371204046761069
