experiment,split,variant,mode,seed,sample_index,sample_id,target_file,period,day_label,batch,true_label,predicted_label,correct
local-mkmmd,S1_train_I_test_all,LOCAL-MKMMD-UDA,uda,0,0,acetone_1,,Period_II,Period II Day 1,batch1,acetone,acetone,True
local-mkmmd,S1_train_I_test_all,LOCAL-MKMMD-UDA,uda,0,1,acetone_2,,Period_II,Period II Day 1,batch1,acetone,acetone,True
local-mkmmd,S1_train_I_test_all,LOCAL-MKMMD-UDA,uda,0,2,acetone_3,,Period_II,Period II Day 1,batch1,acetone,acetone,True
local-mkmmd,S1_train_I_test_all,LOCAL-MKMMD-UDA,uda,0,3,acetone_4,,Period_II,Period II Day 1,batch1,acetone,acetone,True
local-mkmmd,S1_train_I_test_all,LOCAL-MKMMD-UDA,uda,0,4,acetone_5,,Period_II,Period II Day 1,batch1,acetone,acetone,True
local-mkmmd,S1_train_I_test_all,LOCAL-MKMMD-UDA,uda,0,5,acetone_10,,Period_II,Period II Day 2,batch1,acetone,acetone,True
local-mkmmd,S1_train_I_test_all,LOCAL-MKMMD-UDA,uda,0,6,acetone_6,,Period_II,Period II Day 2,batch1,acetone,acetone,True
local-mkmmd,S1_train_I_test_all,LOCAL-MKMMD-UDA,uda,0,7,acetone_7,,Period_II,Period II Day 2,batch1,acetone,acetone,True
local-mkmmd,S1_train_I_test_all,LOCAL-MKMMD-UDA,uda,0,8,acetone_8,,Period_II,Period II Day 2,batch1,acetone,air,False
local-mkmmd,S1_train_I_test_all,LOCAL-MKMMD-UDA,uda,0,9,acetone_9,,Period_II,Period II Day 2,batch1,acetone,acetone,True
local-mkmmd,S1_train_I_test_all,LOCAL-MKMMD-UDA,uda,0,10,air_1,,Period_II,Period II Day 1,batch1,air,air,True
local-mkmmd,S1_train_I_test_all,LOCAL-MKMMD-UDA,uda,0,11,air_2,,Period_II,Period II Day 1,batch1,air,acetone,False
local-mkmmd,S1_train_I_test_all,LOCAL-MKMMD-UDA,uda,0,12,reference_1,,Period_II,Period II Day 1,batch1,air,air,True
local-mkmmd,S1_train_I_test_all,LOCAL-MKMMD-UDA,uda,0,13,reference_2,,Period_II,Period II Day 1,batch1,air,air,True
local-mkmmd,S1_train_I_test_all,LOCAL-MKMMD-UDA,uda,0,14,reference_3,,Period_II,Period II Day 1,batch1,air,air,True
local-mkmmd,S1_train_I_test_all,LOCAL-MKMMD-UDA,uda,0,15,reference_4,,Period_II,Period II Day 1,batch1,air,air,True
local-mkmmd,S1_train_I_test_all,LOCAL-MKMMD-UDA,uda,0,16,air_3,,Period_II,Period II Day 2,batch1,air,air,True
local-mkmmd,S1_train_I_test_all,LOCAL-MKMMD-UDA,uda,0,17,air_4,,Period_II,Period II Day 2,batch1,air,air,True
local-mkmmd,S1_train_I_test_all,LOCAL-MKMMD-UDA,uda,0,18,alcohol_1,,Period_II,Period II Day 1,batch1,alcohol,alcohol,True
local-mkmmd,S1_train_I_test_all,LOCAL-MKMMD-UDA,uda,0,19,alcohol_2,,Period_II,Period II Day 1,batch1,alcohol,alcohol,True
local-mkmmd,S1_train_I_test_all,LOCAL-MKMMD-UDA,uda,0,20,alcohol_3,,Period_II,Period II Day 1,batch1,alcohol,alcohol,True
local-mkmmd,S1_train_I_test_all,LOCAL-MKMMD-UDA,uda,0,21,alcohol_4,,Period_II,Period II Day 1,batch1,alcohol,alcohol,True
local-mkmmd,S1_train_I_test_all,LOCAL-MKMMD-UDA,uda,0,22,alcohol_5,,Period_II,Period II Day 1,batch1,alcohol,alcohol,True
local-mkmmd,S1_train_I_test_all,LOCAL-MKMMD-UDA,uda,0,23,alcohol_10,,Period_II,Period II Day 2,batch1,alcohol,alcohol,True
local-mkmmd,S1_train_I_test_all,LOCAL-MKMMD-UDA,uda,0,24,alcohol_6,,Period_II,Period II Day 2,batch1,alcohol,alcohol,True
local-mkmmd,S1_train_I_test_all,LOCAL-MKMMD-UDA,uda,0,25,alcohol_7,,Period_II,Period II Day 2,batch1,alcohol,air,False
local-mkmmd,S1_train_I_test_all,LOCAL-MKMMD-UDA,uda,0,26,alcohol_8,,Period_II,Period II Day 2,batch1,alcohol,alcohol,True
local-mkmmd,S1_train_I_test_all,LOCAL-MKMMD-UDA,uda,0,27,alcohol_9,,Period_II,Period II Day 2,batch1,alcohol,alcohol,True
local-mkmmd,S1_train_I_test_all,LOCAL-MKMMD-UDA,uda,0,28,acetone_11,,Period_II,Period II Day 3,batch2,acetone,alcohol,False
local-mkmmd,S1_train_I_test_all,LOCAL-MKMMD-UDA,uda,0,29,acetone_12,,Period_II,Period II Day 3,batch2,acetone,air,False
local-mkmmd,S1_train_I_test_all,LOCAL-MKMMD-UDA,uda,0,30,acetone_13,,Period_II,Period II Day 3,batch2,acetone,acetone,True
local-mkmmd,S1_train_I_test_all,LOCAL-MKMMD-UDA,uda,0,31,acetone_14,,Period_II,Period II Day 3,batch2,acetone,acetone,True
local-mkmmd,S1_train_I_test_all,LOCAL-MKMMD-UDA,uda,0,32,acetone_15,,Period_II,Period II Day 3,batch2,acetone,acetone,True
local-mkmmd,S1_train_I_test_all,LOCAL-MKMMD-UDA,uda,0,33,acetone_16,,Period_II,Period II Day 4,batch2,acetone,acetone,True
local-mkmmd,S1_train_I_test_all,LOCAL-MKMMD-UDA,uda,0,34,acetone_17,,Period_II,Period II Day 4,batch2,acetone,acetone,True
local-mkmmd,S1_train_I_test_all,LOCAL-MKMMD-UDA,uda,0,35,acetone_18,,Period_II,Period II Day 4,batch2,acetone,acetone,True
local-mkmmd,S1_train_I_test_all,LOCAL-MKMMD-UDA,uda,0,36,acetone_19,,Period_II,Period II Day 4,batch2,acetone,air,False
local-mkmmd,S1_train_I_test_all,LOCAL-MKMMD-UDA,uda,0,37,acetone_20,,Period_II,Period II Day 4,batch2,acetone,acetone,True
local-mkmmd,S1_train_I_test_all,LOCAL-MKMMD-UDA,uda,0,38,acetone_21,,Period_II,Period II Day 5,batch2,acetone,acetone,True
local-mkmmd,S1_train_I_test_all,LOCAL-MKMMD-UDA,uda,0,39,acetone_22,,Period_II,Period II Day 5,batch2,acetone,alcohol,False
local-mkmmd,S1_train_I_test_all,LOCAL-MKMMD-UDA,uda,0,40,acetone_23,,Period_II,Period II Day 5,batch2,acetone,acetone,True
local-mkmmd,S1_train_I_test_all,LOCAL-MKMMD-UDA,uda,0,41,acetone_24,,Period_II,Period II Day 5,batch2,acetone,acetone,True
local-mkmmd,S1_train_I_test_all,LOCAL-MKMMD-UDA,uda,0,42,acetone_25,,Period_II,Period II Day 5,batch2,acetone,acetone,True
local-mkmmd,S1_train_I_test_all,LOCAL-MKMMD-UDA,uda,0,43,acetone_26,,Period_II,Period II Day 6,batch2,acetone,acetone,True
local-mkmmd,S1_train_I_test_all,LOCAL-MKMMD-UDA,uda,0,44,acetone_27,,Period_II,Period II Day 6,batch2,acetone,air,False
local-mkmmd,S1_train_I_test_all,LOCAL-MKMMD-UDA,uda,0,45,acetone_28,,Period_II,Period II Day 6,batch2,acetone,acetone,True
local-mkmmd,S1_train_I_test_all,LOCAL-MKMMD-UDA,uda,0,46,acetone_29,,Period_II,Period II Day 6,batch2,acetone,alcohol,False
local-mkmmd,S1_train_I_test_all,LOCAL-MKMMD-UDA,uda,0,47,acetone_30,,Period_II,Period II Day 6,batch2,acetone,acetone,True
local-mkmmd,S1_train_I_test_all,LOCAL-MKMMD-UDA,uda,0,48,acetone_31,,Period_II,Period II Day 6,batch2,acetone,acetone,True
local-mkmmd,S1_train_I_test_all,LOCAL-MKMMD-UDA,uda,0,49,acetone_32,,Period_II,Period II Day 6,batch2,acetone,acetone,True
local-mkmmd,S1_train_I_test_all,LOCAL-MKMMD-UDA,uda,0,50,acetone_33,,Period_II,Period II Day 7,batch2,acetone,acetone,True
local-mkmmd,S1_train_I_test_all,LOCAL-MKMMD-UDA,uda,0,51,acetone_34,,Period_II,Period II Day 7,batch2,acetone,acetone,True
local-mkmmd,S1_train_I_test_all,LOCAL-MKMMD-UDA,uda,0,52,acetone_35,,Period_II,Period II Day 7,batch2,acetone,acetone,True
local-mkmmd,S1_train_I_test_all,LOCAL-MKMMD-UDA,uda,0,53,acetone_36,,Period_II,Period II Day 8,batch2,acetone,acetone,True
local-mkmmd,S1_train_I_test_all,LOCAL-MKMMD-UDA,uda,0,54,acetone_37,,Period_II,Period II Day 8,batch2,acetone,air,False
local-mkmmd,S1_train_I_test_all,LOCAL-MKMMD-UDA,uda,0,55,acetone_38,,Period_II,Period II Day 8,batch2,acetone,air,False
local-mkmmd,S1_train_I_test_all,LOCAL-MKMMD-UDA,uda,0,56,acetone_39,,Period_II,Period II Day 9,batch2,acetone,acetone,True
local-mkmmd,S1_train_I_test_all,LOCAL-MKMMD-UDA,uda,0,57,acetone_40,,Period_II,Period II Day 9,batch2,acetone,air,False
local-mkmmd,S1_train_I_test_all,LOCAL-MKMMD-UDA,uda,0,58,acetone_41,,Period_II,Period II Day 9,batch2,acetone,acetone,True
local-mkmmd,S1_train_I_test_all,LOCAL-MKMMD-UDA,uda,0,59,acetone_42,,Period_II,Period II Day 9,batch2,acetone,acetone,True
local-mkmmd,S1_train_I_test_all,LOCAL-MKMMD-UDA,uda,0,60,acetone_43,,Period_II,Period II Day 9,batch2,acetone,acetone,True
local-mkmmd,S1_train_I_test_all,LOCAL-MKMMD-UDA,uda,0,61,air_5,,Period_II,Period II Day 3,batch2,air,air,True
local-mkmmd,S1_train_I_test_all,LOCAL-MKMMD-UDA,uda,0,62,air_6,,Period_II,Period II Day 3,batch2,air,air,True
local-mkmmd,S1_train_I_test_all,LOCAL-MKMMD-UDA,uda,0,63,reference_5,,Period_II,Period II Day 3,batch2,air,alcohol,False
local-mkmmd,S1_train_I_test_all,LOCAL-MKMMD-UDA,uda,0,64,reference_6,,Period_II,Period II Day 3,batch2,air,air,True
local-mkmmd,S1_train_I_test_all,LOCAL-MKMMD-UDA,uda,0,65,air_7,,Period_II,Period II Day 4,batch2,air,air,True
local-mkmmd,S1_train_I_test_all,LOCAL-MKMMD-UDA,uda,0,66,air_8,,Period_II,Period II Day 4,batch2,air,air,True
local-mkmmd,S1_train_I_test_all,LOCAL-MKMMD-UDA,uda,0,67,reference_7,,Period_II,Period II Day 4,batch2,air,air,True
local-mkmmd,S1_train_I_test_all,LOCAL-MKMMD-UDA,uda,0,68,reference_8,,Period_II,Period II Day 4,batch2,air,air,True
local-mkmmd,S1_train_I_test_all,LOCAL-MKMMD-UDA,uda,0,69,air_10,,Period_II,Period II Day 5,batch2,air,air,True
local-mkmmd,S1_train_I_test_all,LOCAL-MKMMD-UDA,uda,0,70,air_9,,Period_II,Period II Day 5,batch2,air,air,True
local-mkmmd,S1_train_I_test_all,LOCAL-MKMMD-UDA,uda,0,71,air_11,,Period_II,Period II Day 6,batch2,air,air,True
local-mkmmd,S1_train_I_test_all,LOCAL-MKMMD-UDA,uda,0,72,air_12,,Period_II,Period II Day 6,batch2,air,air,True
local-mkmmd,S1_train_I_test_all,LOCAL-MKMMD-UDA,uda,0,73,air_13,,Period_II,Period II Day 6,batch2,air,air,True
local-mkmmd,S1_train_I_test_all,LOCAL-MKMMD-UDA,uda,0,74,air_14,,Period_II,Period II Day 8,batch2,air,air,True
local-mkmmd,S1_train_I_test_all,LOCAL-MKMMD-UDA,uda,0,75,air_15,,Period_II,Period II Day 8,batch2,air,air,True
local-mkmmd,S1_train_I_test_all,LOCAL-MKMMD-UDA,uda,0,76,reference_9,,Period_II,Period II Day 8,batch2,air,alcohol,False
local-mkmmd,S1_train_I_test_all,LOCAL-MKMMD-UDA,uda,0,77,air_16,,Period_II,Period II Day 9,batch2,air,air,True
local-mkmmd,S1_train_I_test_all,LOCAL-MKMMD-UDA,uda,0,78,air_17,,Period_II,Period II Day 9,batch2,air,air,True
local-mkmmd,S1_train_I_test_all,LOCAL-MKMMD-UDA,uda,0,79,alcohol_11,,Period_II,Period II Day 3,batch2,alcohol,alcohol,True
local-mkmmd,S1_train_I_test_all,LOCAL-MKMMD-UDA,uda,0,80,alcohol_12,,Period_II,Period II Day 3,batch2,alcohol,alcohol,True
local-mkmmd,S1_train_I_test_all,LOCAL-MKMMD-UDA,uda,0,81,alcohol_13,,Period_II,Period II Day 3,batch2,alcohol,alcohol,True
local-mkmmd,S1_train_I_test_all,LOCAL-MKMMD-UDA,uda,0,82,alcohol_14,,Period_II,Period II Day 3,batch2,alcohol,alcohol,True
local-mkmmd,S1_train_I_test_all,LOCAL-MKMMD-UDA,uda,0,83,alcohol_15,,Period_II,Period II Day 3,batch2,alcohol,alcohol,True
local-mkmmd,S1_train_I_test_all,LOCAL-MKMMD-UDA,uda,0,84,alcohol_16,,Period_II,Period II Day 4,batch2,alcohol,alcohol,True
local-mkmmd,S1_train_I_test_all,LOCAL-MKMMD-UDA,uda,0,85,alcohol_17,,Period_II,Period II Day 4,batch2,alcohol,alcohol,True
local-mkmmd,S1_train_I_test_all,LOCAL-MKMMD-UDA,uda,0,86,alcohol_18,,Period_II,Period II Day 4,batch2,alcohol,alcohol,True
local-mkmmd,S1_train_I_test_all,LOCAL-MKMMD-UDA,uda,0,87,alcohol_19,,Period_II,Period II Day 4,batch2,alcohol,alcohol,True
local-mkmmd,S1_train_I_test_all,LOCAL-MKMMD-UDA,uda,0,88,alcohol_20,,Period_II,Period II Day 4,batch2,alcohol,alcohol,True
local-mkmmd,S1_train_I_test_all,LOCAL-MKMMD-UDA,uda,0,89,alcohol_21,,Period_II,Period II Day 5,batch2,alcohol,alcohol,True
local-mkmmd,S1_train_I_test_all,LOCAL-MKMMD-UDA,uda,0,90,alcohol_22,,Period_II,Period II Day 5,batch2,alcohol,alcohol,True
local-mkmmd,S1_train_I_test_all,LOCAL-MKMMD-UDA,uda,0,91,alcohol_23,,Period_II,Period II Day 5,batch2,alcohol,alcohol,True
local-mkmmd,S1_train_I_test_all,LOCAL-MKMMD-UDA,uda,0,92,alcohol_24,,Period_II,Period II Day 5,batch2,alcohol,alcohol,True
local-mkmmd,S1_train_I_test_all,LOCAL-MKMMD-UDA,uda,0,93,alcohol_25,,Period_II,Period II Day 5,batch2,alcohol,alcohol,True
local-mkmmd,S1_train_I_test_all,LOCAL-MKMMD-UDA,uda,0,94,alcohol_26,,Period_II,Period II Day 6,batch2,alcohol,alcohol,True
local-mkmmd,S1_train_I_test_all,LOCAL-MKMMD-UDA,uda,0,95,alcohol_27,,Period_II,Period II Day 6,batch2,alcohol,alcohol,True
local-mkmmd,S1_train_I_test_all,LOCAL-MKMMD-UDA,uda,0,96,alcohol_28,,Period_II,Period II Day 6,batch2,alcohol,alcohol,True
local-mkmmd,S1_train_I_test_all,LOCAL-MKMMD-UDA,uda,0,97,alcohol_29,,Period_II,Period II Day 6,batch2,alcohol,alcohol,True
local-mkmmd,S1_train_I_test_all,LOCAL-MKMMD-UDA,uda,0,98,alcohol_30,,Period_II,Period II Day 6,batch2,alcohol,alcohol,True
local-mkmmd,S1_train_I_test_all,LOCAL-MKMMD-UDA,uda,0,99,alcohol_31,,Period_II,Period II Day 6,batch2,alcohol,alcohol,True
local-mkmmd,S1_train_I_test_all,LOCAL-MKMMD-UDA,uda,0,100,alcohol_32,,Period_II,Period II Day 6,batch2,alcohol,alcohol,True
local-mkmmd,S1_train_I_test_all,LOCAL-MKMMD-UDA,uda,0,101,alcohol_33,,Period_II,Period II Day 7,batch2,alcohol,alcohol,True
local-mkmmd,S1_train_I_test_all,LOCAL-MKMMD-UDA,uda,0,102,alcohol_34,,Period_II,Period II Day 7,batch2,alcohol,alcohol,True
local-mkmmd,S1_train_I_test_all,LOCAL-MKMMD-UDA,uda,0,103,alcohol_35,,Period_II,Period II Day 7,batch2,alcohol,alcohol,True
local-mkmmd,S1_train_I_test_all,LOCAL-MKMMD-UDA,uda,0,104,alcohol_36,,Period_II,Period II Day 8,batch2,alcohol,alcohol,True
local-mkmmd,S1_train_I_test_all,LOCAL-MKMMD-UDA,uda,0,105,alcohol_37,,Period_II,Period II Day 8,batch2,alcohol,alcohol,True
local-mkmmd,S1_train_I_test_all,LOCAL-MKMMD-UDA,uda,0,106,alcohol_38,,Period_II,Period II Day 8,batch2,alcohol,alcohol,True
local-mkmmd,S1_train_I_test_all,LOCAL-MKMMD-UDA,uda,0,107,alcohol_39,,Period_II,Period II Day 9,batch2,alcohol,alcohol,True
local-mkmmd,S1_train_I_test_all,LOCAL-MKMMD-UDA,uda,0,108,alcohol_40,,Period_II,Period II Day 9,batch2,alcohol,alcohol,True
local-mkmmd,S1_train_I_test_all,LOCAL-MKMMD-UDA,uda,0,109,alcohol_41,,Period_II,Period II Day 9,batch2,alcohol,air,False
local-mkmmd,S1_train_I_test_all,LOCAL-MKMMD-UDA,uda,0,110,alcohol_42,,Period_II,Period II Day 9,batch2,alcohol,alcohol,True
local-mkmmd,S1_train_I_test_all,LOCAL-MKMMD-UDA,uda,0,111,alcohol_43,,Period_II,Period II Day 9,batch2,alcohol,alcohol,True
local-mkmmd,S1_train_I_test_all,LOCAL-MKMMD-UDA,uda,0,112,acetone_44,,Period_II,Period II Day 10,batch3,acetone,acetone,True
local-mkmmd,S1_train_I_test_all,LOCAL-MKMMD-UDA,uda,0,113,acetone_45,,Period_II,Period II Day 10,batch3,acetone,acetone,True
local-mkmmd,S1_train_I_test_all,LOCAL-MKMMD-UDA,uda,0,114,acetone_46,,Period_II,Period II Day 10,batch3,acetone,alcohol,False
local-mkmmd,S1_train_I_test_all,LOCAL-MKMMD-UDA,uda,0,115,acetone_47,,Period_II,Period II Day 10,batch3,acetone,alcohol,False
local-mkmmd,S1_train_I_test_all,LOCAL-MKMMD-UDA,uda,0,116,acetone_48,,Period_II,Period II Day 11,batch3,acetone,alcohol,False
local-mkmmd,S1_train_I_test_all,LOCAL-MKMMD-UDA,uda,0,117,acetone_49,,Period_II,Period II Day 11,batch3,acetone,acetone,True
local-mkmmd,S1_train_I_test_all,LOCAL-MKMMD-UDA,uda,0,118,acetone_50,,Period_II,Period II Day 11,batch3,acetone,alcohol,False
local-mkmmd,S1_train_I_test_all,LOCAL-MKMMD-UDA,uda,0,119,acetone_51,,Period_II,Period II Day 11,batch3,acetone,alcohol,False
local-mkmmd,S1_train_I_test_all,LOCAL-MKMMD-UDA,uda,0,120,acetone_52,,Period_II,Period II Day 12,batch3,acetone,acetone,True
local-mkmmd,S1_train_I_test_all,LOCAL-MKMMD-UDA,uda,0,121,acetone_53,,Period_II,Period II Day 12,batch3,acetone,acetone,True
local-mkmmd,S1_train_I_test_all,LOCAL-MKMMD-UDA,uda,0,122,acetone_54,,Period_II,Period II Day 12,batch3,acetone,air,False
local-mkmmd,S1_train_I_test_all,LOCAL-MKMMD-UDA,uda,0,123,acetone_55,,Period_II,Period II Day 12,batch3,acetone,alcohol,False
local-mkmmd,S1_train_I_test_all,LOCAL-MKMMD-UDA,uda,0,124,acetone_56,,Period_II,Period II Day 13,batch3,acetone,acetone,True
local-mkmmd,S1_train_I_test_all,LOCAL-MKMMD-UDA,uda,0,125,acetone_57,,Period_II,Period II Day 13,batch3,acetone,alcohol,False
local-mkmmd,S1_train_I_test_all,LOCAL-MKMMD-UDA,uda,0,126,acetone_58,,Period_II,Period II Day 14,batch3,acetone,acetone,True
local-mkmmd,S1_train_I_test_all,LOCAL-MKMMD-UDA,uda,0,127,acetone_59,,Period_II,Period II Day 14,batch3,acetone,air,False
local-mkmmd,S1_train_I_test_all,LOCAL-MKMMD-UDA,uda,0,128,acetone_60,,Period_II,Period II Day 14,batch3,acetone,acetone,True
local-mkmmd,S1_train_I_test_all,LOCAL-MKMMD-UDA,uda,0,129,acetone_61,,Period_II,Period II Day 15,batch3,acetone,alcohol,False
local-mkmmd,S1_train_I_test_all,LOCAL-MKMMD-UDA,uda,0,130,acetone_62,,Period_II,Period II Day 15,batch3,acetone,alcohol,False
local-mkmmd,S1_train_I_test_all,LOCAL-MKMMD-UDA,uda,0,131,acetone_63,,Period_II,Period II Day 15,batch3,acetone,acetone,True
local-mkmmd,S1_train_I_test_all,LOCAL-MKMMD-UDA,uda,0,132,acetone_64,,Period_II,Period II Day 17,batch3,acetone,alcohol,False
local-mkmmd,S1_train_I_test_all,LOCAL-MKMMD-UDA,uda,0,133,acetone_65,,Period_II,Period II Day 17,batch3,acetone,alcohol,False
local-mkmmd,S1_train_I_test_all,LOCAL-MKMMD-UDA,uda,0,134,acetone_66,,Period_II,Period II Day 17,batch3,acetone,air,False
local-mkmmd,S1_train_I_test_all,LOCAL-MKMMD-UDA,uda,0,135,acetone_67,,Period_II,Period II Day 17,batch3,acetone,acetone,True
local-mkmmd,S1_train_I_test_all,LOCAL-MKMMD-UDA,uda,0,136,acetone_68,,Period_II,Period II Day 17,batch3,acetone,acetone,True
local-mkmmd,S1_train_I_test_all,LOCAL-MKMMD-UDA,uda,0,137,air_18,,Period_II,Period II Day 10,batch3,air,air,True
local-mkmmd,S1_train_I_test_all,LOCAL-MKMMD-UDA,uda,0,138,air_19,,Period_II,Period II Day 10,batch3,air,air,True
local-mkmmd,S1_train_I_test_all,LOCAL-MKMMD-UDA,uda,0,139,air_20,,Period_II,Period II Day 11,batch3,air,air,True
local-mkmmd,S1_train_I_test_all,LOCAL-MKMMD-UDA,uda,0,140,air_21,,Period_II,Period II Day 11,batch3,air,air,True
local-mkmmd,S1_train_I_test_all,LOCAL-MKMMD-UDA,uda,0,141,air_22,,Period_II,Period II Day 12,batch3,air,alcohol,False
local-mkmmd,S1_train_I_test_all,LOCAL-MKMMD-UDA,uda,0,142,air_23,,Period_II,Period II Day 12,batch3,air,air,True
local-mkmmd,S1_train_I_test_all,LOCAL-MKMMD-UDA,uda,0,143,air_24,,Period_II,Period II Day 13,batch3,air,air,True
local-mkmmd,S1_train_I_test_all,LOCAL-MKMMD-UDA,uda,0,144,air_25,,Period_II,Period II Day 13,batch3,air,air,True
local-mkmmd,S1_train_I_test_all,LOCAL-MKMMD-UDA,uda,0,145,air_26,,Period_II,Period II Day 13,batch3,air,air,True
local-mkmmd,S1_train_I_test_all,LOCAL-MKMMD-UDA,uda,0,146,air_27,,Period_II,Period II Day 13,batch3,air,air,True
local-mkmmd,S1_train_I_test_all,LOCAL-MKMMD-UDA,uda,0,147,air_28,,Period_II,Period II Day 13,batch3,air,alcohol,False
local-mkmmd,S1_train_I_test_all,LOCAL-MKMMD-UDA,uda,0,148,air_29,,Period_II,Period II Day 14,batch3,air,air,True
local-mkmmd,S1_train_I_test_all,LOCAL-MKMMD-UDA,uda,0,149,air_30,,Period_II,Period II Day 14,batch3,air,air,True
local-mkmmd,S1_train_I_test_all,LOCAL-MKMMD-UDA,uda,0,150,air_31,,Period_II,Period II Day 14,batch3,air,air,True
local-mkmmd,S1_train_I_test_all,LOCAL-MKMMD-UDA,uda,0,151,air_32,,Period_II,Period II Day 14,batch3,air,air,True
local-mkmmd,S1_train_I_test_all,LOCAL-MKMMD-UDA,uda,0,152,air_33,,Period_II,Period II Day 14,batch3,air,air,True
local-mkmmd,S1_train_I_test_all,LOCAL-MKMMD-UDA,uda,0,153,air_34,,Period_II,Period II Day 14,batch3,air,air,True
local-mkmmd,S1_train_I_test_all,LOCAL-MKMMD-UDA,uda,0,154,air_35,,Period_II,Period II Day 15,batch3,air,air,True
local-mkmmd,S1_train_I_test_all,LOCAL-MKMMD-UDA,uda,0,155,air_36,,Period_II,Period II Day 15,batch3,air,alcohol,False
local-mkmmd,S1_train_I_test_all,LOCAL-MKMMD-UDA,uda,0,156,air_37,,Period_II,Period II Day 15,batch3,air,air,True
local-mkmmd,S1_train_I_test_all,LOCAL-MKMMD-UDA,uda,0,157,air_38,,Period_II,Period II Day 15,batch3,air,air,True
local-mkmmd,S1_train_I_test_all,LOCAL-MKMMD-UDA,uda,0,158,air_39,,Period_II,Period II Day 15,batch3,air,air,True
local-mkmmd,S1_train_I_test_all,LOCAL-MKMMD-UDA,uda,0,159,air_40,,Period_II,Period II Day 15,batch3,air,air,True
local-mkmmd,S1_train_I_test_all,LOCAL-MKMMD-UDA,uda,0,160,air_41,,Period_II,Period II Day 16,batch3,air,alcohol,False
local-mkmmd,S1_train_I_test_all,LOCAL-MKMMD-UDA,uda,0,161,air_42,,Period_II,Period II Day 16,batch3,air,air,True
local-mkmmd,S1_train_I_test_all,LOCAL-MKMMD-UDA,uda,0,162,air_43,,Period_II,Period II Day 16,batch3,air,alcohol,False
local-mkmmd,S1_train_I_test_all,LOCAL-MKMMD-UDA,uda,0,163,air_44,,Period_II,Period II Day 16,batch3,air,air,True
local-mkmmd,S1_train_I_test_all,LOCAL-MKMMD-UDA,uda,0,164,air_45,,Period_II,Period II Day 17,batch3,air,air,True
local-mkmmd,S1_train_I_test_all,LOCAL-MKMMD-UDA,uda,0,165,air_46,,Period_II,Period II Day 17,batch3,air,alcohol,False
local-mkmmd,S1_train_I_test_all,LOCAL-MKMMD-UDA,uda,0,166,air_47,,Period_II,Period II Day 17,batch3,air,air,True
local-mkmmd,S1_train_I_test_all,LOCAL-MKMMD-UDA,uda,0,167,air_48,,Period_II,Period II Day 17,batch3,air,air,True
local-mkmmd,S1_train_I_test_all,LOCAL-MKMMD-UDA,uda,0,168,alcohol_44,,Period_II,Period II Day 10,batch3,alcohol,alcohol,True
local-mkmmd,S1_train_I_test_all,LOCAL-MKMMD-UDA,uda,0,169,alcohol_45,,Period_II,Period II Day 10,batch3,alcohol,alcohol,True
local-mkmmd,S1_train_I_test_all,LOCAL-MKMMD-UDA,uda,0,170,alcohol_46,,Period_II,Period II Day 10,batch3,alcohol,alcohol,True
local-mkmmd,S1_train_I_test_all,LOCAL-MKMMD-UDA,uda,0,171,alcohol_47,,Period_II,Period II Day 10,batch3,alcohol,alcohol,True
local-mkmmd,S1_train_I_test_all,LOCAL-MKMMD-UDA,uda,0,172,alcohol_48,,Period_II,Period II Day 11,batch3,alcohol,alcohol,True
local-mkmmd,S1_train_I_test_all,LOCAL-MKMMD-UDA,uda,0,173,alcohol_49,,Period_II,Period II Day 11,batch3,alcohol,alcohol,True
local-mkmmd,S1_train_I_test_all,LOCAL-MKMMD-UDA,uda,0,174,alcohol_50,,Period_II,Period II Day 11,batch3,alcohol,alcohol,True
local-mkmmd,S1_train_I_test_all,LOCAL-MKMMD-UDA,uda,0,175,alcohol_51,,Period_II,Period II Day 11,batch3,alcohol,alcohol,True
local-mkmmd,S1_train_I_test_all,LOCAL-MKMMD-UDA,uda,0,176,alcohol_52,,Period_II,Period II Day 12,batch3,alcohol,acetone,False
local-mkmmd,S1_train_I_test_all,LOCAL-MKMMD-UDA,uda,0,177,alcohol_53,,Period_II,Period II Day 12,batch3,alcohol,alcohol,True
local-mkmmd,S1_train_I_test_all,LOCAL-MKMMD-UDA,uda,0,178,alcohol_54,,Period_II,Period II Day 12,batch3,alcohol,alcohol,True
local-mkmmd,S1_train_I_test_all,LOCAL-MKMMD-UDA,uda,0,179,alcohol_55,,Period_II,Period II Day 12,batch3,alcohol,alcohol,True
local-mkmmd,S1_train_I_test_all,LOCAL-MKMMD-UDA,uda,0,180,alcohol_56,,Period_II,Period II Day 13,batch3,alcohol,alcohol,True
local-mkmmd,S1_train_I_test_all,LOCAL-MKMMD-UDA,uda,0,181,alcohol_57,,Period_II,Period II Day 13,batch3,alcohol,alcohol,True
local-mkmmd,S1_train_I_test_all,LOCAL-MKMMD-UDA,uda,0,182,alcohol_58,,Period_II,Period II Day 14,batch3,alcohol,alcohol,True
local-mkmmd,S1_train_I_test_all,LOCAL-MKMMD-UDA,uda,0,183,alcohol_59,,Period_II,Period II Day 14,batch3,alcohol,alcohol,True
local-mkmmd,S1_train_I_test_all,LOCAL-MKMMD-UDA,uda,0,184,alcohol_60,,Period_II,Period II Day 14,batch3,alcohol,alcohol,True
local-mkmmd,S1_train_I_test_all,LOCAL-MKMMD-UDA,uda,0,185,alcohol_61,,Period_II,Period II Day 15,batch3,alcohol,alcohol,True
local-mkmmd,S1_train_I_test_all,LOCAL-MKMMD-UDA,uda,0,186,alcohol_62,,Period_II,Period II Day 15,batch3,alcohol,alcohol,True
local-mkmmd,S1_train_I_test_all,LOCAL-MKMMD-UDA,uda,0,187,alcohol_63,,Period_II,Period II Day 15,batch3,alcohol,alcohol,True
local-mkmmd,S1_train_I_test_all,LOCAL-MKMMD-UDA,uda,0,188,alcohol_64,,Period_II,Period II Day 17,batch3,alcohol,alcohol,True
local-mkmmd,S1_train_I_test_all,LOCAL-MKMMD-UDA,uda,0,189,alcohol_65,,Period_II,Period II Day 17,batch3,alcohol,alcohol,True
local-mkmmd,S1_train_I_test_all,LOCAL-MKMMD-UDA,uda,0,190,alcohol_66,,Period_II,Period II Day 17,batch3,alcohol,alcohol,True
local-mkmmd,S1_train_I_test_all,LOCAL-MKMMD-UDA,uda,0,191,alcohol_67,,Period_II,Period II Day 17,batch3,alcohol,alcohol,True
local-mkmmd,S1_train_I_test_all,LOCAL-MKMMD-UDA,uda,0,192,alcohol_68,,Period_II,Period II Day 17,batch3,alcohol,alcohol,True
local-mkmmd,S1_train_I_test_all,LOCAL-MKMMD-UDA,uda,0,193,acetone_69,,Period_III,Period III Day 18,batch4,acetone,acetone,True
local-mkmmd,S1_train_I_test_all,LOCAL-MKMMD-UDA,uda,0,194,acetone_70,,Period_III,Period III Day 18,batch4,acetone,acetone,True
local-mkmmd,S1_train_I_test_all,LOCAL-MKMMD-UDA,uda,0,195,acetone_71,,Period_III,Period III Day 18,batch4,acetone,acetone,True
local-mkmmd,S1_train_I_test_all,LOCAL-MKMMD-UDA,uda,0,196,acetone_72,,Period_III,Period III Day 18,batch4,acetone,acetone,True
local-mkmmd,S1_train_I_test_all,LOCAL-MKMMD-UDA,uda,0,197,acetone_73,,Period_III,Period III Day 18,batch4,acetone,acetone,True
local-mkmmd,S1_train_I_test_all,LOCAL-MKMMD-UDA,uda,0,198,acetone_74,,Period_III,Period III Day 19,batch4,acetone,alcohol,False
local-mkmmd,S1_train_I_test_all,LOCAL-MKMMD-UDA,uda,0,199,acetone_75,,Period_III,Period III Day 19,batch4,acetone,acetone,True
local-mkmmd,S1_train_I_test_all,LOCAL-MKMMD-UDA,uda,0,200,acetone_76,,Period_III,Period III Day 19,batch4,acetone,acetone,True
local-mkmmd,S1_train_I_test_all,LOCAL-MKMMD-UDA,uda,0,201,acetone_77,,Period_III,Period III Day 20,batch4,acetone,acetone,True
local-mkmmd,S1_train_I_test_all,LOCAL-MKMMD-UDA,uda,0,202,acetone_78,,Period_III,Period III Day 20,batch4,acetone,acetone,True
local-mkmmd,S1_train_I_test_all,LOCAL-MKMMD-UDA,uda,0,203,acetone_79,,Period_III,Period III Day 20,batch4,acetone,acetone,True
local-mkmmd,S1_train_I_test_all,LOCAL-MKMMD-UDA,uda,0,204,acetone_80,,Period_III,Period III Day 20,batch4,acetone,acetone,True
local-mkmmd,S1_train_I_test_all,LOCAL-MKMMD-UDA,uda,0,205,acetone_81,,Period_III,Period III Day 21,batch4,acetone,acetone,True
local-mkmmd,S1_train_I_test_all,LOCAL-MKMMD-UDA,uda,0,206,acetone_82,,Period_III,Period III Day 21,batch4,acetone,acetone,True
local-mkmmd,S1_train_I_test_all,LOCAL-MKMMD-UDA,uda,0,207,acetone_83,,Period_III,Period III Day 21,batch4,acetone,acetone,True
local-mkmmd,S1_train_I_test_all,LOCAL-MKMMD-UDA,uda,0,208,acetone_84,,Period_III,Period III Day 21,batch4,acetone,acetone,True
local-mkmmd,S1_train_I_test_all,LOCAL-MKMMD-UDA,uda,0,209,air_49,,Period_III,Period III Day 18,batch4,air,air,True
local-mkmmd,S1_train_I_test_all,LOCAL-MKMMD-UDA,uda,0,210,air_50,,Period_III,Period III Day 18,batch4,air,air,True
local-mkmmd,S1_train_I_test_all,LOCAL-MKMMD-UDA,uda,0,211,air_51,,Period_III,Period III Day 18,batch4,air,air,True
local-mkmmd,S1_train_I_test_all,LOCAL-MKMMD-UDA,uda,0,212,air_52,,Period_III,Period III Day 18,batch4,air,air,True
local-mkmmd,S1_train_I_test_all,LOCAL-MKMMD-UDA,uda,0,213,air_53,,Period_III,Period III Day 19,batch4,air,alcohol,False
local-mkmmd,S1_train_I_test_all,LOCAL-MKMMD-UDA,uda,0,214,air_54,,Period_III,Period III Day 19,batch4,air,air,True
local-mkmmd,S1_train_I_test_all,LOCAL-MKMMD-UDA,uda,0,215,air_55,,Period_III,Period III Day 20,batch4,air,air,True
local-mkmmd,S1_train_I_test_all,LOCAL-MKMMD-UDA,uda,0,216,air_56,,Period_III,Period III Day 20,batch4,air,alcohol,False
local-mkmmd,S1_train_I_test_all,LOCAL-MKMMD-UDA,uda,0,217,air_57,,Period_III,Period III Day 20,batch4,air,air,True
local-mkmmd,S1_train_I_test_all,LOCAL-MKMMD-UDA,uda,0,218,air_58,,Period_III,Period III Day 20,batch4,air,air,True
local-mkmmd,S1_train_I_test_all,LOCAL-MKMMD-UDA,uda,0,219,air_59,,Period_III,Period III Day 21,batch4,air,alcohol,False
local-mkmmd,S1_train_I_test_all,LOCAL-MKMMD-UDA,uda,0,220,air_60,,Period_III,Period III Day 21,batch4,air,air,True
local-mkmmd,S1_train_I_test_all,LOCAL-MKMMD-UDA,uda,0,221,air_61,,Period_III,Period III Day 21,batch4,air,air,True
local-mkmmd,S1_train_I_test_all,LOCAL-MKMMD-UDA,uda,0,222,air_62,,Period_III,Period III Day 21,batch4,air,air,True
local-mkmmd,S1_train_I_test_all,LOCAL-MKMMD-UDA,uda,0,223,alcohol_69,,Period_III,Period III Day 18,batch4,alcohol,alcohol,True
local-mkmmd,S1_train_I_test_all,LOCAL-MKMMD-UDA,uda,0,224,alcohol_70,,Period_III,Period III Day 18,batch4,alcohol,alcohol,True
local-mkmmd,S1_train_I_test_all,LOCAL-MKMMD-UDA,uda,0,225,alcohol_71,,Period_III,Period III Day 18,batch4,alcohol,alcohol,True
local-mkmmd,S1_train_I_test_all,LOCAL-MKMMD-UDA,uda,0,226,alcohol_72,,Period_III,Period III Day 18,batch4,alcohol,alcohol,True
local-mkmmd,S1_train_I_test_all,LOCAL-MKMMD-UDA,uda,0,227,alcohol_73,,Period_III,Period III Day 18,batch4,alcohol,alcohol,True
local-mkmmd,S1_train_I_test_all,LOCAL-MKMMD-UDA,uda,0,228,alcohol_74,,Period_III,Period III Day 19,batch4,alcohol,alcohol,True
local-mkmmd,S1_train_I_test_all,LOCAL-MKMMD-UDA,uda,0,229,alcohol_75,,Period_III,Period III Day 19,batch4,alcohol,alcohol,True
local-mkmmd,S1_train_I_test_all,LOCAL-MKMMD-UDA,uda,0,230,alcohol_76,,Period_III,Period III Day 19,batch4,alcohol,alcohol,True
local-mkmmd,S1_train_I_test_all,LOCAL-MKMMD-UDA,uda,0,231,alcohol_77,,Period_III,Period III Day 20,batch4,alcohol,alcohol,True
local-mkmmd,S1_train_I_test_all,LOCAL-MKMMD-UDA,uda,0,232,alcohol_78,,Period_III,Period III Day 20,batch4,alcohol,alcohol,True
local-mkmmd,S1_train_I_test_all,LOCAL-MKMMD-UDA,uda,0,233,alcohol_79,,Period_III,Period III Day 20,batch4,alcohol,alcohol,True
local-mkmmd,S1_train_I_test_all,LOCAL-MKMMD-UDA,uda,0,234,alcohol_80,,Period_III,Period III Day 20,batch4,alcohol,alcohol,True
local-mkmmd,S1_train_I_test_all,LOCAL-MKMMD-UDA,uda,0,235,alcohol_81,,Period_III,Period III Day 21,batch4,alcohol,alcohol,True
local-mkmmd,S1_train_I_test_all,LOCAL-MKMMD-UDA,uda,0,236,alcohol_82,,Period_III,Period III Day 21,batch4,alcohol,alcohol,True
local-mkmmd,S1_train_I_test_all,LOCAL-MKMMD-UDA,uda,0,237,alcohol_83,,Period_III,Period III Day 21,batch4,alcohol,alcohol,True
local-mkmmd,S1_train_I_test_all,LOCAL-MKMMD-UDA,uda,0,238,alcohol_84,,Period_III,Period III Day 21,batch4,alcohol,alcohol,True
local-mkmmd,S1_train_I_test_all,LOCAL-MKMMD-UDA,uda,0,239,acetone_85,,Period_IV,Period IV Day 22,batch5,acetone,alcohol,False
local-mkmmd,S1_train_I_test_all,LOCAL-MKMMD-UDA,uda,0,240,acetone_86,,Period_IV,Period IV Day 22,batch5,acetone,alcohol,False
local-mkmmd,S1_train_I_test_all,LOCAL-MKMMD-UDA,uda,0,241,acetone_87,,Period_IV,Period IV Day 22,batch5,acetone,alcohol,False
local-mkmmd,S1_train_I_test_all,LOCAL-MKMMD-UDA,uda,0,242,acetone_88,,Period_IV,Period IV Day 22,batch5,acetone,acetone,True
local-mkmmd,S1_train_I_test_all,LOCAL-MKMMD-UDA,uda,0,243,acetone_89,,Period_IV,Period IV Day 23,batch5,acetone,acetone,True
local-mkmmd,S1_train_I_test_all,LOCAL-MKMMD-UDA,uda,0,244,acetone_90,,Period_IV,Period IV Day 23,batch5,acetone,acetone,True
local-mkmmd,S1_train_I_test_all,LOCAL-MKMMD-UDA,uda,0,245,acetone_91,,Period_IV,Period IV Day 23,batch5,acetone,acetone,True
local-mkmmd,S1_train_I_test_all,LOCAL-MKMMD-UDA,uda,0,246,acetone_92,,Period_IV,Period IV Day 23,batch5,acetone,acetone,True
local-mkmmd,S1_train_I_test_all,LOCAL-MKMMD-UDA,uda,0,247,acetone_93,,Period_IV,Period IV Day 24,batch5,acetone,acetone,True
local-mkmmd,S1_train_I_test_all,LOCAL-MKMMD-UDA,uda,0,248,acetone_94,,Period_IV,Period IV Day 24,batch5,acetone,acetone,True
local-mkmmd,S1_train_I_test_all,LOCAL-MKMMD-UDA,uda,0,249,acetone_95,,Period_IV,Period IV Day 24,batch5,acetone,acetone,True
local-mkmmd,S1_train_I_test_all,LOCAL-MKMMD-UDA,uda,0,250,acetone_96,,Period_IV,Period IV Day 24,batch5,acetone,acetone,True
local-mkmmd,S1_train_I_test_all,LOCAL-MKMMD-UDA,uda,0,251,air_63,,Period_IV,Period IV Day 22,batch5,air,air,True
local-mkmmd,S1_train_I_test_all,LOCAL-MKMMD-UDA,uda,0,252,air_64,,Period_IV,Period IV Day 22,batch5,air,air,True
local-mkmmd,S1_train_I_test_all,LOCAL-MKMMD-UDA,uda,0,253,air_65,,Period_IV,Period IV Day 22,batch5,air,alcohol,False
local-mkmmd,S1_train_I_test_all,LOCAL-MKMMD-UDA,uda,0,254,air_66,,Period_IV,Period IV Day 23,batch5,air,air,True
local-mkmmd,S1_train_I_test_all,LOCAL-MKMMD-UDA,uda,0,255,air_67,,Period_IV,Period IV Day 23,batch5,air,air,True
local-mkmmd,S1_train_I_test_all,LOCAL-MKMMD-UDA,uda,0,256,air_68,,Period_IV,Period IV Day 23,batch5,air,air,True
local-mkmmd,S1_train_I_test_all,LOCAL-MKMMD-UDA,uda,0,257,air_69,,Period_IV,Period IV Day 23,batch5,air,air,True
local-mkmmd,S1_train_I_test_all,LOCAL-MKMMD-UDA,uda,0,258,air_70,,Period_IV,Period IV Day 24,batch5,air,air,True
local-mkmmd,S1_train_I_test_all,LOCAL-MKMMD-UDA,uda,0,259,air_71,,Period_IV,Period IV Day 24,batch5,air,air,True
local-mkmmd,S1_train_I_test_all,LOCAL-MKMMD-UDA,uda,0,260,air_72,,Period_IV,Period IV Day 24,batch5,air,air,True
local-mkmmd,S1_train_I_test_all,LOCAL-MKMMD-UDA,uda,0,261,alcohol_85,,Period_IV,Period IV Day 22,batch5,alcohol,alcohol,True
local-mkmmd,S1_train_I_test_all,LOCAL-MKMMD-UDA,uda,0,262,alcohol_86,,Period_IV,Period IV Day 22,batch5,alcohol,alcohol,True
local-mkmmd,S1_train_I_test_all,LOCAL-MKMMD-UDA,uda,0,263,alcohol_87,,Period_IV,Period IV Day 22,batch5,alcohol,alcohol,True
local-mkmmd,S1_train_I_test_all,LOCAL-MKMMD-UDA,uda,0,264,alcohol_88,,Period_IV,Period IV Day 22,batch5,alcohol,alcohol,True
local-mkmmd,S1_train_I_test_all,LOCAL-MKMMD-UDA,uda,0,265,alcohol_89,,Period_IV,Period IV Day 23,batch5,alcohol,alcohol,True
local-mkmmd,S1_train_I_test_all,LOCAL-MKMMD-UDA,uda,0,266,alcohol_90,,Period_IV,Period IV Day 23,batch5,alcohol,alcohol,True
local-mkmmd,S1_train_I_test_all,LOCAL-MKMMD-UDA,uda,0,267,alcohol_91,,Period_IV,Period IV Day 23,batch5,alcohol,alcohol,True
local-mkmmd,S1_train_I_test_all,LOCAL-MKMMD-UDA,uda,0,268,alcohol_92,,Period_IV,Period IV Day 23,batch5,alcohol,alcohol,True
local-mkmmd,S1_train_I_test_all,LOCAL-MKMMD-UDA,uda,0,269,alcohol_93,,Period_IV,Period IV Day 24,batch5,alcohol,alcohol,True
local-mkmmd,S1_train_I_test_all,LOCAL-MKMMD-UDA,uda,0,270,alcohol_94,,Period_IV,Period IV Day 24,batch5,alcohol,alcohol,True
local-mkmmd,S1_train_I_test_all,LOCAL-MKMMD-UDA,uda,0,271,alcohol_95,,Period_IV,Period IV Day 24,batch5,alcohol,alcohol,True
local-mkmmd,S1_train_I_test_all,LOCAL-MKMMD-UDA,uda,0,272,alcohol_96,,Period_IV,Period IV Day 24,batch5,alcohol,alcohol,True
local-mkmmd,S1_train_I_test_all,LOCAL-MKMMD-UDA,uda,1,0,acetone_1,,Period_II,Period II Day 1,batch1,acetone,acetone,True
local-mkmmd,S1_train_I_test_all,LOCAL-MKMMD-UDA,uda,1,1,acetone_2,,Period_II,Period II Day 1,batch1,acetone,acetone,True
local-mkmmd,S1_train_I_test_all,LOCAL-MKMMD-UDA,uda,1,2,acetone_3,,Period_II,Period II Day 1,batch1,acetone,acetone,True
local-mkmmd,S1_train_I_test_all,LOCAL-MKMMD-UDA,uda,1,3,acetone_4,,Period_II,Period II Day 1,batch1,acetone,acetone,True
local-mkmmd,S1_train_I_test_all,LOCAL-MKMMD-UDA,uda,1,4,acetone_5,,Period_II,Period II Day 1,batch1,acetone,acetone,True
local-mkmmd,S1_train_I_test_all,LOCAL-MKMMD-UDA,uda,1,5,acetone_10,,Period_II,Period II Day 2,batch1,acetone,acetone,True
local-mkmmd,S1_train_I_test_all,LOCAL-MKMMD-UDA,uda,1,6,acetone_6,,Period_II,Period II Day 2,batch1,acetone,acetone,True
local-mkmmd,S1_train_I_test_all,LOCAL-MKMMD-UDA,uda,1,7,acetone_7,,Period_II,Period II Day 2,batch1,acetone,acetone,True
local-mkmmd,S1_train_I_test_all,LOCAL-MKMMD-UDA,uda,1,8,acetone_8,,Period_II,Period II Day 2,batch1,acetone,acetone,True
local-mkmmd,S1_train_I_test_all,LOCAL-MKMMD-UDA,uda,1,9,acetone_9,,Period_II,Period II Day 2,batch1,acetone,acetone,True
local-mkmmd,S1_train_I_test_all,LOCAL-MKMMD-UDA,uda,1,10,air_1,,Period_II,Period II Day 1,batch1,air,air,True
local-mkmmd,S1_train_I_test_all,LOCAL-MKMMD-UDA,uda,1,11,air_2,,Period_II,Period II Day 1,batch1,air,alcohol,False
local-mkmmd,S1_train_I_test_all,LOCAL-MKMMD-UDA,uda,1,12,reference_1,,Period_II,Period II Day 1,batch1,air,air,True
local-mkmmd,S1_train_I_test_all,LOCAL-MKMMD-UDA,uda,1,13,reference_2,,Period_II,Period II Day 1,batch1,air,alcohol,False
local-mkmmd,S1_train_I_test_all,LOCAL-MKMMD-UDA,uda,1,14,reference_3,,Period_II,Period II Day 1,batch1,air,air,True
local-mkmmd,S1_train_I_test_all,LOCAL-MKMMD-UDA,uda,1,15,reference_4,,Period_II,Period II Day 1,batch1,air,air,True
local-mkmmd,S1_train_I_test_all,LOCAL-MKMMD-UDA,uda,1,16,air_3,,Period_II,Period II Day 2,batch1,air,air,True
local-mkmmd,S1_train_I_test_all,LOCAL-MKMMD-UDA,uda,1,17,air_4,,Period_II,Period II Day 2,batch1,air,air,True
local-mkmmd,S1_train_I_test_all,LOCAL-MKMMD-UDA,uda,1,18,alcohol_1,,Period_II,Period II Day 1,batch1,alcohol,alcohol,True
local-mkmmd,S1_train_I_test_all,LOCAL-MKMMD-UDA,uda,1,19,alcohol_2,,Period_II,Period II Day 1,batch1,alcohol,alcohol,True
local-mkmmd,S1_train_I_test_all,LOCAL-MKMMD-UDA,uda,1,20,alcohol_3,,Period_II,Period II Day 1,batch1,alcohol,alcohol,True
local-mkmmd,S1_train_I_test_all,LOCAL-MKMMD-UDA,uda,1,21,alcohol_4,,Period_II,Period II Day 1,batch1,alcohol,alcohol,True
local-mkmmd,S1_train_I_test_all,LOCAL-MKMMD-UDA,uda,1,22,alcohol_5,,Period_II,Period II Day 1,batch1,alcohol,alcohol,True
local-mkmmd,S1_train_I_test_all,LOCAL-MKMMD-UDA,uda,1,23,alcohol_10,,Period_II,Period II Day 2,batch1,alcohol,alcohol,True
local-mkmmd,S1_train_I_test_all,LOCAL-MKMMD-UDA,uda,1,24,alcohol_6,,Period_II,Period II Day 2,batch1,alcohol,alcohol,True
local-mkmmd,S1_train_I_test_all,LOCAL-MKMMD-UDA,uda,1,25,alcohol_7,,Period_II,Period II Day 2,batch1,alcohol,air,False
local-mkmmd,S1_train_I_test_all,LOCAL-MKMMD-UDA,uda,1,26,alcohol_8,,Period_II,Period II Day 2,batch1,alcohol,alcohol,True
local-mkmmd,S1_train_I_test_all,LOCAL-MKMMD-UDA,uda,1,27,alcohol_9,,Period_II,Period II Day 2,batch1,alcohol,alcohol,True
local-mkmmd,S1_train_I_test_all,LOCAL-MKMMD-UDA,uda,1,28,acetone_11,,Period_II,Period II Day 3,batch2,acetone,acetone,True
local-mkmmd,S1_train_I_test_all,LOCAL-MKMMD-UDA,uda,1,29,acetone_12,,Period_II,Period II Day 3,batch2,acetone,air,False
local-mkmmd,S1_train_I_test_all,LOCAL-MKMMD-UDA,uda,1,30,acetone_13,,Period_II,Period II Day 3,batch2,acetone,acetone,True
local-mkmmd,S1_train_I_test_all,LOCAL-MKMMD-UDA,uda,1,31,acetone_14,,Period_II,Period II Day 3,batch2,acetone,acetone,True
local-mkmmd,S1_train_I_test_all,LOCAL-MKMMD-UDA,uda,1,32,acetone_15,,Period_II,Period II Day 3,batch2,acetone,acetone,True
local-mkmmd,S1_train_I_test_all,LOCAL-MKMMD-UDA,uda,1,33,acetone_16,,Period_II,Period II Day 4,batch2,acetone,acetone,True
local-mkmmd,S1_train_I_test_all,LOCAL-MKMMD-UDA,uda,1,34,acetone_17,,Period_II,Period II Day 4,batch2,acetone,acetone,True
local-mkmmd,S1_train_I_test_all,LOCAL-MKMMD-UDA,uda,1,35,acetone_18,,Period_II,Period II Day 4,batch2,acetone,acetone,True
local-mkmmd,S1_train_I_test_all,LOCAL-MKMMD-UDA,uda,1,36,acetone_19,,Period_II,Period II Day 4,batch2,acetone,alcohol,False
local-mkmmd,S1_train_I_test_all,LOCAL-MKMMD-UDA,uda,1,37,acetone_20,,Period_II,Period II Day 4,batch2,acetone,air,False
local-mkmmd,S1_train_I_test_all,LOCAL-MKMMD-UDA,uda,1,38,acetone_21,,Period_II,Period II Day 5,batch2,acetone,acetone,True
local-mkmmd,S1_train_I_test_all,LOCAL-MKMMD-UDA,uda,1,39,acetone_22,,Period_II,Period II Day 5,batch2,acetone,alcohol,False
local-mkmmd,S1_train_I_test_all,LOCAL-MKMMD-UDA,uda,1,40,acetone_23,,Period_II,Period II Day 5,batch2,acetone,acetone,True
local-mkmmd,S1_train_I_test_all,LOCAL-MKMMD-UDA,uda,1,41,acetone_24,,Period_II,Period II Day 5,batch2,acetone,acetone,True
local-mkmmd,S1_train_I_test_all,LOCAL-MKMMD-UDA,uda,1,42,acetone_25,,Period_II,Period II Day 5,batch2,acetone,acetone,True
local-mkmmd,S1_train_I_test_all,LOCAL-MKMMD-UDA,uda,1,43,acetone_26,,Period_II,Period II Day 6,batch2,acetone,acetone,True
local-mkmmd,S1_train_I_test_all,LOCAL-MKMMD-UDA,uda,1,44,acetone_27,,Period_II,Period II Day 6,batch2,acetone,acetone,True
local-mkmmd,S1_train_I_test_all,LOCAL-MKMMD-UDA,uda,1,45,acetone_28,,Period_II,Period II Day 6,batch2,acetone,acetone,True
local-mkmmd,S1_train_I_test_all,LOCAL-MKMMD-UDA,uda,1,46,acetone_29,,Period_II,Period II Day 6,batch2,acetone,alcohol,False
local-mkmmd,S1_train_I_test_all,LOCAL-MKMMD-UDA,uda,1,47,acetone_30,,Period_II,Period II Day 6,batch2,acetone,acetone,True
local-mkmmd,S1_train_I_test_all,LOCAL-MKMMD-UDA,uda,1,48,acetone_31,,Period_II,Period II Day 6,batch2,acetone,acetone,True
local-mkmmd,S1_train_I_test_all,LOCAL-MKMMD-UDA,uda,1,49,acetone_32,,Period_II,Period II Day 6,batch2,acetone,acetone,True
local-mkmmd,S1_train_I_test_all,LOCAL-MKMMD-UDA,uda,1,50,acetone_33,,Period_II,Period II Day 7,batch2,acetone,acetone,True
local-mkmmd,S1_train_I_test_all,LOCAL-MKMMD-UDA,uda,1,51,acetone_34,,Period_II,Period II Day 7,batch2,acetone,acetone,True
local-mkmmd,S1_train_I_test_all,LOCAL-MKMMD-UDA,uda,1,52,acetone_35,,Period_II,Period II Day 7,batch2,acetone,acetone,True
local-mkmmd,S1_train_I_test_all,LOCAL-MKMMD-UDA,uda,1,53,acetone_36,,Period_II,Period II Day 8,batch2,acetone,acetone,True
local-mkmmd,S1_train_I_test_all,LOCAL-MKMMD-UDA,uda,1,54,acetone_37,,Period_II,Period II Day 8,batch2,acetone,air,False
local-mkmmd,S1_train_I_test_all,LOCAL-MKMMD-UDA,uda,1,55,acetone_38,,Period_II,Period II Day 8,batch2,acetone,air,False
local-mkmmd,S1_train_I_test_all,LOCAL-MKMMD-UDA,uda,1,56,acetone_39,,Period_II,Period II Day 9,batch2,acetone,acetone,True
local-mkmmd,S1_train_I_test_all,LOCAL-MKMMD-UDA,uda,1,57,acetone_40,,Period_II,Period II Day 9,batch2,acetone,air,False
local-mkmmd,S1_train_I_test_all,LOCAL-MKMMD-UDA,uda,1,58,acetone_41,,Period_II,Period II Day 9,batch2,acetone,acetone,True
local-mkmmd,S1_train_I_test_all,LOCAL-MKMMD-UDA,uda,1,59,acetone_42,,Period_II,Period II Day 9,batch2,acetone,acetone,True
local-mkmmd,S1_train_I_test_all,LOCAL-MKMMD-UDA,uda,1,60,acetone_43,,Period_II,Period II Day 9,batch2,acetone,acetone,True
local-mkmmd,S1_train_I_test_all,LOCAL-MKMMD-UDA,uda,1,61,air_5,,Period_II,Period II Day 3,batch2,air,air,True
local-mkmmd,S1_train_I_test_all,LOCAL-MKMMD-UDA,uda,1,62,air_6,,Period_II,Period II Day 3,batch2,air,air,True
local-mkmmd,S1_train_I_test_all,LOCAL-MKMMD-UDA,uda,1,63,reference_5,,Period_II,Period II Day 3,batch2,air,alcohol,False
local-mkmmd,S1_train_I_test_all,LOCAL-MKMMD-UDA,uda,1,64,reference_6,,Period_II,Period II Day 3,batch2,air,air,True
local-mkmmd,S1_train_I_test_all,LOCAL-MKMMD-UDA,uda,1,65,air_7,,Period_II,Period II Day 4,batch2,air,air,True
local-mkmmd,S1_train_I_test_all,LOCAL-MKMMD-UDA,uda,1,66,air_8,,Period_II,Period II Day 4,batch2,air,air,True
local-mkmmd,S1_train_I_test_all,LOCAL-MKMMD-UDA,uda,1,67,reference_7,,Period_II,Period II Day 4,batch2,air,air,True
local-mkmmd,S1_train_I_test_all,LOCAL-MKMMD-UDA,uda,1,68,reference_8,,Period_II,Period II Day 4,batch2,air,air,True
local-mkmmd,S1_train_I_test_all,LOCAL-MKMMD-UDA,uda,1,69,air_10,,Period_II,Period II Day 5,batch2,air,air,True
local-mkmmd,S1_train_I_test_all,LOCAL-MKMMD-UDA,uda,1,70,air_9,,Period_II,Period II Day 5,batch2,air,air,True
local-mkmmd,S1_train_I_test_all,LOCAL-MKMMD-UDA,uda,1,71,air_11,,Period_II,Period II Day 6,batch2,air,air,True
local-mkmmd,S1_train_I_test_all,LOCAL-MKMMD-UDA,uda,1,72,air_12,,Period_II,Period II Day 6,batch2,air,air,True
local-mkmmd,S1_train_I_test_all,LOCAL-MKMMD-UDA,uda,1,73,air_13,,Period_II,Period II Day 6,batch2,air,air,True
local-mkmmd,S1_train_I_test_all,LOCAL-MKMMD-UDA,uda,1,74,air_14,,Period_II,Period II Day 8,batch2,air,air,True
local-mkmmd,S1_train_I_test_all,LOCAL-MKMMD-UDA,uda,1,75,air_15,,Period_II,Period II Day 8,batch2,air,air,True
local-mkmmd,S1_train_I_test_all,LOCAL-MKMMD-UDA,uda,1,76,reference_9,,Period_II,Period II Day 8,batch2,air,alcohol,False
local-mkmmd,S1_train_I_test_all,LOCAL-MKMMD-UDA,uda,1,77,air_16,,Period_II,Period II Day 9,batch2,air,air,True
local-mkmmd,S1_train_I_test_all,LOCAL-MKMMD-UDA,uda,1,78,air_17,,Period_II,Period II Day 9,batch2,air,air,True
local-mkmmd,S1_train_I_test_all,LOCAL-MKMMD-UDA,uda,1,79,alcohol_11,,Period_II,Period II Day 3,batch2,alcohol,alcohol,True
local-mkmmd,S1_train_I_test_all,LOCAL-MKMMD-UDA,uda,1,80,alcohol_12,,Period_II,Period II Day 3,batch2,alcohol,alcohol,True
local-mkmmd,S1_train_I_test_all,LOCAL-MKMMD-UDA,uda,1,81,alcohol_13,,Period_II,Period II Day 3,batch2,alcohol,alcohol,True
local-mkmmd,S1_train_I_test_all,LOCAL-MKMMD-UDA,uda,1,82,alcohol_14,,Period_II,Period II Day 3,batch2,alcohol,alcohol,True
local-mkmmd,S1_train_I_test_all,LOCAL-MKMMD-UDA,uda,1,83,alcohol_15,,Period_II,Period II Day 3,batch2,alcohol,alcohol,True
local-mkmmd,S1_train_I_test_all,LOCAL-MKMMD-UDA,uda,1,84,alcohol_16,,Period_II,Period II Day 4,batch2,alcohol,alcohol,True
local-mkmmd,S1_train_I_test_all,LOCAL-MKMMD-UDA,uda,1,85,alcohol_17,,Period_II,Period II Day 4,batch2,alcohol,alcohol,True
local-mkmmd,S1_train_I_test_all,LOCAL-MKMMD-UDA,uda,1,86,alcohol_18,,Period_II,Period II Day 4,batch2,alcohol,alcohol,True
local-mkmmd,S1_train_I_test_all,LOCAL-MKMMD-UDA,uda,1,87,alcohol_19,,Period_II,Period II Day 4,batch2,alcohol,alcohol,True
local-mkmmd,S1_train_I_test_all,LOCAL-MKMMD-UDA,uda,1,88,alcohol_20,,Period_II,Period II Day 4,batch2,alcohol,alcohol,True
local-mkmmd,S1_train_I_test_all,LOCAL-MKMMD-UDA,uda,1,89,alcohol_21,,Period_II,Period II Day 5,batch2,alcohol,alcohol,True
local-mkmmd,S1_train_I_test_all,LOCAL-MKMMD-UDA,uda,1,90,alcohol_22,,Period_II,Period II Day 5,batch2,alcohol,alcohol,True
local-mkmmd,S1_train_I_test_all,LOCAL-MKMMD-UDA,uda,1,91,alcohol_23,,Period_II,Period II Day 5,batch2,alcohol,alcohol,True
local-mkmmd,S1_train_I_test_all,LOCAL-MKMMD-UDA,uda,1,92,alcohol_24,,Period_II,Period II Day 5,batch2,alcohol,alcohol,True
local-mkmmd,S1_train_I_test_all,LOCAL-MKMMD-UDA,uda,1,93,alcohol_25,,Period_II,Period II Day 5,batch2,alcohol,alcohol,True
local-mkmmd,S1_train_I_test_all,LOCAL-MKMMD-UDA,uda,1,94,alcohol_26,,Period_II,Period II Day 6,batch2,alcohol,alcohol,True
local-mkmmd,S1_train_I_test_all,LOCAL-MKMMD-UDA,uda,1,95,alcohol_27,,Period_II,Period II Day 6,batch2,alcohol,alcohol,True
local-mkmmd,S1_train_I_test_all,LOCAL-MKMMD-UDA,uda,1,96,alcohol_28,,Period_II,Period II Day 6,batch2,alcohol,alcohol,True
local-mkmmd,S1_train_I_test_all,LOCAL-MKMMD-UDA,uda,1,97,alcohol_29,,Period_II,Period II Day 6,batch2,alcohol,alcohol,True
local-mkmmd,S1_train_I_test_all,LOCAL-MKMMD-UDA,uda,1,98,alcohol_30,,Period_II,Period II Day 6,batch2,alcohol,alcohol,True
local-mkmmd,S1_train_I_test_all,LOCAL-MKMMD-UDA,uda,1,99,alcohol_31,,Period_II,Period II Day 6,batch2,alcohol,alcohol,True
local-mkmmd,S1_train_I_test_all,LOCAL-MKMMD-UDA,uda,1,100,alcohol_32,,Period_II,Period II Day 6,batch2,alcohol,alcohol,True
local-mkmmd,S1_train_I_test_all,LOCAL-MKMMD-UDA,uda,1,101,alcohol_33,,Period_II,Period II Day 7,batch2,alcohol,alcohol,True
local-mkmmd,S1_train_I_test_all,LOCAL-MKMMD-UDA,uda,1,102,alcohol_34,,Period_II,Period II Day 7,batch2,alcohol,alcohol,True
local-mkmmd,S1_train_I_test_all,LOCAL-MKMMD-UDA,uda,1,103,alcohol_35,,Period_II,Period II Day 7,batch2,alcohol,alcohol,True
local-mkmmd,S1_train_I_test_all,LOCAL-MKMMD-UDA,uda,1,104,alcohol_36,,Period_II,Period II Day 8,batch2,alcohol,alcohol,True
local-mkmmd,S1_train_I_test_all,LOCAL-MKMMD-UDA,uda,1,105,alcohol_37,,Period_II,Period II Day 8,batch2,alcohol,alcohol,True
local-mkmmd,S1_train_I_test_all,LOCAL-MKMMD-UDA,uda,1,106,alcohol_38,,Period_II,Period II Day 8,batch2,alcohol,alcohol,True
local-mkmmd,S1_train_I_test_all,LOCAL-MKMMD-UDA,uda,1,107,alcohol_39,,Period_II,Period II Day 9,batch2,alcohol,alcohol,True
local-mkmmd,S1_train_I_test_all,LOCAL-MKMMD-UDA,uda,1,108,alcohol_40,,Period_II,Period II Day 9,batch2,alcohol,alcohol,True
local-mkmmd,S1_train_I_test_all,LOCAL-MKMMD-UDA,uda,1,109,alcohol_41,,Period_II,Period II Day 9,batch2,alcohol,air,False
local-mkmmd,S1_train_I_test_all,LOCAL-MKMMD-UDA,uda,1,110,alcohol_42,,Period_II,Period II Day 9,batch2,alcohol,alcohol,True
local-mkmmd,S1_train_I_test_all,LOCAL-MKMMD-UDA,uda,1,111,alcohol_43,,Period_II,Period II Day 9,batch2,alcohol,alcohol,True
local-mkmmd,S1_train_I_test_all,LOCAL-MKMMD-UDA,uda,1,112,acetone_44,,Period_II,Period II Day 10,batch3,acetone,acetone,True
local-mkmmd,S1_train_I_test_all,LOCAL-MKMMD-UDA,uda,1,113,acetone_45,,Period_II,Period II Day 10,batch3,acetone,acetone,True
local-mkmmd,S1_train_I_test_all,LOCAL-MKMMD-UDA,uda,1,114,acetone_46,,Period_II,Period II Day 10,batch3,acetone,alcohol,False
local-mkmmd,S1_train_I_test_all,LOCAL-MKMMD-UDA,uda,1,115,acetone_47,,Period_II,Period II Day 10,batch3,acetone,alcohol,False
local-mkmmd,S1_train_I_test_all,LOCAL-MKMMD-UDA,uda,1,116,acetone_48,,Period_II,Period II Day 11,batch3,acetone,acetone,True
local-mkmmd,S1_train_I_test_all,LOCAL-MKMMD-UDA,uda,1,117,acetone_49,,Period_II,Period II Day 11,batch3,acetone,acetone,True
local-mkmmd,S1_train_I_test_all,LOCAL-MKMMD-UDA,uda,1,118,acetone_50,,Period_II,Period II Day 11,batch3,acetone,alcohol,False
local-mkmmd,S1_train_I_test_all,LOCAL-MKMMD-UDA,uda,1,119,acetone_51,,Period_II,Period II Day 11,batch3,acetone,alcohol,False
local-mkmmd,S1_train_I_test_all,LOCAL-MKMMD-UDA,uda,1,120,acetone_52,,Period_II,Period II Day 12,batch3,acetone,acetone,True
local-mkmmd,S1_train_I_test_all,LOCAL-MKMMD-UDA,uda,1,121,acetone_53,,Period_II,Period II Day 12,batch3,acetone,acetone,True
local-mkmmd,S1_train_I_test_all,LOCAL-MKMMD-UDA,uda,1,122,acetone_54,,Period_II,Period II Day 12,batch3,acetone,air,False
local-mkmmd,S1_train_I_test_all,LOCAL-MKMMD-UDA,uda,1,123,acetone_55,,Period_II,Period II Day 12,batch3,acetone,alcohol,False
local-mkmmd,S1_train_I_test_all,LOCAL-MKMMD-UDA,uda,1,124,acetone_56,,Period_II,Period II Day 13,batch3,acetone,acetone,True
local-mkmmd,S1_train_I_test_all,LOCAL-MKMMD-UDA,uda,1,125,acetone_57,,Period_II,Period II Day 13,batch3,acetone,acetone,True
local-mkmmd,S1_train_I_test_all,LOCAL-MKMMD-UDA,uda,1,126,acetone_58,,Period_II,Period II Day 14,batch3,acetone,acetone,True
local-mkmmd,S1_train_I_test_all,LOCAL-MKMMD-UDA,uda,1,127,acetone_59,,Period_II,Period II Day 14,batch3,acetone,acetone,True
local-mkmmd,S1_train_I_test_all,LOCAL-MKMMD-UDA,uda,1,128,acetone_60,,Period_II,Period II Day 14,batch3,acetone,acetone,True
local-mkmmd,S1_train_I_test_all,LOCAL-MKMMD-UDA,uda,1,129,acetone_61,,Period_II,Period II Day 15,batch3,acetone,alcohol,False
local-mkmmd,S1_train_I_test_all,LOCAL-MKMMD-UDA,uda,1,130,acetone_62,,Period_II,Period II Day 15,batch3,acetone,alcohol,False
local-mkmmd,S1_train_I_test_all,LOCAL-MKMMD-UDA,uda,1,131,acetone_63,,Period_II,Period II Day 15,batch3,acetone,acetone,True
local-mkmmd,S1_train_I_test_all,LOCAL-MKMMD-UDA,uda,1,132,acetone_64,,Period_II,Period II Day 17,batch3,acetone,acetone,True
local-mkmmd,S1_train_I_test_all,LOCAL-MKMMD-UDA,uda,1,133,acetone_65,,Period_II,Period II Day 17,batch3,acetone,alcohol,False
local-mkmmd,S1_train_I_test_all,LOCAL-MKMMD-UDA,uda,1,134,acetone_66,,Period_II,Period II Day 17,batch3,acetone,air,False
local-mkmmd,S1_train_I_test_all,LOCAL-MKMMD-UDA,uda,1,135,acetone_67,,Period_II,Period II Day 17,batch3,acetone,acetone,True
local-mkmmd,S1_train_I_test_all,LOCAL-MKMMD-UDA,uda,1,136,acetone_68,,Period_II,Period II Day 17,batch3,acetone,acetone,True
local-mkmmd,S1_train_I_test_all,LOCAL-MKMMD-UDA,uda,1,137,air_18,,Period_II,Period II Day 10,batch3,air,air,True
local-mkmmd,S1_train_I_test_all,LOCAL-MKMMD-UDA,uda,1,138,air_19,,Period_II,Period II Day 10,batch3,air,alcohol,False
local-mkmmd,S1_train_I_test_all,LOCAL-MKMMD-UDA,uda,1,139,air_20,,Period_II,Period II Day 11,batch3,air,air,True
local-mkmmd,S1_train_I_test_all,LOCAL-MKMMD-UDA,uda,1,140,air_21,,Period_II,Period II Day 11,batch3,air,air,True
local-mkmmd,S1_train_I_test_all,LOCAL-MKMMD-UDA,uda,1,141,air_22,,Period_II,Period II Day 12,batch3,air,alcohol,False
local-mkmmd,S1_train_I_test_all,LOCAL-MKMMD-UDA,uda,1,142,air_23,,Period_II,Period II Day 12,batch3,air,air,True
local-mkmmd,S1_train_I_test_all,LOCAL-MKMMD-UDA,uda,1,143,air_24,,Period_II,Period II Day 13,batch3,air,air,True
local-mkmmd,S1_train_I_test_all,LOCAL-MKMMD-UDA,uda,1,144,air_25,,Period_II,Period II Day 13,batch3,air,air,True
local-mkmmd,S1_train_I_test_all,LOCAL-MKMMD-UDA,uda,1,145,air_26,,Period_II,Period II Day 13,batch3,air,air,True
local-mkmmd,S1_train_I_test_all,LOCAL-MKMMD-UDA,uda,1,146,air_27,,Period_II,Period II Day 13,batch3,air,air,True
local-mkmmd,S1_train_I_test_all,LOCAL-MKMMD-UDA,uda,1,147,air_28,,Period_II,Period II Day 13,batch3,air,alcohol,False
local-mkmmd,S1_train_I_test_all,LOCAL-MKMMD-UDA,uda,1,148,air_29,,Period_II,Period II Day 14,batch3,air,air,True
local-mkmmd,S1_train_I_test_all,LOCAL-MKMMD-UDA,uda,1,149,air_30,,Period_II,Period II Day 14,batch3,air,air,True
local-mkmmd,S1_train_I_test_all,LOCAL-MKMMD-UDA,uda,1,150,air_31,,Period_II,Period II Day 14,batch3,air,air,True
local-mkmmd,S1_train_I_test_all,LOCAL-MKMMD-UDA,uda,1,151,air_32,,Period_II,Period II Day 14,batch3,air,air,True
local-mkmmd,S1_train_I_test_all,LOCAL-MKMMD-UDA,uda,1,152,air_33,,Period_II,Period II Day 14,batch3,air,air,True
local-mkmmd,S1_train_I_test_all,LOCAL-MKMMD-UDA,uda,1,153,air_34,,Period_II,Period II Day 14,batch3,air,air,True
local-mkmmd,S1_train_I_test_all,LOCAL-MKMMD-UDA,uda,1,154,air_35,,Period_II,Period II Day 15,batch3,air,air,True
local-mkmmd,S1_train_I_test_all,LOCAL-MKMMD-UDA,uda,1,155,air_36,,Period_II,Period II Day 15,batch3,air,alcohol,False
local-mkmmd,S1_train_I_test_all,LOCAL-MKMMD-UDA,uda,1,156,air_37,,Period_II,Period II Day 15,batch3,air,air,True
local-mkmmd,S1_train_I_test_all,LOCAL-MKMMD-UDA,uda,1,157,air_38,,Period_II,Period II Day 15,batch3,air,air,True
local-mkmmd,S1_train_I_test_all,LOCAL-MKMMD-UDA,uda,1,158,air_39,,Period_II,Period II Day 15,batch3,air,air,True
local-mkmmd,S1_train_I_test_all,LOCAL-MKMMD-UDA,uda,1,159,air_40,,Period_II,Period II Day 15,batch3,air,air,True
local-mkmmd,S1_train_I_test_all,LOCAL-MKMMD-UDA,uda,1,160,air_41,,Period_II,Period II Day 16,batch3,air,alcohol,False
local-mkmmd,S1_train_I_test_all,LOCAL-MKMMD-UDA,uda,1,161,air_42,,Period_II,Period II Day 16,batch3,air,air,True
local-mkmmd,S1_train_I_test_all,LOCAL-MKMMD-UDA,uda,1,162,air_43,,Period_II,Period II Day 16,batch3,air,alcohol,False
local-mkmmd,S1_train_I_test_all,LOCAL-MKMMD-UDA,uda,1,163,air_44,,Period_II,Period II Day 16,batch3,air,air,True
local-mkmmd,S1_train_I_test_all,LOCAL-MKMMD-UDA,uda,1,164,air_45,,Period_II,Period II Day 17,batch3,air,air,True
local-mkmmd,S1_train_I_test_all,LOCAL-MKMMD-UDA,uda,1,165,air_46,,Period_II,Period II Day 17,batch3,air,alcohol,False
local-mkmmd,S1_train_I_test_all,LOCAL-MKMMD-UDA,uda,1,166,air_47,,Period_II,Period II Day 17,batch3,air,air,True
local-mkmmd,S1_train_I_test_all,LOCAL-MKMMD-UDA,uda,1,167,air_48,,Period_II,Period II Day 17,batch3,air,air,True
local-mkmmd,S1_train_I_test_all,LOCAL-MKMMD-UDA,uda,1,168,alcohol_44,,Period_II,Period II Day 10,batch3,alcohol,alcohol,True
local-mkmmd,S1_train_I_test_all,LOCAL-MKMMD-UDA,uda,1,169,alcohol_45,,Period_II,Period II Day 10,batch3,alcohol,alcohol,True
local-mkmmd,S1_train_I_test_all,LOCAL-MKMMD-UDA,uda,1,170,alcohol_46,,Period_II,Period II Day 10,batch3,alcohol,alcohol,True
local-mkmmd,S1_train_I_test_all,LOCAL-MKMMD-UDA,uda,1,171,alcohol_47,,Period_II,Period II Day 10,batch3,alcohol,alcohol,True
local-mkmmd,S1_train_I_test_all,LOCAL-MKMMD-UDA,uda,1,172,alcohol_48,,Period_II,Period II Day 11,batch3,alcohol,alcohol,True
local-mkmmd,S1_train_I_test_all,LOCAL-MKMMD-UDA,uda,1,173,alcohol_49,,Period_II,Period II Day 11,batch3,alcohol,alcohol,True
local-mkmmd,S1_train_I_test_all,LOCAL-MKMMD-UDA,uda,1,174,alcohol_50,,Period_II,Period II Day 11,batch3,alcohol,alcohol,True
local-mkmmd,S1_train_I_test_all,LOCAL-MKMMD-UDA,uda,1,175,alcohol_51,,Period_II,Period II Day 11,batch3,alcohol,alcohol,True
local-mkmmd,S1_train_I_test_all,LOCAL-MKMMD-UDA,uda,1,176,alcohol_52,,Period_II,Period II Day 12,batch3,alcohol,acetone,False
local-mkmmd,S1_train_I_test_all,LOCAL-MKMMD-UDA,uda,1,177,alcohol_53,,Period_II,Period II Day 12,batch3,alcohol,alcohol,True
local-mkmmd,S1_train_I_test_all,LOCAL-MKMMD-UDA,uda,1,178,alcohol_54,,Period_II,Period II Day 12,batch3,alcohol,alcohol,True
local-mkmmd,S1_train_I_test_all,LOCAL-MKMMD-UDA,uda,1,179,alcohol_55,,Period_II,Period II Day 12,batch3,alcohol,alcohol,True
local-mkmmd,S1_train_I_test_all,LOCAL-MKMMD-UDA,uda,1,180,alcohol_56,,Period_II,Period II Day 13,batch3,alcohol,alcohol,True
local-mkmmd,S1_train_I_test_all,LOCAL-MKMMD-UDA,uda,1,181,alcohol_57,,Period_II,Period II Day 13,batch3,alcohol,alcohol,True
local-mkmmd,S1_train_I_test_all,LOCAL-MKMMD-UDA,uda,1,182,alcohol_58,,Period_II,Period II Day 14,batch3,alcohol,alcohol,True
local-mkmmd,S1_train_I_test_all,LOCAL-MKMMD-UDA,uda,1,183,alcohol_59,,Period_II,Period II Day 14,batch3,alcohol,alcohol,True
local-mkmmd,S1_train_I_test_all,LOCAL-MKMMD-UDA,uda,1,184,alcohol_60,,Period_II,Period II Day 14,batch3,alcohol,alcohol,True
local-mkmmd,S1_train_I_test_all,LOCAL-MKMMD-UDA,uda,1,185,alcohol_61,,Period_II,Period II Day 15,batch3,alcohol,alcohol,True
local-mkmmd,S1_train_I_test_all,LOCAL-MKMMD-UDA,uda,1,186,alcohol_62,,Period_II,Period II Day 15,batch3,alcohol,alcohol,True
local-mkmmd,S1_train_I_test_all,LOCAL-MKMMD-UDA,uda,1,187,alcohol_63,,Period_II,Period II Day 15,batch3,alcohol,alcohol,True
local-mkmmd,S1_train_I_test_all,LOCAL-MKMMD-UDA,uda,1,188,alcohol_64,,Period_II,Period II Day 17,batch3,alcohol,alcohol,True
local-mkmmd,S1_train_I_test_all,LOCAL-MKMMD-UDA,uda,1,189,alcohol_65,,Period_II,Period II Day 17,batch3,alcohol,alcohol,True
local-mkmmd,S1_train_I_test_all,LOCAL-MKMMD-UDA,uda,1,190,alcohol_66,,Period_II,Period II Day 17,batch3,alcohol,alcohol,True
local-mkmmd,S1_train_I_test_all,LOCAL-MKMMD-UDA,uda,1,191,alcohol_67,,Period_II,Period II Day 17,batch3,alcohol,alcohol,True
local-mkmmd,S1_train_I_test_all,LOCAL-MKMMD-UDA,uda,1,192,alcohol_68,,Period_II,Period II Day 17,batch3,alcohol,alcohol,True
local-mkmmd,S1_train_I_test_all,LOCAL-MKMMD-UDA,uda,1,193,acetone_69,,Period_III,Period III Day 18,batch4,acetone,acetone,True
local-mkmmd,S1_train_I_test_all,LOCAL-MKMMD-UDA,uda,1,194,acetone_70,,Period_III,Period III Day 18,batch4,acetone,acetone,True
local-mkmmd,S1_train_I_test_all,LOCAL-MKMMD-UDA,uda,1,195,acetone_71,,Period_III,Period III Day 18,batch4,acetone,acetone,True
local-mkmmd,S1_train_I_test_all,LOCAL-MKMMD-UDA,uda,1,196,acetone_72,,Period_III,Period III Day 18,batch4,acetone,acetone,True
local-mkmmd,S1_train_I_test_all,LOCAL-MKMMD-UDA,uda,1,197,acetone_73,,Period_III,Period III Day 18,batch4,acetone,acetone,True
local-mkmmd,S1_train_I_test_all,LOCAL-MKMMD-UDA,uda,1,198,acetone_74,,Period_III,Period III Day 19,batch4,acetone,acetone,True
local-mkmmd,S1_train_I_test_all,LOCAL-MKMMD-UDA,uda,1,199,acetone_75,,Period_III,Period III Day 19,batch4,acetone,acetone,True
local-mkmmd,S1_train_I_test_all,LOCAL-MKMMD-UDA,uda,1,200,acetone_76,,Period_III,Period III Day 19,batch4,acetone,acetone,True
local-mkmmd,S1_train_I_test_all,LOCAL-MKMMD-UDA,uda,1,201,acetone_77,,Period_III,Period III Day 20,batch4,acetone,acetone,True
local-mkmmd,S1_train_I_test_all,LOCAL-MKMMD-UDA,uda,1,202,acetone_78,,Period_III,Period III Day 20,batch4,acetone,acetone,True
local-mkmmd,S1_train_I_test_all,LOCAL-MKMMD-UDA,uda,1,203,acetone_79,,Period_III,Period III Day 20,batch4,acetone,acetone,True
local-mkmmd,S1_train_I_test_all,LOCAL-MKMMD-UDA,uda,1,204,acetone_80,,Period_III,Period III Day 20,batch4,acetone,acetone,True
local-mkmmd,S1_train_I_test_all,LOCAL-MKMMD-UDA,uda,1,205,acetone_81,,Period_III,Period III Day 21,batch4,acetone,acetone,True
local-mkmmd,S1_train_I_test_all,LOCAL-MKMMD-UDA,uda,1,206,acetone_82,,Period_III,Period III Day 21,batch4,acetone,acetone,True
local-mkmmd,S1_train_I_test_all,LOCAL-MKMMD-UDA,uda,1,207,acetone_83,,Period_III,Period III Day 21,batch4,acetone,acetone,True
local-mkmmd,S1_train_I_test_all,LOCAL-MKMMD-UDA,uda,1,208,acetone_84,,Period_III,Period III Day 21,batch4,acetone,acetone,True
local-mkmmd,S1_train_I_test_all,LOCAL-MKMMD-UDA,uda,1,209,air_49,,Period_III,Period III Day 18,batch4,air,air,True
local-mkmmd,S1_train_I_test_all,LOCAL-MKMMD-UDA,uda,1,210,air_50,,Period_III,Period III Day 18,batch4,air,air,True
local-mkmmd,S1_train_I_test_all,LOCAL-MKMMD-UDA,uda,1,211,air_51,,Period_III,Period III Day 18,batch4,air,air,True
local-mkmmd,S1_train_I_test_all,LOCAL-MKMMD-UDA,uda,1,212,air_52,,Period_III,Period III Day 18,batch4,air,air,True
local-mkmmd,S1_train_I_test_all,LOCAL-MKMMD-UDA,uda,1,213,air_53,,Period_III,Period III Day 19,batch4,air,alcohol,False
local-mkmmd,S1_train_I_test_all,LOCAL-MKMMD-UDA,uda,1,214,air_54,,Period_III,Period III Day 19,batch4,air,air,True
local-mkmmd,S1_train_I_test_all,LOCAL-MKMMD-UDA,uda,1,215,air_55,,Period_III,Period III Day 20,batch4,air,air,True
local-mkmmd,S1_train_I_test_all,LOCAL-MKMMD-UDA,uda,1,216,air_56,,Period_III,Period III Day 20,batch4,air,alcohol,False
local-mkmmd,S1_train_I_test_all,LOCAL-MKMMD-UDA,uda,1,217,air_57,,Period_III,Period III Day 20,batch4,air,air,True
local-mkmmd,S1_train_I_test_all,LOCAL-MKMMD-UDA,uda,1,218,air_58,,Period_III,Period III Day 20,batch4,air,air,True
local-mkmmd,S1_train_I_test_all,LOCAL-MKMMD-UDA,uda,1,219,air_59,,Period_III,Period III Day 21,batch4,air,alcohol,False
local-mkmmd,S1_train_I_test_all,LOCAL-MKMMD-UDA,uda,1,220,air_60,,Period_III,Period III Day 21,batch4,air,air,True
local-mkmmd,S1_train_I_test_all,LOCAL-MKMMD-UDA,uda,1,221,air_61,,Period_III,Period III Day 21,batch4,air,air,True
local-mkmmd,S1_train_I_test_all,LOCAL-MKMMD-UDA,uda,1,222,air_62,,Period_III,Period III Day 21,batch4,air,air,True
local-mkmmd,S1_train_I_test_all,LOCAL-MKMMD-UDA,uda,1,223,alcohol_69,,Period_III,Period III Day 18,batch4,alcohol,alcohol,True
local-mkmmd,S1_train_I_test_all,LOCAL-MKMMD-UDA,uda,1,224,alcohol_70,,Period_III,Period III Day 18,batch4,alcohol,alcohol,True
local-mkmmd,S1_train_I_test_all,LOCAL-MKMMD-UDA,uda,1,225,alcohol_71,,Period_III,Period III Day 18,batch4,alcohol,alcohol,True
local-mkmmd,S1_train_I_test_all,LOCAL-MKMMD-UDA,uda,1,226,alcohol_72,,Period_III,Period III Day 18,batch4,alcohol,alcohol,True
local-mkmmd,S1_train_I_test_all,LOCAL-MKMMD-UDA,uda,1,227,alcohol_73,,Period_III,Period III Day 18,batch4,alcohol,alcohol,True
local-mkmmd,S1_train_I_test_all,LOCAL-MKMMD-UDA,uda,1,228,alcohol_74,,Period_III,Period III Day 19,batch4,alcohol,alcohol,True
local-mkmmd,S1_train_I_test_all,LOCAL-MKMMD-UDA,uda,1,229,alcohol_75,,Period_III,Period III Day 19,batch4,alcohol,alcohol,True
local-mkmmd,S1_train_I_test_all,LOCAL-MKMMD-UDA,uda,1,230,alcohol_76,,Period_III,Period III Day 19,batch4,alcohol,alcohol,True
local-mkmmd,S1_train_I_test_all,LOCAL-MKMMD-UDA,uda,1,231,alcohol_77,,Period_III,Period III Day 20,batch4,alcohol,alcohol,True
local-mkmmd,S1_train_I_test_all,LOCAL-MKMMD-UDA,uda,1,232,alcohol_78,,Period_III,Period III Day 20,batch4,alcohol,alcohol,True
local-mkmmd,S1_train_I_test_all,LOCAL-MKMMD-UDA,uda,1,233,alcohol_79,,Period_III,Period III Day 20,batch4,alcohol,alcohol,True
local-mkmmd,S1_train_I_test_all,LOCAL-MKMMD-UDA,uda,1,234,alcohol_80,,Period_III,Period III Day 20,batch4,alcohol,alcohol,True
local-mkmmd,S1_train_I_test_all,LOCAL-MKMMD-UDA,uda,1,235,alcohol_81,,Period_III,Period III Day 21,batch4,alcohol,alcohol,True
local-mkmmd,S1_train_I_test_all,LOCAL-MKMMD-UDA,uda,1,236,alcohol_82,,Period_III,Period III Day 21,batch4,alcohol,alcohol,True
local-mkmmd,S1_train_I_test_all,LOCAL-MKMMD-UDA,uda,1,237,alcohol_83,,Period_III,Period III Day 21,batch4,alcohol,alcohol,True
local-mkmmd,S1_train_I_test_all,LOCAL-MKMMD-UDA,uda,1,238,alcohol_84,,Period_III,Period III Day 21,batch4,alcohol,alcohol,True
local-mkmmd,S1_train_I_test_all,LOCAL-MKMMD-UDA,uda,1,239,acetone_85,,Period_IV,Period IV Day 22,batch5,acetone,alcohol,False
local-mkmmd,S1_train_I_test_all,LOCAL-MKMMD-UDA,uda,1,240,acetone_86,,Period_IV,Period IV Day 22,batch5,acetone,alcohol,False
local-mkmmd,S1_train_I_test_all,LOCAL-MKMMD-UDA,uda,1,241,acetone_87,,Period_IV,Period IV Day 22,batch5,acetone,alcohol,False
local-mkmmd,S1_train_I_test_all,LOCAL-MKMMD-UDA,uda,1,242,acetone_88,,Period_IV,Period IV Day 22,batch5,acetone,acetone,True
local-mkmmd,S1_train_I_test_all,LOCAL-MKMMD-UDA,uda,1,243,acetone_89,,Period_IV,Period IV Day 23,batch5,acetone,acetone,True
local-mkmmd,S1_train_I_test_all,LOCAL-MKMMD-UDA,uda,1,244,acetone_90,,Period_IV,Period IV Day 23,batch5,acetone,acetone,True
local-mkmmd,S1_train_I_test_all,LOCAL-MKMMD-UDA,uda,1,245,acetone_91,,Period_IV,Period IV Day 23,batch5,acetone,acetone,True
local-mkmmd,S1_train_I_test_all,LOCAL-MKMMD-UDA,uda,1,246,acetone_92,,Period_IV,Period IV Day 23,batch5,acetone,acetone,True
local-mkmmd,S1_train_I_test_all,LOCAL-MKMMD-UDA,uda,1,247,acetone_93,,Period_IV,Period IV Day 24,batch5,acetone,acetone,True
local-mkmmd,S1_train_I_test_all,LOCAL-MKMMD-UDA,uda,1,248,acetone_94,,Period_IV,Period IV Day 24,batch5,acetone,acetone,True
local-mkmmd,S1_train_I_test_all,LOCAL-MKMMD-UDA,uda,1,249,acetone_95,,Period_IV,Period IV Day 24,batch5,acetone,acetone,True
local-mkmmd,S1_train_I_test_all,LOCAL-MKMMD-UDA,uda,1,250,acetone_96,,Period_IV,Period IV Day 24,batch5,acetone,acetone,True
local-mkmmd,S1_train_I_test_all,LOCAL-MKMMD-UDA,uda,1,251,air_63,,Period_IV,Period IV Day 22,batch5,air,air,True
local-mkmmd,S1_train_I_test_all,LOCAL-MKMMD-UDA,uda,1,252,air_64,,Period_IV,Period IV Day 22,batch5,air,air,True
local-mkmmd,S1_train_I_test_all,LOCAL-MKMMD-UDA,uda,1,253,air_65,,Period_IV,Period IV Day 22,batch5,air,alcohol,False
local-mkmmd,S1_train_I_test_all,LOCAL-MKMMD-UDA,uda,1,254,air_66,,Period_IV,Period IV Day 23,batch5,air,air,True
local-mkmmd,S1_train_I_test_all,LOCAL-MKMMD-UDA,uda,1,255,air_67,,Period_IV,Period IV Day 23,batch5,air,air,True
local-mkmmd,S1_train_I_test_all,LOCAL-MKMMD-UDA,uda,1,256,air_68,,Period_IV,Period IV Day 23,batch5,air,air,True
local-mkmmd,S1_train_I_test_all,LOCAL-MKMMD-UDA,uda,1,257,air_69,,Period_IV,Period IV Day 23,batch5,air,air,True
local-mkmmd,S1_train_I_test_all,LOCAL-MKMMD-UDA,uda,1,258,air_70,,Period_IV,Period IV Day 24,batch5,air,air,True
local-mkmmd,S1_train_I_test_all,LOCAL-MKMMD-UDA,uda,1,259,air_71,,Period_IV,Period IV Day 24,batch5,air,air,True
local-mkmmd,S1_train_I_test_all,LOCAL-MKMMD-UDA,uda,1,260,air_72,,Period_IV,Period IV Day 24,batch5,air,air,True
local-mkmmd,S1_train_I_test_all,LOCAL-MKMMD-UDA,uda,1,261,alcohol_85,,Period_IV,Period IV Day 22,batch5,alcohol,alcohol,True
local-mkmmd,S1_train_I_test_all,LOCAL-MKMMD-UDA,uda,1,262,alcohol_86,,Period_IV,Period IV Day 22,batch5,alcohol,alcohol,True
local-mkmmd,S1_train_I_test_all,LOCAL-MKMMD-UDA,uda,1,263,alcohol_87,,Period_IV,Period IV Day 22,batch5,alcohol,alcohol,True
local-mkmmd,S1_train_I_test_all,LOCAL-MKMMD-UDA,uda,1,264,alcohol_88,,Period_IV,Period IV Day 22,batch5,alcohol,alcohol,True
local-mkmmd,S1_train_I_test_all,LOCAL-MKMMD-UDA,uda,1,265,alcohol_89,,Period_IV,Period IV Day 23,batch5,alcohol,alcohol,True
local-mkmmd,S1_train_I_test_all,LOCAL-MKMMD-UDA,uda,1,266,alcohol_90,,Period_IV,Period IV Day 23,batch5,alcohol,alcohol,True
local-mkmmd,S1_train_I_test_all,LOCAL-MKMMD-UDA,uda,1,267,alcohol_91,,Period_IV,Period IV Day 23,batch5,alcohol,alcohol,True
local-mkmmd,S1_train_I_test_all,LOCAL-MKMMD-UDA,uda,1,268,alcohol_92,,Period_IV,Period IV Day 23,batch5,alcohol,alcohol,True
local-mkmmd,S1_train_I_test_all,LOCAL-MKMMD-UDA,uda,1,269,alcohol_93,,Period_IV,Period IV Day 24,batch5,alcohol,alcohol,True
local-mkmmd,S1_train_I_test_all,LOCAL-MKMMD-UDA,uda,1,270,alcohol_94,,Period_IV,Period IV Day 24,batch5,alcohol,alcohol,True
local-mkmmd,S1_train_I_test_all,LOCAL-MKMMD-UDA,uda,1,271,alcohol_95,,Period_IV,Period IV Day 24,batch5,alcohol,alcohol,True
local-mkmmd,S1_train_I_test_all,LOCAL-MKMMD-UDA,uda,1,272,alcohol_96,,Period_IV,Period IV Day 24,batch5,alcohol,alcohol,True
local-mkmmd,S1_train_I_test_all,LOCAL-MKMMD-UDA,uda,2,0,acetone_1,,Period_II,Period II Day 1,batch1,acetone,acetone,True
local-mkmmd,S1_train_I_test_all,LOCAL-MKMMD-UDA,uda,2,1,acetone_2,,Period_II,Period II Day 1,batch1,acetone,acetone,True
local-mkmmd,S1_train_I_test_all,LOCAL-MKMMD-UDA,uda,2,2,acetone_3,,Period_II,Period II Day 1,batch1,acetone,acetone,True
local-mkmmd,S1_train_I_test_all,LOCAL-MKMMD-UDA,uda,2,3,acetone_4,,Period_II,Period II Day 1,batch1,acetone,acetone,True
local-mkmmd,S1_train_I_test_all,LOCAL-MKMMD-UDA,uda,2,4,acetone_5,,Period_II,Period II Day 1,batch1,acetone,acetone,True
local-mkmmd,S1_train_I_test_all,LOCAL-MKMMD-UDA,uda,2,5,acetone_10,,Period_II,Period II Day 2,batch1,acetone,acetone,True
local-mkmmd,S1_train_I_test_all,LOCAL-MKMMD-UDA,uda,2,6,acetone_6,,Period_II,Period II Day 2,batch1,acetone,acetone,True
local-mkmmd,S1_train_I_test_all,LOCAL-MKMMD-UDA,uda,2,7,acetone_7,,Period_II,Period II Day 2,batch1,acetone,acetone,True
local-mkmmd,S1_train_I_test_all,LOCAL-MKMMD-UDA,uda,2,8,acetone_8,,Period_II,Period II Day 2,batch1,acetone,air,False
local-mkmmd,S1_train_I_test_all,LOCAL-MKMMD-UDA,uda,2,9,acetone_9,,Period_II,Period II Day 2,batch1,acetone,acetone,True
local-mkmmd,S1_train_I_test_all,LOCAL-MKMMD-UDA,uda,2,10,air_1,,Period_II,Period II Day 1,batch1,air,air,True
local-mkmmd,S1_train_I_test_all,LOCAL-MKMMD-UDA,uda,2,11,air_2,,Period_II,Period II Day 1,batch1,air,alcohol,False
local-mkmmd,S1_train_I_test_all,LOCAL-MKMMD-UDA,uda,2,12,reference_1,,Period_II,Period II Day 1,batch1,air,air,True
local-mkmmd,S1_train_I_test_all,LOCAL-MKMMD-UDA,uda,2,13,reference_2,,Period_II,Period II Day 1,batch1,air,air,True
local-mkmmd,S1_train_I_test_all,LOCAL-MKMMD-UDA,uda,2,14,reference_3,,Period_II,Period II Day 1,batch1,air,air,True
local-mkmmd,S1_train_I_test_all,LOCAL-MKMMD-UDA,uda,2,15,reference_4,,Period_II,Period II Day 1,batch1,air,air,True
local-mkmmd,S1_train_I_test_all,LOCAL-MKMMD-UDA,uda,2,16,air_3,,Period_II,Period II Day 2,batch1,air,air,True
local-mkmmd,S1_train_I_test_all,LOCAL-MKMMD-UDA,uda,2,17,air_4,,Period_II,Period II Day 2,batch1,air,air,True
local-mkmmd,S1_train_I_test_all,LOCAL-MKMMD-UDA,uda,2,18,alcohol_1,,Period_II,Period II Day 1,batch1,alcohol,alcohol,True
local-mkmmd,S1_train_I_test_all,LOCAL-MKMMD-UDA,uda,2,19,alcohol_2,,Period_II,Period II Day 1,batch1,alcohol,alcohol,True
local-mkmmd,S1_train_I_test_all,LOCAL-MKMMD-UDA,uda,2,20,alcohol_3,,Period_II,Period II Day 1,batch1,alcohol,alcohol,True
local-mkmmd,S1_train_I_test_all,LOCAL-MKMMD-UDA,uda,2,21,alcohol_4,,Period_II,Period II Day 1,batch1,alcohol,alcohol,True
local-mkmmd,S1_train_I_test_all,LOCAL-MKMMD-UDA,uda,2,22,alcohol_5,,Period_II,Period II Day 1,batch1,alcohol,alcohol,True
local-mkmmd,S1_train_I_test_all,LOCAL-MKMMD-UDA,uda,2,23,alcohol_10,,Period_II,Period II Day 2,batch1,alcohol,alcohol,True
local-mkmmd,S1_train_I_test_all,LOCAL-MKMMD-UDA,uda,2,24,alcohol_6,,Period_II,Period II Day 2,batch1,alcohol,alcohol,True
local-mkmmd,S1_train_I_test_all,LOCAL-MKMMD-UDA,uda,2,25,alcohol_7,,Period_II,Period II Day 2,batch1,alcohol,air,False
local-mkmmd,S1_train_I_test_all,LOCAL-MKMMD-UDA,uda,2,26,alcohol_8,,Period_II,Period II Day 2,batch1,alcohol,alcohol,True
local-mkmmd,S1_train_I_test_all,LOCAL-MKMMD-UDA,uda,2,27,alcohol_9,,Period_II,Period II Day 2,batch1,alcohol,alcohol,True
local-mkmmd,S1_train_I_test_all,LOCAL-MKMMD-UDA,uda,2,28,acetone_11,,Period_II,Period II Day 3,batch2,acetone,alcohol,False
local-mkmmd,S1_train_I_test_all,LOCAL-MKMMD-UDA,uda,2,29,acetone_12,,Period_II,Period II Day 3,batch2,acetone,acetone,True
local-mkmmd,S1_train_I_test_all,LOCAL-MKMMD-UDA,uda,2,30,acetone_13,,Period_II,Period II Day 3,batch2,acetone,acetone,True
local-mkmmd,S1_train_I_test_all,LOCAL-MKMMD-UDA,uda,2,31,acetone_14,,Period_II,Period II Day 3,batch2,acetone,acetone,True
local-mkmmd,S1_train_I_test_all,LOCAL-MKMMD-UDA,uda,2,32,acetone_15,,Period_II,Period II Day 3,batch2,acetone,acetone,True
local-mkmmd,S1_train_I_test_all,LOCAL-MKMMD-UDA,uda,2,33,acetone_16,,Period_II,Period II Day 4,batch2,acetone,acetone,True
local-mkmmd,S1_train_I_test_all,LOCAL-MKMMD-UDA,uda,2,34,acetone_17,,Period_II,Period II Day 4,batch2,acetone,acetone,True
local-mkmmd,S1_train_I_test_all,LOCAL-MKMMD-UDA,uda,2,35,acetone_18,,Period_II,Period II Day 4,batch2,acetone,acetone,True
local-mkmmd,S1_train_I_test_all,LOCAL-MKMMD-UDA,uda,2,36,acetone_19,,Period_II,Period II Day 4,batch2,acetone,air,False
local-mkmmd,S1_train_I_test_all,LOCAL-MKMMD-UDA,uda,2,37,acetone_20,,Period_II,Period II Day 4,batch2,acetone,acetone,True
local-mkmmd,S1_train_I_test_all,LOCAL-MKMMD-UDA,uda,2,38,acetone_21,,Period_II,Period II Day 5,batch2,acetone,acetone,True
local-mkmmd,S1_train_I_test_all,LOCAL-MKMMD-UDA,uda,2,39,acetone_22,,Period_II,Period II Day 5,batch2,acetone,alcohol,False
local-mkmmd,S1_train_I_test_all,LOCAL-MKMMD-UDA,uda,2,40,acetone_23,,Period_II,Period II Day 5,batch2,acetone,acetone,True
local-mkmmd,S1_train_I_test_all,LOCAL-MKMMD-UDA,uda,2,41,acetone_24,,Period_II,Period II Day 5,batch2,acetone,acetone,True
local-mkmmd,S1_train_I_test_all,LOCAL-MKMMD-UDA,uda,2,42,acetone_25,,Period_II,Period II Day 5,batch2,acetone,acetone,True
local-mkmmd,S1_train_I_test_all,LOCAL-MKMMD-UDA,uda,2,43,acetone_26,,Period_II,Period II Day 6,batch2,acetone,acetone,True
local-mkmmd,S1_train_I_test_all,LOCAL-MKMMD-UDA,uda,2,44,acetone_27,,Period_II,Period II Day 6,batch2,acetone,acetone,True
local-mkmmd,S1_train_I_test_all,LOCAL-MKMMD-UDA,uda,2,45,acetone_28,,Period_II,Period II Day 6,batch2,acetone,acetone,True
local-mkmmd,S1_train_I_test_all,LOCAL-MKMMD-UDA,uda,2,46,acetone_29,,Period_II,Period II Day 6,batch2,acetone,acetone,True
local-mkmmd,S1_train_I_test_all,LOCAL-MKMMD-UDA,uda,2,47,acetone_30,,Period_II,Period II Day 6,batch2,acetone,acetone,True
local-mkmmd,S1_train_I_test_all,LOCAL-MKMMD-UDA,uda,2,48,acetone_31,,Period_II,Period II Day 6,batch2,acetone,acetone,True
local-mkmmd,S1_train_I_test_all,LOCAL-MKMMD-UDA,uda,2,49,acetone_32,,Period_II,Period II Day 6,batch2,acetone,acetone,True
local-mkmmd,S1_train_I_test_all,LOCAL-MKMMD-UDA,uda,2,50,acetone_33,,Period_II,Period II Day 7,batch2,acetone,acetone,True
local-mkmmd,S1_train_I_test_all,LOCAL-MKMMD-UDA,uda,2,51,acetone_34,,Period_II,Period II Day 7,batch2,acetone,acetone,True
local-mkmmd,S1_train_I_test_all,LOCAL-MKMMD-UDA,uda,2,52,acetone_35,,Period_II,Period II Day 7,batch2,acetone,acetone,True
local-mkmmd,S1_train_I_test_all,LOCAL-MKMMD-UDA,uda,2,53,acetone_36,,Period_II,Period II Day 8,batch2,acetone,acetone,True
local-mkmmd,S1_train_I_test_all,LOCAL-MKMMD-UDA,uda,2,54,acetone_37,,Period_II,Period II Day 8,batch2,acetone,air,False
local-mkmmd,S1_train_I_test_all,LOCAL-MKMMD-UDA,uda,2,55,acetone_38,,Period_II,Period II Day 8,batch2,acetone,air,False
local-mkmmd,S1_train_I_test_all,LOCAL-MKMMD-UDA,uda,2,56,acetone_39,,Period_II,Period II Day 9,batch2,acetone,acetone,True
local-mkmmd,S1_train_I_test_all,LOCAL-MKMMD-UDA,uda,2,57,acetone_40,,Period_II,Period II Day 9,batch2,acetone,air,False
local-mkmmd,S1_train_I_test_all,LOCAL-MKMMD-UDA,uda,2,58,acetone_41,,Period_II,Period II Day 9,batch2,acetone,acetone,True
local-mkmmd,S1_train_I_test_all,LOCAL-MKMMD-UDA,uda,2,59,acetone_42,,Period_II,Period II Day 9,batch2,acetone,acetone,True
local-mkmmd,S1_train_I_test_all,LOCAL-MKMMD-UDA,uda,2,60,acetone_43,,Period_II,Period II Day 9,batch2,acetone,acetone,True
local-mkmmd,S1_train_I_test_all,LOCAL-MKMMD-UDA,uda,2,61,air_5,,Period_II,Period II Day 3,batch2,air,air,True
local-mkmmd,S1_train_I_test_all,LOCAL-MKMMD-UDA,uda,2,62,air_6,,Period_II,Period II Day 3,batch2,air,air,True
local-mkmmd,S1_train_I_test_all,LOCAL-MKMMD-UDA,uda,2,63,reference_5,,Period_II,Period II Day 3,batch2,air,alcohol,False
local-mkmmd,S1_train_I_test_all,LOCAL-MKMMD-UDA,uda,2,64,reference_6,,Period_II,Period II Day 3,batch2,air,air,True
local-mkmmd,S1_train_I_test_all,LOCAL-MKMMD-UDA,uda,2,65,air_7,,Period_II,Period II Day 4,batch2,air,air,True
local-mkmmd,S1_train_I_test_all,LOCAL-MKMMD-UDA,uda,2,66,air_8,,Period_II,Period II Day 4,batch2,air,air,True
local-mkmmd,S1_train_I_test_all,LOCAL-MKMMD-UDA,uda,2,67,reference_7,,Period_II,Period II Day 4,batch2,air,air,True
local-mkmmd,S1_train_I_test_all,LOCAL-MKMMD-UDA,uda,2,68,reference_8,,Period_II,Period II Day 4,batch2,air,air,True
local-mkmmd,S1_train_I_test_all,LOCAL-MKMMD-UDA,uda,2,69,air_10,,Period_II,Period II Day 5,batch2,air,air,True
local-mkmmd,S1_train_I_test_all,LOCAL-MKMMD-UDA,uda,2,70,air_9,,Period_II,Period II Day 5,batch2,air,air,True
local-mkmmd,S1_train_I_test_all,LOCAL-MKMMD-UDA,uda,2,71,air_11,,Period_II,Period II Day 6,batch2,air,air,True
local-mkmmd,S1_train_I_test_all,LOCAL-MKMMD-UDA,uda,2,72,air_12,,Period_II,Period II Day 6,batch2,air,air,True
local-mkmmd,S1_train_I_test_all,LOCAL-MKMMD-UDA,uda,2,73,air_13,,Period_II,Period II Day 6,batch2,air,air,True
local-mkmmd,S1_train_I_test_all,LOCAL-MKMMD-UDA,uda,2,74,air_14,,Period_II,Period II Day 8,batch2,air,air,True
local-mkmmd,S1_train_I_test_all,LOCAL-MKMMD-UDA,uda,2,75,air_15,,Period_II,Period II Day 8,batch2,air,air,True
local-mkmmd,S1_train_I_test_all,LOCAL-MKMMD-UDA,uda,2,76,reference_9,,Period_II,Period II Day 8,batch2,air,alcohol,False
local-mkmmd,S1_train_I_test_all,LOCAL-MKMMD-UDA,uda,2,77,air_16,,Period_II,Period II Day 9,batch2,air,air,True
local-mkmmd,S1_train_I_test_all,LOCAL-MKMMD-UDA,uda,2,78,air_17,,Period_II,Period II Day 9,batch2,air,air,True
local-mkmmd,S1_train_I_test_all,LOCAL-MKMMD-UDA,uda,2,79,alcohol_11,,Period_II,Period II Day 3,batch2,alcohol,alcohol,True
local-mkmmd,S1_train_I_test_all,LOCAL-MKMMD-UDA,uda,2,80,alcohol_12,,Period_II,Period II Day 3,batch2,alcohol,alcohol,True
local-mkmmd,S1_train_I_test_all,LOCAL-MKMMD-UDA,uda,2,81,alcohol_13,,Period_II,Period II Day 3,batch2,alcohol,alcohol,True
local-mkmmd,S1_train_I_test_all,LOCAL-MKMMD-UDA,uda,2,82,alcohol_14,,Period_II,Period II Day 3,batch2,alcohol,alcohol,True
local-mkmmd,S1_train_I_test_all,LOCAL-MKMMD-UDA,uda,2,83,alcohol_15,,Period_II,Period II Day 3,batch2,alcohol,alcohol,True
local-mkmmd,S1_train_I_test_all,LOCAL-MKMMD-UDA,uda,2,84,alcohol_16,,Period_II,Period II Day 4,batch2,alcohol,alcohol,True
local-mkmmd,S1_train_I_test_all,LOCAL-MKMMD-UDA,uda,2,85,alcohol_17,,Period_II,Period II Day 4,batch2,alcohol,alcohol,True
local-mkmmd,S1_train_I_test_all,LOCAL-MKMMD-UDA,uda,2,86,alcohol_18,,Period_II,Period II Day 4,batch2,alcohol,alcohol,True
local-mkmmd,S1_train_I_test_all,LOCAL-MKMMD-UDA,uda,2,87,alcohol_19,,Period_II,Period II Day 4,batch2,alcohol,alcohol,True
local-mkmmd,S1_train_I_test_all,LOCAL-MKMMD-UDA,uda,2,88,alcohol_20,,Period_II,Period II Day 4,batch2,alcohol,alcohol,True
local-mkmmd,S1_train_I_test_all,LOCAL-MKMMD-UDA,uda,2,89,alcohol_21,,Period_II,Period II Day 5,batch2,alcohol,alcohol,True
local-mkmmd,S1_train_I_test_all,LOCAL-MKMMD-UDA,uda,2,90,alcohol_22,,Period_II,Period II Day 5,batch2,alcohol,alcohol,True
local-mkmmd,S1_train_I_test_all,LOCAL-MKMMD-UDA,uda,2,91,alcohol_23,,Period_II,Period II Day 5,batch2,alcohol,alcohol,True
local-mkmmd,S1_train_I_test_all,LOCAL-MKMMD-UDA,uda,2,92,alcohol_24,,Period_II,Period II Day 5,batch2,alcohol,alcohol,True
local-mkmmd,S1_train_I_test_all,LOCAL-MKMMD-UDA,uda,2,93,alcohol_25,,Period_II,Period II Day 5,batch2,alcohol,alcohol,True
local-mkmmd,S1_train_I_test_all,LOCAL-MKMMD-UDA,uda,2,94,alcohol_26,,Period_II,Period II Day 6,batch2,alcohol,alcohol,True
local-mkmmd,S1_train_I_test_all,LOCAL-MKMMD-UDA,uda,2,95,alcohol_27,,Period_II,Period II Day 6,batch2,alcohol,alcohol,True
local-mkmmd,S1_train_I_test_all,LOCAL-MKMMD-UDA,uda,2,96,alcohol_28,,Period_II,Period II Day 6,batch2,alcohol,alcohol,True
local-mkmmd,S1_train_I_test_all,LOCAL-MKMMD-UDA,uda,2,97,alcohol_29,,Period_II,Period II Day 6,batch2,alcohol,alcohol,True
local-mkmmd,S1_train_I_test_all,LOCAL-MKMMD-UDA,uda,2,98,alcohol_30,,Period_II,Period II Day 6,batch2,alcohol,alcohol,True
local-mkmmd,S1_train_I_test_all,LOCAL-MKMMD-UDA,uda,2,99,alcohol_31,,Period_II,Period II Day 6,batch2,alcohol,alcohol,True
local-mkmmd,S1_train_I_test_all,LOCAL-MKMMD-UDA,uda,2,100,alcohol_32,,Period_II,Period II Day 6,batch2,alcohol,alcohol,True
local-mkmmd,S1_train_I_test_all,LOCAL-MKMMD-UDA,uda,2,101,alcohol_33,,Period_II,Period II Day 7,batch2,alcohol,alcohol,True
local-mkmmd,S1_train_I_test_all,LOCAL-MKMMD-UDA,uda,2,102,alcohol_34,,Period_II,Period II Day 7,batch2,alcohol,alcohol,True
local-mkmmd,S1_train_I_test_all,LOCAL-MKMMD-UDA,uda,2,103,alcohol_35,,Period_II,Period II Day 7,batch2,alcohol,alcohol,True
local-mkmmd,S1_train_I_test_all,LOCAL-MKMMD-UDA,uda,2,104,alcohol_36,,Period_II,Period II Day 8,batch2,alcohol,alcohol,True
local-mkmmd,S1_train_I_test_all,LOCAL-MKMMD-UDA,uda,2,105,alcohol_37,,Period_II,Period II Day 8,batch2,alcohol,alcohol,True
local-mkmmd,S1_train_I_test_all,LOCAL-MKMMD-UDA,uda,2,106,alcohol_38,,Period_II,Period II Day 8,batch2,alcohol,alcohol,True
local-mkmmd,S1_train_I_test_all,LOCAL-MKMMD-UDA,uda,2,107,alcohol_39,,Period_II,Period II Day 9,batch2,alcohol,alcohol,True
local-mkmmd,S1_train_I_test_all,LOCAL-MKMMD-UDA,uda,2,108,alcohol_40,,Period_II,Period II Day 9,batch2,alcohol,alcohol,True
local-mkmmd,S1_train_I_test_all,LOCAL-MKMMD-UDA,uda,2,109,alcohol_41,,Period_II,Period II Day 9,batch2,alcohol,air,False
local-mkmmd,S1_train_I_test_all,LOCAL-MKMMD-UDA,uda,2,110,alcohol_42,,Period_II,Period II Day 9,batch2,alcohol,alcohol,True
local-mkmmd,S1_train_I_test_all,LOCAL-MKMMD-UDA,uda,2,111,alcohol_43,,Period_II,Period II Day 9,batch2,alcohol,alcohol,True
local-mkmmd,S1_train_I_test_all,LOCAL-MKMMD-UDA,uda,2,112,acetone_44,,Period_II,Period II Day 10,batch3,acetone,acetone,True
local-mkmmd,S1_train_I_test_all,LOCAL-MKMMD-UDA,uda,2,113,acetone_45,,Period_II,Period II Day 10,batch3,acetone,acetone,True
local-mkmmd,S1_train_I_test_all,LOCAL-MKMMD-UDA,uda,2,114,acetone_46,,Period_II,Period II Day 10,batch3,acetone,acetone,True
local-mkmmd,S1_train_I_test_all,LOCAL-MKMMD-UDA,uda,2,115,acetone_47,,Period_II,Period II Day 10,batch3,acetone,alcohol,False
local-mkmmd,S1_train_I_test_all,LOCAL-MKMMD-UDA,uda,2,116,acetone_48,,Period_II,Period II Day 11,batch3,acetone,acetone,True
local-mkmmd,S1_train_I_test_all,LOCAL-MKMMD-UDA,uda,2,117,acetone_49,,Period_II,Period II Day 11,batch3,acetone,acetone,True
local-mkmmd,S1_train_I_test_all,LOCAL-MKMMD-UDA,uda,2,118,acetone_50,,Period_II,Period II Day 11,batch3,acetone,acetone,True
local-mkmmd,S1_train_I_test_all,LOCAL-MKMMD-UDA,uda,2,119,acetone_51,,Period_II,Period II Day 11,batch3,acetone,alcohol,False
local-mkmmd,S1_train_I_test_all,LOCAL-MKMMD-UDA,uda,2,120,acetone_52,,Period_II,Period II Day 12,batch3,acetone,acetone,True
local-mkmmd,S1_train_I_test_all,LOCAL-MKMMD-UDA,uda,2,121,acetone_53,,Period_II,Period II Day 12,batch3,acetone,acetone,True
local-mkmmd,S1_train_I_test_all,LOCAL-MKMMD-UDA,uda,2,122,acetone_54,,Period_II,Period II Day 12,batch3,acetone,air,False
local-mkmmd,S1_train_I_test_all,LOCAL-MKMMD-UDA,uda,2,123,acetone_55,,Period_II,Period II Day 12,batch3,acetone,acetone,True
local-mkmmd,S1_train_I_test_all,LOCAL-MKMMD-UDA,uda,2,124,acetone_56,,Period_II,Period II Day 13,batch3,acetone,acetone,True
local-mkmmd,S1_train_I_test_all,LOCAL-MKMMD-UDA,uda,2,125,acetone_57,,Period_II,Period II Day 13,batch3,acetone,acetone,True
local-mkmmd,S1_train_I_test_all,LOCAL-MKMMD-UDA,uda,2,126,acetone_58,,Period_II,Period II Day 14,batch3,acetone,acetone,True
local-mkmmd,S1_train_I_test_all,LOCAL-MKMMD-UDA,uda,2,127,acetone_59,,Period_II,Period II Day 14,batch3,acetone,acetone,True
local-mkmmd,S1_train_I_test_all,LOCAL-MKMMD-UDA,uda,2,128,acetone_60,,Period_II,Period II Day 14,batch3,acetone,acetone,True
local-mkmmd,S1_train_I_test_all,LOCAL-MKMMD-UDA,uda,2,129,acetone_61,,Period_II,Period II Day 15,batch3,acetone,air,False
local-mkmmd,S1_train_I_test_all,LOCAL-MKMMD-UDA,uda,2,130,acetone_62,,Period_II,Period II Day 15,batch3,acetone,acetone,True
local-mkmmd,S1_train_I_test_all,LOCAL-MKMMD-UDA,uda,2,131,acetone_63,,Period_II,Period II Day 15,batch3,acetone,acetone,True
local-mkmmd,S1_train_I_test_all,LOCAL-MKMMD-UDA,uda,2,132,acetone_64,,Period_II,Period II Day 17,batch3,acetone,acetone,True
local-mkmmd,S1_train_I_test_all,LOCAL-MKMMD-UDA,uda,2,133,acetone_65,,Period_II,Period II Day 17,batch3,acetone,air,False
local-mkmmd,S1_train_I_test_all,LOCAL-MKMMD-UDA,uda,2,134,acetone_66,,Period_II,Period II Day 17,batch3,acetone,air,False
local-mkmmd,S1_train_I_test_all,LOCAL-MKMMD-UDA,uda,2,135,acetone_67,,Period_II,Period II Day 17,batch3,acetone,acetone,True
local-mkmmd,S1_train_I_test_all,LOCAL-MKMMD-UDA,uda,2,136,acetone_68,,Period_II,Period II Day 17,batch3,acetone,acetone,True
local-mkmmd,S1_train_I_test_all,LOCAL-MKMMD-UDA,uda,2,137,air_18,,Period_II,Period II Day 10,batch3,air,air,True
local-mkmmd,S1_train_I_test_all,LOCAL-MKMMD-UDA,uda,2,138,air_19,,Period_II,Period II Day 10,batch3,air,air,True
local-mkmmd,S1_train_I_test_all,LOCAL-MKMMD-UDA,uda,2,139,air_20,,Period_II,Period II Day 11,batch3,air,air,True
local-mkmmd,S1_train_I_test_all,LOCAL-MKMMD-UDA,uda,2,140,air_21,,Period_II,Period II Day 11,batch3,air,air,True
local-mkmmd,S1_train_I_test_all,LOCAL-MKMMD-UDA,uda,2,141,air_22,,Period_II,Period II Day 12,batch3,air,alcohol,False
local-mkmmd,S1_train_I_test_all,LOCAL-MKMMD-UDA,uda,2,142,air_23,,Period_II,Period II Day 12,batch3,air,air,True
local-mkmmd,S1_train_I_test_all,LOCAL-MKMMD-UDA,uda,2,143,air_24,,Period_II,Period II Day 13,batch3,air,air,True
local-mkmmd,S1_train_I_test_all,LOCAL-MKMMD-UDA,uda,2,144,air_25,,Period_II,Period II Day 13,batch3,air,air,True
local-mkmmd,S1_train_I_test_all,LOCAL-MKMMD-UDA,uda,2,145,air_26,,Period_II,Period II Day 13,batch3,air,air,True
local-mkmmd,S1_train_I_test_all,LOCAL-MKMMD-UDA,uda,2,146,air_27,,Period_II,Period II Day 13,batch3,air,air,True
local-mkmmd,S1_train_I_test_all,LOCAL-MKMMD-UDA,uda,2,147,air_28,,Period_II,Period II Day 13,batch3,air,alcohol,False
local-mkmmd,S1_train_I_test_all,LOCAL-MKMMD-UDA,uda,2,148,air_29,,Period_II,Period II Day 14,batch3,air,air,True
local-mkmmd,S1_train_I_test_all,LOCAL-MKMMD-UDA,uda,2,149,air_30,,Period_II,Period II Day 14,batch3,air,air,True
local-mkmmd,S1_train_I_test_all,LOCAL-MKMMD-UDA,uda,2,150,air_31,,Period_II,Period II Day 14,batch3,air,air,True
local-mkmmd,S1_train_I_test_all,LOCAL-MKMMD-UDA,uda,2,151,air_32,,Period_II,Period II Day 14,batch3,air,air,True
local-mkmmd,S1_train_I_test_all,LOCAL-MKMMD-UDA,uda,2,152,air_33,,Period_II,Period II Day 14,batch3,air,air,True
local-mkmmd,S1_train_I_test_all,LOCAL-MKMMD-UDA,uda,2,153,air_34,,Period_II,Period II Day 14,batch3,air,air,True
local-mkmmd,S1_train_I_test_all,LOCAL-MKMMD-UDA,uda,2,154,air_35,,Period_II,Period II Day 15,batch3,air,air,True
local-mkmmd,S1_train_I_test_all,LOCAL-MKMMD-UDA,uda,2,155,air_36,,Period_II,Period II Day 15,batch3,air,alcohol,False
local-mkmmd,S1_train_I_test_all,LOCAL-MKMMD-UDA,uda,2,156,air_37,,Period_II,Period II Day 15,batch3,air,air,True
local-mkmmd,S1_train_I_test_all,LOCAL-MKMMD-UDA,uda,2,157,air_38,,Period_II,Period II Day 15,batch3,air,air,True
local-mkmmd,S1_train_I_test_all,LOCAL-MKMMD-UDA,uda,2,158,air_39,,Period_II,Period II Day 15,batch3,air,air,True
local-mkmmd,S1_train_I_test_all,LOCAL-MKMMD-UDA,uda,2,159,air_40,,Period_II,Period II Day 15,batch3,air,air,True
local-mkmmd,S1_train_I_test_all,LOCAL-MKMMD-UDA,uda,2,160,air_41,,Period_II,Period II Day 16,batch3,air,alcohol,False
local-mkmmd,S1_train_I_test_all,LOCAL-MKMMD-UDA,uda,2,161,air_42,,Period_II,Period II Day 16,batch3,air,air,True
local-mkmmd,S1_train_I_test_all,LOCAL-MKMMD-UDA,uda,2,162,air_43,,Period_II,Period II Day 16,batch3,air,alcohol,False
local-mkmmd,S1_train_I_test_all,LOCAL-MKMMD-UDA,uda,2,163,air_44,,Period_II,Period II Day 16,batch3,air,air,True
local-mkmmd,S1_train_I_test_all,LOCAL-MKMMD-UDA,uda,2,164,air_45,,Period_II,Period II Day 17,batch3,air,air,True
local-mkmmd,S1_train_I_test_all,LOCAL-MKMMD-UDA,uda,2,165,air_46,,Period_II,Period II Day 17,batch3,air,alcohol,False
local-mkmmd,S1_train_I_test_all,LOCAL-MKMMD-UDA,uda,2,166,air_47,,Period_II,Period II Day 17,batch3,air,air,True
local-mkmmd,S1_train_I_test_all,LOCAL-MKMMD-UDA,uda,2,167,air_48,,Period_II,Period II Day 17,batch3,air,air,True
local-mkmmd,S1_train_I_test_all,LOCAL-MKMMD-UDA,uda,2,168,alcohol_44,,Period_II,Period II Day 10,batch3,alcohol,alcohol,True
local-mkmmd,S1_train_I_test_all,LOCAL-MKMMD-UDA,uda,2,169,alcohol_45,,Period_II,Period II Day 10,batch3,alcohol,alcohol,True
local-mkmmd,S1_train_I_test_all,LOCAL-MKMMD-UDA,uda,2,170,alcohol_46,,Period_II,Period II Day 10,batch3,alcohol,alcohol,True
local-mkmmd,S1_train_I_test_all,LOCAL-MKMMD-UDA,uda,2,171,alcohol_47,,Period_II,Period II Day 10,batch3,alcohol,alcohol,True
local-mkmmd,S1_train_I_test_all,LOCAL-MKMMD-UDA,uda,2,172,alcohol_48,,Period_II,Period II Day 11,batch3,alcohol,alcohol,True
local-mkmmd,S1_train_I_test_all,LOCAL-MKMMD-UDA,uda,2,173,alcohol_49,,Period_II,Period II Day 11,batch3,alcohol,alcohol,True
local-mkmmd,S1_train_I_test_all,LOCAL-MKMMD-UDA,uda,2,174,alcohol_50,,Period_II,Period II Day 11,batch3,alcohol,alcohol,True
local-mkmmd,S1_train_I_test_all,LOCAL-MKMMD-UDA,uda,2,175,alcohol_51,,Period_II,Period II Day 11,batch3,alcohol,alcohol,True
local-mkmmd,S1_train_I_test_all,LOCAL-MKMMD-UDA,uda,2,176,alcohol_52,,Period_II,Period II Day 12,batch3,alcohol,acetone,False
local-mkmmd,S1_train_I_test_all,LOCAL-MKMMD-UDA,uda,2,177,alcohol_53,,Period_II,Period II Day 12,batch3,alcohol,alcohol,True
local-mkmmd,S1_train_I_test_all,LOCAL-MKMMD-UDA,uda,2,178,alcohol_54,,Period_II,Period II Day 12,batch3,alcohol,alcohol,True
local-mkmmd,S1_train_I_test_all,LOCAL-MKMMD-UDA,uda,2,179,alcohol_55,,Period_II,Period II Day 12,batch3,alcohol,alcohol,True
local-mkmmd,S1_train_I_test_all,LOCAL-MKMMD-UDA,uda,2,180,alcohol_56,,Period_II,Period II Day 13,batch3,alcohol,alcohol,True
local-mkmmd,S1_train_I_test_all,LOCAL-MKMMD-UDA,uda,2,181,alcohol_57,,Period_II,Period II Day 13,batch3,alcohol,alcohol,True
local-mkmmd,S1_train_I_test_all,LOCAL-MKMMD-UDA,uda,2,182,alcohol_58,,Period_II,Period II Day 14,batch3,alcohol,alcohol,True
local-mkmmd,S1_train_I_test_all,LOCAL-MKMMD-UDA,uda,2,183,alcohol_59,,Period_II,Period II Day 14,batch3,alcohol,alcohol,True
local-mkmmd,S1_train_I_test_all,LOCAL-MKMMD-UDA,uda,2,184,alcohol_60,,Period_II,Period II Day 14,batch3,alcohol,alcohol,True
local-mkmmd,S1_train_I_test_all,LOCAL-MKMMD-UDA,uda,2,185,alcohol_61,,Period_II,Period II Day 15,batch3,alcohol,alcohol,True
local-mkmmd,S1_train_I_test_all,LOCAL-MKMMD-UDA,uda,2,186,alcohol_62,,Period_II,Period II Day 15,batch3,alcohol,alcohol,True
local-mkmmd,S1_train_I_test_all,LOCAL-MKMMD-UDA,uda,2,187,alcohol_63,,Period_II,Period II Day 15,batch3,alcohol,alcohol,True
local-mkmmd,S1_train_I_test_all,LOCAL-MKMMD-UDA,uda,2,188,alcohol_64,,Period_II,Period II Day 17,batch3,alcohol,alcohol,True
local-mkmmd,S1_train_I_test_all,LOCAL-MKMMD-UDA,uda,2,189,alcohol_65,,Period_II,Period II Day 17,batch3,alcohol,alcohol,True
local-mkmmd,S1_train_I_test_all,LOCAL-MKMMD-UDA,uda,2,190,alcohol_66,,Period_II,Period II Day 17,batch3,alcohol,alcohol,True
local-mkmmd,S1_train_I_test_all,LOCAL-MKMMD-UDA,uda,2,191,alcohol_67,,Period_II,Period II Day 17,batch3,alcohol,alcohol,True
local-mkmmd,S1_train_I_test_all,LOCAL-MKMMD-UDA,uda,2,192,alcohol_68,,Period_II,Period II Day 17,batch3,alcohol,alcohol,True
local-mkmmd,S1_train_I_test_all,LOCAL-MKMMD-UDA,uda,2,193,acetone_69,,Period_III,Period III Day 18,batch4,acetone,acetone,True
local-mkmmd,S1_train_I_test_all,LOCAL-MKMMD-UDA,uda,2,194,acetone_70,,Period_III,Period III Day 18,batch4,acetone,acetone,True
local-mkmmd,S1_train_I_test_all,LOCAL-MKMMD-UDA,uda,2,195,acetone_71,,Period_III,Period III Day 18,batch4,acetone,acetone,True
local-mkmmd,S1_train_I_test_all,LOCAL-MKMMD-UDA,uda,2,196,acetone_72,,Period_III,Period III Day 18,batch4,acetone,acetone,True
local-mkmmd,S1_train_I_test_all,LOCAL-MKMMD-UDA,uda,2,197,acetone_73,,Period_III,Period III Day 18,batch4,acetone,acetone,True
local-mkmmd,S1_train_I_test_all,LOCAL-MKMMD-UDA,uda,2,198,acetone_74,,Period_III,Period III Day 19,batch4,acetone,acetone,True
local-mkmmd,S1_train_I_test_all,LOCAL-MKMMD-UDA,uda,2,199,acetone_75,,Period_III,Period III Day 19,batch4,acetone,acetone,True
local-mkmmd,S1_train_I_test_all,LOCAL-MKMMD-UDA,uda,2,200,acetone_76,,Period_III,Period III Day 19,batch4,acetone,acetone,True
local-mkmmd,S1_train_I_test_all,LOCAL-MKMMD-UDA,uda,2,201,acetone_77,,Period_III,Period III Day 20,batch4,acetone,acetone,True
local-mkmmd,S1_train_I_test_all,LOCAL-MKMMD-UDA,uda,2,202,acetone_78,,Period_III,Period III Day 20,batch4,acetone,acetone,True
local-mkmmd,S1_train_I_test_all,LOCAL-MKMMD-UDA,uda,2,203,acetone_79,,Period_III,Period III Day 20,batch4,acetone,acetone,True
local-mkmmd,S1_train_I_test_all,LOCAL-MKMMD-UDA,uda,2,204,acetone_80,,Period_III,Period III Day 20,batch4,acetone,acetone,True
local-mkmmd,S1_train_I_test_all,LOCAL-MKMMD-UDA,uda,2,205,acetone_81,,Period_III,Period III Day 21,batch4,acetone,acetone,True
local-mkmmd,S1_train_I_test_all,LOCAL-MKMMD-UDA,uda,2,206,acetone_82,,Period_III,Period III Day 21,batch4,acetone,acetone,True
local-mkmmd,S1_train_I_test_all,LOCAL-MKMMD-UDA,uda,2,207,acetone_83,,Period_III,Period III Day 21,batch4,acetone,acetone,True
local-mkmmd,S1_train_I_test_all,LOCAL-MKMMD-UDA,uda,2,208,acetone_84,,Period_III,Period III Day 21,batch4,acetone,acetone,True
local-mkmmd,S1_train_I_test_all,LOCAL-MKMMD-UDA,uda,2,209,air_49,,Period_III,Period III Day 18,batch4,air,air,True
local-mkmmd,S1_train_I_test_all,LOCAL-MKMMD-UDA,uda,2,210,air_50,,Period_III,Period III Day 18,batch4,air,air,True
local-mkmmd,S1_train_I_test_all,LOCAL-MKMMD-UDA,uda,2,211,air_51,,Period_III,Period III Day 18,batch4,air,air,True
local-mkmmd,S1_train_I_test_all,LOCAL-MKMMD-UDA,uda,2,212,air_52,,Period_III,Period III Day 18,batch4,air,air,True
local-mkmmd,S1_train_I_test_all,LOCAL-MKMMD-UDA,uda,2,213,air_53,,Period_III,Period III Day 19,batch4,air,alcohol,False
local-mkmmd,S1_train_I_test_all,LOCAL-MKMMD-UDA,uda,2,214,air_54,,Period_III,Period III Day 19,batch4,air,air,True
local-mkmmd,S1_train_I_test_all,LOCAL-MKMMD-UDA,uda,2,215,air_55,,Period_III,Period III Day 20,batch4,air,air,True
local-mkmmd,S1_train_I_test_all,LOCAL-MKMMD-UDA,uda,2,216,air_56,,Period_III,Period III Day 20,batch4,air,alcohol,False
local-mkmmd,S1_train_I_test_all,LOCAL-MKMMD-UDA,uda,2,217,air_57,,Period_III,Period III Day 20,batch4,air,air,True
local-mkmmd,S1_train_I_test_all,LOCAL-MKMMD-UDA,uda,2,218,air_58,,Period_III,Period III Day 20,batch4,air,air,True
local-mkmmd,S1_train_I_test_all,LOCAL-MKMMD-UDA,uda,2,219,air_59,,Period_III,Period III Day 21,batch4,air,alcohol,False
local-mkmmd,S1_train_I_test_all,LOCAL-MKMMD-UDA,uda,2,220,air_60,,Period_III,Period III Day 21,batch4,air,air,True
local-mkmmd,S1_train_I_test_all,LOCAL-MKMMD-UDA,uda,2,221,air_61,,Period_III,Period III Day 21,batch4,air,air,True
local-mkmmd,S1_train_I_test_all,LOCAL-MKMMD-UDA,uda,2,222,air_62,,Period_III,Period III Day 21,batch4,air,air,True
local-mkmmd,S1_train_I_test_all,LOCAL-MKMMD-UDA,uda,2,223,alcohol_69,,Period_III,Period III Day 18,batch4,alcohol,alcohol,True
local-mkmmd,S1_train_I_test_all,LOCAL-MKMMD-UDA,uda,2,224,alcohol_70,,Period_III,Period III Day 18,batch4,alcohol,alcohol,True
local-mkmmd,S1_train_I_test_all,LOCAL-MKMMD-UDA,uda,2,225,alcohol_71,,Period_III,Period III Day 18,batch4,alcohol,alcohol,True
local-mkmmd,S1_train_I_test_all,LOCAL-MKMMD-UDA,uda,2,226,alcohol_72,,Period_III,Period III Day 18,batch4,alcohol,alcohol,True
local-mkmmd,S1_train_I_test_all,LOCAL-MKMMD-UDA,uda,2,227,alcohol_73,,Period_III,Period III Day 18,batch4,alcohol,alcohol,True
local-mkmmd,S1_train_I_test_all,LOCAL-MKMMD-UDA,uda,2,228,alcohol_74,,Period_III,Period III Day 19,batch4,alcohol,alcohol,True
local-mkmmd,S1_train_I_test_all,LOCAL-MKMMD-UDA,uda,2,229,alcohol_75,,Period_III,Period III Day 19,batch4,alcohol,alcohol,True
local-mkmmd,S1_train_I_test_all,LOCAL-MKMMD-UDA,uda,2,230,alcohol_76,,Period_III,Period III Day 19,batch4,alcohol,alcohol,True
local-mkmmd,S1_train_I_test_all,LOCAL-MKMMD-UDA,uda,2,231,alcohol_77,,Period_III,Period III Day 20,batch4,alcohol,alcohol,True
local-mkmmd,S1_train_I_test_all,LOCAL-MKMMD-UDA,uda,2,232,alcohol_78,,Period_III,Period III Day 20,batch4,alcohol,alcohol,True
local-mkmmd,S1_train_I_test_all,LOCAL-MKMMD-UDA,uda,2,233,alcohol_79,,Period_III,Period III Day 20,batch4,alcohol,alcohol,True
local-mkmmd,S1_train_I_test_all,LOCAL-MKMMD-UDA,uda,2,234,alcohol_80,,Period_III,Period III Day 20,batch4,alcohol,alcohol,True
local-mkmmd,S1_train_I_test_all,LOCAL-MKMMD-UDA,uda,2,235,alcohol_81,,Period_III,Period III Day 21,batch4,alcohol,alcohol,True
local-mkmmd,S1_train_I_test_all,LOCAL-MKMMD-UDA,uda,2,236,alcohol_82,,Period_III,Period III Day 21,batch4,alcohol,alcohol,True
local-mkmmd,S1_train_I_test_all,LOCAL-MKMMD-UDA,uda,2,237,alcohol_83,,Period_III,Period III Day 21,batch4,alcohol,alcohol,True
local-mkmmd,S1_train_I_test_all,LOCAL-MKMMD-UDA,uda,2,238,alcohol_84,,Period_III,Period III Day 21,batch4,alcohol,alcohol,True
local-mkmmd,S1_train_I_test_all,LOCAL-MKMMD-UDA,uda,2,239,acetone_85,,Period_IV,Period IV Day 22,batch5,acetone,alcohol,False
local-mkmmd,S1_train_I_test_all,LOCAL-MKMMD-UDA,uda,2,240,acetone_86,,Period_IV,Period IV Day 22,batch5,acetone,alcohol,False
local-mkmmd,S1_train_I_test_all,LOCAL-MKMMD-UDA,uda,2,241,acetone_87,,Period_IV,Period IV Day 22,batch5,acetone,acetone,True
local-mkmmd,S1_train_I_test_all,LOCAL-MKMMD-UDA,uda,2,242,acetone_88,,Period_IV,Period IV Day 22,batch5,acetone,acetone,True
local-mkmmd,S1_train_I_test_all,LOCAL-MKMMD-UDA,uda,2,243,acetone_89,,Period_IV,Period IV Day 23,batch5,acetone,acetone,True
local-mkmmd,S1_train_I_test_all,LOCAL-MKMMD-UDA,uda,2,244,acetone_90,,Period_IV,Period IV Day 23,batch5,acetone,acetone,True
local-mkmmd,S1_train_I_test_all,LOCAL-MKMMD-UDA,uda,2,245,acetone_91,,Period_IV,Period IV Day 23,batch5,acetone,acetone,True
local-mkmmd,S1_train_I_test_all,LOCAL-MKMMD-UDA,uda,2,246,acetone_92,,Period_IV,Period IV Day 23,batch5,acetone,acetone,True
local-mkmmd,S1_train_I_test_all,LOCAL-MKMMD-UDA,uda,2,247,acetone_93,,Period_IV,Period IV Day 24,batch5,acetone,acetone,True
local-mkmmd,S1_train_I_test_all,LOCAL-MKMMD-UDA,uda,2,248,acetone_94,,Period_IV,Period IV Day 24,batch5,acetone,acetone,True
local-mkmmd,S1_train_I_test_all,LOCAL-MKMMD-UDA,uda,2,249,acetone_95,,Period_IV,Period IV Day 24,batch5,acetone,acetone,True
local-mkmmd,S1_train_I_test_all,LOCAL-MKMMD-UDA,uda,2,250,acetone_96,,Period_IV,Period IV Day 24,batch5,acetone,acetone,True
local-mkmmd,S1_train_I_test_all,LOCAL-MKMMD-UDA,uda,2,251,air_63,,Period_IV,Period IV Day 22,batch5,air,air,True
local-mkmmd,S1_train_I_test_all,LOCAL-MKMMD-UDA,uda,2,252,air_64,,Period_IV,Period IV Day 22,batch5,air,air,True
local-mkmmd,S1_train_I_test_all,LOCAL-MKMMD-UDA,uda,2,253,air_65,,Period_IV,Period IV Day 22,batch5,air,alcohol,False
local-mkmmd,S1_train_I_test_all,LOCAL-MKMMD-UDA,uda,2,254,air_66,,Period_IV,Period IV Day 23,batch5,air,air,True
local-mkmmd,S1_train_I_test_all,LOCAL-MKMMD-UDA,uda,2,255,air_67,,Period_IV,Period IV Day 23,batch5,air,air,True
local-mkmmd,S1_train_I_test_all,LOCAL-MKMMD-UDA,uda,2,256,air_68,,Period_IV,Period IV Day 23,batch5,air,air,True
local-mkmmd,S1_train_I_test_all,LOCAL-MKMMD-UDA,uda,2,257,air_69,,Period_IV,Period IV Day 23,batch5,air,air,True
local-mkmmd,S1_train_I_test_all,LOCAL-MKMMD-UDA,uda,2,258,air_70,,Period_IV,Period IV Day 24,batch5,air,air,True
local-mkmmd,S1_train_I_test_all,LOCAL-MKMMD-UDA,uda,2,259,air_71,,Period_IV,Period IV Day 24,batch5,air,air,True
local-mkmmd,S1_train_I_test_all,LOCAL-MKMMD-UDA,uda,2,260,air_72,,Period_IV,Period IV Day 24,batch5,air,air,True
local-mkmmd,S1_train_I_test_all,LOCAL-MKMMD-UDA,uda,2,261,alcohol_85,,Period_IV,Period IV Day 22,batch5,alcohol,alcohol,True
local-mkmmd,S1_train_I_test_all,LOCAL-MKMMD-UDA,uda,2,262,alcohol_86,,Period_IV,Period IV Day 22,batch5,alcohol,alcohol,True
local-mkmmd,S1_train_I_test_all,LOCAL-MKMMD-UDA,uda,2,263,alcohol_87,,Period_IV,Period IV Day 22,batch5,alcohol,alcohol,True
local-mkmmd,S1_train_I_test_all,LOCAL-MKMMD-UDA,uda,2,264,alcohol_88,,Period_IV,Period IV Day 22,batch5,alcohol,alcohol,True
local-mkmmd,S1_train_I_test_all,LOCAL-MKMMD-UDA,uda,2,265,alcohol_89,,Period_IV,Period IV Day 23,batch5,alcohol,alcohol,True
local-mkmmd,S1_train_I_test_all,LOCAL-MKMMD-UDA,uda,2,266,alcohol_90,,Period_IV,Period IV Day 23,batch5,alcohol,alcohol,True
local-mkmmd,S1_train_I_test_all,LOCAL-MKMMD-UDA,uda,2,267,alcohol_91,,Period_IV,Period IV Day 23,batch5,alcohol,alcohol,True
local-mkmmd,S1_train_I_test_all,LOCAL-MKMMD-UDA,uda,2,268,alcohol_92,,Period_IV,Period IV Day 23,batch5,alcohol,alcohol,True
local-mkmmd,S1_train_I_test_all,LOCAL-MKMMD-UDA,uda,2,269,alcohol_93,,Period_IV,Period IV Day 24,batch5,alcohol,alcohol,True
local-mkmmd,S1_train_I_test_all,LOCAL-MKMMD-UDA,uda,2,270,alcohol_94,,Period_IV,Period IV Day 24,batch5,alcohol,alcohol,True
local-mkmmd,S1_train_I_test_all,LOCAL-MKMMD-UDA,uda,2,271,alcohol_95,,Period_IV,Period IV Day 24,batch5,alcohol,alcohol,True
local-mkmmd,S1_train_I_test_all,LOCAL-MKMMD-UDA,uda,2,272,alcohol_96,,Period_IV,Period IV Day 24,batch5,alcohol,alcohol,True
local-mkmmd,S1_train_I_test_all,LOCAL-MKMMD-UDA,uda,3,0,acetone_1,,Period_II,Period II Day 1,batch1,acetone,acetone,True
local-mkmmd,S1_train_I_test_all,LOCAL-MKMMD-UDA,uda,3,1,acetone_2,,Period_II,Period II Day 1,batch1,acetone,acetone,True
local-mkmmd,S1_train_I_test_all,LOCAL-MKMMD-UDA,uda,3,2,acetone_3,,Period_II,Period II Day 1,batch1,acetone,acetone,True
local-mkmmd,S1_train_I_test_all,LOCAL-MKMMD-UDA,uda,3,3,acetone_4,,Period_II,Period II Day 1,batch1,acetone,acetone,True
local-mkmmd,S1_train_I_test_all,LOCAL-MKMMD-UDA,uda,3,4,acetone_5,,Period_II,Period II Day 1,batch1,acetone,acetone,True
local-mkmmd,S1_train_I_test_all,LOCAL-MKMMD-UDA,uda,3,5,acetone_10,,Period_II,Period II Day 2,batch1,acetone,acetone,True
local-mkmmd,S1_train_I_test_all,LOCAL-MKMMD-UDA,uda,3,6,acetone_6,,Period_II,Period II Day 2,batch1,acetone,acetone,True
local-mkmmd,S1_train_I_test_all,LOCAL-MKMMD-UDA,uda,3,7,acetone_7,,Period_II,Period II Day 2,batch1,acetone,acetone,True
local-mkmmd,S1_train_I_test_all,LOCAL-MKMMD-UDA,uda,3,8,acetone_8,,Period_II,Period II Day 2,batch1,acetone,acetone,True
local-mkmmd,S1_train_I_test_all,LOCAL-MKMMD-UDA,uda,3,9,acetone_9,,Period_II,Period II Day 2,batch1,acetone,acetone,True
local-mkmmd,S1_train_I_test_all,LOCAL-MKMMD-UDA,uda,3,10,air_1,,Period_II,Period II Day 1,batch1,air,air,True
local-mkmmd,S1_train_I_test_all,LOCAL-MKMMD-UDA,uda,3,11,air_2,,Period_II,Period II Day 1,batch1,air,air,True
local-mkmmd,S1_train_I_test_all,LOCAL-MKMMD-UDA,uda,3,12,reference_1,,Period_II,Period II Day 1,batch1,air,air,True
local-mkmmd,S1_train_I_test_all,LOCAL-MKMMD-UDA,uda,3,13,reference_2,,Period_II,Period II Day 1,batch1,air,air,True
local-mkmmd,S1_train_I_test_all,LOCAL-MKMMD-UDA,uda,3,14,reference_3,,Period_II,Period II Day 1,batch1,air,air,True
local-mkmmd,S1_train_I_test_all,LOCAL-MKMMD-UDA,uda,3,15,reference_4,,Period_II,Period II Day 1,batch1,air,air,True
local-mkmmd,S1_train_I_test_all,LOCAL-MKMMD-UDA,uda,3,16,air_3,,Period_II,Period II Day 2,batch1,air,air,True
local-mkmmd,S1_train_I_test_all,LOCAL-MKMMD-UDA,uda,3,17,air_4,,Period_II,Period II Day 2,batch1,air,air,True
local-mkmmd,S1_train_I_test_all,LOCAL-MKMMD-UDA,uda,3,18,alcohol_1,,Period_II,Period II Day 1,batch1,alcohol,alcohol,True
local-mkmmd,S1_train_I_test_all,LOCAL-MKMMD-UDA,uda,3,19,alcohol_2,,Period_II,Period II Day 1,batch1,alcohol,alcohol,True
local-mkmmd,S1_train_I_test_all,LOCAL-MKMMD-UDA,uda,3,20,alcohol_3,,Period_II,Period II Day 1,batch1,alcohol,alcohol,True
local-mkmmd,S1_train_I_test_all,LOCAL-MKMMD-UDA,uda,3,21,alcohol_4,,Period_II,Period II Day 1,batch1,alcohol,alcohol,True
local-mkmmd,S1_train_I_test_all,LOCAL-MKMMD-UDA,uda,3,22,alcohol_5,,Period_II,Period II Day 1,batch1,alcohol,alcohol,True
local-mkmmd,S1_train_I_test_all,LOCAL-MKMMD-UDA,uda,3,23,alcohol_10,,Period_II,Period II Day 2,batch1,alcohol,alcohol,True
local-mkmmd,S1_train_I_test_all,LOCAL-MKMMD-UDA,uda,3,24,alcohol_6,,Period_II,Period II Day 2,batch1,alcohol,alcohol,True
local-mkmmd,S1_train_I_test_all,LOCAL-MKMMD-UDA,uda,3,25,alcohol_7,,Period_II,Period II Day 2,batch1,alcohol,air,False
local-mkmmd,S1_train_I_test_all,LOCAL-MKMMD-UDA,uda,3,26,alcohol_8,,Period_II,Period II Day 2,batch1,alcohol,alcohol,True
local-mkmmd,S1_train_I_test_all,LOCAL-MKMMD-UDA,uda,3,27,alcohol_9,,Period_II,Period II Day 2,batch1,alcohol,alcohol,True
local-mkmmd,S1_train_I_test_all,LOCAL-MKMMD-UDA,uda,3,28,acetone_11,,Period_II,Period II Day 3,batch2,acetone,alcohol,False
local-mkmmd,S1_train_I_test_all,LOCAL-MKMMD-UDA,uda,3,29,acetone_12,,Period_II,Period II Day 3,batch2,acetone,acetone,True
local-mkmmd,S1_train_I_test_all,LOCAL-MKMMD-UDA,uda,3,30,acetone_13,,Period_II,Period II Day 3,batch2,acetone,acetone,True
local-mkmmd,S1_train_I_test_all,LOCAL-MKMMD-UDA,uda,3,31,acetone_14,,Period_II,Period II Day 3,batch2,acetone,acetone,True
local-mkmmd,S1_train_I_test_all,LOCAL-MKMMD-UDA,uda,3,32,acetone_15,,Period_II,Period II Day 3,batch2,acetone,acetone,True
local-mkmmd,S1_train_I_test_all,LOCAL-MKMMD-UDA,uda,3,33,acetone_16,,Period_II,Period II Day 4,batch2,acetone,acetone,True
local-mkmmd,S1_train_I_test_all,LOCAL-MKMMD-UDA,uda,3,34,acetone_17,,Period_II,Period II Day 4,batch2,acetone,acetone,True
local-mkmmd,S1_train_I_test_all,LOCAL-MKMMD-UDA,uda,3,35,acetone_18,,Period_II,Period II Day 4,batch2,acetone,acetone,True
local-mkmmd,S1_train_I_test_all,LOCAL-MKMMD-UDA,uda,3,36,acetone_19,,Period_II,Period II Day 4,batch2,acetone,air,False
local-mkmmd,S1_train_I_test_all,LOCAL-MKMMD-UDA,uda,3,37,acetone_20,,Period_II,Period II Day 4,batch2,acetone,acetone,True
local-mkmmd,S1_train_I_test_all,LOCAL-MKMMD-UDA,uda,3,38,acetone_21,,Period_II,Period II Day 5,batch2,acetone,acetone,True
local-mkmmd,S1_train_I_test_all,LOCAL-MKMMD-UDA,uda,3,39,acetone_22,,Period_II,Period II Day 5,batch2,acetone,alcohol,False
local-mkmmd,S1_train_I_test_all,LOCAL-MKMMD-UDA,uda,3,40,acetone_23,,Period_II,Period II Day 5,batch2,acetone,acetone,True
local-mkmmd,S1_train_I_test_all,LOCAL-MKMMD-UDA,uda,3,41,acetone_24,,Period_II,Period II Day 5,batch2,acetone,acetone,True
local-mkmmd,S1_train_I_test_all,LOCAL-MKMMD-UDA,uda,3,42,acetone_25,,Period_II,Period II Day 5,batch2,acetone,acetone,True
local-mkmmd,S1_train_I_test_all,LOCAL-MKMMD-UDA,uda,3,43,acetone_26,,Period_II,Period II Day 6,batch2,acetone,acetone,True
local-mkmmd,S1_train_I_test_all,LOCAL-MKMMD-UDA,uda,3,44,acetone_27,,Period_II,Period II Day 6,batch2,acetone,acetone,True
local-mkmmd,S1_train_I_test_all,LOCAL-MKMMD-UDA,uda,3,45,acetone_28,,Period_II,Period II Day 6,batch2,acetone,acetone,True
local-mkmmd,S1_train_I_test_all,LOCAL-MKMMD-UDA,uda,3,46,acetone_29,,Period_II,Period II Day 6,batch2,acetone,alcohol,False
local-mkmmd,S1_train_I_test_all,LOCAL-MKMMD-UDA,uda,3,47,acetone_30,,Period_II,Period II Day 6,batch2,acetone,acetone,True
local-mkmmd,S1_train_I_test_all,LOCAL-MKMMD-UDA,uda,3,48,acetone_31,,Period_II,Period II Day 6,batch2,acetone,acetone,True
local-mkmmd,S1_train_I_test_all,LOCAL-MKMMD-UDA,uda,3,49,acetone_32,,Period_II,Period II Day 6,batch2,acetone,acetone,True
local-mkmmd,S1_train_I_test_all,LOCAL-MKMMD-UDA,uda,3,50,acetone_33,,Period_II,Period II Day 7,batch2,acetone,acetone,True
local-mkmmd,S1_train_I_test_all,LOCAL-MKMMD-UDA,uda,3,51,acetone_34,,Period_II,Period II Day 7,batch2,acetone,acetone,True
local-mkmmd,S1_train_I_test_all,LOCAL-MKMMD-UDA,uda,3,52,acetone_35,,Period_II,Period II Day 7,batch2,acetone,acetone,True
local-mkmmd,S1_train_I_test_all,LOCAL-MKMMD-UDA,uda,3,53,acetone_36,,Period_II,Period II Day 8,batch2,acetone,acetone,True
local-mkmmd,S1_train_I_test_all,LOCAL-MKMMD-UDA,uda,3,54,acetone_37,,Period_II,Period II Day 8,batch2,acetone,acetone,True
local-mkmmd,S1_train_I_test_all,LOCAL-MKMMD-UDA,uda,3,55,acetone_38,,Period_II,Period II Day 8,batch2,acetone,air,False
local-mkmmd,S1_train_I_test_all,LOCAL-MKMMD-UDA,uda,3,56,acetone_39,,Period_II,Period II Day 9,batch2,acetone,acetone,True
local-mkmmd,S1_train_I_test_all,LOCAL-MKMMD-UDA,uda,3,57,acetone_40,,Period_II,Period II Day 9,batch2,acetone,air,False
local-mkmmd,S1_train_I_test_all,LOCAL-MKMMD-UDA,uda,3,58,acetone_41,,Period_II,Period II Day 9,batch2,acetone,acetone,True
local-mkmmd,S1_train_I_test_all,LOCAL-MKMMD-UDA,uda,3,59,acetone_42,,Period_II,Period II Day 9,batch2,acetone,acetone,True
local-mkmmd,S1_train_I_test_all,LOCAL-MKMMD-UDA,uda,3,60,acetone_43,,Period_II,Period II Day 9,batch2,acetone,acetone,True
local-mkmmd,S1_train_I_test_all,LOCAL-MKMMD-UDA,uda,3,61,air_5,,Period_II,Period II Day 3,batch2,air,air,True
local-mkmmd,S1_train_I_test_all,LOCAL-MKMMD-UDA,uda,3,62,air_6,,Period_II,Period II Day 3,batch2,air,air,True
local-mkmmd,S1_train_I_test_all,LOCAL-MKMMD-UDA,uda,3,63,reference_5,,Period_II,Period II Day 3,batch2,air,alcohol,False
local-mkmmd,S1_train_I_test_all,LOCAL-MKMMD-UDA,uda,3,64,reference_6,,Period_II,Period II Day 3,batch2,air,air,True
local-mkmmd,S1_train_I_test_all,LOCAL-MKMMD-UDA,uda,3,65,air_7,,Period_II,Period II Day 4,batch2,air,air,True
local-mkmmd,S1_train_I_test_all,LOCAL-MKMMD-UDA,uda,3,66,air_8,,Period_II,Period II Day 4,batch2,air,air,True
local-mkmmd,S1_train_I_test_all,LOCAL-MKMMD-UDA,uda,3,67,reference_7,,Period_II,Period II Day 4,batch2,air,air,True
local-mkmmd,S1_train_I_test_all,LOCAL-MKMMD-UDA,uda,3,68,reference_8,,Period_II,Period II Day 4,batch2,air,air,True
local-mkmmd,S1_train_I_test_all,LOCAL-MKMMD-UDA,uda,3,69,air_10,,Period_II,Period II Day 5,batch2,air,air,True
local-mkmmd,S1_train_I_test_all,LOCAL-MKMMD-UDA,uda,3,70,air_9,,Period_II,Period II Day 5,batch2,air,air,True
local-mkmmd,S1_train_I_test_all,LOCAL-MKMMD-UDA,uda,3,71,air_11,,Period_II,Period II Day 6,batch2,air,air,True
local-mkmmd,S1_train_I_test_all,LOCAL-MKMMD-UDA,uda,3,72,air_12,,Period_II,Period II Day 6,batch2,air,air,True
local-mkmmd,S1_train_I_test_all,LOCAL-MKMMD-UDA,uda,3,73,air_13,,Period_II,Period II Day 6,batch2,air,air,True
local-mkmmd,S1_train_I_test_all,LOCAL-MKMMD-UDA,uda,3,74,air_14,,Period_II,Period II Day 8,batch2,air,air,True
local-mkmmd,S1_train_I_test_all,LOCAL-MKMMD-UDA,uda,3,75,air_15,,Period_II,Period II Day 8,batch2,air,air,True
local-mkmmd,S1_train_I_test_all,LOCAL-MKMMD-UDA,uda,3,76,reference_9,,Period_II,Period II Day 8,batch2,air,alcohol,False
local-mkmmd,S1_train_I_test_all,LOCAL-MKMMD-UDA,uda,3,77,air_16,,Period_II,Period II Day 9,batch2,air,air,True
local-mkmmd,S1_train_I_test_all,LOCAL-MKMMD-UDA,uda,3,78,air_17,,Period_II,Period II Day 9,batch2,air,air,True
local-mkmmd,S1_train_I_test_all,LOCAL-MKMMD-UDA,uda,3,79,alcohol_11,,Period_II,Period II Day 3,batch2,alcohol,alcohol,True
local-mkmmd,S1_train_I_test_all,LOCAL-MKMMD-UDA,uda,3,80,alcohol_12,,Period_II,Period II Day 3,batch2,alcohol,alcohol,True
local-mkmmd,S1_train_I_test_all,LOCAL-MKMMD-UDA,uda,3,81,alcohol_13,,Period_II,Period II Day 3,batch2,alcohol,alcohol,True
local-mkmmd,S1_train_I_test_all,LOCAL-MKMMD-UDA,uda,3,82,alcohol_14,,Period_II,Period II Day 3,batch2,alcohol,alcohol,True
local-mkmmd,S1_train_I_test_all,LOCAL-MKMMD-UDA,uda,3,83,alcohol_15,,Period_II,Period II Day 3,batch2,alcohol,alcohol,True
local-mkmmd,S1_train_I_test_all,LOCAL-MKMMD-UDA,uda,3,84,alcohol_16,,Period_II,Period II Day 4,batch2,alcohol,alcohol,True
local-mkmmd,S1_train_I_test_all,LOCAL-MKMMD-UDA,uda,3,85,alcohol_17,,Period_II,Period II Day 4,batch2,alcohol,alcohol,True
local-mkmmd,S1_train_I_test_all,LOCAL-MKMMD-UDA,uda,3,86,alcohol_18,,Period_II,Period II Day 4,batch2,alcohol,alcohol,True
local-mkmmd,S1_train_I_test_all,LOCAL-MKMMD-UDA,uda,3,87,alcohol_19,,Period_II,Period II Day 4,batch2,alcohol,alcohol,True
local-mkmmd,S1_train_I_test_all,LOCAL-MKMMD-UDA,uda,3,88,alcohol_20,,Period_II,Period II Day 4,batch2,alcohol,alcohol,True
local-mkmmd,S1_train_I_test_all,LOCAL-MKMMD-UDA,uda,3,89,alcohol_21,,Period_II,Period II Day 5,batch2,alcohol,alcohol,True
local-mkmmd,S1_train_I_test_all,LOCAL-MKMMD-UDA,uda,3,90,alcohol_22,,Period_II,Period II Day 5,batch2,alcohol,alcohol,True
local-mkmmd,S1_train_I_test_all,LOCAL-MKMMD-UDA,uda,3,91,alcohol_23,,Period_II,Period II Day 5,batch2,alcohol,alcohol,True
local-mkmmd,S1_train_I_test_all,LOCAL-MKMMD-UDA,uda,3,92,alcohol_24,,Period_II,Period II Day 5,batch2,alcohol,alcohol,True
local-mkmmd,S1_train_I_test_all,LOCAL-MKMMD-UDA,uda,3,93,alcohol_25,,Period_II,Period II Day 5,batch2,alcohol,alcohol,True
local-mkmmd,S1_train_I_test_all,LOCAL-MKMMD-UDA,uda,3,94,alcohol_26,,Period_II,Period II Day 6,batch2,alcohol,alcohol,True
local-mkmmd,S1_train_I_test_all,LOCAL-MKMMD-UDA,uda,3,95,alcohol_27,,Period_II,Period II Day 6,batch2,alcohol,alcohol,True
local-mkmmd,S1_train_I_test_all,LOCAL-MKMMD-UDA,uda,3,96,alcohol_28,,Period_II,Period II Day 6,batch2,alcohol,alcohol,True
local-mkmmd,S1_train_I_test_all,LOCAL-MKMMD-UDA,uda,3,97,alcohol_29,,Period_II,Period II Day 6,batch2,alcohol,alcohol,True
local-mkmmd,S1_train_I_test_all,LOCAL-MKMMD-UDA,uda,3,98,alcohol_30,,Period_II,Period II Day 6,batch2,alcohol,alcohol,True
local-mkmmd,S1_train_I_test_all,LOCAL-MKMMD-UDA,uda,3,99,alcohol_31,,Period_II,Period II Day 6,batch2,alcohol,alcohol,True
local-mkmmd,S1_train_I_test_all,LOCAL-MKMMD-UDA,uda,3,100,alcohol_32,,Period_II,Period II Day 6,batch2,alcohol,alcohol,True
local-mkmmd,S1_train_I_test_all,LOCAL-MKMMD-UDA,uda,3,101,alcohol_33,,Period_II,Period II Day 7,batch2,alcohol,alcohol,True
local-mkmmd,S1_train_I_test_all,LOCAL-MKMMD-UDA,uda,3,102,alcohol_34,,Period_II,Period II Day 7,batch2,alcohol,alcohol,True
local-mkmmd,S1_train_I_test_all,LOCAL-MKMMD-UDA,uda,3,103,alcohol_35,,Period_II,Period II Day 7,batch2,alcohol,alcohol,True
local-mkmmd,S1_train_I_test_all,LOCAL-MKMMD-UDA,uda,3,104,alcohol_36,,Period_II,Period II Day 8,batch2,alcohol,alcohol,True
local-mkmmd,S1_train_I_test_all,LOCAL-MKMMD-UDA,uda,3,105,alcohol_37,,Period_II,Period II Day 8,batch2,alcohol,alcohol,True
local-mkmmd,S1_train_I_test_all,LOCAL-MKMMD-UDA,uda,3,106,alcohol_38,,Period_II,Period II Day 8,batch2,alcohol,alcohol,True
local-mkmmd,S1_train_I_test_all,LOCAL-MKMMD-UDA,uda,3,107,alcohol_39,,Period_II,Period II Day 9,batch2,alcohol,alcohol,True
local-mkmmd,S1_train_I_test_all,LOCAL-MKMMD-UDA,uda,3,108,alcohol_40,,Period_II,Period II Day 9,batch2,alcohol,alcohol,True
local-mkmmd,S1_train_I_test_all,LOCAL-MKMMD-UDA,uda,3,109,alcohol_41,,Period_II,Period II Day 9,batch2,alcohol,air,False
local-mkmmd,S1_train_I_test_all,LOCAL-MKMMD-UDA,uda,3,110,alcohol_42,,Period_II,Period II Day 9,batch2,alcohol,alcohol,True
local-mkmmd,S1_train_I_test_all,LOCAL-MKMMD-UDA,uda,3,111,alcohol_43,,Period_II,Period II Day 9,batch2,alcohol,alcohol,True
local-mkmmd,S1_train_I_test_all,LOCAL-MKMMD-UDA,uda,3,112,acetone_44,,Period_II,Period II Day 10,batch3,acetone,acetone,True
local-mkmmd,S1_train_I_test_all,LOCAL-MKMMD-UDA,uda,3,113,acetone_45,,Period_II,Period II Day 10,batch3,acetone,acetone,True
local-mkmmd,S1_train_I_test_all,LOCAL-MKMMD-UDA,uda,3,114,acetone_46,,Period_II,Period II Day 10,batch3,acetone,alcohol,False
local-mkmmd,S1_train_I_test_all,LOCAL-MKMMD-UDA,uda,3,115,acetone_47,,Period_II,Period II Day 10,batch3,acetone,alcohol,False
local-mkmmd,S1_train_I_test_all,LOCAL-MKMMD-UDA,uda,3,116,acetone_48,,Period_II,Period II Day 11,batch3,acetone,acetone,True
local-mkmmd,S1_train_I_test_all,LOCAL-MKMMD-UDA,uda,3,117,acetone_49,,Period_II,Period II Day 11,batch3,acetone,acetone,True
local-mkmmd,S1_train_I_test_all,LOCAL-MKMMD-UDA,uda,3,118,acetone_50,,Period_II,Period II Day 11,batch3,acetone,alcohol,False
local-mkmmd,S1_train_I_test_all,LOCAL-MKMMD-UDA,uda,3,119,acetone_51,,Period_II,Period II Day 11,batch3,acetone,acetone,True
local-mkmmd,S1_train_I_test_all,LOCAL-MKMMD-UDA,uda,3,120,acetone_52,,Period_II,Period II Day 12,batch3,acetone,acetone,True
local-mkmmd,S1_train_I_test_all,LOCAL-MKMMD-UDA,uda,3,121,acetone_53,,Period_II,Period II Day 12,batch3,acetone,acetone,True
local-mkmmd,S1_train_I_test_all,LOCAL-MKMMD-UDA,uda,3,122,acetone_54,,Period_II,Period II Day 12,batch3,acetone,air,False
local-mkmmd,S1_train_I_test_all,LOCAL-MKMMD-UDA,uda,3,123,acetone_55,,Period_II,Period II Day 12,batch3,acetone,alcohol,False
local-mkmmd,S1_train_I_test_all,LOCAL-MKMMD-UDA,uda,3,124,acetone_56,,Period_II,Period II Day 13,batch3,acetone,acetone,True
local-mkmmd,S1_train_I_test_all,LOCAL-MKMMD-UDA,uda,3,125,acetone_57,,Period_II,Period II Day 13,batch3,acetone,alcohol,False
local-mkmmd,S1_train_I_test_all,LOCAL-MKMMD-UDA,uda,3,126,acetone_58,,Period_II,Period II Day 14,batch3,acetone,acetone,True
local-mkmmd,S1_train_I_test_all,LOCAL-MKMMD-UDA,uda,3,127,acetone_59,,Period_II,Period II Day 14,batch3,acetone,acetone,True
local-mkmmd,S1_train_I_test_all,LOCAL-MKMMD-UDA,uda,3,128,acetone_60,,Period_II,Period II Day 14,batch3,acetone,acetone,True
local-mkmmd,S1_train_I_test_all,LOCAL-MKMMD-UDA,uda,3,129,acetone_61,,Period_II,Period II Day 15,batch3,acetone,air,False
local-mkmmd,S1_train_I_test_all,LOCAL-MKMMD-UDA,uda,3,130,acetone_62,,Period_II,Period II Day 15,batch3,acetone,alcohol,False
local-mkmmd,S1_train_I_test_all,LOCAL-MKMMD-UDA,uda,3,131,acetone_63,,Period_II,Period II Day 15,batch3,acetone,acetone,True
local-mkmmd,S1_train_I_test_all,LOCAL-MKMMD-UDA,uda,3,132,acetone_64,,Period_II,Period II Day 17,batch3,acetone,acetone,True
local-mkmmd,S1_train_I_test_all,LOCAL-MKMMD-UDA,uda,3,133,acetone_65,,Period_II,Period II Day 17,batch3,acetone,acetone,True
local-mkmmd,S1_train_I_test_all,LOCAL-MKMMD-UDA,uda,3,134,acetone_66,,Period_II,Period II Day 17,batch3,acetone,air,False
local-mkmmd,S1_train_I_test_all,LOCAL-MKMMD-UDA,uda,3,135,acetone_67,,Period_II,Period II Day 17,batch3,acetone,acetone,True
local-mkmmd,S1_train_I_test_all,LOCAL-MKMMD-UDA,uda,3,136,acetone_68,,Period_II,Period II Day 17,batch3,acetone,acetone,True
local-mkmmd,S1_train_I_test_all,LOCAL-MKMMD-UDA,uda,3,137,air_18,,Period_II,Period II Day 10,batch3,air,air,True
local-mkmmd,S1_train_I_test_all,LOCAL-MKMMD-UDA,uda,3,138,air_19,,Period_II,Period II Day 10,batch3,air,alcohol,False
local-mkmmd,S1_train_I_test_all,LOCAL-MKMMD-UDA,uda,3,139,air_20,,Period_II,Period II Day 11,batch3,air,air,True
local-mkmmd,S1_train_I_test_all,LOCAL-MKMMD-UDA,uda,3,140,air_21,,Period_II,Period II Day 11,batch3,air,air,True
local-mkmmd,S1_train_I_test_all,LOCAL-MKMMD-UDA,uda,3,141,air_22,,Period_II,Period II Day 12,batch3,air,alcohol,False
local-mkmmd,S1_train_I_test_all,LOCAL-MKMMD-UDA,uda,3,142,air_23,,Period_II,Period II Day 12,batch3,air,air,True
local-mkmmd,S1_train_I_test_all,LOCAL-MKMMD-UDA,uda,3,143,air_24,,Period_II,Period II Day 13,batch3,air,air,True
local-mkmmd,S1_train_I_test_all,LOCAL-MKMMD-UDA,uda,3,144,air_25,,Period_II,Period II Day 13,batch3,air,air,True
local-mkmmd,S1_train_I_test_all,LOCAL-MKMMD-UDA,uda,3,145,air_26,,Period_II,Period II Day 13,batch3,air,air,True
local-mkmmd,S1_train_I_test_all,LOCAL-MKMMD-UDA,uda,3,146,air_27,,Period_II,Period II Day 13,batch3,air,air,True
local-mkmmd,S1_train_I_test_all,LOCAL-MKMMD-UDA,uda,3,147,air_28,,Period_II,Period II Day 13,batch3,air,alcohol,False
local-mkmmd,S1_train_I_test_all,LOCAL-MKMMD-UDA,uda,3,148,air_29,,Period_II,Period II Day 14,batch3,air,air,True
local-mkmmd,S1_train_I_test_all,LOCAL-MKMMD-UDA,uda,3,149,air_30,,Period_II,Period II Day 14,batch3,air,air,True
local-mkmmd,S1_train_I_test_all,LOCAL-MKMMD-UDA,uda,3,150,air_31,,Period_II,Period II Day 14,batch3,air,air,True
local-mkmmd,S1_train_I_test_all,LOCAL-MKMMD-UDA,uda,3,151,air_32,,Period_II,Period II Day 14,batch3,air,air,True
local-mkmmd,S1_train_I_test_all,LOCAL-MKMMD-UDA,uda,3,152,air_33,,Period_II,Period II Day 14,batch3,air,air,True
local-mkmmd,S1_train_I_test_all,LOCAL-MKMMD-UDA,uda,3,153,air_34,,Period_II,Period II Day 14,batch3,air,air,True
local-mkmmd,S1_train_I_test_all,LOCAL-MKMMD-UDA,uda,3,154,air_35,,Period_II,Period II Day 15,batch3,air,air,True
local-mkmmd,S1_train_I_test_all,LOCAL-MKMMD-UDA,uda,3,155,air_36,,Period_II,Period II Day 15,batch3,air,alcohol,False
local-mkmmd,S1_train_I_test_all,LOCAL-MKMMD-UDA,uda,3,156,air_37,,Period_II,Period II Day 15,batch3,air,air,True
local-mkmmd,S1_train_I_test_all,LOCAL-MKMMD-UDA,uda,3,157,air_38,,Period_II,Period II Day 15,batch3,air,air,True
local-mkmmd,S1_train_I_test_all,LOCAL-MKMMD-UDA,uda,3,158,air_39,,Period_II,Period II Day 15,batch3,air,air,True
local-mkmmd,S1_train_I_test_all,LOCAL-MKMMD-UDA,uda,3,159,air_40,,Period_II,Period II Day 15,batch3,air,air,True
local-mkmmd,S1_train_I_test_all,LOCAL-MKMMD-UDA,uda,3,160,air_41,,Period_II,Period II Day 16,batch3,air,alcohol,False
local-mkmmd,S1_train_I_test_all,LOCAL-MKMMD-UDA,uda,3,161,air_42,,Period_II,Period II Day 16,batch3,air,air,True
local-mkmmd,S1_train_I_test_all,LOCAL-MKMMD-UDA,uda,3,162,air_43,,Period_II,Period II Day 16,batch3,air,alcohol,False
local-mkmmd,S1_train_I_test_all,LOCAL-MKMMD-UDA,uda,3,163,air_44,,Period_II,Period II Day 16,batch3,air,air,True
local-mkmmd,S1_train_I_test_all,LOCAL-MKMMD-UDA,uda,3,164,air_45,,Period_II,Period II Day 17,batch3,air,air,True
local-mkmmd,S1_train_I_test_all,LOCAL-MKMMD-UDA,uda,3,165,air_46,,Period_II,Period II Day 17,batch3,air,alcohol,False
local-mkmmd,S1_train_I_test_all,LOCAL-MKMMD-UDA,uda,3,166,air_47,,Period_II,Period II Day 17,batch3,air,air,True
local-mkmmd,S1_train_I_test_all,LOCAL-MKMMD-UDA,uda,3,167,air_48,,Period_II,Period II Day 17,batch3,air,air,True
local-mkmmd,S1_train_I_test_all,LOCAL-MKMMD-UDA,uda,3,168,alcohol_44,,Period_II,Period II Day 10,batch3,alcohol,alcohol,True
local-mkmmd,S1_train_I_test_all,LOCAL-MKMMD-UDA,uda,3,169,alcohol_45,,Period_II,Period II Day 10,batch3,alcohol,alcohol,True
local-mkmmd,S1_train_I_test_all,LOCAL-MKMMD-UDA,uda,3,170,alcohol_46,,Period_II,Period II Day 10,batch3,alcohol,alcohol,True
local-mkmmd,S1_train_I_test_all,LOCAL-MKMMD-UDA,uda,3,171,alcohol_47,,Period_II,Period II Day 10,batch3,alcohol,alcohol,True
local-mkmmd,S1_train_I_test_all,LOCAL-MKMMD-UDA,uda,3,172,alcohol_48,,Period_II,Period II Day 11,batch3,alcohol,alcohol,True
local-mkmmd,S1_train_I_test_all,LOCAL-MKMMD-UDA,uda,3,173,alcohol_49,,Period_II,Period II Day 11,batch3,alcohol,alcohol,True
local-mkmmd,S1_train_I_test_all,LOCAL-MKMMD-UDA,uda,3,174,alcohol_50,,Period_II,Period II Day 11,batch3,alcohol,alcohol,True
local-mkmmd,S1_train_I_test_all,LOCAL-MKMMD-UDA,uda,3,175,alcohol_51,,Period_II,Period II Day 11,batch3,alcohol,alcohol,True
local-mkmmd,S1_train_I_test_all,LOCAL-MKMMD-UDA,uda,3,176,alcohol_52,,Period_II,Period II Day 12,batch3,alcohol,air,False
local-mkmmd,S1_train_I_test_all,LOCAL-MKMMD-UDA,uda,3,177,alcohol_53,,Period_II,Period II Day 12,batch3,alcohol,alcohol,True
local-mkmmd,S1_train_I_test_all,LOCAL-MKMMD-UDA,uda,3,178,alcohol_54,,Period_II,Period II Day 12,batch3,alcohol,alcohol,True
local-mkmmd,S1_train_I_test_all,LOCAL-MKMMD-UDA,uda,3,179,alcohol_55,,Period_II,Period II Day 12,batch3,alcohol,alcohol,True
local-mkmmd,S1_train_I_test_all,LOCAL-MKMMD-UDA,uda,3,180,alcohol_56,,Period_II,Period II Day 13,batch3,alcohol,alcohol,True
local-mkmmd,S1_train_I_test_all,LOCAL-MKMMD-UDA,uda,3,181,alcohol_57,,Period_II,Period II Day 13,batch3,alcohol,alcohol,True
local-mkmmd,S1_train_I_test_all,LOCAL-MKMMD-UDA,uda,3,182,alcohol_58,,Period_II,Period II Day 14,batch3,alcohol,alcohol,True
local-mkmmd,S1_train_I_test_all,LOCAL-MKMMD-UDA,uda,3,183,alcohol_59,,Period_II,Period II Day 14,batch3,alcohol,alcohol,True
local-mkmmd,S1_train_I_test_all,LOCAL-MKMMD-UDA,uda,3,184,alcohol_60,,Period_II,Period II Day 14,batch3,alcohol,alcohol,True
local-mkmmd,S1_train_I_test_all,LOCAL-MKMMD-UDA,uda,3,185,alcohol_61,,Period_II,Period II Day 15,batch3,alcohol,air,False
local-mkmmd,S1_train_I_test_all,LOCAL-MKMMD-UDA,uda,3,186,alcohol_62,,Period_II,Period II Day 15,batch3,alcohol,alcohol,True
local-mkmmd,S1_train_I_test_all,LOCAL-MKMMD-UDA,uda,3,187,alcohol_63,,Period_II,Period II Day 15,batch3,alcohol,alcohol,True
local-mkmmd,S1_train_I_test_all,LOCAL-MKMMD-UDA,uda,3,188,alcohol_64,,Period_II,Period II Day 17,batch3,alcohol,alcohol,True
local-mkmmd,S1_train_I_test_all,LOCAL-MKMMD-UDA,uda,3,189,alcohol_65,,Period_II,Period II Day 17,batch3,alcohol,alcohol,True
local-mkmmd,S1_train_I_test_all,LOCAL-MKMMD-UDA,uda,3,190,alcohol_66,,Period_II,Period II Day 17,batch3,alcohol,alcohol,True
local-mkmmd,S1_train_I_test_all,LOCAL-MKMMD-UDA,uda,3,191,alcohol_67,,Period_II,Period II Day 17,batch3,alcohol,alcohol,True
local-mkmmd,S1_train_I_test_all,LOCAL-MKMMD-UDA,uda,3,192,alcohol_68,,Period_II,Period II Day 17,batch3,alcohol,alcohol,True
local-mkmmd,S1_train_I_test_all,LOCAL-MKMMD-UDA,uda,3,193,acetone_69,,Period_III,Period III Day 18,batch4,acetone,acetone,True
local-mkmmd,S1_train_I_test_all,LOCAL-MKMMD-UDA,uda,3,194,acetone_70,,Period_III,Period III Day 18,batch4,acetone,acetone,True
local-mkmmd,S1_train_I_test_all,LOCAL-MKMMD-UDA,uda,3,195,acetone_71,,Period_III,Period III Day 18,batch4,acetone,acetone,True
local-mkmmd,S1_train_I_test_all,LOCAL-MKMMD-UDA,uda,3,196,acetone_72,,Period_III,Period III Day 18,batch4,acetone,acetone,True
local-mkmmd,S1_train_I_test_all,LOCAL-MKMMD-UDA,uda,3,197,acetone_73,,Period_III,Period III Day 18,batch4,acetone,acetone,True
local-mkmmd,S1_train_I_test_all,LOCAL-MKMMD-UDA,uda,3,198,acetone_74,,Period_III,Period III Day 19,batch4,acetone,acetone,True
local-mkmmd,S1_train_I_test_all,LOCAL-MKMMD-UDA,uda,3,199,acetone_75,,Period_III,Period III Day 19,batch4,acetone,acetone,True
local-mkmmd,S1_train_I_test_all,LOCAL-MKMMD-UDA,uda,3,200,acetone_76,,Period_III,Period III Day 19,batch4,acetone,acetone,True
local-mkmmd,S1_train_I_test_all,LOCAL-MKMMD-UDA,uda,3,201,acetone_77,,Period_III,Period III Day 20,batch4,acetone,acetone,True
local-mkmmd,S1_train_I_test_all,LOCAL-MKMMD-UDA,uda,3,202,acetone_78,,Period_III,Period III Day 20,batch4,acetone,acetone,True
local-mkmmd,S1_train_I_test_all,LOCAL-MKMMD-UDA,uda,3,203,acetone_79,,Period_III,Period III Day 20,batch4,acetone,acetone,True
local-mkmmd,S1_train_I_test_all,LOCAL-MKMMD-UDA,uda,3,204,acetone_80,,Period_III,Period III Day 20,batch4,acetone,acetone,True
local-mkmmd,S1_train_I_test_all,LOCAL-MKMMD-UDA,uda,3,205,acetone_81,,Period_III,Period III Day 21,batch4,acetone,acetone,True
local-mkmmd,S1_train_I_test_all,LOCAL-MKMMD-UDA,uda,3,206,acetone_82,,Period_III,Period III Day 21,batch4,acetone,acetone,True
local-mkmmd,S1_train_I_test_all,LOCAL-MKMMD-UDA,uda,3,207,acetone_83,,Period_III,Period III Day 21,batch4,acetone,acetone,True
local-mkmmd,S1_train_I_test_all,LOCAL-MKMMD-UDA,uda,3,208,acetone_84,,Period_III,Period III Day 21,batch4,acetone,acetone,True
local-mkmmd,S1_train_I_test_all,LOCAL-MKMMD-UDA,uda,3,209,air_49,,Period_III,Period III Day 18,batch4,air,air,True
local-mkmmd,S1_train_I_test_all,LOCAL-MKMMD-UDA,uda,3,210,air_50,,Period_III,Period III Day 18,batch4,air,air,True
local-mkmmd,S1_train_I_test_all,LOCAL-MKMMD-UDA,uda,3,211,air_51,,Period_III,Period III Day 18,batch4,air,air,True
local-mkmmd,S1_train_I_test_all,LOCAL-MKMMD-UDA,uda,3,212,air_52,,Period_III,Period III Day 18,batch4,air,air,True
local-mkmmd,S1_train_I_test_all,LOCAL-MKMMD-UDA,uda,3,213,air_53,,Period_III,Period III Day 19,batch4,air,alcohol,False
local-mkmmd,S1_train_I_test_all,LOCAL-MKMMD-UDA,uda,3,214,air_54,,Period_III,Period III Day 19,batch4,air,air,True
local-mkmmd,S1_train_I_test_all,LOCAL-MKMMD-UDA,uda,3,215,air_55,,Period_III,Period III Day 20,batch4,air,air,True
local-mkmmd,S1_train_I_test_all,LOCAL-MKMMD-UDA,uda,3,216,air_56,,Period_III,Period III Day 20,batch4,air,alcohol,False
local-mkmmd,S1_train_I_test_all,LOCAL-MKMMD-UDA,uda,3,217,air_57,,Period_III,Period III Day 20,batch4,air,air,True
local-mkmmd,S1_train_I_test_all,LOCAL-MKMMD-UDA,uda,3,218,air_58,,Period_III,Period III Day 20,batch4,air,air,True
local-mkmmd,S1_train_I_test_all,LOCAL-MKMMD-UDA,uda,3,219,air_59,,Period_III,Period III Day 21,batch4,air,alcohol,False
local-mkmmd,S1_train_I_test_all,LOCAL-MKMMD-UDA,uda,3,220,air_60,,Period_III,Period III Day 21,batch4,air,air,True
local-mkmmd,S1_train_I_test_all,LOCAL-MKMMD-UDA,uda,3,221,air_61,,Period_III,Period III Day 21,batch4,air,air,True
local-mkmmd,S1_train_I_test_all,LOCAL-MKMMD-UDA,uda,3,222,air_62,,Period_III,Period III Day 21,batch4,air,air,True
local-mkmmd,S1_train_I_test_all,LOCAL-MKMMD-UDA,uda,3,223,alcohol_69,,Period_III,Period III Day 18,batch4,alcohol,alcohol,True
local-mkmmd,S1_train_I_test_all,LOCAL-MKMMD-UDA,uda,3,224,alcohol_70,,Period_III,Period III Day 18,batch4,alcohol,alcohol,True
local-mkmmd,S1_train_I_test_all,LOCAL-MKMMD-UDA,uda,3,225,alcohol_71,,Period_III,Period III Day 18,batch4,alcohol,alcohol,True
local-mkmmd,S1_train_I_test_all,LOCAL-MKMMD-UDA,uda,3,226,alcohol_72,,Period_III,Period III Day 18,batch4,alcohol,alcohol,True
local-mkmmd,S1_train_I_test_all,LOCAL-MKMMD-UDA,uda,3,227,alcohol_73,,Period_III,Period III Day 18,batch4,alcohol,alcohol,True
local-mkmmd,S1_train_I_test_all,LOCAL-MKMMD-UDA,uda,3,228,alcohol_74,,Period_III,Period III Day 19,batch4,alcohol,alcohol,True
local-mkmmd,S1_train_I_test_all,LOCAL-MKMMD-UDA,uda,3,229,alcohol_75,,Period_III,Period III Day 19,batch4,alcohol,alcohol,True
local-mkmmd,S1_train_I_test_all,LOCAL-MKMMD-UDA,uda,3,230,alcohol_76,,Period_III,Period III Day 19,batch4,alcohol,alcohol,True
local-mkmmd,S1_train_I_test_all,LOCAL-MKMMD-UDA,uda,3,231,alcohol_77,,Period_III,Period III Day 20,batch4,alcohol,alcohol,True
local-mkmmd,S1_train_I_test_all,LOCAL-MKMMD-UDA,uda,3,232,alcohol_78,,Period_III,Period III Day 20,batch4,alcohol,alcohol,True
local-mkmmd,S1_train_I_test_all,LOCAL-MKMMD-UDA,uda,3,233,alcohol_79,,Period_III,Period III Day 20,batch4,alcohol,alcohol,True
local-mkmmd,S1_train_I_test_all,LOCAL-MKMMD-UDA,uda,3,234,alcohol_80,,Period_III,Period III Day 20,batch4,alcohol,alcohol,True
local-mkmmd,S1_train_I_test_all,LOCAL-MKMMD-UDA,uda,3,235,alcohol_81,,Period_III,Period III Day 21,batch4,alcohol,alcohol,True
local-mkmmd,S1_train_I_test_all,LOCAL-MKMMD-UDA,uda,3,236,alcohol_82,,Period_III,Period III Day 21,batch4,alcohol,alcohol,True
local-mkmmd,S1_train_I_test_all,LOCAL-MKMMD-UDA,uda,3,237,alcohol_83,,Period_III,Period III Day 21,batch4,alcohol,alcohol,True
local-mkmmd,S1_train_I_test_all,LOCAL-MKMMD-UDA,uda,3,238,alcohol_84,,Period_III,Period III Day 21,batch4,alcohol,alcohol,True
local-mkmmd,S1_train_I_test_all,LOCAL-MKMMD-UDA,uda,3,239,acetone_85,,Period_IV,Period IV Day 22,batch5,acetone,alcohol,False
local-mkmmd,S1_train_I_test_all,LOCAL-MKMMD-UDA,uda,3,240,acetone_86,,Period_IV,Period IV Day 22,batch5,acetone,alcohol,False
local-mkmmd,S1_train_I_test_all,LOCAL-MKMMD-UDA,uda,3,241,acetone_87,,Period_IV,Period IV Day 22,batch5,acetone,acetone,True
local-mkmmd,S1_train_I_test_all,LOCAL-MKMMD-UDA,uda,3,242,acetone_88,,Period_IV,Period IV Day 22,batch5,acetone,acetone,True
local-mkmmd,S1_train_I_test_all,LOCAL-MKMMD-UDA,uda,3,243,acetone_89,,Period_IV,Period IV Day 23,batch5,acetone,acetone,True
local-mkmmd,S1_train_I_test_all,LOCAL-MKMMD-UDA,uda,3,244,acetone_90,,Period_IV,Period IV Day 23,batch5,acetone,acetone,True
local-mkmmd,S1_train_I_test_all,LOCAL-MKMMD-UDA,uda,3,245,acetone_91,,Period_IV,Period IV Day 23,batch5,acetone,acetone,True
local-mkmmd,S1_train_I_test_all,LOCAL-MKMMD-UDA,uda,3,246,acetone_92,,Period_IV,Period IV Day 23,batch5,acetone,acetone,True
local-mkmmd,S1_train_I_test_all,LOCAL-MKMMD-UDA,uda,3,247,acetone_93,,Period_IV,Period IV Day 24,batch5,acetone,acetone,True
local-mkmmd,S1_train_I_test_all,LOCAL-MKMMD-UDA,uda,3,248,acetone_94,,Period_IV,Period IV Day 24,batch5,acetone,acetone,True
local-mkmmd,S1_train_I_test_all,LOCAL-MKMMD-UDA,uda,3,249,acetone_95,,Period_IV,Period IV Day 24,batch5,acetone,acetone,True
local-mkmmd,S1_train_I_test_all,LOCAL-MKMMD-UDA,uda,3,250,acetone_96,,Period_IV,Period IV Day 24,batch5,acetone,acetone,True
local-mkmmd,S1_train_I_test_all,LOCAL-MKMMD-UDA,uda,3,251,air_63,,Period_IV,Period IV Day 22,batch5,air,air,True
local-mkmmd,S1_train_I_test_all,LOCAL-MKMMD-UDA,uda,3,252,air_64,,Period_IV,Period IV Day 22,batch5,air,air,True
local-mkmmd,S1_train_I_test_all,LOCAL-MKMMD-UDA,uda,3,253,air_65,,Period_IV,Period IV Day 22,batch5,air,alcohol,False
local-mkmmd,S1_train_I_test_all,LOCAL-MKMMD-UDA,uda,3,254,air_66,,Period_IV,Period IV Day 23,batch5,air,air,True
local-mkmmd,S1_train_I_test_all,LOCAL-MKMMD-UDA,uda,3,255,air_67,,Period_IV,Period IV Day 23,batch5,air,air,True
local-mkmmd,S1_train_I_test_all,LOCAL-MKMMD-UDA,uda,3,256,air_68,,Period_IV,Period IV Day 23,batch5,air,air,True
local-mkmmd,S1_train_I_test_all,LOCAL-MKMMD-UDA,uda,3,257,air_69,,Period_IV,Period IV Day 23,batch5,air,air,True
local-mkmmd,S1_train_I_test_all,LOCAL-MKMMD-UDA,uda,3,258,air_70,,Period_IV,Period IV Day 24,batch5,air,air,True
local-mkmmd,S1_train_I_test_all,LOCAL-MKMMD-UDA,uda,3,259,air_71,,Period_IV,Period IV Day 24,batch5,air,air,True
local-mkmmd,S1_train_I_test_all,LOCAL-MKMMD-UDA,uda,3,260,air_72,,Period_IV,Period IV Day 24,batch5,air,air,True
local-mkmmd,S1_train_I_test_all,LOCAL-MKMMD-UDA,uda,3,261,alcohol_85,,Period_IV,Period IV Day 22,batch5,alcohol,alcohol,True
local-mkmmd,S1_train_I_test_all,LOCAL-MKMMD-UDA,uda,3,262,alcohol_86,,Period_IV,Period IV Day 22,batch5,alcohol,alcohol,True
local-mkmmd,S1_train_I_test_all,LOCAL-MKMMD-UDA,uda,3,263,alcohol_87,,Period_IV,Period IV Day 22,batch5,alcohol,air,False
local-mkmmd,S1_train_I_test_all,LOCAL-MKMMD-UDA,uda,3,264,alcohol_88,,Period_IV,Period IV Day 22,batch5,alcohol,alcohol,True
local-mkmmd,S1_train_I_test_all,LOCAL-MKMMD-UDA,uda,3,265,alcohol_89,,Period_IV,Period IV Day 23,batch5,alcohol,alcohol,True
local-mkmmd,S1_train_I_test_all,LOCAL-MKMMD-UDA,uda,3,266,alcohol_90,,Period_IV,Period IV Day 23,batch5,alcohol,alcohol,True
local-mkmmd,S1_train_I_test_all,LOCAL-MKMMD-UDA,uda,3,267,alcohol_91,,Period_IV,Period IV Day 23,batch5,alcohol,alcohol,True
local-mkmmd,S1_train_I_test_all,LOCAL-MKMMD-UDA,uda,3,268,alcohol_92,,Period_IV,Period IV Day 23,batch5,alcohol,alcohol,True
local-mkmmd,S1_train_I_test_all,LOCAL-MKMMD-UDA,uda,3,269,alcohol_93,,Period_IV,Period IV Day 24,batch5,alcohol,alcohol,True
local-mkmmd,S1_train_I_test_all,LOCAL-MKMMD-UDA,uda,3,270,alcohol_94,,Period_IV,Period IV Day 24,batch5,alcohol,alcohol,True
local-mkmmd,S1_train_I_test_all,LOCAL-MKMMD-UDA,uda,3,271,alcohol_95,,Period_IV,Period IV Day 24,batch5,alcohol,alcohol,True
local-mkmmd,S1_train_I_test_all,LOCAL-MKMMD-UDA,uda,3,272,alcohol_96,,Period_IV,Period IV Day 24,batch5,alcohol,alcohol,True
local-mkmmd,S1_train_I_test_all,LOCAL-MKMMD-UDA,uda,4,0,acetone_1,,Period_II,Period II Day 1,batch1,acetone,acetone,True
local-mkmmd,S1_train_I_test_all,LOCAL-MKMMD-UDA,uda,4,1,acetone_2,,Period_II,Period II Day 1,batch1,acetone,acetone,True
local-mkmmd,S1_train_I_test_all,LOCAL-MKMMD-UDA,uda,4,2,acetone_3,,Period_II,Period II Day 1,batch1,acetone,acetone,True
local-mkmmd,S1_train_I_test_all,LOCAL-MKMMD-UDA,uda,4,3,acetone_4,,Period_II,Period II Day 1,batch1,acetone,acetone,True
local-mkmmd,S1_train_I_test_all,LOCAL-MKMMD-UDA,uda,4,4,acetone_5,,Period_II,Period II Day 1,batch1,acetone,acetone,True
local-mkmmd,S1_train_I_test_all,LOCAL-MKMMD-UDA,uda,4,5,acetone_10,,Period_II,Period II Day 2,batch1,acetone,acetone,True
local-mkmmd,S1_train_I_test_all,LOCAL-MKMMD-UDA,uda,4,6,acetone_6,,Period_II,Period II Day 2,batch1,acetone,acetone,True
local-mkmmd,S1_train_I_test_all,LOCAL-MKMMD-UDA,uda,4,7,acetone_7,,Period_II,Period II Day 2,batch1,acetone,acetone,True
local-mkmmd,S1_train_I_test_all,LOCAL-MKMMD-UDA,uda,4,8,acetone_8,,Period_II,Period II Day 2,batch1,acetone,acetone,True
local-mkmmd,S1_train_I_test_all,LOCAL-MKMMD-UDA,uda,4,9,acetone_9,,Period_II,Period II Day 2,batch1,acetone,acetone,True
local-mkmmd,S1_train_I_test_all,LOCAL-MKMMD-UDA,uda,4,10,air_1,,Period_II,Period II Day 1,batch1,air,air,True
local-mkmmd,S1_train_I_test_all,LOCAL-MKMMD-UDA,uda,4,11,air_2,,Period_II,Period II Day 1,batch1,air,alcohol,False
local-mkmmd,S1_train_I_test_all,LOCAL-MKMMD-UDA,uda,4,12,reference_1,,Period_II,Period II Day 1,batch1,air,air,True
local-mkmmd,S1_train_I_test_all,LOCAL-MKMMD-UDA,uda,4,13,reference_2,,Period_II,Period II Day 1,batch1,air,air,True
local-mkmmd,S1_train_I_test_all,LOCAL-MKMMD-UDA,uda,4,14,reference_3,,Period_II,Period II Day 1,batch1,air,air,True
local-mkmmd,S1_train_I_test_all,LOCAL-MKMMD-UDA,uda,4,15,reference_4,,Period_II,Period II Day 1,batch1,air,air,True
local-mkmmd,S1_train_I_test_all,LOCAL-MKMMD-UDA,uda,4,16,air_3,,Period_II,Period II Day 2,batch1,air,air,True
local-mkmmd,S1_train_I_test_all,LOCAL-MKMMD-UDA,uda,4,17,air_4,,Period_II,Period II Day 2,batch1,air,air,True
local-mkmmd,S1_train_I_test_all,LOCAL-MKMMD-UDA,uda,4,18,alcohol_1,,Period_II,Period II Day 1,batch1,alcohol,alcohol,True
local-mkmmd,S1_train_I_test_all,LOCAL-MKMMD-UDA,uda,4,19,alcohol_2,,Period_II,Period II Day 1,batch1,alcohol,alcohol,True
local-mkmmd,S1_train_I_test_all,LOCAL-MKMMD-UDA,uda,4,20,alcohol_3,,Period_II,Period II Day 1,batch1,alcohol,alcohol,True
local-mkmmd,S1_train_I_test_all,LOCAL-MKMMD-UDA,uda,4,21,alcohol_4,,Period_II,Period II Day 1,batch1,alcohol,alcohol,True
local-mkmmd,S1_train_I_test_all,LOCAL-MKMMD-UDA,uda,4,22,alcohol_5,,Period_II,Period II Day 1,batch1,alcohol,alcohol,True
local-mkmmd,S1_train_I_test_all,LOCAL-MKMMD-UDA,uda,4,23,alcohol_10,,Period_II,Period II Day 2,batch1,alcohol,alcohol,True
local-mkmmd,S1_train_I_test_all,LOCAL-MKMMD-UDA,uda,4,24,alcohol_6,,Period_II,Period II Day 2,batch1,alcohol,alcohol,True
local-mkmmd,S1_train_I_test_all,LOCAL-MKMMD-UDA,uda,4,25,alcohol_7,,Period_II,Period II Day 2,batch1,alcohol,air,False
local-mkmmd,S1_train_I_test_all,LOCAL-MKMMD-UDA,uda,4,26,alcohol_8,,Period_II,Period II Day 2,batch1,alcohol,alcohol,True
local-mkmmd,S1_train_I_test_all,LOCAL-MKMMD-UDA,uda,4,27,alcohol_9,,Period_II,Period II Day 2,batch1,alcohol,alcohol,True
local-mkmmd,S1_train_I_test_all,LOCAL-MKMMD-UDA,uda,4,28,acetone_11,,Period_II,Period II Day 3,batch2,acetone,acetone,True
local-mkmmd,S1_train_I_test_all,LOCAL-MKMMD-UDA,uda,4,29,acetone_12,,Period_II,Period II Day 3,batch2,acetone,acetone,True
local-mkmmd,S1_train_I_test_all,LOCAL-MKMMD-UDA,uda,4,30,acetone_13,,Period_II,Period II Day 3,batch2,acetone,acetone,True
local-mkmmd,S1_train_I_test_all,LOCAL-MKMMD-UDA,uda,4,31,acetone_14,,Period_II,Period II Day 3,batch2,acetone,acetone,True
local-mkmmd,S1_train_I_test_all,LOCAL-MKMMD-UDA,uda,4,32,acetone_15,,Period_II,Period II Day 3,batch2,acetone,acetone,True
local-mkmmd,S1_train_I_test_all,LOCAL-MKMMD-UDA,uda,4,33,acetone_16,,Period_II,Period II Day 4,batch2,acetone,acetone,True
local-mkmmd,S1_train_I_test_all,LOCAL-MKMMD-UDA,uda,4,34,acetone_17,,Period_II,Period II Day 4,batch2,acetone,acetone,True
local-mkmmd,S1_train_I_test_all,LOCAL-MKMMD-UDA,uda,4,35,acetone_18,,Period_II,Period II Day 4,batch2,acetone,acetone,True
local-mkmmd,S1_train_I_test_all,LOCAL-MKMMD-UDA,uda,4,36,acetone_19,,Period_II,Period II Day 4,batch2,acetone,alcohol,False
local-mkmmd,S1_train_I_test_all,LOCAL-MKMMD-UDA,uda,4,37,acetone_20,,Period_II,Period II Day 4,batch2,acetone,acetone,True
local-mkmmd,S1_train_I_test_all,LOCAL-MKMMD-UDA,uda,4,38,acetone_21,,Period_II,Period II Day 5,batch2,acetone,acetone,True
local-mkmmd,S1_train_I_test_all,LOCAL-MKMMD-UDA,uda,4,39,acetone_22,,Period_II,Period II Day 5,batch2,acetone,alcohol,False
local-mkmmd,S1_train_I_test_all,LOCAL-MKMMD-UDA,uda,4,40,acetone_23,,Period_II,Period II Day 5,batch2,acetone,acetone,True
local-mkmmd,S1_train_I_test_all,LOCAL-MKMMD-UDA,uda,4,41,acetone_24,,Period_II,Period II Day 5,batch2,acetone,acetone,True
local-mkmmd,S1_train_I_test_all,LOCAL-MKMMD-UDA,uda,4,42,acetone_25,,Period_II,Period II Day 5,batch2,acetone,acetone,True
local-mkmmd,S1_train_I_test_all,LOCAL-MKMMD-UDA,uda,4,43,acetone_26,,Period_II,Period II Day 6,batch2,acetone,acetone,True
local-mkmmd,S1_train_I_test_all,LOCAL-MKMMD-UDA,uda,4,44,acetone_27,,Period_II,Period II Day 6,batch2,acetone,acetone,True
local-mkmmd,S1_train_I_test_all,LOCAL-MKMMD-UDA,uda,4,45,acetone_28,,Period_II,Period II Day 6,batch2,acetone,acetone,True
local-mkmmd,S1_train_I_test_all,LOCAL-MKMMD-UDA,uda,4,46,acetone_29,,Period_II,Period II Day 6,batch2,acetone,alcohol,False
local-mkmmd,S1_train_I_test_all,LOCAL-MKMMD-UDA,uda,4,47,acetone_30,,Period_II,Period II Day 6,batch2,acetone,acetone,True
local-mkmmd,S1_train_I_test_all,LOCAL-MKMMD-UDA,uda,4,48,acetone_31,,Period_II,Period II Day 6,batch2,acetone,acetone,True
local-mkmmd,S1_train_I_test_all,LOCAL-MKMMD-UDA,uda,4,49,acetone_32,,Period_II,Period II Day 6,batch2,acetone,acetone,True
local-mkmmd,S1_train_I_test_all,LOCAL-MKMMD-UDA,uda,4,50,acetone_33,,Period_II,Period II Day 7,batch2,acetone,acetone,True
local-mkmmd,S1_train_I_test_all,LOCAL-MKMMD-UDA,uda,4,51,acetone_34,,Period_II,Period II Day 7,batch2,acetone,acetone,True
local-mkmmd,S1_train_I_test_all,LOCAL-MKMMD-UDA,uda,4,52,acetone_35,,Period_II,Period II Day 7,batch2,acetone,acetone,True
local-mkmmd,S1_train_I_test_all,LOCAL-MKMMD-UDA,uda,4,53,acetone_36,,Period_II,Period II Day 8,batch2,acetone,acetone,True
local-mkmmd,S1_train_I_test_all,LOCAL-MKMMD-UDA,uda,4,54,acetone_37,,Period_II,Period II Day 8,batch2,acetone,air,False
local-mkmmd,S1_train_I_test_all,LOCAL-MKMMD-UDA,uda,4,55,acetone_38,,Period_II,Period II Day 8,batch2,acetone,air,False
local-mkmmd,S1_train_I_test_all,LOCAL-MKMMD-UDA,uda,4,56,acetone_39,,Period_II,Period II Day 9,batch2,acetone,acetone,True
local-mkmmd,S1_train_I_test_all,LOCAL-MKMMD-UDA,uda,4,57,acetone_40,,Period_II,Period II Day 9,batch2,acetone,air,False
local-mkmmd,S1_train_I_test_all,LOCAL-MKMMD-UDA,uda,4,58,acetone_41,,Period_II,Period II Day 9,batch2,acetone,acetone,True
local-mkmmd,S1_train_I_test_all,LOCAL-MKMMD-UDA,uda,4,59,acetone_42,,Period_II,Period II Day 9,batch2,acetone,acetone,True
local-mkmmd,S1_train_I_test_all,LOCAL-MKMMD-UDA,uda,4,60,acetone_43,,Period_II,Period II Day 9,batch2,acetone,acetone,True
local-mkmmd,S1_train_I_test_all,LOCAL-MKMMD-UDA,uda,4,61,air_5,,Period_II,Period II Day 3,batch2,air,air,True
local-mkmmd,S1_train_I_test_all,LOCAL-MKMMD-UDA,uda,4,62,air_6,,Period_II,Period II Day 3,batch2,air,air,True
local-mkmmd,S1_train_I_test_all,LOCAL-MKMMD-UDA,uda,4,63,reference_5,,Period_II,Period II Day 3,batch2,air,alcohol,False
local-mkmmd,S1_train_I_test_all,LOCAL-MKMMD-UDA,uda,4,64,reference_6,,Period_II,Period II Day 3,batch2,air,air,True
local-mkmmd,S1_train_I_test_all,LOCAL-MKMMD-UDA,uda,4,65,air_7,,Period_II,Period II Day 4,batch2,air,air,True
local-mkmmd,S1_train_I_test_all,LOCAL-MKMMD-UDA,uda,4,66,air_8,,Period_II,Period II Day 4,batch2,air,air,True
local-mkmmd,S1_train_I_test_all,LOCAL-MKMMD-UDA,uda,4,67,reference_7,,Period_II,Period II Day 4,batch2,air,air,True
local-mkmmd,S1_train_I_test_all,LOCAL-MKMMD-UDA,uda,4,68,reference_8,,Period_II,Period II Day 4,batch2,air,air,True
local-mkmmd,S1_train_I_test_all,LOCAL-MKMMD-UDA,uda,4,69,air_10,,Period_II,Period II Day 5,batch2,air,air,True
local-mkmmd,S1_train_I_test_all,LOCAL-MKMMD-UDA,uda,4,70,air_9,,Period_II,Period II Day 5,batch2,air,air,True
local-mkmmd,S1_train_I_test_all,LOCAL-MKMMD-UDA,uda,4,71,air_11,,Period_II,Period II Day 6,batch2,air,air,True
local-mkmmd,S1_train_I_test_all,LOCAL-MKMMD-UDA,uda,4,72,air_12,,Period_II,Period II Day 6,batch2,air,air,True
local-mkmmd,S1_train_I_test_all,LOCAL-MKMMD-UDA,uda,4,73,air_13,,Period_II,Period II Day 6,batch2,air,air,True
local-mkmmd,S1_train_I_test_all,LOCAL-MKMMD-UDA,uda,4,74,air_14,,Period_II,Period II Day 8,batch2,air,air,True
local-mkmmd,S1_train_I_test_all,LOCAL-MKMMD-UDA,uda,4,75,air_15,,Period_II,Period II Day 8,batch2,air,air,True
local-mkmmd,S1_train_I_test_all,LOCAL-MKMMD-UDA,uda,4,76,reference_9,,Period_II,Period II Day 8,batch2,air,alcohol,False
local-mkmmd,S1_train_I_test_all,LOCAL-MKMMD-UDA,uda,4,77,air_16,,Period_II,Period II Day 9,batch2,air,air,True
local-mkmmd,S1_train_I_test_all,LOCAL-MKMMD-UDA,uda,4,78,air_17,,Period_II,Period II Day 9,batch2,air,air,True
local-mkmmd,S1_train_I_test_all,LOCAL-MKMMD-UDA,uda,4,79,alcohol_11,,Period_II,Period II Day 3,batch2,alcohol,alcohol,True
local-mkmmd,S1_train_I_test_all,LOCAL-MKMMD-UDA,uda,4,80,alcohol_12,,Period_II,Period II Day 3,batch2,alcohol,alcohol,True
local-mkmmd,S1_train_I_test_all,LOCAL-MKMMD-UDA,uda,4,81,alcohol_13,,Period_II,Period II Day 3,batch2,alcohol,alcohol,True
local-mkmmd,S1_train_I_test_all,LOCAL-MKMMD-UDA,uda,4,82,alcohol_14,,Period_II,Period II Day 3,batch2,alcohol,alcohol,True
local-mkmmd,S1_train_I_test_all,LOCAL-MKMMD-UDA,uda,4,83,alcohol_15,,Period_II,Period II Day 3,batch2,alcohol,alcohol,True
local-mkmmd,S1_train_I_test_all,LOCAL-MKMMD-UDA,uda,4,84,alcohol_16,,Period_II,Period II Day 4,batch2,alcohol,alcohol,True
local-mkmmd,S1_train_I_test_all,LOCAL-MKMMD-UDA,uda,4,85,alcohol_17,,Period_II,Period II Day 4,batch2,alcohol,alcohol,True
local-mkmmd,S1_train_I_test_all,LOCAL-MKMMD-UDA,uda,4,86,alcohol_18,,Period_II,Period II Day 4,batch2,alcohol,alcohol,True
local-mkmmd,S1_train_I_test_all,LOCAL-MKMMD-UDA,uda,4,87,alcohol_19,,Period_II,Period II Day 4,batch2,alcohol,alcohol,True
local-mkmmd,S1_train_I_test_all,LOCAL-MKMMD-UDA,uda,4,88,alcohol_20,,Period_II,Period II Day 4,batch2,alcohol,alcohol,True
local-mkmmd,S1_train_I_test_all,LOCAL-MKMMD-UDA,uda,4,89,alcohol_21,,Period_II,Period II Day 5,batch2,alcohol,alcohol,True
local-mkmmd,S1_train_I_test_all,LOCAL-MKMMD-UDA,uda,4,90,alcohol_22,,Period_II,Period II Day 5,batch2,alcohol,alcohol,True
local-mkmmd,S1_train_I_test_all,LOCAL-MKMMD-UDA,uda,4,91,alcohol_23,,Period_II,Period II Day 5,batch2,alcohol,alcohol,True
local-mkmmd,S1_train_I_test_all,LOCAL-MKMMD-UDA,uda,4,92,alcohol_24,,Period_II,Period II Day 5,batch2,alcohol,alcohol,True
local-mkmmd,S1_train_I_test_all,LOCAL-MKMMD-UDA,uda,4,93,alcohol_25,,Period_II,Period II Day 5,batch2,alcohol,alcohol,True
local-mkmmd,S1_train_I_test_all,LOCAL-MKMMD-UDA,uda,4,94,alcohol_26,,Period_II,Period II Day 6,batch2,alcohol,alcohol,True
local-mkmmd,S1_train_I_test_all,LOCAL-MKMMD-UDA,uda,4,95,alcohol_27,,Period_II,Period II Day 6,batch2,alcohol,alcohol,True
local-mkmmd,S1_train_I_test_all,LOCAL-MKMMD-UDA,uda,4,96,alcohol_28,,Period_II,Period II Day 6,batch2,alcohol,alcohol,True
local-mkmmd,S1_train_I_test_all,LOCAL-MKMMD-UDA,uda,4,97,alcohol_29,,Period_II,Period II Day 6,batch2,alcohol,alcohol,True
local-mkmmd,S1_train_I_test_all,LOCAL-MKMMD-UDA,uda,4,98,alcohol_30,,Period_II,Period II Day 6,batch2,alcohol,alcohol,True
local-mkmmd,S1_train_I_test_all,LOCAL-MKMMD-UDA,uda,4,99,alcohol_31,,Period_II,Period II Day 6,batch2,alcohol,alcohol,True
local-mkmmd,S1_train_I_test_all,LOCAL-MKMMD-UDA,uda,4,100,alcohol_32,,Period_II,Period II Day 6,batch2,alcohol,alcohol,True
local-mkmmd,S1_train_I_test_all,LOCAL-MKMMD-UDA,uda,4,101,alcohol_33,,Period_II,Period II Day 7,batch2,alcohol,alcohol,True
local-mkmmd,S1_train_I_test_all,LOCAL-MKMMD-UDA,uda,4,102,alcohol_34,,Period_II,Period II Day 7,batch2,alcohol,alcohol,True
local-mkmmd,S1_train_I_test_all,LOCAL-MKMMD-UDA,uda,4,103,alcohol_35,,Period_II,Period II Day 7,batch2,alcohol,alcohol,True
local-mkmmd,S1_train_I_test_all,LOCAL-MKMMD-UDA,uda,4,104,alcohol_36,,Period_II,Period II Day 8,batch2,alcohol,alcohol,True
local-mkmmd,S1_train_I_test_all,LOCAL-MKMMD-UDA,uda,4,105,alcohol_37,,Period_II,Period II Day 8,batch2,alcohol,alcohol,True
local-mkmmd,S1_train_I_test_all,LOCAL-MKMMD-UDA,uda,4,106,alcohol_38,,Period_II,Period II Day 8,batch2,alcohol,alcohol,True
local-mkmmd,S1_train_I_test_all,LOCAL-MKMMD-UDA,uda,4,107,alcohol_39,,Period_II,Period II Day 9,batch2,alcohol,alcohol,True
local-mkmmd,S1_train_I_test_all,LOCAL-MKMMD-UDA,uda,4,108,alcohol_40,,Period_II,Period II Day 9,batch2,alcohol,alcohol,True
local-mkmmd,S1_train_I_test_all,LOCAL-MKMMD-UDA,uda,4,109,alcohol_41,,Period_II,Period II Day 9,batch2,alcohol,air,False
local-mkmmd,S1_train_I_test_all,LOCAL-MKMMD-UDA,uda,4,110,alcohol_42,,Period_II,Period II Day 9,batch2,alcohol,alcohol,True
local-mkmmd,S1_train_I_test_all,LOCAL-MKMMD-UDA,uda,4,111,alcohol_43,,Period_II,Period II Day 9,batch2,alcohol,alcohol,True
local-mkmmd,S1_train_I_test_all,LOCAL-MKMMD-UDA,uda,4,112,acetone_44,,Period_II,Period II Day 10,batch3,acetone,acetone,True
local-mkmmd,S1_train_I_test_all,LOCAL-MKMMD-UDA,uda,4,113,acetone_45,,Period_II,Period II Day 10,batch3,acetone,acetone,True
local-mkmmd,S1_train_I_test_all,LOCAL-MKMMD-UDA,uda,4,114,acetone_46,,Period_II,Period II Day 10,batch3,acetone,acetone,True
local-mkmmd,S1_train_I_test_all,LOCAL-MKMMD-UDA,uda,4,115,acetone_47,,Period_II,Period II Day 10,batch3,acetone,alcohol,False
local-mkmmd,S1_train_I_test_all,LOCAL-MKMMD-UDA,uda,4,116,acetone_48,,Period_II,Period II Day 11,batch3,acetone,acetone,True
local-mkmmd,S1_train_I_test_all,LOCAL-MKMMD-UDA,uda,4,117,acetone_49,,Period_II,Period II Day 11,batch3,acetone,acetone,True
local-mkmmd,S1_train_I_test_all,LOCAL-MKMMD-UDA,uda,4,118,acetone_50,,Period_II,Period II Day 11,batch3,acetone,alcohol,False
local-mkmmd,S1_train_I_test_all,LOCAL-MKMMD-UDA,uda,4,119,acetone_51,,Period_II,Period II Day 11,batch3,acetone,alcohol,False
local-mkmmd,S1_train_I_test_all,LOCAL-MKMMD-UDA,uda,4,120,acetone_52,,Period_II,Period II Day 12,batch3,acetone,acetone,True
local-mkmmd,S1_train_I_test_all,LOCAL-MKMMD-UDA,uda,4,121,acetone_53,,Period_II,Period II Day 12,batch3,acetone,acetone,True
local-mkmmd,S1_train_I_test_all,LOCAL-MKMMD-UDA,uda,4,122,acetone_54,,Period_II,Period II Day 12,batch3,acetone,air,False
local-mkmmd,S1_train_I_test_all,LOCAL-MKMMD-UDA,uda,4,123,acetone_55,,Period_II,Period II Day 12,batch3,acetone,alcohol,False
local-mkmmd,S1_train_I_test_all,LOCAL-MKMMD-UDA,uda,4,124,acetone_56,,Period_II,Period II Day 13,batch3,acetone,acetone,True
local-mkmmd,S1_train_I_test_all,LOCAL-MKMMD-UDA,uda,4,125,acetone_57,,Period_II,Period II Day 13,batch3,acetone,acetone,True
local-mkmmd,S1_train_I_test_all,LOCAL-MKMMD-UDA,uda,4,126,acetone_58,,Period_II,Period II Day 14,batch3,acetone,acetone,True
local-mkmmd,S1_train_I_test_all,LOCAL-MKMMD-UDA,uda,4,127,acetone_59,,Period_II,Period II Day 14,batch3,acetone,acetone,True
local-mkmmd,S1_train_I_test_all,LOCAL-MKMMD-UDA,uda,4,128,acetone_60,,Period_II,Period II Day 14,batch3,acetone,acetone,True
local-mkmmd,S1_train_I_test_all,LOCAL-MKMMD-UDA,uda,4,129,acetone_61,,Period_II,Period II Day 15,batch3,acetone,air,False
local-mkmmd,S1_train_I_test_all,LOCAL-MKMMD-UDA,uda,4,130,acetone_62,,Period_II,Period II Day 15,batch3,acetone,alcohol,False
local-mkmmd,S1_train_I_test_all,LOCAL-MKMMD-UDA,uda,4,131,acetone_63,,Period_II,Period II Day 15,batch3,acetone,acetone,True
local-mkmmd,S1_train_I_test_all,LOCAL-MKMMD-UDA,uda,4,132,acetone_64,,Period_II,Period II Day 17,batch3,acetone,acetone,True
local-mkmmd,S1_train_I_test_all,LOCAL-MKMMD-UDA,uda,4,133,acetone_65,,Period_II,Period II Day 17,batch3,acetone,acetone,True
local-mkmmd,S1_train_I_test_all,LOCAL-MKMMD-UDA,uda,4,134,acetone_66,,Period_II,Period II Day 17,batch3,acetone,air,False
local-mkmmd,S1_train_I_test_all,LOCAL-MKMMD-UDA,uda,4,135,acetone_67,,Period_II,Period II Day 17,batch3,acetone,acetone,True
local-mkmmd,S1_train_I_test_all,LOCAL-MKMMD-UDA,uda,4,136,acetone_68,,Period_II,Period II Day 17,batch3,acetone,acetone,True
local-mkmmd,S1_train_I_test_all,LOCAL-MKMMD-UDA,uda,4,137,air_18,,Period_II,Period II Day 10,batch3,air,air,True
local-mkmmd,S1_train_I_test_all,LOCAL-MKMMD-UDA,uda,4,138,air_19,,Period_II,Period II Day 10,batch3,air,alcohol,False
local-mkmmd,S1_train_I_test_all,LOCAL-MKMMD-UDA,uda,4,139,air_20,,Period_II,Period II Day 11,batch3,air,air,True
local-mkmmd,S1_train_I_test_all,LOCAL-MKMMD-UDA,uda,4,140,air_21,,Period_II,Period II Day 11,batch3,air,air,True
local-mkmmd,S1_train_I_test_all,LOCAL-MKMMD-UDA,uda,4,141,air_22,,Period_II,Period II Day 12,batch3,air,alcohol,False
local-mkmmd,S1_train_I_test_all,LOCAL-MKMMD-UDA,uda,4,142,air_23,,Period_II,Period II Day 12,batch3,air,air,True
local-mkmmd,S1_train_I_test_all,LOCAL-MKMMD-UDA,uda,4,143,air_24,,Period_II,Period II Day 13,batch3,air,air,True
local-mkmmd,S1_train_I_test_all,LOCAL-MKMMD-UDA,uda,4,144,air_25,,Period_II,Period II Day 13,batch3,air,air,True
local-mkmmd,S1_train_I_test_all,LOCAL-MKMMD-UDA,uda,4,145,air_26,,Period_II,Period II Day 13,batch3,air,air,True
local-mkmmd,S1_train_I_test_all,LOCAL-MKMMD-UDA,uda,4,146,air_27,,Period_II,Period II Day 13,batch3,air,air,True
local-mkmmd,S1_train_I_test_all,LOCAL-MKMMD-UDA,uda,4,147,air_28,,Period_II,Period II Day 13,batch3,air,alcohol,False
local-mkmmd,S1_train_I_test_all,LOCAL-MKMMD-UDA,uda,4,148,air_29,,Period_II,Period II Day 14,batch3,air,air,True
local-mkmmd,S1_train_I_test_all,LOCAL-MKMMD-UDA,uda,4,149,air_30,,Period_II,Period II Day 14,batch3,air,air,True
local-mkmmd,S1_train_I_test_all,LOCAL-MKMMD-UDA,uda,4,150,air_31,,Period_II,Period II Day 14,batch3,air,air,True
local-mkmmd,S1_train_I_test_all,LOCAL-MKMMD-UDA,uda,4,151,air_32,,Period_II,Period II Day 14,batch3,air,air,True
local-mkmmd,S1_train_I_test_all,LOCAL-MKMMD-UDA,uda,4,152,air_33,,Period_II,Period II Day 14,batch3,air,air,True
local-mkmmd,S1_train_I_test_all,LOCAL-MKMMD-UDA,uda,4,153,air_34,,Period_II,Period II Day 14,batch3,air,air,True
local-mkmmd,S1_train_I_test_all,LOCAL-MKMMD-UDA,uda,4,154,air_35,,Period_II,Period II Day 15,batch3,air,air,True
local-mkmmd,S1_train_I_test_all,LOCAL-MKMMD-UDA,uda,4,155,air_36,,Period_II,Period II Day 15,batch3,air,alcohol,False
local-mkmmd,S1_train_I_test_all,LOCAL-MKMMD-UDA,uda,4,156,air_37,,Period_II,Period II Day 15,batch3,air,air,True
local-mkmmd,S1_train_I_test_all,LOCAL-MKMMD-UDA,uda,4,157,air_38,,Period_II,Period II Day 15,batch3,air,air,True
local-mkmmd,S1_train_I_test_all,LOCAL-MKMMD-UDA,uda,4,158,air_39,,Period_II,Period II Day 15,batch3,air,air,True
local-mkmmd,S1_train_I_test_all,LOCAL-MKMMD-UDA,uda,4,159,air_40,,Period_II,Period II Day 15,batch3,air,air,True
local-mkmmd,S1_train_I_test_all,LOCAL-MKMMD-UDA,uda,4,160,air_41,,Period_II,Period II Day 16,batch3,air,alcohol,False
local-mkmmd,S1_train_I_test_all,LOCAL-MKMMD-UDA,uda,4,161,air_42,,Period_II,Period II Day 16,batch3,air,air,True
local-mkmmd,S1_train_I_test_all,LOCAL-MKMMD-UDA,uda,4,162,air_43,,Period_II,Period II Day 16,batch3,air,alcohol,False
local-mkmmd,S1_train_I_test_all,LOCAL-MKMMD-UDA,uda,4,163,air_44,,Period_II,Period II Day 16,batch3,air,air,True
local-mkmmd,S1_train_I_test_all,LOCAL-MKMMD-UDA,uda,4,164,air_45,,Period_II,Period II Day 17,batch3,air,air,True
local-mkmmd,S1_train_I_test_all,LOCAL-MKMMD-UDA,uda,4,165,air_46,,Period_II,Period II Day 17,batch3,air,alcohol,False
local-mkmmd,S1_train_I_test_all,LOCAL-MKMMD-UDA,uda,4,166,air_47,,Period_II,Period II Day 17,batch3,air,air,True
local-mkmmd,S1_train_I_test_all,LOCAL-MKMMD-UDA,uda,4,167,air_48,,Period_II,Period II Day 17,batch3,air,air,True
local-mkmmd,S1_train_I_test_all,LOCAL-MKMMD-UDA,uda,4,168,alcohol_44,,Period_II,Period II Day 10,batch3,alcohol,alcohol,True
local-mkmmd,S1_train_I_test_all,LOCAL-MKMMD-UDA,uda,4,169,alcohol_45,,Period_II,Period II Day 10,batch3,alcohol,alcohol,True
local-mkmmd,S1_train_I_test_all,LOCAL-MKMMD-UDA,uda,4,170,alcohol_46,,Period_II,Period II Day 10,batch3,alcohol,alcohol,True
local-mkmmd,S1_train_I_test_all,LOCAL-MKMMD-UDA,uda,4,171,alcohol_47,,Period_II,Period II Day 10,batch3,alcohol,alcohol,True
local-mkmmd,S1_train_I_test_all,LOCAL-MKMMD-UDA,uda,4,172,alcohol_48,,Period_II,Period II Day 11,batch3,alcohol,alcohol,True
local-mkmmd,S1_train_I_test_all,LOCAL-MKMMD-UDA,uda,4,173,alcohol_49,,Period_II,Period II Day 11,batch3,alcohol,alcohol,True
local-mkmmd,S1_train_I_test_all,LOCAL-MKMMD-UDA,uda,4,174,alcohol_50,,Period_II,Period II Day 11,batch3,alcohol,alcohol,True
local-mkmmd,S1_train_I_test_all,LOCAL-MKMMD-UDA,uda,4,175,alcohol_51,,Period_II,Period II Day 11,batch3,alcohol,alcohol,True
local-mkmmd,S1_train_I_test_all,LOCAL-MKMMD-UDA,uda,4,176,alcohol_52,,Period_II,Period II Day 12,batch3,alcohol,acetone,False
local-mkmmd,S1_train_I_test_all,LOCAL-MKMMD-UDA,uda,4,177,alcohol_53,,Period_II,Period II Day 12,batch3,alcohol,alcohol,True
local-mkmmd,S1_train_I_test_all,LOCAL-MKMMD-UDA,uda,4,178,alcohol_54,,Period_II,Period II Day 12,batch3,alcohol,alcohol,True
local-mkmmd,S1_train_I_test_all,LOCAL-MKMMD-UDA,uda,4,179,alcohol_55,,Period_II,Period II Day 12,batch3,alcohol,alcohol,True
local-mkmmd,S1_train_I_test_all,LOCAL-MKMMD-UDA,uda,4,180,alcohol_56,,Period_II,Period II Day 13,batch3,alcohol,alcohol,True
local-mkmmd,S1_train_I_test_all,LOCAL-MKMMD-UDA,uda,4,181,alcohol_57,,Period_II,Period II Day 13,batch3,alcohol,alcohol,True
local-mkmmd,S1_train_I_test_all,LOCAL-MKMMD-UDA,uda,4,182,alcohol_58,,Period_II,Period II Day 14,batch3,alcohol,alcohol,True
local-mkmmd,S1_train_I_test_all,LOCAL-MKMMD-UDA,uda,4,183,alcohol_59,,Period_II,Period II Day 14,batch3,alcohol,alcohol,True
local-mkmmd,S1_train_I_test_all,LOCAL-MKMMD-UDA,uda,4,184,alcohol_60,,Period_II,Period II Day 14,batch3,alcohol,alcohol,True
local-mkmmd,S1_train_I_test_all,LOCAL-MKMMD-UDA,uda,4,185,alcohol_61,,Period_II,Period II Day 15,batch3,alcohol,alcohol,True
local-mkmmd,S1_train_I_test_all,LOCAL-MKMMD-UDA,uda,4,186,alcohol_62,,Period_II,Period II Day 15,batch3,alcohol,alcohol,True
local-mkmmd,S1_train_I_test_all,LOCAL-MKMMD-UDA,uda,4,187,alcohol_63,,Period_II,Period II Day 15,batch3,alcohol,alcohol,True
local-mkmmd,S1_train_I_test_all,LOCAL-MKMMD-UDA,uda,4,188,alcohol_64,,Period_II,Period II Day 17,batch3,alcohol,alcohol,True
local-mkmmd,S1_train_I_test_all,LOCAL-MKMMD-UDA,uda,4,189,alcohol_65,,Period_II,Period II Day 17,batch3,alcohol,alcohol,True
local-mkmmd,S1_train_I_test_all,LOCAL-MKMMD-UDA,uda,4,190,alcohol_66,,Period_II,Period II Day 17,batch3,alcohol,alcohol,True
local-mkmmd,S1_train_I_test_all,LOCAL-MKMMD-UDA,uda,4,191,alcohol_67,,Period_II,Period II Day 17,batch3,alcohol,alcohol,True
local-mkmmd,S1_train_I_test_all,LOCAL-MKMMD-UDA,uda,4,192,alcohol_68,,Period_II,Period II Day 17,batch3,alcohol,alcohol,True
local-mkmmd,S1_train_I_test_all,LOCAL-MKMMD-UDA,uda,4,193,acetone_69,,Period_III,Period III Day 18,batch4,acetone,acetone,True
local-mkmmd,S1_train_I_test_all,LOCAL-MKMMD-UDA,uda,4,194,acetone_70,,Period_III,Period III Day 18,batch4,acetone,acetone,True
local-mkmmd,S1_train_I_test_all,LOCAL-MKMMD-UDA,uda,4,195,acetone_71,,Period_III,Period III Day 18,batch4,acetone,acetone,True
local-mkmmd,S1_train_I_test_all,LOCAL-MKMMD-UDA,uda,4,196,acetone_72,,Period_III,Period III Day 18,batch4,acetone,acetone,True
local-mkmmd,S1_train_I_test_all,LOCAL-MKMMD-UDA,uda,4,197,acetone_73,,Period_III,Period III Day 18,batch4,acetone,acetone,True
local-mkmmd,S1_train_I_test_all,LOCAL-MKMMD-UDA,uda,4,198,acetone_74,,Period_III,Period III Day 19,batch4,acetone,acetone,True
local-mkmmd,S1_train_I_test_all,LOCAL-MKMMD-UDA,uda,4,199,acetone_75,,Period_III,Period III Day 19,batch4,acetone,acetone,True
local-mkmmd,S1_train_I_test_all,LOCAL-MKMMD-UDA,uda,4,200,acetone_76,,Period_III,Period III Day 19,batch4,acetone,acetone,True
local-mkmmd,S1_train_I_test_all,LOCAL-MKMMD-UDA,uda,4,201,acetone_77,,Period_III,Period III Day 20,batch4,acetone,acetone,True
local-mkmmd,S1_train_I_test_all,LOCAL-MKMMD-UDA,uda,4,202,acetone_78,,Period_III,Period III Day 20,batch4,acetone,acetone,True
local-mkmmd,S1_train_I_test_all,LOCAL-MKMMD-UDA,uda,4,203,acetone_79,,Period_III,Period III Day 20,batch4,acetone,acetone,True
local-mkmmd,S1_train_I_test_all,LOCAL-MKMMD-UDA,uda,4,204,acetone_80,,Period_III,Period III Day 20,batch4,acetone,acetone,True
local-mkmmd,S1_train_I_test_all,LOCAL-MKMMD-UDA,uda,4,205,acetone_81,,Period_III,Period III Day 21,batch4,acetone,acetone,True
local-mkmmd,S1_train_I_test_all,LOCAL-MKMMD-UDA,uda,4,206,acetone_82,,Period_III,Period III Day 21,batch4,acetone,acetone,True
local-mkmmd,S1_train_I_test_all,LOCAL-MKMMD-UDA,uda,4,207,acetone_83,,Period_III,Period III Day 21,batch4,acetone,acetone,True
local-mkmmd,S1_train_I_test_all,LOCAL-MKMMD-UDA,uda,4,208,acetone_84,,Period_III,Period III Day 21,batch4,acetone,acetone,True
local-mkmmd,S1_train_I_test_all,LOCAL-MKMMD-UDA,uda,4,209,air_49,,Period_III,Period III Day 18,batch4,air,air,True
local-mkmmd,S1_train_I_test_all,LOCAL-MKMMD-UDA,uda,4,210,air_50,,Period_III,Period III Day 18,batch4,air,air,True
local-mkmmd,S1_train_I_test_all,LOCAL-MKMMD-UDA,uda,4,211,air_51,,Period_III,Period III Day 18,batch4,air,air,True
local-mkmmd,S1_train_I_test_all,LOCAL-MKMMD-UDA,uda,4,212,air_52,,Period_III,Period III Day 18,batch4,air,air,True
local-mkmmd,S1_train_I_test_all,LOCAL-MKMMD-UDA,uda,4,213,air_53,,Period_III,Period III Day 19,batch4,air,alcohol,False
local-mkmmd,S1_train_I_test_all,LOCAL-MKMMD-UDA,uda,4,214,air_54,,Period_III,Period III Day 19,batch4,air,air,True
local-mkmmd,S1_train_I_test_all,LOCAL-MKMMD-UDA,uda,4,215,air_55,,Period_III,Period III Day 20,batch4,air,air,True
local-mkmmd,S1_train_I_test_all,LOCAL-MKMMD-UDA,uda,4,216,air_56,,Period_III,Period III Day 20,batch4,air,alcohol,False
local-mkmmd,S1_train_I_test_all,LOCAL-MKMMD-UDA,uda,4,217,air_57,,Period_III,Period III Day 20,batch4,air,air,True
local-mkmmd,S1_train_I_test_all,LOCAL-MKMMD-UDA,uda,4,218,air_58,,Period_III,Period III Day 20,batch4,air,air,True
local-mkmmd,S1_train_I_test_all,LOCAL-MKMMD-UDA,uda,4,219,air_59,,Period_III,Period III Day 21,batch4,air,alcohol,False
local-mkmmd,S1_train_I_test_all,LOCAL-MKMMD-UDA,uda,4,220,air_60,,Period_III,Period III Day 21,batch4,air,air,True
local-mkmmd,S1_train_I_test_all,LOCAL-MKMMD-UDA,uda,4,221,air_61,,Period_III,Period III Day 21,batch4,air,air,True
local-mkmmd,S1_train_I_test_all,LOCAL-MKMMD-UDA,uda,4,222,air_62,,Period_III,Period III Day 21,batch4,air,air,True
local-mkmmd,S1_train_I_test_all,LOCAL-MKMMD-UDA,uda,4,223,alcohol_69,,Period_III,Period III Day 18,batch4,alcohol,alcohol,True
local-mkmmd,S1_train_I_test_all,LOCAL-MKMMD-UDA,uda,4,224,alcohol_70,,Period_III,Period III Day 18,batch4,alcohol,alcohol,True
local-mkmmd,S1_train_I_test_all,LOCAL-MKMMD-UDA,uda,4,225,alcohol_71,,Period_III,Period III Day 18,batch4,alcohol,alcohol,True
local-mkmmd,S1_train_I_test_all,LOCAL-MKMMD-UDA,uda,4,226,alcohol_72,,Period_III,Period III Day 18,batch4,alcohol,alcohol,True
local-mkmmd,S1_train_I_test_all,LOCAL-MKMMD-UDA,uda,4,227,alcohol_73,,Period_III,Period III Day 18,batch4,alcohol,alcohol,True
local-mkmmd,S1_train_I_test_all,LOCAL-MKMMD-UDA,uda,4,228,alcohol_74,,Period_III,Period III Day 19,batch4,alcohol,alcohol,True
local-mkmmd,S1_train_I_test_all,LOCAL-MKMMD-UDA,uda,4,229,alcohol_75,,Period_III,Period III Day 19,batch4,alcohol,alcohol,True
local-mkmmd,S1_train_I_test_all,LOCAL-MKMMD-UDA,uda,4,230,alcohol_76,,Period_III,Period III Day 19,batch4,alcohol,alcohol,True
local-mkmmd,S1_train_I_test_all,LOCAL-MKMMD-UDA,uda,4,231,alcohol_77,,Period_III,Period III Day 20,batch4,alcohol,alcohol,True
local-mkmmd,S1_train_I_test_all,LOCAL-MKMMD-UDA,uda,4,232,alcohol_78,,Period_III,Period III Day 20,batch4,alcohol,alcohol,True
local-mkmmd,S1_train_I_test_all,LOCAL-MKMMD-UDA,uda,4,233,alcohol_79,,Period_III,Period III Day 20,batch4,alcohol,alcohol,True
local-mkmmd,S1_train_I_test_all,LOCAL-MKMMD-UDA,uda,4,234,alcohol_80,,Period_III,Period III Day 20,batch4,alcohol,alcohol,True
local-mkmmd,S1_train_I_test_all,LOCAL-MKMMD-UDA,uda,4,235,alcohol_81,,Period_III,Period III Day 21,batch4,alcohol,alcohol,True
local-mkmmd,S1_train_I_test_all,LOCAL-MKMMD-UDA,uda,4,236,alcohol_82,,Period_III,Period III Day 21,batch4,alcohol,alcohol,True
local-mkmmd,S1_train_I_test_all,LOCAL-MKMMD-UDA,uda,4,237,alcohol_83,,Period_III,Period III Day 21,batch4,alcohol,alcohol,True
local-mkmmd,S1_train_I_test_all,LOCAL-MKMMD-UDA,uda,4,238,alcohol_84,,Period_III,Period III Day 21,batch4,alcohol,alcohol,True
local-mkmmd,S1_train_I_test_all,LOCAL-MKMMD-UDA,uda,4,239,acetone_85,,Period_IV,Period IV Day 22,batch5,acetone,alcohol,False
local-mkmmd,S1_train_I_test_all,LOCAL-MKMMD-UDA,uda,4,240,acetone_86,,Period_IV,Period IV Day 22,batch5,acetone,alcohol,False
local-mkmmd,S1_train_I_test_all,LOCAL-MKMMD-UDA,uda,4,241,acetone_87,,Period_IV,Period IV Day 22,batch5,acetone,alcohol,False
local-mkmmd,S1_train_I_test_all,LOCAL-MKMMD-UDA,uda,4,242,acetone_88,,Period_IV,Period IV Day 22,batch5,acetone,acetone,True
local-mkmmd,S1_train_I_test_all,LOCAL-MKMMD-UDA,uda,4,243,acetone_89,,Period_IV,Period IV Day 23,batch5,acetone,acetone,True
local-mkmmd,S1_train_I_test_all,LOCAL-MKMMD-UDA,uda,4,244,acetone_90,,Period_IV,Period IV Day 23,batch5,acetone,acetone,True
local-mkmmd,S1_train_I_test_all,LOCAL-MKMMD-UDA,uda,4,245,acetone_91,,Period_IV,Period IV Day 23,batch5,acetone,acetone,True
local-mkmmd,S1_train_I_test_all,LOCAL-MKMMD-UDA,uda,4,246,acetone_92,,Period_IV,Period IV Day 23,batch5,acetone,acetone,True
local-mkmmd,S1_train_I_test_all,LOCAL-MKMMD-UDA,uda,4,247,acetone_93,,Period_IV,Period IV Day 24,batch5,acetone,acetone,True
local-mkmmd,S1_train_I_test_all,LOCAL-MKMMD-UDA,uda,4,248,acetone_94,,Period_IV,Period IV Day 24,batch5,acetone,acetone,True
local-mkmmd,S1_train_I_test_all,LOCAL-MKMMD-UDA,uda,4,249,acetone_95,,Period_IV,Period IV Day 24,batch5,acetone,acetone,True
local-mkmmd,S1_train_I_test_all,LOCAL-MKMMD-UDA,uda,4,250,acetone_96,,Period_IV,Period IV Day 24,batch5,acetone,acetone,True
local-mkmmd,S1_train_I_test_all,LOCAL-MKMMD-UDA,uda,4,251,air_63,,Period_IV,Period IV Day 22,batch5,air,air,True
local-mkmmd,S1_train_I_test_all,LOCAL-MKMMD-UDA,uda,4,252,air_64,,Period_IV,Period IV Day 22,batch5,air,air,True
local-mkmmd,S1_train_I_test_all,LOCAL-MKMMD-UDA,uda,4,253,air_65,,Period_IV,Period IV Day 22,batch5,air,alcohol,False
local-mkmmd,S1_train_I_test_all,LOCAL-MKMMD-UDA,uda,4,254,air_66,,Period_IV,Period IV Day 23,batch5,air,air,True
local-mkmmd,S1_train_I_test_all,LOCAL-MKMMD-UDA,uda,4,255,air_67,,Period_IV,Period IV Day 23,batch5,air,air,True
local-mkmmd,S1_train_I_test_all,LOCAL-MKMMD-UDA,uda,4,256,air_68,,Period_IV,Period IV Day 23,batch5,air,air,True
local-mkmmd,S1_train_I_test_all,LOCAL-MKMMD-UDA,uda,4,257,air_69,,Period_IV,Period IV Day 23,batch5,air,air,True
local-mkmmd,S1_train_I_test_all,LOCAL-MKMMD-UDA,uda,4,258,air_70,,Period_IV,Period IV Day 24,batch5,air,air,True
local-mkmmd,S1_train_I_test_all,LOCAL-MKMMD-UDA,uda,4,259,air_71,,Period_IV,Period IV Day 24,batch5,air,air,True
local-mkmmd,S1_train_I_test_all,LOCAL-MKMMD-UDA,uda,4,260,air_72,,Period_IV,Period IV Day 24,batch5,air,air,True
local-mkmmd,S1_train_I_test_all,LOCAL-MKMMD-UDA,uda,4,261,alcohol_85,,Period_IV,Period IV Day 22,batch5,alcohol,alcohol,True
local-mkmmd,S1_train_I_test_all,LOCAL-MKMMD-UDA,uda,4,262,alcohol_86,,Period_IV,Period IV Day 22,batch5,alcohol,alcohol,True
local-mkmmd,S1_train_I_test_all,LOCAL-MKMMD-UDA,uda,4,263,alcohol_87,,Period_IV,Period IV Day 22,batch5,alcohol,alcohol,True
local-mkmmd,S1_train_I_test_all,LOCAL-MKMMD-UDA,uda,4,264,alcohol_88,,Period_IV,Period IV Day 22,batch5,alcohol,alcohol,True
local-mkmmd,S1_train_I_test_all,LOCAL-MKMMD-UDA,uda,4,265,alcohol_89,,Period_IV,Period IV Day 23,batch5,alcohol,alcohol,True
local-mkmmd,S1_train_I_test_all,LOCAL-MKMMD-UDA,uda,4,266,alcohol_90,,Period_IV,Period IV Day 23,batch5,alcohol,alcohol,True
local-mkmmd,S1_train_I_test_all,LOCAL-MKMMD-UDA,uda,4,267,alcohol_91,,Period_IV,Period IV Day 23,batch5,alcohol,alcohol,True
local-mkmmd,S1_train_I_test_all,LOCAL-MKMMD-UDA,uda,4,268,alcohol_92,,Period_IV,Period IV Day 23,batch5,alcohol,alcohol,True
local-mkmmd,S1_train_I_test_all,LOCAL-MKMMD-UDA,uda,4,269,alcohol_93,,Period_IV,Period IV Day 24,batch5,alcohol,alcohol,True
local-mkmmd,S1_train_I_test_all,LOCAL-MKMMD-UDA,uda,4,270,alcohol_94,,Period_IV,Period IV Day 24,batch5,alcohol,alcohol,True
local-mkmmd,S1_train_I_test_all,LOCAL-MKMMD-UDA,uda,4,271,alcohol_95,,Period_IV,Period IV Day 24,batch5,alcohol,alcohol,True
local-mkmmd,S1_train_I_test_all,LOCAL-MKMMD-UDA,uda,4,272,alcohol_96,,Period_IV,Period IV Day 24,batch5,alcohol,alcohol,True
