architecture,split,variant,probe_variant,method,mode,seed,best_epoch,alignment_strength,centroid_strength,adversarial_strength,final_training,label_usage,latent_dimension,logistic_params,neural_test_accuracy,lr_train_accuracy,lr_test_accuracy,lr_test_balanced_accuracy,lr_test_macro_f1,lr_minus_neural_accuracy
two-layer,S1_train_I_test_all,C-DANN-UDA,Frozen C-DANN-UDA features + Logistic Regression,c-dann,uda,0,400,0.2,0.2,0.0,source-only; no refit,source labels only,16,C=1.0;class_weight=balanced;solver=lbfgs;max_iter=2000,0.8827838827838828,1.0,0.8754578754578755,0.8722993827160495,0.8771101733511957,-0.0073260073260073
two-layer,S1_train_I_test_all,C-DANN-UDA,Frozen C-DANN-UDA features + Logistic Regression,c-dann,uda,1,400,0.2,0.2,0.0,source-only; no refit,source labels only,16,C=1.0;class_weight=balanced;solver=lbfgs;max_iter=2000,0.8901098901098901,1.0,0.8827838827838828,0.8798868312757202,0.8843372032391316,-0.0073260073260073
two-layer,S1_train_I_test_all,C-DANN-UDA,Frozen C-DANN-UDA features + Logistic Regression,c-dann,uda,2,400,0.2,0.2,0.0,source-only; no refit,source labels only,16,C=1.0;class_weight=balanced;solver=lbfgs;max_iter=2000,0.912087912087912,1.0,0.9120879120879121,0.9083076131687243,0.9119451835856803,1.1102230246251565e-16
two-layer,S1_train_I_test_all,C-DANN-UDA,Frozen C-DANN-UDA features + Logistic Regression,c-dann,uda,3,400,0.2,0.2,0.0,source-only; no refit,source labels only,16,C=1.0;class_weight=balanced;solver=lbfgs;max_iter=2000,0.8901098901098901,1.0,0.9010989010989011,0.8966049382716049,0.8998399211752286,0.010989010989011061
two-layer,S1_train_I_test_all,C-DANN-UDA,Frozen C-DANN-UDA features + Logistic Regression,c-dann,uda,4,400,0.2,0.2,0.0,source-only; no refit,source labels only,16,C=1.0;class_weight=balanced;solver=lbfgs;max_iter=2000,0.8974358974358975,1.0,0.9084249084249084,0.9054783950617283,0.9094638770840144,0.01098901098901095
two-layer,S2_train_I_internal_val_test_all,C-DANN-UDA,Frozen C-DANN-UDA features + Logistic Regression,c-dann,uda,0,330,0.2,0.2,0.0,source train+source validation refit,source train + source validation labels,16,C=1.0;class_weight=balanced;solver=lbfgs;max_iter=2000,0.8205128205128205,1.0,0.8021978021978022,0.8028549382716049,0.8076454715800926,-0.01831501831501825
two-layer,S2_train_I_internal_val_test_all,C-DANN-UDA,Frozen C-DANN-UDA features + Logistic Regression,c-dann,uda,1,350,0.2,0.2,0.0,source train+source validation refit,source train + source validation labels,16,C=1.0;class_weight=balanced;solver=lbfgs;max_iter=2000,0.8901098901098901,1.0,0.8864468864468864,0.8820730452674898,0.8876952481758891,-0.00366300366300365
two-layer,S2_train_I_internal_val_test_all,C-DANN-UDA,Frozen C-DANN-UDA features + Logistic Regression,c-dann,uda,2,10,0.2,0.2,0.0,source train+source validation refit,source train + source validation labels,16,C=1.0;class_weight=balanced;solver=lbfgs;max_iter=2000,0.6959706959706959,0.9,0.706959706959707,0.7170781893004116,0.7241805813234384,0.010989010989011061
two-layer,S2_train_I_internal_val_test_all,C-DANN-UDA,Frozen C-DANN-UDA features + Logistic Regression,c-dann,uda,3,130,0.2,0.2,0.0,source train+source validation refit,source train + source validation labels,16,C=1.0;class_weight=balanced;solver=lbfgs;max_iter=2000,0.8754578754578755,1.0,0.8827838827838828,0.8773148148148149,0.8832126609315741,0.0073260073260073
two-layer,S2_train_I_internal_val_test_all,C-DANN-UDA,Frozen C-DANN-UDA features + Logistic Regression,c-dann,uda,4,80,0.2,0.2,0.0,source train+source validation refit,source train + source validation labels,16,C=1.0;class_weight=balanced;solver=lbfgs;max_iter=2000,0.8388278388278388,1.0,0.8608058608058609,0.8590534979423868,0.8622091886608017,0.02197802197802201
two-layer,S3_train_I_internal_20_10_test_all,C-DANN-UDA,Frozen C-DANN-UDA features + Logistic Regression,c-dann,uda,0,310,0.5,0.05,0.0,source train+source validation refit,source train + source validation labels,16,C=1.0;class_weight=balanced;solver=lbfgs;max_iter=2000,0.8791208791208791,1.0,0.8974358974358975,0.8924897119341564,0.897765191429575,0.01831501831501836
two-layer,S3_train_I_internal_20_10_test_all,C-DANN-UDA,Frozen C-DANN-UDA features + Logistic Regression,c-dann,uda,1,20,0.5,0.05,0.0,source train+source validation refit,source train + source validation labels,16,C=1.0;class_weight=balanced;solver=lbfgs;max_iter=2000,0.7582417582417582,1.0,0.7838827838827839,0.7861368312757202,0.7927870117130974,0.02564102564102566
two-layer,S3_train_I_internal_20_10_test_all,C-DANN-UDA,Frozen C-DANN-UDA features + Logistic Regression,c-dann,uda,2,10,0.5,0.05,0.0,source train+source validation refit,source train + source validation labels,16,C=1.0;class_weight=balanced;solver=lbfgs;max_iter=2000,0.6336996336996337,0.9666666666666667,0.7326007326007326,0.7426697530864197,0.7458970026813393,0.09890109890109888
two-layer,S3_train_I_internal_20_10_test_all,C-DANN-UDA,Frozen C-DANN-UDA features + Logistic Regression,c-dann,uda,3,20,0.5,0.05,0.0,source train+source validation refit,source train + source validation labels,16,C=1.0;class_weight=balanced;solver=lbfgs;max_iter=2000,0.7142857142857143,1.0,0.717948717948718,0.7229938271604938,0.7322867611078863,0.00366300366300365
two-layer,S3_train_I_internal_20_10_test_all,C-DANN-UDA,Frozen C-DANN-UDA features + Logistic Regression,c-dann,uda,4,20,0.5,0.05,0.0,source train+source validation refit,source train + source validation labels,16,C=1.0;class_weight=balanced;solver=lbfgs;max_iter=2000,0.7216117216117216,1.0,0.7692307692307693,0.773533950617284,0.7800966183574879,0.04761904761904767
two-layer,S4_train_I_val_D1_2,C-DANN-SEMI,Frozen C-DANN-SEMI features + Logistic Regression,c-dann,semi,0,110,0.05,0.05,0.0,Source+Target refit,source + labeled target,16,C=1.0;class_weight=balanced;solver=lbfgs;max_iter=2000,0.8775510204081632,1.0,0.8979591836734694,0.8975788467664861,0.9010417998714919,0.020408163265306145
two-layer,S4_train_I_val_D1_2,C-DANN-SEMI,Frozen C-DANN-SEMI features + Logistic Regression,c-dann,semi,1,240,0.05,0.05,0.0,Source+Target refit,source + labeled target,16,C=1.0;class_weight=balanced;solver=lbfgs;max_iter=2000,0.9020408163265308,1.0,0.9183673469387755,0.9190294148879685,0.9209592519008765,0.01632653061224476
two-layer,S4_train_I_val_D1_2,C-DANN-SEMI,Frozen C-DANN-SEMI features + Logistic Regression,c-dann,semi,2,80,0.05,0.05,0.0,Source+Target refit,source + labeled target,16,C=1.0;class_weight=balanced;solver=lbfgs;max_iter=2000,0.8326530612244898,1.0,0.8326530612244898,0.8334926197302751,0.8332846518560805,0.0
two-layer,S4_train_I_val_D1_2,C-DANN-SEMI,Frozen C-DANN-SEMI features + Logistic Regression,c-dann,semi,3,60,0.05,0.05,0.0,Source+Target refit,source + labeled target,16,C=1.0;class_weight=balanced;solver=lbfgs;max_iter=2000,0.8775510204081632,1.0,0.8938775510204081,0.8930126367208241,0.896403544751784,0.01632653061224487
two-layer,S4_train_I_val_D1_2,C-DANN-SEMI,Frozen C-DANN-SEMI features + Logistic Regression,c-dann,semi,4,160,0.05,0.05,0.0,Source+Target refit,source + labeled target,16,C=1.0;class_weight=balanced;solver=lbfgs;max_iter=2000,0.9020408163265308,1.0,0.9102040816326531,0.9112774769034724,0.9124016216758153,0.008163265306122325
two-layer,S4_train_I_val_D1_2,C-DANN-UDA,Frozen C-DANN-UDA features + Logistic Regression,c-dann,uda,0,400,0.2,0.2,0.0,source-only; no refit,source labels only,16,C=1.0;class_weight=balanced;solver=lbfgs;max_iter=2000,0.8775510204081632,1.0,0.8734693877551021,0.8708718275459276,0.8757791696925684,-0.004081632653061162
two-layer,S4_train_I_val_D1_2,C-DANN-UDA,Frozen C-DANN-UDA features + Logistic Regression,c-dann,uda,1,400,0.2,0.2,0.0,source-only; no refit,source labels only,16,C=1.0;class_weight=balanced;solver=lbfgs;max_iter=2000,0.8938775510204081,1.0,0.8857142857142857,0.8831899755760858,0.8876255749213265,-0.008163265306122436
two-layer,S4_train_I_val_D1_2,C-DANN-UDA,Frozen C-DANN-UDA features + Logistic Regression,c-dann,uda,2,400,0.2,0.2,0.0,source-only; no refit,source labels only,16,C=1.0;class_weight=balanced;solver=lbfgs;max_iter=2000,0.9061224489795918,1.0,0.9061224489795918,0.9025698205373262,0.9062233589087808,0.0
two-layer,S4_train_I_val_D1_2,C-DANN-UDA,Frozen C-DANN-UDA features + Logistic Regression,c-dann,uda,3,400,0.2,0.2,0.0,source-only; no refit,source labels only,16,C=1.0;class_weight=balanced;solver=lbfgs;max_iter=2000,0.8857142857142857,1.0,0.8979591836734694,0.8934374004460018,0.8969200636160833,0.01224489795918371
two-layer,S4_train_I_val_D1_2,C-DANN-UDA,Frozen C-DANN-UDA features + Logistic Regression,c-dann,uda,4,400,0.2,0.2,0.0,source-only; no refit,source labels only,16,C=1.0;class_weight=balanced;solver=lbfgs;max_iter=2000,0.8979591836734694,1.0,0.9020408163265307,0.8986938515450781,0.9033713746096158,0.004081632653061273
two-layer,S5_train_I_D1_val_D2_3,C-DANN-SEMI,Frozen C-DANN-SEMI features + Logistic Regression,c-dann,semi,0,180,0.05,0.2,0.0,Source+Target refit,source + labeled target,16,C=1.0;class_weight=balanced;solver=lbfgs;max_iter=2000,0.8961038961038961,1.0,0.8961038961038961,0.8969404186795491,0.898710571783563,0.0
two-layer,S5_train_I_D1_val_D2_3,C-DANN-SEMI,Frozen C-DANN-SEMI features + Logistic Regression,c-dann,semi,1,260,0.05,0.2,0.0,Source+Target refit,source + labeled target,16,C=1.0;class_weight=balanced;solver=lbfgs;max_iter=2000,0.9090909090909092,1.0,0.9307359307359307,0.9305779209160852,0.9325434785886483,0.021645021645021578
two-layer,S5_train_I_D1_val_D2_3,C-DANN-SEMI,Frozen C-DANN-SEMI features + Logistic Regression,c-dann,semi,2,280,0.05,0.2,0.0,Source+Target refit,source + labeled target,16,C=1.0;class_weight=balanced;solver=lbfgs;max_iter=2000,0.8831168831168831,1.0,0.9004329004329005,0.8996242619431025,0.9021813007094006,0.017316017316017396
two-layer,S5_train_I_D1_val_D2_3,C-DANN-SEMI,Frozen C-DANN-SEMI features + Logistic Regression,c-dann,semi,3,230,0.05,0.2,0.0,Source+Target refit,source + labeled target,16,C=1.0;class_weight=balanced;solver=lbfgs;max_iter=2000,0.8961038961038961,1.0,0.9004329004329005,0.9003399534800501,0.9042579057595951,0.0043290043290044045
two-layer,S5_train_I_D1_val_D2_3,C-DANN-SEMI,Frozen C-DANN-SEMI features + Logistic Regression,c-dann,semi,4,20,0.05,0.2,0.0,Source+Target refit,source + labeled target,16,C=1.0;class_weight=balanced;solver=lbfgs;max_iter=2000,0.8917748917748918,0.9861111111111112,0.9090909090909091,0.9085704061549471,0.9106598535946864,0.017316017316017285
two-layer,S5_train_I_D1_val_D2_3,C-DANN-UDA,Frozen C-DANN-UDA features + Logistic Regression,c-dann,uda,0,400,0.2,0.2,0.0,source-only; no refit,source labels only,16,C=1.0;class_weight=balanced;solver=lbfgs;max_iter=2000,0.8744588744588745,1.0,0.8701298701298701,0.8679549114331723,0.8727455926208944,-0.0043290043290044045
two-layer,S5_train_I_D1_val_D2_3,C-DANN-UDA,Frozen C-DANN-UDA features + Logistic Regression,c-dann,uda,1,400,0.2,0.2,0.0,source-only; no refit,source labels only,16,C=1.0;class_weight=balanced;solver=lbfgs;max_iter=2000,0.8917748917748918,1.0,0.8831168831168831,0.8810162819824656,0.8852800337818292,-0.008658008658008698
two-layer,S5_train_I_D1_val_D2_3,C-DANN-UDA,Frozen C-DANN-UDA features + Logistic Regression,c-dann,uda,2,400,0.2,0.2,0.0,source-only; no refit,source labels only,16,C=1.0;class_weight=balanced;solver=lbfgs;max_iter=2000,0.9047619047619048,1.0,0.9047619047619048,0.9015924136697083,0.9051125076548522,0.0
two-layer,S5_train_I_D1_val_D2_3,C-DANN-UDA,Frozen C-DANN-UDA features + Logistic Regression,c-dann,uda,3,400,0.2,0.2,0.0,source-only; no refit,source labels only,16,C=1.0;class_weight=balanced;solver=lbfgs;max_iter=2000,0.8831168831168831,1.0,0.8961038961038961,0.891930577920916,0.8952974044997447,0.012987012987012991
two-layer,S5_train_I_D1_val_D2_3,C-DANN-UDA,Frozen C-DANN-UDA features + Logistic Regression,c-dann,uda,4,400,0.2,0.2,0.0,source-only; no refit,source labels only,16,C=1.0;class_weight=balanced;solver=lbfgs;max_iter=2000,0.8961038961038961,1.0,0.9004329004329005,0.8974771873322598,0.9020352332852332,0.0043290043290044045
two-layer,S6_train_I_D1_2_val_D3_5,C-DANN-SEMI,Frozen C-DANN-SEMI features + Logistic Regression,c-dann,semi,0,130,0.5,0.5,0.0,Source+Target refit,source + labeled target,16,C=1.0;class_weight=balanced;solver=lbfgs;max_iter=2000,0.946341463414634,1.0,0.9365853658536586,0.9336016096579477,0.9353001679244427,-0.009756097560975396
two-layer,S6_train_I_D1_2_val_D3_5,C-DANN-SEMI,Frozen C-DANN-SEMI features + Logistic Regression,c-dann,semi,1,140,0.5,0.5,0.0,Source+Target refit,source + labeled target,16,C=1.0;class_weight=balanced;solver=lbfgs;max_iter=2000,0.951219512195122,1.0,0.9512195121951219,0.9488784559207094,0.9504761904761905,-1.1102230246251565e-16
two-layer,S6_train_I_D1_2_val_D3_5,C-DANN-SEMI,Frozen C-DANN-SEMI features + Logistic Regression,c-dann,semi,2,230,0.5,0.5,0.0,Source+Target refit,source + labeled target,16,C=1.0;class_weight=balanced;solver=lbfgs;max_iter=2000,0.946341463414634,1.0,0.9512195121951219,0.9494746255309635,0.9508779044562411,0.00487804878048792
two-layer,S6_train_I_D1_2_val_D3_5,C-DANN-SEMI,Frozen C-DANN-SEMI features + Logistic Regression,c-dann,semi,3,380,0.5,0.5,0.0,Source+Target refit,source + labeled target,16,C=1.0;class_weight=balanced;solver=lbfgs;max_iter=2000,0.9414634146341464,1.0,0.9463414634146341,0.9447797898502124,0.9465359725923106,0.004878048780487698
two-layer,S6_train_I_D1_2_val_D3_5,C-DANN-SEMI,Frozen C-DANN-SEMI features + Logistic Regression,c-dann,semi,4,100,0.5,0.5,0.0,Source+Target refit,source + labeled target,16,C=1.0;class_weight=balanced;solver=lbfgs;max_iter=2000,0.9414634146341464,1.0,0.9512195121951219,0.9488784559207094,0.9501797572220108,0.009756097560975507
two-layer,S6_train_I_D1_2_val_D3_5,C-DANN-UDA,Frozen C-DANN-UDA features + Logistic Regression,c-dann,uda,0,400,0.2,0.2,0.0,source-only; no refit,source labels only,16,C=1.0;class_weight=balanced;solver=lbfgs;max_iter=2000,0.8780487804878049,1.0,0.8682926829268293,0.8660854012966688,0.8705168369642053,-0.009756097560975618
two-layer,S6_train_I_D1_2_val_D3_5,C-DANN-UDA,Frozen C-DANN-UDA features + Logistic Regression,c-dann,uda,1,400,0.2,0.2,0.0,source-only; no refit,source labels only,16,C=1.0;class_weight=balanced;solver=lbfgs;max_iter=2000,0.8926829268292683,1.0,0.8829268292682927,0.8807660779491765,0.8845481759955444,-0.009756097560975618
two-layer,S6_train_I_D1_2_val_D3_5,C-DANN-UDA,Frozen C-DANN-UDA features + Logistic Regression,c-dann,uda,2,400,0.2,0.2,0.0,source-only; no refit,source labels only,16,C=1.0;class_weight=balanced;solver=lbfgs;max_iter=2000,0.902439024390244,1.0,0.9024390243902439,0.8995454206721812,0.9025210084033614,-1.1102230246251565e-16
two-layer,S6_train_I_D1_2_val_D3_5,C-DANN-UDA,Frozen C-DANN-UDA features + Logistic Regression,c-dann,uda,3,400,0.2,0.2,0.0,source-only; no refit,source labels only,16,C=1.0;class_weight=balanced;solver=lbfgs;max_iter=2000,0.8878048780487805,1.0,0.8975609756097561,0.8936582457709218,0.8962139828899996,0.009756097560975618
two-layer,S6_train_I_D1_2_val_D3_5,C-DANN-UDA,Frozen C-DANN-UDA features + Logistic Regression,c-dann,uda,4,400,0.2,0.2,0.0,source-only; no refit,source labels only,16,C=1.0;class_weight=balanced;solver=lbfgs;max_iter=2000,0.8975609756097561,1.0,0.8975609756097561,0.89485058499143,0.8989749528220964,0.0
two-layer,S7_train_I_D1_3_val_D4_5,C-DANN-SEMI,Frozen C-DANN-SEMI features + Logistic Regression,c-dann,semi,0,30,0.2,0.5,0.0,Source+Target refit,source + labeled target,16,C=1.0;class_weight=balanced;solver=lbfgs;max_iter=2000,0.9317073170731708,1.0,0.9317073170731708,0.9289067739771966,0.9309203883660028,0.0
two-layer,S7_train_I_D1_3_val_D4_5,C-DANN-SEMI,Frozen C-DANN-SEMI features + Logistic Regression,c-dann,semi,1,400,0.2,0.5,0.0,Source+Target refit,source + labeled target,16,C=1.0;class_weight=balanced;solver=lbfgs;max_iter=2000,0.975609756097561,1.0,0.9707317073170731,0.9700424770847306,0.9705304291345519,-0.004878048780487809
two-layer,S7_train_I_D1_3_val_D4_5,C-DANN-SEMI,Frozen C-DANN-SEMI features + Logistic Regression,c-dann,semi,2,230,0.2,0.5,0.0,Source+Target refit,source + labeled target,16,C=1.0;class_weight=balanced;solver=lbfgs;max_iter=2000,0.946341463414634,1.0,0.9463414634146341,0.9441836202399583,0.9459198204350426,1.1102230246251565e-16
two-layer,S7_train_I_D1_3_val_D4_5,C-DANN-SEMI,Frozen C-DANN-SEMI features + Logistic Regression,c-dann,semi,3,380,0.2,0.5,0.0,Source+Target refit,source + labeled target,16,C=1.0;class_weight=balanced;solver=lbfgs;max_iter=2000,0.9560975609756096,1.0,0.9560975609756097,0.955361800432223,0.9561497802417263,1.1102230246251565e-16
two-layer,S7_train_I_D1_3_val_D4_5,C-DANN-SEMI,Frozen C-DANN-SEMI features + Logistic Regression,c-dann,semi,4,340,0.2,0.5,0.0,Source+Target refit,source + labeled target,16,C=1.0;class_weight=balanced;solver=lbfgs;max_iter=2000,0.9658536585365852,1.0,0.9658536585365853,0.9647514717937252,0.9654971134380537,1.1102230246251565e-16
two-layer,S7_train_I_D1_3_val_D4_5,C-DANN-UDA,Frozen C-DANN-UDA features + Logistic Regression,c-dann,uda,0,400,0.2,0.2,0.0,source-only; no refit,source labels only,16,C=1.0;class_weight=balanced;solver=lbfgs;max_iter=2000,0.8780487804878049,1.0,0.8682926829268293,0.8660854012966688,0.8705168369642053,-0.009756097560975618
two-layer,S7_train_I_D1_3_val_D4_5,C-DANN-UDA,Frozen C-DANN-UDA features + Logistic Regression,c-dann,uda,1,400,0.2,0.2,0.0,source-only; no refit,source labels only,16,C=1.0;class_weight=balanced;solver=lbfgs;max_iter=2000,0.8926829268292683,1.0,0.8829268292682927,0.8807660779491765,0.8845481759955444,-0.009756097560975618
two-layer,S7_train_I_D1_3_val_D4_5,C-DANN-UDA,Frozen C-DANN-UDA features + Logistic Regression,c-dann,uda,2,400,0.2,0.2,0.0,source-only; no refit,source labels only,16,C=1.0;class_weight=balanced;solver=lbfgs;max_iter=2000,0.902439024390244,1.0,0.9024390243902439,0.8995454206721812,0.9025210084033614,-1.1102230246251565e-16
two-layer,S7_train_I_D1_3_val_D4_5,C-DANN-UDA,Frozen C-DANN-UDA features + Logistic Regression,c-dann,uda,3,400,0.2,0.2,0.0,source-only; no refit,source labels only,16,C=1.0;class_weight=balanced;solver=lbfgs;max_iter=2000,0.8878048780487805,1.0,0.8975609756097561,0.8936582457709218,0.8962139828899996,0.009756097560975618
two-layer,S7_train_I_D1_3_val_D4_5,C-DANN-UDA,Frozen C-DANN-UDA features + Logistic Regression,c-dann,uda,4,400,0.2,0.2,0.0,source-only; no refit,source labels only,16,C=1.0;class_weight=balanced;solver=lbfgs;max_iter=2000,0.8975609756097561,1.0,0.8975609756097561,0.89485058499143,0.8989749528220964,0.0
two-layer,S1_train_I_test_all,CDAN-UDA,Frozen CDAN-UDA features + Logistic Regression,cdan,uda,0,400,0.2,0.0,0.0,source-only; no refit,source labels only,16,C=1.0;class_weight=balanced;solver=lbfgs;max_iter=2000,0.6959706959706959,1.0,0.717948717948718,0.7229938271604938,0.7314869698518139,0.02197802197802201
two-layer,S1_train_I_test_all,CDAN-UDA,Frozen CDAN-UDA features + Logistic Regression,cdan,uda,1,400,0.2,0.0,0.0,source-only; no refit,source labels only,16,C=1.0;class_weight=balanced;solver=lbfgs;max_iter=2000,0.7032967032967034,1.0,0.7032967032967034,0.7091049382716049,0.709738900123481,0.0
two-layer,S1_train_I_test_all,CDAN-UDA,Frozen CDAN-UDA features + Logistic Regression,cdan,uda,2,400,0.2,0.0,0.0,source-only; no refit,source labels only,16,C=1.0;class_weight=balanced;solver=lbfgs;max_iter=2000,0.8388278388278388,1.0,0.8498168498168498,0.8492798353909464,0.8546359292012279,0.01098901098901095
two-layer,S1_train_I_test_all,CDAN-UDA,Frozen CDAN-UDA features + Logistic Regression,cdan,uda,3,400,0.2,0.0,0.0,source-only; no refit,source labels only,16,C=1.0;class_weight=balanced;solver=lbfgs;max_iter=2000,0.8131868131868132,1.0,0.8095238095238095,0.8085133744855968,0.8146241926729733,-0.00366300366300365
two-layer,S1_train_I_test_all,CDAN-UDA,Frozen CDAN-UDA features + Logistic Regression,cdan,uda,4,400,0.2,0.0,0.0,source-only; no refit,source labels only,16,C=1.0;class_weight=balanced;solver=lbfgs;max_iter=2000,0.7692307692307693,1.0,0.8058608058608059,0.8056841563786009,0.8054586475698179,0.03663003663003661
two-layer,S2_train_I_internal_val_test_all,CDAN-UDA,Frozen CDAN-UDA features + Logistic Regression,cdan,uda,0,340,0.05,0.0,0.0,source train+source validation refit,source train + source validation labels,16,C=1.0;class_weight=balanced;solver=lbfgs;max_iter=2000,0.7655677655677655,1.0,0.7509157509157509,0.7555298353909464,0.7571280677038129,-0.0146520146520146
two-layer,S2_train_I_internal_val_test_all,CDAN-UDA,Frozen CDAN-UDA features + Logistic Regression,cdan,uda,1,380,0.05,0.0,0.0,source train+source validation refit,source train + source validation labels,16,C=1.0;class_weight=balanced;solver=lbfgs;max_iter=2000,0.6996336996336996,1.0,0.7142857142857143,0.7169495884773663,0.7169893705189034,0.014652014652014711
two-layer,S2_train_I_internal_val_test_all,CDAN-UDA,Frozen CDAN-UDA features + Logistic Regression,cdan,uda,2,380,0.05,0.0,0.0,source train+source validation refit,source train + source validation labels,16,C=1.0;class_weight=balanced;solver=lbfgs;max_iter=2000,0.7765567765567766,1.0,0.7802197802197802,0.7839506172839507,0.7848913983726651,0.00366300366300365
two-layer,S2_train_I_internal_val_test_all,CDAN-UDA,Frozen CDAN-UDA features + Logistic Regression,cdan,uda,3,290,0.05,0.0,0.0,source train+source validation refit,source train + source validation labels,16,C=1.0;class_weight=balanced;solver=lbfgs;max_iter=2000,0.8205128205128205,1.0,0.8168498168498168,0.8154578189300411,0.8195577701650577,-0.00366300366300365
two-layer,S2_train_I_internal_val_test_all,CDAN-UDA,Frozen CDAN-UDA features + Logistic Regression,cdan,uda,4,320,0.05,0.0,0.0,source train+source validation refit,source train + source validation labels,16,C=1.0;class_weight=balanced;solver=lbfgs;max_iter=2000,0.7619047619047619,1.0,0.7728937728937729,0.7744341563786009,0.7785498705088559,0.010989010989011061
two-layer,S3_train_I_internal_20_10_test_all,CDAN-UDA,Frozen CDAN-UDA features + Logistic Regression,cdan,uda,0,20,0.2,0.0,0.0,source train+source validation refit,source train + source validation labels,16,C=1.0;class_weight=balanced;solver=lbfgs;max_iter=2000,0.73992673992674,1.0,0.7289377289377289,0.7346965020576132,0.7436551243186313,-0.010989010989011061
two-layer,S3_train_I_internal_20_10_test_all,CDAN-UDA,Frozen CDAN-UDA features + Logistic Regression,cdan,uda,1,20,0.2,0.0,0.0,source train+source validation refit,source train + source validation labels,16,C=1.0;class_weight=balanced;solver=lbfgs;max_iter=2000,0.7362637362637363,1.0,0.7692307692307693,0.7728909465020576,0.7787887582147116,0.03296703296703296
two-layer,S3_train_I_internal_20_10_test_all,CDAN-UDA,Frozen CDAN-UDA features + Logistic Regression,cdan,uda,2,360,0.2,0.0,0.0,source train+source validation refit,source train + source validation labels,16,C=1.0;class_weight=balanced;solver=lbfgs;max_iter=2000,0.8021978021978022,1.0,0.8021978021978022,0.8028549382716049,0.8079920356663637,0.0
two-layer,S3_train_I_internal_20_10_test_all,CDAN-UDA,Frozen CDAN-UDA features + Logistic Regression,cdan,uda,3,10,0.2,0.0,0.0,source train+source validation refit,source train + source validation labels,16,C=1.0;class_weight=balanced;solver=lbfgs;max_iter=2000,0.6556776556776557,0.9333333333333333,0.6959706959706959,0.7053755144032922,0.7143456203212644,0.04029304029304026
two-layer,S3_train_I_internal_20_10_test_all,CDAN-UDA,Frozen CDAN-UDA features + Logistic Regression,cdan,uda,4,20,0.2,0.0,0.0,source train+source validation refit,source train + source validation labels,16,C=1.0;class_weight=balanced;solver=lbfgs;max_iter=2000,0.7106227106227107,1.0,0.7216117216117216,0.7277520576131687,0.7345983177244748,0.01098901098901095
two-layer,S4_train_I_val_D1_2,CDAN-SEMI,Frozen CDAN-SEMI features + Logistic Regression,cdan,semi,0,350,0.05,0.0,0.0,Source+Target refit,source + labeled target,16,C=1.0;class_weight=balanced;solver=lbfgs;max_iter=2000,0.8653061224489796,1.0,0.8571428571428571,0.8608898800042476,0.8541636975741113,-0.008163265306122547
two-layer,S4_train_I_val_D1_2,CDAN-SEMI,Frozen CDAN-SEMI features + Logistic Regression,cdan,semi,1,390,0.05,0.0,0.0,Source+Target refit,source + labeled target,16,C=1.0;class_weight=balanced;solver=lbfgs;max_iter=2000,0.8571428571428571,1.0,0.8530612244897959,0.8570139110119995,0.8504086578826408,-0.004081632653061162
two-layer,S4_train_I_val_D1_2,CDAN-SEMI,Frozen CDAN-SEMI features + Logistic Regression,cdan,semi,2,280,0.05,0.0,0.0,Source+Target refit,source + labeled target,16,C=1.0;class_weight=balanced;solver=lbfgs;max_iter=2000,0.8693877551020408,1.0,0.8857142857142857,0.8880216629499841,0.8853903533537402,0.01632653061224487
two-layer,S4_train_I_val_D1_2,CDAN-SEMI,Frozen CDAN-SEMI features + Logistic Regression,cdan,semi,3,360,0.05,0.0,0.0,Source+Target refit,source + labeled target,16,C=1.0;class_weight=balanced;solver=lbfgs;max_iter=2000,0.8693877551020408,1.0,0.8857142857142857,0.886641180843156,0.886685283182846,0.01632653061224487
two-layer,S4_train_I_val_D1_2,CDAN-SEMI,Frozen CDAN-SEMI features + Logistic Regression,cdan,semi,4,220,0.05,0.0,0.0,Source+Target refit,source + labeled target,16,C=1.0;class_weight=balanced;solver=lbfgs;max_iter=2000,0.8775510204081632,1.0,0.8612244897959184,0.8647658489964957,0.8600328722092865,-0.01632653061224487
two-layer,S4_train_I_val_D1_2,CDAN-UDA,Frozen CDAN-UDA features + Logistic Regression,cdan,uda,0,400,0.2,0.0,0.0,source-only; no refit,source labels only,16,C=1.0;class_weight=balanced;solver=lbfgs;max_iter=2000,0.6979591836734694,1.0,0.7183673469387755,0.7235850058405012,0.7311737018298975,0.020408163265306034
two-layer,S4_train_I_val_D1_2,CDAN-UDA,Frozen CDAN-UDA features + Logistic Regression,cdan,uda,1,400,0.2,0.0,0.0,source-only; no refit,source labels only,16,C=1.0;class_weight=balanced;solver=lbfgs;max_iter=2000,0.7061224489795919,1.0,0.710204081632653,0.7158330678560051,0.7176149273425985,0.004081632653061162
two-layer,S4_train_I_val_D1_2,CDAN-UDA,Frozen CDAN-UDA features + Logistic Regression,cdan,uda,2,400,0.2,0.0,0.0,source-only; no refit,source labels only,16,C=1.0;class_weight=balanced;solver=lbfgs;max_iter=2000,0.8285714285714286,1.0,0.8448979591836735,0.8444302856536052,0.849761355558457,0.01632653061224487
two-layer,S4_train_I_val_D1_2,CDAN-UDA,Frozen CDAN-UDA features + Logistic Regression,cdan,uda,3,400,0.2,0.0,0.0,source-only; no refit,source labels only,16,C=1.0;class_weight=balanced;solver=lbfgs;max_iter=2000,0.8081632653061225,1.0,0.8,0.7997239035786343,0.8047483780088363,-0.008163265306122436
two-layer,S4_train_I_val_D1_2,CDAN-UDA,Frozen CDAN-UDA features + Logistic Regression,cdan,uda,4,400,0.2,0.0,0.0,source-only; no refit,source labels only,16,C=1.0;class_weight=balanced;solver=lbfgs;max_iter=2000,0.7755102040816326,1.0,0.8,0.8004141446320485,0.7986070267760409,0.02448979591836742
two-layer,S5_train_I_D1_val_D2_3,CDAN-SEMI,Frozen CDAN-SEMI features + Logistic Regression,cdan,semi,0,380,0.2,0.0,0.0,Source+Target refit,source + labeled target,16,C=1.0;class_weight=balanced;solver=lbfgs;max_iter=2000,0.8398268398268398,1.0,0.8484848484848485,0.8495258543567722,0.849365305823822,0.008658008658008698
two-layer,S5_train_I_D1_val_D2_3,CDAN-SEMI,Frozen CDAN-SEMI features + Logistic Regression,cdan,semi,1,130,0.2,0.0,0.0,Source+Target refit,source + labeled target,16,C=1.0;class_weight=balanced;solver=lbfgs;max_iter=2000,0.8787878787878788,1.0,0.8701298701298701,0.8715333691179102,0.8710008441889973,-0.008658008658008698
two-layer,S5_train_I_D1_val_D2_3,CDAN-SEMI,Frozen CDAN-SEMI features + Logistic Regression,cdan,semi,2,30,0.2,0.0,0.0,Source+Target refit,source + labeled target,16,C=1.0;class_weight=balanced;solver=lbfgs;max_iter=2000,0.8701298701298701,1.0,0.8787878787878788,0.8811952048667023,0.880188454907556,0.008658008658008698
two-layer,S5_train_I_D1_val_D2_3,CDAN-SEMI,Frozen CDAN-SEMI features + Logistic Regression,cdan,semi,3,30,0.2,0.0,0.0,Source+Target refit,source + labeled target,16,C=1.0;class_weight=balanced;solver=lbfgs;max_iter=2000,0.8614718614718615,1.0,0.8614718614718615,0.8625872249060654,0.8624020569640544,0.0
two-layer,S5_train_I_D1_val_D2_3,CDAN-SEMI,Frozen CDAN-SEMI features + Logistic Regression,cdan,semi,4,160,0.2,0.0,0.0,Source+Target refit,source + labeled target,16,C=1.0;class_weight=balanced;solver=lbfgs;max_iter=2000,0.8484848484848485,1.0,0.8484848484848485,0.8495258543567722,0.8482760478947333,0.0
two-layer,S5_train_I_D1_val_D2_3,CDAN-UDA,Frozen CDAN-UDA features + Logistic Regression,cdan,uda,0,400,0.2,0.0,0.0,source-only; no refit,source labels only,16,C=1.0;class_weight=balanced;solver=lbfgs;max_iter=2000,0.6926406926406926,1.0,0.7142857142857143,0.7198067632850242,0.7272116268962939,0.02164502164502169
two-layer,S5_train_I_D1_val_D2_3,CDAN-UDA,Frozen CDAN-UDA features + Logistic Regression,cdan,uda,1,400,0.2,0.0,0.0,source-only; no refit,source labels only,16,C=1.0;class_weight=balanced;solver=lbfgs;max_iter=2000,0.7012987012987013,1.0,0.7056277056277056,0.711576310610127,0.7132316458840013,0.0043290043290042934
two-layer,S5_train_I_D1_val_D2_3,CDAN-UDA,Frozen CDAN-UDA features + Logistic Regression,cdan,uda,2,400,0.2,0.0,0.0,source-only; no refit,source labels only,16,C=1.0;class_weight=balanced;solver=lbfgs;max_iter=2000,0.8225108225108225,1.0,0.8398268398268398,0.8398640186079799,0.8447235778369319,0.017316017316017285
two-layer,S5_train_I_D1_val_D2_3,CDAN-UDA,Frozen CDAN-UDA features + Logistic Regression,cdan,uda,3,400,0.2,0.0,0.0,source-only; no refit,source labels only,16,C=1.0;class_weight=balanced;solver=lbfgs;max_iter=2000,0.8051948051948052,1.0,0.8008658008658008,0.8006799069601002,0.8055040342179449,-0.0043290043290044045
two-layer,S5_train_I_D1_val_D2_3,CDAN-UDA,Frozen CDAN-UDA features + Logistic Regression,cdan,uda,4,400,0.2,0.0,0.0,source-only; no refit,source labels only,16,C=1.0;class_weight=balanced;solver=lbfgs;max_iter=2000,0.7662337662337663,1.0,0.7965367965367965,0.7972803721595992,0.7946145605542189,0.030303030303030276
two-layer,S6_train_I_D1_2_val_D3_5,CDAN-SEMI,Frozen CDAN-SEMI features + Logistic Regression,cdan,semi,0,330,0.05,0.0,0.0,Source+Target refit,source + labeled target,16,C=1.0;class_weight=balanced;solver=lbfgs;max_iter=2000,0.926829268292683,1.0,0.926829268292683,0.9242119382964454,0.9265248034697748,0.0
two-layer,S6_train_I_D1_2_val_D3_5,CDAN-SEMI,Frozen CDAN-SEMI features + Logistic Regression,cdan,semi,1,390,0.05,0.0,0.0,Source+Target refit,source + labeled target,16,C=1.0;class_weight=balanced;solver=lbfgs;max_iter=2000,0.926829268292683,1.0,0.9365853658536586,0.9341977792682018,0.9360916304883672,0.009756097560975618
two-layer,S6_train_I_D1_2_val_D3_5,CDAN-SEMI,Frozen CDAN-SEMI features + Logistic Regression,cdan,semi,2,350,0.05,0.0,0.0,Source+Target refit,source + labeled target,16,C=1.0;class_weight=balanced;solver=lbfgs;max_iter=2000,0.9170731707317074,1.0,0.9170731707317074,0.914226097324689,0.9169706105400085,0.0
two-layer,S6_train_I_D1_2_val_D3_5,CDAN-SEMI,Frozen CDAN-SEMI features + Logistic Regression,cdan,semi,3,380,0.05,0.0,0.0,Source+Target refit,source + labeled target,16,C=1.0;class_weight=balanced;solver=lbfgs;max_iter=2000,0.9317073170731708,1.0,0.9414634146341463,0.938892614948953,0.9411629386053938,0.009756097560975507
two-layer,S6_train_I_D1_2_val_D3_5,CDAN-SEMI,Frozen CDAN-SEMI features + Logistic Regression,cdan,semi,4,370,0.05,0.0,0.0,Source+Target refit,source + labeled target,16,C=1.0;class_weight=balanced;solver=lbfgs;max_iter=2000,0.946341463414634,1.0,0.9414634146341463,0.9394887845592071,0.9416471860439227,-0.004878048780487698
two-layer,S6_train_I_D1_2_val_D3_5,CDAN-UDA,Frozen CDAN-UDA features + Logistic Regression,cdan,uda,0,400,0.2,0.0,0.0,source-only; no refit,source labels only,16,C=1.0;class_weight=balanced;solver=lbfgs;max_iter=2000,0.6829268292682927,1.0,0.7073170731707317,0.7111558238318801,0.7187962364432954,0.024390243902438935
two-layer,S6_train_I_D1_2_val_D3_5,CDAN-UDA,Frozen CDAN-UDA features + Logistic Regression,cdan,uda,1,400,0.2,0.0,0.0,source-only; no refit,source labels only,16,C=1.0;class_weight=balanced;solver=lbfgs;max_iter=2000,0.6829268292682927,1.0,0.6829268292682927,0.6876816454281243,0.6877623285892019,0.0
two-layer,S6_train_I_D1_2_val_D3_5,CDAN-UDA,Frozen CDAN-UDA features + Logistic Regression,cdan,uda,2,400,0.2,0.0,0.0,source-only; no refit,source labels only,16,C=1.0;class_weight=balanced;solver=lbfgs;max_iter=2000,0.8195121951219512,1.0,0.8341463414634146,0.8338177211416647,0.8385725448077088,0.014634146341463428
two-layer,S6_train_I_D1_2_val_D3_5,CDAN-UDA,Frozen CDAN-UDA features + Logistic Regression,cdan,uda,3,400,0.2,0.0,0.0,source-only; no refit,source labels only,16,C=1.0;class_weight=balanced;solver=lbfgs;max_iter=2000,0.8097560975609757,1.0,0.8048780487804879,0.8038601982263954,0.8087269295069807,-0.004878048780487809
two-layer,S6_train_I_D1_2_val_D3_5,CDAN-UDA,Frozen CDAN-UDA features + Logistic Regression,cdan,uda,4,400,0.2,0.0,0.0,source-only; no refit,source labels only,16,C=1.0;class_weight=balanced;solver=lbfgs;max_iter=2000,0.7658536585365854,1.0,0.7902439024390244,0.790371860794396,0.7883953597919131,0.024390243902439046
two-layer,S7_train_I_D1_3_val_D4_5,CDAN-SEMI,Frozen CDAN-SEMI features + Logistic Regression,cdan,semi,0,400,0.5,0.0,0.0,Source+Target refit,source + labeled target,16,C=1.0;class_weight=balanced;solver=lbfgs;max_iter=2000,0.9219512195121952,1.0,0.9170731707317074,0.9154184365451972,0.9172260488049963,-0.004878048780487809
two-layer,S7_train_I_D1_3_val_D4_5,CDAN-SEMI,Frozen CDAN-SEMI features + Logistic Regression,cdan,semi,1,20,0.5,0.0,0.0,Source+Target refit,source + labeled target,16,C=1.0;class_weight=balanced;solver=lbfgs;max_iter=2000,0.9317073170731708,0.9897959183673469,0.9609756097560975,0.95946046650272,0.9612538729347101,0.029268292682926744
two-layer,S7_train_I_D1_3_val_D4_5,CDAN-SEMI,Frozen CDAN-SEMI features + Logistic Regression,cdan,semi,2,20,0.5,0.0,0.0,Source+Target refit,source + labeled target,16,C=1.0;class_weight=balanced;solver=lbfgs;max_iter=2000,0.9170731707317074,0.9897959183673469,0.9414634146341463,0.9400849541694613,0.9426534250063661,0.024390243902438935
two-layer,S7_train_I_D1_3_val_D4_5,CDAN-SEMI,Frozen CDAN-SEMI features + Logistic Regression,cdan,semi,3,270,0.5,0.0,0.0,Source+Target refit,source + labeled target,16,C=1.0;class_weight=balanced;solver=lbfgs;max_iter=2000,0.8975609756097561,1.0,0.8975609756097561,0.8960429242119382,0.8983974358974359,0.0
two-layer,S7_train_I_D1_3_val_D4_5,CDAN-SEMI,Frozen CDAN-SEMI features + Logistic Regression,cdan,semi,4,350,0.5,0.0,0.0,Source+Target refit,source + labeled target,16,C=1.0;class_weight=balanced;solver=lbfgs;max_iter=2000,0.9365853658536586,1.0,0.926829268292683,0.9242119382964454,0.9250019832770083,-0.009756097560975618
two-layer,S7_train_I_D1_3_val_D4_5,CDAN-UDA,Frozen CDAN-UDA features + Logistic Regression,cdan,uda,0,400,0.2,0.0,0.0,source-only; no refit,source labels only,16,C=1.0;class_weight=balanced;solver=lbfgs;max_iter=2000,0.6829268292682927,1.0,0.7073170731707317,0.7111558238318801,0.7187962364432954,0.024390243902438935
two-layer,S7_train_I_D1_3_val_D4_5,CDAN-UDA,Frozen CDAN-UDA features + Logistic Regression,cdan,uda,1,400,0.2,0.0,0.0,source-only; no refit,source labels only,16,C=1.0;class_weight=balanced;solver=lbfgs;max_iter=2000,0.6829268292682927,1.0,0.6829268292682927,0.6876816454281243,0.6877623285892019,0.0
two-layer,S7_train_I_D1_3_val_D4_5,CDAN-UDA,Frozen CDAN-UDA features + Logistic Regression,cdan,uda,2,400,0.2,0.0,0.0,source-only; no refit,source labels only,16,C=1.0;class_weight=balanced;solver=lbfgs;max_iter=2000,0.8195121951219512,1.0,0.8341463414634146,0.8338177211416647,0.8385725448077088,0.014634146341463428
two-layer,S7_train_I_D1_3_val_D4_5,CDAN-UDA,Frozen CDAN-UDA features + Logistic Regression,cdan,uda,3,400,0.2,0.0,0.0,source-only; no refit,source labels only,16,C=1.0;class_weight=balanced;solver=lbfgs;max_iter=2000,0.8097560975609757,1.0,0.8048780487804879,0.8038601982263954,0.8087269295069807,-0.004878048780487809
two-layer,S7_train_I_D1_3_val_D4_5,CDAN-UDA,Frozen CDAN-UDA features + Logistic Regression,cdan,uda,4,400,0.2,0.0,0.0,source-only; no refit,source labels only,16,C=1.0;class_weight=balanced;solver=lbfgs;max_iter=2000,0.7658536585365854,1.0,0.7902439024390244,0.790371860794396,0.7883953597919131,0.024390243902439046
two-layer,S1_train_I_test_all,CDAN+C-DANN-UDA,Frozen CDAN+C-DANN-UDA features + Logistic Regression,cdan+c-dann,uda,0,400,0.2,0.2,0.0,source-only; no refit,source labels only,16,C=1.0;class_weight=balanced;solver=lbfgs;max_iter=2000,0.9010989010989012,1.0,0.8974358974358975,0.893775720164609,0.8979124859143214,-0.003663003663003761
two-layer,S1_train_I_test_all,CDAN+C-DANN-UDA,Frozen CDAN+C-DANN-UDA features + Logistic Regression,cdan+c-dann,uda,1,400,0.2,0.2,0.0,source-only; no refit,source labels only,16,C=1.0;class_weight=balanced;solver=lbfgs;max_iter=2000,0.8901098901098901,1.0,0.8864468864468864,0.8827160493827161,0.8872913466461855,-0.00366300366300365
two-layer,S1_train_I_test_all,CDAN+C-DANN-UDA,Frozen CDAN+C-DANN-UDA features + Logistic Regression,cdan+c-dann,uda,2,400,0.2,0.2,0.0,source-only; no refit,source labels only,16,C=1.0;class_weight=balanced;solver=lbfgs;max_iter=2000,0.8754578754578755,1.0,0.8791208791208791,0.8738425925925926,0.8794040570484875,0.00366300366300365
two-layer,S1_train_I_test_all,CDAN+C-DANN-UDA,Frozen CDAN+C-DANN-UDA features + Logistic Regression,cdan+c-dann,uda,3,400,0.2,0.2,0.0,source-only; no refit,source labels only,16,C=1.0;class_weight=balanced;solver=lbfgs;max_iter=2000,0.8791208791208791,1.0,0.8901098901098901,0.8861882716049383,0.8895855265987914,0.01098901098901095
two-layer,S1_train_I_test_all,CDAN+C-DANN-UDA,Frozen CDAN+C-DANN-UDA features + Logistic Regression,cdan+c-dann,uda,4,400,0.2,0.2,0.0,source-only; no refit,source labels only,16,C=1.0;class_weight=balanced;solver=lbfgs;max_iter=2000,0.9010989010989012,1.0,0.9010989010989011,0.8966049382716049,0.9010909956823893,-1.1102230246251565e-16
two-layer,S2_train_I_internal_val_test_all,CDAN+C-DANN-UDA,Frozen CDAN+C-DANN-UDA features + Logistic Regression,cdan+c-dann,uda,0,250,0.5,0.2,0.0,source train+source validation refit,source train + source validation labels,16,C=1.0;class_weight=balanced;solver=lbfgs;max_iter=2000,0.8754578754578755,1.0,0.8754578754578755,0.8703703703703703,0.8777755484216159,0.0
two-layer,S2_train_I_internal_val_test_all,CDAN+C-DANN-UDA,Frozen CDAN+C-DANN-UDA features + Logistic Regression,cdan+c-dann,uda,1,200,0.5,0.2,0.0,source train+source validation refit,source train + source validation labels,16,C=1.0;class_weight=balanced;solver=lbfgs;max_iter=2000,0.9047619047619048,1.0,0.9047619047619048,0.8994341563786009,0.9034540613487981,0.0
two-layer,S2_train_I_internal_val_test_all,CDAN+C-DANN-UDA,Frozen CDAN+C-DANN-UDA features + Logistic Regression,cdan+c-dann,uda,2,360,0.5,0.2,0.0,source train+source validation refit,source train + source validation labels,16,C=1.0;class_weight=balanced;solver=lbfgs;max_iter=2000,0.9084249084249084,1.0,0.9047619047619048,0.8994341563786007,0.9032016704862372,-0.00366300366300365
two-layer,S2_train_I_internal_val_test_all,CDAN+C-DANN-UDA,Frozen CDAN+C-DANN-UDA features + Logistic Regression,cdan+c-dann,uda,3,240,0.5,0.2,0.0,source train+source validation refit,source train + source validation labels,16,C=1.0;class_weight=balanced;solver=lbfgs;max_iter=2000,0.8791208791208791,1.0,0.8791208791208791,0.8725565843621399,0.8784933294737215,0.0
two-layer,S2_train_I_internal_val_test_all,CDAN+C-DANN-UDA,Frozen CDAN+C-DANN-UDA features + Logistic Regression,cdan+c-dann,uda,4,250,0.5,0.2,0.0,source train+source validation refit,source train + source validation labels,16,C=1.0;class_weight=balanced;solver=lbfgs;max_iter=2000,0.8827838827838828,1.0,0.8791208791208791,0.8757716049382717,0.879023423556491,-0.00366300366300365
two-layer,S3_train_I_internal_20_10_test_all,CDAN+C-DANN-UDA,Frozen CDAN+C-DANN-UDA features + Logistic Regression,cdan+c-dann,uda,0,20,0.5,0.5,0.0,source train+source validation refit,source train + source validation labels,16,C=1.0;class_weight=balanced;solver=lbfgs;max_iter=2000,0.8095238095238095,1.0,0.8131868131868132,0.8126286008230452,0.8193472866302115,0.00366300366300365
two-layer,S3_train_I_internal_20_10_test_all,CDAN+C-DANN-UDA,Frozen CDAN+C-DANN-UDA features + Logistic Regression,cdan+c-dann,uda,1,20,0.5,0.5,0.0,source train+source validation refit,source train + source validation labels,16,C=1.0;class_weight=balanced;solver=lbfgs;max_iter=2000,0.7912087912087912,0.9666666666666667,0.8168498168498168,0.8173868312757202,0.8224696714187689,0.02564102564102566
two-layer,S3_train_I_internal_20_10_test_all,CDAN+C-DANN-UDA,Frozen CDAN+C-DANN-UDA features + Logistic Regression,cdan+c-dann,uda,2,10,0.5,0.5,0.0,source train+source validation refit,source train + source validation labels,16,C=1.0;class_weight=balanced;solver=lbfgs;max_iter=2000,0.5604395604395604,0.8666666666666667,0.7106227106227107,0.7211934156378601,0.7220529321248556,0.1501831501831502
two-layer,S3_train_I_internal_20_10_test_all,CDAN+C-DANN-UDA,Frozen CDAN+C-DANN-UDA features + Logistic Regression,cdan+c-dann,uda,3,10,0.5,0.5,0.0,source train+source validation refit,source train + source validation labels,16,C=1.0;class_weight=balanced;solver=lbfgs;max_iter=2000,0.684981684981685,0.9333333333333333,0.7142857142857143,0.7214506172839507,0.7273734563746679,0.02930402930402931
two-layer,S3_train_I_internal_20_10_test_all,CDAN+C-DANN-UDA,Frozen CDAN+C-DANN-UDA features + Logistic Regression,cdan+c-dann,uda,4,280,0.5,0.5,0.0,source train+source validation refit,source train + source validation labels,16,C=1.0;class_weight=balanced;solver=lbfgs;max_iter=2000,0.8974358974358975,1.0,0.8974358974358975,0.8931327160493828,0.8982870194137801,0.0
two-layer,S4_train_I_val_D1_2,CDAN+C-DANN-SEMI,Frozen CDAN+C-DANN-SEMI features + Logistic Regression,cdan+c-dann,semi,0,50,0.5,0.5,0.0,Source+Target refit,source + labeled target,16,C=1.0;class_weight=balanced;solver=lbfgs;max_iter=2000,0.8857142857142857,1.0,0.9020408163265307,0.9028352978655624,0.905266336696168,0.016326530612244983
two-layer,S4_train_I_val_D1_2,CDAN+C-DANN-SEMI,Frozen CDAN+C-DANN-SEMI features + Logistic Regression,cdan+c-dann,semi,1,290,0.5,0.5,0.0,Source+Target refit,source + labeled target,16,C=1.0;class_weight=balanced;solver=lbfgs;max_iter=2000,0.9428571428571428,1.0,0.9510204081632653,0.9500371668259531,0.9518506715271197,0.008163265306122436
two-layer,S4_train_I_val_D1_2,CDAN+C-DANN-SEMI,Frozen CDAN+C-DANN-SEMI features + Logistic Regression,cdan+c-dann,semi,2,370,0.5,0.5,0.0,Source+Target refit,source + labeled target,16,C=1.0;class_weight=balanced;solver=lbfgs;max_iter=2000,0.9428571428571428,1.0,0.9510204081632653,0.948656684719125,0.9513734743397166,0.008163265306122436
two-layer,S4_train_I_val_D1_2,CDAN+C-DANN-SEMI,Frozen CDAN+C-DANN-SEMI features + Logistic Regression,cdan+c-dann,semi,3,40,0.5,0.5,0.0,Source+Target refit,source + labeled target,16,C=1.0;class_weight=balanced;solver=lbfgs;max_iter=2000,0.8693877551020408,1.0,0.8734693877551021,0.8736327917595837,0.876932681555988,0.004081632653061273
two-layer,S4_train_I_val_D1_2,CDAN+C-DANN-SEMI,Frozen CDAN+C-DANN-SEMI features + Logistic Regression,cdan+c-dann,semi,4,40,0.5,0.5,0.0,Source+Target refit,source + labeled target,16,C=1.0;class_weight=balanced;solver=lbfgs;max_iter=2000,0.8693877551020408,1.0,0.8816326530612245,0.8813847297440799,0.8828726381810438,0.01224489795918371
two-layer,S4_train_I_val_D1_2,CDAN+C-DANN-UDA,Frozen CDAN+C-DANN-UDA features + Logistic Regression,cdan+c-dann,uda,0,400,0.2,0.2,0.0,source-only; no refit,source labels only,16,C=1.0;class_weight=balanced;solver=lbfgs;max_iter=2000,0.8938775510204081,1.0,0.889795918367347,0.8863757035149199,0.8905694291978187,-0.004081632653061162
two-layer,S4_train_I_val_D1_2,CDAN+C-DANN-UDA,Frozen CDAN+C-DANN-UDA features + Logistic Regression,cdan+c-dann,uda,1,400,0.2,0.2,0.0,source-only; no refit,source labels only,16,C=1.0;class_weight=balanced;solver=lbfgs;max_iter=2000,0.8938775510204081,1.0,0.889795918367347,0.8863757035149199,0.8910863016126175,-0.004081632653061162
two-layer,S4_train_I_val_D1_2,CDAN+C-DANN-UDA,Frozen CDAN+C-DANN-UDA features + Logistic Regression,cdan+c-dann,uda,2,400,0.2,0.2,0.0,source-only; no refit,source labels only,16,C=1.0;class_weight=balanced;solver=lbfgs;max_iter=2000,0.8734693877551021,1.0,0.8857142857142857,0.8811192524158438,0.8867012089810018,0.012244897959183598
two-layer,S4_train_I_val_D1_2,CDAN+C-DANN-UDA,Frozen CDAN+C-DANN-UDA features + Logistic Regression,cdan+c-dann,uda,3,400,0.2,0.2,0.0,source-only; no refit,source labels only,16,C=1.0;class_weight=balanced;solver=lbfgs;max_iter=2000,0.8775510204081632,1.0,0.889795918367347,0.8856854624615057,0.8894461010210536,0.01224489795918371
two-layer,S4_train_I_val_D1_2,CDAN+C-DANN-UDA,Frozen CDAN+C-DANN-UDA features + Logistic Regression,cdan+c-dann,uda,4,400,0.2,0.2,0.0,source-only; no refit,source labels only,16,C=1.0;class_weight=balanced;solver=lbfgs;max_iter=2000,0.8979591836734694,1.0,0.9020408163265307,0.898003610491664,0.9029885449101985,0.004081632653061273
two-layer,S5_train_I_D1_val_D2_3,CDAN+C-DANN-SEMI,Frozen CDAN+C-DANN-SEMI features + Logistic Regression,cdan+c-dann,semi,0,90,0.5,0.5,0.0,Source+Target refit,source + labeled target,16,C=1.0;class_weight=balanced;solver=lbfgs;max_iter=2000,0.8917748917748918,1.0,0.9177489177489178,0.9175165503667918,0.9200400329683269,0.025974025974025983
two-layer,S5_train_I_D1_val_D2_3,CDAN+C-DANN-SEMI,Frozen CDAN+C-DANN-SEMI features + Logistic Regression,cdan+c-dann,semi,1,120,0.5,0.5,0.0,Source+Target refit,source + labeled target,16,C=1.0;class_weight=balanced;solver=lbfgs;max_iter=2000,0.9264069264069263,1.0,0.935064935064935,0.9339774557165862,0.9362813782695523,0.008658008658008698
two-layer,S5_train_I_D1_val_D2_3,CDAN+C-DANN-SEMI,Frozen CDAN+C-DANN-SEMI features + Logistic Regression,cdan+c-dann,semi,2,180,0.5,0.5,0.0,Source+Target refit,source + labeled target,16,C=1.0;class_weight=balanced;solver=lbfgs;max_iter=2000,0.9264069264069263,1.0,0.9307359307359307,0.9284308463052424,0.9302769095598951,0.0043290043290044045
two-layer,S5_train_I_D1_val_D2_3,CDAN+C-DANN-SEMI,Frozen CDAN+C-DANN-SEMI features + Logistic Regression,cdan+c-dann,semi,3,180,0.5,0.5,0.0,Source+Target refit,source + labeled target,16,C=1.0;class_weight=balanced;solver=lbfgs;max_iter=2000,0.9264069264069263,1.0,0.9393939393939394,0.9388083735909823,0.941293909597873,0.012987012987013102
two-layer,S5_train_I_D1_val_D2_3,CDAN+C-DANN-SEMI,Frozen CDAN+C-DANN-SEMI features + Logistic Regression,cdan+c-dann,semi,4,70,0.5,0.5,0.0,Source+Target refit,source + labeled target,16,C=1.0;class_weight=balanced;solver=lbfgs;max_iter=2000,0.9177489177489178,1.0,0.9004329004329005,0.8996242619431025,0.9021813007094006,-0.017316017316017285
two-layer,S5_train_I_D1_val_D2_3,CDAN+C-DANN-UDA,Frozen CDAN+C-DANN-UDA features + Logistic Regression,cdan+c-dann,uda,0,400,0.2,0.2,0.0,source-only; no refit,source labels only,16,C=1.0;class_weight=balanced;solver=lbfgs;max_iter=2000,0.8917748917748918,1.0,0.8874458874458875,0.8844158167829664,0.8884734255459289,-0.0043290043290042934
two-layer,S5_train_I_D1_val_D2_3,CDAN+C-DANN-UDA,Frozen CDAN+C-DANN-UDA features + Logistic Regression,cdan+c-dann,uda,1,400,0.2,0.2,0.0,source-only; no refit,source labels only,16,C=1.0;class_weight=balanced;solver=lbfgs;max_iter=2000,0.8917748917748918,1.0,0.8874458874458875,0.8844158167829664,0.8890297425962636,-0.0043290043290042934
two-layer,S5_train_I_D1_val_D2_3,CDAN+C-DANN-UDA,Frozen CDAN+C-DANN-UDA features + Logistic Regression,cdan+c-dann,uda,2,400,0.2,0.2,0.0,source-only; no refit,source labels only,16,C=1.0;class_weight=balanced;solver=lbfgs;max_iter=2000,0.8701298701298701,1.0,0.8831168831168831,0.8788692073716228,0.8844239631336405,0.012987012987012991
two-layer,S5_train_I_D1_val_D2_3,CDAN+C-DANN-UDA,Frozen CDAN+C-DANN-UDA features + Logistic Regression,cdan+c-dann,uda,3,400,0.2,0.2,0.0,source-only; no refit,source labels only,16,C=1.0;class_weight=balanced;solver=lbfgs;max_iter=2000,0.8744588744588745,1.0,0.8874458874458875,0.883700125246019,0.8873562573886389,0.012987012987012991
two-layer,S5_train_I_D1_val_D2_3,CDAN+C-DANN-UDA,Frozen CDAN+C-DANN-UDA features + Logistic Regression,cdan+c-dann,uda,4,400,0.2,0.2,0.0,source-only; no refit,source labels only,16,C=1.0;class_weight=balanced;solver=lbfgs;max_iter=2000,0.8961038961038961,1.0,0.9004329004329005,0.8967614957953122,0.9016812036870983,0.0043290043290044045
two-layer,S6_train_I_D1_2_val_D3_5,CDAN+C-DANN-SEMI,Frozen CDAN+C-DANN-SEMI features + Logistic Regression,cdan+c-dann,semi,0,360,0.5,0.05,0.0,Source+Target refit,source + labeled target,16,C=1.0;class_weight=balanced;solver=lbfgs;max_iter=2000,0.9317073170731708,1.0,0.9219512195121952,0.9183247633951859,0.921504657499694,-0.009756097560975618
two-layer,S6_train_I_D1_2_val_D3_5,CDAN+C-DANN-SEMI,Frozen CDAN+C-DANN-SEMI features + Logistic Regression,cdan+c-dann,semi,1,120,0.5,0.05,0.0,Source+Target refit,source + labeled target,16,C=1.0;class_weight=balanced;solver=lbfgs;max_iter=2000,0.9365853658536586,1.0,0.9317073170731708,0.9289067739771966,0.9314385646683716,-0.004878048780487809
two-layer,S6_train_I_D1_2_val_D3_5,CDAN+C-DANN-SEMI,Frozen CDAN+C-DANN-SEMI features + Logistic Regression,cdan+c-dann,semi,2,290,0.5,0.05,0.0,Source+Target refit,source + labeled target,16,C=1.0;class_weight=balanced;solver=lbfgs;max_iter=2000,0.9365853658536586,1.0,0.9219512195121952,0.9177285937849318,0.9205369665397716,-0.014634146341463428
two-layer,S6_train_I_D1_2_val_D3_5,CDAN+C-DANN-SEMI,Frozen CDAN+C-DANN-SEMI features + Logistic Regression,cdan+c-dann,semi,3,320,0.5,0.05,0.0,Source+Target refit,source + labeled target,16,C=1.0;class_weight=balanced;solver=lbfgs;max_iter=2000,0.9219512195121952,1.0,0.9121951219512195,0.9095312616439378,0.9129597072646906,-0.009756097560975618
two-layer,S6_train_I_D1_2_val_D3_5,CDAN+C-DANN-SEMI,Frozen CDAN+C-DANN-SEMI features + Logistic Regression,cdan+c-dann,semi,4,180,0.5,0.05,0.0,Source+Target refit,source + labeled target,16,C=1.0;class_weight=balanced;solver=lbfgs;max_iter=2000,0.9365853658536586,1.0,0.9317073170731708,0.9289067739771966,0.9316289730604121,-0.004878048780487809
two-layer,S6_train_I_D1_2_val_D3_5,CDAN+C-DANN-UDA,Frozen CDAN+C-DANN-UDA features + Logistic Regression,cdan+c-dann,uda,0,400,0.2,0.2,0.0,source-only; no refit,source labels only,16,C=1.0;class_weight=balanced;solver=lbfgs;max_iter=2000,0.8926829268292683,1.0,0.8878048780487805,0.8848647440196736,0.8883641781417055,-0.004878048780487809
two-layer,S6_train_I_D1_2_val_D3_5,CDAN+C-DANN-UDA,Frozen CDAN+C-DANN-UDA features + Logistic Regression,cdan+c-dann,uda,1,400,0.2,0.2,0.0,source-only; no refit,source labels only,16,C=1.0;class_weight=balanced;solver=lbfgs;max_iter=2000,0.8926829268292683,1.0,0.8878048780487805,0.8848647440196736,0.8888468089112553,-0.004878048780487809
two-layer,S6_train_I_D1_2_val_D3_5,CDAN+C-DANN-UDA,Frozen CDAN+C-DANN-UDA features + Logistic Regression,cdan+c-dann,uda,2,400,0.2,0.2,0.0,source-only; no refit,source labels only,16,C=1.0;class_weight=balanced;solver=lbfgs;max_iter=2000,0.8682926829268293,1.0,0.8829268292682927,0.8789775691184142,0.8836233608487644,0.014634146341463428
two-layer,S6_train_I_D1_2_val_D3_5,CDAN+C-DANN-UDA,Frozen CDAN+C-DANN-UDA features + Logistic Regression,cdan+c-dann,uda,3,400,0.2,0.2,0.0,source-only; no refit,source labels only,16,C=1.0;class_weight=balanced;solver=lbfgs;max_iter=2000,0.8731707317073171,1.0,0.8829268292682927,0.8795737387286683,0.8827809144779692,0.009756097560975618
two-layer,S6_train_I_D1_2_val_D3_5,CDAN+C-DANN-UDA,Frozen CDAN+C-DANN-UDA features + Logistic Regression,cdan+c-dann,uda,4,400,0.2,0.2,0.0,source-only; no refit,source labels only,16,C=1.0;class_weight=balanced;solver=lbfgs;max_iter=2000,0.8926829268292683,1.0,0.8975609756097561,0.8942544153811759,0.8986858402097507,0.004878048780487809
two-layer,S7_train_I_D1_3_val_D4_5,CDAN+C-DANN-SEMI,Frozen CDAN+C-DANN-SEMI features + Logistic Regression,cdan+c-dann,semi,0,20,0.5,0.2,0.0,Source+Target refit,source + labeled target,16,C=1.0;class_weight=balanced;solver=lbfgs;max_iter=2000,0.946341463414634,0.9897959183673469,0.9365853658536586,0.9347939488784559,0.9373865007184028,-0.009756097560975396
two-layer,S7_train_I_D1_3_val_D4_5,CDAN+C-DANN-SEMI,Frozen CDAN+C-DANN-SEMI features + Logistic Regression,cdan+c-dann,semi,1,230,0.5,0.2,0.0,Source+Target refit,source + labeled target,16,C=1.0;class_weight=balanced;solver=lbfgs;max_iter=2000,0.9560975609756096,1.0,0.9512195121951219,0.9494746255309635,0.9507006069895235,-0.004878048780487698
two-layer,S7_train_I_D1_3_val_D4_5,CDAN+C-DANN-SEMI,Frozen CDAN+C-DANN-SEMI features + Logistic Regression,cdan+c-dann,semi,2,320,0.5,0.2,0.0,Source+Target refit,source + labeled target,16,C=1.0;class_weight=balanced;solver=lbfgs;max_iter=2000,0.946341463414634,1.0,0.9414634146341463,0.938892614948953,0.9404548816313522,-0.004878048780487698
two-layer,S7_train_I_D1_3_val_D4_5,CDAN+C-DANN-SEMI,Frozen CDAN+C-DANN-SEMI features + Logistic Regression,cdan+c-dann,semi,3,170,0.5,0.2,0.0,Source+Target refit,source + labeled target,16,C=1.0;class_weight=balanced;solver=lbfgs;max_iter=2000,0.9219512195121952,1.0,0.9170731707317074,0.914226097324689,0.9170792326472551,-0.004878048780487809
two-layer,S7_train_I_D1_3_val_D4_5,CDAN+C-DANN-SEMI,Frozen CDAN+C-DANN-SEMI features + Logistic Regression,cdan+c-dann,semi,4,240,0.5,0.2,0.0,Source+Target refit,source + labeled target,16,C=1.0;class_weight=balanced;solver=lbfgs;max_iter=2000,0.9560975609756096,1.0,0.9463414634146341,0.9447797898502124,0.9461519049223431,-0.009756097560975507
two-layer,S7_train_I_D1_3_val_D4_5,CDAN+C-DANN-UDA,Frozen CDAN+C-DANN-UDA features + Logistic Regression,cdan+c-dann,uda,0,400,0.2,0.2,0.0,source-only; no refit,source labels only,16,C=1.0;class_weight=balanced;solver=lbfgs;max_iter=2000,0.8926829268292683,1.0,0.8878048780487805,0.8848647440196736,0.8883641781417055,-0.004878048780487809
two-layer,S7_train_I_D1_3_val_D4_5,CDAN+C-DANN-UDA,Frozen CDAN+C-DANN-UDA features + Logistic Regression,cdan+c-dann,uda,1,400,0.2,0.2,0.0,source-only; no refit,source labels only,16,C=1.0;class_weight=balanced;solver=lbfgs;max_iter=2000,0.8926829268292683,1.0,0.8878048780487805,0.8848647440196736,0.8888468089112553,-0.004878048780487809
two-layer,S7_train_I_D1_3_val_D4_5,CDAN+C-DANN-UDA,Frozen CDAN+C-DANN-UDA features + Logistic Regression,cdan+c-dann,uda,2,400,0.2,0.2,0.0,source-only; no refit,source labels only,16,C=1.0;class_weight=balanced;solver=lbfgs;max_iter=2000,0.8682926829268293,1.0,0.8829268292682927,0.8789775691184142,0.8836233608487644,0.014634146341463428
two-layer,S7_train_I_D1_3_val_D4_5,CDAN+C-DANN-UDA,Frozen CDAN+C-DANN-UDA features + Logistic Regression,cdan+c-dann,uda,3,400,0.2,0.2,0.0,source-only; no refit,source labels only,16,C=1.0;class_weight=balanced;solver=lbfgs;max_iter=2000,0.8731707317073171,1.0,0.8829268292682927,0.8795737387286683,0.8827809144779692,0.009756097560975618
two-layer,S7_train_I_D1_3_val_D4_5,CDAN+C-DANN-UDA,Frozen CDAN+C-DANN-UDA features + Logistic Regression,cdan+c-dann,uda,4,400,0.2,0.2,0.0,source-only; no refit,source labels only,16,C=1.0;class_weight=balanced;solver=lbfgs;max_iter=2000,0.8926829268292683,1.0,0.8975609756097561,0.8942544153811759,0.8986858402097507,0.004878048780487809
two-layer,S1_train_I_test_all,DANN-UDA,Frozen DANN-UDA features + Logistic Regression,dann,uda,0,400,0.2,0.0,0.0,source-only; no refit,source labels only,16,C=1.0;class_weight=balanced;solver=lbfgs;max_iter=2000,0.7032967032967034,1.0,0.6959706959706959,0.7021604938271605,0.7042406727928046,-0.007326007326007411
two-layer,S1_train_I_test_all,DANN-UDA,Frozen DANN-UDA features + Logistic Regression,dann,uda,1,400,0.2,0.0,0.0,source-only; no refit,source labels only,16,C=1.0;class_weight=balanced;solver=lbfgs;max_iter=2000,0.6703296703296703,1.0,0.673992673992674,0.6800411522633745,0.6800411522633745,0.003663003663003761
two-layer,S1_train_I_test_all,DANN-UDA,Frozen DANN-UDA features + Logistic Regression,dann,uda,2,400,0.2,0.0,0.0,source-only; no refit,source labels only,16,C=1.0;class_weight=balanced;solver=lbfgs;max_iter=2000,0.6813186813186813,1.0,0.6813186813186813,0.6876286008230452,0.6956936661572423,0.0
two-layer,S1_train_I_test_all,DANN-UDA,Frozen DANN-UDA features + Logistic Regression,dann,uda,3,400,0.2,0.0,0.0,source-only; no refit,source labels only,16,C=1.0;class_weight=balanced;solver=lbfgs;max_iter=2000,0.684981684981685,1.0,0.6923076923076923,0.6980452674897121,0.7026159795684412,0.0073260073260073
two-layer,S1_train_I_test_all,DANN-UDA,Frozen DANN-UDA features + Logistic Regression,dann,uda,4,400,0.2,0.0,0.0,source-only; no refit,source labels only,16,C=1.0;class_weight=balanced;solver=lbfgs;max_iter=2000,0.7252747252747253,1.0,0.7838827838827839,0.7842078189300411,0.7901269881808766,0.05860805860805862
two-layer,S2_train_I_internal_val_test_all,DANN-UDA,Frozen DANN-UDA features + Logistic Regression,dann,uda,0,210,0.2,0.0,0.0,source train+source validation refit,source train + source validation labels,16,C=1.0;class_weight=balanced;solver=lbfgs;max_iter=2000,0.6813186813186813,1.0,0.684981684981685,0.6891718106995884,0.6958932046651345,0.00366300366300365
two-layer,S2_train_I_internal_val_test_all,DANN-UDA,Frozen DANN-UDA features + Logistic Regression,dann,uda,1,390,0.2,0.0,0.0,source train+source validation refit,source train + source validation labels,16,C=1.0;class_weight=balanced;solver=lbfgs;max_iter=2000,0.7032967032967034,1.0,0.6923076923076923,0.6974022633744856,0.7053943153261515,-0.010989010989011061
two-layer,S2_train_I_internal_val_test_all,DANN-UDA,Frozen DANN-UDA features + Logistic Regression,dann,uda,2,10,0.2,0.0,0.0,source train+source validation refit,source train + source validation labels,16,C=1.0;class_weight=balanced;solver=lbfgs;max_iter=2000,0.7106227106227107,0.9,0.7142857142857143,0.7253086419753086,0.730696248722814,0.00366300366300365
two-layer,S2_train_I_internal_val_test_all,DANN-UDA,Frozen DANN-UDA features + Logistic Regression,dann,uda,3,10,0.2,0.0,0.0,source train+source validation refit,source train + source validation labels,16,C=1.0;class_weight=balanced;solver=lbfgs;max_iter=2000,0.6776556776556777,0.9333333333333333,0.706959706959707,0.7177211934156378,0.7241054900041074,0.02930402930402931
two-layer,S2_train_I_internal_val_test_all,DANN-UDA,Frozen DANN-UDA features + Logistic Regression,dann,uda,4,130,0.2,0.0,0.0,source train+source validation refit,source train + source validation labels,16,C=1.0;class_weight=balanced;solver=lbfgs;max_iter=2000,0.706959706959707,1.0,0.7326007326007326,0.7343106995884773,0.7432498597853073,0.02564102564102555
two-layer,S3_train_I_internal_20_10_test_all,DANN-UDA,Frozen DANN-UDA features + Logistic Regression,dann,uda,0,380,0.5,0.0,0.0,source train+source validation refit,source train + source validation labels,16,C=1.0;class_weight=balanced;solver=lbfgs;max_iter=2000,0.706959706959707,1.0,0.7106227106227107,0.7141203703703703,0.717939375052714,0.00366300366300365
two-layer,S3_train_I_internal_20_10_test_all,DANN-UDA,Frozen DANN-UDA features + Logistic Regression,dann,uda,1,20,0.5,0.0,0.0,source train+source validation refit,source train + source validation labels,16,C=1.0;class_weight=balanced;solver=lbfgs;max_iter=2000,0.7509157509157509,1.0,0.7985347985347986,0.800025720164609,0.8069586628825777,0.04761904761904767
two-layer,S3_train_I_internal_20_10_test_all,DANN-UDA,Frozen DANN-UDA features + Logistic Regression,dann,uda,2,150,0.5,0.0,0.0,source train+source validation refit,source train + source validation labels,16,C=1.0;class_weight=balanced;solver=lbfgs;max_iter=2000,0.6996336996336996,1.0,0.6996336996336996,0.706275720164609,0.7120052948090331,0.0
two-layer,S3_train_I_internal_20_10_test_all,DANN-UDA,Frozen DANN-UDA features + Logistic Regression,dann,uda,3,20,0.5,0.0,0.0,source train+source validation refit,source train + source validation labels,16,C=1.0;class_weight=balanced;solver=lbfgs;max_iter=2000,0.7142857142857143,1.0,0.706959706959707,0.7125771604938271,0.7219026802255676,-0.0073260073260073
two-layer,S3_train_I_internal_20_10_test_all,DANN-UDA,Frozen DANN-UDA features + Logistic Regression,dann,uda,4,20,0.5,0.0,0.0,source train+source validation refit,source train + source validation labels,16,C=1.0;class_weight=balanced;solver=lbfgs;max_iter=2000,0.73992673992674,1.0,0.7582417582417582,0.7631172839506172,0.7707245615757268,0.01831501831501825
two-layer,S4_train_I_val_D1_2,DANN-SEMI,Frozen DANN-SEMI features + Logistic Regression,dann,semi,0,50,0.05,0.0,0.0,Source+Target refit,source + labeled target,16,C=1.0;class_weight=balanced;solver=lbfgs;max_iter=2000,0.8571428571428571,1.0,0.8204081632653061,0.823245194860359,0.8180690816859958,-0.03673469387755102
two-layer,S4_train_I_val_D1_2,DANN-SEMI,Frozen DANN-SEMI features + Logistic Regression,dann,semi,1,390,0.05,0.0,0.0,Source+Target refit,source + labeled target,16,C=1.0;class_weight=balanced;solver=lbfgs;max_iter=2000,0.8653061224489796,1.0,0.8693877551020408,0.8725177869809918,0.8698738536011819,0.004081632653061162
two-layer,S4_train_I_val_D1_2,DANN-SEMI,Frozen DANN-SEMI features + Logistic Regression,dann,semi,2,360,0.05,0.0,0.0,Source+Target refit,source + labeled target,16,C=1.0;class_weight=balanced;solver=lbfgs;max_iter=2000,0.8408163265306122,1.0,0.8448979591836735,0.8492619730275036,0.8429677781790458,0.004081632653061273
two-layer,S4_train_I_val_D1_2,DANN-SEMI,Frozen DANN-SEMI features + Logistic Regression,dann,semi,3,210,0.05,0.0,0.0,Source+Target refit,source + labeled target,16,C=1.0;class_weight=balanced;solver=lbfgs;max_iter=2000,0.8571428571428571,1.0,0.8571428571428571,0.8581289157905915,0.8560269549566434,0.0
two-layer,S4_train_I_val_D1_2,DANN-SEMI,Frozen DANN-SEMI features + Logistic Regression,dann,semi,4,140,0.05,0.0,0.0,Source+Target refit,source + labeled target,16,C=1.0;class_weight=balanced;solver=lbfgs;max_iter=2000,0.8530612244897959,1.0,0.8489795918367347,0.8524477009663375,0.847631181802036,-0.004081632653061273
two-layer,S4_train_I_val_D1_2,DANN-UDA,Frozen DANN-UDA features + Logistic Regression,dann,uda,0,400,0.2,0.0,0.0,source-only; no refit,source labels only,16,C=1.0;class_weight=balanced;solver=lbfgs;max_iter=2000,0.710204081632653,1.0,0.7020408163265306,0.708081129871509,0.7110731990407002,-0.008163265306122436
two-layer,S4_train_I_val_D1_2,DANN-UDA,Frozen DANN-UDA features + Logistic Regression,dann,uda,1,400,0.2,0.0,0.0,source-only; no refit,source labels only,16,C=1.0;class_weight=balanced;solver=lbfgs;max_iter=2000,0.6775510204081633,1.0,0.6816326530612244,0.6873208028034407,0.6882280383054117,0.004081632653061162
two-layer,S4_train_I_val_D1_2,DANN-UDA,Frozen DANN-UDA features + Logistic Regression,dann,uda,2,400,0.2,0.0,0.0,source-only; no refit,source labels only,16,C=1.0;class_weight=balanced;solver=lbfgs;max_iter=2000,0.6857142857142857,1.0,0.6857142857142857,0.6918870128491026,0.7002499924701064,0.0
two-layer,S4_train_I_val_D1_2,DANN-UDA,Frozen DANN-UDA features + Logistic Regression,dann,uda,3,400,0.2,0.0,0.0,source-only; no refit,source labels only,16,C=1.0;class_weight=balanced;solver=lbfgs;max_iter=2000,0.6938775510204082,1.0,0.6979591836734694,0.7035149198258469,0.708624499119949,0.004081632653061273
two-layer,S4_train_I_val_D1_2,DANN-UDA,Frozen DANN-UDA features + Logistic Regression,dann,uda,4,400,0.2,0.0,0.0,source-only; no refit,source labels only,16,C=1.0;class_weight=balanced;solver=lbfgs;max_iter=2000,0.7346938775510204,1.0,0.7836734693877551,0.784220027609642,0.7905816420744013,0.048979591836734615
two-layer,S5_train_I_D1_val_D2_3,DANN-SEMI,Frozen DANN-SEMI features + Logistic Regression,dann,semi,0,220,0.05,0.0,0.0,Source+Target refit,source + labeled target,16,C=1.0;class_weight=balanced;solver=lbfgs;max_iter=2000,0.8701298701298701,1.0,0.8701298701298701,0.8729647521918054,0.870940905355341,0.0
two-layer,S5_train_I_D1_val_D2_3,DANN-SEMI,Frozen DANN-SEMI features + Logistic Regression,dann,semi,1,220,0.05,0.0,0.0,Source+Target refit,source + labeled target,16,C=1.0;class_weight=balanced;solver=lbfgs;max_iter=2000,0.8874458874458875,1.0,0.8831168831168831,0.8845947396672035,0.88373554719767,-0.0043290043290044045
two-layer,S5_train_I_D1_val_D2_3,DANN-SEMI,Frozen DANN-SEMI features + Logistic Regression,dann,semi,2,30,0.05,0.0,0.0,Source+Target refit,source + labeled target,16,C=1.0;class_weight=balanced;solver=lbfgs;max_iter=2000,0.8701298701298701,1.0,0.8658008658008658,0.8688495258543568,0.8662076929530217,-0.0043290043290042934
two-layer,S5_train_I_D1_val_D2_3,DANN-SEMI,Frozen DANN-SEMI features + Logistic Regression,dann,semi,3,70,0.05,0.0,0.0,Source+Target refit,source + labeled target,16,C=1.0;class_weight=balanced;solver=lbfgs;max_iter=2000,0.8744588744588745,1.0,0.8658008658008658,0.8674181427804616,0.8653946408090919,-0.008658008658008698
two-layer,S5_train_I_D1_val_D2_3,DANN-SEMI,Frozen DANN-SEMI features + Logistic Regression,dann,semi,4,100,0.05,0.0,0.0,Source+Target refit,source + labeled target,16,C=1.0;class_weight=balanced;solver=lbfgs;max_iter=2000,0.8658008658008658,1.0,0.8658008658008658,0.8681338343174092,0.8665676154728391,0.0
two-layer,S5_train_I_D1_val_D2_3,DANN-UDA,Frozen DANN-UDA features + Logistic Regression,dann,uda,0,400,0.2,0.0,0.0,source-only; no refit,source labels only,16,C=1.0;class_weight=balanced;solver=lbfgs;max_iter=2000,0.696969696969697,1.0,0.6883116883116883,0.6951154052603328,0.6976096037248908,-0.008658008658008698
two-layer,S5_train_I_D1_val_D2_3,DANN-UDA,Frozen DANN-UDA features + Logistic Regression,dann,uda,1,400,0.2,0.0,0.0,source-only; no refit,source labels only,16,C=1.0;class_weight=balanced;solver=lbfgs;max_iter=2000,0.6753246753246753,1.0,0.6796536796536796,0.6854535695115406,0.6878724033414652,0.0043290043290042934
two-layer,S5_train_I_D1_val_D2_3,DANN-UDA,Frozen DANN-UDA features + Logistic Regression,dann,uda,2,400,0.2,0.0,0.0,source-only; no refit,source labels only,16,C=1.0;class_weight=balanced;solver=lbfgs;max_iter=2000,0.6796536796536796,1.0,0.6753246753246753,0.6820540347110396,0.6902587173577173,-0.0043290043290042934
two-layer,S5_train_I_D1_val_D2_3,DANN-UDA,Frozen DANN-UDA features + Logistic Regression,dann,uda,3,400,0.2,0.0,0.0,source-only; no refit,source labels only,16,C=1.0;class_weight=balanced;solver=lbfgs;max_iter=2000,0.6796536796536796,1.0,0.683982683982684,0.6902844873859366,0.6950713109671348,0.0043290043290044045
two-layer,S5_train_I_D1_val_D2_3,DANN-UDA,Frozen DANN-UDA features + Logistic Regression,dann,uda,4,400,0.2,0.0,0.0,source-only; no refit,source labels only,16,C=1.0;class_weight=balanced;solver=lbfgs;max_iter=2000,0.7229437229437229,1.0,0.7792207792207793,0.7801037752728573,0.7862665420023015,0.05627705627705637
two-layer,S6_train_I_D1_2_val_D3_5,DANN-SEMI,Frozen DANN-SEMI features + Logistic Regression,dann,semi,0,240,0.5,0.0,0.0,Source+Target refit,source + labeled target,16,C=1.0;class_weight=balanced;solver=lbfgs;max_iter=2000,0.9317073170731708,1.0,0.9365853658536586,0.9336016096579477,0.9361155507065603,0.004878048780487809
two-layer,S6_train_I_D1_2_val_D3_5,DANN-SEMI,Frozen DANN-SEMI features + Logistic Regression,dann,semi,1,280,0.5,0.0,0.0,Source+Target refit,source + labeled target,16,C=1.0;class_weight=balanced;solver=lbfgs;max_iter=2000,0.9365853658536586,1.0,0.9365853658536586,0.9347939488784559,0.936781005995261,0.0
two-layer,S6_train_I_D1_2_val_D3_5,DANN-SEMI,Frozen DANN-SEMI features + Logistic Regression,dann,semi,2,300,0.5,0.0,0.0,Source+Target refit,source + labeled target,16,C=1.0;class_weight=balanced;solver=lbfgs;max_iter=2000,0.9317073170731708,1.0,0.9317073170731708,0.9289067739771966,0.9307498474841517,0.0
two-layer,S6_train_I_D1_2_val_D3_5,DANN-SEMI,Frozen DANN-SEMI features + Logistic Regression,dann,semi,3,390,0.5,0.0,0.0,Source+Target refit,source + labeled target,16,C=1.0;class_weight=balanced;solver=lbfgs;max_iter=2000,0.9414634146341464,1.0,0.9365853658536586,0.9341977792682018,0.936650439870706,-0.004878048780487809
two-layer,S6_train_I_D1_2_val_D3_5,DANN-SEMI,Frozen DANN-SEMI features + Logistic Regression,dann,semi,4,30,0.5,0.0,0.0,Source+Target refit,source + labeled target,16,C=1.0;class_weight=balanced;solver=lbfgs;max_iter=2000,0.9170731707317074,1.0,0.9170731707317074,0.914226097324689,0.9165290047642989,0.0
two-layer,S6_train_I_D1_2_val_D3_5,DANN-UDA,Frozen DANN-UDA features + Logistic Regression,dann,uda,0,400,0.2,0.0,0.0,source-only; no refit,source labels only,16,C=1.0;class_weight=balanced;solver=lbfgs;max_iter=2000,0.6780487804878049,1.0,0.6780487804878049,0.6829868097473731,0.6851311690883883,0.0
two-layer,S6_train_I_D1_2_val_D3_5,DANN-UDA,Frozen DANN-UDA features + Logistic Regression,dann,uda,1,400,0.2,0.0,0.0,source-only; no refit,source labels only,16,C=1.0;class_weight=balanced;solver=lbfgs;max_iter=2000,0.6634146341463415,1.0,0.6682926829268293,0.6730009687756167,0.6752697392941295,0.004878048780487809
two-layer,S6_train_I_D1_2_val_D3_5,DANN-UDA,Frozen DANN-UDA features + Logistic Regression,dann,uda,2,400,0.2,0.0,0.0,source-only; no refit,source labels only,16,C=1.0;class_weight=balanced;solver=lbfgs;max_iter=2000,0.6682926829268293,1.0,0.6634146341463415,0.6683061330948655,0.6779149905434445,-0.004878048780487809
two-layer,S6_train_I_D1_2_val_D3_5,DANN-UDA,Frozen DANN-UDA features + Logistic Regression,dann,uda,3,400,0.2,0.0,0.0,source-only; no refit,source labels only,16,C=1.0;class_weight=balanced;solver=lbfgs;max_iter=2000,0.6682926829268293,1.0,0.6731707317073171,0.6776958044563678,0.6809399273976345,0.004878048780487809
two-layer,S6_train_I_D1_2_val_D3_5,DANN-UDA,Frozen DANN-UDA features + Logistic Regression,dann,uda,4,400,0.2,0.0,0.0,source-only; no refit,source labels only,16,C=1.0;class_weight=balanced;solver=lbfgs;max_iter=2000,0.7073170731707317,1.0,0.7707317073170732,0.7709963484611372,0.776847290640394,0.06341463414634152
two-layer,S7_train_I_D1_3_val_D4_5,DANN-SEMI,Frozen DANN-SEMI features + Logistic Regression,dann,semi,0,380,0.2,0.0,0.0,Source+Target refit,source + labeled target,16,C=1.0;class_weight=balanced;solver=lbfgs;max_iter=2000,0.9414634146341464,1.0,0.9317073170731708,0.9306952828079589,0.9322184438917932,-0.009756097560975618
two-layer,S7_train_I_D1_3_val_D4_5,DANN-SEMI,Frozen DANN-SEMI features + Logistic Regression,dann,semi,1,210,0.2,0.0,0.0,Source+Target refit,source + labeled target,16,C=1.0;class_weight=balanced;solver=lbfgs;max_iter=2000,0.9414634146341464,1.0,0.9463414634146341,0.9441836202399583,0.946186117467582,0.004878048780487698
two-layer,S7_train_I_D1_3_val_D4_5,DANN-SEMI,Frozen DANN-SEMI features + Logistic Regression,dann,semi,2,200,0.2,0.0,0.0,Source+Target refit,source + labeled target,16,C=1.0;class_weight=balanced;solver=lbfgs;max_iter=2000,0.946341463414634,1.0,0.9414634146341463,0.9400849541694613,0.9412212775714076,-0.004878048780487698
two-layer,S7_train_I_D1_3_val_D4_5,DANN-SEMI,Frozen DANN-SEMI features + Logistic Regression,dann,semi,3,110,0.2,0.0,0.0,Source+Target refit,source + labeled target,16,C=1.0;class_weight=balanced;solver=lbfgs;max_iter=2000,0.9365853658536586,1.0,0.9463414634146341,0.9453759594604665,0.9464028284869951,0.009756097560975507
two-layer,S7_train_I_D1_3_val_D4_5,DANN-SEMI,Frozen DANN-SEMI features + Logistic Regression,dann,semi,4,190,0.2,0.0,0.0,Source+Target refit,source + labeled target,16,C=1.0;class_weight=balanced;solver=lbfgs;max_iter=2000,0.9365853658536586,1.0,0.9317073170731708,0.9300991131977048,0.9321782891301608,-0.004878048780487809
two-layer,S7_train_I_D1_3_val_D4_5,DANN-UDA,Frozen DANN-UDA features + Logistic Regression,dann,uda,0,400,0.2,0.0,0.0,source-only; no refit,source labels only,16,C=1.0;class_weight=balanced;solver=lbfgs;max_iter=2000,0.6780487804878049,1.0,0.6780487804878049,0.6829868097473731,0.6851311690883883,0.0
two-layer,S7_train_I_D1_3_val_D4_5,DANN-UDA,Frozen DANN-UDA features + Logistic Regression,dann,uda,1,400,0.2,0.0,0.0,source-only; no refit,source labels only,16,C=1.0;class_weight=balanced;solver=lbfgs;max_iter=2000,0.6634146341463415,1.0,0.6682926829268293,0.6730009687756167,0.6752697392941295,0.004878048780487809
two-layer,S7_train_I_D1_3_val_D4_5,DANN-UDA,Frozen DANN-UDA features + Logistic Regression,dann,uda,2,400,0.2,0.0,0.0,source-only; no refit,source labels only,16,C=1.0;class_weight=balanced;solver=lbfgs;max_iter=2000,0.6682926829268293,1.0,0.6634146341463415,0.6683061330948655,0.6779149905434445,-0.004878048780487809
two-layer,S7_train_I_D1_3_val_D4_5,DANN-UDA,Frozen DANN-UDA features + Logistic Regression,dann,uda,3,400,0.2,0.0,0.0,source-only; no refit,source labels only,16,C=1.0;class_weight=balanced;solver=lbfgs;max_iter=2000,0.6682926829268293,1.0,0.6731707317073171,0.6776958044563678,0.6809399273976345,0.004878048780487809
two-layer,S7_train_I_D1_3_val_D4_5,DANN-UDA,Frozen DANN-UDA features + Logistic Regression,dann,uda,4,400,0.2,0.0,0.0,source-only; no refit,source labels only,16,C=1.0;class_weight=balanced;solver=lbfgs;max_iter=2000,0.7073170731707317,1.0,0.7707317073170732,0.7709963484611372,0.776847290640394,0.06341463414634152
two-layer,S1_train_I_test_all,DEEP-CORAL-UDA,Frozen DEEP-CORAL-UDA features + Logistic Regression,deep-coral,uda,0,400,0.1,0.0,0.0,source-only; no refit,source labels only,16,C=1.0;class_weight=balanced;solver=lbfgs;max_iter=2000,0.8571428571428571,1.0,0.8681318681318682,0.8640689300411523,0.8701303854875283,0.010989010989011061
two-layer,S1_train_I_test_all,DEEP-CORAL-UDA,Frozen DEEP-CORAL-UDA features + Logistic Regression,deep-coral,uda,1,400,0.1,0.0,0.0,source-only; no refit,source labels only,16,C=1.0;class_weight=balanced;solver=lbfgs;max_iter=2000,0.8644688644688645,1.0,0.8754578754578755,0.8722993827160495,0.878032504418663,0.01098901098901095
two-layer,S1_train_I_test_all,DEEP-CORAL-UDA,Frozen DEEP-CORAL-UDA features + Logistic Regression,deep-coral,uda,2,400,0.1,0.0,0.0,source-only; no refit,source labels only,16,C=1.0;class_weight=balanced;solver=lbfgs;max_iter=2000,0.8571428571428571,1.0,0.8717948717948718,0.8694701646090536,0.8740535272937219,0.014652014652014711
two-layer,S1_train_I_test_all,DEEP-CORAL-UDA,Frozen DEEP-CORAL-UDA features + Logistic Regression,deep-coral,uda,3,400,0.1,0.0,0.0,source-only; no refit,source labels only,16,C=1.0;class_weight=balanced;solver=lbfgs;max_iter=2000,0.8717948717948718,1.0,0.8864468864468864,0.8833590534979424,0.8881191248261335,0.0146520146520146
two-layer,S1_train_I_test_all,DEEP-CORAL-UDA,Frozen DEEP-CORAL-UDA features + Logistic Regression,deep-coral,uda,4,400,0.1,0.0,0.0,source-only; no refit,source labels only,16,C=1.0;class_weight=balanced;solver=lbfgs;max_iter=2000,0.8388278388278388,1.0,0.8534798534798534,0.8495370370370371,0.8551440229467135,0.0146520146520146
two-layer,S2_train_I_internal_val_test_all,DEEP-CORAL-UDA,Frozen DEEP-CORAL-UDA features + Logistic Regression,deep-coral,uda,0,130,0.1,0.0,0.0,source train+source validation refit,source train + source validation labels,16,C=1.0;class_weight=balanced;solver=lbfgs;max_iter=2000,0.8021978021978022,1.0,0.8241758241758241,0.8236882716049383,0.8285707580939145,0.0219780219780219
two-layer,S2_train_I_internal_val_test_all,DEEP-CORAL-UDA,Frozen DEEP-CORAL-UDA features + Logistic Regression,deep-coral,uda,1,80,0.1,0.0,0.0,source train+source validation refit,source train + source validation labels,16,C=1.0;class_weight=balanced;solver=lbfgs;max_iter=2000,0.8498168498168498,1.0,0.8608058608058609,0.8584104938271605,0.8622312076117327,0.010989010989011061
two-layer,S2_train_I_internal_val_test_all,DEEP-CORAL-UDA,Frozen DEEP-CORAL-UDA features + Logistic Regression,deep-coral,uda,2,10,0.1,0.0,0.0,source train+source validation refit,source train + source validation labels,16,C=1.0;class_weight=balanced;solver=lbfgs;max_iter=2000,0.6886446886446886,0.9,0.7326007326007326,0.7433127572016461,0.7474966959583748,0.04395604395604391
two-layer,S2_train_I_internal_val_test_all,DEEP-CORAL-UDA,Frozen DEEP-CORAL-UDA features + Logistic Regression,deep-coral,uda,3,90,0.1,0.0,0.0,source train+source validation refit,source train + source validation labels,16,C=1.0;class_weight=balanced;solver=lbfgs;max_iter=2000,0.8534798534798534,1.0,0.8498168498168498,0.8473508230452674,0.8534577935227134,-0.00366300366300365
two-layer,S2_train_I_internal_val_test_all,DEEP-CORAL-UDA,Frozen DEEP-CORAL-UDA features + Logistic Regression,deep-coral,uda,4,60,0.1,0.0,0.0,source train+source validation refit,source train + source validation labels,16,C=1.0;class_weight=balanced;solver=lbfgs;max_iter=2000,0.8791208791208791,1.0,0.8571428571428571,0.8536522633744856,0.8599106597407041,-0.02197802197802201
two-layer,S3_train_I_internal_20_10_test_all,DEEP-CORAL-UDA,Frozen DEEP-CORAL-UDA features + Logistic Regression,deep-coral,uda,0,20,1.0,0.0,0.0,source train+source validation refit,source train + source validation labels,16,C=1.0;class_weight=balanced;solver=lbfgs;max_iter=2000,0.7545787545787546,1.0,0.7948717948717948,0.7971965020576132,0.8027473322481461,0.04029304029304026
two-layer,S3_train_I_internal_20_10_test_all,DEEP-CORAL-UDA,Frozen DEEP-CORAL-UDA features + Logistic Regression,deep-coral,uda,1,20,1.0,0.0,0.0,source train+source validation refit,source train + source validation labels,16,C=1.0;class_weight=balanced;solver=lbfgs;max_iter=2000,0.8021978021978022,1.0,0.8315018315018315,0.831275720164609,0.8372555043522786,0.02930402930402931
two-layer,S3_train_I_internal_20_10_test_all,DEEP-CORAL-UDA,Frozen DEEP-CORAL-UDA features + Logistic Regression,deep-coral,uda,2,10,1.0,0.0,0.0,source train+source validation refit,source train + source validation labels,16,C=1.0;class_weight=balanced;solver=lbfgs;max_iter=2000,0.6923076923076923,0.9,0.7472527472527473,0.7559156378600823,0.7602982876393461,0.05494505494505497
two-layer,S3_train_I_internal_20_10_test_all,DEEP-CORAL-UDA,Frozen DEEP-CORAL-UDA features + Logistic Regression,deep-coral,uda,3,110,1.0,0.0,0.0,source train+source validation refit,source train + source validation labels,16,C=1.0;class_weight=balanced;solver=lbfgs;max_iter=2000,0.8205128205128205,1.0,0.8315018315018315,0.8287037037037037,0.835358398569101,0.010989010989011061
two-layer,S3_train_I_internal_20_10_test_all,DEEP-CORAL-UDA,Frozen DEEP-CORAL-UDA features + Logistic Regression,deep-coral,uda,4,20,1.0,0.0,0.0,source train+source validation refit,source train + source validation labels,16,C=1.0;class_weight=balanced;solver=lbfgs;max_iter=2000,0.7289377289377289,1.0,0.7582417582417582,0.762474279835391,0.7664554506659771,0.02930402930402931
two-layer,S4_train_I_val_D1_2,DEEP-CORAL-SEMI,Frozen DEEP-CORAL-SEMI features + Logistic Regression,deep-coral,semi,0,310,0.001,0.0,0.0,Source+Target refit,source + labeled target,16,C=1.0;class_weight=balanced;solver=lbfgs;max_iter=2000,0.8979591836734694,1.0,0.889795918367347,0.8905171498354041,0.891998664904139,-0.008163265306122436
two-layer,S4_train_I_val_D1_2,DEEP-CORAL-SEMI,Frozen DEEP-CORAL-SEMI features + Logistic Regression,deep-coral,semi,1,160,0.001,0.0,0.0,Source+Target refit,source + labeled target,16,C=1.0;class_weight=balanced;solver=lbfgs;max_iter=2000,0.8734693877551021,1.0,0.8857142857142857,0.888021662949984,0.8860896179663919,0.012244897959183598
two-layer,S4_train_I_val_D1_2,DEEP-CORAL-SEMI,Frozen DEEP-CORAL-SEMI features + Logistic Regression,deep-coral,semi,2,130,0.001,0.0,0.0,Source+Target refit,source + labeled target,16,C=1.0;class_weight=balanced;solver=lbfgs;max_iter=2000,0.9102040816326532,1.0,0.8979591836734694,0.8982690878199002,0.8996690648718809,-0.01224489795918382
two-layer,S4_train_I_val_D1_2,DEEP-CORAL-SEMI,Frozen DEEP-CORAL-SEMI features + Logistic Regression,deep-coral,semi,3,240,0.001,0.0,0.0,Source+Target refit,source + labeled target,16,C=1.0;class_weight=balanced;solver=lbfgs;max_iter=2000,0.8857142857142857,1.0,0.9020408163265307,0.9014548157587342,0.9049383304401274,0.016326530612244983
two-layer,S4_train_I_val_D1_2,DEEP-CORAL-SEMI,Frozen DEEP-CORAL-SEMI features + Logistic Regression,deep-coral,semi,4,120,0.001,0.0,0.0,Source+Target refit,source + labeled target,16,C=1.0;class_weight=balanced;solver=lbfgs;max_iter=2000,0.8775510204081632,1.0,0.889795918367347,0.891897631942232,0.8927023269128532,0.01224489795918371
two-layer,S4_train_I_val_D1_2,DEEP-CORAL-UDA,Frozen DEEP-CORAL-UDA features + Logistic Regression,deep-coral,uda,0,400,0.1,0.0,0.0,source-only; no refit,source labels only,16,C=1.0;class_weight=balanced;solver=lbfgs;max_iter=2000,0.8489795918367347,1.0,0.8653061224489796,0.8624296485080175,0.8679291713475633,0.016326530612244983
two-layer,S4_train_I_val_D1_2,DEEP-CORAL-UDA,Frozen DEEP-CORAL-UDA features + Logistic Regression,deep-coral,uda,1,400,0.1,0.0,0.0,source-only; no refit,source labels only,16,C=1.0;class_weight=balanced;solver=lbfgs;max_iter=2000,0.8612244897959184,1.0,0.8734693877551021,0.8708718275459275,0.8766943953038796,0.01224489795918371
two-layer,S4_train_I_val_D1_2,DEEP-CORAL-UDA,Frozen DEEP-CORAL-UDA features + Logistic Regression,deep-coral,uda,2,400,0.1,0.0,0.0,source-only; no refit,source labels only,16,C=1.0;class_weight=balanced;solver=lbfgs;max_iter=2000,0.8489795918367347,1.0,0.8653061224489796,0.8631198895614315,0.8679911422682819,0.016326530612244983
two-layer,S4_train_I_val_D1_2,DEEP-CORAL-UDA,Frozen DEEP-CORAL-UDA features + Logistic Regression,deep-coral,uda,3,400,0.1,0.0,0.0,source-only; no refit,source labels only,16,C=1.0;class_weight=balanced;solver=lbfgs;max_iter=2000,0.8612244897959184,1.0,0.8734693877551021,0.8701815864925134,0.8754223989843294,0.01224489795918371
two-layer,S4_train_I_val_D1_2,DEEP-CORAL-UDA,Frozen DEEP-CORAL-UDA features + Logistic Regression,deep-coral,uda,4,400,0.1,0.0,0.0,source-only; no refit,source labels only,16,C=1.0;class_weight=balanced;solver=lbfgs;max_iter=2000,0.8367346938775511,1.0,0.8489795918367347,0.8455452904321971,0.8511140514973157,0.012244897959183598
two-layer,S5_train_I_D1_val_D2_3,DEEP-CORAL-SEMI,Frozen DEEP-CORAL-SEMI features + Logistic Regression,deep-coral,semi,0,360,1.0,0.0,0.0,Source+Target refit,source + labeled target,16,C=1.0;class_weight=balanced;solver=lbfgs;max_iter=2000,0.9264069264069263,1.0,0.9090909090909091,0.907139023081052,0.9117543634236561,-0.017316017316017285
two-layer,S5_train_I_D1_val_D2_3,DEEP-CORAL-SEMI,Frozen DEEP-CORAL-SEMI features + Logistic Regression,deep-coral,semi,1,80,1.0,0.0,0.0,Source+Target refit,source + labeled target,16,C=1.0;class_weight=balanced;solver=lbfgs;max_iter=2000,0.9090909090909092,1.0,0.9090909090909091,0.9057076400071568,0.9100679413179412,-1.1102230246251565e-16
two-layer,S5_train_I_D1_val_D2_3,DEEP-CORAL-SEMI,Frozen DEEP-CORAL-SEMI features + Logistic Regression,deep-coral,semi,2,50,1.0,0.0,0.0,Source+Target refit,source + labeled target,16,C=1.0;class_weight=balanced;solver=lbfgs;max_iter=2000,0.9004329004329005,1.0,0.9047619047619048,0.9037394882805511,0.9072331834011313,0.0043290043290042934
two-layer,S5_train_I_D1_val_D2_3,DEEP-CORAL-SEMI,Frozen DEEP-CORAL-SEMI features + Logistic Regression,deep-coral,semi,3,160,1.0,0.0,0.0,Source+Target refit,source + labeled target,16,C=1.0;class_weight=balanced;solver=lbfgs;max_iter=2000,0.9134199134199136,1.0,0.9090909090909091,0.9078547146179995,0.912115574594079,-0.0043290043290045155
two-layer,S5_train_I_D1_val_D2_3,DEEP-CORAL-SEMI,Frozen DEEP-CORAL-SEMI features + Logistic Regression,deep-coral,semi,4,30,1.0,0.0,0.0,Source+Target refit,source + labeled target,16,C=1.0;class_weight=balanced;solver=lbfgs;max_iter=2000,0.9177489177489178,1.0,0.9264069264069265,0.925747003041689,0.9278031398463719,0.008658008658008698
two-layer,S5_train_I_D1_val_D2_3,DEEP-CORAL-UDA,Frozen DEEP-CORAL-UDA features + Logistic Regression,deep-coral,uda,0,400,0.1,0.0,0.0,source-only; no refit,source labels only,16,C=1.0;class_weight=balanced;solver=lbfgs;max_iter=2000,0.8441558441558441,1.0,0.8614718614718615,0.8590087672213276,0.8643201813929339,0.017316017316017396
two-layer,S5_train_I_D1_val_D2_3,DEEP-CORAL-UDA,Frozen DEEP-CORAL-UDA features + Logistic Regression,deep-coral,uda,1,400,0.1,0.0,0.0,source-only; no refit,source labels only,16,C=1.0;class_weight=balanced;solver=lbfgs;max_iter=2000,0.8571428571428571,1.0,0.8701298701298701,0.8679549114331723,0.8736453199167419,0.012987012987012991
two-layer,S5_train_I_D1_val_D2_3,DEEP-CORAL-UDA,Frozen DEEP-CORAL-UDA features + Logistic Regression,deep-coral,uda,2,400,0.1,0.0,0.0,source-only; no refit,source labels only,16,C=1.0;class_weight=balanced;solver=lbfgs;max_iter=2000,0.8441558441558441,1.0,0.8614718614718615,0.8597244587582752,0.864392968990547,0.017316017316017396
two-layer,S5_train_I_D1_val_D2_3,DEEP-CORAL-UDA,Frozen DEEP-CORAL-UDA features + Logistic Regression,deep-coral,uda,3,400,0.1,0.0,0.0,source-only; no refit,source labels only,16,C=1.0;class_weight=balanced;solver=lbfgs;max_iter=2000,0.8571428571428571,1.0,0.8701298701298701,0.8672392198962248,0.8723974354334793,0.012987012987012991
two-layer,S5_train_I_D1_val_D2_3,DEEP-CORAL-UDA,Frozen DEEP-CORAL-UDA features + Logistic Regression,deep-coral,uda,4,400,0.1,0.0,0.0,source-only; no refit,source labels only,16,C=1.0;class_weight=balanced;solver=lbfgs;max_iter=2000,0.8354978354978355,1.0,0.8484848484848485,0.8452317051350868,0.8505785010471384,0.012987012987012991
two-layer,S6_train_I_D1_2_val_D3_5,DEEP-CORAL-SEMI,Frozen DEEP-CORAL-SEMI features + Logistic Regression,deep-coral,semi,0,400,0.001,0.0,0.0,Source+Target refit,source + labeled target,16,C=1.0;class_weight=balanced;solver=lbfgs;max_iter=2000,0.9414634146341464,1.0,0.9414634146341463,0.938892614948953,0.9404636748316347,-1.1102230246251565e-16
two-layer,S6_train_I_D1_2_val_D3_5,DEEP-CORAL-SEMI,Frozen DEEP-CORAL-SEMI features + Logistic Regression,deep-coral,semi,1,270,0.001,0.0,0.0,Source+Target refit,source + labeled target,16,C=1.0;class_weight=balanced;solver=lbfgs;max_iter=2000,0.946341463414634,1.0,0.9512195121951219,0.9494746255309635,0.9511868680258596,0.00487804878048792
two-layer,S6_train_I_D1_2_val_D3_5,DEEP-CORAL-SEMI,Frozen DEEP-CORAL-SEMI features + Logistic Regression,deep-coral,semi,2,300,0.001,0.0,0.0,Source+Target refit,source + labeled target,16,C=1.0;class_weight=balanced;solver=lbfgs;max_iter=2000,0.946341463414634,1.0,0.9512195121951219,0.9494746255309635,0.9511868680258596,0.00487804878048792
two-layer,S6_train_I_D1_2_val_D3_5,DEEP-CORAL-SEMI,Frozen DEEP-CORAL-SEMI features + Logistic Regression,deep-coral,semi,3,310,0.001,0.0,0.0,Source+Target refit,source + labeled target,16,C=1.0;class_weight=balanced;solver=lbfgs;max_iter=2000,0.9560975609756096,1.0,0.9365853658536586,0.9336016096579477,0.9361155507065603,-0.019512195121951015
two-layer,S6_train_I_D1_2_val_D3_5,DEEP-CORAL-SEMI,Frozen DEEP-CORAL-SEMI features + Logistic Regression,deep-coral,semi,4,290,0.001,0.0,0.0,Source+Target refit,source + labeled target,16,C=1.0;class_weight=balanced;solver=lbfgs;max_iter=2000,0.9560975609756096,1.0,0.9560975609756097,0.9547656308219689,0.9561669438504792,1.1102230246251565e-16
two-layer,S6_train_I_D1_2_val_D3_5,DEEP-CORAL-UDA,Frozen DEEP-CORAL-UDA features + Logistic Regression,deep-coral,uda,0,400,0.1,0.0,0.0,source-only; no refit,source labels only,16,C=1.0;class_weight=balanced;solver=lbfgs;max_iter=2000,0.8439024390243902,1.0,0.8634146341463415,0.8607943960056635,0.8655643588029758,0.019512195121951237
two-layer,S6_train_I_D1_2_val_D3_5,DEEP-CORAL-UDA,Frozen DEEP-CORAL-UDA features + Logistic Regression,deep-coral,uda,1,400,0.1,0.0,0.0,source-only; no refit,source labels only,16,C=1.0;class_weight=balanced;solver=lbfgs;max_iter=2000,0.8585365853658536,1.0,0.8682926829268293,0.8660854012966689,0.8713503153158642,0.009756097560975618
two-layer,S6_train_I_D1_2_val_D3_5,DEEP-CORAL-UDA,Frozen DEEP-CORAL-UDA features + Logistic Regression,deep-coral,uda,2,400,0.1,0.0,0.0,source-only; no refit,source labels only,16,C=1.0;class_weight=balanced;solver=lbfgs;max_iter=2000,0.848780487804878,1.0,0.8585365853658536,0.8566957299351666,0.8610528360528361,0.009756097560975618
two-layer,S6_train_I_D1_2_val_D3_5,DEEP-CORAL-UDA,Frozen DEEP-CORAL-UDA features + Logistic Regression,deep-coral,uda,3,400,0.1,0.0,0.0,source-only; no refit,source labels only,16,C=1.0;class_weight=balanced;solver=lbfgs;max_iter=2000,0.8731707317073171,1.0,0.8731707317073171,0.8701840673671658,0.8746942318314527,0.0
two-layer,S6_train_I_D1_2_val_D3_5,DEEP-CORAL-UDA,Frozen DEEP-CORAL-UDA features + Logistic Regression,deep-coral,uda,4,400,0.1,0.0,0.0,source-only; no refit,source labels only,16,C=1.0;class_weight=balanced;solver=lbfgs;max_iter=2000,0.8439024390243902,1.0,0.8536585365853658,0.8508085550339071,0.8559941520467836,0.009756097560975618
two-layer,S7_train_I_D1_3_val_D4_5,DEEP-CORAL-SEMI,Frozen DEEP-CORAL-SEMI features + Logistic Regression,deep-coral,semi,0,270,0.001,0.0,0.0,Source+Target refit,source + labeled target,16,C=1.0;class_weight=balanced;solver=lbfgs;max_iter=2000,0.9560975609756096,1.0,0.9560975609756097,0.9547656308219689,0.9559561944459176,1.1102230246251565e-16
two-layer,S7_train_I_D1_3_val_D4_5,DEEP-CORAL-SEMI,Frozen DEEP-CORAL-SEMI features + Logistic Regression,deep-coral,semi,1,20,0.001,0.0,0.0,Source+Target refit,source + labeled target,16,C=1.0;class_weight=balanced;solver=lbfgs;max_iter=2000,0.9219512195121952,1.0,0.9609756097560975,0.95946046650272,0.9612538729347101,0.03902439024390236
two-layer,S7_train_I_D1_3_val_D4_5,DEEP-CORAL-SEMI,Frozen DEEP-CORAL-SEMI features + Logistic Regression,deep-coral,semi,2,200,0.001,0.0,0.0,Source+Target refit,source + labeled target,16,C=1.0;class_weight=balanced;solver=lbfgs;max_iter=2000,0.9560975609756096,1.0,0.9560975609756097,0.9547656308219689,0.9561669438504792,1.1102230246251565e-16
two-layer,S7_train_I_D1_3_val_D4_5,DEEP-CORAL-SEMI,Frozen DEEP-CORAL-SEMI features + Logistic Regression,deep-coral,semi,3,320,0.001,0.0,0.0,Source+Target refit,source + labeled target,16,C=1.0;class_weight=balanced;solver=lbfgs;max_iter=2000,0.9560975609756096,1.0,0.9414634146341463,0.938892614948953,0.9411629386053938,-0.014634146341463317
two-layer,S7_train_I_D1_3_val_D4_5,DEEP-CORAL-SEMI,Frozen DEEP-CORAL-SEMI features + Logistic Regression,deep-coral,semi,4,390,0.001,0.0,0.0,Source+Target refit,source + labeled target,16,C=1.0;class_weight=balanced;solver=lbfgs;max_iter=2000,0.9560975609756096,1.0,0.9560975609756097,0.9547656308219689,0.9561669438504792,1.1102230246251565e-16
two-layer,S7_train_I_D1_3_val_D4_5,DEEP-CORAL-UDA,Frozen DEEP-CORAL-UDA features + Logistic Regression,deep-coral,uda,0,400,0.1,0.0,0.0,source-only; no refit,source labels only,16,C=1.0;class_weight=balanced;solver=lbfgs;max_iter=2000,0.8439024390243902,1.0,0.8634146341463415,0.8607943960056635,0.8655643588029758,0.019512195121951237
two-layer,S7_train_I_D1_3_val_D4_5,DEEP-CORAL-UDA,Frozen DEEP-CORAL-UDA features + Logistic Regression,deep-coral,uda,1,400,0.1,0.0,0.0,source-only; no refit,source labels only,16,C=1.0;class_weight=balanced;solver=lbfgs;max_iter=2000,0.8585365853658536,1.0,0.8682926829268293,0.8660854012966689,0.8713503153158642,0.009756097560975618
two-layer,S7_train_I_D1_3_val_D4_5,DEEP-CORAL-UDA,Frozen DEEP-CORAL-UDA features + Logistic Regression,deep-coral,uda,2,400,0.1,0.0,0.0,source-only; no refit,source labels only,16,C=1.0;class_weight=balanced;solver=lbfgs;max_iter=2000,0.848780487804878,1.0,0.8585365853658536,0.8566957299351666,0.8610528360528361,0.009756097560975618
two-layer,S7_train_I_D1_3_val_D4_5,DEEP-CORAL-UDA,Frozen DEEP-CORAL-UDA features + Logistic Regression,deep-coral,uda,3,400,0.1,0.0,0.0,source-only; no refit,source labels only,16,C=1.0;class_weight=balanced;solver=lbfgs;max_iter=2000,0.8731707317073171,1.0,0.8731707317073171,0.8701840673671658,0.8746942318314527,0.0
two-layer,S7_train_I_D1_3_val_D4_5,DEEP-CORAL-UDA,Frozen DEEP-CORAL-UDA features + Logistic Regression,deep-coral,uda,4,400,0.1,0.0,0.0,source-only; no refit,source labels only,16,C=1.0;class_weight=balanced;solver=lbfgs;max_iter=2000,0.8439024390243902,1.0,0.8536585365853658,0.8508085550339071,0.8559941520467836,0.009756097560975618
two-layer,S1_train_I_test_all,MK-MMD-UDA,Frozen MK-MMD-UDA features + Logistic Regression,mk-mmd,uda,0,400,0.1,0.0,0.0,source-only; no refit,source labels only,16,C=1.0;class_weight=balanced;solver=lbfgs;max_iter=2000,0.8168498168498168,1.0,0.8168498168498168,0.8161008230452675,0.8231683477988897,0.0
two-layer,S1_train_I_test_all,MK-MMD-UDA,Frozen MK-MMD-UDA features + Logistic Regression,mk-mmd,uda,1,400,0.1,0.0,0.0,source-only; no refit,source labels only,16,C=1.0;class_weight=balanced;solver=lbfgs;max_iter=2000,0.8754578754578755,1.0,0.8717948717948718,0.8681841563786009,0.8736198673174521,-0.00366300366300365
two-layer,S1_train_I_test_all,MK-MMD-UDA,Frozen MK-MMD-UDA features + Logistic Regression,mk-mmd,uda,2,400,0.1,0.0,0.0,source-only; no refit,source labels only,16,C=1.0;class_weight=balanced;solver=lbfgs;max_iter=2000,0.8168498168498168,1.0,0.8131868131868132,0.8139146090534979,0.8194104308390022,-0.00366300366300365
two-layer,S1_train_I_test_all,MK-MMD-UDA,Frozen MK-MMD-UDA features + Logistic Regression,mk-mmd,uda,3,400,0.1,0.0,0.0,source-only; no refit,source labels only,16,C=1.0;class_weight=balanced;solver=lbfgs;max_iter=2000,0.8644688644688645,1.0,0.8717948717948718,0.8681841563786007,0.8743737324923898,0.0073260073260073
two-layer,S1_train_I_test_all,MK-MMD-UDA,Frozen MK-MMD-UDA features + Logistic Regression,mk-mmd,uda,4,400,0.1,0.0,0.0,source-only; no refit,source labels only,16,C=1.0;class_weight=balanced;solver=lbfgs;max_iter=2000,0.8644688644688645,1.0,0.8681318681318682,0.8634259259259259,0.8687908201926894,0.00366300366300365
two-layer,S2_train_I_internal_val_test_all,MK-MMD-UDA,Frozen MK-MMD-UDA features + Logistic Regression,mk-mmd,uda,0,250,1.0,0.0,0.0,source train+source validation refit,source train + source validation labels,16,C=1.0;class_weight=balanced;solver=lbfgs;max_iter=2000,0.8424908424908425,1.0,0.8241758241758241,0.8179012345679012,0.8259828755341573,-0.01831501831501836
two-layer,S2_train_I_internal_val_test_all,MK-MMD-UDA,Frozen MK-MMD-UDA features + Logistic Regression,mk-mmd,uda,1,40,1.0,0.0,0.0,source train+source validation refit,source train + source validation labels,16,C=1.0;class_weight=balanced;solver=lbfgs;max_iter=2000,0.7619047619047619,1.0,0.7912087912087912,0.7930812757201645,0.7965759198356821,0.02930402930402931
two-layer,S2_train_I_internal_val_test_all,MK-MMD-UDA,Frozen MK-MMD-UDA features + Logistic Regression,mk-mmd,uda,2,170,1.0,0.0,0.0,source train+source validation refit,source train + source validation labels,16,C=1.0;class_weight=balanced;solver=lbfgs;max_iter=2000,0.8461538461538461,1.0,0.8754578754578755,0.8703703703703703,0.8757913085499293,0.02930402930402931
two-layer,S2_train_I_internal_val_test_all,MK-MMD-UDA,Frozen MK-MMD-UDA features + Logistic Regression,mk-mmd,uda,3,60,1.0,0.0,0.0,source train+source validation refit,source train + source validation labels,16,C=1.0;class_weight=balanced;solver=lbfgs;max_iter=2000,0.7985347985347986,1.0,0.7912087912087912,0.789866255144033,0.799100402848663,-0.007326007326007411
two-layer,S2_train_I_internal_val_test_all,MK-MMD-UDA,Frozen MK-MMD-UDA features + Logistic Regression,mk-mmd,uda,4,170,1.0,0.0,0.0,source train+source validation refit,source train + source validation labels,16,C=1.0;class_weight=balanced;solver=lbfgs;max_iter=2000,0.8131868131868132,1.0,0.8021978021978022,0.8002829218106996,0.8084111511036293,-0.01098901098901095
two-layer,S3_train_I_internal_20_10_test_all,MK-MMD-UDA,Frozen MK-MMD-UDA features + Logistic Regression,mk-mmd,uda,0,20,0.01,0.0,0.0,source train+source validation refit,source train + source validation labels,16,C=1.0;class_weight=balanced;solver=lbfgs;max_iter=2000,0.7252747252747253,1.0,0.7142857142857143,0.7208076131687243,0.7258533042846769,-0.01098901098901095
two-layer,S3_train_I_internal_20_10_test_all,MK-MMD-UDA,Frozen MK-MMD-UDA features + Logistic Regression,mk-mmd,uda,1,20,0.01,0.0,0.0,source train+source validation refit,source train + source validation labels,16,C=1.0;class_weight=balanced;solver=lbfgs;max_iter=2000,0.717948717948718,1.0,0.7582417582417582,0.762474279835391,0.7679925887325574,0.04029304029304026
two-layer,S3_train_I_internal_20_10_test_all,MK-MMD-UDA,Frozen MK-MMD-UDA features + Logistic Regression,mk-mmd,uda,2,190,0.01,0.0,0.0,source train+source validation refit,source train + source validation labels,16,C=1.0;class_weight=balanced;solver=lbfgs;max_iter=2000,0.7838827838827839,1.0,0.7948717948717948,0.7978395061728395,0.8018470777951913,0.01098901098901095
two-layer,S3_train_I_internal_20_10_test_all,MK-MMD-UDA,Frozen MK-MMD-UDA features + Logistic Regression,mk-mmd,uda,3,20,0.01,0.0,0.0,source train+source validation refit,source train + source validation labels,16,C=1.0;class_weight=balanced;solver=lbfgs;max_iter=2000,0.6886446886446886,1.0,0.6959706959706959,0.7028034979423868,0.7121315192743763,0.0073260073260073
two-layer,S3_train_I_internal_20_10_test_all,MK-MMD-UDA,Frozen MK-MMD-UDA features + Logistic Regression,mk-mmd,uda,4,20,0.01,0.0,0.0,source train+source validation refit,source train + source validation labels,16,C=1.0;class_weight=balanced;solver=lbfgs;max_iter=2000,0.7142857142857143,1.0,0.7252747252747253,0.731224279835391,0.7361163966249592,0.01098901098901095
two-layer,S4_train_I_val_D1_2,MK-MMD-SEMI,Frozen MK-MMD-SEMI features + Logistic Regression,mk-mmd,semi,0,70,0.1,0.0,0.0,Source+Target refit,source + labeled target,16,C=1.0;class_weight=balanced;solver=lbfgs;max_iter=2000,0.8734693877551021,1.0,0.8653061224489796,0.8665710948285016,0.8666305109258129,-0.008163265306122436
two-layer,S4_train_I_val_D1_2,MK-MMD-SEMI,Frozen MK-MMD-SEMI features + Logistic Regression,mk-mmd,semi,1,400,0.1,0.0,0.0,Source+Target refit,source + labeled target,16,C=1.0;class_weight=balanced;solver=lbfgs;max_iter=2000,0.9224489795918368,1.0,0.9306122448979591,0.9306573218647127,0.9309395696808548,0.008163265306122325
two-layer,S4_train_I_val_D1_2,MK-MMD-SEMI,Frozen MK-MMD-SEMI features + Logistic Regression,mk-mmd,semi,2,240,0.1,0.0,0.0,Source+Target refit,source + labeled target,16,C=1.0;class_weight=balanced;solver=lbfgs;max_iter=2000,0.8775510204081632,1.0,0.8734693877551021,0.8750132738664118,0.8742975797664846,-0.004081632653061162
two-layer,S4_train_I_val_D1_2,MK-MMD-SEMI,Frozen MK-MMD-SEMI features + Logistic Regression,mk-mmd,semi,3,320,0.1,0.0,0.0,Source+Target refit,source + labeled target,16,C=1.0;class_weight=balanced;solver=lbfgs;max_iter=2000,0.9142857142857144,1.0,0.9306122448979591,0.9285865987044706,0.9315616128797841,0.01632653061224476
two-layer,S4_train_I_val_D1_2,MK-MMD-SEMI,Frozen MK-MMD-SEMI features + Logistic Regression,mk-mmd,semi,4,130,0.1,0.0,0.0,Source+Target refit,source + labeled target,16,C=1.0;class_weight=balanced;solver=lbfgs;max_iter=2000,0.889795918367347,1.0,0.8775510204081632,0.8802697249654879,0.8768795110900375,-0.01224489795918371
two-layer,S4_train_I_val_D1_2,MK-MMD-UDA,Frozen MK-MMD-UDA features + Logistic Regression,mk-mmd,uda,0,400,0.1,0.0,0.0,source-only; no refit,source labels only,16,C=1.0;class_weight=balanced;solver=lbfgs;max_iter=2000,0.8163265306122449,1.0,0.8122448979591836,0.8120420516087926,0.8191361199305026,-0.004081632653061273
two-layer,S4_train_I_val_D1_2,MK-MMD-UDA,Frozen MK-MMD-UDA features + Logistic Regression,mk-mmd,uda,1,400,0.1,0.0,0.0,source-only; no refit,source labels only,16,C=1.0;class_weight=balanced;solver=lbfgs;max_iter=2000,0.8693877551020408,1.0,0.8693877551020408,0.8663056175002654,0.8716664382515056,0.0
two-layer,S4_train_I_val_D1_2,MK-MMD-UDA,Frozen MK-MMD-UDA features + Logistic Regression,mk-mmd,uda,2,400,0.1,0.0,0.0,source-only; no refit,source labels only,16,C=1.0;class_weight=balanced;solver=lbfgs;max_iter=2000,0.8040816326530612,1.0,0.8081632653061225,0.8088563236699585,0.8146737482102174,0.004081632653061273
two-layer,S4_train_I_val_D1_2,MK-MMD-UDA,Frozen MK-MMD-UDA features + Logistic Regression,mk-mmd,uda,3,400,0.1,0.0,0.0,source-only; no refit,source labels only,16,C=1.0;class_weight=balanced;solver=lbfgs;max_iter=2000,0.8612244897959184,1.0,0.8653061224489796,0.8624296485080175,0.8685683914422068,0.004081632653061273
two-layer,S4_train_I_val_D1_2,MK-MMD-UDA,Frozen MK-MMD-UDA features + Logistic Regression,mk-mmd,uda,4,400,0.1,0.0,0.0,source-only; no refit,source labels only,16,C=1.0;class_weight=balanced;solver=lbfgs;max_iter=2000,0.8612244897959184,1.0,0.8653061224489796,0.8610491664011892,0.8670423114727868,0.004081632653061273
two-layer,S5_train_I_D1_val_D2_3,MK-MMD-SEMI,Frozen MK-MMD-SEMI features + Logistic Regression,mk-mmd,semi,0,290,1.0,0.0,0.0,Source+Target refit,source + labeled target,16,C=1.0;class_weight=balanced;solver=lbfgs;max_iter=2000,0.9307359307359307,1.0,0.9307359307359307,0.9284308463052424,0.9306567415145156,0.0
two-layer,S5_train_I_D1_val_D2_3,MK-MMD-SEMI,Frozen MK-MMD-SEMI features + Logistic Regression,mk-mmd,semi,1,380,1.0,0.0,0.0,Source+Target refit,source + labeled target,16,C=1.0;class_weight=balanced;solver=lbfgs;max_iter=2000,0.9047619047619048,1.0,0.9134199134199135,0.9069601001968151,0.9101293205914516,0.008658008658008698
two-layer,S5_train_I_D1_val_D2_3,MK-MMD-SEMI,Frozen MK-MMD-SEMI features + Logistic Regression,mk-mmd,semi,2,130,1.0,0.0,0.0,Source+Target refit,source + labeled target,16,C=1.0;class_weight=balanced;solver=lbfgs;max_iter=2000,0.922077922077922,1.0,0.9264069264069265,0.9243156199677939,0.9258472267625586,0.0043290043290044045
two-layer,S5_train_I_D1_val_D2_3,MK-MMD-SEMI,Frozen MK-MMD-SEMI features + Logistic Regression,mk-mmd,semi,3,220,1.0,0.0,0.0,Source+Target refit,source + labeled target,16,C=1.0;class_weight=balanced;solver=lbfgs;max_iter=2000,0.935064935064935,1.0,0.935064935064935,0.9303989980318482,0.9333877643793663,0.0
two-layer,S5_train_I_D1_val_D2_3,MK-MMD-SEMI,Frozen MK-MMD-SEMI features + Logistic Regression,mk-mmd,semi,4,300,1.0,0.0,0.0,Source+Target refit,source + labeled target,16,C=1.0;class_weight=balanced;solver=lbfgs;max_iter=2000,0.9264069264069263,1.0,0.922077922077922,0.9166219359456074,0.9211432878712928,-0.0043290043290042934
two-layer,S5_train_I_D1_val_D2_3,MK-MMD-UDA,Frozen MK-MMD-UDA features + Logistic Regression,mk-mmd,uda,0,400,0.1,0.0,0.0,source-only; no refit,source labels only,16,C=1.0;class_weight=balanced;solver=lbfgs;max_iter=2000,0.8095238095238095,1.0,0.8051948051948052,0.8055108248344963,0.8126509947270014,-0.0043290043290042934
two-layer,S5_train_I_D1_val_D2_3,MK-MMD-UDA,Frozen MK-MMD-UDA features + Logistic Regression,mk-mmd,uda,1,400,0.1,0.0,0.0,source-only; no refit,source labels only,16,C=1.0;class_weight=balanced;solver=lbfgs;max_iter=2000,0.8701298701298701,1.0,0.8701298701298701,0.8679549114331723,0.8729655421203372,0.0
two-layer,S5_train_I_D1_val_D2_3,MK-MMD-UDA,Frozen MK-MMD-UDA features + Logistic Regression,mk-mmd,uda,2,400,0.1,0.0,0.0,source-only; no refit,source labels only,16,C=1.0;class_weight=balanced;solver=lbfgs;max_iter=2000,0.7965367965367965,1.0,0.8008658008658008,0.8021112900339954,0.8078530439121755,0.0043290043290042934
two-layer,S5_train_I_D1_val_D2_3,MK-MMD-UDA,Frozen MK-MMD-UDA features + Logistic Regression,mk-mmd,uda,3,400,0.1,0.0,0.0,source-only; no refit,source labels only,16,C=1.0;class_weight=balanced;solver=lbfgs;max_iter=2000,0.8571428571428571,1.0,0.8614718614718615,0.8590087672213276,0.8651023250830386,0.0043290043290044045
two-layer,S5_train_I_D1_val_D2_3,MK-MMD-UDA,Frozen MK-MMD-UDA features + Logistic Regression,mk-mmd,uda,4,400,0.1,0.0,0.0,source-only; no refit,source labels only,16,C=1.0;class_weight=balanced;solver=lbfgs;max_iter=2000,0.8571428571428571,1.0,0.8614718614718615,0.8575773841474325,0.8635683296666903,0.0043290043290044045
two-layer,S6_train_I_D1_2_val_D3_5,MK-MMD-SEMI,Frozen MK-MMD-SEMI features + Logistic Regression,mk-mmd,semi,0,80,1.0,0.0,0.0,Source+Target refit,source + labeled target,16,C=1.0;class_weight=balanced;solver=lbfgs;max_iter=2000,0.9414634146341464,1.0,0.9365853658536586,0.9347939488784559,0.9363669538451775,-0.004878048780487809
two-layer,S6_train_I_D1_2_val_D3_5,MK-MMD-SEMI,Frozen MK-MMD-SEMI features + Logistic Regression,mk-mmd,semi,1,120,1.0,0.0,0.0,Source+Target refit,source + labeled target,16,C=1.0;class_weight=balanced;solver=lbfgs;max_iter=2000,0.9560975609756096,1.0,0.9560975609756097,0.9547656308219689,0.9560647298352216,1.1102230246251565e-16
two-layer,S6_train_I_D1_2_val_D3_5,MK-MMD-SEMI,Frozen MK-MMD-SEMI features + Logistic Regression,mk-mmd,semi,2,30,1.0,0.0,0.0,Source+Target refit,source + labeled target,16,C=1.0;class_weight=balanced;solver=lbfgs;max_iter=2000,0.9219512195121952,0.9897959183673469,0.926829268292683,0.9248081079066995,0.9272133095662508,0.004878048780487809
two-layer,S6_train_I_D1_2_val_D3_5,MK-MMD-SEMI,Frozen MK-MMD-SEMI features + Logistic Regression,mk-mmd,semi,3,120,1.0,0.0,0.0,Source+Target refit,source + labeled target,16,C=1.0;class_weight=balanced;solver=lbfgs;max_iter=2000,0.946341463414634,1.0,0.9512195121951219,0.9494746255309635,0.9510582157317972,0.00487804878048792
two-layer,S6_train_I_D1_2_val_D3_5,MK-MMD-SEMI,Frozen MK-MMD-SEMI features + Logistic Regression,mk-mmd,semi,4,280,1.0,0.0,0.0,Source+Target refit,source + labeled target,16,C=1.0;class_weight=balanced;solver=lbfgs;max_iter=2000,0.9317073170731708,1.0,0.926829268292683,0.9224234294656829,0.9240719997012903,-0.004878048780487809
two-layer,S6_train_I_D1_2_val_D3_5,MK-MMD-UDA,Frozen MK-MMD-UDA features + Logistic Regression,mk-mmd,uda,0,400,0.1,0.0,0.0,source-only; no refit,source labels only,16,C=1.0;class_weight=balanced;solver=lbfgs;max_iter=2000,0.8048780487804879,1.0,0.8,0.7997615321558983,0.8062484979572218,-0.004878048780487809
two-layer,S6_train_I_D1_2_val_D3_5,MK-MMD-UDA,Frozen MK-MMD-UDA features + Logistic Regression,mk-mmd,uda,1,400,0.1,0.0,0.0,source-only; no refit,source labels only,16,C=1.0;class_weight=balanced;solver=lbfgs;max_iter=2000,0.8682926829268293,1.0,0.8682926829268293,0.8660854012966689,0.8703362617550261,0.0
two-layer,S6_train_I_D1_2_val_D3_5,MK-MMD-UDA,Frozen MK-MMD-UDA features + Logistic Regression,mk-mmd,uda,2,400,0.1,0.0,0.0,source-only; no refit,source labels only,16,C=1.0;class_weight=balanced;solver=lbfgs;max_iter=2000,0.7902439024390244,1.0,0.7951219512195122,0.7956628660854014,0.8006402838849033,0.004878048780487809
two-layer,S6_train_I_D1_2_val_D3_5,MK-MMD-UDA,Frozen MK-MMD-UDA features + Logistic Regression,mk-mmd,uda,3,400,0.1,0.0,0.0,source-only; no refit,source labels only,16,C=1.0;class_weight=balanced;solver=lbfgs;max_iter=2000,0.8585365853658536,1.0,0.8634146341463415,0.8607943960056635,0.8661266693303307,0.004878048780487809
two-layer,S6_train_I_D1_2_val_D3_5,MK-MMD-UDA,Frozen MK-MMD-UDA features + Logistic Regression,mk-mmd,uda,4,400,0.1,0.0,0.0,source-only; no refit,source labels only,16,C=1.0;class_weight=balanced;solver=lbfgs;max_iter=2000,0.8634146341463415,1.0,0.8634146341463415,0.8601982263954095,0.8652169877188948,0.0
two-layer,S7_train_I_D1_3_val_D4_5,MK-MMD-SEMI,Frozen MK-MMD-SEMI features + Logistic Regression,mk-mmd,semi,0,370,0.1,0.0,0.0,Source+Target refit,source + labeled target,16,C=1.0;class_weight=balanced;solver=lbfgs;max_iter=2000,0.9414634146341464,1.0,0.9365853658536586,0.9341977792682018,0.9362216409742704,-0.004878048780487809
two-layer,S7_train_I_D1_3_val_D4_5,MK-MMD-SEMI,Frozen MK-MMD-SEMI features + Logistic Regression,mk-mmd,semi,1,160,0.1,0.0,0.0,Source+Target refit,source + labeled target,16,C=1.0;class_weight=balanced;solver=lbfgs;max_iter=2000,0.9609756097560976,1.0,0.9512195121951219,0.9500707951412176,0.9515735575865204,-0.00975609756097573
two-layer,S7_train_I_D1_3_val_D4_5,MK-MMD-SEMI,Frozen MK-MMD-SEMI features + Logistic Regression,mk-mmd,semi,2,370,0.1,0.0,0.0,Source+Target refit,source + labeled target,16,C=1.0;class_weight=balanced;solver=lbfgs;max_iter=2000,0.9317073170731708,1.0,0.9317073170731708,0.9295029435874507,0.931542313895255,0.0
two-layer,S7_train_I_D1_3_val_D4_5,MK-MMD-SEMI,Frozen MK-MMD-SEMI features + Logistic Regression,mk-mmd,semi,3,100,0.1,0.0,0.0,Source+Target refit,source + labeled target,16,C=1.0;class_weight=balanced;solver=lbfgs;max_iter=2000,0.951219512195122,1.0,0.9512195121951219,0.9494746255309635,0.9507705839005413,-1.1102230246251565e-16
two-layer,S7_train_I_D1_3_val_D4_5,MK-MMD-SEMI,Frozen MK-MMD-SEMI features + Logistic Regression,mk-mmd,semi,4,120,0.1,0.0,0.0,Source+Target refit,source + labeled target,16,C=1.0;class_weight=balanced;solver=lbfgs;max_iter=2000,0.946341463414634,1.0,0.9463414634146341,0.9447797898502124,0.9466209787604681,1.1102230246251565e-16
two-layer,S7_train_I_D1_3_val_D4_5,MK-MMD-UDA,Frozen MK-MMD-UDA features + Logistic Regression,mk-mmd,uda,0,400,0.1,0.0,0.0,source-only; no refit,source labels only,16,C=1.0;class_weight=balanced;solver=lbfgs;max_iter=2000,0.8048780487804879,1.0,0.8,0.7997615321558983,0.8062484979572218,-0.004878048780487809
two-layer,S7_train_I_D1_3_val_D4_5,MK-MMD-UDA,Frozen MK-MMD-UDA features + Logistic Regression,mk-mmd,uda,1,400,0.1,0.0,0.0,source-only; no refit,source labels only,16,C=1.0;class_weight=balanced;solver=lbfgs;max_iter=2000,0.8682926829268293,1.0,0.8682926829268293,0.8660854012966689,0.8703362617550261,0.0
two-layer,S7_train_I_D1_3_val_D4_5,MK-MMD-UDA,Frozen MK-MMD-UDA features + Logistic Regression,mk-mmd,uda,2,400,0.1,0.0,0.0,source-only; no refit,source labels only,16,C=1.0;class_weight=balanced;solver=lbfgs;max_iter=2000,0.7902439024390244,1.0,0.7951219512195122,0.7956628660854014,0.8006402838849033,0.004878048780487809
two-layer,S7_train_I_D1_3_val_D4_5,MK-MMD-UDA,Frozen MK-MMD-UDA features + Logistic Regression,mk-mmd,uda,3,400,0.1,0.0,0.0,source-only; no refit,source labels only,16,C=1.0;class_weight=balanced;solver=lbfgs;max_iter=2000,0.8585365853658536,1.0,0.8634146341463415,0.8607943960056635,0.8661266693303307,0.004878048780487809
two-layer,S7_train_I_D1_3_val_D4_5,MK-MMD-UDA,Frozen MK-MMD-UDA features + Logistic Regression,mk-mmd,uda,4,400,0.1,0.0,0.0,source-only; no refit,source labels only,16,C=1.0;class_weight=balanced;solver=lbfgs;max_iter=2000,0.8634146341463415,1.0,0.8634146341463415,0.8601982263954095,0.8652169877188948,0.0
