time_s,label,arduino_time,s1,s2,s3,s4,s5,s6,r1,r2,r3,r4,r5,r6,voltage
0.00052642822265625,baseline,843291,40.0,288.0,197.0,242.0,48.0,15.0,25.0,2.0,2.0,10.0,30.0,2.0,255.0
0.0008244514465332031,baseline,843544,40.0,287.0,197.0,241.0,48.0,15.0,25.0,2.0,2.0,10.0,30.0,2.0,255.0
0.0010628700256347656,baseline,843797,40.0,288.0,197.0,242.0,49.0,15.0,25.0,2.0,2.0,10.0,30.0,2.0,255.0
0.0012965202331542969,baseline,844051,40.0,287.0,197.0,241.0,48.0,15.0,25.0,2.0,2.0,10.0,30.0,2.0,255.0
0.0015277862548828125,baseline,844304,40.0,287.0,197.0,242.0,49.0,14.0,25.0,2.0,2.0,10.0,30.0,2.0,255.0
0.0018265247344970703,baseline,844558,40.0,287.0,197.0,241.0,48.0,15.0,25.0,2.0,2.0,10.0,30.0,2.0,255.0
0.0020689964294433594,baseline,844811,40.0,287.0,197.0,242.0,49.0,15.0,25.0,2.0,2.0,10.0,30.0,2.0,255.0
0.002338409423828125,baseline,845064,40.0,287.0,197.0,241.0,48.0,15.0,25.0,2.0,2.0,10.0,30.0,2.0,255.0
0.21430063247680664,baseline,845318,40.0,287.0,197.0,242.0,48.0,15.0,25.0,2.0,2.0,10.0,30.0,2.0,255.0
0.46733617782592773,baseline,845571,40.0,287.0,196.0,241.0,48.0,15.0,25.0,2.0,2.0,10.0,30.0,2.0,255.0
0.720649242401123,baseline,845825,40.0,287.0,197.0,242.0,48.0,15.0,25.0,2.0,2.0,10.0,30.0,2.0,255.0
0.9762067794799805,baseline,846077,40.0,287.0,196.0,241.0,48.0,15.0,25.0,2.0,2.0,10.0,30.0,2.0,255.0
1.227524995803833,baseline,846331,40.0,287.0,197.0,241.0,48.0,15.0,25.0,2.0,2.0,10.0,30.0,2.0,255.0
1.4805219173431396,baseline,846584,40.0,287.0,196.0,241.0,48.0,15.0,25.0,2.0,2.0,10.0,30.0,2.0,255.0
1.7344462871551514,baseline,846837,40.0,287.0,197.0,242.0,48.0,15.0,25.0,2.0,2.0,10.0,30.0,2.0,255.0
1.9873390197753906,baseline,847091,39.0,287.0,196.0,240.0,48.0,15.0,25.0,2.0,2.0,10.0,30.0,2.0,255.0
2.2438173294067383,baseline,847344,40.0,287.0,197.0,241.0,48.0,15.0,25.0,2.0,2.0,10.0,30.0,2.0,255.0
2.495821237564087,baseline,847598,39.0,287.0,197.0,240.0,48.0,15.0,25.0,2.0,2.0,10.0,30.0,2.0,255.0
2.7486438751220703,baseline,847851,40.0,287.0,197.0,241.0,48.0,15.0,25.0,2.0,2.0,10.0,30.0,2.0,255.0
3.002924680709839,baseline,848104,39.0,287.0,196.0,241.0,48.0,15.0,25.0,2.0,2.0,10.0,30.0,2.0,255.0
3.25512957572937,baseline,848358,40.0,287.0,197.0,241.0,48.0,15.0,25.0,2.0,2.0,10.0,30.0,2.0,255.0
3.507390260696411,baseline,848611,39.0,287.0,196.0,240.0,48.0,15.0,25.0,2.0,2.0,10.0,30.0,2.0,255.0
3.7623519897460938,baseline,848865,40.0,287.0,197.0,241.0,48.0,15.0,25.0,2.0,2.0,10.0,30.0,2.0,255.0
4.014276027679443,baseline,849118,40.0,287.0,196.0,240.0,48.0,15.0,25.0,2.0,2.0,10.0,30.0,2.0,255.0
4.26737117767334,baseline,849372,40.0,287.0,197.0,241.0,48.0,15.0,25.0,2.0,2.0,10.0,30.0,2.0,255.0
4.521335124969482,baseline,849625,39.0,287.0,196.0,240.0,48.0,15.0,25.0,2.0,2.0,10.0,30.0,2.0,255.0
4.774417161941528,baseline,849878,40.0,287.0,197.0,241.0,48.0,15.0,25.0,2.0,2.0,10.0,30.0,2.0,255.0
5.027341365814209,baseline,850131,40.0,287.0,196.0,240.0,48.0,15.0,25.0,2.0,2.0,10.0,30.0,2.0,255.0
5.28133749961853,baseline,850384,40.0,287.0,197.0,241.0,48.0,15.0,25.0,2.0,2.0,10.0,30.0,2.0,255.0
5.534426212310791,baseline,850638,39.0,287.0,196.0,240.0,48.0,15.0,25.0,2.0,2.0,10.0,30.0,2.0,255.0
5.787928342819214,baseline,850891,40.0,287.0,197.0,241.0,48.0,15.0,25.0,2.0,2.0,10.0,30.0,2.0,255.0
6.04140305519104,baseline,851144,40.0,287.0,196.0,240.0,48.0,15.0,25.0,2.0,2.0,10.0,30.0,2.0,255.0
6.295691251754761,baseline,851398,40.0,287.0,197.0,241.0,48.0,15.0,25.0,2.0,2.0,10.0,30.0,2.0,255.0
6.548874139785767,baseline,851651,40.0,287.0,197.0,240.0,48.0,15.0,25.0,2.0,2.0,10.0,30.0,2.0,255.0
6.801389455795288,baseline,851905,40.0,287.0,197.0,241.0,48.0,15.0,25.0,2.0,2.0,10.0,30.0,2.0,255.0
7.0545923709869385,baseline,852158,40.0,287.0,196.0,240.0,48.0,15.0,25.0,2.0,2.0,10.0,30.0,2.0,255.0
7.308104038238525,baseline,852412,40.0,287.0,197.0,241.0,48.0,15.0,25.0,2.0,2.0,10.0,30.0,2.0,255.0
7.561055898666382,baseline,852665,40.0,287.0,197.0,240.0,48.0,15.0,25.0,2.0,2.0,10.0,30.0,2.0,255.0
7.814129114151001,baseline,852918,40.0,287.0,197.0,241.0,48.0,15.0,25.0,2.0,2.0,10.0,30.0,2.0,255.0
8.06809663772583,baseline,853172,39.0,287.0,197.0,240.0,48.0,15.0,25.0,2.0,2.0,10.0,30.0,2.0,255.0
8.321105241775513,baseline,853425,40.0,287.0,197.0,241.0,48.0,15.0,25.0,2.0,2.0,10.0,30.0,2.0,255.0
8.574202060699463,baseline,853679,39.0,287.0,196.0,240.0,48.0,15.0,25.0,2.0,2.0,10.0,30.0,2.0,255.0
8.828197479248047,baseline,853932,40.0,287.0,197.0,241.0,48.0,15.0,25.0,2.0,2.0,10.0,30.0,2.0,255.0
9.081258535385132,baseline,854184,39.0,286.0,196.0,240.0,48.0,15.0,25.0,2.0,2.0,10.0,30.0,2.0,255.0
9.334802150726318,baseline,854438,40.0,287.0,197.0,241.0,48.0,15.0,25.0,2.0,2.0,10.0,30.0,2.0,255.0
9.588133335113525,baseline,854691,40.0,286.0,197.0,240.0,48.0,15.0,25.0,2.0,2.0,10.0,30.0,2.0,255.0
9.841543436050415,baseline,854945,40.0,287.0,197.0,241.0,48.0,15.0,25.0,2.0,2.0,10.0,30.0,2.0,255.0
10.097005605697632,baseline,855198,39.0,286.0,196.0,240.0,48.0,15.0,25.0,2.0,2.0,10.0,30.0,2.0,255.0
10.3489351272583,baseline,855452,40.0,286.0,197.0,241.0,49.0,15.0,25.0,2.0,2.0,10.0,30.0,2.0,255.0
10.6011962890625,baseline,855705,39.0,286.0,196.0,240.0,48.0,15.0,25.0,2.0,2.0,10.0,30.0,2.0,255.0
10.855282306671143,baseline,855958,40.0,286.0,197.0,241.0,49.0,15.0,25.0,2.0,2.0,10.0,30.0,2.0,255.0
11.108253955841064,baseline,856212,39.0,286.0,196.0,240.0,48.0,15.0,25.0,2.0,2.0,10.0,30.0,2.0,255.0
11.361259698867798,baseline,856465,40.0,286.0,197.0,241.0,49.0,15.0,25.0,2.0,2.0,10.0,30.0,2.0,255.0
11.615398406982422,baseline,856719,39.0,286.0,197.0,240.0,48.0,15.0,25.0,2.0,2.0,10.0,30.0,2.0,255.0
11.868261337280273,baseline,856972,40.0,286.0,197.0,241.0,48.0,15.0,25.0,2.0,2.0,10.0,30.0,2.0,255.0
12.121947288513184,baseline,857226,39.0,286.0,196.0,240.0,48.0,15.0,25.0,2.0,2.0,10.0,30.0,2.0,255.0
12.37520956993103,baseline,857479,40.0,286.0,197.0,241.0,49.0,15.0,25.0,2.0,2.0,10.0,30.0,2.0,255.0
12.630430698394775,baseline,857732,39.0,286.0,196.0,240.0,48.0,15.0,25.0,2.0,2.0,10.0,30.0,2.0,255.0
12.882230997085571,baseline,857986,39.0,286.0,197.0,241.0,48.0,15.0,25.0,2.0,2.0,10.0,30.0,2.0,255.0
13.135322332382202,baseline,858238,39.0,286.0,197.0,240.0,48.0,15.0,25.0,2.0,2.0,10.0,30.0,2.0,255.0
13.38843297958374,baseline,858492,40.0,286.0,197.0,241.0,48.0,15.0,25.0,2.0,2.0,10.0,30.0,2.0,255.0
13.642287015914917,baseline,858745,39.0,286.0,197.0,240.0,48.0,15.0,25.0,2.0,2.0,10.0,30.0,2.0,255.0
13.895436763763428,baseline,858998,39.0,286.0,197.0,241.0,49.0,15.0,25.0,2.0,2.0,10.0,30.0,2.0,255.0
14.14847207069397,baseline,859252,39.0,286.0,196.0,240.0,48.0,15.0,25.0,2.0,2.0,10.0,30.0,2.0,255.0
14.402220726013184,baseline,859505,39.0,286.0,197.0,241.0,49.0,15.0,25.0,2.0,2.0,10.0,30.0,2.0,255.0
14.655282974243164,baseline,859759,39.0,286.0,197.0,240.0,48.0,14.0,25.0,2.0,2.0,10.0,30.0,2.0,255.0
14.928863763809204,baseline,860012,39.0,286.0,197.0,241.0,48.0,15.0,25.0,2.0,2.0,10.0,30.0,2.0,255.0
15.162918090820312,baseline,860266,39.0,286.0,196.0,240.0,48.0,15.0,25.0,2.0,2.0,10.0,30.0,2.0,255.0
15.415399551391602,baseline,860519,39.0,286.0,197.0,241.0,48.0,15.0,25.0,2.0,2.0,10.0,30.0,2.0,255.0
15.669249057769775,baseline,860772,39.0,286.0,196.0,240.0,48.0,15.0,25.0,2.0,2.0,10.0,30.0,2.0,255.0
15.922325134277344,baseline,861026,39.0,286.0,197.0,241.0,48.0,15.0,25.0,2.0,2.0,10.0,30.0,2.0,255.0
16.175323963165283,baseline,861279,39.0,286.0,197.0,240.0,48.0,15.0,25.0,2.0,2.0,10.0,30.0,2.0,255.0
16.430055379867554,baseline,861533,39.0,286.0,197.0,241.0,48.0,15.0,25.0,2.0,2.0,10.0,30.0,2.0,255.0
16.682920455932617,baseline,861786,39.0,286.0,197.0,241.0,48.0,15.0,25.0,2.0,2.0,10.0,30.0,2.0,255.0
16.935287714004517,baseline,862039,40.0,286.0,197.0,241.0,49.0,15.0,25.0,2.0,2.0,10.0,30.0,2.0,255.0
17.189785718917847,baseline,862292,39.0,286.0,197.0,241.0,48.0,15.0,25.0,2.0,2.0,10.0,30.0,2.0,255.0
17.44235897064209,baseline,862545,39.0,286.0,197.0,241.0,48.0,15.0,25.0,2.0,2.0,10.0,30.0,2.0,255.0
17.6955463886261,baseline,862799,39.0,286.0,197.0,241.0,48.0,15.0,25.0,2.0,2.0,10.0,30.0,2.0,255.0
17.949812412261963,baseline,863052,39.0,286.0,197.0,242.0,49.0,15.0,25.0,2.0,2.0,10.0,30.0,2.0,255.0
18.202513933181763,baseline,863306,39.0,286.0,197.0,241.0,48.0,15.0,25.0,2.0,2.0,10.0,30.0,2.0,255.0
18.45601201057434,baseline,863559,39.0,286.0,197.0,242.0,49.0,15.0,25.0,2.0,2.0,10.0,30.0,2.0,255.0
18.709524393081665,baseline,863812,39.0,285.0,197.0,241.0,48.0,15.0,25.0,2.0,2.0,10.0,30.0,2.0,255.0
18.96417498588562,baseline,864066,39.0,286.0,197.0,241.0,49.0,15.0,25.0,2.0,2.0,10.0,30.0,2.0,255.0
19.237022161483765,baseline,864319,39.0,285.0,197.0,241.0,48.0,15.0,25.0,2.0,2.0,10.0,30.0,2.0,255.0
19.46973991394043,baseline,864573,39.0,286.0,197.0,241.0,49.0,15.0,25.0,2.0,2.0,10.0,30.0,2.0,255.0
19.722400665283203,baseline,864826,39.0,285.0,197.0,241.0,48.0,15.0,25.0,2.0,2.0,10.0,30.0,2.0,255.0
19.97642683982849,baseline,865079,39.0,286.0,197.0,242.0,49.0,15.0,25.0,2.0,2.0,10.0,30.0,2.0,255.0
20.230026721954346,baseline,865333,39.0,285.0,197.0,241.0,48.0,15.0,25.0,2.0,2.0,10.0,30.0,2.0,255.0
20.482395887374878,baseline,865586,39.0,285.0,197.0,242.0,49.0,15.0,25.0,2.0,2.0,10.0,30.0,2.0,255.0
20.736405849456787,baseline,865840,39.0,285.0,197.0,241.0,48.0,15.0,25.0,2.0,2.0,10.0,30.0,2.0,255.0
20.989521503448486,baseline,866093,39.0,286.0,197.0,241.0,48.0,15.0,25.0,2.0,2.0,10.0,30.0,2.0,255.0
21.242469787597656,baseline,866347,39.0,285.0,197.0,241.0,48.0,15.0,25.0,2.0,2.0,10.0,30.0,2.0,255.0
21.497233867645264,baseline,866599,39.0,286.0,197.0,242.0,49.0,15.0,25.0,2.0,2.0,10.0,30.0,2.0,255.0
21.769883632659912,baseline,866852,39.0,285.0,197.0,241.0,48.0,15.0,25.0,2.0,2.0,10.0,30.0,2.0,255.0
22.00400948524475,baseline,867106,39.0,285.0,197.0,241.0,48.0,15.0,25.0,2.0,2.0,10.0,30.0,2.0,255.0
22.256799697875977,baseline,867359,39.0,285.0,197.0,240.0,48.0,15.0,25.0,2.0,2.0,10.0,30.0,2.0,255.0
22.509443283081055,baseline,867613,39.0,286.0,197.0,241.0,48.0,15.0,25.0,2.0,2.0,10.0,30.0,2.0,255.0
22.763458728790283,baseline,867866,39.0,285.0,196.0,240.0,48.0,15.0,25.0,2.0,2.0,10.0,30.0,2.0,255.0
23.01638650894165,baseline,868119,39.0,285.0,197.0,241.0,48.0,15.0,25.0,2.0,2.0,10.0,30.0,2.0,255.0
23.269444227218628,baseline,868373,39.0,285.0,197.0,240.0,48.0,15.0,25.0,2.0,2.0,10.0,30.0,2.0,255.0
23.523497819900513,baseline,868626,39.0,285.0,197.0,241.0,48.0,15.0,25.0,2.0,2.0,10.0,30.0,2.0,255.0
23.776464223861694,baseline,868880,39.0,285.0,197.0,240.0,48.0,15.0,25.0,2.0,2.0,10.0,30.0,2.0,255.0
24.029480695724487,baseline,869133,39.0,285.0,197.0,241.0,49.0,15.0,25.0,2.0,2.0,10.0,30.0,2.0,255.0
24.283398628234863,baseline,869387,39.0,285.0,197.0,240.0,48.0,15.0,25.0,2.0,2.0,10.0,30.0,2.0,255.0
24.53643560409546,baseline,869640,39.0,286.0,197.0,241.0,49.0,15.0,25.0,2.0,2.0,10.0,30.0,2.0,255.0
24.790087699890137,baseline,869893,39.0,285.0,197.0,240.0,48.0,15.0,25.0,2.0,2.0,10.0,30.0,2.0,255.0
25.043468952178955,baseline,870147,39.0,286.0,197.0,241.0,48.0,15.0,25.0,2.0,2.0,10.0,30.0,2.0,255.0
25.296579360961914,baseline,870400,39.0,285.0,197.0,241.0,48.0,15.0,25.0,2.0,2.0,10.0,30.0,2.0,255.0
25.550846338272095,baseline,870653,39.0,286.0,197.0,241.0,49.0,15.0,25.0,2.0,2.0,10.0,30.0,2.0,255.0
25.803505897521973,baseline,870906,39.0,285.0,197.0,240.0,48.0,15.0,25.0,2.0,2.0,10.0,30.0,2.0,255.0
26.05650758743286,baseline,871159,39.0,286.0,197.0,241.0,49.0,15.0,25.0,2.0,2.0,10.0,30.0,2.0,255.0
26.310605764389038,baseline,871413,39.0,285.0,197.0,241.0,48.0,15.0,25.0,2.0,2.0,10.0,30.0,2.0,255.0
26.563583850860596,baseline,871666,39.0,286.0,197.0,241.0,49.0,15.0,25.0,2.0,2.0,10.0,30.0,2.0,255.0
26.81671380996704,baseline,871920,39.0,285.0,197.0,240.0,48.0,15.0,25.0,2.0,2.0,10.0,30.0,2.0,255.0
27.07044267654419,baseline,872173,39.0,286.0,197.0,241.0,49.0,15.0,25.0,2.0,2.0,10.0,30.0,2.0,255.0
27.32356095314026,baseline,872427,39.0,285.0,197.0,240.0,49.0,15.0,25.0,2.0,2.0,10.0,30.0,2.0,255.0
27.576454877853394,baseline,872680,39.0,286.0,197.0,241.0,49.0,15.0,25.0,2.0,2.0,10.0,30.0,2.0,255.0
27.831901788711548,baseline,872933,39.0,285.0,197.0,241.0,48.0,15.0,25.0,2.0,2.0,10.0,30.0,2.0,255.0
28.08402681350708,baseline,873187,39.0,286.0,197.0,241.0,48.0,15.0,25.0,2.0,2.0,10.0,30.0,2.0,255.0
28.338077306747437,baseline,873440,39.0,285.0,197.0,240.0,48.0,15.0,25.0,2.0,2.0,10.0,30.0,2.0,255.0
28.592401266098022,baseline,873694,39.0,286.0,197.0,241.0,49.0,15.0,25.0,2.0,2.0,10.0,30.0,2.0,255.0
28.843888998031616,baseline,873947,39.0,285.0,197.0,241.0,48.0,15.0,25.0,2.0,2.0,10.0,30.0,2.0,255.0
29.09810519218445,baseline,874200,39.0,286.0,197.0,241.0,49.0,15.0,25.0,2.0,2.0,10.0,30.0,2.0,255.0
29.351088285446167,baseline,874454,39.0,285.0,197.0,241.0,49.0,15.0,25.0,2.0,2.0,10.0,30.0,2.0,255.0
29.603845834732056,baseline,874706,39.0,286.0,197.0,241.0,49.0,15.0,25.0,2.0,2.0,10.0,30.0,2.0,255.0
29.857739448547363,baseline,874960,39.0,286.0,197.0,240.0,48.0,15.0,25.0,2.0,2.0,10.0,30.0,2.0,255.0
30.111079216003418,baseline,875213,39.0,286.0,197.0,241.0,49.0,15.0,25.0,2.0,2.0,10.0,30.0,2.0,255.0
30.364070892333984,baseline,875467,39.0,286.0,197.0,240.0,48.0,15.0,25.0,2.0,2.0,10.0,30.0,2.0,255.0
30.61780071258545,baseline,875720,39.0,286.0,197.0,241.0,49.0,15.0,25.0,2.0,2.0,10.0,30.0,2.0,255.0
30.870872020721436,baseline,875973,39.0,286.0,197.0,241.0,48.0,15.0,25.0,2.0,2.0,10.0,30.0,2.0,255.0
31.124484062194824,baseline,876227,39.0,286.0,197.0,241.0,49.0,15.0,25.0,2.0,2.0,10.0,30.0,2.0,255.0
31.377949476242065,baseline,876480,39.0,286.0,196.0,241.0,48.0,15.0,25.0,2.0,2.0,10.0,30.0,2.0,255.0
31.63096594810486,baseline,876734,40.0,286.0,197.0,241.0,48.0,15.0,25.0,2.0,2.0,10.0,30.0,2.0,255.0
31.884838342666626,baseline,876987,39.0,286.0,197.0,240.0,49.0,15.0,25.0,2.0,2.0,10.0,30.0,2.0,255.0
32.13780188560486,baseline,877240,40.0,286.0,197.0,241.0,49.0,15.0,25.0,2.0,2.0,10.0,30.0,2.0,255.0
32.39109420776367,baseline,877494,39.0,286.0,197.0,240.0,48.0,15.0,25.0,2.0,2.0,10.0,30.0,2.0,255.0
32.64492440223694,baseline,877747,39.0,286.0,197.0,241.0,49.0,15.0,25.0,2.0,2.0,10.0,30.0,2.0,255.0
32.8977952003479,baseline,878001,39.0,286.0,197.0,240.0,48.0,15.0,25.0,2.0,2.0,10.0,30.0,2.0,255.0
33.15108370780945,baseline,878254,40.0,286.0,197.0,241.0,49.0,15.0,25.0,2.0,2.0,10.0,30.0,2.0,255.0
33.40547251701355,baseline,878508,39.0,286.0,197.0,240.0,48.0,15.0,25.0,2.0,2.0,10.0,30.0,2.0,255.0
33.65780735015869,baseline,878760,39.0,286.0,197.0,241.0,49.0,15.0,25.0,2.0,2.0,10.0,30.0,2.0,255.0
33.910804748535156,baseline,879013,39.0,286.0,196.0,240.0,48.0,15.0,25.0,2.0,2.0,10.0,30.0,2.0,255.0
34.164838790893555,baseline,879267,39.0,286.0,197.0,241.0,48.0,15.0,25.0,2.0,2.0,10.0,30.0,2.0,255.0
34.417914628982544,baseline,879520,39.0,286.0,197.0,240.0,48.0,15.0,25.0,2.0,2.0,10.0,30.0,2.0,255.0
34.67206597328186,baseline,879774,39.0,286.0,197.0,241.0,49.0,15.0,25.0,2.0,2.0,10.0,30.0,2.0,255.0
34.925127029418945,baseline,880027,39.0,286.0,197.0,240.0,48.0,15.0,25.0,2.0,2.0,10.0,30.0,2.0,255.0
35.17796349525452,baseline,880281,40.0,286.0,197.0,241.0,48.0,15.0,25.0,2.0,2.0,10.0,30.0,2.0,255.0
35.432093143463135,baseline,880534,39.0,286.0,197.0,240.0,48.0,15.0,25.0,2.0,2.0,10.0,30.0,2.0,255.0
35.68511891365051,baseline,880787,40.0,286.0,197.0,241.0,48.0,15.0,25.0,2.0,2.0,10.0,30.0,2.0,255.0
35.938027143478394,baseline,881041,39.0,286.0,197.0,240.0,48.0,15.0,25.0,2.0,2.0,10.0,30.0,2.0,255.0
36.192216873168945,baseline,881294,39.0,286.0,197.0,241.0,48.0,15.0,25.0,2.0,2.0,10.0,30.0,2.0,255.0
36.44509744644165,baseline,881548,39.0,286.0,196.0,240.0,48.0,15.0,25.0,2.0,2.0,10.0,30.0,2.0,255.0
36.697885036468506,baseline,881801,39.0,286.0,197.0,241.0,48.0,15.0,25.0,2.0,2.0,10.0,30.0,2.0,255.0
36.97268199920654,baseline,882054,39.0,286.0,197.0,240.0,48.0,15.0,25.0,2.0,2.0,10.0,30.0,2.0,255.0
37.20502853393555,baseline,882308,39.0,286.0,197.0,241.0,48.0,15.0,25.0,2.0,2.0,10.0,30.0,2.0,255.0
37.45910286903381,baseline,882561,39.0,286.0,197.0,240.0,48.0,15.0,25.0,2.0,2.0,10.0,30.0,2.0,255.0
37.71197175979614,baseline,882814,39.0,286.0,197.0,241.0,48.0,15.0,25.0,2.0,2.0,10.0,30.0,2.0,255.0
37.96542310714722,baseline,883067,39.0,286.0,197.0,240.0,48.0,15.0,25.0,2.0,2.0,10.0,30.0,2.0,255.0
38.218982458114624,baseline,883321,39.0,286.0,197.0,241.0,48.0,15.0,25.0,2.0,2.0,10.0,30.0,2.0,255.0
38.49247074127197,baseline,883574,39.0,286.0,197.0,240.0,48.0,15.0,25.0,2.0,2.0,10.0,30.0,2.0,255.0
38.72507119178772,baseline,883827,39.0,286.0,197.0,241.0,48.0,15.0,25.0,2.0,2.0,10.0,30.0,2.0,255.0
38.979328870773315,baseline,884081,39.0,286.0,197.0,240.0,48.0,15.0,25.0,2.0,2.0,10.0,30.0,2.0,255.0
39.23186993598938,baseline,884334,40.0,286.0,197.0,241.0,48.0,15.0,25.0,2.0,2.0,10.0,30.0,2.0,255.0
39.48476219177246,baseline,884588,39.0,286.0,197.0,240.0,48.0,15.0,25.0,2.0,2.0,10.0,30.0,2.0,255.0
39.73878455162048,baseline,884841,39.0,286.0,197.0,241.0,48.0,15.0,25.0,2.0,2.0,10.0,30.0,2.0,255.0
40.012115716934204,baseline,885094,39.0,286.0,197.0,240.0,48.0,15.0,25.0,2.0,2.0,10.0,30.0,2.0,255.0
40.245370626449585,baseline,885348,40.0,286.0,197.0,240.0,48.0,15.0,25.0,2.0,2.0,10.0,30.0,2.0,255.0
40.49884819984436,baseline,885601,39.0,286.0,197.0,240.0,48.0,15.0,25.0,2.0,2.0,10.0,30.0,2.0,255.0
40.75201988220215,baseline,885855,40.0,286.0,197.0,240.0,48.0,15.0,25.0,2.0,2.0,10.0,30.0,2.0,255.0
41.0058376789093,baseline,886108,39.0,286.0,197.0,240.0,48.0,15.0,25.0,2.0,2.0,10.0,30.0,2.0,255.0
41.258811235427856,baseline,886362,39.0,286.0,197.0,240.0,48.0,15.0,25.0,2.0,2.0,10.0,30.0,2.0,255.0
41.51257514953613,baseline,886615,39.0,286.0,197.0,240.0,48.0,15.0,25.0,2.0,2.0,10.0,30.0,2.0,255.0
41.7664258480072,baseline,886867,39.0,286.0,197.0,240.0,48.0,15.0,25.0,2.0,2.0,10.0,30.0,2.0,255.0
42.01882457733154,baseline,887121,39.0,286.0,197.0,239.0,48.0,15.0,25.0,2.0,2.0,10.0,30.0,2.0,255.0
42.27176809310913,baseline,887374,39.0,286.0,197.0,240.0,48.0,15.0,25.0,2.0,2.0,10.0,30.0,2.0,255.0
42.52618765830994,baseline,887628,39.0,286.0,197.0,240.0,48.0,15.0,25.0,2.0,2.0,10.0,30.0,2.0,255.0
42.77883195877075,baseline,887881,40.0,286.0,197.0,240.0,48.0,15.0,25.0,2.0,2.0,10.0,30.0,2.0,255.0
43.03181266784668,baseline,888134,39.0,286.0,197.0,239.0,48.0,15.0,25.0,2.0,2.0,10.0,30.0,2.0,255.0
43.28594660758972,baseline,888388,40.0,286.0,197.0,240.0,48.0,15.0,25.0,2.0,2.0,10.0,30.0,2.0,255.0
43.53901290893555,baseline,888641,39.0,286.0,197.0,239.0,48.0,15.0,25.0,2.0,2.0,10.0,30.0,2.0,255.0
43.79399585723877,baseline,888895,39.0,286.0,197.0,240.0,48.0,15.0,25.0,2.0,2.0,10.0,30.0,2.0,255.0
44.04775309562683,baseline,889148,39.0,286.0,197.0,239.0,48.0,15.0,25.0,2.0,2.0,10.0,30.0,2.0,255.0
44.29908347129822,baseline,889402,39.0,286.0,197.0,240.0,48.0,15.0,25.0,2.0,2.0,10.0,30.0,2.0,255.0
44.55310320854187,baseline,889655,39.0,286.0,197.0,239.0,48.0,15.0,25.0,2.0,2.0,10.0,30.0,2.0,255.0
44.80592179298401,baseline,889908,40.0,286.0,197.0,240.0,48.0,15.0,25.0,2.0,2.0,10.0,30.0,2.0,255.0
45.059194803237915,baseline,890162,39.0,286.0,197.0,239.0,48.0,15.0,25.0,2.0,2.0,10.0,30.0,2.0,255.0
45.312981605529785,baseline,890415,39.0,286.0,197.0,240.0,48.0,15.0,25.0,2.0,2.0,10.0,30.0,2.0,255.0
45.56688618659973,baseline,890669,39.0,285.0,197.0,239.0,48.0,15.0,25.0,2.0,2.0,10.0,30.0,2.0,255.0
45.819087982177734,baseline,890921,39.0,286.0,197.0,240.0,48.0,15.0,25.0,2.0,2.0,10.0,30.0,2.0,255.0
46.0937237739563,baseline,891174,39.0,285.0,197.0,239.0,48.0,15.0,25.0,2.0,2.0,10.0,30.0,2.0,255.0
46.326149225234985,baseline,891428,39.0,286.0,197.0,240.0,48.0,15.0,25.0,2.0,2.0,10.0,30.0,2.0,255.0
46.57998728752136,baseline,891681,39.0,285.0,197.0,239.0,48.0,15.0,25.0,2.0,2.0,10.0,30.0,2.0,255.0
46.833099603652954,baseline,891935,39.0,286.0,197.0,240.0,48.0,15.0,25.0,2.0,2.0,10.0,30.0,2.0,255.0
47.086042642593384,baseline,892188,39.0,285.0,196.0,239.0,48.0,15.0,25.0,2.0,2.0,10.0,30.0,2.0,255.0
47.34003806114197,baseline,892442,39.0,285.0,197.0,240.0,48.0,15.0,25.0,2.0,2.0,10.0,30.0,2.0,255.0
47.592923164367676,baseline,892695,39.0,285.0,196.0,239.0,48.0,15.0,25.0,2.0,2.0,10.0,30.0,2.0,255.0
47.84589910507202,baseline,892948,39.0,285.0,197.0,239.0,48.0,15.0,25.0,2.0,2.0,10.0,30.0,2.0,255.0
48.12023615837097,baseline,893202,39.0,285.0,196.0,239.0,48.0,15.0,25.0,2.0,2.0,10.0,30.0,2.0,255.0
48.35307025909424,baseline,893455,39.0,285.0,197.0,239.0,48.0,15.0,25.0,2.0,2.0,10.0,30.0,2.0,255.0
48.60597372055054,baseline,893709,40.0,285.0,197.0,238.0,47.0,15.0,25.0,2.0,2.0,10.0,30.0,2.0,255.0
48.85998845100403,baseline,893962,39.0,285.0,197.0,239.0,48.0,15.0,25.0,2.0,2.0,10.0,30.0,2.0,255.0
49.11298942565918,baseline,894215,39.0,285.0,196.0,238.0,47.0,14.0,25.0,2.0,2.0,10.0,30.0,2.0,255.0
49.366607666015625,baseline,894469,39.0,285.0,196.0,239.0,48.0,15.0,25.0,2.0,2.0,10.0,30.0,2.0,255.0
49.640427112579346,baseline,894722,39.0,285.0,196.0,238.0,47.0,15.0,25.0,2.0,2.0,10.0,30.0,2.0,255.0
49.87299084663391,baseline,894976,39.0,285.0,197.0,239.0,48.0,15.0,25.0,2.0,2.0,10.0,30.0,2.0,255.0
50.126952171325684,baseline,895228,39.0,285.0,197.0,238.0,47.0,15.0,25.0,2.0,2.0,10.0,30.0,2.0,255.0
50.37992882728577,baseline,895482,39.0,285.0,197.0,239.0,48.0,15.0,25.0,2.0,2.0,10.0,30.0,2.0,255.0
50.63291311264038,baseline,895735,39.0,285.0,196.0,238.0,47.0,15.0,25.0,2.0,2.0,10.0,30.0,2.0,255.0
50.88692116737366,baseline,895988,40.0,285.0,197.0,239.0,48.0,15.0,25.0,2.0,2.0,10.0,30.0,2.0,255.0
51.13998460769653,baseline,896242,39.0,285.0,196.0,238.0,47.0,15.0,25.0,2.0,2.0,10.0,30.0,2.0,255.0
51.39310050010681,baseline,896495,39.0,285.0,197.0,239.0,48.0,15.0,25.0,2.0,2.0,10.0,30.0,2.0,255.0
51.646941900253296,baseline,896749,39.0,285.0,196.0,238.0,47.0,15.0,25.0,2.0,2.0,10.0,30.0,2.0,255.0
51.90013599395752,baseline,897002,39.0,285.0,196.0,239.0,48.0,15.0,25.0,2.0,2.0,10.0,30.0,2.0,255.0
52.153181076049805,baseline,897256,39.0,285.0,196.0,238.0,47.0,15.0,25.0,2.0,2.0,10.0,30.0,2.0,255.0
52.407047271728516,baseline,897509,39.0,285.0,196.0,239.0,48.0,15.0,25.0,2.0,2.0,10.0,30.0,2.0,255.0
52.66074991226196,baseline,897762,39.0,285.0,196.0,238.0,47.0,15.0,25.0,2.0,2.0,10.0,30.0,2.0,255.0
52.91404056549072,baseline,898016,39.0,285.0,197.0,239.0,48.0,14.0,25.0,2.0,2.0,10.0,30.0,2.0,255.0
53.16701889038086,baseline,898269,39.0,285.0,196.0,238.0,47.0,15.0,25.0,2.0,2.0,10.0,30.0,2.0,255.0
53.42000961303711,baseline,898523,39.0,285.0,197.0,239.0,48.0,15.0,25.0,2.0,2.0,10.0,30.0,2.0,255.0
53.67410469055176,baseline,898776,39.0,285.0,196.0,238.0,47.0,15.0,25.0,2.0,2.0,10.0,30.0,2.0,255.0
53.92705702781677,baseline,899028,39.0,285.0,197.0,239.0,48.0,15.0,25.0,2.0,2.0,10.0,30.0,2.0,255.0
54.18062901496887,baseline,899282,39.0,285.0,196.0,238.0,48.0,15.0,25.0,2.0,2.0,10.0,30.0,2.0,255.0
54.43413734436035,baseline,899535,39.0,285.0,197.0,239.0,48.0,15.0,25.0,2.0,2.0,10.0,30.0,2.0,255.0
54.687155961990356,baseline,899789,39.0,285.0,196.0,238.0,48.0,15.0,25.0,2.0,2.0,10.0,30.0,2.0,255.0
54.940221071243286,baseline,900042,40.0,286.0,197.0,239.0,48.0,15.0,25.0,2.0,2.0,10.0,30.0,2.0,255.0
55.194132566452026,baseline,900296,39.0,285.0,197.0,238.0,47.0,15.0,25.0,2.0,2.0,10.0,30.0,2.0,255.0
55.44725728034973,baseline,900549,39.0,286.0,197.0,239.0,48.0,15.0,25.0,2.0,2.0,10.0,30.0,2.0,255.0
55.70078468322754,baseline,900802,39.0,285.0,197.0,238.0,48.0,15.0,25.0,2.0,2.0,10.0,30.0,2.0,255.0
55.95410370826721,baseline,901056,39.0,286.0,197.0,239.0,48.0,15.0,25.0,2.0,2.0,10.0,30.0,2.0,255.0
56.20807147026062,baseline,901309,39.0,285.0,197.0,238.0,47.0,15.0,25.0,2.0,2.0,10.0,30.0,2.0,255.0
56.46128845214844,baseline,901563,40.0,286.0,197.0,239.0,48.0,15.0,25.0,2.0,2.0,10.0,30.0,2.0,255.0
56.714300870895386,baseline,901816,39.0,285.0,196.0,238.0,48.0,15.0,25.0,2.0,2.0,10.0,30.0,2.0,255.0
56.96732497215271,baseline,902069,40.0,286.0,197.0,239.0,48.0,15.0,25.0,2.0,2.0,10.0,30.0,2.0,255.0
57.22114562988281,baseline,902323,39.0,285.0,197.0,238.0,47.0,15.0,25.0,2.0,2.0,10.0,30.0,2.0,255.0
57.47415828704834,baseline,902576,40.0,286.0,197.0,239.0,48.0,15.0,25.0,2.0,2.0,10.0,30.0,2.0,255.0
57.72736597061157,baseline,902830,39.0,285.0,197.0,238.0,47.0,15.0,25.0,2.0,2.0,10.0,30.0,2.0,255.0
57.981041431427,baseline,903083,39.0,286.0,197.0,239.0,48.0,15.0,25.0,2.0,2.0,10.0,30.0,2.0,255.0
58.23429727554321,baseline,903336,39.0,285.0,197.0,238.0,47.0,15.0,25.0,2.0,2.0,10.0,30.0,2.0,255.0
58.48723340034485,baseline,903589,40.0,286.0,197.0,238.0,48.0,15.0,25.0,2.0,2.0,10.0,30.0,2.0,255.0
58.7412793636322,baseline,903842,39.0,285.0,197.0,237.0,47.0,15.0,25.0,2.0,2.0,10.0,30.0,2.0,255.0
58.99409246444702,baseline,904096,40.0,286.0,197.0,238.0,48.0,15.0,25.0,2.0,2.0,10.0,30.0,2.0,255.0
59.24839377403259,baseline,904349,39.0,286.0,197.0,238.0,48.0,15.0,25.0,2.0,2.0,10.0,30.0,2.0,255.0
59.50112557411194,baseline,904603,39.0,286.0,197.0,238.0,47.0,15.0,25.0,2.0,2.0,10.0,30.0,2.0,255.0
59.754143714904785,baseline,904856,39.0,285.0,197.0,238.0,47.0,15.0,25.0,2.0,2.0,10.0,30.0,2.0,255.0
60.00824522972107,baseline,905109,40.0,286.0,197.0,238.0,48.0,15.0,25.0,2.0,2.0,10.0,30.0,2.0,255.0
60.26099681854248,baseline,905363,39.0,285.0,197.0,238.0,47.0,15.0,25.0,2.0,2.0,10.0,30.0,2.0,255.0
60.51417779922485,baseline,905616,40.0,286.0,197.0,239.0,48.0,15.0,25.0,2.0,2.0,10.0,30.0,2.0,255.0
60.76814246177673,baseline,905870,39.0,285.0,197.0,238.0,47.0,15.0,25.0,2.0,2.0,10.0,30.0,2.0,255.0
61.02106976509094,baseline,906123,40.0,286.0,197.0,239.0,48.0,15.0,25.0,2.0,2.0,10.0,30.0,2.0,255.0
61.27412247657776,baseline,906377,39.0,285.0,197.0,238.0,48.0,15.0,25.0,2.0,2.0,10.0,30.0,2.0,255.0
61.52812957763672,baseline,906630,40.0,286.0,197.0,239.0,48.0,15.0,25.0,2.0,2.0,10.0,30.0,2.0,255.0
61.781174182891846,baseline,906883,39.0,285.0,197.0,238.0,48.0,15.0,25.0,2.0,2.0,10.0,30.0,2.0,255.0
62.03480100631714,baseline,907137,39.0,285.0,197.0,239.0,48.0,15.0,25.0,2.0,2.0,10.0,30.0,2.0,255.0
62.28823947906494,baseline,907389,39.0,285.0,197.0,238.0,48.0,15.0,25.0,2.0,2.0,10.0,30.0,2.0,255.0
62.54110765457153,baseline,907643,39.0,285.0,197.0,239.0,48.0,15.0,25.0,2.0,2.0,10.0,30.0,2.0,255.0
62.79583668708801,baseline,907896,39.0,285.0,197.0,238.0,48.0,15.0,25.0,2.0,2.0,10.0,30.0,2.0,255.0
63.04819917678833,baseline,908149,39.0,285.0,197.0,239.0,48.0,15.0,25.0,2.0,2.0,10.0,30.0,2.0,255.0
63.301223039627075,baseline,908403,39.0,285.0,197.0,238.0,48.0,15.0,25.0,2.0,2.0,10.0,30.0,2.0,255.0
63.55514645576477,baseline,908656,39.0,285.0,197.0,239.0,48.0,15.0,25.0,2.0,2.0,10.0,30.0,2.0,255.0
63.808350563049316,baseline,908910,39.0,285.0,197.0,238.0,48.0,15.0,25.0,2.0,2.0,10.0,30.0,2.0,255.0
64.0612256526947,baseline,909163,39.0,285.0,197.0,239.0,48.0,15.0,25.0,2.0,2.0,10.0,30.0,2.0,255.0
64.3151912689209,baseline,909417,39.0,285.0,197.0,238.0,48.0,15.0,25.0,2.0,2.0,10.0,30.0,2.0,255.0
64.56850147247314,baseline,909670,39.0,285.0,197.0,239.0,48.0,15.0,25.0,2.0,2.0,10.0,30.0,2.0,255.0
64.8242039680481,baseline,909923,39.0,285.0,197.0,238.0,48.0,15.0,25.0,2.0,2.0,10.0,30.0,2.0,255.0
65.07511234283447,baseline,910177,39.0,285.0,197.0,239.0,48.0,15.0,25.0,2.0,2.0,10.0,30.0,2.0,255.0
65.3284523487091,baseline,910430,39.0,285.0,197.0,238.0,48.0,15.0,25.0,2.0,2.0,10.0,30.0,2.0,255.0
65.58219313621521,baseline,910684,39.0,285.0,197.0,239.0,48.0,15.0,25.0,2.0,2.0,10.0,30.0,2.0,255.0
65.8351936340332,baseline,910937,39.0,285.0,197.0,238.0,48.0,15.0,25.0,2.0,2.0,10.0,30.0,2.0,255.0
66.08934378623962,baseline,911190,39.0,285.0,197.0,239.0,48.0,15.0,25.0,2.0,2.0,10.0,30.0,2.0,255.0
66.34287428855896,baseline,911443,39.0,285.0,197.0,238.0,48.0,15.0,25.0,2.0,2.0,10.0,30.0,2.0,255.0
66.59595561027527,baseline,911696,39.0,285.0,197.0,239.0,48.0,15.0,25.0,2.0,2.0,10.0,30.0,2.0,255.0
66.85110473632812,baseline,911950,39.0,285.0,197.0,238.0,48.0,14.0,25.0,2.0,2.0,10.0,30.0,2.0,255.0
67.10298681259155,baseline,912203,39.0,285.0,197.0,239.0,48.0,15.0,25.0,2.0,2.0,10.0,30.0,2.0,255.0
67.35547924041748,baseline,912457,39.0,285.0,197.0,238.0,48.0,15.0,25.0,2.0,2.0,10.0,30.0,2.0,255.0
67.61139702796936,baseline,912710,39.0,285.0,197.0,239.0,48.0,15.0,25.0,2.0,2.0,10.0,30.0,2.0,255.0
67.86309885978699,baseline,912963,39.0,285.0,197.0,238.0,48.0,15.0,25.0,2.0,2.0,10.0,30.0,2.0,255.0
68.11585140228271,baseline,913217,39.0,285.0,197.0,239.0,48.0,15.0,25.0,2.0,2.0,10.0,30.0,2.0,255.0
68.37092423439026,baseline,913470,39.0,285.0,197.0,238.0,48.0,14.0,25.0,2.0,2.0,10.0,30.0,2.0,255.0
68.62314558029175,baseline,913724,39.0,285.0,197.0,239.0,48.0,15.0,25.0,2.0,2.0,10.0,30.0,2.0,255.0
68.87646770477295,baseline,913977,39.0,285.0,197.0,238.0,48.0,15.0,25.0,2.0,2.0,10.0,30.0,2.0,255.0
69.1300482749939,baseline,914231,39.0,285.0,197.0,239.0,48.0,14.0,25.0,2.0,2.0,10.0,30.0,2.0,255.0
69.38311529159546,baseline,914484,39.0,285.0,197.0,238.0,48.0,15.0,25.0,2.0,2.0,10.0,30.0,2.0,255.0
69.63724541664124,baseline,914737,39.0,285.0,197.0,239.0,48.0,15.0,25.0,2.0,2.0,10.0,30.0,2.0,255.0
69.8900556564331,baseline,914991,39.0,285.0,197.0,238.0,48.0,15.0,25.0,2.0,2.0,10.0,30.0,2.0,255.0
70.14317440986633,baseline,915244,39.0,285.0,197.0,239.0,48.0,15.0,25.0,2.0,2.0,10.0,30.0,2.0,255.0
70.39608693122864,baseline,915497,39.0,285.0,197.0,238.0,48.0,14.0,25.0,2.0,2.0,10.0,30.0,2.0,255.0
70.64976191520691,baseline,915750,39.0,285.0,197.0,239.0,48.0,15.0,25.0,2.0,2.0,10.0,30.0,2.0,255.0
70.9048068523407,baseline,916003,39.0,285.0,197.0,238.0,48.0,15.0,25.0,2.0,2.0,10.0,30.0,2.0,255.0
71.15733003616333,baseline,916257,39.0,285.0,197.0,239.0,48.0,15.0,25.0,2.0,2.0,10.0,30.0,2.0,255.0
71.4104528427124,baseline,916510,39.0,285.0,197.0,238.0,48.0,15.0,25.0,2.0,2.0,10.0,30.0,2.0,255.0
71.66351461410522,baseline,916764,39.0,285.0,197.0,239.0,48.0,15.0,25.0,2.0,2.0,10.0,30.0,2.0,255.0
71.91678524017334,baseline,917017,39.0,284.0,197.0,238.0,48.0,15.0,25.0,2.0,2.0,10.0,30.0,2.0,255.0
72.17032241821289,baseline,917271,39.0,285.0,197.0,239.0,48.0,15.0,25.0,2.0,2.0,10.0,30.0,2.0,255.0
72.42280602455139,baseline,917524,39.0,285.0,197.0,238.0,48.0,15.0,25.0,2.0,2.0,10.0,30.0,2.0,255.0
72.67733073234558,baseline,917777,39.0,285.0,197.0,239.0,48.0,15.0,25.0,2.0,2.0,10.0,30.0,2.0,255.0
72.92982935905457,baseline,918031,39.0,285.0,197.0,238.0,48.0,15.0,25.0,2.0,2.0,10.0,30.0,2.0,255.0
73.18304371833801,baseline,918284,39.0,285.0,197.0,239.0,48.0,15.0,25.0,2.0,2.0,10.0,30.0,2.0,255.0
73.43805313110352,baseline,918538,39.0,284.0,197.0,239.0,48.0,14.0,25.0,2.0,2.0,10.0,30.0,2.0,255.0
73.69048237800598,baseline,918791,39.0,285.0,197.0,239.0,48.0,15.0,25.0,2.0,2.0,10.0,30.0,2.0,255.0
73.94273686408997,baseline,919044,39.0,284.0,197.0,239.0,48.0,14.0,25.0,2.0,2.0,10.0,30.0,2.0,255.0
74.19698429107666,baseline,919298,39.0,285.0,197.0,239.0,48.0,14.0,25.0,2.0,2.0,10.0,30.0,2.0,255.0
74.45090866088867,baseline,919550,39.0,284.0,197.0,239.0,48.0,15.0,25.0,2.0,2.0,10.0,30.0,2.0,255.0
74.70531296730042,baseline,919804,39.0,285.0,197.0,240.0,48.0,15.0,25.0,2.0,2.0,10.0,30.0,2.0,255.0
74.95722675323486,baseline,920057,39.0,284.0,197.0,239.0,48.0,15.0,25.0,2.0,2.0,10.0,30.0,2.0,255.0
75.21467709541321,baseline,920311,39.0,285.0,197.0,240.0,48.0,15.0,25.0,2.0,2.0,10.0,30.0,2.0,255.0
75.46412897109985,baseline,920564,39.0,284.0,197.0,239.0,48.0,15.0,25.0,2.0,2.0,10.0,30.0,2.0,255.0
75.71742415428162,baseline,920817,39.0,285.0,197.0,240.0,48.0,15.0,25.0,2.0,2.0,10.0,30.0,2.0,255.0
75.97046136856079,baseline,921071,39.0,284.0,197.0,239.0,48.0,15.0,25.0,2.0,2.0,10.0,30.0,2.0,255.0
76.22522354125977,baseline,921324,39.0,285.0,197.0,240.0,48.0,15.0,25.0,2.0,2.0,10.0,30.0,2.0,255.0
76.47726655006409,baseline,921578,39.0,284.0,197.0,239.0,48.0,14.0,25.0,2.0,2.0,10.0,30.0,2.0,255.0
76.73061466217041,baseline,921831,39.0,284.0,197.0,239.0,48.0,15.0,25.0,2.0,2.0,10.0,30.0,2.0,255.0
76.98539662361145,baseline,922084,39.0,284.0,197.0,239.0,48.0,15.0,25.0,2.0,2.0,10.0,30.0,2.0,255.0
77.23741412162781,baseline,922338,39.0,284.0,197.0,240.0,48.0,15.0,25.0,2.0,2.0,10.0,30.0,2.0,255.0
77.49097275733948,baseline,922591,39.0,284.0,197.0,239.0,48.0,15.0,25.0,2.0,2.0,10.0,30.0,2.0,255.0
77.74503874778748,baseline,922845,39.0,284.0,197.0,240.0,48.0,15.0,25.0,2.0,2.0,10.0,30.0,2.0,255.0
77.99714279174805,baseline,923098,39.0,284.0,197.0,239.0,48.0,15.0,25.0,2.0,2.0,10.0,30.0,2.0,255.0
78.25134801864624,baseline,923352,39.0,284.0,197.0,239.0,48.0,15.0,25.0,2.0,2.0,10.0,30.0,2.0,255.0
78.50425958633423,baseline,923604,39.0,284.0,197.0,239.0,48.0,15.0,25.0,2.0,2.0,10.0,30.0,2.0,255.0
78.75801157951355,baseline,923857,39.0,284.0,197.0,239.0,48.0,15.0,25.0,2.0,2.0,10.0,30.0,2.0,255.0
79.01222133636475,baseline,924111,39.0,284.0,197.0,239.0,48.0,15.0,25.0,2.0,2.0,10.0,30.0,2.0,255.0
79.26443934440613,baseline,924364,39.0,284.0,197.0,240.0,48.0,15.0,25.0,2.0,2.0,10.0,30.0,2.0,255.0
79.53808498382568,baseline,924618,39.0,284.0,197.0,239.0,48.0,14.0,25.0,2.0,2.0,10.0,30.0,2.0,255.0
79.77113103866577,baseline,924871,39.0,284.0,197.0,240.0,48.0,15.0,25.0,2.0,2.0,10.0,30.0,2.0,255.0
80.04370284080505,baseline,925124,39.0,284.0,197.0,239.0,48.0,15.0,25.0,2.0,2.0,10.0,30.0,2.0,255.0
80.27823567390442,baseline,925378,39.0,284.0,197.0,240.0,48.0,15.0,25.0,2.0,2.0,10.0,30.0,2.0,255.0
80.53103971481323,baseline,925631,39.0,284.0,197.0,239.0,48.0,15.0,25.0,2.0,2.0,10.0,30.0,2.0,255.0
80.78474950790405,baseline,925885,39.0,284.0,197.0,239.0,48.0,15.0,25.0,2.0,2.0,10.0,30.0,2.0,255.0
81.03781700134277,baseline,926138,39.0,284.0,197.0,239.0,48.0,15.0,25.0,2.0,2.0,10.0,30.0,2.0,255.0
81.29128837585449,baseline,926392,39.0,284.0,197.0,240.0,48.0,15.0,25.0,2.0,2.0,10.0,30.0,2.0,255.0
81.54528856277466,baseline,926645,39.0,284.0,197.0,239.0,48.0,14.0,25.0,2.0,2.0,10.0,30.0,2.0,255.0
81.79883551597595,baseline,926898,39.0,284.0,197.0,240.0,48.0,15.0,25.0,2.0,2.0,10.0,30.0,2.0,255.0
82.05097818374634,baseline,927152,39.0,284.0,197.0,239.0,48.0,15.0,25.0,2.0,2.0,10.0,30.0,2.0,255.0
82.304114818573,baseline,927405,39.0,284.0,197.0,239.0,48.0,15.0,25.0,2.0,2.0,10.0,30.0,2.0,255.0
82.55817079544067,baseline,927659,39.0,284.0,197.0,239.0,48.0,14.0,25.0,2.0,2.0,10.0,30.0,2.0,255.0
82.8111219406128,baseline,927911,39.0,284.0,197.0,240.0,48.0,15.0,25.0,2.0,2.0,10.0,30.0,2.0,255.0
83.06663012504578,baseline,928165,39.0,284.0,197.0,239.0,48.0,14.0,25.0,2.0,2.0,10.0,30.0,2.0,255.0
83.3184015750885,baseline,928418,39.0,284.0,197.0,240.0,48.0,15.0,25.0,2.0,2.0,10.0,30.0,2.0,255.0
83.57133030891418,baseline,928671,39.0,284.0,197.0,239.0,48.0,15.0,25.0,2.0,2.0,10.0,30.0,2.0,255.0
83.82616186141968,baseline,928925,39.0,284.0,197.0,239.0,48.0,15.0,25.0,2.0,2.0,10.0,30.0,2.0,255.0
84.07912349700928,baseline,929178,39.0,284.0,197.0,239.0,48.0,14.0,25.0,2.0,2.0,10.0,30.0,2.0,255.0
84.33150553703308,baseline,929432,39.0,284.0,197.0,239.0,48.0,15.0,25.0,2.0,2.0,10.0,30.0,2.0,255.0
84.5850625038147,baseline,929685,39.0,283.0,197.0,238.0,48.0,15.0,25.0,2.0,2.0,10.0,30.0,2.0,255.0
84.83837938308716,baseline,929938,39.0,284.0,197.0,239.0,48.0,15.0,25.0,2.0,2.0,10.0,30.0,2.0,255.0
85.09119534492493,baseline,930192,39.0,283.0,197.0,238.0,48.0,15.0,25.0,2.0,2.0,10.0,30.0,2.0,255.0
85.34562253952026,baseline,930445,39.0,284.0,197.0,239.0,48.0,15.0,25.0,2.0,2.0,10.0,30.0,2.0,255.0
85.59832549095154,baseline,930699,39.0,283.0,197.0,238.0,48.0,15.0,25.0,2.0,2.0,10.0,30.0,2.0,255.0
85.85144805908203,baseline,930952,39.0,284.0,197.0,239.0,48.0,15.0,25.0,2.0,2.0,10.0,30.0,2.0,255.0
86.12512683868408,baseline,931206,39.0,283.0,197.0,239.0,48.0,15.0,25.0,2.0,2.0,10.0,30.0,2.0,255.0
86.35824131965637,baseline,931459,39.0,283.0,197.0,239.0,48.0,14.0,25.0,2.0,2.0,10.0,30.0,2.0,255.0
86.61225891113281,baseline,931712,39.0,283.0,197.0,238.0,48.0,15.0,25.0,2.0,2.0,10.0,30.0,2.0,255.0
86.86545872688293,baseline,931965,39.0,284.0,197.0,239.0,48.0,15.0,25.0,2.0,2.0,10.0,30.0,2.0,255.0
87.11836409568787,baseline,932218,39.0,283.0,197.0,239.0,48.0,14.0,25.0,2.0,2.0,10.0,30.0,2.0,255.0
87.37289762496948,baseline,932472,38.0,283.0,197.0,239.0,48.0,15.0,25.0,2.0,2.0,10.0,30.0,2.0,255.0
87.62533259391785,baseline,932725,38.0,283.0,197.0,239.0,48.0,15.0,25.0,2.0,2.0,10.0,30.0,2.0,255.0
87.87857007980347,baseline,932978,39.0,283.0,197.0,239.0,48.0,15.0,25.0,2.0,2.0,10.0,30.0,2.0,255.0
88.1322066783905,baseline,933232,38.0,283.0,197.0,238.0,48.0,15.0,25.0,2.0,2.0,10.0,30.0,2.0,255.0
88.38627099990845,baseline,933485,39.0,283.0,197.0,239.0,48.0,15.0,25.0,2.0,2.0,10.0,30.0,2.0,255.0
88.63879728317261,baseline,933739,38.0,283.0,197.0,238.0,48.0,15.0,25.0,2.0,2.0,10.0,30.0,2.0,255.0
88.89269375801086,baseline,933992,39.0,283.0,197.0,239.0,48.0,15.0,25.0,2.0,2.0,10.0,30.0,2.0,255.0
89.1458535194397,baseline,934246,38.0,283.0,197.0,238.0,48.0,15.0,25.0,2.0,2.0,10.0,30.0,2.0,255.0
89.39965963363647,baseline,934499,39.0,283.0,197.0,239.0,48.0,15.0,25.0,2.0,2.0,10.0,30.0,2.0,255.0
89.65232276916504,baseline,934752,38.0,283.0,197.0,238.0,48.0,15.0,25.0,2.0,2.0,10.0,30.0,2.0,255.0
89.90514278411865,baseline,935006,39.0,283.0,197.0,239.0,48.0,15.0,25.0,2.0,2.0,10.0,30.0,2.0,255.0
90.15912771224976,baseline,935259,38.0,283.0,197.0,238.0,48.0,15.0,25.0,2.0,2.0,10.0,30.0,2.0,255.0
90.41287398338318,baseline,935513,39.0,283.0,197.0,239.0,48.0,15.0,25.0,2.0,2.0,10.0,30.0,2.0,255.0
90.66515517234802,baseline,935766,38.0,283.0,196.0,238.0,48.0,15.0,25.0,2.0,2.0,10.0,30.0,2.0,255.0
90.91949701309204,baseline,936018,38.0,283.0,197.0,239.0,48.0,15.0,25.0,2.0,2.0,10.0,30.0,2.0,255.0
91.17246103286743,baseline,936272,38.0,283.0,197.0,238.0,48.0,15.0,25.0,2.0,2.0,10.0,30.0,2.0,255.0
91.42543172836304,baseline,936525,39.0,283.0,197.0,239.0,48.0,15.0,25.0,2.0,2.0,10.0,30.0,2.0,255.0
91.67989993095398,baseline,936779,38.0,283.0,196.0,238.0,47.0,15.0,25.0,2.0,2.0,10.0,30.0,2.0,255.0
91.93282914161682,baseline,937032,39.0,283.0,197.0,239.0,48.0,15.0,25.0,2.0,2.0,10.0,30.0,2.0,255.0
92.1858401298523,baseline,937286,38.0,283.0,197.0,238.0,48.0,15.0,25.0,2.0,2.0,10.0,30.0,2.0,255.0
92.43935370445251,baseline,937539,39.0,283.0,197.0,239.0,48.0,15.0,25.0,2.0,2.0,10.0,30.0,2.0,255.0
92.69269466400146,baseline,937792,38.0,283.0,197.0,238.0,47.0,15.0,25.0,2.0,2.0,10.0,30.0,2.0,255.0
92.94670987129211,baseline,938046,38.0,283.0,197.0,239.0,48.0,15.0,25.0,2.0,2.0,10.0,30.0,2.0,255.0
93.22003388404846,baseline,938299,39.0,283.0,197.0,238.0,48.0,15.0,25.0,2.0,2.0,10.0,30.0,2.0,255.0
93.45222735404968,baseline,938553,38.0,283.0,197.0,239.0,48.0,15.0,25.0,2.0,2.0,10.0,30.0,2.0,255.0
93.72602128982544,baseline,938806,38.0,283.0,197.0,238.0,48.0,15.0,25.0,2.0,2.0,10.0,30.0,2.0,255.0
93.95940732955933,baseline,939059,39.0,283.0,197.0,239.0,48.0,15.0,25.0,2.0,2.0,10.0,30.0,2.0,255.0
94.2125895023346,baseline,939313,38.0,283.0,197.0,238.0,47.0,15.0,25.0,2.0,2.0,10.0,30.0,2.0,255.0
94.46678566932678,baseline,939566,39.0,283.0,197.0,239.0,48.0,15.0,25.0,2.0,2.0,10.0,30.0,2.0,255.0
94.71932768821716,baseline,939820,38.0,283.0,197.0,238.0,47.0,14.0,25.0,2.0,2.0,10.0,30.0,2.0,255.0
94.97254657745361,baseline,940072,39.0,283.0,197.0,239.0,48.0,15.0,25.0,2.0,2.0,10.0,30.0,2.0,255.0
95.22632670402527,baseline,940326,39.0,283.0,197.0,238.0,47.0,15.0,25.0,2.0,2.0,10.0,30.0,2.0,255.0
95.48163318634033,baseline,940579,39.0,283.0,197.0,239.0,48.0,15.0,25.0,2.0,2.0,10.0,30.0,2.0,255.0
95.73333644866943,baseline,940832,39.0,283.0,197.0,238.0,48.0,15.0,25.0,2.0,2.0,10.0,30.0,2.0,255.0
95.9871735572815,baseline,941086,38.0,283.0,197.0,238.0,48.0,15.0,25.0,2.0,2.0,10.0,30.0,2.0,255.0
96.24142384529114,baseline,941339,38.0,283.0,197.0,238.0,48.0,15.0,25.0,2.0,2.0,10.0,30.0,2.0,255.0
96.49413108825684,baseline,941593,39.0,283.0,197.0,238.0,48.0,15.0,25.0,2.0,2.0,10.0,30.0,2.0,255.0
96.7464849948883,baseline,941846,39.0,283.0,197.0,238.0,47.0,15.0,25.0,2.0,2.0,10.0,30.0,2.0,255.0
97.00011110305786,baseline,942100,38.0,283.0,197.0,238.0,48.0,15.0,25.0,2.0,2.0,10.0,30.0,2.0,255.0
97.25349926948547,baseline,942353,38.0,283.0,197.0,237.0,47.0,15.0,25.0,2.0,2.0,10.0,30.0,2.0,255.0
97.50702571868896,baseline,942606,39.0,283.0,197.0,238.0,48.0,15.0,25.0,2.0,2.0,10.0,30.0,2.0,255.0
97.7596869468689,baseline,942860,38.0,283.0,196.0,237.0,47.0,15.0,25.0,2.0,2.0,10.0,30.0,2.0,255.0
98.01325273513794,baseline,943113,39.0,283.0,197.0,238.0,48.0,15.0,25.0,2.0,2.0,10.0,30.0,2.0,255.0
98.26645874977112,baseline,943367,38.0,283.0,197.0,237.0,48.0,15.0,25.0,2.0,2.0,10.0,30.0,2.0,255.0
98.52070713043213,baseline,943620,39.0,283.0,197.0,238.0,47.0,15.0,25.0,2.0,2.0,10.0,30.0,2.0,255.0
98.77334785461426,baseline,943873,38.0,283.0,197.0,237.0,47.0,15.0,25.0,2.0,2.0,10.0,30.0,2.0,255.0
99.02646112442017,baseline,944126,39.0,283.0,197.0,238.0,47.0,15.0,25.0,2.0,2.0,10.0,30.0,2.0,255.0
99.28079128265381,baseline,944379,38.0,283.0,197.0,237.0,47.0,15.0,25.0,2.0,2.0,10.0,30.0,2.0,255.0
99.53351473808289,baseline,944633,39.0,283.0,197.0,238.0,48.0,15.0,25.0,2.0,2.0,10.0,30.0,2.0,255.0
99.78692173957825,baseline,944886,38.0,283.0,197.0,237.0,47.0,15.0,25.0,2.0,2.0,10.0,30.0,2.0,255.0
100.04071831703186,baseline,945140,39.0,283.0,197.0,238.0,48.0,15.0,25.0,2.0,2.0,10.0,30.0,2.0,255.0
100.29333209991455,baseline,945393,39.0,283.0,197.0,237.0,47.0,15.0,25.0,2.0,2.0,10.0,30.0,2.0,255.0
100.54663705825806,baseline,945646,39.0,283.0,197.0,238.0,48.0,15.0,25.0,2.0,2.0,10.0,30.0,2.0,255.0
100.80075716972351,baseline,945900,38.0,283.0,197.0,237.0,47.0,15.0,25.0,2.0,2.0,10.0,30.0,2.0,255.0
101.0536482334137,baseline,946153,39.0,283.0,197.0,238.0,47.0,15.0,25.0,2.0,2.0,10.0,30.0,2.0,255.0
101.30653429031372,baseline,946407,38.0,283.0,197.0,237.0,47.0,15.0,25.0,2.0,2.0,10.0,30.0,2.0,255.0
101.56052899360657,baseline,946660,38.0,283.0,197.0,238.0,47.0,15.0,25.0,2.0,2.0,10.0,30.0,2.0,255.0
101.81360125541687,baseline,946913,38.0,283.0,196.0,237.0,47.0,15.0,25.0,2.0,2.0,10.0,30.0,2.0,255.0
102.06769037246704,baseline,947167,38.0,283.0,197.0,238.0,47.0,15.0,25.0,2.0,2.0,10.0,30.0,2.0,255.0
102.32166576385498,baseline,947420,38.0,282.0,196.0,237.0,47.0,15.0,25.0,2.0,2.0,10.0,30.0,2.0,255.0
102.57353568077087,baseline,947674,39.0,283.0,197.0,238.0,47.0,15.0,25.0,2.0,2.0,10.0,30.0,2.0,255.0
102.82774424552917,baseline,947927,38.0,282.0,196.0,237.0,47.0,15.0,25.0,2.0,2.0,10.0,30.0,2.0,255.0
103.08088541030884,baseline,948180,38.0,283.0,196.0,238.0,47.0,15.0,25.0,2.0,2.0,10.0,30.0,2.0,255.0
103.33417081832886,baseline,948433,38.0,282.0,196.0,237.0,47.0,15.0,25.0,2.0,2.0,10.0,30.0,2.0,255.0
103.58745574951172,baseline,948686,38.0,283.0,196.0,238.0,47.0,15.0,25.0,2.0,2.0,10.0,30.0,2.0,255.0
103.84213209152222,baseline,948940,38.0,282.0,196.0,237.0,47.0,15.0,25.0,2.0,2.0,10.0,30.0,2.0,255.0
104.09368062019348,baseline,949193,38.0,283.0,196.0,238.0,47.0,15.0,25.0,2.0,2.0,10.0,30.0,2.0,255.0
104.34759044647217,baseline,949447,38.0,282.0,196.0,237.0,47.0,15.0,25.0,2.0,2.0,10.0,30.0,2.0,255.0
104.60539841651917,baseline,949700,38.0,282.0,196.0,238.0,47.0,15.0,25.0,2.0,2.0,10.0,30.0,2.0,255.0
104.85417056083679,baseline,949953,38.0,282.0,196.0,237.0,47.0,15.0,25.0,2.0,2.0,10.0,30.0,2.0,255.0
105.1082022190094,baseline,950207,38.0,282.0,197.0,237.0,48.0,15.0,25.0,2.0,2.0,10.0,30.0,2.0,255.0
105.36087822914124,baseline,950460,38.0,282.0,196.0,237.0,47.0,15.0,25.0,2.0,2.0,10.0,30.0,2.0,255.0
105.61569142341614,baseline,950714,39.0,282.0,196.0,237.0,48.0,15.0,25.0,2.0,2.0,10.0,30.0,2.0,255.0
105.86765623092651,baseline,950967,38.0,282.0,196.0,237.0,47.0,15.0,25.0,2.0,2.0,10.0,30.0,2.0,255.0
106.123544216156,baseline,951221,38.0,282.0,197.0,238.0,47.0,15.0,25.0,2.0,2.0,10.0,30.0,2.0,255.0
106.37498903274536,baseline,951474,38.0,282.0,196.0,237.0,47.0,15.0,25.0,2.0,2.0,10.0,30.0,2.0,255.0
106.62828207015991,baseline,951727,38.0,282.0,196.0,238.0,48.0,15.0,25.0,2.0,2.0,10.0,30.0,2.0,255.0
106.88025546073914,baseline,951981,38.0,282.0,196.0,237.0,47.0,15.0,25.0,2.0,2.0,10.0,30.0,2.0,255.0
107.13616180419922,baseline,952233,38.0,282.0,197.0,238.0,48.0,15.0,25.0,2.0,2.0,10.0,30.0,2.0,255.0
107.38745379447937,baseline,952487,38.0,282.0,196.0,237.0,47.0,15.0,25.0,2.0,2.0,10.0,30.0,2.0,255.0
107.64116287231445,baseline,952740,38.0,282.0,196.0,238.0,48.0,15.0,25.0,2.0,2.0,10.0,30.0,2.0,255.0
107.8948142528534,baseline,952993,38.0,282.0,196.0,237.0,47.0,15.0,25.0,2.0,2.0,10.0,30.0,2.0,255.0
108.14762830734253,baseline,953247,38.0,282.0,196.0,238.0,48.0,15.0,25.0,2.0,2.0,10.0,30.0,2.0,255.0
108.40221452713013,baseline,953500,38.0,282.0,196.0,237.0,47.0,15.0,25.0,2.0,2.0,10.0,30.0,2.0,255.0
108.65438508987427,baseline,953754,38.0,282.0,197.0,238.0,48.0,15.0,25.0,2.0,2.0,10.0,30.0,2.0,255.0
108.90726232528687,baseline,954007,38.0,282.0,196.0,237.0,47.0,15.0,25.0,2.0,2.0,10.0,30.0,2.0,255.0
109.1639289855957,baseline,954261,38.0,282.0,197.0,238.0,48.0,15.0,25.0,2.0,2.0,10.0,30.0,2.0,255.0
109.41464018821716,baseline,954514,38.0,282.0,196.0,237.0,47.0,15.0,25.0,2.0,2.0,10.0,30.0,2.0,255.0
109.66773128509521,baseline,954767,38.0,282.0,197.0,238.0,48.0,15.0,25.0,2.0,2.0,10.0,30.0,2.0,255.0
109.92132568359375,baseline,955021,38.0,282.0,196.0,237.0,47.0,15.0,25.0,2.0,2.0,10.0,30.0,2.0,255.0
110.17464137077332,baseline,955274,38.0,282.0,197.0,238.0,48.0,15.0,25.0,2.0,2.0,10.0,30.0,2.0,255.0
110.42728614807129,baseline,955528,38.0,282.0,196.0,237.0,47.0,15.0,25.0,2.0,2.0,10.0,30.0,2.0,255.0
110.68142700195312,baseline,955781,38.0,282.0,197.0,237.0,48.0,15.0,25.0,2.0,2.0,10.0,30.0,2.0,255.0
110.93487977981567,baseline,956034,38.0,282.0,196.0,237.0,48.0,15.0,25.0,2.0,2.0,10.0,30.0,2.0,255.0
111.1884024143219,baseline,956288,39.0,282.0,197.0,238.0,48.0,15.0,25.0,2.0,2.0,10.0,30.0,2.0,255.0
111.44140839576721,baseline,956540,38.0,282.0,196.0,237.0,47.0,15.0,25.0,2.0,2.0,10.0,30.0,2.0,255.0
111.69447016716003,baseline,956794,38.0,282.0,196.0,238.0,48.0,15.0,25.0,2.0,2.0,10.0,30.0,2.0,255.0
111.9483208656311,baseline,957047,39.0,282.0,196.0,237.0,48.0,14.0,25.0,2.0,2.0,10.0,30.0,2.0,255.0
112.2017126083374,baseline,957301,38.0,282.0,196.0,238.0,48.0,15.0,25.0,2.0,2.0,10.0,30.0,2.0,255.0
112.45473861694336,baseline,957554,38.0,282.0,196.0,237.0,47.0,15.0,25.0,2.0,2.0,10.0,30.0,2.0,255.0
112.70847010612488,baseline,957807,38.0,282.0,197.0,237.0,48.0,15.0,25.0,2.0,2.0,10.0,30.0,2.0,255.0
112.96149826049805,baseline,958061,38.0,282.0,197.0,237.0,47.0,15.0,25.0,2.0,2.0,10.0,30.0,2.0,255.0
113.21438646316528,baseline,958314,39.0,282.0,197.0,238.0,47.0,15.0,25.0,2.0,2.0,10.0,30.0,2.0,255.0
113.46841192245483,baseline,958568,38.0,282.0,196.0,237.0,47.0,15.0,25.0,2.0,2.0,10.0,30.0,2.0,255.0
113.72143149375916,baseline,958821,38.0,282.0,197.0,238.0,48.0,15.0,25.0,2.0,2.0,10.0,30.0,2.0,255.0
113.9752459526062,baseline,959075,38.0,282.0,196.0,237.0,47.0,15.0,25.0,2.0,2.0,10.0,30.0,2.0,255.0
114.22836375236511,baseline,959328,38.0,282.0,197.0,238.0,48.0,15.0,25.0,2.0,2.0,10.0,30.0,2.0,255.0
114.48155927658081,baseline,959581,38.0,282.0,196.0,237.0,47.0,15.0,25.0,2.0,2.0,10.0,30.0,2.0,255.0
114.73582577705383,baseline,959835,38.0,282.0,197.0,238.0,48.0,15.0,25.0,2.0,2.0,10.0,30.0,2.0,255.0
114.98926901817322,baseline,960088,38.0,282.0,196.0,237.0,47.0,15.0,25.0,2.0,2.0,10.0,30.0,2.0,255.0
115.24146509170532,baseline,960342,38.0,282.0,197.0,238.0,48.0,15.0,25.0,2.0,2.0,10.0,30.0,2.0,255.0
115.49556684494019,baseline,960594,38.0,282.0,196.0,237.0,48.0,14.0,25.0,2.0,2.0,10.0,30.0,2.0,255.0
115.74857759475708,baseline,960847,38.0,282.0,197.0,238.0,48.0,15.0,25.0,2.0,2.0,10.0,30.0,2.0,255.0
116.0015082359314,baseline,961101,38.0,282.0,196.0,237.0,47.0,15.0,25.0,2.0,2.0,10.0,30.0,2.0,255.0
116.25791788101196,baseline,961354,38.0,282.0,197.0,238.0,48.0,15.0,25.0,2.0,2.0,10.0,30.0,2.0,255.0
116.50871896743774,baseline,961608,38.0,282.0,196.0,237.0,47.0,15.0,25.0,2.0,2.0,10.0,30.0,2.0,255.0
116.7616126537323,baseline,961861,39.0,282.0,197.0,238.0,48.0,15.0,25.0,2.0,2.0,10.0,30.0,2.0,255.0
117.01561498641968,baseline,962115,38.0,282.0,196.0,237.0,47.0,15.0,25.0,2.0,2.0,10.0,30.0,2.0,255.0
117.26863026618958,baseline,962368,38.0,282.0,197.0,237.0,48.0,15.0,25.0,2.0,2.0,10.0,30.0,2.0,255.0
117.52425026893616,baseline,962621,38.0,282.0,196.0,237.0,47.0,15.0,25.0,2.0,2.0,10.0,30.0,2.0,255.0
117.77583456039429,baseline,962875,38.0,282.0,197.0,238.0,48.0,15.0,25.0,2.0,2.0,10.0,30.0,2.0,255.0
118.029541015625,baseline,963128,38.0,282.0,196.0,237.0,47.0,15.0,25.0,2.0,2.0,10.0,30.0,2.0,255.0
118.28312134742737,baseline,963382,38.0,282.0,197.0,238.0,48.0,15.0,25.0,2.0,2.0,10.0,30.0,2.0,255.0
118.53638243675232,baseline,963635,38.0,282.0,196.0,237.0,48.0,15.0,25.0,2.0,2.0,10.0,30.0,2.0,255.0
118.79002833366394,baseline,963888,38.0,282.0,197.0,238.0,48.0,15.0,25.0,2.0,2.0,10.0,30.0,2.0,255.0
119.04288220405579,baseline,964142,38.0,282.0,196.0,237.0,47.0,15.0,25.0,2.0,2.0,10.0,30.0,2.0,255.0
119.29612040519714,baseline,964395,38.0,282.0,197.0,238.0,48.0,15.0,25.0,2.0,2.0,10.0,30.0,2.0,255.0
119.55015683174133,baseline,964648,38.0,282.0,197.0,237.0,47.0,15.0,25.0,2.0,2.0,10.0,30.0,2.0,255.0
119.80297780036926,baseline,964901,38.0,282.0,197.0,238.0,48.0,15.0,25.0,2.0,2.0,10.0,30.0,2.0,255.0
120.05799984931946,baseline,965155,38.0,282.0,197.0,237.0,48.0,15.0,25.0,2.0,2.0,10.0,30.0,2.0,255.0
120.31041860580444,baseline,965408,38.0,282.0,197.0,238.0,48.0,15.0,25.0,2.0,2.0,10.0,30.0,2.0,255.0
120.56305575370789,baseline,965661,38.0,282.0,196.0,237.0,48.0,15.0,25.0,2.0,2.0,10.0,30.0,2.0,255.0
120.81652021408081,baseline,965915,38.0,282.0,197.0,238.0,48.0,15.0,25.0,2.0,2.0,10.0,30.0,2.0,255.0
121.09012079238892,baseline,966168,38.0,282.0,197.0,237.0,48.0,15.0,25.0,2.0,2.0,10.0,30.0,2.0,255.0
121.3233425617218,baseline,966422,39.0,282.0,197.0,238.0,48.0,15.0,25.0,2.0,2.0,10.0,30.0,2.0,255.0
121.5768313407898,baseline,966675,38.0,282.0,196.0,237.0,47.0,15.0,25.0,2.0,2.0,10.0,30.0,2.0,255.0
121.83027243614197,baseline,966928,38.0,282.0,197.0,238.0,48.0,15.0,25.0,2.0,2.0,10.0,30.0,2.0,255.0
122.0829176902771,baseline,967182,38.0,282.0,197.0,237.0,47.0,15.0,25.0,2.0,2.0,10.0,30.0,2.0,255.0
122.33643412590027,baseline,967435,38.0,282.0,197.0,238.0,48.0,15.0,25.0,2.0,2.0,10.0,30.0,2.0,255.0
122.5910713672638,baseline,967689,38.0,282.0,197.0,237.0,48.0,15.0,25.0,2.0,2.0,10.0,30.0,2.0,255.0
122.84277272224426,baseline,967942,38.0,282.0,197.0,238.0,48.0,15.0,25.0,2.0,2.0,10.0,30.0,2.0,255.0
123.09759664535522,baseline,968196,38.0,282.0,197.0,237.0,48.0,15.0,25.0,2.0,2.0,10.0,30.0,2.0,255.0
123.35059356689453,baseline,968449,38.0,282.0,197.0,238.0,48.0,15.0,25.0,2.0,2.0,10.0,30.0,2.0,255.0
123.60345506668091,baseline,968701,38.0,282.0,197.0,237.0,48.0,15.0,25.0,2.0,2.0,10.0,30.0,2.0,255.0
123.85867285728455,baseline,968955,39.0,282.0,197.0,238.0,48.0,15.0,25.0,2.0,2.0,10.0,30.0,2.0,255.0
124.10975503921509,baseline,969208,38.0,282.0,197.0,237.0,48.0,15.0,25.0,2.0,2.0,10.0,30.0,2.0,255.0
124.36314749717712,baseline,969462,38.0,282.0,197.0,238.0,48.0,15.0,25.0,2.0,2.0,10.0,30.0,2.0,255.0
124.63623309135437,baseline,969715,38.0,282.0,197.0,237.0,48.0,15.0,25.0,2.0,2.0,10.0,30.0,2.0,255.0
124.86988878250122,baseline,969968,38.0,282.0,197.0,238.0,48.0,15.0,25.0,2.0,2.0,10.0,30.0,2.0,255.0
125.12288022041321,baseline,970222,38.0,282.0,197.0,237.0,48.0,14.0,25.0,2.0,2.0,10.0,30.0,2.0,255.0
125.37789463996887,baseline,970475,38.0,282.0,197.0,238.0,48.0,15.0,25.0,2.0,2.0,10.0,30.0,2.0,255.0
125.62982988357544,baseline,970729,38.0,282.0,197.0,237.0,48.0,15.0,25.0,2.0,2.0,10.0,30.0,2.0,255.0
125.8829231262207,baseline,970982,38.0,282.0,197.0,238.0,48.0,15.0,25.0,2.0,2.0,10.0,30.0,2.0,255.0
126.13685822486877,baseline,971236,38.0,282.0,196.0,237.0,48.0,15.0,25.0,2.0,2.0,10.0,30.0,2.0,255.0
126.39092683792114,baseline,971489,38.0,282.0,197.0,238.0,47.0,14.0,25.0,2.0,2.0,10.0,30.0,2.0,255.0
126.64495325088501,baseline,971742,38.0,282.0,197.0,237.0,48.0,15.0,25.0,2.0,2.0,10.0,30.0,2.0,255.0
126.89790892601013,baseline,971996,38.0,282.0,197.0,238.0,48.0,15.0,25.0,2.0,2.0,10.0,30.0,2.0,255.0
127.14970088005066,baseline,972249,38.0,282.0,197.0,237.0,48.0,14.0,25.0,2.0,2.0,10.0,30.0,2.0,255.0
127.42407941818237,baseline,972503,38.0,282.0,197.0,238.0,48.0,15.0,25.0,2.0,2.0,10.0,30.0,2.0,255.0
127.6567747592926,baseline,972755,38.0,282.0,197.0,237.0,48.0,15.0,25.0,2.0,2.0,10.0,30.0,2.0,255.0
127.90980839729309,baseline,973009,38.0,282.0,197.0,238.0,48.0,15.0,25.0,2.0,2.0,10.0,30.0,2.0,255.0
128.1638147830963,baseline,973262,38.0,282.0,197.0,237.0,48.0,15.0,25.0,2.0,2.0,10.0,30.0,2.0,255.0
128.41711735725403,baseline,973515,38.0,282.0,197.0,238.0,48.0,15.0,25.0,2.0,2.0,10.0,30.0,2.0,255.0
128.6697642803192,baseline,973769,38.0,282.0,197.0,237.0,47.0,15.0,25.0,2.0,2.0,10.0,30.0,2.0,255.0
128.92379426956177,baseline,974022,38.0,282.0,197.0,238.0,48.0,15.0,25.0,2.0,2.0,10.0,30.0,2.0,255.0
129.17737913131714,baseline,974276,38.0,282.0,197.0,237.0,48.0,15.0,25.0,2.0,2.0,10.0,30.0,2.0,255.0
129.43075370788574,baseline,974529,38.0,282.0,197.0,238.0,48.0,15.0,25.0,2.0,2.0,10.0,30.0,2.0,255.0
129.6840500831604,baseline,974782,38.0,282.0,196.0,237.0,48.0,15.0,25.0,2.0,2.0,10.0,30.0,2.0,255.0
129.9372124671936,baseline,975036,38.0,282.0,197.0,238.0,48.0,15.0,25.0,2.0,2.0,10.0,30.0,2.0,255.0
130.19150757789612,baseline,975289,38.0,282.0,197.0,237.0,48.0,15.0,25.0,2.0,2.0,10.0,30.0,2.0,255.0
130.44463729858398,baseline,975543,38.0,282.0,197.0,238.0,48.0,15.0,25.0,2.0,2.0,10.0,30.0,2.0,255.0
130.6973328590393,baseline,975796,38.0,282.0,197.0,237.0,48.0,15.0,25.0,2.0,2.0,10.0,30.0,2.0,255.0
130.95127367973328,baseline,976050,38.0,282.0,197.0,238.0,48.0,15.0,25.0,2.0,2.0,10.0,30.0,2.0,255.0
131.20600175857544,baseline,976303,38.0,282.0,197.0,237.0,48.0,15.0,25.0,2.0,2.0,10.0,30.0,2.0,255.0
131.45754957199097,baseline,976556,38.0,282.0,197.0,238.0,48.0,15.0,25.0,2.0,2.0,10.0,30.0,2.0,255.0
131.71259784698486,baseline,976809,38.0,282.0,197.0,237.0,48.0,15.0,25.0,2.0,2.0,10.0,30.0,2.0,255.0
131.96428513526917,baseline,977062,38.0,282.0,197.0,238.0,48.0,14.0,25.0,2.0,2.0,10.0,30.0,2.0,255.0
132.21976518630981,baseline,977316,38.0,282.0,197.0,237.0,48.0,15.0,25.0,2.0,2.0,10.0,30.0,2.0,255.0
132.47305560112,baseline,977569,38.0,282.0,197.0,238.0,48.0,15.0,25.0,2.0,2.0,10.0,30.0,2.0,255.0
132.72422242164612,baseline,977822,38.0,282.0,197.0,237.0,48.0,15.0,25.0,2.0,2.0,10.0,30.0,2.0,255.0
132.98161554336548,baseline,978076,38.0,282.0,197.0,238.0,48.0,15.0,25.0,2.0,2.0,10.0,30.0,2.0,255.0
133.2311806678772,baseline,978329,38.0,282.0,197.0,237.0,48.0,15.0,25.0,2.0,2.0,10.0,30.0,2.0,255.0
133.4849352836609,baseline,978583,38.0,282.0,197.0,238.0,48.0,15.0,25.0,2.0,2.0,10.0,30.0,2.0,255.0
133.7588701248169,baseline,978836,38.0,282.0,197.0,237.0,48.0,14.0,25.0,2.0,2.0,10.0,30.0,2.0,255.0
133.9914903640747,baseline,979090,38.0,282.0,197.0,238.0,48.0,15.0,25.0,2.0,2.0,10.0,30.0,2.0,255.0
134.24454832077026,baseline,979343,38.0,282.0,197.0,237.0,47.0,15.0,25.0,2.0,2.0,10.0,30.0,2.0,255.0
134.49982929229736,baseline,979596,38.0,282.0,197.0,238.0,48.0,15.0,25.0,2.0,2.0,10.0,30.0,2.0,255.0
134.75193572044373,baseline,979850,38.0,282.0,197.0,237.0,48.0,15.0,25.0,2.0,2.0,10.0,30.0,2.0,255.0
135.00906419754028,baseline,980103,38.0,282.0,197.0,238.0,48.0,15.0,25.0,2.0,2.0,10.0,30.0,2.0,255.0
135.25906538963318,baseline,980357,38.0,282.0,197.0,237.0,48.0,15.0,25.0,2.0,2.0,10.0,30.0,2.0,255.0
135.51158738136292,baseline,980610,38.0,282.0,197.0,238.0,48.0,15.0,25.0,2.0,2.0,10.0,30.0,2.0,255.0
135.76541566848755,baseline,980862,38.0,282.0,197.0,237.0,48.0,15.0,25.0,2.0,2.0,10.0,30.0,2.0,255.0
136.01940369606018,baseline,981116,38.0,282.0,197.0,238.0,48.0,15.0,25.0,2.0,2.0,10.0,30.0,2.0,255.0
136.27491569519043,baseline,981369,38.0,282.0,197.0,237.0,48.0,15.0,25.0,2.0,2.0,10.0,30.0,2.0,255.0
136.52515506744385,baseline,981623,38.0,282.0,197.0,238.0,48.0,15.0,25.0,2.0,2.0,10.0,30.0,2.0,255.0
136.77835083007812,baseline,981876,38.0,282.0,197.0,237.0,48.0,15.0,25.0,2.0,2.0,10.0,30.0,2.0,255.0
137.03113842010498,baseline,982130,38.0,282.0,197.0,238.0,48.0,15.0,25.0,2.0,2.0,10.0,30.0,2.0,255.0
137.28654408454895,baseline,982383,38.0,282.0,197.0,237.0,48.0,15.0,25.0,2.0,2.0,10.0,30.0,2.0,255.0
137.53898191452026,baseline,982636,38.0,282.0,197.0,238.0,48.0,15.0,25.0,2.0,2.0,10.0,30.0,2.0,255.0
137.79177904129028,baseline,982890,38.0,282.0,197.0,237.0,48.0,15.0,25.0,2.0,2.0,10.0,30.0,2.0,255.0
138.04594087600708,baseline,983143,38.0,282.0,197.0,238.0,48.0,15.0,25.0,2.0,2.0,10.0,30.0,2.0,255.0
138.2980191707611,baseline,983397,38.0,282.0,197.0,237.0,48.0,15.0,25.0,2.0,2.0,10.0,30.0,2.0,255.0
138.5520532131195,baseline,983650,38.0,282.0,197.0,238.0,48.0,15.0,25.0,2.0,2.0,10.0,30.0,2.0,255.0
138.80578112602234,baseline,983903,38.0,282.0,197.0,237.0,48.0,15.0,25.0,2.0,2.0,10.0,30.0,2.0,255.0
139.05848360061646,baseline,984157,39.0,282.0,197.0,237.0,48.0,14.0,25.0,2.0,2.0,10.0,30.0,2.0,255.0
139.3120596408844,baseline,984410,38.0,282.0,197.0,237.0,48.0,15.0,25.0,2.0,2.0,10.0,30.0,2.0,255.0
139.56539011001587,baseline,984664,38.0,282.0,197.0,238.0,48.0,15.0,25.0,2.0,2.0,10.0,30.0,2.0,255.0
139.81850385665894,baseline,984916,38.0,282.0,197.0,237.0,48.0,15.0,25.0,2.0,2.0,10.0,30.0,2.0,255.0
140.07227897644043,baseline,985170,38.0,282.0,197.0,238.0,48.0,15.0,25.0,2.0,2.0,10.0,30.0,2.0,255.0
140.32666301727295,baseline,985423,38.0,282.0,197.0,237.0,48.0,15.0,25.0,2.0,2.0,10.0,30.0,2.0,255.0
140.57891201972961,baseline,985676,38.0,282.0,197.0,238.0,48.0,15.0,25.0,2.0,2.0,10.0,30.0,2.0,255.0
140.83260989189148,baseline,985930,38.0,282.0,197.0,237.0,48.0,15.0,25.0,2.0,2.0,10.0,30.0,2.0,255.0
141.08558702468872,baseline,986183,38.0,282.0,197.0,238.0,48.0,15.0,25.0,2.0,2.0,10.0,30.0,2.0,255.0
141.33966279029846,baseline,986437,38.0,282.0,197.0,237.0,48.0,15.0,25.0,2.0,2.0,10.0,30.0,2.0,255.0
141.59303522109985,baseline,986690,38.0,282.0,197.0,237.0,48.0,15.0,25.0,2.0,2.0,10.0,30.0,2.0,255.0
141.84566259384155,baseline,986944,38.0,282.0,197.0,237.0,48.0,15.0,25.0,2.0,2.0,10.0,30.0,2.0,255.0
142.09963750839233,baseline,987197,38.0,282.0,197.0,238.0,48.0,15.0,25.0,2.0,2.0,10.0,30.0,2.0,255.0
142.35234594345093,baseline,987450,38.0,282.0,197.0,237.0,47.0,15.0,25.0,2.0,2.0,10.0,30.0,2.0,255.0
142.60562372207642,baseline,987704,38.0,282.0,197.0,238.0,48.0,15.0,25.0,2.0,2.0,10.0,30.0,2.0,255.0
142.85966396331787,baseline,987957,38.0,282.0,197.0,237.0,48.0,15.0,25.0,2.0,2.0,10.0,30.0,2.0,255.0
143.1125886440277,baseline,988211,38.0,282.0,197.0,237.0,48.0,15.0,25.0,2.0,2.0,10.0,30.0,2.0,255.0
143.36547183990479,baseline,988464,38.0,282.0,197.0,237.0,47.0,14.0,25.0,2.0,2.0,10.0,30.0,2.0,255.0
143.61986255645752,baseline,988717,38.0,282.0,197.0,237.0,47.0,15.0,25.0,2.0,2.0,10.0,30.0,2.0,255.0
143.8725688457489,baseline,988971,39.0,282.0,197.0,237.0,47.0,15.0,25.0,2.0,2.0,10.0,30.0,2.0,255.0
144.12570190429688,baseline,989223,38.0,282.0,197.0,238.0,48.0,15.0,25.0,2.0,2.0,10.0,30.0,2.0,255.0
144.3796305656433,baseline,989477,38.0,282.0,197.0,236.0,48.0,15.0,25.0,2.0,2.0,10.0,30.0,2.0,255.0
144.6340835094452,baseline,989730,38.0,282.0,197.0,237.0,48.0,15.0,25.0,2.0,2.0,10.0,30.0,2.0,255.0
144.88649582862854,baseline,989984,38.0,282.0,197.0,237.0,47.0,15.0,25.0,2.0,2.0,10.0,30.0,2.0,255.0
145.1395525932312,baseline,990237,38.0,282.0,197.0,237.0,48.0,15.0,25.0,2.0,2.0,10.0,30.0,2.0,255.0
145.3926703929901,baseline,990490,38.0,282.0,197.0,237.0,47.0,15.0,25.0,2.0,2.0,10.0,30.0,2.0,255.0
145.64683985710144,baseline,990744,39.0,282.0,197.0,237.0,48.0,15.0,25.0,2.0,2.0,10.0,30.0,2.0,255.0
145.89988732337952,baseline,990997,38.0,282.0,197.0,236.0,47.0,15.0,25.0,2.0,2.0,10.0,30.0,2.0,255.0
146.15318989753723,baseline,991251,38.0,282.0,197.0,237.0,48.0,15.0,25.0,2.0,2.0,10.0,30.0,2.0,255.0
146.4069561958313,baseline,991504,38.0,282.0,197.0,236.0,47.0,15.0,25.0,2.0,2.0,10.0,30.0,2.0,255.0
146.65996646881104,baseline,991757,38.0,282.0,197.0,237.0,47.0,15.0,25.0,2.0,2.0,10.0,30.0,2.0,255.0
146.91269183158875,baseline,992011,38.0,282.0,197.0,236.0,47.0,15.0,25.0,2.0,2.0,10.0,30.0,2.0,255.0
147.16706442832947,baseline,992264,38.0,282.0,197.0,237.0,48.0,15.0,25.0,2.0,2.0,10.0,30.0,2.0,255.0
147.41954565048218,baseline,992518,38.0,282.0,197.0,236.0,48.0,15.0,25.0,2.0,2.0,10.0,30.0,2.0,255.0
147.67375206947327,baseline,992771,38.0,282.0,197.0,237.0,48.0,15.0,25.0,2.0,2.0,10.0,30.0,2.0,255.0
147.92685437202454,baseline,993025,38.0,282.0,197.0,236.0,48.0,15.0,25.0,2.0,2.0,10.0,30.0,2.0,255.0
148.1801998615265,baseline,993277,38.0,282.0,197.0,237.0,48.0,15.0,25.0,2.0,2.0,10.0,30.0,2.0,255.0
148.43358278274536,baseline,993530,38.0,282.0,197.0,236.0,47.0,15.0,25.0,2.0,2.0,10.0,30.0,2.0,255.0
148.68678641319275,baseline,993784,38.0,282.0,197.0,237.0,48.0,15.0,25.0,2.0,2.0,10.0,30.0,2.0,255.0
148.94048309326172,baseline,994037,38.0,282.0,197.0,236.0,47.0,14.0,25.0,2.0,2.0,10.0,30.0,2.0,255.0
149.19404864311218,baseline,994291,38.0,282.0,197.0,237.0,47.0,15.0,25.0,2.0,2.0,10.0,30.0,2.0,255.0
149.4466187953949,baseline,994544,38.0,282.0,197.0,236.0,48.0,15.0,25.0,2.0,2.0,10.0,30.0,2.0,255.0
149.7007999420166,baseline,994797,38.0,282.0,197.0,237.0,48.0,15.0,25.0,2.0,2.0,10.0,30.0,2.0,255.0
149.9543297290802,baseline,995051,38.0,282.0,197.0,236.0,47.0,15.0,25.0,2.0,2.0,10.0,30.0,2.0,255.0
150.2071852684021,baseline,995304,38.0,282.0,197.0,237.0,48.0,15.0,25.0,2.0,2.0,10.0,30.0,2.0,255.0
150.45976090431213,baseline,995558,38.0,282.0,197.0,236.0,47.0,15.0,25.0,2.0,2.0,10.0,30.0,2.0,255.0
150.71403408050537,baseline,995811,39.0,282.0,197.0,237.0,48.0,15.0,25.0,2.0,2.0,10.0,30.0,2.0,255.0
150.9667251110077,baseline,996065,38.0,282.0,197.0,236.0,48.0,15.0,25.0,2.0,2.0,10.0,30.0,2.0,255.0
151.22150707244873,baseline,996318,38.0,282.0,197.0,237.0,47.0,15.0,25.0,2.0,2.0,10.0,30.0,2.0,255.0
151.47392535209656,baseline,996571,38.0,282.0,197.0,236.0,48.0,15.0,25.0,2.0,2.0,10.0,30.0,2.0,255.0
151.72713041305542,baseline,996825,38.0,282.0,197.0,237.0,48.0,15.0,25.0,2.0,2.0,10.0,30.0,2.0,255.0
151.98087906837463,baseline,997078,38.0,282.0,197.0,236.0,47.0,15.0,25.0,2.0,2.0,10.0,30.0,2.0,255.0
152.23372840881348,baseline,997331,38.0,282.0,197.0,237.0,47.0,15.0,25.0,2.0,2.0,10.0,30.0,2.0,255.0
152.487202167511,baseline,997584,38.0,282.0,197.0,236.0,47.0,15.0,25.0,2.0,2.0,10.0,30.0,2.0,255.0
152.7408082485199,baseline,997837,38.0,282.0,197.0,237.0,48.0,15.0,25.0,2.0,2.0,10.0,30.0,2.0,255.0
153.01330637931824,baseline,998091,38.0,282.0,197.0,236.0,47.0,15.0,25.0,2.0,2.0,10.0,30.0,2.0,255.0
153.24667763710022,baseline,998344,38.0,282.0,197.0,237.0,48.0,15.0,25.0,2.0,2.0,10.0,30.0,2.0,255.0
153.5009000301361,baseline,998598,38.0,282.0,197.0,236.0,47.0,15.0,25.0,2.0,2.0,10.0,30.0,2.0,255.0
153.75413584709167,baseline,998851,38.0,282.0,197.0,237.0,47.0,15.0,25.0,2.0,2.0,10.0,30.0,2.0,255.0
154.0079357624054,baseline,999105,38.0,282.0,197.0,236.0,47.0,15.0,25.0,2.0,2.0,10.0,30.0,2.0,255.0
154.26068377494812,baseline,999358,38.0,282.0,197.0,237.0,47.0,15.0,25.0,2.0,2.0,10.0,30.0,2.0,255.0
154.5140528678894,baseline,999611,38.0,282.0,197.0,236.0,47.0,15.0,25.0,2.0,2.0,10.0,30.0,2.0,255.0
154.76858520507812,baseline,999865,38.0,282.0,197.0,237.0,47.0,15.0,25.0,2.0,2.0,10.0,30.0,2.0,255.0
155.02115154266357,baseline,1000118,38.0,282.0,197.0,236.0,47.0,15.0,25.0,2.0,2.0,10.0,30.0,2.0,255.0
155.2943787574768,baseline,1000372,38.0,282.0,197.0,237.0,47.0,15.0,25.0,2.0,2.0,10.0,30.0,2.0,255.0
155.52781987190247,baseline,1000625,38.0,282.0,197.0,236.0,47.0,15.0,25.0,2.0,2.0,10.0,30.0,2.0,255.0
155.78230834007263,baseline,1000879,38.0,282.0,197.0,237.0,47.0,15.0,25.0,2.0,2.0,10.0,30.0,2.0,255.0
156.0352761745453,baseline,1001132,38.0,282.0,197.0,236.0,47.0,15.0,25.0,2.0,2.0,10.0,30.0,2.0,255.0
156.28871417045593,baseline,1001384,38.0,282.0,197.0,237.0,47.0,15.0,25.0,2.0,2.0,10.0,30.0,2.0,255.0
156.54124879837036,baseline,1001638,38.0,282.0,197.0,236.0,47.0,15.0,25.0,2.0,2.0,10.0,30.0,2.0,255.0
156.79586005210876,baseline,1001891,38.0,282.0,197.0,237.0,48.0,15.0,25.0,2.0,2.0,10.0,30.0,2.0,255.0
157.04792094230652,baseline,1002145,38.0,282.0,197.0,236.0,47.0,15.0,25.0,2.0,2.0,10.0,30.0,2.0,255.0
157.30074644088745,baseline,1002398,38.0,282.0,197.0,237.0,47.0,15.0,25.0,2.0,2.0,10.0,30.0,2.0,255.0
157.5550525188446,baseline,1002652,38.0,282.0,197.0,236.0,47.0,15.0,25.0,2.0,2.0,10.0,30.0,2.0,255.0
157.80872297286987,baseline,1002905,38.0,282.0,197.0,237.0,47.0,15.0,25.0,2.0,2.0,10.0,30.0,2.0,255.0
158.0620346069336,baseline,1003159,38.0,281.0,197.0,236.0,47.0,15.0,25.0,2.0,2.0,10.0,30.0,2.0,255.0
158.31506443023682,baseline,1003412,38.0,282.0,197.0,237.0,47.0,15.0,25.0,2.0,2.0,10.0,30.0,2.0,255.0
158.56789231300354,baseline,1003665,38.0,282.0,197.0,236.0,47.0,15.0,25.0,2.0,2.0,10.0,30.0,2.0,255.0
158.82194256782532,baseline,1003919,38.0,282.0,197.0,237.0,48.0,15.0,25.0,2.0,2.0,10.0,30.0,2.0,255.0
159.07571601867676,baseline,1004172,38.0,281.0,197.0,236.0,47.0,15.0,25.0,2.0,2.0,10.0,30.0,2.0,255.0
159.32927823066711,baseline,1004426,38.0,282.0,197.0,237.0,48.0,15.0,25.0,2.0,2.0,10.0,30.0,2.0,255.0
159.58226776123047,baseline,1004679,38.0,281.0,197.0,236.0,47.0,15.0,25.0,2.0,2.0,10.0,30.0,2.0,255.0
159.8353636264801,baseline,1004933,38.0,281.0,197.0,237.0,47.0,15.0,25.0,2.0,2.0,10.0,30.0,2.0,255.0
160.08882784843445,baseline,1005186,38.0,281.0,196.0,236.0,47.0,15.0,25.0,2.0,2.0,10.0,30.0,2.0,255.0
160.3418734073639,baseline,1005440,38.0,281.0,197.0,237.0,48.0,15.0,25.0,2.0,2.0,10.0,30.0,2.0,255.0
160.59617853164673,baseline,1005692,38.0,281.0,197.0,236.0,47.0,15.0,25.0,2.0,2.0,10.0,30.0,2.0,255.0
160.84899306297302,baseline,1005945,38.0,281.0,197.0,237.0,48.0,15.0,25.0,2.0,2.0,10.0,30.0,2.0,255.0
161.10211396217346,baseline,1006199,38.0,281.0,197.0,236.0,47.0,15.0,25.0,2.0,2.0,10.0,30.0,2.0,255.0
161.3562035560608,baseline,1006452,38.0,281.0,197.0,237.0,47.0,15.0,25.0,2.0,2.0,10.0,30.0,2.0,255.0
161.6092700958252,baseline,1006706,38.0,281.0,196.0,236.0,47.0,15.0,25.0,2.0,2.0,10.0,30.0,2.0,255.0
161.86211109161377,baseline,1006959,38.0,281.0,197.0,237.0,47.0,15.0,25.0,2.0,2.0,10.0,30.0,2.0,255.0
162.11585807800293,baseline,1007213,38.0,281.0,196.0,236.0,47.0,15.0,25.0,2.0,2.0,10.0,30.0,2.0,255.0
162.36899209022522,baseline,1007466,38.0,281.0,197.0,237.0,48.0,15.0,25.0,2.0,2.0,10.0,30.0,2.0,255.0
162.62314796447754,baseline,1007720,38.0,281.0,196.0,236.0,47.0,15.0,25.0,2.0,2.0,10.0,30.0,2.0,255.0
162.87610840797424,baseline,1007973,38.0,281.0,197.0,237.0,48.0,15.0,25.0,2.0,2.0,10.0,30.0,2.0,255.0
163.12918782234192,baseline,1008226,38.0,281.0,197.0,236.0,47.0,15.0,25.0,2.0,2.0,10.0,30.0,2.0,255.0
163.38304328918457,baseline,1008480,38.0,281.0,197.0,237.0,48.0,15.0,25.0,2.0,2.0,10.0,30.0,2.0,255.0
163.63642287254333,baseline,1008733,38.0,281.0,196.0,236.0,47.0,15.0,25.0,2.0,2.0,10.0,30.0,2.0,255.0
163.89086937904358,baseline,1008987,38.0,281.0,197.0,237.0,48.0,15.0,25.0,2.0,2.0,10.0,30.0,2.0,255.0
164.14390587806702,baseline,1009240,38.0,281.0,196.0,236.0,47.0,15.0,25.0,2.0,2.0,10.0,30.0,2.0,255.0
164.3971631526947,baseline,1009494,38.0,281.0,197.0,237.0,48.0,15.0,25.0,2.0,2.0,10.0,30.0,2.0,255.0
164.65111207962036,baseline,1009746,38.0,281.0,196.0,236.0,47.0,15.0,25.0,2.0,2.0,10.0,30.0,2.0,255.0
164.90335297584534,baseline,1010000,38.0,281.0,197.0,237.0,48.0,15.0,25.0,2.0,2.0,10.0,30.0,2.0,255.0
165.1592402458191,baseline,1010253,38.0,281.0,196.0,236.0,48.0,15.0,25.0,2.0,2.0,10.0,30.0,2.0,255.0
165.41131210327148,baseline,1010506,38.0,281.0,196.0,236.0,48.0,15.0,25.0,2.0,2.0,10.0,30.0,2.0,255.0
165.66388463974,baseline,1010760,38.0,281.0,196.0,235.0,47.0,15.0,25.0,2.0,2.0,10.0,30.0,2.0,255.0
165.9172065258026,baseline,1011013,38.0,281.0,196.0,236.0,47.0,15.0,25.0,2.0,2.0,10.0,30.0,2.0,255.0
166.1710569858551,baseline,1011267,38.0,281.0,196.0,236.0,47.0,15.0,25.0,2.0,2.0,10.0,30.0,2.0,255.0
166.42461276054382,baseline,1011520,38.0,281.0,197.0,237.0,48.0,15.0,25.0,2.0,2.0,10.0,30.0,2.0,255.0
166.67878651618958,baseline,1011774,38.0,281.0,197.0,236.0,48.0,15.0,25.0,2.0,2.0,10.0,30.0,2.0,255.0
166.93019199371338,baseline,1012027,38.0,281.0,197.0,237.0,48.0,15.0,25.0,2.0,2.0,10.0,30.0,2.0,255.0
167.1842234134674,baseline,1012281,38.0,281.0,197.0,236.0,47.0,15.0,25.0,2.0,2.0,10.0,30.0,2.0,255.0
167.4380030632019,baseline,1012534,38.0,281.0,197.0,237.0,48.0,15.0,25.0,2.0,2.0,10.0,30.0,2.0,255.0
167.69022870063782,baseline,1012787,38.0,281.0,197.0,236.0,47.0,15.0,25.0,2.0,2.0,10.0,30.0,2.0,255.0
167.94433903694153,baseline,1013041,38.0,281.0,197.0,237.0,48.0,15.0,25.0,2.0,2.0,10.0,30.0,2.0,255.0
168.1970992088318,baseline,1013294,38.0,281.0,197.0,236.0,47.0,15.0,25.0,2.0,2.0,10.0,30.0,2.0,255.0
168.45120477676392,baseline,1013548,38.0,281.0,197.0,237.0,48.0,15.0,25.0,2.0,2.0,10.0,30.0,2.0,255.0
168.70484232902527,baseline,1013800,38.0,281.0,197.0,236.0,48.0,15.0,25.0,2.0,2.0,10.0,30.0,2.0,255.0
168.95765376091003,baseline,1014054,38.0,281.0,197.0,237.0,48.0,15.0,25.0,2.0,2.0,10.0,30.0,2.0,255.0
169.21188831329346,baseline,1014307,38.0,281.0,197.0,236.0,47.0,15.0,25.0,2.0,2.0,10.0,30.0,2.0,255.0
169.4640371799469,baseline,1014561,38.0,281.0,197.0,237.0,48.0,15.0,25.0,2.0,2.0,10.0,30.0,2.0,255.0
169.7182903289795,baseline,1014814,38.0,281.0,197.0,236.0,48.0,15.0,25.0,2.0,2.0,10.0,30.0,2.0,255.0
169.97135376930237,baseline,1015067,38.0,282.0,197.0,237.0,48.0,15.0,25.0,2.0,2.0,10.0,30.0,2.0,255.0
170.22447991371155,baseline,1015321,38.0,281.0,197.0,236.0,48.0,15.0,25.0,2.0,2.0,10.0,30.0,2.0,255.0
170.47834467887878,baseline,1015574,38.0,282.0,197.0,237.0,48.0,15.0,25.0,2.0,2.0,10.0,30.0,2.0,255.0
170.7310779094696,baseline,1015828,38.0,282.0,197.0,236.0,47.0,15.0,25.0,2.0,2.0,10.0,30.0,2.0,255.0
170.98415851593018,baseline,1016081,38.0,282.0,197.0,237.0,48.0,15.0,25.0,2.0,2.0,10.0,30.0,2.0,255.0
171.2385277748108,baseline,1016335,38.0,281.0,197.0,236.0,47.0,14.0,25.0,2.0,2.0,10.0,30.0,2.0,255.0
171.49153971672058,baseline,1016588,38.0,282.0,197.0,236.0,48.0,15.0,25.0,2.0,2.0,10.0,30.0,2.0,255.0
171.7452416419983,baseline,1016842,38.0,281.0,197.0,235.0,48.0,15.0,25.0,2.0,2.0,10.0,30.0,2.0,255.0
171.99854588508606,baseline,1017095,38.0,282.0,197.0,236.0,48.0,15.0,25.0,2.0,2.0,10.0,30.0,2.0,255.0
172.25133681297302,baseline,1017348,38.0,281.0,197.0,235.0,47.0,14.0,25.0,2.0,2.0,10.0,30.0,2.0,255.0
172.50535011291504,baseline,1017602,38.0,282.0,197.0,236.0,48.0,15.0,25.0,2.0,2.0,10.0,30.0,2.0,255.0
172.75813102722168,baseline,1017854,38.0,282.0,196.0,235.0,47.0,15.0,25.0,2.0,2.0,10.0,30.0,2.0,255.0
173.0132691860199,baseline,1018108,38.0,282.0,197.0,236.0,48.0,15.0,25.0,2.0,2.0,10.0,30.0,2.0,255.0
173.26569533348083,baseline,1018361,38.0,282.0,197.0,235.0,47.0,15.0,25.0,2.0,2.0,10.0,30.0,2.0,255.0
173.51837253570557,baseline,1018615,38.0,282.0,197.0,236.0,48.0,15.0,25.0,2.0,2.0,10.0,30.0,2.0,255.0
173.77215933799744,baseline,1018868,38.0,282.0,197.0,235.0,47.0,15.0,25.0,2.0,2.0,10.0,30.0,2.0,255.0
174.04604816436768,baseline,1019122,38.0,282.0,197.0,237.0,48.0,15.0,25.0,2.0,2.0,10.0,30.0,2.0,255.0
174.27924418449402,baseline,1019375,38.0,282.0,197.0,236.0,48.0,15.0,25.0,2.0,2.0,10.0,30.0,2.0,255.0
174.5322515964508,baseline,1019628,39.0,282.0,197.0,237.0,48.0,15.0,25.0,2.0,2.0,10.0,30.0,2.0,255.0
174.7853765487671,baseline,1019882,38.0,282.0,197.0,237.0,48.0,15.0,25.0,2.0,2.0,10.0,30.0,2.0,255.0
175.03933787345886,baseline,1020135,38.0,282.0,197.0,237.0,48.0,15.0,25.0,2.0,2.0,10.0,30.0,2.0,255.0
175.29283833503723,baseline,1020389,38.0,282.0,197.0,236.0,48.0,15.0,25.0,2.0,2.0,10.0,30.0,2.0,255.0
175.54575991630554,baseline,1020642,38.0,282.0,197.0,237.0,48.0,15.0,25.0,2.0,2.0,10.0,30.0,2.0,255.0
175.82010698318481,baseline,1020896,38.0,282.0,197.0,237.0,48.0,15.0,25.0,2.0,2.0,10.0,30.0,2.0,255.0
176.05285692214966,baseline,1021149,38.0,283.0,197.0,237.0,48.0,15.0,25.0,2.0,2.0,10.0,30.0,2.0,255.0
176.30698204040527,baseline,1021403,38.0,282.0,197.0,237.0,48.0,15.0,25.0,2.0,2.0,10.0,30.0,2.0,255.0
176.55963730812073,baseline,1021656,38.0,282.0,197.0,237.0,48.0,15.0,25.0,2.0,2.0,10.0,30.0,2.0,255.0
176.81281852722168,baseline,1021908,38.0,282.0,197.0,236.0,48.0,15.0,25.0,2.0,2.0,10.0,30.0,2.0,255.0
177.06747674942017,baseline,1022162,38.0,282.0,197.0,237.0,48.0,15.0,25.0,2.0,2.0,10.0,30.0,2.0,255.0
177.31998443603516,baseline,1022415,38.0,282.0,197.0,237.0,48.0,15.0,25.0,2.0,2.0,10.0,30.0,2.0,255.0
177.57350134849548,baseline,1022669,39.0,283.0,197.0,237.0,48.0,15.0,25.0,2.0,2.0,10.0,30.0,2.0,255.0
177.82655143737793,baseline,1022922,38.0,282.0,197.0,236.0,48.0,15.0,25.0,2.0,2.0,10.0,30.0,2.0,255.0
178.0798316001892,baseline,1023176,38.0,282.0,197.0,237.0,48.0,15.0,25.0,2.0,2.0,10.0,30.0,2.0,255.0
178.33381509780884,baseline,1023429,38.0,282.0,197.0,236.0,48.0,15.0,25.0,2.0,2.0,10.0,30.0,2.0,255.0
178.60638236999512,baseline,1023683,38.0,283.0,197.0,237.0,48.0,15.0,25.0,2.0,2.0,10.0,30.0,2.0,255.0
178.84091448783875,baseline,1023936,38.0,282.0,197.0,236.0,48.0,14.0,25.0,2.0,2.0,10.0,30.0,2.0,255.0
179.09386920928955,baseline,1024189,38.0,282.0,197.0,237.0,48.0,15.0,25.0,2.0,2.0,10.0,30.0,2.0,255.0
179.34634590148926,baseline,1024443,38.0,282.0,197.0,236.0,48.0,15.0,25.0,2.0,2.0,10.0,30.0,2.0,255.0
179.60029363632202,baseline,1024696,39.0,283.0,197.0,237.0,48.0,15.0,25.0,2.0,2.0,10.0,30.0,2.0,255.0
179.85333728790283,baseline,1024950,38.0,282.0,197.0,236.0,48.0,15.0,25.0,2.0,2.0,10.0,30.0,2.0,255.0
180.10692596435547,baseline,1025203,38.0,283.0,197.0,237.0,48.0,15.0,25.0,2.0,2.0,10.0,30.0,2.0,255.0
180.38122487068176,baseline,1025457,38.0,282.0,197.0,236.0,48.0,15.0,25.0,2.0,2.0,10.0,30.0,2.0,255.0
180.6136794090271,baseline,1025710,39.0,282.0,197.0,236.0,48.0,15.0,25.0,2.0,2.0,10.0,30.0,2.0,255.0
180.86777472496033,baseline,1025964,38.0,282.0,197.0,236.0,48.0,14.0,25.0,2.0,2.0,10.0,30.0,2.0,255.0
181.12057423591614,baseline,1026216,38.0,282.0,197.0,237.0,48.0,15.0,25.0,2.0,2.0,10.0,30.0,2.0,255.0
181.37413001060486,baseline,1026469,38.0,282.0,197.0,236.0,48.0,15.0,25.0,2.0,2.0,10.0,30.0,2.0,255.0
181.6293125152588,baseline,1026723,38.0,282.0,197.0,236.0,48.0,15.0,25.0,2.0,2.0,10.0,30.0,2.0,255.0
181.8806278705597,baseline,1026976,38.0,282.0,197.0,236.0,47.0,15.0,25.0,2.0,2.0,10.0,30.0,2.0,255.0
182.1344108581543,baseline,1027230,38.0,282.0,197.0,237.0,48.0,15.0,25.0,2.0,2.0,10.0,30.0,2.0,255.0
182.38752675056458,baseline,1027483,38.0,282.0,197.0,236.0,48.0,15.0,25.0,2.0,2.0,10.0,30.0,2.0,255.0
182.6410756111145,baseline,1027737,38.0,283.0,197.0,237.0,48.0,15.0,25.0,2.0,2.0,10.0,30.0,2.0,255.0
182.89458751678467,baseline,1027990,38.0,282.0,197.0,236.0,48.0,15.0,25.0,2.0,2.0,10.0,30.0,2.0,255.0
183.14787435531616,baseline,1028244,39.0,282.0,197.0,237.0,48.0,15.0,25.0,2.0,2.0,10.0,30.0,2.0,255.0
183.4015679359436,baseline,1028497,38.0,282.0,197.0,236.0,48.0,14.0,25.0,2.0,2.0,10.0,30.0,2.0,255.0
183.65443396568298,baseline,1028751,38.0,282.0,197.0,237.0,48.0,15.0,25.0,2.0,2.0,10.0,30.0,2.0,255.0
183.90790271759033,baseline,1029004,38.0,282.0,197.0,236.0,48.0,15.0,25.0,2.0,2.0,10.0,30.0,2.0,255.0
184.1618149280548,baseline,1029257,38.0,283.0,197.0,237.0,48.0,15.0,25.0,2.0,2.0,10.0,30.0,2.0,255.0
184.41480612754822,baseline,1029511,38.0,282.0,197.0,236.0,48.0,15.0,25.0,2.0,2.0,10.0,30.0,2.0,255.0
184.66744995117188,baseline,1029764,38.0,283.0,197.0,237.0,48.0,15.0,25.0,2.0,2.0,10.0,30.0,2.0,255.0
184.92213439941406,baseline,1030018,38.0,282.0,197.0,236.0,48.0,15.0,25.0,2.0,2.0,10.0,30.0,2.0,255.0
185.17484164237976,baseline,1030270,38.0,282.0,197.0,237.0,48.0,15.0,25.0,2.0,2.0,10.0,30.0,2.0,255.0
185.42876434326172,baseline,1030524,38.0,283.0,197.0,236.0,48.0,15.0,25.0,2.0,2.0,10.0,30.0,2.0,255.0
185.68262600898743,baseline,1030777,39.0,283.0,197.0,237.0,49.0,15.0,25.0,2.0,2.0,10.0,30.0,2.0,255.0
185.9347116947174,baseline,1031031,39.0,283.0,197.0,236.0,49.0,14.0,25.0,2.0,2.0,10.0,30.0,2.0,255.0
186.18872809410095,baseline,1031284,39.0,283.0,197.0,237.0,49.0,15.0,25.0,2.0,2.0,10.0,30.0,2.0,255.0
186.44160628318787,baseline,1031537,39.0,283.0,197.0,236.0,48.0,15.0,25.0,2.0,2.0,10.0,30.0,2.0,255.0
186.69660019874573,baseline,1031791,39.0,284.0,198.0,237.0,49.0,15.0,25.0,2.0,2.0,10.0,30.0,2.0,255.0
186.94898509979248,baseline,1032044,39.0,284.0,197.0,236.0,49.0,15.0,25.0,2.0,2.0,10.0,30.0,2.0,255.0
187.20168113708496,baseline,1032298,39.0,284.0,198.0,237.0,49.0,15.0,25.0,2.0,2.0,10.0,30.0,2.0,255.0
187.45549774169922,baseline,1032551,39.0,284.0,197.0,237.0,49.0,15.0,25.0,2.0,2.0,10.0,30.0,2.0,255.0
187.70946645736694,baseline,1032805,39.0,284.0,198.0,238.0,49.0,15.0,25.0,2.0,2.0,10.0,30.0,2.0,255.0
187.9622495174408,baseline,1033058,39.0,284.0,198.0,237.0,49.0,15.0,25.0,2.0,2.0,10.0,30.0,2.0,255.0
188.21618509292603,baseline,1033312,39.0,284.0,198.0,238.0,49.0,14.0,25.0,2.0,2.0,10.0,30.0,2.0,255.0
188.4685332775116,baseline,1033565,39.0,284.0,198.0,237.0,48.0,15.0,25.0,2.0,2.0,10.0,30.0,2.0,255.0
188.72279453277588,baseline,1033818,39.0,284.0,198.0,238.0,49.0,15.0,25.0,2.0,2.0,10.0,30.0,2.0,255.0
188.97579383850098,baseline,1034072,39.0,284.0,197.0,237.0,48.0,15.0,25.0,2.0,2.0,10.0,30.0,2.0,255.0
189.2285943031311,baseline,1034324,39.0,284.0,197.0,238.0,48.0,15.0,25.0,2.0,2.0,10.0,30.0,2.0,255.0
189.48274064064026,baseline,1034578,39.0,284.0,197.0,237.0,48.0,15.0,25.0,2.0,2.0,10.0,30.0,2.0,255.0
189.73579668998718,baseline,1034831,39.0,284.0,197.0,237.0,48.0,15.0,25.0,2.0,2.0,10.0,30.0,2.0,255.0
189.98959946632385,baseline,1035085,39.0,284.0,197.0,237.0,48.0,15.0,25.0,2.0,2.0,10.0,30.0,2.0,255.0
190.24276185035706,baseline,1035338,39.0,284.0,197.0,237.0,48.0,14.0,25.0,2.0,2.0,10.0,30.0,2.0,255.0
190.49553751945496,baseline,1035592,39.0,284.0,197.0,236.0,48.0,15.0,25.0,2.0,2.0,10.0,30.0,2.0,255.0
190.74962949752808,baseline,1035845,39.0,284.0,197.0,237.0,48.0,15.0,25.0,2.0,2.0,10.0,30.0,2.0,255.0
191.00248408317566,baseline,1036098,39.0,284.0,197.0,236.0,48.0,15.0,25.0,2.0,2.0,10.0,30.0,2.0,255.0
191.2565267086029,baseline,1036352,39.0,284.0,197.0,237.0,48.0,14.0,25.0,2.0,2.0,10.0,30.0,2.0,255.0
191.50971460342407,baseline,1036605,39.0,283.0,197.0,236.0,48.0,15.0,25.0,2.0,2.0,10.0,30.0,2.0,255.0
191.76373147964478,baseline,1036859,39.0,284.0,197.0,237.0,48.0,15.0,25.0,2.0,2.0,10.0,30.0,2.0,255.0
192.01679468154907,baseline,1037112,39.0,283.0,197.0,236.0,48.0,14.0,25.0,2.0,2.0,10.0,30.0,2.0,255.0
192.2708899974823,baseline,1037366,39.0,284.0,197.0,237.0,48.0,15.0,25.0,2.0,2.0,10.0,30.0,2.0,255.0
192.52259254455566,baseline,1037619,39.0,283.0,197.0,236.0,47.0,15.0,25.0,2.0,2.0,10.0,30.0,2.0,255.0
192.77677631378174,baseline,1037873,39.0,284.0,197.0,237.0,48.0,15.0,25.0,2.0,2.0,10.0,30.0,2.0,255.0
193.03019642829895,baseline,1038126,39.0,283.0,197.0,236.0,47.0,15.0,25.0,2.0,2.0,10.0,30.0,2.0,255.0
193.28417086601257,baseline,1038379,39.0,284.0,197.0,237.0,48.0,15.0,25.0,2.0,2.0,10.0,30.0,2.0,255.0
193.53721022605896,baseline,1038632,39.0,283.0,197.0,236.0,48.0,15.0,25.0,2.0,2.0,10.0,30.0,2.0,255.0
193.78963375091553,baseline,1038885,39.0,283.0,197.0,237.0,48.0,15.0,25.0,2.0,2.0,10.0,30.0,2.0,255.0
194.04387712478638,baseline,1039139,39.0,283.0,197.0,236.0,48.0,15.0,25.0,2.0,2.0,10.0,30.0,2.0,255.0
194.29727029800415,baseline,1039392,39.0,283.0,197.0,237.0,48.0,15.0,25.0,2.0,2.0,10.0,30.0,2.0,255.0
194.55104327201843,baseline,1039646,39.0,283.0,197.0,236.0,48.0,15.0,25.0,2.0,2.0,10.0,30.0,2.0,255.0
194.80381155014038,baseline,1039899,39.0,283.0,197.0,237.0,48.0,15.0,25.0,2.0,2.0,10.0,30.0,2.0,255.0
195.0580804347992,baseline,1040153,39.0,283.0,197.0,236.0,47.0,15.0,25.0,2.0,2.0,10.0,30.0,2.0,255.0
195.31080794334412,baseline,1040406,39.0,283.0,197.0,237.0,48.0,15.0,25.0,2.0,2.0,10.0,30.0,2.0,255.0
195.56389236450195,baseline,1040659,39.0,283.0,197.0,236.0,48.0,14.0,25.0,2.0,2.0,10.0,30.0,2.0,255.0
195.8181290626526,baseline,1040913,39.0,284.0,197.0,237.0,48.0,15.0,25.0,2.0,2.0,10.0,30.0,2.0,255.0
196.0731315612793,baseline,1041166,39.0,283.0,197.0,236.0,48.0,15.0,25.0,2.0,2.0,10.0,30.0,2.0,255.0
196.32405066490173,baseline,1041420,39.0,284.0,197.0,237.0,48.0,15.0,25.0,2.0,2.0,10.0,30.0,2.0,255.0
196.59915947914124,baseline,1041673,39.0,283.0,197.0,236.0,48.0,15.0,25.0,2.0,2.0,10.0,30.0,2.0,255.0
196.83265566825867,baseline,1041927,39.0,284.0,197.0,237.0,48.0,15.0,25.0,2.0,2.0,10.0,30.0,2.0,255.0
197.10362935066223,baseline,1042180,39.0,283.0,197.0,236.0,48.0,14.0,25.0,2.0,2.0,10.0,30.0,2.0,255.0
197.33810544013977,baseline,1042434,39.0,284.0,197.0,237.0,48.0,15.0,25.0,2.0,2.0,10.0,30.0,2.0,255.0
197.5911407470703,baseline,1042686,39.0,284.0,197.0,236.0,48.0,14.0,25.0,2.0,2.0,10.0,30.0,2.0,255.0
197.84541535377502,baseline,1042939,39.0,284.0,197.0,237.0,48.0,15.0,25.0,2.0,2.0,10.0,30.0,2.0,255.0
198.09819149971008,baseline,1043193,39.0,284.0,197.0,236.0,48.0,15.0,25.0,2.0,2.0,10.0,30.0,2.0,255.0
198.37039351463318,baseline,1043446,39.0,284.0,197.0,237.0,48.0,15.0,25.0,2.0,2.0,10.0,30.0,2.0,255.0
198.60547184944153,baseline,1043700,39.0,284.0,197.0,236.0,47.0,15.0,25.0,2.0,2.0,10.0,30.0,2.0,255.0
198.85814499855042,baseline,1043953,39.0,284.0,197.0,237.0,48.0,15.0,25.0,2.0,2.0,10.0,30.0,2.0,255.0
199.11213755607605,baseline,1044207,39.0,284.0,197.0,236.0,48.0,15.0,25.0,2.0,2.0,10.0,30.0,2.0,255.0
199.36602354049683,baseline,1044460,39.0,284.0,197.0,237.0,48.0,15.0,25.0,2.0,2.0,10.0,30.0,2.0,255.0
199.6197464466095,baseline,1044714,39.0,283.0,197.0,236.0,47.0,15.0,25.0,2.0,2.0,10.0,30.0,2.0,255.0
199.87222146987915,baseline,1044967,39.0,284.0,197.0,237.0,48.0,15.0,25.0,2.0,2.0,10.0,30.0,2.0,255.0
200.12530374526978,baseline,1045220,39.0,283.0,197.0,236.0,47.0,15.0,25.0,2.0,2.0,10.0,30.0,2.0,255.0
200.37929272651672,baseline,1045474,39.0,284.0,197.0,237.0,48.0,15.0,25.0,2.0,2.0,10.0,30.0,2.0,255.0
200.63226342201233,baseline,1045727,39.0,283.0,197.0,236.0,47.0,15.0,25.0,2.0,2.0,10.0,30.0,2.0,255.0
200.8849687576294,baseline,1045981,39.0,284.0,197.0,237.0,48.0,15.0,25.0,2.0,2.0,10.0,30.0,2.0,255.0
201.13920307159424,baseline,1046234,39.0,283.0,197.0,236.0,47.0,15.0,25.0,2.0,2.0,10.0,30.0,2.0,255.0
201.41291880607605,baseline,1046488,39.0,283.0,197.0,237.0,48.0,15.0,25.0,2.0,2.0,10.0,30.0,2.0,255.0
201.64545130729675,baseline,1046740,39.0,283.0,197.0,236.0,47.0,15.0,25.0,2.0,2.0,10.0,30.0,2.0,255.0
201.8998646736145,baseline,1046994,39.0,283.0,197.0,236.0,48.0,15.0,25.0,2.0,2.0,10.0,30.0,2.0,255.0
202.17358684539795,baseline,1047247,39.0,283.0,197.0,236.0,47.0,15.0,25.0,2.0,2.0,10.0,30.0,2.0,255.0
202.40619254112244,baseline,1047500,39.0,283.0,197.0,236.0,47.0,15.0,25.0,2.0,2.0,10.0,30.0,2.0,255.0
202.6590118408203,baseline,1047754,38.0,283.0,197.0,236.0,47.0,15.0,25.0,2.0,2.0,10.0,30.0,2.0,255.0
202.91230845451355,baseline,1048007,39.0,283.0,197.0,236.0,47.0,15.0,25.0,2.0,2.0,10.0,30.0,2.0,255.0
203.16605281829834,baseline,1048261,38.0,283.0,197.0,235.0,47.0,15.0,25.0,2.0,2.0,10.0,30.0,2.0,255.0
203.41970252990723,baseline,1048514,39.0,283.0,197.0,236.0,48.0,15.0,25.0,2.0,2.0,10.0,30.0,2.0,255.0
203.67337346076965,baseline,1048768,39.0,283.0,197.0,235.0,47.0,15.0,25.0,2.0,2.0,10.0,30.0,2.0,255.0
203.92620873451233,baseline,1049021,39.0,283.0,197.0,236.0,47.0,15.0,25.0,2.0,2.0,10.0,30.0,2.0,255.0
204.1808304786682,baseline,1049275,38.0,283.0,197.0,235.0,47.0,15.0,25.0,2.0,2.0,10.0,30.0,2.0,255.0
204.4335572719574,baseline,1049528,39.0,283.0,197.0,236.0,48.0,15.0,25.0,2.0,2.0,10.0,30.0,2.0,255.0
204.68645477294922,baseline,1049781,39.0,283.0,197.0,235.0,47.0,15.0,25.0,2.0,2.0,10.0,30.0,2.0,255.0
204.94062519073486,baseline,1050035,39.0,283.0,197.0,236.0,47.0,14.0,25.0,2.0,2.0,10.0,30.0,2.0,255.0
205.1934118270874,baseline,1050288,39.0,283.0,197.0,235.0,47.0,15.0,25.0,2.0,2.0,10.0,30.0,2.0,255.0
205.44606566429138,baseline,1050542,39.0,283.0,197.0,236.0,47.0,15.0,25.0,2.0,2.0,10.0,30.0,2.0,255.0
205.70126843452454,baseline,1050795,38.0,283.0,197.0,235.0,47.0,15.0,25.0,2.0,2.0,10.0,30.0,2.0,255.0
205.95382952690125,baseline,1051048,39.0,283.0,197.0,236.0,47.0,15.0,25.0,2.0,2.0,10.0,30.0,2.0,255.0
206.20700764656067,baseline,1051301,38.0,283.0,197.0,235.0,47.0,15.0,25.0,2.0,2.0,10.0,30.0,2.0,255.0
206.4607172012329,baseline,1051555,39.0,283.0,197.0,236.0,47.0,15.0,25.0,2.0,2.0,10.0,30.0,2.0,255.0
206.71356964111328,baseline,1051808,39.0,283.0,197.0,235.0,47.0,15.0,25.0,2.0,2.0,10.0,30.0,2.0,255.0
206.96800827980042,baseline,1052061,39.0,283.0,197.0,236.0,47.0,15.0,25.0,2.0,2.0,10.0,30.0,2.0,255.0
207.2406780719757,baseline,1052315,39.0,283.0,197.0,235.0,47.0,15.0,25.0,2.0,2.0,10.0,30.0,2.0,255.0
207.47514486312866,baseline,1052568,39.0,283.0,197.0,236.0,47.0,15.0,25.0,2.0,2.0,10.0,30.0,2.0,255.0
207.72830390930176,baseline,1052822,39.0,283.0,197.0,235.0,47.0,15.0,25.0,2.0,2.0,10.0,30.0,2.0,255.0
207.98110604286194,baseline,1053075,39.0,283.0,197.0,236.0,47.0,15.0,25.0,2.0,2.0,10.0,30.0,2.0,255.0
208.23618245124817,baseline,1053329,39.0,283.0,197.0,235.0,47.0,15.0,25.0,2.0,2.0,10.0,30.0,2.0,255.0
208.48879504203796,baseline,1053582,39.0,283.0,197.0,236.0,48.0,15.0,25.0,2.0,2.0,10.0,30.0,2.0,255.0
208.7411766052246,baseline,1053836,39.0,283.0,197.0,235.0,47.0,15.0,25.0,2.0,2.0,10.0,30.0,2.0,255.0
208.9956386089325,baseline,1054089,39.0,283.0,197.0,236.0,47.0,15.0,25.0,2.0,2.0,10.0,30.0,2.0,255.0
209.24793481826782,baseline,1054342,38.0,283.0,197.0,235.0,47.0,15.0,25.0,2.0,2.0,10.0,30.0,2.0,255.0
209.52015376091003,baseline,1054596,39.0,283.0,197.0,236.0,47.0,15.0,25.0,2.0,2.0,10.0,30.0,2.0,255.0
209.758642911911,baseline,1054849,38.0,283.0,197.0,235.0,48.0,15.0,25.0,2.0,2.0,10.0,30.0,2.0,255.0
210.00934195518494,baseline,1055102,39.0,283.0,197.0,236.0,47.0,15.0,25.0,2.0,2.0,10.0,30.0,2.0,255.0
210.26092100143433,baseline,1055355,39.0,283.0,197.0,235.0,47.0,14.0,25.0,2.0,2.0,10.0,30.0,2.0,255.0
210.53392624855042,baseline,1055609,39.0,283.0,197.0,235.0,47.0,15.0,25.0,2.0,2.0,10.0,30.0,2.0,255.0
210.76704144477844,baseline,1055862,39.0,283.0,197.0,235.0,47.0,15.0,25.0,2.0,2.0,10.0,30.0,2.0,255.0
211.02240586280823,baseline,1056116,39.0,283.0,197.0,236.0,47.0,15.0,25.0,2.0,2.0,10.0,30.0,2.0,255.0
211.27502942085266,baseline,1056369,38.0,283.0,197.0,235.0,47.0,15.0,25.0,2.0,2.0,10.0,30.0,2.0,255.0
211.5484070777893,baseline,1056622,38.0,283.0,197.0,235.0,47.0,15.0,25.0,2.0,2.0,10.0,30.0,2.0,255.0
211.78092861175537,baseline,1056876,38.0,282.0,197.0,235.0,47.0,15.0,25.0,2.0,2.0,10.0,30.0,2.0,255.0
212.03438711166382,baseline,1057129,39.0,283.0,197.0,235.0,47.0,15.0,25.0,2.0,2.0,10.0,30.0,2.0,255.0
212.28796982765198,baseline,1057383,38.0,283.0,197.0,234.0,47.0,15.0,25.0,2.0,2.0,10.0,30.0,2.0,255.0
212.54137587547302,baseline,1057636,39.0,283.0,197.0,235.0,47.0,15.0,25.0,2.0,2.0,10.0,30.0,2.0,255.0
212.7952446937561,baseline,1057890,39.0,282.0,197.0,234.0,47.0,15.0,25.0,2.0,2.0,10.0,30.0,2.0,255.0
213.04798412322998,baseline,1058143,39.0,283.0,197.0,235.0,47.0,15.0,25.0,2.0,2.0,10.0,30.0,2.0,255.0
213.30116391181946,baseline,1058397,39.0,282.0,197.0,235.0,47.0,14.0,25.0,2.0,2.0,10.0,30.0,2.0,255.0
213.55547547340393,baseline,1058650,39.0,283.0,197.0,235.0,47.0,15.0,25.0,2.0,2.0,10.0,30.0,2.0,255.0
213.8091413974762,baseline,1058903,38.0,282.0,197.0,234.0,47.0,15.0,25.0,2.0,2.0,10.0,30.0,2.0,255.0
214.06133365631104,baseline,1059156,39.0,283.0,197.0,235.0,47.0,15.0,25.0,2.0,2.0,10.0,30.0,2.0,255.0
214.31496930122375,baseline,1059409,38.0,282.0,197.0,234.0,47.0,15.0,25.0,2.0,2.0,10.0,30.0,2.0,255.0
214.56844186782837,baseline,1059663,39.0,283.0,197.0,235.0,47.0,15.0,25.0,2.0,2.0,10.0,30.0,2.0,255.0
214.8224515914917,baseline,1059916,39.0,282.0,197.0,234.0,47.0,15.0,25.0,2.0,2.0,10.0,30.0,2.0,255.0
215.07584714889526,baseline,1060170,39.0,283.0,197.0,235.0,48.0,15.0,25.0,2.0,2.0,10.0,30.0,2.0,255.0
215.32789278030396,baseline,1060423,38.0,282.0,197.0,234.0,47.0,14.0,25.0,2.0,2.0,10.0,30.0,2.0,255.0
215.6021158695221,baseline,1060677,39.0,283.0,197.0,235.0,47.0,15.0,25.0,2.0,2.0,10.0,30.0,2.0,255.0
215.83533263206482,baseline,1060930,39.0,282.0,197.0,234.0,47.0,15.0,25.0,2.0,2.0,10.0,30.0,2.0,255.0
216.08925127983093,baseline,1061183,39.0,282.0,197.0,235.0,47.0,15.0,25.0,2.0,2.0,10.0,30.0,2.0,255.0
216.343266248703,baseline,1061437,38.0,282.0,197.0,234.0,47.0,15.0,25.0,2.0,2.0,10.0,30.0,2.0,255.0
216.59542512893677,baseline,1061690,39.0,283.0,197.0,235.0,48.0,15.0,25.0,2.0,2.0,10.0,30.0,2.0,255.0
216.8492088317871,baseline,1061944,38.0,282.0,197.0,234.0,47.0,15.0,25.0,2.0,2.0,10.0,30.0,2.0,255.0
217.1022605895996,baseline,1062197,39.0,283.0,197.0,235.0,47.0,14.0,25.0,2.0,2.0,10.0,30.0,2.0,255.0
217.35625648498535,baseline,1062451,39.0,282.0,197.0,234.0,47.0,15.0,25.0,2.0,2.0,10.0,30.0,2.0,255.0
217.60916590690613,baseline,1062704,39.0,283.0,197.0,235.0,47.0,15.0,25.0,2.0,2.0,10.0,30.0,2.0,255.0
217.8623571395874,baseline,1062958,39.0,282.0,197.0,234.0,47.0,15.0,25.0,2.0,2.0,10.0,30.0,2.0,255.0
218.1162989139557,baseline,1063211,39.0,283.0,197.0,235.0,47.0,15.0,25.0,2.0,2.0,10.0,30.0,2.0,255.0
218.36946606636047,baseline,1063463,38.0,282.0,197.0,234.0,47.0,15.0,25.0,2.0,2.0,10.0,30.0,2.0,255.0
218.62233090400696,baseline,1063717,39.0,283.0,197.0,235.0,47.0,15.0,25.0,2.0,2.0,10.0,30.0,2.0,255.0
218.87638998031616,baseline,1063970,38.0,283.0,197.0,234.0,47.0,15.0,25.0,2.0,2.0,10.0,30.0,2.0,255.0
219.1298370361328,baseline,1064224,39.0,283.0,197.0,235.0,47.0,15.0,25.0,2.0,2.0,10.0,30.0,2.0,255.0
219.38367557525635,baseline,1064477,39.0,282.0,197.0,234.0,47.0,15.0,25.0,2.0,2.0,10.0,30.0,2.0,255.0
219.636385679245,baseline,1064731,39.0,283.0,197.0,235.0,47.0,15.0,25.0,2.0,2.0,10.0,30.0,2.0,255.0
219.88975834846497,baseline,1064984,38.0,282.0,197.0,234.0,47.0,15.0,25.0,2.0,2.0,10.0,30.0,2.0,255.0
220.14386224746704,baseline,1065238,39.0,283.0,197.0,235.0,47.0,15.0,25.0,2.0,2.0,10.0,30.0,2.0,255.0
220.39659070968628,baseline,1065491,38.0,282.0,197.0,234.0,47.0,15.0,25.0,2.0,2.0,10.0,30.0,2.0,255.0
220.65033745765686,baseline,1065744,39.0,283.0,197.0,235.0,48.0,15.0,25.0,2.0,2.0,10.0,30.0,2.0,255.0
220.90379691123962,baseline,1065998,39.0,282.0,197.0,234.0,47.0,15.0,25.0,2.0,2.0,10.0,30.0,2.0,255.0
221.15708708763123,baseline,1066251,39.0,283.0,197.0,235.0,47.0,15.0,25.0,2.0,2.0,10.0,30.0,2.0,255.0
221.41050910949707,baseline,1066505,38.0,282.0,197.0,234.0,47.0,15.0,25.0,2.0,2.0,10.0,30.0,2.0,255.0
221.66365313529968,baseline,1066758,39.0,283.0,197.0,235.0,47.0,15.0,25.0,2.0,2.0,10.0,30.0,2.0,255.0
221.9190239906311,baseline,1067012,39.0,283.0,197.0,234.0,47.0,15.0,25.0,2.0,2.0,10.0,30.0,2.0,255.0
222.1716558933258,baseline,1067265,39.0,283.0,197.0,235.0,47.0,15.0,25.0,2.0,2.0,10.0,30.0,2.0,255.0
222.42371034622192,baseline,1067518,38.0,283.0,197.0,234.0,47.0,15.0,25.0,2.0,2.0,10.0,30.0,2.0,255.0
222.67763471603394,baseline,1067771,39.0,283.0,197.0,235.0,47.0,15.0,25.0,2.0,2.0,10.0,30.0,2.0,255.0
222.93083596229553,baseline,1068024,38.0,282.0,197.0,234.0,47.0,15.0,25.0,2.0,2.0,10.0,30.0,2.0,255.0
223.1835925579071,baseline,1068278,39.0,283.0,197.0,235.0,47.0,15.0,25.0,2.0,2.0,10.0,30.0,2.0,255.0
223.44063663482666,baseline,1068531,38.0,283.0,197.0,234.0,47.0,15.0,25.0,2.0,2.0,10.0,30.0,2.0,255.0
223.6913080215454,baseline,1068785,39.0,283.0,197.0,235.0,47.0,15.0,25.0,2.0,2.0,10.0,30.0,2.0,255.0
223.94480919837952,baseline,1069038,39.0,283.0,197.0,234.0,47.0,15.0,25.0,2.0,2.0,10.0,30.0,2.0,255.0
224.2016932964325,baseline,1069292,39.0,283.0,197.0,235.0,47.0,15.0,25.0,2.0,2.0,10.0,30.0,2.0,255.0
224.45067882537842,baseline,1069545,38.0,283.0,197.0,234.0,47.0,15.0,25.0,2.0,2.0,10.0,30.0,2.0,255.0
224.70646238327026,baseline,1069799,39.0,283.0,197.0,235.0,47.0,15.0,25.0,2.0,2.0,10.0,30.0,2.0,255.0
224.95908069610596,baseline,1070052,39.0,283.0,197.0,234.0,47.0,15.0,25.0,2.0,2.0,10.0,30.0,2.0,255.0
225.21254348754883,baseline,1070305,39.0,283.0,197.0,235.0,47.0,15.0,25.0,2.0,2.0,10.0,30.0,2.0,255.0
225.465003490448,baseline,1070559,39.0,283.0,197.0,234.0,47.0,15.0,25.0,2.0,2.0,10.0,30.0,2.0,255.0
225.71757864952087,baseline,1070812,39.0,283.0,197.0,235.0,47.0,15.0,25.0,2.0,2.0,10.0,30.0,2.0,255.0
225.97164392471313,baseline,1071066,38.0,283.0,197.0,234.0,47.0,15.0,25.0,2.0,2.0,10.0,30.0,2.0,255.0
226.22500324249268,baseline,1071319,39.0,283.0,197.0,235.0,47.0,15.0,25.0,2.0,2.0,10.0,30.0,2.0,255.0
226.47883129119873,baseline,1071572,38.0,283.0,197.0,234.0,47.0,15.0,25.0,2.0,2.0,10.0,30.0,2.0,255.0
226.73191928863525,baseline,1071825,39.0,283.0,197.0,235.0,47.0,15.0,25.0,2.0,2.0,10.0,30.0,2.0,255.0
226.98481678962708,baseline,1072079,38.0,283.0,197.0,234.0,47.0,15.0,25.0,2.0,2.0,10.0,30.0,2.0,255.0
227.23901844024658,baseline,1072332,39.0,283.0,197.0,235.0,47.0,15.0,25.0,2.0,2.0,10.0,30.0,2.0,255.0
227.4919798374176,baseline,1072585,38.0,283.0,197.0,234.0,47.0,14.0,25.0,2.0,2.0,10.0,30.0,2.0,255.0
227.7447853088379,baseline,1072839,38.0,283.0,197.0,235.0,47.0,15.0,25.0,2.0,2.0,10.0,30.0,2.0,255.0
227.9985749721527,baseline,1073092,38.0,283.0,197.0,234.0,47.0,15.0,25.0,2.0,2.0,10.0,30.0,2.0,255.0
228.25508427619934,baseline,1073346,39.0,283.0,197.0,235.0,48.0,15.0,25.0,2.0,2.0,10.0,30.0,2.0,255.0
228.50594639778137,baseline,1073599,39.0,283.0,197.0,234.0,47.0,15.0,25.0,2.0,2.0,10.0,30.0,2.0,255.0
228.75936937332153,baseline,1073853,39.0,283.0,197.0,235.0,48.0,15.0,25.0,2.0,2.0,10.0,30.0,2.0,255.0
229.011647939682,baseline,1074106,39.0,283.0,197.0,234.0,47.0,15.0,25.0,2.0,2.0,10.0,30.0,2.0,255.0
229.2657492160797,baseline,1074360,39.0,283.0,197.0,235.0,47.0,15.0,25.0,2.0,2.0,10.0,30.0,2.0,255.0
229.51930356025696,baseline,1074613,39.0,283.0,197.0,234.0,47.0,15.0,25.0,2.0,2.0,10.0,30.0,2.0,255.0
229.77338194847107,baseline,1074866,39.0,283.0,197.0,235.0,47.0,15.0,25.0,2.0,2.0,10.0,30.0,2.0,255.0
230.02572965621948,baseline,1075120,38.0,283.0,197.0,234.0,47.0,15.0,25.0,2.0,2.0,10.0,30.0,2.0,255.0
230.287850856781,baseline,1075373,39.0,283.0,197.0,235.0,47.0,15.0,25.0,2.0,2.0,10.0,30.0,2.0,255.0
230.53300786018372,baseline,1075627,38.0,283.0,197.0,234.0,47.0,15.0,25.0,2.0,2.0,10.0,30.0,2.0,255.0
230.78575205802917,baseline,1075879,39.0,283.0,197.0,235.0,48.0,15.0,25.0,2.0,2.0,10.0,30.0,2.0,255.0
231.03897047042847,baseline,1076133,38.0,283.0,197.0,234.0,47.0,15.0,25.0,2.0,2.0,10.0,30.0,2.0,255.0
231.29288625717163,baseline,1076386,39.0,283.0,197.0,235.0,47.0,15.0,25.0,2.0,2.0,10.0,30.0,2.0,255.0
231.54637598991394,baseline,1076640,39.0,283.0,197.0,234.0,47.0,15.0,25.0,2.0,2.0,10.0,30.0,2.0,255.0
231.80020451545715,baseline,1076893,39.0,283.0,197.0,235.0,48.0,15.0,25.0,2.0,2.0,10.0,30.0,2.0,255.0
232.05478835105896,baseline,1077146,38.0,283.0,197.0,234.0,47.0,14.0,25.0,2.0,2.0,10.0,30.0,2.0,255.0
232.30586314201355,baseline,1077400,39.0,283.0,197.0,235.0,47.0,14.0,25.0,2.0,2.0,10.0,30.0,2.0,255.0
232.55995917320251,baseline,1077653,39.0,283.0,197.0,234.0,47.0,14.0,25.0,2.0,2.0,10.0,30.0,2.0,255.0
232.81277537345886,baseline,1077907,39.0,283.0,197.0,235.0,48.0,15.0,25.0,2.0,2.0,10.0,30.0,2.0,255.0
233.06666350364685,baseline,1078160,39.0,283.0,197.0,234.0,47.0,15.0,25.0,2.0,2.0,10.0,30.0,2.0,255.0
233.31972885131836,baseline,1078414,39.0,283.0,197.0,235.0,48.0,15.0,25.0,2.0,2.0,10.0,30.0,2.0,255.0
233.57298278808594,baseline,1078667,39.0,283.0,197.0,234.0,47.0,15.0,25.0,2.0,2.0,10.0,30.0,2.0,255.0
233.8272933959961,baseline,1078921,39.0,283.0,197.0,235.0,47.0,15.0,25.0,2.0,2.0,10.0,30.0,2.0,255.0
234.07979249954224,baseline,1079174,39.0,283.0,197.0,234.0,47.0,15.0,25.0,2.0,2.0,10.0,30.0,2.0,255.0
234.33428144454956,baseline,1079427,39.0,283.0,197.0,235.0,47.0,15.0,25.0,2.0,2.0,10.0,30.0,2.0,255.0
234.5869734287262,baseline,1079681,39.0,283.0,197.0,234.0,47.0,14.0,25.0,2.0,2.0,10.0,30.0,2.0,255.0
234.83993673324585,baseline,1079933,39.0,283.0,197.0,235.0,47.0,15.0,25.0,2.0,2.0,10.0,30.0,2.0,255.0
235.09430265426636,baseline,1080187,39.0,283.0,197.0,234.0,47.0,14.0,25.0,2.0,2.0,10.0,30.0,2.0,255.0
235.34685897827148,baseline,1080440,39.0,283.0,197.0,235.0,47.0,15.0,25.0,2.0,2.0,10.0,30.0,2.0,255.0
235.6000382900238,baseline,1080694,39.0,283.0,197.0,234.0,47.0,15.0,25.0,2.0,2.0,10.0,30.0,2.0,255.0
235.8543508052826,baseline,1080947,39.0,283.0,197.0,235.0,48.0,15.0,25.0,2.0,2.0,10.0,30.0,2.0,255.0
236.1082763671875,baseline,1081201,39.0,283.0,197.0,234.0,47.0,15.0,25.0,2.0,2.0,10.0,30.0,2.0,255.0
236.3609435558319,baseline,1081454,39.0,283.0,197.0,235.0,48.0,15.0,25.0,2.0,2.0,10.0,30.0,2.0,255.0
236.61387467384338,baseline,1081707,39.0,283.0,197.0,234.0,47.0,15.0,25.0,2.0,2.0,10.0,30.0,2.0,255.0
236.86718845367432,baseline,1081961,39.0,283.0,197.0,235.0,47.0,15.0,25.0,2.0,2.0,10.0,30.0,2.0,255.0
237.12204098701477,baseline,1082214,39.0,283.0,197.0,234.0,47.0,15.0,25.0,2.0,2.0,10.0,30.0,2.0,255.0
237.3739194869995,baseline,1082468,39.0,283.0,197.0,235.0,47.0,15.0,25.0,2.0,2.0,10.0,30.0,2.0,255.0
237.62791991233826,baseline,1082721,39.0,283.0,197.0,234.0,47.0,14.0,25.0,2.0,2.0,10.0,30.0,2.0,255.0
237.88088822364807,baseline,1082975,39.0,283.0,197.0,235.0,47.0,15.0,25.0,2.0,2.0,10.0,30.0,2.0,255.0
238.13447976112366,baseline,1083228,39.0,283.0,197.0,234.0,47.0,15.0,25.0,2.0,2.0,10.0,30.0,2.0,255.0
238.38819122314453,baseline,1083482,39.0,283.0,197.0,235.0,47.0,15.0,25.0,2.0,2.0,10.0,30.0,2.0,255.0
238.6410596370697,baseline,1083735,39.0,283.0,197.0,234.0,47.0,15.0,25.0,2.0,2.0,10.0,30.0,2.0,255.0
238.894389629364,baseline,1083987,39.0,283.0,197.0,235.0,47.0,15.0,25.0,2.0,2.0,10.0,30.0,2.0,255.0
239.14799761772156,baseline,1084241,39.0,283.0,197.0,234.0,47.0,15.0,25.0,2.0,2.0,10.0,30.0,2.0,255.0
239.40090584754944,baseline,1084494,39.0,283.0,197.0,235.0,47.0,15.0,25.0,2.0,2.0,10.0,30.0,2.0,255.0
239.67478489875793,baseline,1084748,39.0,283.0,197.0,234.0,47.0,14.0,25.0,2.0,2.0,10.0,30.0,2.0,255.0
239.90791082382202,baseline,1085001,39.0,283.0,197.0,235.0,47.0,15.0,25.0,2.0,2.0,10.0,30.0,2.0,255.0
240.16097044944763,baseline,1085255,39.0,283.0,197.0,234.0,47.0,15.0,25.0,2.0,2.0,10.0,30.0,2.0,255.0
240.41536831855774,baseline,1085508,39.0,283.0,197.0,235.0,47.0,15.0,25.0,2.0,2.0,10.0,30.0,2.0,255.0
240.66780614852905,baseline,1085762,38.0,283.0,197.0,234.0,47.0,15.0,25.0,2.0,2.0,10.0,30.0,2.0,255.0
240.92208528518677,baseline,1086015,39.0,283.0,197.0,235.0,47.0,15.0,25.0,2.0,2.0,10.0,30.0,2.0,255.0
241.177720785141,baseline,1086268,38.0,283.0,197.0,234.0,47.0,15.0,25.0,2.0,2.0,10.0,30.0,2.0,255.0
241.428076505661,baseline,1086522,39.0,283.0,198.0,235.0,47.0,15.0,25.0,2.0,2.0,10.0,30.0,2.0,255.0
241.6830348968506,baseline,1086775,38.0,283.0,197.0,234.0,47.0,14.0,25.0,2.0,2.0,10.0,30.0,2.0,255.0
241.93605661392212,baseline,1087029,39.0,283.0,197.0,235.0,47.0,15.0,25.0,2.0,2.0,10.0,30.0,2.0,255.0
242.18893313407898,baseline,1087282,38.0,283.0,197.0,234.0,47.0,15.0,25.0,2.0,2.0,10.0,30.0,2.0,255.0
242.44207787513733,baseline,1087536,39.0,283.0,197.0,235.0,47.0,15.0,25.0,2.0,2.0,10.0,30.0,2.0,255.0
242.69516921043396,baseline,1087789,39.0,283.0,197.0,234.0,47.0,15.0,25.0,2.0,2.0,10.0,30.0,2.0,255.0
242.94979643821716,baseline,1088043,39.0,283.0,197.0,235.0,47.0,15.0,25.0,2.0,2.0,10.0,30.0,2.0,255.0
243.22344493865967,baseline,1088295,39.0,283.0,197.0,234.0,47.0,15.0,25.0,2.0,2.0,10.0,30.0,2.0,255.0
243.45564651489258,baseline,1088548,39.0,283.0,197.0,235.0,47.0,15.0,25.0,2.0,2.0,10.0,30.0,2.0,255.0
243.70966267585754,baseline,1088802,38.0,283.0,197.0,234.0,47.0,15.0,25.0,2.0,2.0,10.0,30.0,2.0,255.0
243.96248984336853,baseline,1089055,39.0,283.0,197.0,235.0,47.0,15.0,25.0,2.0,2.0,10.0,30.0,2.0,255.0
244.22164058685303,baseline,1089309,39.0,283.0,197.0,234.0,47.0,15.0,25.0,2.0,2.0,10.0,30.0,2.0,255.0
244.469411611557,baseline,1089562,39.0,283.0,197.0,235.0,47.0,15.0,25.0,2.0,2.0,10.0,30.0,2.0,255.0
244.72290635108948,baseline,1089816,39.0,283.0,197.0,234.0,47.0,15.0,25.0,2.0,2.0,10.0,30.0,2.0,255.0
244.97611546516418,baseline,1090069,39.0,283.0,197.0,235.0,47.0,15.0,25.0,2.0,2.0,10.0,30.0,2.0,255.0
245.2294774055481,baseline,1090323,39.0,283.0,197.0,234.0,47.0,15.0,25.0,2.0,2.0,10.0,30.0,2.0,255.0
245.48320388793945,baseline,1090576,39.0,283.0,197.0,235.0,47.0,15.0,25.0,2.0,2.0,10.0,30.0,2.0,255.0
245.73784065246582,baseline,1090829,38.0,283.0,197.0,234.0,47.0,14.0,25.0,2.0,2.0,10.0,30.0,2.0,255.0
245.9892966747284,baseline,1091083,39.0,283.0,197.0,235.0,47.0,15.0,25.0,2.0,2.0,10.0,30.0,2.0,255.0
246.24313974380493,baseline,1091336,39.0,283.0,197.0,234.0,47.0,15.0,25.0,2.0,2.0,10.0,30.0,2.0,255.0
246.4960653781891,baseline,1091590,39.0,283.0,197.0,235.0,47.0,15.0,25.0,2.0,2.0,10.0,30.0,2.0,255.0
246.7501790523529,baseline,1091843,39.0,283.0,197.0,234.0,47.0,15.0,25.0,2.0,2.0,10.0,30.0,2.0,255.0
247.00325965881348,baseline,1092097,39.0,283.0,197.0,235.0,47.0,15.0,25.0,2.0,2.0,10.0,30.0,2.0,255.0
247.25617170333862,baseline,1092349,39.0,283.0,197.0,234.0,47.0,15.0,25.0,2.0,2.0,10.0,30.0,2.0,255.0
247.51011490821838,baseline,1092603,39.0,283.0,197.0,235.0,47.0,15.0,25.0,2.0,2.0,10.0,30.0,2.0,255.0
247.7649848461151,baseline,1092856,39.0,283.0,197.0,234.0,47.0,15.0,25.0,2.0,2.0,10.0,30.0,2.0,255.0
248.01626706123352,baseline,1093109,39.0,283.0,197.0,235.0,47.0,15.0,25.0,2.0,2.0,10.0,30.0,2.0,255.0
248.27126932144165,baseline,1093363,39.0,283.0,197.0,234.0,47.0,15.0,25.0,2.0,2.0,10.0,30.0,2.0,255.0
248.52284336090088,baseline,1093616,39.0,283.0,197.0,235.0,47.0,15.0,25.0,2.0,2.0,10.0,30.0,2.0,255.0
248.7768747806549,baseline,1093870,38.0,283.0,197.0,234.0,47.0,15.0,25.0,2.0,2.0,10.0,30.0,2.0,255.0
249.03217673301697,baseline,1094123,39.0,283.0,197.0,235.0,47.0,15.0,25.0,2.0,2.0,10.0,30.0,2.0,255.0
249.28361749649048,baseline,1094377,39.0,283.0,197.0,234.0,47.0,14.0,25.0,2.0,2.0,10.0,30.0,2.0,255.0
249.53715801239014,baseline,1094630,39.0,283.0,197.0,235.0,47.0,15.0,25.0,2.0,2.0,10.0,30.0,2.0,255.0
249.79020714759827,baseline,1094884,39.0,283.0,197.0,234.0,47.0,15.0,25.0,2.0,2.0,10.0,30.0,2.0,255.0
250.04416465759277,baseline,1095137,39.0,283.0,197.0,235.0,47.0,15.0,25.0,2.0,2.0,10.0,30.0,2.0,255.0
250.30216073989868,baseline,1095390,39.0,283.0,197.0,234.0,47.0,15.0,25.0,2.0,2.0,10.0,30.0,2.0,255.0
250.5512340068817,baseline,1095644,39.0,283.0,197.0,235.0,47.0,15.0,25.0,2.0,2.0,10.0,30.0,2.0,255.0
250.81093645095825,baseline,1095897,38.0,283.0,197.0,234.0,47.0,15.0,25.0,2.0,2.0,10.0,30.0,2.0,255.0
251.05771255493164,baseline,1096151,39.0,283.0,197.0,235.0,47.0,15.0,25.0,2.0,2.0,10.0,30.0,2.0,255.0
251.3118314743042,baseline,1096403,39.0,283.0,197.0,234.0,47.0,15.0,25.0,2.0,2.0,10.0,30.0,2.0,255.0
251.5644338130951,baseline,1096657,39.0,283.0,197.0,235.0,47.0,15.0,25.0,2.0,2.0,10.0,30.0,2.0,255.0
251.81719875335693,baseline,1096910,38.0,282.0,197.0,234.0,47.0,15.0,25.0,2.0,2.0,10.0,30.0,2.0,255.0
252.07621908187866,baseline,1097164,39.0,283.0,197.0,235.0,47.0,15.0,25.0,2.0,2.0,10.0,30.0,2.0,255.0
252.32459712028503,baseline,1097417,39.0,283.0,197.0,234.0,47.0,15.0,25.0,2.0,2.0,10.0,30.0,2.0,255.0
252.5796856880188,baseline,1097670,39.0,283.0,197.0,235.0,47.0,15.0,25.0,2.0,2.0,10.0,30.0,2.0,255.0
252.8316011428833,baseline,1097924,39.0,283.0,197.0,234.0,47.0,15.0,25.0,2.0,2.0,10.0,30.0,2.0,255.0
253.08441877365112,baseline,1098177,39.0,283.0,197.0,235.0,47.0,15.0,25.0,2.0,2.0,10.0,30.0,2.0,255.0
253.33832621574402,baseline,1098431,38.0,283.0,197.0,234.0,47.0,14.0,25.0,2.0,2.0,10.0,30.0,2.0,255.0
253.5913782119751,baseline,1098684,39.0,283.0,197.0,235.0,47.0,15.0,25.0,2.0,2.0,10.0,30.0,2.0,255.0
253.84416484832764,baseline,1098938,38.0,282.0,197.0,234.0,47.0,15.0,25.0,2.0,2.0,10.0,30.0,2.0,255.0
254.0981261730194,baseline,1099191,39.0,283.0,197.0,235.0,47.0,15.0,25.0,2.0,2.0,10.0,30.0,2.0,255.0
254.35256958007812,baseline,1099445,38.0,282.0,197.0,234.0,47.0,15.0,25.0,2.0,2.0,10.0,30.0,2.0,255.0
254.6057288646698,baseline,1099698,39.0,283.0,197.0,235.0,47.0,15.0,25.0,2.0,2.0,10.0,30.0,2.0,255.0
254.85796785354614,baseline,1099951,38.0,282.0,197.0,234.0,47.0,15.0,25.0,2.0,2.0,10.0,30.0,2.0,255.0
255.11099815368652,baseline,1100205,39.0,283.0,197.0,235.0,47.0,15.0,25.0,2.0,2.0,10.0,30.0,2.0,255.0
255.36554956436157,baseline,1100457,38.0,282.0,197.0,234.0,47.0,15.0,25.0,2.0,2.0,10.0,30.0,2.0,255.0
255.61854720115662,baseline,1100711,38.0,282.0,197.0,235.0,47.0,15.0,25.0,2.0,2.0,10.0,30.0,2.0,255.0
255.87232542037964,baseline,1100964,38.0,282.0,197.0,234.0,47.0,14.0,25.0,2.0,2.0,10.0,30.0,2.0,255.0
256.12502551078796,baseline,1101218,38.0,282.0,197.0,235.0,47.0,15.0,25.0,2.0,2.0,10.0,30.0,2.0,255.0
256.37821865081787,baseline,1101471,38.0,282.0,197.0,234.0,47.0,15.0,25.0,2.0,2.0,10.0,30.0,2.0,255.0
256.63233065605164,baseline,1101725,38.0,282.0,197.0,235.0,47.0,15.0,25.0,2.0,2.0,10.0,30.0,2.0,255.0
256.88538432121277,baseline,1101978,38.0,282.0,197.0,234.0,47.0,15.0,25.0,2.0,2.0,10.0,30.0,2.0,255.0
257.1380989551544,baseline,1102231,39.0,282.0,197.0,235.0,47.0,15.0,25.0,2.0,2.0,10.0,30.0,2.0,255.0
257.3922963142395,baseline,1102485,38.0,282.0,197.0,234.0,47.0,15.0,25.0,2.0,2.0,10.0,30.0,2.0,255.0
257.6454372406006,baseline,1102738,38.0,282.0,197.0,235.0,47.0,15.0,25.0,2.0,2.0,10.0,30.0,2.0,255.0
257.89976954460144,baseline,1102992,38.0,282.0,197.0,234.0,47.0,15.0,25.0,2.0,2.0,10.0,30.0,2.0,255.0
258.15238404273987,baseline,1103245,38.0,282.0,197.0,235.0,47.0,15.0,25.0,2.0,2.0,10.0,30.0,2.0,255.0
258.40502738952637,baseline,1103499,38.0,282.0,197.0,234.0,47.0,15.0,25.0,2.0,2.0,10.0,30.0,2.0,255.0
258.65902495384216,baseline,1103752,38.0,282.0,197.0,235.0,47.0,15.0,25.0,2.0,2.0,10.0,30.0,2.0,255.0
258.91191959381104,baseline,1104006,38.0,282.0,197.0,234.0,47.0,15.0,25.0,2.0,2.0,10.0,30.0,2.0,255.0
259.1663773059845,baseline,1104259,38.0,282.0,197.0,235.0,47.0,15.0,25.0,2.0,2.0,10.0,30.0,2.0,255.0
259.41916489601135,baseline,1104512,38.0,282.0,197.0,234.0,47.0,15.0,25.0,2.0,2.0,10.0,30.0,2.0,255.0
259.6720633506775,baseline,1104765,38.0,282.0,197.0,235.0,47.0,15.0,25.0,2.0,2.0,10.0,30.0,2.0,255.0
259.9260699748993,baseline,1105018,38.0,281.0,197.0,234.0,47.0,14.0,25.0,2.0,2.0,10.0,30.0,2.0,255.0
260.1792185306549,baseline,1105272,38.0,282.0,197.0,235.0,47.0,15.0,25.0,2.0,2.0,10.0,30.0,2.0,255.0
260.4341764450073,baseline,1105525,38.0,281.0,197.0,234.0,47.0,15.0,25.0,2.0,2.0,10.0,30.0,2.0,255.0
260.6862690448761,baseline,1105779,38.0,282.0,197.0,235.0,47.0,15.0,25.0,2.0,2.0,10.0,30.0,2.0,255.0
260.94073009490967,baseline,1106032,38.0,281.0,197.0,234.0,47.0,15.0,25.0,2.0,2.0,10.0,30.0,2.0,255.0
261.1935005187988,baseline,1106286,38.0,282.0,197.0,235.0,47.0,15.0,25.0,2.0,2.0,10.0,30.0,2.0,255.0
261.44689679145813,baseline,1106539,38.0,281.0,197.0,234.0,47.0,15.0,25.0,2.0,2.0,10.0,30.0,2.0,255.0
261.7010235786438,baseline,1106792,38.0,282.0,197.0,235.0,47.0,15.0,25.0,2.0,2.0,10.0,30.0,2.0,255.0
261.9533157348633,baseline,1107046,38.0,281.0,197.0,234.0,47.0,15.0,25.0,2.0,2.0,10.0,30.0,2.0,255.0
262.2077395915985,baseline,1107299,38.0,282.0,197.0,235.0,47.0,15.0,25.0,2.0,2.0,10.0,30.0,2.0,255.0
262.4601700305939,baseline,1107553,38.0,281.0,197.0,234.0,47.0,15.0,25.0,2.0,2.0,10.0,30.0,2.0,255.0
262.7144191265106,baseline,1107806,38.0,282.0,197.0,235.0,47.0,15.0,25.0,2.0,2.0,10.0,30.0,2.0,255.0
262.96624064445496,baseline,1108060,38.0,281.0,197.0,234.0,47.0,15.0,25.0,2.0,2.0,10.0,30.0,2.0,255.0
263.2202887535095,baseline,1108313,38.0,282.0,197.0,235.0,47.0,15.0,25.0,2.0,2.0,10.0,30.0,2.0,255.0
263.4746468067169,baseline,1108567,38.0,281.0,197.0,234.0,47.0,15.0,25.0,2.0,2.0,10.0,30.0,2.0,255.0
263.73002004623413,baseline,1108819,38.0,282.0,197.0,235.0,47.0,15.0,25.0,2.0,2.0,10.0,30.0,2.0,255.0
263.9802882671356,baseline,1109072,38.0,281.0,197.0,234.0,47.0,15.0,25.0,2.0,2.0,10.0,30.0,2.0,255.0
264.23475885391235,baseline,1109326,38.0,281.0,197.0,235.0,47.0,15.0,25.0,2.0,2.0,10.0,30.0,2.0,255.0
264.48841428756714,baseline,1109579,38.0,281.0,197.0,234.0,47.0,15.0,25.0,2.0,2.0,10.0,30.0,2.0,255.0
264.76151156425476,baseline,1109833,38.0,281.0,197.0,235.0,47.0,15.0,25.0,2.0,2.0,10.0,30.0,2.0,255.0
264.9945511817932,baseline,1110086,38.0,281.0,197.0,234.0,47.0,15.0,25.0,2.0,2.0,10.0,30.0,2.0,255.0
265.2508385181427,baseline,1110340,38.0,281.0,197.0,235.0,47.0,15.0,25.0,2.0,2.0,10.0,30.0,2.0,255.0
265.50128650665283,baseline,1110593,38.0,281.0,197.0,234.0,47.0,15.0,25.0,2.0,2.0,10.0,30.0,2.0,255.0
265.7548885345459,baseline,1110847,38.0,281.0,197.0,235.0,47.0,14.0,25.0,2.0,2.0,10.0,30.0,2.0,255.0
266.00834560394287,baseline,1111100,38.0,281.0,197.0,234.0,47.0,15.0,25.0,2.0,2.0,10.0,30.0,2.0,255.0
266.2613847255707,baseline,1111353,38.0,281.0,197.0,235.0,47.0,15.0,25.0,2.0,2.0,10.0,30.0,2.0,255.0
266.5156648159027,baseline,1111607,38.0,281.0,197.0,234.0,47.0,15.0,25.0,2.0,2.0,10.0,30.0,2.0,255.0
266.767529964447,baseline,1111860,38.0,281.0,197.0,235.0,47.0,15.0,25.0,2.0,2.0,10.0,30.0,2.0,255.0
267.0221915245056,baseline,1112114,38.0,281.0,197.0,234.0,47.0,15.0,25.0,2.0,2.0,10.0,30.0,2.0,255.0
267.2768564224243,baseline,1112367,38.0,281.0,197.0,235.0,47.0,15.0,25.0,2.0,2.0,10.0,30.0,2.0,255.0
267.52789211273193,baseline,1112621,38.0,281.0,197.0,234.0,47.0,15.0,25.0,2.0,2.0,10.0,30.0,2.0,255.0
267.7818236351013,baseline,1112873,38.0,281.0,197.0,235.0,47.0,15.0,25.0,2.0,2.0,10.0,30.0,2.0,255.0
268.0351767539978,baseline,1113127,38.0,281.0,197.0,234.0,47.0,15.0,25.0,2.0,2.0,10.0,30.0,2.0,255.0
268.28948736190796,baseline,1113380,38.0,281.0,197.0,235.0,47.0,15.0,25.0,2.0,2.0,10.0,30.0,2.0,255.0
268.56420135498047,baseline,1113633,38.0,281.0,197.0,234.0,47.0,15.0,25.0,2.0,2.0,10.0,30.0,2.0,255.0
268.79566192626953,baseline,1113887,38.0,281.0,197.0,235.0,47.0,15.0,25.0,2.0,2.0,10.0,30.0,2.0,255.0
269.04978227615356,baseline,1114140,38.0,281.0,197.0,234.0,47.0,15.0,25.0,2.0,2.0,10.0,30.0,2.0,255.0
269.3021581172943,baseline,1114394,38.0,281.0,197.0,235.0,47.0,15.0,25.0,2.0,2.0,10.0,30.0,2.0,255.0
269.55486512184143,baseline,1114647,38.0,281.0,197.0,234.0,47.0,15.0,25.0,2.0,2.0,10.0,30.0,2.0,255.0
269.80888056755066,baseline,1114901,38.0,281.0,197.0,235.0,48.0,15.0,25.0,2.0,2.0,10.0,30.0,2.0,255.0
270.06197714805603,baseline,1115154,38.0,281.0,197.0,234.0,47.0,15.0,25.0,2.0,2.0,10.0,30.0,2.0,255.0
270.3160047531128,baseline,1115408,38.0,281.0,197.0,235.0,47.0,15.0,25.0,2.0,2.0,10.0,30.0,2.0,255.0
270.5690484046936,baseline,1115661,38.0,281.0,197.0,234.0,47.0,15.0,25.0,2.0,2.0,10.0,30.0,2.0,255.0
270.82206654548645,baseline,1115914,38.0,281.0,197.0,235.0,47.0,15.0,25.0,2.0,2.0,10.0,30.0,2.0,255.0
271.0760419368744,baseline,1116168,38.0,281.0,197.0,234.0,47.0,15.0,25.0,2.0,2.0,10.0,30.0,2.0,255.0
271.32933497428894,baseline,1116421,38.0,281.0,197.0,234.0,47.0,15.0,25.0,2.0,2.0,10.0,30.0,2.0,255.0
271.58318853378296,baseline,1116675,38.0,281.0,197.0,234.0,47.0,15.0,25.0,2.0,2.0,10.0,30.0,2.0,255.0
271.83753776550293,baseline,1116928,38.0,281.0,197.0,235.0,47.0,15.0,25.0,2.0,2.0,10.0,30.0,2.0,255.0
272.08953309059143,baseline,1117181,38.0,281.0,197.0,233.0,47.0,14.0,25.0,2.0,2.0,10.0,30.0,2.0,255.0
272.34319043159485,baseline,1117434,38.0,281.0,197.0,234.0,47.0,15.0,25.0,2.0,2.0,10.0,30.0,2.0,255.0
272.5961697101593,baseline,1117688,38.0,281.0,197.0,234.0,47.0,15.0,25.0,2.0,2.0,10.0,30.0,2.0,255.0
272.8503270149231,baseline,1117941,38.0,281.0,197.0,234.0,47.0,15.0,25.0,2.0,2.0,10.0,30.0,2.0,255.0
273.10311794281006,baseline,1118194,38.0,281.0,197.0,234.0,47.0,15.0,25.0,2.0,2.0,10.0,30.0,2.0,255.0
273.3562788963318,baseline,1118448,38.0,281.0,197.0,235.0,47.0,15.0,25.0,2.0,2.0,10.0,30.0,2.0,255.0
273.61042737960815,baseline,1118701,38.0,281.0,197.0,234.0,47.0,15.0,25.0,2.0,2.0,10.0,30.0,2.0,255.0
273.8631269931793,baseline,1118955,38.0,281.0,197.0,234.0,47.0,15.0,25.0,2.0,2.0,10.0,30.0,2.0,255.0
274.11618065834045,baseline,1119208,38.0,281.0,197.0,234.0,47.0,15.0,25.0,2.0,2.0,10.0,30.0,2.0,255.0
274.37104201316833,baseline,1119462,38.0,281.0,197.0,234.0,47.0,15.0,25.0,2.0,2.0,10.0,30.0,2.0,255.0
274.6242551803589,baseline,1119715,38.0,281.0,197.0,234.0,47.0,15.0,25.0,2.0,2.0,10.0,30.0,2.0,255.0
274.8781452178955,baseline,1119969,38.0,281.0,197.0,235.0,47.0,15.0,25.0,2.0,2.0,10.0,30.0,2.0,255.0
275.1309058666229,baseline,1120222,38.0,280.0,197.0,234.0,47.0,15.0,25.0,2.0,2.0,10.0,30.0,2.0,255.0
275.3837287425995,baseline,1120475,38.0,281.0,197.0,235.0,47.0,15.0,25.0,2.0,2.0,10.0,30.0,2.0,255.0
275.63768887519836,baseline,1120729,38.0,280.0,197.0,234.0,47.0,14.0,25.0,2.0,2.0,10.0,30.0,2.0,255.0
275.89017844200134,baseline,1120982,38.0,281.0,197.0,234.0,47.0,15.0,25.0,2.0,2.0,10.0,30.0,2.0,255.0
276.14406180381775,baseline,1121235,38.0,280.0,197.0,233.0,47.0,15.0,25.0,2.0,2.0,10.0,30.0,2.0,255.0
276.39715695381165,baseline,1121488,38.0,281.0,197.0,234.0,47.0,15.0,25.0,2.0,2.0,10.0,30.0,2.0,255.0
276.65002703666687,baseline,1121742,38.0,280.0,197.0,234.0,47.0,15.0,25.0,2.0,2.0,10.0,30.0,2.0,255.0
276.9040458202362,baseline,1121995,38.0,280.0,197.0,234.0,47.0,15.0,25.0,2.0,2.0,10.0,30.0,2.0,255.0
277.15746569633484,baseline,1122249,38.0,280.0,197.0,234.0,47.0,15.0,25.0,2.0,2.0,10.0,30.0,2.0,255.0
277.41067028045654,baseline,1122502,38.0,281.0,197.0,234.0,47.0,15.0,25.0,2.0,2.0,10.0,30.0,2.0,255.0
277.6641824245453,baseline,1122755,38.0,280.0,197.0,233.0,47.0,14.0,25.0,2.0,2.0,10.0,30.0,2.0,255.0
277.9173526763916,baseline,1123009,38.0,280.0,197.0,234.0,47.0,15.0,25.0,2.0,2.0,10.0,30.0,2.0,255.0
278.17147874832153,baseline,1123262,38.0,280.0,197.0,233.0,47.0,15.0,25.0,2.0,2.0,10.0,30.0,2.0,255.0
278.42570972442627,baseline,1123516,38.0,280.0,197.0,234.0,47.0,15.0,25.0,2.0,2.0,10.0,30.0,2.0,255.0
278.69873690605164,baseline,1123769,38.0,280.0,197.0,233.0,47.0,15.0,25.0,2.0,2.0,10.0,30.0,2.0,255.0
278.93205738067627,baseline,1124023,38.0,280.0,197.0,234.0,47.0,15.0,25.0,2.0,2.0,10.0,30.0,2.0,255.0
279.18418049812317,baseline,1124276,38.0,280.0,196.0,233.0,47.0,15.0,25.0,2.0,2.0,10.0,30.0,2.0,255.0
279.43810987472534,baseline,1124530,38.0,280.0,197.0,234.0,47.0,15.0,25.0,2.0,2.0,10.0,30.0,2.0,255.0
279.69106364250183,baseline,1124783,37.0,280.0,197.0,234.0,47.0,15.0,25.0,2.0,2.0,10.0,30.0,2.0,255.0
279.94420886039734,baseline,1125036,38.0,280.0,197.0,234.0,48.0,14.0,25.0,2.0,2.0,10.0,30.0,2.0,255.0
280.1983962059021,baseline,1125289,38.0,280.0,197.0,234.0,47.0,15.0,25.0,2.0,2.0,10.0,30.0,2.0,255.0
280.45161294937134,baseline,1125542,38.0,280.0,197.0,234.0,47.0,15.0,25.0,2.0,2.0,10.0,30.0,2.0,255.0
280.7053499221802,baseline,1125796,38.0,280.0,197.0,233.0,47.0,15.0,25.0,2.0,2.0,10.0,30.0,2.0,255.0
280.95868015289307,baseline,1126049,38.0,280.0,197.0,234.0,47.0,15.0,25.0,2.0,2.0,10.0,30.0,2.0,255.0
281.23153018951416,baseline,1126303,38.0,280.0,197.0,234.0,47.0,15.0,25.0,2.0,2.0,10.0,30.0,2.0,255.0
281.4851784706116,baseline,1126556,38.0,280.0,197.0,234.0,47.0,15.0,25.0,2.0,2.0,10.0,30.0,2.0,255.0
281.71832823753357,baseline,1126810,38.0,280.0,197.0,233.0,47.0,15.0,25.0,2.0,2.0,10.0,30.0,2.0,255.0
281.9719932079315,baseline,1127063,38.0,280.0,197.0,234.0,47.0,15.0,25.0,2.0,2.0,10.0,30.0,2.0,255.0
282.2251625061035,baseline,1127316,38.0,280.0,197.0,233.0,47.0,15.0,25.0,2.0,2.0,10.0,30.0,2.0,255.0
282.47811579704285,baseline,1127570,38.0,280.0,197.0,234.0,47.0,15.0,25.0,2.0,2.0,10.0,30.0,2.0,255.0
282.73218989372253,baseline,1127823,38.0,280.0,196.0,233.0,47.0,15.0,25.0,2.0,2.0,10.0,30.0,2.0,255.0
282.98606276512146,baseline,1128077,38.0,280.0,197.0,234.0,47.0,15.0,25.0,2.0,2.0,10.0,30.0,2.0,255.0
283.2391095161438,baseline,1128330,38.0,280.0,197.0,233.0,47.0,15.0,25.0,2.0,2.0,10.0,30.0,2.0,255.0
283.4924068450928,baseline,1128584,38.0,280.0,197.0,234.0,47.0,15.0,25.0,2.0,2.0,10.0,30.0,2.0,255.0
283.74575543403625,baseline,1128837,38.0,280.0,197.0,233.0,47.0,15.0,25.0,2.0,2.0,10.0,30.0,2.0,255.0
283.9992060661316,baseline,1129091,38.0,280.0,197.0,234.0,47.0,15.0,25.0,2.0,2.0,10.0,30.0,2.0,255.0
284.2527103424072,baseline,1129344,38.0,280.0,196.0,234.0,47.0,15.0,25.0,2.0,2.0,10.0,30.0,2.0,255.0
284.5053291320801,baseline,1129596,38.0,280.0,197.0,234.0,47.0,15.0,25.0,2.0,2.0,10.0,30.0,2.0,255.0
284.7594130039215,baseline,1129850,38.0,280.0,197.0,233.0,47.0,14.0,25.0,2.0,2.0,10.0,30.0,2.0,255.0
285.012065410614,baseline,1130103,38.0,280.0,197.0,234.0,48.0,15.0,25.0,2.0,2.0,10.0,30.0,2.0,255.0
285.2662148475647,baseline,1130357,38.0,280.0,197.0,233.0,47.0,15.0,25.0,2.0,2.0,10.0,30.0,2.0,255.0
285.5190906524658,baseline,1130610,38.0,280.0,197.0,234.0,47.0,15.0,25.0,2.0,2.0,10.0,30.0,2.0,255.0
285.772141456604,baseline,1130864,38.0,280.0,196.0,233.0,47.0,14.0,25.0,2.0,2.0,10.0,30.0,2.0,255.0
286.02624011039734,baseline,1131117,38.0,280.0,197.0,235.0,47.0,15.0,25.0,2.0,2.0,10.0,30.0,2.0,255.0
286.2795832157135,baseline,1131371,37.0,280.0,197.0,234.0,47.0,15.0,25.0,2.0,2.0,10.0,30.0,2.0,255.0
286.53351402282715,baseline,1131624,38.0,280.0,197.0,234.0,47.0,15.0,25.0,2.0,2.0,10.0,30.0,2.0,255.0
286.78720593452454,baseline,1131877,38.0,280.0,197.0,234.0,47.0,15.0,25.0,2.0,2.0,10.0,30.0,2.0,255.0
287.03924226760864,baseline,1132131,38.0,280.0,197.0,234.0,47.0,15.0,25.0,2.0,2.0,10.0,30.0,2.0,255.0
287.2942156791687,baseline,1132384,38.0,280.0,197.0,233.0,47.0,15.0,25.0,2.0,2.0,10.0,30.0,2.0,255.0
287.54655027389526,baseline,1132638,38.0,280.0,197.0,235.0,47.0,15.0,25.0,2.0,2.0,10.0,30.0,2.0,255.0
287.7998468875885,baseline,1132891,38.0,280.0,197.0,233.0,47.0,15.0,25.0,2.0,2.0,10.0,30.0,2.0,255.0
288.0532612800598,baseline,1133145,38.0,280.0,197.0,234.0,47.0,15.0,25.0,2.0,2.0,10.0,30.0,2.0,255.0
288.30650782585144,baseline,1133398,37.0,280.0,197.0,233.0,47.0,15.0,25.0,2.0,2.0,10.0,30.0,2.0,255.0
288.56176805496216,baseline,1133651,38.0,280.0,197.0,234.0,47.0,15.0,25.0,2.0,2.0,10.0,30.0,2.0,255.0
288.8133203983307,baseline,1133904,38.0,280.0,197.0,233.0,47.0,15.0,25.0,2.0,2.0,10.0,30.0,2.0,255.0
289.0668227672577,baseline,1134157,38.0,280.0,197.0,234.0,47.0,15.0,25.0,2.0,2.0,10.0,30.0,2.0,255.0
289.32039999961853,baseline,1134411,38.0,280.0,197.0,233.0,47.0,15.0,25.0,2.0,2.0,10.0,30.0,2.0,255.0
289.5732958316803,baseline,1134664,38.0,280.0,197.0,234.0,47.0,15.0,25.0,2.0,2.0,10.0,30.0,2.0,255.0
289.82790207862854,baseline,1134918,37.0,280.0,197.0,233.0,47.0,15.0,25.0,2.0,2.0,10.0,30.0,2.0,255.0
290.0802364349365,baseline,1135171,38.0,280.0,197.0,234.0,47.0,15.0,25.0,2.0,2.0,10.0,30.0,2.0,255.0
290.3334047794342,baseline,1135425,38.0,280.0,197.0,233.0,47.0,15.0,25.0,2.0,2.0,10.0,30.0,2.0,255.0
290.58749437332153,baseline,1135678,38.0,280.0,197.0,234.0,47.0,15.0,25.0,2.0,2.0,10.0,30.0,2.0,255.0
290.840313911438,baseline,1135932,38.0,280.0,197.0,234.0,47.0,15.0,25.0,2.0,2.0,10.0,30.0,2.0,255.0
291.0936076641083,baseline,1136185,38.0,280.0,197.0,235.0,48.0,15.0,25.0,2.0,2.0,10.0,30.0,2.0,255.0
291.3473217487335,baseline,1136438,38.0,280.0,197.0,233.0,47.0,15.0,25.0,2.0,2.0,10.0,30.0,2.0,255.0
291.60035943984985,baseline,1136692,38.0,280.0,197.0,234.0,47.0,15.0,25.0,2.0,2.0,10.0,30.0,2.0,255.0
291.85523653030396,baseline,1136945,38.0,280.0,197.0,234.0,47.0,15.0,25.0,2.0,2.0,10.0,30.0,2.0,255.0
292.10742568969727,baseline,1137199,38.0,281.0,197.0,234.0,47.0,15.0,25.0,2.0,2.0,10.0,30.0,2.0,255.0
292.3608419895172,baseline,1137452,38.0,280.0,197.0,233.0,47.0,15.0,25.0,2.0,2.0,10.0,30.0,2.0,255.0
292.6150369644165,baseline,1137705,38.0,281.0,197.0,234.0,47.0,15.0,25.0,2.0,2.0,10.0,30.0,2.0,255.0
292.8673446178436,baseline,1137958,38.0,280.0,197.0,234.0,47.0,15.0,25.0,2.0,2.0,10.0,30.0,2.0,255.0
293.12123227119446,baseline,1138212,38.0,281.0,197.0,234.0,47.0,15.0,25.0,2.0,2.0,10.0,30.0,2.0,255.0
293.3748505115509,baseline,1138465,38.0,280.0,197.0,233.0,47.0,15.0,25.0,2.0,2.0,10.0,30.0,2.0,255.0
293.6272916793823,baseline,1138718,38.0,281.0,197.0,234.0,47.0,15.0,25.0,2.0,2.0,10.0,30.0,2.0,255.0
293.881551027298,baseline,1138972,38.0,280.0,197.0,233.0,47.0,14.0,25.0,2.0,2.0,10.0,30.0,2.0,255.0
294.1343858242035,baseline,1139225,38.0,280.0,197.0,234.0,47.0,15.0,25.0,2.0,2.0,10.0,30.0,2.0,255.0
294.3884024620056,baseline,1139479,38.0,280.0,197.0,234.0,47.0,15.0,25.0,2.0,2.0,10.0,30.0,2.0,255.0
294.64120292663574,baseline,1139732,38.0,280.0,197.0,234.0,47.0,15.0,25.0,2.0,2.0,10.0,30.0,2.0,255.0
294.895414352417,baseline,1139986,38.0,280.0,197.0,234.0,47.0,15.0,25.0,2.0,2.0,10.0,30.0,2.0,255.0
295.14824533462524,baseline,1140239,38.0,280.0,197.0,234.0,47.0,15.0,25.0,2.0,2.0,10.0,30.0,2.0,255.0
295.4020812511444,baseline,1140493,38.0,280.0,197.0,234.0,47.0,15.0,25.0,2.0,2.0,10.0,30.0,2.0,255.0
295.65424132347107,baseline,1140746,38.0,280.0,197.0,234.0,47.0,15.0,25.0,2.0,2.0,10.0,30.0,2.0,255.0
295.908301115036,baseline,1141000,38.0,280.0,197.0,234.0,47.0,15.0,25.0,2.0,2.0,10.0,30.0,2.0,255.0
296.16130781173706,baseline,1141253,38.0,280.0,197.0,235.0,47.0,15.0,25.0,2.0,2.0,10.0,30.0,2.0,255.0
296.41581630706787,baseline,1141506,38.0,280.0,197.0,234.0,47.0,15.0,25.0,2.0,2.0,10.0,30.0,2.0,255.0
296.6681971549988,baseline,1141760,38.0,280.0,197.0,235.0,47.0,15.0,25.0,2.0,2.0,10.0,30.0,2.0,255.0
296.9211549758911,baseline,1142012,38.0,280.0,197.0,234.0,47.0,15.0,25.0,2.0,2.0,10.0,30.0,2.0,255.0
297.175714969635,baseline,1142266,38.0,280.0,197.0,235.0,47.0,15.0,25.0,2.0,2.0,10.0,30.0,2.0,255.0
297.4282217025757,baseline,1142519,38.0,280.0,197.0,234.0,47.0,15.0,25.0,2.0,2.0,10.0,30.0,2.0,255.0
297.682168006897,baseline,1142773,38.0,280.0,197.0,234.0,47.0,15.0,25.0,2.0,2.0,10.0,30.0,2.0,255.0
297.9349412918091,baseline,1143026,38.0,280.0,197.0,234.0,47.0,15.0,25.0,2.0,2.0,10.0,30.0,2.0,255.0
298.20973777770996,baseline,1143280,38.0,280.0,197.0,234.0,47.0,15.0,25.0,2.0,2.0,10.0,30.0,2.0,255.0
298.44327092170715,baseline,1143533,38.0,280.0,197.0,233.0,47.0,15.0,25.0,2.0,2.0,10.0,30.0,2.0,255.0
298.6959550380707,baseline,1143786,38.0,280.0,197.0,234.0,47.0,15.0,25.0,2.0,2.0,10.0,30.0,2.0,255.0
298.9502446651459,baseline,1144040,38.0,280.0,197.0,233.0,47.0,15.0,25.0,2.0,2.0,10.0,30.0,2.0,255.0
299.20194244384766,baseline,1144293,38.0,280.0,197.0,234.0,47.0,15.0,25.0,2.0,2.0,10.0,30.0,2.0,255.0
299.4550597667694,baseline,1144547,38.0,280.0,197.0,234.0,47.0,15.0,25.0,2.0,2.0,10.0,30.0,2.0,255.0
299.7090620994568,baseline,1144800,38.0,280.0,197.0,234.0,47.0,15.0,25.0,2.0,2.0,10.0,30.0,2.0,255.0
299.96184396743774,baseline,1145054,38.0,280.0,197.0,234.0,47.0,15.0,25.0,2.0,2.0,10.0,30.0,2.0,255.0
300.21466732025146,baseline,1145307,38.0,280.0,197.0,234.0,47.0,15.0,25.0,2.0,2.0,10.0,30.0,2.0,255.0
