time_s,label,arduino_time,s1,s2,s3,s4,s5,s6,r1,r2,r3,r4,r5,r6,voltage
0.0007114410400390625,baseline,4486840,23.0,221.0,169.0,159.0,28.0,11.0,25.0,2.0,2.0,10.0,30.0,2.0,255.0
0.0012788772583007812,baseline,4487094,23.0,221.0,169.0,159.0,28.0,10.0,25.0,2.0,2.0,10.0,30.0,2.0,255.0
0.0022919178009033203,baseline,4487347,23.0,221.0,169.0,160.0,28.0,11.0,25.0,2.0,2.0,10.0,30.0,2.0,255.0
0.003025531768798828,baseline,4487601,23.0,221.0,169.0,159.0,28.0,10.0,25.0,2.0,2.0,10.0,30.0,2.0,255.0
0.003939151763916016,baseline,4487854,23.0,221.0,169.0,160.0,28.0,11.0,25.0,2.0,2.0,10.0,30.0,2.0,255.0
0.004808664321899414,baseline,4488107,23.0,221.0,169.0,159.0,28.0,10.0,25.0,2.0,2.0,10.0,30.0,2.0,255.0
0.005710124969482422,baseline,4488360,23.0,221.0,169.0,160.0,28.0,10.0,25.0,2.0,2.0,10.0,30.0,2.0,255.0
0.0065708160400390625,baseline,4488613,23.0,221.0,169.0,159.0,28.0,10.0,25.0,2.0,2.0,10.0,30.0,2.0,255.0
0.045890092849731445,baseline,4488867,24.0,221.0,169.0,160.0,29.0,10.0,25.0,2.0,2.0,10.0,30.0,2.0,255.0
0.2994687557220459,baseline,4489120,23.0,221.0,169.0,159.0,28.0,10.0,25.0,2.0,2.0,10.0,30.0,2.0,255.0
0.5531363487243652,baseline,4489374,23.0,221.0,169.0,160.0,28.0,10.0,25.0,2.0,2.0,10.0,30.0,2.0,255.0
0.8062407970428467,baseline,4489627,23.0,220.0,169.0,159.0,28.0,10.0,25.0,2.0,2.0,10.0,30.0,2.0,255.0
1.0599517822265625,baseline,4489881,23.0,221.0,169.0,160.0,28.0,11.0,25.0,2.0,2.0,10.0,30.0,2.0,255.0
1.3129327297210693,baseline,4490134,23.0,220.0,168.0,159.0,28.0,10.0,25.0,2.0,2.0,10.0,30.0,2.0,255.0
1.5690467357635498,baseline,4490387,23.0,221.0,169.0,160.0,28.0,10.0,25.0,2.0,2.0,10.0,30.0,2.0,255.0
1.8202972412109375,baseline,4490641,23.0,221.0,169.0,159.0,28.0,11.0,25.0,2.0,2.0,10.0,30.0,2.0,255.0
2.0748043060302734,baseline,4490894,23.0,221.0,169.0,160.0,28.0,10.0,25.0,2.0,2.0,10.0,30.0,2.0,255.0
2.3260416984558105,baseline,4491148,23.0,220.0,169.0,159.0,28.0,10.0,25.0,2.0,2.0,10.0,30.0,2.0,255.0
2.581089735031128,baseline,4491401,23.0,221.0,169.0,160.0,28.0,11.0,25.0,2.0,2.0,10.0,30.0,2.0,255.0
2.8339314460754395,baseline,4491655,23.0,221.0,169.0,159.0,28.0,10.0,25.0,2.0,2.0,10.0,30.0,2.0,255.0
3.0881569385528564,baseline,4491908,23.0,221.0,169.0,160.0,27.0,11.0,25.0,2.0,2.0,10.0,30.0,2.0,255.0
3.3417258262634277,baseline,4492162,23.0,221.0,169.0,159.0,27.0,10.0,25.0,2.0,2.0,10.0,30.0,2.0,255.0
3.593654155731201,baseline,4492414,23.0,221.0,169.0,160.0,28.0,10.0,25.0,2.0,2.0,10.0,30.0,2.0,255.0
3.848262310028076,baseline,4492668,23.0,220.0,169.0,159.0,27.0,11.0,25.0,2.0,2.0,10.0,30.0,2.0,255.0
4.100379943847656,baseline,4492921,23.0,220.0,169.0,160.0,28.0,10.0,25.0,2.0,2.0,10.0,30.0,2.0,255.0
4.376697778701782,baseline,4493174,23.0,220.0,169.0,159.0,27.0,10.0,25.0,2.0,2.0,10.0,30.0,2.0,255.0
4.6080238819122314,baseline,4493428,23.0,220.0,169.0,160.0,28.0,10.0,25.0,2.0,2.0,10.0,30.0,2.0,255.0
4.861132860183716,baseline,4493681,23.0,220.0,169.0,159.0,28.0,10.0,25.0,2.0,2.0,10.0,30.0,2.0,255.0
5.115877151489258,baseline,4493935,23.0,220.0,169.0,160.0,28.0,10.0,25.0,2.0,2.0,10.0,30.0,2.0,255.0
5.368712902069092,baseline,4494188,22.0,219.0,168.0,159.0,28.0,10.0,25.0,2.0,2.0,10.0,30.0,2.0,255.0
5.621652603149414,baseline,4494442,23.0,220.0,168.0,160.0,28.0,10.0,25.0,2.0,2.0,10.0,30.0,2.0,255.0
5.8754613399505615,baseline,4494695,23.0,219.0,168.0,159.0,28.0,10.0,25.0,2.0,2.0,10.0,30.0,2.0,255.0
6.129246234893799,baseline,4494949,23.0,220.0,168.0,160.0,28.0,11.0,25.0,2.0,2.0,10.0,30.0,2.0,255.0
6.384271621704102,baseline,4495202,23.0,219.0,168.0,159.0,28.0,10.0,25.0,2.0,2.0,10.0,30.0,2.0,255.0
6.63612174987793,baseline,4495455,23.0,219.0,168.0,160.0,28.0,11.0,25.0,2.0,2.0,10.0,30.0,2.0,255.0
6.889527082443237,baseline,4495709,23.0,219.0,168.0,159.0,28.0,10.0,25.0,2.0,2.0,10.0,30.0,2.0,255.0
7.144470453262329,baseline,4495962,23.0,219.0,168.0,159.0,28.0,11.0,25.0,2.0,2.0,10.0,30.0,2.0,255.0
7.396032810211182,baseline,4496216,23.0,219.0,168.0,158.0,28.0,11.0,25.0,2.0,2.0,10.0,30.0,2.0,255.0
7.650522708892822,baseline,4496468,23.0,219.0,168.0,159.0,28.0,10.0,25.0,2.0,2.0,10.0,30.0,2.0,255.0
7.902970314025879,baseline,4496722,23.0,219.0,168.0,158.0,28.0,10.0,25.0,2.0,2.0,10.0,30.0,2.0,255.0
8.156304359436035,baseline,4496975,23.0,219.0,168.0,159.0,28.0,10.0,25.0,2.0,2.0,10.0,30.0,2.0,255.0
8.4098379611969,baseline,4497229,23.0,219.0,167.0,158.0,28.0,10.0,25.0,2.0,2.0,10.0,30.0,2.0,255.0
8.663789510726929,baseline,4497482,23.0,220.0,168.0,159.0,28.0,10.0,25.0,2.0,2.0,10.0,30.0,2.0,255.0
8.916706085205078,baseline,4497735,23.0,220.0,168.0,158.0,27.0,10.0,25.0,2.0,2.0,10.0,30.0,2.0,255.0
9.170369863510132,baseline,4497989,23.0,220.0,168.0,159.0,28.0,10.0,25.0,2.0,2.0,10.0,30.0,2.0,255.0
9.423678636550903,baseline,4498242,23.0,219.0,167.0,158.0,27.0,10.0,25.0,2.0,2.0,10.0,30.0,2.0,255.0
9.67750859260559,baseline,4498496,23.0,219.0,167.0,158.0,28.0,10.0,25.0,2.0,2.0,10.0,30.0,2.0,255.0
9.929853677749634,baseline,4498749,23.0,219.0,167.0,158.0,27.0,11.0,25.0,2.0,2.0,10.0,30.0,2.0,255.0
10.182973384857178,baseline,4499003,23.0,219.0,167.0,158.0,27.0,11.0,25.0,2.0,2.0,10.0,30.0,2.0,255.0
10.436962842941284,baseline,4499256,23.0,219.0,167.0,157.0,27.0,10.0,25.0,2.0,2.0,10.0,30.0,2.0,255.0
10.689982652664185,baseline,4499510,23.0,219.0,167.0,158.0,27.0,10.0,25.0,2.0,2.0,10.0,30.0,2.0,255.0
10.945061683654785,baseline,4499763,23.0,219.0,167.0,157.0,27.0,10.0,25.0,2.0,2.0,10.0,30.0,2.0,255.0
11.198426246643066,baseline,4500016,23.0,219.0,167.0,158.0,27.0,10.0,25.0,2.0,2.0,10.0,30.0,2.0,255.0
11.451138734817505,baseline,4500270,23.0,219.0,167.0,157.0,27.0,10.0,25.0,2.0,2.0,10.0,30.0,2.0,255.0
11.7077317237854,baseline,4500523,23.0,220.0,167.0,158.0,28.0,10.0,25.0,2.0,2.0,10.0,30.0,2.0,255.0
11.958521604537964,baseline,4500776,23.0,219.0,167.0,157.0,27.0,10.0,25.0,2.0,2.0,10.0,30.0,2.0,255.0
12.212286233901978,baseline,4501029,23.0,220.0,167.0,158.0,27.0,10.0,25.0,2.0,2.0,10.0,30.0,2.0,255.0
12.464926719665527,baseline,4501283,23.0,220.0,167.0,157.0,27.0,10.0,25.0,2.0,2.0,10.0,30.0,2.0,255.0
12.718664407730103,baseline,4501536,23.0,220.0,167.0,158.0,27.0,10.0,25.0,2.0,2.0,10.0,30.0,2.0,255.0
12.972665309906006,baseline,4501790,23.0,220.0,167.0,157.0,27.0,10.0,25.0,2.0,2.0,10.0,30.0,2.0,255.0
13.22574758529663,baseline,4502043,23.0,221.0,168.0,158.0,28.0,10.0,25.0,2.0,2.0,10.0,30.0,2.0,255.0
13.479516983032227,baseline,4502296,23.0,220.0,167.0,157.0,27.0,10.0,25.0,2.0,2.0,10.0,30.0,2.0,255.0
13.732661008834839,baseline,4502550,23.0,221.0,168.0,158.0,27.0,10.0,25.0,2.0,2.0,10.0,30.0,2.0,255.0
13.985592126846313,baseline,4502803,24.0,221.0,168.0,157.0,28.0,10.0,25.0,2.0,2.0,10.0,30.0,2.0,255.0
14.24069881439209,baseline,4503057,23.0,221.0,168.0,158.0,27.0,10.0,25.0,2.0,2.0,10.0,30.0,2.0,255.0
14.49478793144226,baseline,4503310,23.0,221.0,168.0,157.0,28.0,10.0,25.0,2.0,2.0,10.0,30.0,2.0,255.0
14.745778560638428,baseline,4503564,23.0,221.0,168.0,158.0,28.0,10.0,25.0,2.0,2.0,10.0,30.0,2.0,255.0
14.999853610992432,baseline,4503817,23.0,221.0,168.0,157.0,28.0,10.0,25.0,2.0,2.0,10.0,30.0,2.0,255.0
15.253330945968628,baseline,4504071,23.0,221.0,168.0,157.0,27.0,10.0,25.0,2.0,2.0,10.0,30.0,2.0,255.0
15.508812189102173,baseline,4504324,23.0,221.0,168.0,157.0,28.0,10.0,25.0,2.0,2.0,10.0,30.0,2.0,255.0
15.758368253707886,baseline,4504577,23.0,222.0,168.0,158.0,28.0,10.0,25.0,2.0,2.0,10.0,30.0,2.0,255.0
16.011698007583618,baseline,4504830,23.0,222.0,168.0,157.0,28.0,10.0,25.0,2.0,2.0,10.0,30.0,2.0,255.0
16.266571521759033,baseline,4505083,23.0,222.0,168.0,158.0,28.0,10.0,25.0,2.0,2.0,10.0,30.0,2.0,255.0
16.51915693283081,baseline,4505337,23.0,222.0,168.0,157.0,28.0,10.0,25.0,2.0,2.0,10.0,30.0,2.0,255.0
16.773273468017578,baseline,4505590,23.0,222.0,169.0,158.0,28.0,10.0,25.0,2.0,2.0,10.0,30.0,2.0,255.0
17.025159120559692,baseline,4505844,23.0,222.0,168.0,157.0,28.0,10.0,25.0,2.0,2.0,10.0,30.0,2.0,255.0
17.277151107788086,baseline,4506097,23.0,222.0,169.0,158.0,28.0,10.0,25.0,2.0,2.0,10.0,30.0,2.0,255.0
17.534432411193848,baseline,4506351,23.0,222.0,169.0,157.0,28.0,10.0,25.0,2.0,2.0,10.0,30.0,2.0,255.0
17.784764289855957,baseline,4506604,23.0,222.0,169.0,158.0,28.0,10.0,25.0,2.0,2.0,10.0,30.0,2.0,255.0
18.038264989852905,baseline,4506857,23.0,222.0,169.0,157.0,28.0,10.0,25.0,2.0,2.0,10.0,30.0,2.0,255.0
18.300084352493286,baseline,4507111,23.0,222.0,169.0,158.0,28.0,10.0,25.0,2.0,2.0,10.0,30.0,2.0,255.0
18.543882131576538,baseline,4507364,23.0,222.0,169.0,157.0,28.0,10.0,25.0,2.0,2.0,10.0,30.0,2.0,255.0
18.7978618144989,baseline,4507618,23.0,222.0,169.0,158.0,28.0,10.0,25.0,2.0,2.0,10.0,30.0,2.0,255.0
19.049885988235474,baseline,4507871,23.0,222.0,169.0,157.0,28.0,10.0,25.0,2.0,2.0,10.0,30.0,2.0,255.0
19.303212881088257,baseline,4508125,23.0,222.0,169.0,158.0,28.0,11.0,25.0,2.0,2.0,10.0,30.0,2.0,255.0
19.55993676185608,baseline,4508378,23.0,222.0,169.0,157.0,28.0,10.0,25.0,2.0,2.0,10.0,30.0,2.0,255.0
19.809220552444458,baseline,4508632,23.0,223.0,169.0,158.0,28.0,10.0,25.0,2.0,2.0,10.0,30.0,2.0,255.0
20.064248085021973,baseline,4508884,23.0,222.0,169.0,157.0,28.0,10.0,25.0,2.0,2.0,10.0,30.0,2.0,255.0
20.315510749816895,baseline,4509137,24.0,223.0,169.0,158.0,28.0,10.0,25.0,2.0,2.0,10.0,30.0,2.0,255.0
20.569005489349365,baseline,4509391,23.0,223.0,169.0,157.0,28.0,10.0,25.0,2.0,2.0,10.0,30.0,2.0,255.0
20.823407888412476,baseline,4509644,23.0,223.0,169.0,158.0,28.0,10.0,25.0,2.0,2.0,10.0,30.0,2.0,255.0
21.07609272003174,baseline,4509898,23.0,223.0,169.0,157.0,28.0,11.0,25.0,2.0,2.0,10.0,30.0,2.0,255.0
21.330061435699463,baseline,4510151,23.0,223.0,170.0,158.0,28.0,10.0,25.0,2.0,2.0,10.0,30.0,2.0,255.0
21.584664583206177,baseline,4510405,23.0,223.0,169.0,158.0,28.0,10.0,25.0,2.0,2.0,10.0,30.0,2.0,255.0
21.835073471069336,baseline,4510658,23.0,223.0,170.0,158.0,28.0,10.0,25.0,2.0,2.0,10.0,30.0,2.0,255.0
22.09045100212097,baseline,4510912,23.0,223.0,169.0,157.0,28.0,10.0,25.0,2.0,2.0,10.0,30.0,2.0,255.0
22.340887784957886,baseline,4511165,23.0,223.0,169.0,158.0,28.0,10.0,25.0,2.0,2.0,10.0,30.0,2.0,255.0
22.595678329467773,baseline,4511418,23.0,223.0,169.0,158.0,28.0,10.0,25.0,2.0,2.0,10.0,30.0,2.0,255.0
22.84861469268799,baseline,4511672,23.0,223.0,169.0,158.0,28.0,10.0,25.0,2.0,2.0,10.0,30.0,2.0,255.0
23.101316452026367,baseline,4511925,23.0,223.0,169.0,158.0,28.0,10.0,25.0,2.0,2.0,10.0,30.0,2.0,255.0
23.35490369796753,baseline,4512179,23.0,223.0,169.0,158.0,28.0,10.0,25.0,2.0,2.0,10.0,30.0,2.0,255.0
23.607880115509033,baseline,4512432,23.0,222.0,169.0,158.0,28.0,10.0,25.0,2.0,2.0,10.0,30.0,2.0,255.0
23.85928988456726,baseline,4512686,23.0,223.0,169.0,158.0,28.0,10.0,25.0,2.0,2.0,10.0,30.0,2.0,255.0
24.115124225616455,baseline,4512939,23.0,222.0,169.0,158.0,28.0,10.0,25.0,2.0,2.0,10.0,30.0,2.0,255.0
24.366064310073853,baseline,4513192,23.0,222.0,169.0,158.0,28.0,10.0,25.0,2.0,2.0,10.0,30.0,2.0,255.0
24.619699239730835,baseline,4513445,23.0,222.0,169.0,158.0,28.0,10.0,25.0,2.0,2.0,10.0,30.0,2.0,255.0
24.87259268760681,baseline,4513698,23.0,223.0,170.0,159.0,28.0,11.0,25.0,2.0,2.0,10.0,30.0,2.0,255.0
25.125070810317993,baseline,4513952,23.0,223.0,170.0,158.0,28.0,10.0,25.0,2.0,2.0,10.0,30.0,2.0,255.0
25.379415035247803,baseline,4514205,23.0,223.0,170.0,158.0,28.0,10.0,25.0,2.0,2.0,10.0,30.0,2.0,255.0
25.631959438323975,baseline,4514459,23.0,223.0,170.0,158.0,28.0,10.0,25.0,2.0,2.0,10.0,30.0,2.0,255.0
25.885693788528442,baseline,4514712,23.0,223.0,170.0,159.0,28.0,11.0,25.0,2.0,2.0,10.0,30.0,2.0,255.0
26.138444185256958,baseline,4514966,23.0,223.0,170.0,158.0,28.0,10.0,25.0,2.0,2.0,10.0,30.0,2.0,255.0
26.391224145889282,baseline,4515219,23.0,224.0,170.0,159.0,28.0,10.0,25.0,2.0,2.0,10.0,30.0,2.0,255.0
26.647489547729492,baseline,4515473,23.0,224.0,170.0,158.0,28.0,10.0,25.0,2.0,2.0,10.0,30.0,2.0,255.0
26.899409532546997,baseline,4515726,23.0,224.0,170.0,159.0,28.0,10.0,25.0,2.0,2.0,10.0,30.0,2.0,255.0
27.154545068740845,baseline,4515979,23.0,224.0,170.0,158.0,28.0,10.0,25.0,2.0,2.0,10.0,30.0,2.0,255.0
27.409029245376587,baseline,4516233,24.0,224.0,170.0,159.0,28.0,10.0,25.0,2.0,2.0,10.0,30.0,2.0,255.0
27.658216953277588,baseline,4516486,23.0,224.0,170.0,158.0,28.0,10.0,25.0,2.0,2.0,10.0,30.0,2.0,255.0
27.91253399848938,baseline,4516740,24.0,224.0,170.0,159.0,28.0,10.0,25.0,2.0,2.0,10.0,30.0,2.0,255.0
28.165736198425293,baseline,4516993,24.0,224.0,170.0,158.0,28.0,10.0,25.0,2.0,2.0,10.0,30.0,2.0,255.0
28.418293714523315,baseline,4517246,24.0,224.0,170.0,159.0,28.0,11.0,25.0,2.0,2.0,10.0,30.0,2.0,255.0
28.671905755996704,baseline,4517499,24.0,224.0,170.0,158.0,28.0,10.0,25.0,2.0,2.0,10.0,30.0,2.0,255.0
28.9240882396698,baseline,4517753,23.0,224.0,170.0,159.0,28.0,11.0,25.0,2.0,2.0,10.0,30.0,2.0,255.0
29.17728590965271,baseline,4518006,23.0,224.0,169.0,158.0,28.0,10.0,25.0,2.0,2.0,10.0,30.0,2.0,255.0
29.430166721343994,baseline,4518259,23.0,224.0,170.0,159.0,28.0,10.0,25.0,2.0,2.0,10.0,30.0,2.0,255.0
29.683924674987793,baseline,4518513,23.0,224.0,169.0,158.0,28.0,10.0,25.0,2.0,2.0,10.0,30.0,2.0,255.0
29.93757939338684,baseline,4518766,23.0,224.0,170.0,159.0,28.0,11.0,25.0,2.0,2.0,10.0,30.0,2.0,255.0
30.190704584121704,baseline,4519020,24.0,223.0,170.0,158.0,28.0,10.0,25.0,2.0,2.0,10.0,30.0,2.0,255.0
30.445070266723633,baseline,4519273,24.0,224.0,170.0,159.0,28.0,10.0,25.0,2.0,2.0,10.0,30.0,2.0,255.0
30.717743396759033,baseline,4519527,23.0,224.0,169.0,158.0,28.0,11.0,25.0,2.0,2.0,10.0,30.0,2.0,255.0
30.949671745300293,baseline,4519780,23.0,224.0,170.0,159.0,28.0,10.0,25.0,2.0,2.0,10.0,30.0,2.0,255.0
31.20299482345581,baseline,4520034,23.0,224.0,170.0,158.0,28.0,11.0,25.0,2.0,2.0,10.0,30.0,2.0,255.0
31.4569149017334,baseline,4520287,24.0,224.0,170.0,159.0,28.0,11.0,25.0,2.0,2.0,10.0,30.0,2.0,255.0
31.70938801765442,baseline,4520540,24.0,224.0,170.0,158.0,28.0,10.0,25.0,2.0,2.0,10.0,30.0,2.0,255.0
31.96295952796936,baseline,4520794,24.0,224.0,170.0,159.0,28.0,10.0,25.0,2.0,2.0,10.0,30.0,2.0,255.0
32.21650505065918,baseline,4521047,23.0,224.0,170.0,158.0,28.0,10.0,25.0,2.0,2.0,10.0,30.0,2.0,255.0
32.4696888923645,baseline,4521300,24.0,224.0,170.0,159.0,28.0,10.0,25.0,2.0,2.0,10.0,30.0,2.0,255.0
32.722728967666626,baseline,4521553,24.0,224.0,170.0,158.0,28.0,10.0,25.0,2.0,2.0,10.0,30.0,2.0,255.0
32.9765522480011,baseline,4521807,24.0,224.0,170.0,159.0,28.0,10.0,25.0,2.0,2.0,10.0,30.0,2.0,255.0
33.22935676574707,baseline,4522060,23.0,224.0,170.0,158.0,28.0,11.0,25.0,2.0,2.0,10.0,30.0,2.0,255.0
33.48308777809143,baseline,4522314,24.0,225.0,170.0,159.0,28.0,10.0,25.0,2.0,2.0,10.0,30.0,2.0,255.0
33.735472202301025,baseline,4522567,24.0,225.0,170.0,158.0,28.0,10.0,25.0,2.0,2.0,10.0,30.0,2.0,255.0
33.988290548324585,baseline,4522820,24.0,225.0,170.0,159.0,28.0,10.0,25.0,2.0,2.0,10.0,30.0,2.0,255.0
34.24119019508362,baseline,4523074,23.0,225.0,170.0,158.0,28.0,10.0,25.0,2.0,2.0,10.0,30.0,2.0,255.0
34.496445178985596,baseline,4523327,24.0,225.0,170.0,159.0,28.0,10.0,25.0,2.0,2.0,10.0,30.0,2.0,255.0
34.747851848602295,baseline,4523581,23.0,225.0,170.0,158.0,28.0,10.0,25.0,2.0,2.0,10.0,30.0,2.0,255.0
35.0015983581543,baseline,4523834,24.0,225.0,170.0,159.0,28.0,10.0,25.0,2.0,2.0,10.0,30.0,2.0,255.0
35.254674196243286,baseline,4524088,24.0,225.0,170.0,159.0,28.0,10.0,25.0,2.0,2.0,10.0,30.0,2.0,255.0
35.50741958618164,baseline,4524341,24.0,225.0,170.0,159.0,28.0,11.0,25.0,2.0,2.0,10.0,30.0,2.0,255.0
35.7624728679657,baseline,4524595,24.0,225.0,170.0,158.0,28.0,10.0,25.0,2.0,2.0,10.0,30.0,2.0,255.0
36.013827323913574,baseline,4524848,24.0,225.0,170.0,159.0,28.0,10.0,25.0,2.0,2.0,10.0,30.0,2.0,255.0
36.26814389228821,baseline,4525101,24.0,225.0,170.0,158.0,28.0,11.0,25.0,2.0,2.0,10.0,30.0,2.0,255.0
36.520888805389404,baseline,4525355,23.0,225.0,170.0,159.0,29.0,11.0,25.0,2.0,2.0,10.0,30.0,2.0,255.0
36.79473328590393,baseline,4525607,24.0,225.0,170.0,158.0,28.0,10.0,25.0,2.0,2.0,10.0,30.0,2.0,255.0
37.02746605873108,baseline,4525861,24.0,225.0,170.0,159.0,28.0,10.0,25.0,2.0,2.0,10.0,30.0,2.0,255.0
37.28055429458618,baseline,4526114,24.0,226.0,170.0,159.0,28.0,10.0,25.0,2.0,2.0,10.0,30.0,2.0,255.0
37.535226583480835,baseline,4526368,24.0,226.0,170.0,159.0,28.0,11.0,25.0,2.0,2.0,10.0,30.0,2.0,255.0
37.78745484352112,baseline,4526621,24.0,226.0,170.0,158.0,28.0,10.0,25.0,2.0,2.0,10.0,30.0,2.0,255.0
38.03947687149048,baseline,4526875,24.0,226.0,170.0,159.0,29.0,11.0,25.0,2.0,2.0,10.0,30.0,2.0,255.0
38.2938289642334,baseline,4527128,24.0,225.0,170.0,158.0,28.0,11.0,25.0,2.0,2.0,10.0,30.0,2.0,255.0
38.546366691589355,baseline,4527381,24.0,226.0,170.0,159.0,28.0,10.0,25.0,2.0,2.0,10.0,30.0,2.0,255.0
38.79901456832886,baseline,4527635,24.0,226.0,170.0,159.0,28.0,10.0,25.0,2.0,2.0,10.0,30.0,2.0,255.0
39.053420066833496,baseline,4527888,24.0,226.0,170.0,159.0,28.0,10.0,25.0,2.0,2.0,10.0,30.0,2.0,255.0
39.30963587760925,baseline,4528142,24.0,226.0,170.0,159.0,28.0,11.0,25.0,2.0,2.0,10.0,30.0,2.0,255.0
39.66497993469238,baseline,4528395,24.0,226.0,170.0,159.0,28.0,10.0,25.0,2.0,2.0,10.0,30.0,2.0,255.0
39.81390333175659,baseline,4528649,24.0,226.0,170.0,159.0,28.0,11.0,25.0,2.0,2.0,10.0,30.0,2.0,255.0
40.06734323501587,baseline,4528902,24.0,226.0,170.0,159.0,29.0,11.0,25.0,2.0,2.0,10.0,30.0,2.0,255.0
40.32038903236389,baseline,4529156,24.0,226.0,170.0,159.0,28.0,10.0,25.0,2.0,2.0,10.0,30.0,2.0,255.0
40.57382416725159,baseline,4529409,24.0,226.0,170.0,159.0,28.0,10.0,25.0,2.0,2.0,10.0,30.0,2.0,255.0
40.82489538192749,baseline,4529661,24.0,226.0,170.0,159.0,28.0,10.0,25.0,2.0,2.0,10.0,30.0,2.0,255.0
41.078850746154785,baseline,4529915,24.0,226.0,170.0,159.0,28.0,10.0,25.0,2.0,2.0,10.0,30.0,2.0,255.0
41.33244323730469,baseline,4530168,24.0,226.0,170.0,159.0,28.0,11.0,25.0,2.0,2.0,10.0,30.0,2.0,255.0
41.5909538269043,baseline,4530422,24.0,226.0,170.0,159.0,28.0,10.0,25.0,2.0,2.0,10.0,30.0,2.0,255.0
41.84042501449585,baseline,4530675,24.0,226.0,170.0,159.0,28.0,10.0,25.0,2.0,2.0,10.0,30.0,2.0,255.0
42.09195327758789,baseline,4530929,24.0,226.0,170.0,159.0,28.0,10.0,25.0,2.0,2.0,10.0,30.0,2.0,255.0
42.34602117538452,baseline,4531182,24.0,226.0,170.0,159.0,28.0,10.0,25.0,2.0,2.0,10.0,30.0,2.0,255.0
42.59786772727966,baseline,4531436,24.0,226.0,170.0,159.0,28.0,10.0,25.0,2.0,2.0,10.0,30.0,2.0,255.0
42.853745460510254,baseline,4531689,24.0,226.0,170.0,158.0,28.0,10.0,25.0,2.0,2.0,10.0,30.0,2.0,255.0
43.10467553138733,baseline,4531942,24.0,226.0,170.0,159.0,28.0,11.0,25.0,2.0,2.0,10.0,30.0,2.0,255.0
43.35771465301514,baseline,4532196,23.0,226.0,170.0,158.0,28.0,10.0,25.0,2.0,2.0,10.0,30.0,2.0,255.0
43.61157202720642,baseline,4532449,24.0,226.0,170.0,159.0,28.0,10.0,25.0,2.0,2.0,10.0,30.0,2.0,255.0
43.86484384536743,baseline,4532703,23.0,225.0,170.0,158.0,28.0,10.0,25.0,2.0,2.0,10.0,30.0,2.0,255.0
44.118876218795776,baseline,4532956,23.0,225.0,170.0,159.0,28.0,11.0,25.0,2.0,2.0,10.0,30.0,2.0,255.0
44.37099027633667,baseline,4533210,24.0,225.0,170.0,159.0,28.0,10.0,25.0,2.0,2.0,10.0,30.0,2.0,255.0
44.62453651428223,baseline,4533463,24.0,225.0,170.0,159.0,28.0,10.0,25.0,2.0,2.0,10.0,30.0,2.0,255.0
44.877811908721924,baseline,4533716,23.0,225.0,170.0,159.0,28.0,11.0,25.0,2.0,2.0,10.0,30.0,2.0,255.0
45.13067054748535,baseline,4533969,24.0,225.0,170.0,159.0,28.0,10.0,25.0,2.0,2.0,10.0,30.0,2.0,255.0
45.38492131233215,baseline,4534222,23.0,224.0,170.0,159.0,28.0,11.0,25.0,2.0,2.0,10.0,30.0,2.0,255.0
45.637938499450684,baseline,4534476,24.0,225.0,170.0,159.0,28.0,10.0,25.0,2.0,2.0,10.0,30.0,2.0,255.0
45.89023971557617,baseline,4534729,24.0,224.0,170.0,159.0,28.0,10.0,25.0,2.0,2.0,10.0,30.0,2.0,255.0
46.14449453353882,baseline,4534983,24.0,225.0,170.0,159.0,28.0,10.0,25.0,2.0,2.0,10.0,30.0,2.0,255.0
46.397255182266235,baseline,4535236,23.0,224.0,170.0,159.0,28.0,10.0,25.0,2.0,2.0,10.0,30.0,2.0,255.0
46.650697231292725,baseline,4535490,24.0,225.0,170.0,160.0,28.0,10.0,25.0,2.0,2.0,10.0,30.0,2.0,255.0
46.90472960472107,baseline,4535743,23.0,225.0,170.0,159.0,28.0,10.0,25.0,2.0,2.0,10.0,30.0,2.0,255.0
47.15728735923767,baseline,4535997,24.0,225.0,170.0,160.0,28.0,10.0,25.0,2.0,2.0,10.0,30.0,2.0,255.0
47.41056442260742,baseline,4536250,24.0,225.0,170.0,159.0,28.0,10.0,25.0,2.0,2.0,10.0,30.0,2.0,255.0
47.664082765579224,baseline,4536503,24.0,225.0,170.0,160.0,28.0,10.0,25.0,2.0,2.0,10.0,30.0,2.0,255.0
47.9165244102478,baseline,4536757,24.0,225.0,170.0,159.0,28.0,10.0,25.0,2.0,2.0,10.0,30.0,2.0,255.0
48.17097878456116,baseline,4537010,24.0,226.0,170.0,160.0,29.0,11.0,25.0,2.0,2.0,10.0,30.0,2.0,255.0
48.42472553253174,baseline,4537264,23.0,225.0,170.0,159.0,28.0,10.0,25.0,2.0,2.0,10.0,30.0,2.0,255.0
48.67635655403137,baseline,4537517,24.0,226.0,170.0,160.0,28.0,10.0,25.0,2.0,2.0,10.0,30.0,2.0,255.0
48.93006420135498,baseline,4537771,24.0,226.0,170.0,159.0,28.0,11.0,25.0,2.0,2.0,10.0,30.0,2.0,255.0
49.18413591384888,baseline,4538023,24.0,226.0,170.0,160.0,28.0,10.0,25.0,2.0,2.0,10.0,30.0,2.0,255.0
49.437500953674316,baseline,4538277,24.0,226.0,170.0,159.0,28.0,10.0,25.0,2.0,2.0,10.0,30.0,2.0,255.0
49.691280364990234,baseline,4538530,24.0,226.0,170.0,160.0,28.0,11.0,25.0,2.0,2.0,10.0,30.0,2.0,255.0
49.94272494316101,baseline,4538783,24.0,225.0,170.0,159.0,28.0,10.0,25.0,2.0,2.0,10.0,30.0,2.0,255.0
50.19801449775696,baseline,4539037,24.0,226.0,170.0,160.0,28.0,10.0,25.0,2.0,2.0,10.0,30.0,2.0,255.0
50.448810338974,baseline,4539290,24.0,225.0,170.0,159.0,28.0,10.0,25.0,2.0,2.0,10.0,30.0,2.0,255.0
50.7031352519989,baseline,4539544,24.0,226.0,170.0,160.0,28.0,10.0,25.0,2.0,2.0,10.0,30.0,2.0,255.0
50.955962896347046,baseline,4539797,24.0,225.0,170.0,159.0,28.0,11.0,25.0,2.0,2.0,10.0,30.0,2.0,255.0
51.21000862121582,baseline,4540051,24.0,225.0,170.0,160.0,28.0,10.0,25.0,2.0,2.0,10.0,30.0,2.0,255.0
51.464560985565186,baseline,4540304,23.0,225.0,170.0,159.0,28.0,10.0,25.0,2.0,2.0,10.0,30.0,2.0,255.0
51.71532440185547,baseline,4540558,24.0,225.0,170.0,160.0,29.0,11.0,25.0,2.0,2.0,10.0,30.0,2.0,255.0
51.969696283340454,baseline,4540811,23.0,225.0,170.0,159.0,28.0,10.0,25.0,2.0,2.0,10.0,30.0,2.0,255.0
52.22278642654419,baseline,4541065,24.0,225.0,170.0,159.0,29.0,10.0,25.0,2.0,2.0,10.0,30.0,2.0,255.0
52.47631216049194,baseline,4541318,24.0,225.0,170.0,159.0,28.0,10.0,25.0,2.0,2.0,10.0,30.0,2.0,255.0
52.72968053817749,baseline,4541571,23.0,225.0,170.0,160.0,28.0,11.0,25.0,2.0,2.0,10.0,30.0,2.0,255.0
53.01906228065491,baseline,4541825,23.0,224.0,170.0,159.0,28.0,10.0,25.0,2.0,2.0,10.0,30.0,2.0,255.0
53.237263917922974,baseline,4542077,24.0,225.0,170.0,160.0,28.0,10.0,25.0,2.0,2.0,10.0,30.0,2.0,255.0
53.488842487335205,baseline,4542331,24.0,224.0,170.0,159.0,28.0,10.0,25.0,2.0,2.0,10.0,30.0,2.0,255.0
53.742334842681885,baseline,4542584,24.0,224.0,170.0,160.0,28.0,10.0,25.0,2.0,2.0,10.0,30.0,2.0,255.0
53.995424032211304,baseline,4542838,23.0,224.0,170.0,159.0,28.0,10.0,25.0,2.0,2.0,10.0,30.0,2.0,255.0
54.24828481674194,baseline,4543091,23.0,224.0,170.0,160.0,28.0,10.0,25.0,2.0,2.0,10.0,30.0,2.0,255.0
54.504645347595215,baseline,4543345,23.0,224.0,170.0,159.0,28.0,10.0,25.0,2.0,2.0,10.0,30.0,2.0,255.0
54.755828857421875,baseline,4543598,23.0,224.0,170.0,160.0,28.0,10.0,25.0,2.0,2.0,10.0,30.0,2.0,255.0
55.024351835250854,baseline,4543851,23.0,223.0,169.0,159.0,28.0,10.0,25.0,2.0,2.0,10.0,30.0,2.0,255.0
55.26225709915161,baseline,4544105,24.0,223.0,169.0,159.0,28.0,10.0,25.0,2.0,2.0,10.0,30.0,2.0,255.0
55.518563985824585,baseline,4544358,23.0,223.0,169.0,159.0,28.0,10.0,25.0,2.0,2.0,10.0,30.0,2.0,255.0
55.78795003890991,baseline,4544612,23.0,223.0,169.0,159.0,28.0,10.0,25.0,2.0,2.0,10.0,30.0,2.0,255.0
56.021880865097046,baseline,4544865,23.0,223.0,169.0,159.0,28.0,10.0,25.0,2.0,2.0,10.0,30.0,2.0,255.0
56.27500820159912,baseline,4545119,24.0,224.0,169.0,159.0,28.0,10.0,25.0,2.0,2.0,10.0,30.0,2.0,255.0
56.5295627117157,baseline,4545372,23.0,223.0,169.0,159.0,28.0,10.0,25.0,2.0,2.0,10.0,30.0,2.0,255.0
56.78148365020752,baseline,4545626,23.0,223.0,169.0,159.0,28.0,10.0,25.0,2.0,2.0,10.0,30.0,2.0,255.0
57.0347375869751,baseline,4545879,23.0,223.0,169.0,159.0,28.0,10.0,25.0,2.0,2.0,10.0,30.0,2.0,255.0
57.28800415992737,baseline,4546131,23.0,224.0,169.0,159.0,28.0,10.0,25.0,2.0,2.0,10.0,30.0,2.0,255.0
57.54337978363037,baseline,4546385,23.0,224.0,169.0,159.0,28.0,11.0,25.0,2.0,2.0,10.0,30.0,2.0,255.0
57.795064210891724,baseline,4546638,24.0,224.0,170.0,159.0,28.0,10.0,25.0,2.0,2.0,10.0,30.0,2.0,255.0
58.047828674316406,baseline,4546892,24.0,224.0,169.0,158.0,28.0,10.0,25.0,2.0,2.0,10.0,30.0,2.0,255.0
58.30105972290039,baseline,4547145,24.0,224.0,170.0,159.0,28.0,10.0,25.0,2.0,2.0,10.0,30.0,2.0,255.0
58.554707288742065,baseline,4547399,24.0,224.0,169.0,158.0,28.0,10.0,25.0,2.0,2.0,10.0,30.0,2.0,255.0
58.807762145996094,baseline,4547652,23.0,224.0,170.0,159.0,28.0,10.0,25.0,2.0,2.0,10.0,30.0,2.0,255.0
59.07098054885864,baseline,4547906,24.0,224.0,170.0,158.0,28.0,10.0,25.0,2.0,2.0,10.0,30.0,2.0,255.0
59.31453537940979,baseline,4548159,24.0,224.0,170.0,159.0,28.0,10.0,25.0,2.0,2.0,10.0,30.0,2.0,255.0
59.568530559539795,baseline,4548412,23.0,224.0,169.0,159.0,28.0,10.0,25.0,2.0,2.0,10.0,30.0,2.0,255.0
59.82093572616577,baseline,4548666,24.0,224.0,170.0,159.0,28.0,10.0,25.0,2.0,2.0,10.0,30.0,2.0,255.0
60.07629132270813,baseline,4548919,24.0,224.0,170.0,159.0,28.0,11.0,25.0,2.0,2.0,10.0,30.0,2.0,255.0
60.32659840583801,baseline,4549173,24.0,224.0,170.0,159.0,28.0,10.0,25.0,2.0,2.0,10.0,30.0,2.0,255.0
60.58071303367615,baseline,4549426,23.0,224.0,169.0,158.0,28.0,10.0,25.0,2.0,2.0,10.0,30.0,2.0,255.0
60.8338782787323,baseline,4549680,24.0,224.0,170.0,159.0,28.0,10.0,25.0,2.0,2.0,10.0,30.0,2.0,255.0
61.08991456031799,baseline,4549933,23.0,224.0,170.0,159.0,28.0,11.0,25.0,2.0,2.0,10.0,30.0,2.0,255.0
61.34061598777771,baseline,4550187,24.0,224.0,170.0,159.0,28.0,10.0,25.0,2.0,2.0,10.0,30.0,2.0,255.0
61.59419107437134,baseline,4550439,23.0,224.0,170.0,158.0,28.0,10.0,25.0,2.0,2.0,10.0,30.0,2.0,255.0
61.84742879867554,baseline,4550692,24.0,224.0,170.0,159.0,28.0,10.0,25.0,2.0,2.0,10.0,30.0,2.0,255.0
62.10082936286926,baseline,4550946,23.0,224.0,170.0,158.0,28.0,10.0,25.0,2.0,2.0,10.0,30.0,2.0,255.0
62.354758739471436,baseline,4551199,23.0,224.0,170.0,159.0,28.0,11.0,25.0,2.0,2.0,10.0,30.0,2.0,255.0
62.607027530670166,baseline,4551453,23.0,224.0,170.0,159.0,28.0,10.0,25.0,2.0,2.0,10.0,30.0,2.0,255.0
62.860170125961304,baseline,4551706,23.0,224.0,170.0,159.0,28.0,10.0,25.0,2.0,2.0,10.0,30.0,2.0,255.0
63.114296674728394,baseline,4551960,23.0,224.0,170.0,158.0,28.0,10.0,25.0,2.0,2.0,10.0,30.0,2.0,255.0
63.36666750907898,baseline,4552213,23.0,224.0,170.0,159.0,28.0,10.0,25.0,2.0,2.0,10.0,30.0,2.0,255.0
63.620100259780884,baseline,4552467,23.0,224.0,170.0,158.0,28.0,11.0,25.0,2.0,2.0,10.0,30.0,2.0,255.0
63.873818159103394,baseline,4552720,23.0,224.0,170.0,159.0,28.0,10.0,25.0,2.0,2.0,10.0,30.0,2.0,255.0
64.12671279907227,baseline,4552973,23.0,224.0,170.0,159.0,28.0,10.0,25.0,2.0,2.0,10.0,30.0,2.0,255.0
64.40069818496704,baseline,4553227,24.0,224.0,170.0,159.0,28.0,10.0,25.0,2.0,2.0,10.0,30.0,2.0,255.0
64.63321089744568,baseline,4553480,23.0,224.0,170.0,158.0,28.0,10.0,25.0,2.0,2.0,10.0,30.0,2.0,255.0
64.88620328903198,baseline,4553734,23.0,224.0,170.0,159.0,28.0,10.0,25.0,2.0,2.0,10.0,30.0,2.0,255.0
65.14064335823059,baseline,4553987,23.0,223.0,170.0,159.0,28.0,10.0,25.0,2.0,2.0,10.0,30.0,2.0,255.0
65.39278531074524,baseline,4554241,24.0,224.0,170.0,159.0,28.0,11.0,25.0,2.0,2.0,10.0,30.0,2.0,255.0
65.6472282409668,baseline,4554493,23.0,223.0,170.0,159.0,28.0,11.0,25.0,2.0,2.0,10.0,30.0,2.0,255.0
65.90161776542664,baseline,4554747,23.0,224.0,170.0,159.0,28.0,11.0,25.0,2.0,2.0,10.0,30.0,2.0,255.0
66.15302419662476,baseline,4555000,23.0,223.0,170.0,158.0,28.0,10.0,25.0,2.0,2.0,10.0,30.0,2.0,255.0
66.40855193138123,baseline,4555253,23.0,224.0,170.0,159.0,28.0,11.0,25.0,2.0,2.0,10.0,30.0,2.0,255.0
66.66030955314636,baseline,4555507,23.0,224.0,170.0,159.0,28.0,10.0,25.0,2.0,2.0,10.0,30.0,2.0,255.0
66.91357421875,baseline,4555760,24.0,224.0,170.0,159.0,28.0,10.0,25.0,2.0,2.0,10.0,30.0,2.0,255.0
67.16693067550659,baseline,4556014,23.0,223.0,169.0,158.0,28.0,10.0,25.0,2.0,2.0,10.0,30.0,2.0,255.0
67.4219491481781,baseline,4556267,23.0,223.0,169.0,159.0,28.0,10.0,25.0,2.0,2.0,10.0,30.0,2.0,255.0
67.67358255386353,baseline,4556521,23.0,223.0,169.0,158.0,28.0,11.0,25.0,2.0,2.0,10.0,30.0,2.0,255.0
67.92678236961365,baseline,4556774,23.0,223.0,169.0,159.0,28.0,10.0,25.0,2.0,2.0,10.0,30.0,2.0,255.0
68.19357442855835,baseline,4557028,23.0,223.0,169.0,158.0,28.0,10.0,25.0,2.0,2.0,10.0,30.0,2.0,255.0
68.43290305137634,baseline,4557281,23.0,223.0,169.0,159.0,28.0,10.0,25.0,2.0,2.0,10.0,30.0,2.0,255.0
68.686039686203,baseline,4557534,23.0,223.0,169.0,158.0,28.0,10.0,25.0,2.0,2.0,10.0,30.0,2.0,255.0
68.93995189666748,baseline,4557788,23.0,223.0,169.0,159.0,28.0,10.0,25.0,2.0,2.0,10.0,30.0,2.0,255.0
69.19286179542542,baseline,4558041,23.0,222.0,168.0,158.0,28.0,10.0,25.0,2.0,2.0,10.0,30.0,2.0,255.0
69.44705820083618,baseline,4558295,23.0,222.0,168.0,158.0,28.0,10.0,25.0,2.0,2.0,10.0,30.0,2.0,255.0
69.70007658004761,baseline,4558547,23.0,222.0,168.0,158.0,28.0,10.0,25.0,2.0,2.0,10.0,30.0,2.0,255.0
69.95278668403625,baseline,4558801,23.0,222.0,168.0,158.0,28.0,11.0,25.0,2.0,2.0,10.0,30.0,2.0,255.0
70.20701384544373,baseline,4559054,23.0,222.0,168.0,158.0,28.0,10.0,25.0,2.0,2.0,10.0,30.0,2.0,255.0
70.46004462242126,baseline,4559308,23.0,222.0,169.0,158.0,28.0,10.0,25.0,2.0,2.0,10.0,30.0,2.0,255.0
70.71265292167664,baseline,4559561,23.0,222.0,168.0,158.0,28.0,10.0,25.0,2.0,2.0,10.0,30.0,2.0,255.0
70.96619391441345,baseline,4559814,23.0,222.0,169.0,158.0,28.0,10.0,25.0,2.0,2.0,10.0,30.0,2.0,255.0
71.21973776817322,baseline,4560068,23.0,222.0,168.0,158.0,28.0,10.0,25.0,2.0,2.0,10.0,30.0,2.0,255.0
71.472971200943,baseline,4560321,23.0,222.0,169.0,159.0,28.0,10.0,25.0,2.0,2.0,10.0,30.0,2.0,255.0
71.72685241699219,baseline,4560575,23.0,222.0,168.0,158.0,28.0,10.0,25.0,2.0,2.0,10.0,30.0,2.0,255.0
71.97902297973633,baseline,4560828,23.0,222.0,169.0,159.0,28.0,10.0,25.0,2.0,2.0,10.0,30.0,2.0,255.0
72.23281717300415,baseline,4561082,23.0,222.0,168.0,158.0,28.0,11.0,25.0,2.0,2.0,10.0,30.0,2.0,255.0
72.48641157150269,baseline,4561335,23.0,222.0,168.0,158.0,28.0,10.0,25.0,2.0,2.0,10.0,30.0,2.0,255.0
72.73922538757324,baseline,4561589,23.0,222.0,168.0,158.0,28.0,10.0,25.0,2.0,2.0,10.0,30.0,2.0,255.0
72.99277257919312,baseline,4561842,23.0,222.0,168.0,158.0,28.0,10.0,25.0,2.0,2.0,10.0,30.0,2.0,255.0
73.2472026348114,baseline,4562095,23.0,222.0,168.0,157.0,28.0,10.0,25.0,2.0,2.0,10.0,30.0,2.0,255.0
73.49955654144287,baseline,4562349,23.0,222.0,168.0,158.0,28.0,10.0,25.0,2.0,2.0,10.0,30.0,2.0,255.0
73.75265860557556,baseline,4562601,23.0,222.0,168.0,157.0,28.0,10.0,25.0,2.0,2.0,10.0,30.0,2.0,255.0
74.02564430236816,baseline,4562855,23.0,222.0,168.0,158.0,28.0,11.0,25.0,2.0,2.0,10.0,30.0,2.0,255.0
74.2601261138916,baseline,4563108,23.0,222.0,168.0,157.0,28.0,10.0,25.0,2.0,2.0,10.0,30.0,2.0,255.0
74.51212334632874,baseline,4563362,23.0,222.0,168.0,158.0,28.0,11.0,25.0,2.0,2.0,10.0,30.0,2.0,255.0
74.76617217063904,baseline,4563615,23.0,222.0,168.0,157.0,28.0,10.0,25.0,2.0,2.0,10.0,30.0,2.0,255.0
75.02061104774475,baseline,4563869,23.0,222.0,168.0,158.0,28.0,10.0,25.0,2.0,2.0,10.0,30.0,2.0,255.0
75.27229022979736,baseline,4564122,23.0,222.0,168.0,157.0,28.0,10.0,25.0,2.0,2.0,10.0,30.0,2.0,255.0
75.52746248245239,baseline,4564375,23.0,222.0,168.0,158.0,28.0,10.0,25.0,2.0,2.0,10.0,30.0,2.0,255.0
75.78046488761902,baseline,4564629,23.0,222.0,168.0,157.0,28.0,10.0,25.0,2.0,2.0,10.0,30.0,2.0,255.0
76.03274250030518,baseline,4564882,23.0,222.0,168.0,158.0,28.0,10.0,25.0,2.0,2.0,10.0,30.0,2.0,255.0
76.28600883483887,baseline,4565136,23.0,222.0,168.0,157.0,28.0,10.0,25.0,2.0,2.0,10.0,30.0,2.0,255.0
76.53930592536926,baseline,4565389,23.0,222.0,168.0,158.0,28.0,10.0,25.0,2.0,2.0,10.0,30.0,2.0,255.0
76.79340672492981,baseline,4565643,23.0,222.0,168.0,157.0,28.0,10.0,25.0,2.0,2.0,10.0,30.0,2.0,255.0
77.04614782333374,baseline,4565896,23.0,222.0,168.0,158.0,28.0,10.0,25.0,2.0,2.0,10.0,30.0,2.0,255.0
77.31800699234009,baseline,4566150,23.0,221.0,168.0,157.0,28.0,10.0,25.0,2.0,2.0,10.0,30.0,2.0,255.0
77.5528028011322,baseline,4566403,23.0,221.0,168.0,157.0,28.0,10.0,25.0,2.0,2.0,10.0,30.0,2.0,255.0
77.80528402328491,baseline,4566656,23.0,221.0,168.0,157.0,28.0,10.0,25.0,2.0,2.0,10.0,30.0,2.0,255.0
78.05943250656128,baseline,4566909,23.0,221.0,168.0,157.0,28.0,11.0,25.0,2.0,2.0,10.0,30.0,2.0,255.0
78.31293845176697,baseline,4567162,23.0,221.0,167.0,157.0,28.0,10.0,25.0,2.0,2.0,10.0,30.0,2.0,255.0
78.5651307106018,baseline,4567416,23.0,221.0,167.0,157.0,28.0,10.0,25.0,2.0,2.0,10.0,30.0,2.0,255.0
78.83973979949951,baseline,4567669,23.0,221.0,167.0,156.0,28.0,10.0,25.0,2.0,2.0,10.0,30.0,2.0,255.0
79.0720522403717,baseline,4567923,23.0,221.0,168.0,157.0,28.0,10.0,25.0,2.0,2.0,10.0,30.0,2.0,255.0
79.32604956626892,baseline,4568176,23.0,221.0,167.0,157.0,28.0,10.0,25.0,2.0,2.0,10.0,30.0,2.0,255.0
79.58057403564453,baseline,4568430,23.0,221.0,168.0,157.0,28.0,10.0,25.0,2.0,2.0,10.0,30.0,2.0,255.0
79.83176732063293,baseline,4568683,23.0,221.0,168.0,156.0,28.0,10.0,25.0,2.0,2.0,10.0,30.0,2.0,255.0
80.08607506752014,baseline,4568936,23.0,221.0,168.0,157.0,28.0,10.0,25.0,2.0,2.0,10.0,30.0,2.0,255.0
80.33903503417969,baseline,4569190,23.0,221.0,168.0,157.0,28.0,10.0,25.0,2.0,2.0,10.0,30.0,2.0,255.0
80.59302806854248,baseline,4569443,23.0,221.0,168.0,157.0,28.0,10.0,25.0,2.0,2.0,10.0,30.0,2.0,255.0
80.84544277191162,baseline,4569697,23.0,221.0,168.0,157.0,28.0,10.0,25.0,2.0,2.0,10.0,30.0,2.0,255.0
81.0990207195282,baseline,4569950,23.0,221.0,168.0,157.0,28.0,10.0,25.0,2.0,2.0,10.0,30.0,2.0,255.0
81.35226655006409,baseline,4570204,23.0,221.0,168.0,156.0,27.0,10.0,25.0,2.0,2.0,10.0,30.0,2.0,255.0
81.60533142089844,baseline,4570457,23.0,222.0,168.0,157.0,28.0,10.0,25.0,2.0,2.0,10.0,30.0,2.0,255.0
81.8582718372345,baseline,4570711,23.0,221.0,168.0,157.0,28.0,10.0,25.0,2.0,2.0,10.0,30.0,2.0,255.0
82.11699318885803,baseline,4570963,23.0,222.0,168.0,157.0,28.0,10.0,25.0,2.0,2.0,10.0,30.0,2.0,255.0
82.38688850402832,baseline,4571216,23.0,222.0,168.0,157.0,28.0,10.0,25.0,2.0,2.0,10.0,30.0,2.0,255.0
82.62094688415527,baseline,4571470,23.0,222.0,168.0,157.0,28.0,10.0,25.0,2.0,2.0,10.0,30.0,2.0,255.0
82.87309885025024,baseline,4571723,23.0,222.0,169.0,157.0,28.0,10.0,25.0,2.0,2.0,10.0,30.0,2.0,255.0
83.12489819526672,baseline,4571977,23.0,222.0,169.0,157.0,28.0,10.0,25.0,2.0,2.0,10.0,30.0,2.0,255.0
83.38066935539246,baseline,4572230,23.0,222.0,169.0,157.0,28.0,10.0,25.0,2.0,2.0,10.0,30.0,2.0,255.0
83.63206958770752,baseline,4572484,23.0,223.0,169.0,158.0,28.0,10.0,25.0,2.0,2.0,10.0,30.0,2.0,255.0
83.8860273361206,baseline,4572737,23.0,223.0,169.0,157.0,28.0,11.0,25.0,2.0,2.0,10.0,30.0,2.0,255.0
84.13865351676941,baseline,4572991,23.0,223.0,169.0,158.0,28.0,11.0,25.0,2.0,2.0,10.0,30.0,2.0,255.0
84.39234042167664,baseline,4573244,23.0,223.0,169.0,157.0,28.0,10.0,25.0,2.0,2.0,10.0,30.0,2.0,255.0
84.64653015136719,baseline,4573497,24.0,223.0,169.0,158.0,28.0,10.0,25.0,2.0,2.0,10.0,30.0,2.0,255.0
84.89909291267395,baseline,4573751,23.0,223.0,169.0,157.0,28.0,10.0,25.0,2.0,2.0,10.0,30.0,2.0,255.0
85.1528992652893,baseline,4574004,24.0,223.0,169.0,158.0,28.0,10.0,25.0,2.0,2.0,10.0,30.0,2.0,255.0
85.42683792114258,baseline,4574258,24.0,223.0,169.0,157.0,28.0,11.0,25.0,2.0,2.0,10.0,30.0,2.0,255.0
85.65875816345215,baseline,4574511,23.0,223.0,169.0,158.0,28.0,11.0,25.0,2.0,2.0,10.0,30.0,2.0,255.0
85.91274309158325,baseline,4574765,23.0,223.0,169.0,157.0,28.0,11.0,25.0,2.0,2.0,10.0,30.0,2.0,255.0
86.16569352149963,baseline,4575017,23.0,223.0,169.0,158.0,28.0,10.0,25.0,2.0,2.0,10.0,30.0,2.0,255.0
86.41825246810913,baseline,4575271,23.0,223.0,169.0,157.0,28.0,10.0,25.0,2.0,2.0,10.0,30.0,2.0,255.0
86.67271184921265,baseline,4575524,23.0,223.0,169.0,158.0,28.0,10.0,25.0,2.0,2.0,10.0,30.0,2.0,255.0
86.92573165893555,baseline,4575777,23.0,223.0,169.0,157.0,28.0,10.0,25.0,2.0,2.0,10.0,30.0,2.0,255.0
87.17892909049988,baseline,4576031,24.0,223.0,169.0,158.0,28.0,11.0,25.0,2.0,2.0,10.0,30.0,2.0,255.0
87.43209552764893,baseline,4576284,23.0,223.0,169.0,157.0,28.0,11.0,25.0,2.0,2.0,10.0,30.0,2.0,255.0
87.68623065948486,baseline,4576538,23.0,223.0,170.0,158.0,28.0,10.0,25.0,2.0,2.0,10.0,30.0,2.0,255.0
87.93876051902771,baseline,4576791,23.0,223.0,169.0,157.0,28.0,10.0,25.0,2.0,2.0,10.0,30.0,2.0,255.0
88.19155788421631,baseline,4577045,23.0,224.0,169.0,158.0,28.0,10.0,25.0,2.0,2.0,10.0,30.0,2.0,255.0
88.44567632675171,baseline,4577298,23.0,223.0,169.0,157.0,28.0,10.0,25.0,2.0,2.0,10.0,30.0,2.0,255.0
88.69906759262085,baseline,4577552,24.0,224.0,169.0,158.0,28.0,10.0,25.0,2.0,2.0,10.0,30.0,2.0,255.0
88.95191192626953,baseline,4577805,23.0,223.0,169.0,157.0,28.0,10.0,25.0,2.0,2.0,10.0,30.0,2.0,255.0
89.22516441345215,baseline,4578058,23.0,224.0,169.0,158.0,28.0,10.0,25.0,2.0,2.0,10.0,30.0,2.0,255.0
89.45870447158813,baseline,4578312,23.0,223.0,169.0,157.0,28.0,11.0,25.0,2.0,2.0,10.0,30.0,2.0,255.0
89.7122540473938,baseline,4578565,23.0,223.0,170.0,158.0,28.0,10.0,25.0,2.0,2.0,10.0,30.0,2.0,255.0
89.98611688613892,baseline,4578819,23.0,223.0,169.0,157.0,28.0,11.0,25.0,2.0,2.0,10.0,30.0,2.0,255.0
90.21864247322083,baseline,4579072,23.0,223.0,169.0,158.0,28.0,10.0,25.0,2.0,2.0,10.0,30.0,2.0,255.0
90.47255373001099,baseline,4579325,23.0,223.0,169.0,157.0,28.0,10.0,25.0,2.0,2.0,10.0,30.0,2.0,255.0
90.72551822662354,baseline,4579578,23.0,223.0,169.0,158.0,28.0,11.0,25.0,2.0,2.0,10.0,30.0,2.0,255.0
90.97888541221619,baseline,4579832,23.0,223.0,169.0,158.0,28.0,10.0,25.0,2.0,2.0,10.0,30.0,2.0,255.0
91.23265671730042,baseline,4580085,23.0,223.0,169.0,158.0,28.0,10.0,25.0,2.0,2.0,10.0,30.0,2.0,255.0
91.4862732887268,baseline,4580339,23.0,223.0,169.0,157.0,28.0,11.0,25.0,2.0,2.0,10.0,30.0,2.0,255.0
91.73939514160156,baseline,4580592,23.0,223.0,169.0,158.0,28.0,10.0,25.0,2.0,2.0,10.0,30.0,2.0,255.0
91.9925320148468,baseline,4580845,23.0,223.0,169.0,157.0,28.0,10.0,25.0,2.0,2.0,10.0,30.0,2.0,255.0
92.24534320831299,baseline,4581099,23.0,223.0,170.0,158.0,28.0,11.0,25.0,2.0,2.0,10.0,30.0,2.0,255.0
92.4990394115448,baseline,4581352,23.0,223.0,169.0,158.0,28.0,10.0,25.0,2.0,2.0,10.0,30.0,2.0,255.0
92.7521584033966,baseline,4581606,23.0,223.0,169.0,158.0,28.0,10.0,25.0,2.0,2.0,10.0,30.0,2.0,255.0
93.00666213035583,baseline,4581859,23.0,223.0,169.0,157.0,28.0,10.0,25.0,2.0,2.0,10.0,30.0,2.0,255.0
93.25895619392395,baseline,4582113,23.0,223.0,169.0,158.0,28.0,10.0,25.0,2.0,2.0,10.0,30.0,2.0,255.0
93.51215839385986,baseline,4582366,23.0,223.0,169.0,157.0,28.0,10.0,25.0,2.0,2.0,10.0,30.0,2.0,255.0
93.76592993736267,baseline,4582620,23.0,223.0,169.0,158.0,28.0,11.0,25.0,2.0,2.0,10.0,30.0,2.0,255.0
94.01897978782654,baseline,4582873,23.0,223.0,169.0,158.0,28.0,10.0,25.0,2.0,2.0,10.0,30.0,2.0,255.0
94.27300906181335,baseline,4583126,23.0,223.0,170.0,158.0,28.0,11.0,25.0,2.0,2.0,10.0,30.0,2.0,255.0
94.52591228485107,baseline,4583379,23.0,222.0,169.0,157.0,28.0,10.0,25.0,2.0,2.0,10.0,30.0,2.0,255.0
94.77874422073364,baseline,4583632,23.0,223.0,169.0,158.0,28.0,10.0,25.0,2.0,2.0,10.0,30.0,2.0,255.0
95.03273344039917,baseline,4583886,23.0,222.0,169.0,158.0,28.0,10.0,25.0,2.0,2.0,10.0,30.0,2.0,255.0
95.28557062149048,baseline,4584139,23.0,222.0,169.0,158.0,28.0,10.0,25.0,2.0,2.0,10.0,30.0,2.0,255.0
95.53966236114502,baseline,4584393,23.0,222.0,169.0,158.0,28.0,10.0,25.0,2.0,2.0,10.0,30.0,2.0,255.0
95.7924919128418,baseline,4584646,23.0,223.0,169.0,158.0,28.0,10.0,25.0,2.0,2.0,10.0,30.0,2.0,255.0
96.04553604125977,baseline,4584900,23.0,223.0,169.0,158.0,28.0,10.0,25.0,2.0,2.0,10.0,30.0,2.0,255.0
96.29960775375366,baseline,4585153,23.0,223.0,170.0,158.0,28.0,11.0,25.0,2.0,2.0,10.0,30.0,2.0,255.0
96.5530834197998,baseline,4585406,23.0,223.0,169.0,158.0,28.0,10.0,25.0,2.0,2.0,10.0,30.0,2.0,255.0
96.8060405254364,baseline,4585660,23.0,223.0,170.0,159.0,28.0,10.0,25.0,2.0,2.0,10.0,30.0,2.0,255.0
97.0592052936554,baseline,4585913,23.0,223.0,169.0,158.0,28.0,10.0,25.0,2.0,2.0,10.0,30.0,2.0,255.0
97.31221461296082,baseline,4586167,23.0,223.0,170.0,158.0,28.0,10.0,25.0,2.0,2.0,10.0,30.0,2.0,255.0
97.56651878356934,baseline,4586420,23.0,223.0,169.0,158.0,28.0,10.0,25.0,2.0,2.0,10.0,30.0,2.0,255.0
97.8194580078125,baseline,4586674,23.0,223.0,170.0,158.0,28.0,10.0,25.0,2.0,2.0,10.0,30.0,2.0,255.0
98.07247853279114,baseline,4586927,23.0,223.0,169.0,158.0,28.0,10.0,25.0,2.0,2.0,10.0,30.0,2.0,255.0
98.3276219367981,baseline,4587181,23.0,223.0,170.0,159.0,28.0,10.0,25.0,2.0,2.0,10.0,30.0,2.0,255.0
98.57921195030212,baseline,4587433,23.0,223.0,169.0,158.0,28.0,10.0,25.0,2.0,2.0,10.0,30.0,2.0,255.0
98.8328948020935,baseline,4587686,23.0,223.0,169.0,159.0,28.0,10.0,25.0,2.0,2.0,10.0,30.0,2.0,255.0
99.08668208122253,baseline,4587940,23.0,223.0,169.0,158.0,28.0,11.0,25.0,2.0,2.0,10.0,30.0,2.0,255.0
99.33883237838745,baseline,4588193,23.0,223.0,170.0,159.0,28.0,10.0,25.0,2.0,2.0,10.0,30.0,2.0,255.0
99.59371161460876,baseline,4588447,23.0,223.0,170.0,158.0,28.0,10.0,25.0,2.0,2.0,10.0,30.0,2.0,255.0
99.8462438583374,baseline,4588700,23.0,224.0,170.0,159.0,28.0,10.0,25.0,2.0,2.0,10.0,30.0,2.0,255.0
100.1000726222992,baseline,4588954,23.0,223.0,170.0,158.0,28.0,10.0,25.0,2.0,2.0,10.0,30.0,2.0,255.0
100.35298824310303,baseline,4589207,24.0,224.0,170.0,159.0,28.0,10.0,25.0,2.0,2.0,10.0,30.0,2.0,255.0
100.60577154159546,baseline,4589461,23.0,224.0,170.0,158.0,28.0,10.0,25.0,2.0,2.0,10.0,30.0,2.0,255.0
100.85952234268188,baseline,4589714,23.0,224.0,170.0,159.0,29.0,10.0,25.0,2.0,2.0,10.0,30.0,2.0,255.0
101.11260437965393,baseline,4589967,23.0,224.0,170.0,158.0,28.0,10.0,25.0,2.0,2.0,10.0,30.0,2.0,255.0
101.3656554222107,baseline,4590221,23.0,224.0,170.0,159.0,28.0,10.0,25.0,2.0,2.0,10.0,30.0,2.0,255.0
101.62001299858093,baseline,4590474,24.0,224.0,170.0,158.0,28.0,10.0,25.0,2.0,2.0,10.0,30.0,2.0,255.0
101.87514042854309,baseline,4590728,23.0,224.0,170.0,159.0,28.0,10.0,25.0,2.0,2.0,10.0,30.0,2.0,255.0
102.12776589393616,baseline,4590981,23.0,224.0,170.0,158.0,28.0,10.0,25.0,2.0,2.0,10.0,30.0,2.0,255.0
102.38034510612488,baseline,4591235,23.0,224.0,170.0,159.0,28.0,11.0,25.0,2.0,2.0,10.0,30.0,2.0,255.0
102.63285374641418,baseline,4591488,24.0,224.0,170.0,158.0,28.0,10.0,25.0,2.0,2.0,10.0,30.0,2.0,255.0
102.88671946525574,baseline,4591741,23.0,224.0,170.0,159.0,28.0,10.0,25.0,2.0,2.0,10.0,30.0,2.0,255.0
103.13953804969788,baseline,4591994,23.0,224.0,170.0,158.0,28.0,10.0,25.0,2.0,2.0,10.0,30.0,2.0,255.0
103.39348483085632,baseline,4592247,24.0,224.0,170.0,159.0,28.0,11.0,25.0,2.0,2.0,10.0,30.0,2.0,255.0
103.6466760635376,baseline,4592501,23.0,224.0,170.0,158.0,28.0,10.0,25.0,2.0,2.0,10.0,30.0,2.0,255.0
103.89961218833923,baseline,4592754,23.0,224.0,170.0,159.0,28.0,11.0,25.0,2.0,2.0,10.0,30.0,2.0,255.0
104.153653383255,baseline,4593008,23.0,224.0,170.0,158.0,28.0,10.0,25.0,2.0,2.0,10.0,30.0,2.0,255.0
104.4063138961792,baseline,4593261,23.0,224.0,170.0,159.0,28.0,10.0,25.0,2.0,2.0,10.0,30.0,2.0,255.0
104.6716456413269,baseline,4593515,23.0,224.0,170.0,158.0,28.0,10.0,25.0,2.0,2.0,10.0,30.0,2.0,255.0
104.91375875473022,baseline,4593768,24.0,224.0,170.0,159.0,28.0,10.0,25.0,2.0,2.0,10.0,30.0,2.0,255.0
105.16849780082703,baseline,4594022,23.0,224.0,170.0,158.0,28.0,11.0,25.0,2.0,2.0,10.0,30.0,2.0,255.0
105.4221580028534,baseline,4594275,23.0,224.0,170.0,159.0,28.0,10.0,25.0,2.0,2.0,10.0,30.0,2.0,255.0
105.67474222183228,baseline,4594528,24.0,224.0,170.0,158.0,28.0,10.0,25.0,2.0,2.0,10.0,30.0,2.0,255.0
105.92693662643433,baseline,4594782,24.0,224.0,170.0,159.0,28.0,10.0,25.0,2.0,2.0,10.0,30.0,2.0,255.0
106.18028211593628,baseline,4595035,23.0,224.0,170.0,158.0,28.0,11.0,25.0,2.0,2.0,10.0,30.0,2.0,255.0
106.43350458145142,baseline,4595289,24.0,225.0,170.0,159.0,28.0,10.0,25.0,2.0,2.0,10.0,30.0,2.0,255.0
106.69076871871948,baseline,4595542,23.0,224.0,170.0,158.0,28.0,10.0,25.0,2.0,2.0,10.0,30.0,2.0,255.0
106.93992137908936,baseline,4595795,24.0,224.0,170.0,158.0,28.0,10.0,25.0,2.0,2.0,10.0,30.0,2.0,255.0
107.19290804862976,baseline,4596048,23.0,224.0,169.0,158.0,28.0,10.0,25.0,2.0,2.0,10.0,30.0,2.0,255.0
107.44743919372559,baseline,4596302,24.0,225.0,170.0,158.0,28.0,10.0,25.0,2.0,2.0,10.0,30.0,2.0,255.0
107.70097303390503,baseline,4596555,24.0,224.0,170.0,158.0,28.0,10.0,25.0,2.0,2.0,10.0,30.0,2.0,255.0
107.95736455917358,baseline,4596808,23.0,224.0,170.0,158.0,28.0,11.0,25.0,2.0,2.0,10.0,30.0,2.0,255.0
108.2075834274292,baseline,4597062,23.0,224.0,170.0,158.0,28.0,10.0,25.0,2.0,2.0,10.0,30.0,2.0,255.0
108.45960879325867,baseline,4597315,23.0,224.0,169.0,158.0,28.0,11.0,25.0,2.0,2.0,10.0,30.0,2.0,255.0
108.73540806770325,baseline,4597569,23.0,224.0,170.0,157.0,28.0,11.0,25.0,2.0,2.0,10.0,30.0,2.0,255.0
108.96885013580322,baseline,4597822,23.0,224.0,170.0,158.0,28.0,11.0,25.0,2.0,2.0,10.0,30.0,2.0,255.0
109.22111797332764,baseline,4598076,24.0,224.0,170.0,157.0,28.0,10.0,25.0,2.0,2.0,10.0,30.0,2.0,255.0
109.47533130645752,baseline,4598329,24.0,224.0,170.0,158.0,28.0,10.0,25.0,2.0,2.0,10.0,30.0,2.0,255.0
109.72800397872925,baseline,4598583,23.0,224.0,170.0,158.0,28.0,10.0,25.0,2.0,2.0,10.0,30.0,2.0,255.0
109.98371148109436,baseline,4598836,24.0,224.0,170.0,158.0,28.0,10.0,25.0,2.0,2.0,10.0,30.0,2.0,255.0
110.23611569404602,baseline,4599090,23.0,224.0,170.0,158.0,28.0,10.0,25.0,2.0,2.0,10.0,30.0,2.0,255.0
110.48720026016235,baseline,4599343,23.0,225.0,170.0,158.0,28.0,10.0,25.0,2.0,2.0,10.0,30.0,2.0,255.0
110.74206733703613,baseline,4599596,23.0,224.0,169.0,158.0,28.0,10.0,25.0,2.0,2.0,10.0,30.0,2.0,255.0
110.99386787414551,baseline,4599849,24.0,224.0,170.0,158.0,28.0,10.0,25.0,2.0,2.0,10.0,30.0,2.0,255.0
111.24990439414978,baseline,4600102,24.0,224.0,170.0,158.0,28.0,10.0,25.0,2.0,2.0,10.0,30.0,2.0,255.0
111.50472211837769,baseline,4600356,24.0,225.0,170.0,158.0,28.0,11.0,25.0,2.0,2.0,10.0,30.0,2.0,255.0
111.75494194030762,baseline,4600609,23.0,224.0,170.0,158.0,28.0,10.0,25.0,2.0,2.0,10.0,30.0,2.0,255.0
112.00843834877014,baseline,4600863,24.0,225.0,170.0,158.0,28.0,10.0,25.0,2.0,2.0,10.0,30.0,2.0,255.0
112.26163268089294,baseline,4601116,23.0,224.0,170.0,158.0,28.0,10.0,25.0,2.0,2.0,10.0,30.0,2.0,255.0
112.51746797561646,baseline,4601370,23.0,225.0,170.0,158.0,28.0,11.0,25.0,2.0,2.0,10.0,30.0,2.0,255.0
112.76943469047546,baseline,4601623,23.0,224.0,169.0,158.0,28.0,10.0,25.0,2.0,2.0,10.0,30.0,2.0,255.0
113.02065968513489,baseline,4601876,24.0,224.0,170.0,158.0,28.0,10.0,25.0,2.0,2.0,10.0,30.0,2.0,255.0
113.27517127990723,baseline,4602130,23.0,224.0,169.0,157.0,28.0,10.0,25.0,2.0,2.0,10.0,30.0,2.0,255.0
113.52767062187195,baseline,4602383,24.0,224.0,170.0,158.0,28.0,10.0,25.0,2.0,2.0,10.0,30.0,2.0,255.0
113.78253650665283,baseline,4602637,23.0,224.0,169.0,158.0,28.0,10.0,25.0,2.0,2.0,10.0,30.0,2.0,255.0
114.03451871871948,baseline,4602890,23.0,224.0,170.0,158.0,28.0,10.0,25.0,2.0,2.0,10.0,30.0,2.0,255.0
114.28943705558777,baseline,4603144,23.0,224.0,169.0,158.0,28.0,10.0,25.0,2.0,2.0,10.0,30.0,2.0,255.0
114.54296708106995,baseline,4603397,23.0,224.0,169.0,158.0,28.0,10.0,25.0,2.0,2.0,10.0,30.0,2.0,255.0
114.79519009590149,baseline,4603651,23.0,224.0,169.0,157.0,28.0,10.0,25.0,2.0,2.0,10.0,30.0,2.0,255.0
115.04726767539978,baseline,4603904,23.0,224.0,169.0,158.0,28.0,10.0,25.0,2.0,2.0,10.0,30.0,2.0,255.0
115.32113456726074,baseline,4604156,23.0,223.0,169.0,157.0,28.0,10.0,25.0,2.0,2.0,10.0,30.0,2.0,255.0
115.55483150482178,baseline,4604410,23.0,223.0,169.0,158.0,28.0,10.0,25.0,2.0,2.0,10.0,30.0,2.0,255.0
115.80990052223206,baseline,4604663,23.0,223.0,169.0,157.0,28.0,10.0,25.0,2.0,2.0,10.0,30.0,2.0,255.0
116.0613579750061,baseline,4604917,23.0,223.0,169.0,158.0,28.0,10.0,25.0,2.0,2.0,10.0,30.0,2.0,255.0
116.33433628082275,baseline,4605170,23.0,223.0,169.0,157.0,28.0,10.0,25.0,2.0,2.0,10.0,30.0,2.0,255.0
116.5684163570404,baseline,4605424,23.0,223.0,169.0,158.0,28.0,10.0,25.0,2.0,2.0,10.0,30.0,2.0,255.0
116.82194542884827,baseline,4605677,23.0,223.0,169.0,157.0,28.0,10.0,25.0,2.0,2.0,10.0,30.0,2.0,255.0
117.07551074028015,baseline,4605931,23.0,223.0,169.0,158.0,28.0,11.0,25.0,2.0,2.0,10.0,30.0,2.0,255.0
117.32840752601624,baseline,4606184,23.0,223.0,168.0,157.0,28.0,10.0,25.0,2.0,2.0,10.0,30.0,2.0,255.0
117.58318305015564,baseline,4606437,23.0,223.0,169.0,158.0,28.0,10.0,25.0,2.0,2.0,10.0,30.0,2.0,255.0
117.83636522293091,baseline,4606691,23.0,223.0,169.0,157.0,28.0,10.0,25.0,2.0,2.0,10.0,30.0,2.0,255.0
118.08832478523254,baseline,4606944,23.0,223.0,169.0,158.0,28.0,10.0,25.0,2.0,2.0,10.0,30.0,2.0,255.0
118.34205269813538,baseline,4607198,23.0,223.0,169.0,157.0,28.0,11.0,25.0,2.0,2.0,10.0,30.0,2.0,255.0
118.59572124481201,baseline,4607451,23.0,223.0,169.0,158.0,28.0,10.0,25.0,2.0,2.0,10.0,30.0,2.0,255.0
118.84811329841614,baseline,4607705,23.0,223.0,169.0,157.0,28.0,10.0,25.0,2.0,2.0,10.0,30.0,2.0,255.0
119.10205554962158,baseline,4607958,23.0,223.0,169.0,158.0,28.0,10.0,25.0,2.0,2.0,10.0,30.0,2.0,255.0
119.3562331199646,baseline,4608211,23.0,223.0,169.0,157.0,28.0,10.0,25.0,2.0,2.0,10.0,30.0,2.0,255.0
119.60874652862549,baseline,4608464,23.0,223.0,169.0,158.0,28.0,10.0,25.0,2.0,2.0,10.0,30.0,2.0,255.0
119.8620491027832,baseline,4608717,23.0,222.0,168.0,157.0,27.0,10.0,25.0,2.0,2.0,10.0,30.0,2.0,255.0
120.11738920211792,baseline,4608971,23.0,222.0,169.0,158.0,28.0,10.0,25.0,2.0,2.0,10.0,30.0,2.0,255.0
120.39045882225037,baseline,4609224,23.0,222.0,168.0,157.0,28.0,10.0,25.0,2.0,2.0,10.0,30.0,2.0,255.0
120.6427173614502,baseline,4609478,23.0,222.0,168.0,158.0,28.0,10.0,25.0,2.0,2.0,10.0,30.0,2.0,255.0
120.87662148475647,baseline,4609731,23.0,222.0,168.0,157.0,28.0,10.0,25.0,2.0,2.0,10.0,30.0,2.0,255.0
121.12888503074646,baseline,4609985,23.0,222.0,168.0,158.0,28.0,10.0,25.0,2.0,2.0,10.0,30.0,2.0,255.0
121.38275170326233,baseline,4610238,23.0,222.0,168.0,157.0,28.0,10.0,25.0,2.0,2.0,10.0,30.0,2.0,255.0
121.63682198524475,baseline,4610492,23.0,222.0,168.0,158.0,28.0,11.0,25.0,2.0,2.0,10.0,30.0,2.0,255.0
121.88879823684692,baseline,4610745,23.0,222.0,168.0,157.0,28.0,10.0,25.0,2.0,2.0,10.0,30.0,2.0,255.0
122.14284634590149,baseline,4610998,23.0,222.0,168.0,157.0,28.0,10.0,25.0,2.0,2.0,10.0,30.0,2.0,255.0
122.41568851470947,baseline,4611252,23.0,222.0,168.0,157.0,28.0,10.0,25.0,2.0,2.0,10.0,30.0,2.0,255.0
122.66866278648376,baseline,4611505,23.0,222.0,168.0,157.0,28.0,10.0,25.0,2.0,2.0,10.0,30.0,2.0,255.0
122.90399384498596,baseline,4611759,23.0,222.0,168.0,157.0,28.0,10.0,25.0,2.0,2.0,10.0,30.0,2.0,255.0
123.15772294998169,baseline,4612012,23.0,222.0,168.0,157.0,28.0,10.0,25.0,2.0,2.0,10.0,30.0,2.0,255.0
123.41487050056458,baseline,4612265,23.0,222.0,168.0,157.0,27.0,10.0,25.0,2.0,2.0,10.0,30.0,2.0,255.0
123.66301417350769,baseline,4612518,23.0,222.0,169.0,157.0,28.0,10.0,25.0,2.0,2.0,10.0,30.0,2.0,255.0
123.9193012714386,baseline,4612772,23.0,222.0,168.0,157.0,27.0,10.0,25.0,2.0,2.0,10.0,30.0,2.0,255.0
124.16997194290161,baseline,4613025,23.0,222.0,169.0,157.0,28.0,10.0,25.0,2.0,2.0,10.0,30.0,2.0,255.0
124.42331123352051,baseline,4613278,23.0,222.0,168.0,157.0,28.0,10.0,25.0,2.0,2.0,10.0,30.0,2.0,255.0
124.67608976364136,baseline,4613532,23.0,222.0,169.0,158.0,28.0,10.0,25.0,2.0,2.0,10.0,30.0,2.0,255.0
124.93227100372314,baseline,4613785,23.0,222.0,169.0,157.0,27.0,10.0,25.0,2.0,2.0,10.0,30.0,2.0,255.0
125.18384003639221,baseline,4614039,23.0,222.0,169.0,158.0,28.0,10.0,25.0,2.0,2.0,10.0,30.0,2.0,255.0
125.43646836280823,baseline,4614292,23.0,222.0,169.0,157.0,28.0,10.0,25.0,2.0,2.0,10.0,30.0,2.0,255.0
125.69025707244873,baseline,4614546,23.0,222.0,169.0,158.0,28.0,10.0,25.0,2.0,2.0,10.0,30.0,2.0,255.0
125.96281552314758,baseline,4614799,23.0,222.0,169.0,157.0,28.0,10.0,25.0,2.0,2.0,10.0,30.0,2.0,255.0
126.19781947135925,baseline,4615053,23.0,222.0,169.0,158.0,28.0,11.0,25.0,2.0,2.0,10.0,30.0,2.0,255.0
126.45060563087463,baseline,4615306,23.0,222.0,169.0,157.0,28.0,10.0,25.0,2.0,2.0,10.0,30.0,2.0,255.0
126.70286536216736,baseline,4615559,23.0,222.0,169.0,157.0,28.0,10.0,25.0,2.0,2.0,10.0,30.0,2.0,255.0
126.9582622051239,baseline,4615813,23.0,222.0,169.0,157.0,28.0,10.0,25.0,2.0,2.0,10.0,30.0,2.0,255.0
127.21004486083984,baseline,4616066,23.0,222.0,169.0,158.0,28.0,10.0,25.0,2.0,2.0,10.0,30.0,2.0,255.0
127.46412897109985,baseline,4616320,23.0,222.0,169.0,157.0,28.0,11.0,25.0,2.0,2.0,10.0,30.0,2.0,255.0
127.71808433532715,baseline,4616572,23.0,222.0,169.0,158.0,28.0,10.0,25.0,2.0,2.0,10.0,30.0,2.0,255.0
127.97057437896729,baseline,4616826,23.0,222.0,169.0,157.0,28.0,10.0,25.0,2.0,2.0,10.0,30.0,2.0,255.0
128.22598218917847,baseline,4617079,23.0,223.0,169.0,157.0,28.0,10.0,25.0,2.0,2.0,10.0,30.0,2.0,255.0
128.4769732952118,baseline,4617333,23.0,222.0,169.0,157.0,28.0,10.0,25.0,2.0,2.0,10.0,30.0,2.0,255.0
128.73474740982056,baseline,4617586,24.0,223.0,169.0,158.0,28.0,10.0,25.0,2.0,2.0,10.0,30.0,2.0,255.0
128.98468685150146,baseline,4617840,23.0,223.0,169.0,157.0,28.0,10.0,25.0,2.0,2.0,10.0,30.0,2.0,255.0
129.2596161365509,baseline,4618093,24.0,223.0,169.0,158.0,28.0,10.0,25.0,2.0,2.0,10.0,30.0,2.0,255.0
129.49091219902039,baseline,4618346,24.0,223.0,169.0,157.0,28.0,10.0,25.0,2.0,2.0,10.0,30.0,2.0,255.0
129.74376440048218,baseline,4618600,24.0,223.0,169.0,158.0,28.0,10.0,25.0,2.0,2.0,10.0,30.0,2.0,255.0
130.00127744674683,baseline,4618853,23.0,223.0,169.0,157.0,28.0,10.0,25.0,2.0,2.0,10.0,30.0,2.0,255.0
130.25084590911865,baseline,4619107,24.0,224.0,170.0,158.0,28.0,10.0,25.0,2.0,2.0,10.0,30.0,2.0,255.0
130.50609064102173,baseline,4619360,23.0,224.0,169.0,157.0,28.0,10.0,25.0,2.0,2.0,10.0,30.0,2.0,255.0
130.7590615749359,baseline,4619614,24.0,224.0,170.0,158.0,28.0,10.0,25.0,2.0,2.0,10.0,30.0,2.0,255.0
131.01116561889648,baseline,4619867,23.0,224.0,169.0,157.0,28.0,10.0,25.0,2.0,2.0,10.0,30.0,2.0,255.0
131.26491689682007,baseline,4620121,24.0,224.0,170.0,158.0,28.0,10.0,25.0,2.0,2.0,10.0,30.0,2.0,255.0
131.52029538154602,baseline,4620374,24.0,224.0,169.0,157.0,28.0,10.0,25.0,2.0,2.0,10.0,30.0,2.0,255.0
131.77219891548157,baseline,4620626,24.0,224.0,170.0,158.0,28.0,10.0,25.0,2.0,2.0,10.0,30.0,2.0,255.0
132.02480149269104,baseline,4620880,24.0,224.0,169.0,157.0,28.0,10.0,25.0,2.0,2.0,10.0,30.0,2.0,255.0
132.27821516990662,baseline,4621133,24.0,224.0,170.0,158.0,28.0,11.0,25.0,2.0,2.0,10.0,30.0,2.0,255.0
132.5309295654297,baseline,4621387,23.0,224.0,169.0,157.0,28.0,10.0,25.0,2.0,2.0,10.0,30.0,2.0,255.0
132.78615593910217,baseline,4621640,24.0,224.0,170.0,158.0,28.0,10.0,25.0,2.0,2.0,10.0,30.0,2.0,255.0
133.03854894638062,baseline,4621894,23.0,224.0,169.0,157.0,28.0,10.0,25.0,2.0,2.0,10.0,30.0,2.0,255.0
133.29179620742798,baseline,4622147,23.0,224.0,169.0,158.0,28.0,10.0,25.0,2.0,2.0,10.0,30.0,2.0,255.0
133.54559087753296,baseline,4622401,23.0,224.0,169.0,157.0,28.0,10.0,25.0,2.0,2.0,10.0,30.0,2.0,255.0
133.79724383354187,baseline,4622654,23.0,224.0,170.0,158.0,28.0,10.0,25.0,2.0,2.0,10.0,30.0,2.0,255.0
134.0514030456543,baseline,4622907,23.0,224.0,169.0,158.0,28.0,10.0,25.0,2.0,2.0,10.0,30.0,2.0,255.0
134.30553317070007,baseline,4623161,23.0,224.0,169.0,158.0,28.0,10.0,25.0,2.0,2.0,10.0,30.0,2.0,255.0
134.55915093421936,baseline,4623414,23.0,223.0,169.0,157.0,28.0,10.0,25.0,2.0,2.0,10.0,30.0,2.0,255.0
134.8117926120758,baseline,4623668,23.0,223.0,169.0,158.0,28.0,10.0,25.0,2.0,2.0,10.0,30.0,2.0,255.0
135.0658302307129,baseline,4623921,23.0,223.0,169.0,157.0,28.0,10.0,25.0,2.0,2.0,10.0,30.0,2.0,255.0
135.3196895122528,baseline,4624175,23.0,223.0,169.0,158.0,28.0,10.0,25.0,2.0,2.0,10.0,30.0,2.0,255.0
135.5715708732605,baseline,4624428,23.0,223.0,169.0,157.0,28.0,10.0,25.0,2.0,2.0,10.0,30.0,2.0,255.0
135.82506442070007,baseline,4624681,23.0,223.0,169.0,158.0,28.0,10.0,25.0,2.0,2.0,10.0,30.0,2.0,255.0
136.08597135543823,baseline,4624934,23.0,223.0,169.0,157.0,28.0,10.0,25.0,2.0,2.0,10.0,30.0,2.0,255.0
136.33329916000366,baseline,4625187,23.0,223.0,169.0,158.0,28.0,10.0,25.0,2.0,2.0,10.0,30.0,2.0,255.0
136.5851218700409,baseline,4625441,23.0,223.0,169.0,157.0,28.0,10.0,25.0,2.0,2.0,10.0,30.0,2.0,255.0
136.85851335525513,baseline,4625694,23.0,223.0,169.0,158.0,28.0,10.0,25.0,2.0,2.0,10.0,30.0,2.0,255.0
137.09420323371887,baseline,4625948,23.0,222.0,168.0,157.0,28.0,10.0,25.0,2.0,2.0,10.0,30.0,2.0,255.0
137.34740924835205,baseline,4626201,23.0,223.0,169.0,157.0,28.0,10.0,25.0,2.0,2.0,10.0,30.0,2.0,255.0
137.6005153656006,baseline,4626455,23.0,222.0,168.0,157.0,28.0,11.0,25.0,2.0,2.0,10.0,30.0,2.0,255.0
137.85156297683716,baseline,4626708,23.0,222.0,168.0,158.0,28.0,10.0,25.0,2.0,2.0,10.0,30.0,2.0,255.0
138.10581874847412,baseline,4626962,23.0,222.0,168.0,157.0,28.0,10.0,25.0,2.0,2.0,10.0,30.0,2.0,255.0
138.359525680542,baseline,4627215,23.0,222.0,168.0,158.0,28.0,10.0,25.0,2.0,2.0,10.0,30.0,2.0,255.0
138.6126458644867,baseline,4627468,23.0,222.0,168.0,157.0,28.0,10.0,25.0,2.0,2.0,10.0,30.0,2.0,255.0
138.88753819465637,baseline,4627722,23.0,222.0,169.0,158.0,28.0,11.0,25.0,2.0,2.0,10.0,30.0,2.0,255.0
139.11879515647888,baseline,4627975,23.0,222.0,169.0,157.0,28.0,10.0,25.0,2.0,2.0,10.0,30.0,2.0,255.0
139.37320923805237,baseline,4628229,23.0,222.0,169.0,158.0,28.0,10.0,25.0,2.0,2.0,10.0,30.0,2.0,255.0
139.62582445144653,baseline,4628482,23.0,222.0,169.0,157.0,28.0,10.0,25.0,2.0,2.0,10.0,30.0,2.0,255.0
139.8814046382904,baseline,4628736,23.0,223.0,169.0,158.0,28.0,10.0,25.0,2.0,2.0,10.0,30.0,2.0,255.0
140.13465809822083,baseline,4628988,23.0,222.0,169.0,157.0,28.0,10.0,25.0,2.0,2.0,10.0,30.0,2.0,255.0
140.38653087615967,baseline,4629242,23.0,223.0,169.0,158.0,28.0,10.0,25.0,2.0,2.0,10.0,30.0,2.0,255.0
140.64059329032898,baseline,4629495,23.0,222.0,169.0,157.0,28.0,10.0,25.0,2.0,2.0,10.0,30.0,2.0,255.0
140.89508080482483,baseline,4629748,23.0,223.0,169.0,158.0,28.0,10.0,25.0,2.0,2.0,10.0,30.0,2.0,255.0
141.1475920677185,baseline,4630002,23.0,222.0,169.0,157.0,28.0,10.0,25.0,2.0,2.0,10.0,30.0,2.0,255.0
141.39947652816772,baseline,4630255,23.0,223.0,169.0,158.0,28.0,10.0,25.0,2.0,2.0,10.0,30.0,2.0,255.0
141.65231585502625,baseline,4630509,23.0,222.0,169.0,157.0,28.0,10.0,25.0,2.0,2.0,10.0,30.0,2.0,255.0
141.90774297714233,baseline,4630762,23.0,222.0,169.0,158.0,28.0,10.0,25.0,2.0,2.0,10.0,30.0,2.0,255.0
142.15967631340027,baseline,4631016,23.0,222.0,168.0,157.0,28.0,10.0,25.0,2.0,2.0,10.0,30.0,2.0,255.0
142.4141652584076,baseline,4631269,23.0,222.0,169.0,158.0,28.0,10.0,25.0,2.0,2.0,10.0,30.0,2.0,255.0
142.66660475730896,baseline,4631523,23.0,222.0,168.0,157.0,28.0,10.0,25.0,2.0,2.0,10.0,30.0,2.0,255.0
142.9214382171631,baseline,4631776,23.0,222.0,169.0,158.0,28.0,10.0,25.0,2.0,2.0,10.0,30.0,2.0,255.0
143.17412185668945,baseline,4632029,23.0,222.0,168.0,157.0,28.0,10.0,25.0,2.0,2.0,10.0,30.0,2.0,255.0
143.42671871185303,baseline,4632283,23.0,222.0,168.0,158.0,28.0,10.0,25.0,2.0,2.0,10.0,30.0,2.0,255.0
143.68030738830566,baseline,4632536,23.0,222.0,168.0,157.0,28.0,10.0,25.0,2.0,2.0,10.0,30.0,2.0,255.0
143.93383598327637,baseline,4632790,23.0,222.0,168.0,158.0,28.0,10.0,25.0,2.0,2.0,10.0,30.0,2.0,255.0
144.18802094459534,baseline,4633042,23.0,222.0,168.0,157.0,28.0,10.0,25.0,2.0,2.0,10.0,30.0,2.0,255.0
144.44194102287292,baseline,4633296,23.0,222.0,168.0,158.0,28.0,10.0,25.0,2.0,2.0,10.0,30.0,2.0,255.0
144.69701290130615,baseline,4633549,23.0,222.0,168.0,157.0,28.0,10.0,25.0,2.0,2.0,10.0,30.0,2.0,255.0
144.94834327697754,baseline,4633803,23.0,222.0,168.0,158.0,28.0,10.0,25.0,2.0,2.0,10.0,30.0,2.0,255.0
145.20212149620056,baseline,4634056,23.0,221.0,168.0,157.0,28.0,10.0,25.0,2.0,2.0,10.0,30.0,2.0,255.0
145.454008102417,baseline,4634309,23.0,221.0,168.0,158.0,28.0,10.0,25.0,2.0,2.0,10.0,30.0,2.0,255.0
145.70903372764587,baseline,4634563,23.0,221.0,168.0,157.0,28.0,10.0,25.0,2.0,2.0,10.0,30.0,2.0,255.0
145.96079444885254,baseline,4634816,23.0,221.0,168.0,158.0,29.0,10.0,25.0,2.0,2.0,10.0,30.0,2.0,255.0
146.2136194705963,baseline,4635070,23.0,221.0,168.0,157.0,28.0,10.0,25.0,2.0,2.0,10.0,30.0,2.0,255.0
146.46756768226624,baseline,4635323,23.0,221.0,168.0,158.0,28.0,10.0,25.0,2.0,2.0,10.0,30.0,2.0,255.0
146.72214889526367,baseline,4635577,23.0,221.0,168.0,157.0,28.0,10.0,25.0,2.0,2.0,10.0,30.0,2.0,255.0
146.97395730018616,baseline,4635830,23.0,221.0,168.0,157.0,28.0,10.0,25.0,2.0,2.0,10.0,30.0,2.0,255.0
147.2276589870453,baseline,4636084,23.0,221.0,168.0,157.0,28.0,10.0,25.0,2.0,2.0,10.0,30.0,2.0,255.0
147.48604583740234,baseline,4636337,23.0,221.0,168.0,157.0,28.0,10.0,25.0,2.0,2.0,10.0,30.0,2.0,255.0
147.73711514472961,baseline,4636590,23.0,221.0,168.0,157.0,28.0,10.0,25.0,2.0,2.0,10.0,30.0,2.0,255.0
147.98849391937256,baseline,4636844,23.0,221.0,168.0,157.0,28.0,10.0,25.0,2.0,2.0,10.0,30.0,2.0,255.0
148.24074244499207,baseline,4637096,23.0,221.0,168.0,156.0,28.0,10.0,25.0,2.0,2.0,10.0,30.0,2.0,255.0
148.49571633338928,baseline,4637350,23.0,221.0,168.0,157.0,28.0,11.0,25.0,2.0,2.0,10.0,30.0,2.0,255.0
148.7473499774933,baseline,4637603,23.0,221.0,168.0,156.0,28.0,10.0,25.0,2.0,2.0,10.0,30.0,2.0,255.0
149.00127410888672,baseline,4637857,23.0,221.0,168.0,157.0,28.0,10.0,25.0,2.0,2.0,10.0,30.0,2.0,255.0
149.2549283504486,baseline,4638110,23.0,221.0,167.0,156.0,28.0,10.0,25.0,2.0,2.0,10.0,30.0,2.0,255.0
149.50822472572327,baseline,4638364,23.0,221.0,168.0,157.0,28.0,10.0,25.0,2.0,2.0,10.0,30.0,2.0,255.0
149.76298141479492,baseline,4638617,23.0,221.0,168.0,156.0,28.0,10.0,25.0,2.0,2.0,10.0,30.0,2.0,255.0
150.01471543312073,baseline,4638870,23.0,221.0,168.0,157.0,28.0,10.0,25.0,2.0,2.0,10.0,30.0,2.0,255.0
150.26865339279175,baseline,4639124,23.0,221.0,168.0,156.0,28.0,10.0,25.0,2.0,2.0,10.0,30.0,2.0,255.0
150.5222523212433,baseline,4639377,23.0,221.0,168.0,157.0,28.0,10.0,25.0,2.0,2.0,10.0,30.0,2.0,255.0
150.7748568058014,baseline,4639631,23.0,221.0,167.0,157.0,28.0,10.0,25.0,2.0,2.0,10.0,30.0,2.0,255.0
151.02877140045166,baseline,4639884,23.0,220.0,168.0,157.0,28.0,10.0,25.0,2.0,2.0,10.0,30.0,2.0,255.0
151.28193712234497,baseline,4640138,22.0,220.0,168.0,156.0,28.0,10.0,25.0,2.0,2.0,10.0,30.0,2.0,255.0
151.5358965396881,baseline,4640391,23.0,220.0,168.0,157.0,28.0,10.0,25.0,2.0,2.0,10.0,30.0,2.0,255.0
151.78944611549377,baseline,4640645,23.0,220.0,167.0,156.0,28.0,10.0,25.0,2.0,2.0,10.0,30.0,2.0,255.0
152.0423002243042,baseline,4640898,23.0,220.0,167.0,157.0,28.0,10.0,25.0,2.0,2.0,10.0,30.0,2.0,255.0
152.29691433906555,baseline,4641150,23.0,220.0,167.0,156.0,28.0,10.0,25.0,2.0,2.0,10.0,30.0,2.0,255.0
152.55022716522217,baseline,4641404,23.0,220.0,167.0,157.0,28.0,10.0,25.0,2.0,2.0,10.0,30.0,2.0,255.0
152.8021810054779,baseline,4641657,23.0,220.0,167.0,156.0,28.0,10.0,25.0,2.0,2.0,10.0,30.0,2.0,255.0
153.05546760559082,baseline,4641911,23.0,220.0,167.0,157.0,28.0,10.0,25.0,2.0,2.0,10.0,30.0,2.0,255.0
153.30873775482178,baseline,4642164,23.0,220.0,167.0,156.0,28.0,11.0,25.0,2.0,2.0,10.0,30.0,2.0,255.0
153.5640218257904,baseline,4642418,23.0,220.0,167.0,157.0,28.0,10.0,25.0,2.0,2.0,10.0,30.0,2.0,255.0
153.81564497947693,baseline,4642671,23.0,220.0,167.0,156.0,28.0,10.0,25.0,2.0,2.0,10.0,30.0,2.0,255.0
154.06906938552856,baseline,4642925,23.0,221.0,168.0,157.0,28.0,10.0,25.0,2.0,2.0,10.0,30.0,2.0,255.0
154.3239347934723,baseline,4643178,23.0,221.0,167.0,156.0,28.0,10.0,25.0,2.0,2.0,10.0,30.0,2.0,255.0
154.58133482933044,baseline,4643431,23.0,221.0,168.0,157.0,28.0,10.0,25.0,2.0,2.0,10.0,30.0,2.0,255.0
154.82903695106506,baseline,4643685,23.0,220.0,167.0,156.0,27.0,10.0,25.0,2.0,2.0,10.0,30.0,2.0,255.0
155.08616995811462,baseline,4643938,23.0,221.0,168.0,157.0,28.0,10.0,25.0,2.0,2.0,10.0,30.0,2.0,255.0
155.33553218841553,baseline,4644192,23.0,221.0,168.0,156.0,28.0,10.0,25.0,2.0,2.0,10.0,30.0,2.0,255.0
155.59052515029907,baseline,4644445,23.0,221.0,168.0,157.0,28.0,10.0,25.0,2.0,2.0,10.0,30.0,2.0,255.0
155.84401178359985,baseline,4644699,23.0,221.0,168.0,156.0,28.0,10.0,25.0,2.0,2.0,10.0,30.0,2.0,255.0
156.097012758255,baseline,4644952,23.0,221.0,168.0,157.0,28.0,10.0,25.0,2.0,2.0,10.0,30.0,2.0,255.0
156.3505458831787,baseline,4645206,23.0,221.0,168.0,156.0,28.0,10.0,25.0,2.0,2.0,10.0,30.0,2.0,255.0
156.60322666168213,baseline,4645458,23.0,221.0,168.0,157.0,28.0,10.0,25.0,2.0,2.0,10.0,30.0,2.0,255.0
156.85718941688538,baseline,4645711,23.0,220.0,168.0,156.0,28.0,10.0,25.0,2.0,2.0,10.0,30.0,2.0,255.0
157.11031484603882,baseline,4645965,23.0,221.0,168.0,157.0,28.0,10.0,25.0,2.0,2.0,10.0,30.0,2.0,255.0
157.36249375343323,baseline,4646218,23.0,220.0,168.0,157.0,28.0,10.0,25.0,2.0,2.0,10.0,30.0,2.0,255.0
157.61689639091492,baseline,4646472,23.0,221.0,168.0,157.0,28.0,10.0,25.0,2.0,2.0,10.0,30.0,2.0,255.0
157.86987805366516,baseline,4646725,23.0,221.0,168.0,157.0,28.0,10.0,25.0,2.0,2.0,10.0,30.0,2.0,255.0
158.12505388259888,baseline,4646979,23.0,221.0,168.0,157.0,28.0,10.0,25.0,2.0,2.0,10.0,30.0,2.0,255.0
158.3769748210907,baseline,4647232,23.0,221.0,168.0,157.0,28.0,10.0,25.0,2.0,2.0,10.0,30.0,2.0,255.0
158.63017511367798,baseline,4647486,23.0,221.0,169.0,157.0,28.0,10.0,25.0,2.0,2.0,10.0,30.0,2.0,255.0
158.88363361358643,baseline,4647739,23.0,221.0,168.0,156.0,28.0,10.0,25.0,2.0,2.0,10.0,30.0,2.0,255.0
159.13706970214844,baseline,4647992,23.0,222.0,168.0,157.0,28.0,10.0,25.0,2.0,2.0,10.0,30.0,2.0,255.0
159.39053058624268,baseline,4648246,23.0,221.0,168.0,156.0,28.0,10.0,25.0,2.0,2.0,10.0,30.0,2.0,255.0
159.66454577445984,baseline,4648499,23.0,222.0,168.0,157.0,28.0,10.0,25.0,2.0,2.0,10.0,30.0,2.0,255.0
159.89734959602356,baseline,4648753,23.0,222.0,168.0,156.0,28.0,10.0,25.0,2.0,2.0,10.0,30.0,2.0,255.0
160.15154099464417,baseline,4649006,23.0,222.0,168.0,157.0,28.0,11.0,25.0,2.0,2.0,10.0,30.0,2.0,255.0
160.40523195266724,baseline,4649260,23.0,222.0,168.0,156.0,28.0,10.0,25.0,2.0,2.0,10.0,30.0,2.0,255.0
160.65746998786926,baseline,4649512,23.0,222.0,168.0,157.0,28.0,10.0,25.0,2.0,2.0,10.0,30.0,2.0,255.0
160.91187238693237,baseline,4649766,23.0,222.0,168.0,156.0,28.0,10.0,25.0,2.0,2.0,10.0,30.0,2.0,255.0
161.16401720046997,baseline,4650019,23.0,222.0,168.0,157.0,28.0,10.0,25.0,2.0,2.0,10.0,30.0,2.0,255.0
161.41895604133606,baseline,4650272,23.0,222.0,168.0,156.0,27.0,10.0,25.0,2.0,2.0,10.0,30.0,2.0,255.0
161.67138600349426,baseline,4650526,23.0,222.0,168.0,157.0,28.0,10.0,25.0,2.0,2.0,10.0,30.0,2.0,255.0
161.92436504364014,baseline,4650779,23.0,222.0,168.0,156.0,28.0,10.0,25.0,2.0,2.0,10.0,30.0,2.0,255.0
162.17814230918884,baseline,4651033,23.0,223.0,169.0,157.0,28.0,10.0,25.0,2.0,2.0,10.0,30.0,2.0,255.0
162.43142247200012,baseline,4651286,23.0,222.0,168.0,156.0,28.0,10.0,25.0,2.0,2.0,10.0,30.0,2.0,255.0
162.6852309703827,baseline,4651540,23.0,223.0,169.0,157.0,28.0,10.0,25.0,2.0,2.0,10.0,30.0,2.0,255.0
162.9381444454193,baseline,4651793,23.0,223.0,169.0,156.0,28.0,10.0,25.0,2.0,2.0,10.0,30.0,2.0,255.0
163.19122457504272,baseline,4652047,23.0,223.0,169.0,157.0,28.0,10.0,25.0,2.0,2.0,10.0,30.0,2.0,255.0
163.44562244415283,baseline,4652300,23.0,223.0,169.0,157.0,28.0,10.0,25.0,2.0,2.0,10.0,30.0,2.0,255.0
163.69822597503662,baseline,4652553,23.0,223.0,169.0,157.0,28.0,10.0,25.0,2.0,2.0,10.0,30.0,2.0,255.0
163.95177102088928,baseline,4652807,23.0,223.0,169.0,157.0,28.0,10.0,25.0,2.0,2.0,10.0,30.0,2.0,255.0
164.2059645652771,baseline,4653060,23.0,223.0,169.0,157.0,28.0,10.0,25.0,2.0,2.0,10.0,30.0,2.0,255.0
164.4588167667389,baseline,4653314,23.0,223.0,169.0,157.0,28.0,10.0,25.0,2.0,2.0,10.0,30.0,2.0,255.0
164.71251010894775,baseline,4653566,23.0,223.0,169.0,157.0,28.0,10.0,25.0,2.0,2.0,10.0,30.0,2.0,255.0
164.96469235420227,baseline,4653820,23.0,223.0,169.0,157.0,28.0,10.0,25.0,2.0,2.0,10.0,30.0,2.0,255.0
165.21855330467224,baseline,4654073,23.0,222.0,169.0,157.0,28.0,10.0,25.0,2.0,2.0,10.0,30.0,2.0,255.0
165.47274160385132,baseline,4654327,23.0,222.0,168.0,157.0,28.0,10.0,25.0,2.0,2.0,10.0,30.0,2.0,255.0
165.72511506080627,baseline,4654580,23.0,222.0,168.0,157.0,28.0,10.0,25.0,2.0,2.0,10.0,30.0,2.0,255.0
165.97931671142578,baseline,4654833,23.0,221.0,168.0,156.0,28.0,10.0,25.0,2.0,2.0,10.0,30.0,2.0,255.0
166.23225593566895,baseline,4655087,23.0,222.0,168.0,157.0,28.0,10.0,25.0,2.0,2.0,10.0,30.0,2.0,255.0
166.48617887496948,baseline,4655340,23.0,221.0,168.0,156.0,28.0,10.0,25.0,2.0,2.0,10.0,30.0,2.0,255.0
166.74094414710999,baseline,4655594,23.0,221.0,168.0,157.0,28.0,10.0,25.0,2.0,2.0,10.0,30.0,2.0,255.0
166.99230480194092,baseline,4655847,23.0,221.0,168.0,157.0,28.0,10.0,25.0,2.0,2.0,10.0,30.0,2.0,255.0
167.24736166000366,baseline,4656101,23.0,221.0,168.0,157.0,28.0,11.0,25.0,2.0,2.0,10.0,30.0,2.0,255.0
167.49958109855652,baseline,4656354,23.0,221.0,168.0,157.0,28.0,10.0,25.0,2.0,2.0,10.0,30.0,2.0,255.0
167.75248384475708,baseline,4656608,23.0,221.0,168.0,157.0,28.0,11.0,25.0,2.0,2.0,10.0,30.0,2.0,255.0
168.0066692829132,baseline,4656861,23.0,221.0,168.0,156.0,28.0,10.0,25.0,2.0,2.0,10.0,30.0,2.0,255.0
168.25954723358154,baseline,4657114,23.0,221.0,168.0,157.0,28.0,10.0,25.0,2.0,2.0,10.0,30.0,2.0,255.0
168.5129053592682,baseline,4657368,23.0,221.0,167.0,156.0,28.0,10.0,25.0,2.0,2.0,10.0,30.0,2.0,255.0
168.76673293113708,baseline,4657620,23.0,221.0,168.0,157.0,28.0,10.0,25.0,2.0,2.0,10.0,30.0,2.0,255.0
169.01979398727417,baseline,4657874,23.0,221.0,167.0,156.0,27.0,10.0,25.0,2.0,2.0,10.0,30.0,2.0,255.0
169.27430272102356,baseline,4658127,23.0,221.0,168.0,157.0,28.0,10.0,25.0,2.0,2.0,10.0,30.0,2.0,255.0
169.52756333351135,baseline,4658381,23.0,221.0,167.0,156.0,27.0,10.0,25.0,2.0,2.0,10.0,30.0,2.0,255.0
169.7801423072815,baseline,4658634,23.0,221.0,168.0,157.0,28.0,10.0,25.0,2.0,2.0,10.0,30.0,2.0,255.0
170.03373336791992,baseline,4658888,23.0,221.0,167.0,156.0,27.0,10.0,25.0,2.0,2.0,10.0,30.0,2.0,255.0
170.30710363388062,baseline,4659141,23.0,221.0,168.0,156.0,28.0,10.0,25.0,2.0,2.0,10.0,30.0,2.0,255.0
170.54066944122314,baseline,4659394,23.0,220.0,167.0,156.0,27.0,10.0,25.0,2.0,2.0,10.0,30.0,2.0,255.0
170.79404878616333,baseline,4659648,23.0,220.0,167.0,156.0,28.0,10.0,25.0,2.0,2.0,10.0,30.0,2.0,255.0
171.0466549396515,baseline,4659901,23.0,220.0,167.0,155.0,28.0,10.0,25.0,2.0,2.0,10.0,30.0,2.0,255.0
171.30107307434082,baseline,4660155,23.0,220.0,167.0,156.0,27.0,10.0,25.0,2.0,2.0,10.0,30.0,2.0,255.0
171.55374789237976,baseline,4660408,23.0,220.0,167.0,155.0,27.0,10.0,25.0,2.0,2.0,10.0,30.0,2.0,255.0
171.80768084526062,baseline,4660662,23.0,220.0,167.0,156.0,27.0,10.0,25.0,2.0,2.0,10.0,30.0,2.0,255.0
172.06075024604797,baseline,4660915,23.0,220.0,166.0,155.0,27.0,10.0,25.0,2.0,2.0,10.0,30.0,2.0,255.0
172.3136658668518,baseline,4661169,23.0,220.0,167.0,156.0,27.0,10.0,25.0,2.0,2.0,10.0,30.0,2.0,255.0
172.5680980682373,baseline,4661422,22.0,219.0,166.0,155.0,27.0,10.0,25.0,2.0,2.0,10.0,30.0,2.0,255.0
172.82075238227844,baseline,4661675,23.0,219.0,167.0,155.0,27.0,10.0,25.0,2.0,2.0,10.0,30.0,2.0,255.0
173.07495617866516,baseline,4661928,22.0,219.0,166.0,155.0,27.0,10.0,25.0,2.0,2.0,10.0,30.0,2.0,255.0
173.32835865020752,baseline,4662181,23.0,219.0,166.0,155.0,27.0,10.0,25.0,2.0,2.0,10.0,30.0,2.0,255.0
173.58111310005188,baseline,4662435,23.0,219.0,166.0,154.0,27.0,10.0,25.0,2.0,2.0,10.0,30.0,2.0,255.0
173.83455777168274,baseline,4662688,23.0,219.0,166.0,155.0,27.0,11.0,25.0,2.0,2.0,10.0,30.0,2.0,255.0
174.08833765983582,baseline,4662942,23.0,219.0,166.0,154.0,27.0,10.0,25.0,2.0,2.0,10.0,30.0,2.0,255.0
174.34091067314148,baseline,4663195,23.0,219.0,166.0,155.0,27.0,11.0,25.0,2.0,2.0,10.0,30.0,2.0,255.0
174.5945782661438,baseline,4663449,23.0,219.0,166.0,154.0,27.0,11.0,25.0,2.0,2.0,10.0,30.0,2.0,255.0
174.8482220172882,baseline,4663702,23.0,220.0,166.0,155.0,27.0,10.0,25.0,2.0,2.0,10.0,30.0,2.0,255.0
175.1019983291626,baseline,4663955,23.0,219.0,166.0,154.0,27.0,10.0,25.0,2.0,2.0,10.0,30.0,2.0,255.0
175.35453987121582,baseline,4664209,23.0,220.0,167.0,155.0,27.0,10.0,25.0,2.0,2.0,10.0,30.0,2.0,255.0
175.60892915725708,baseline,4664462,23.0,219.0,167.0,154.0,27.0,10.0,25.0,2.0,2.0,10.0,30.0,2.0,255.0
175.88135027885437,baseline,4664716,23.0,220.0,167.0,155.0,27.0,10.0,25.0,2.0,2.0,10.0,30.0,2.0,255.0
176.1160340309143,baseline,4664969,23.0,219.0,167.0,154.0,27.0,10.0,25.0,2.0,2.0,10.0,30.0,2.0,255.0
176.36848402023315,baseline,4665223,23.0,220.0,167.0,155.0,27.0,11.0,25.0,2.0,2.0,10.0,30.0,2.0,255.0
176.622172832489,baseline,4665476,23.0,220.0,167.0,154.0,27.0,10.0,25.0,2.0,2.0,10.0,30.0,2.0,255.0
176.8752884864807,baseline,4665730,23.0,220.0,167.0,155.0,27.0,10.0,25.0,2.0,2.0,10.0,30.0,2.0,255.0
177.12887525558472,baseline,4665982,23.0,220.0,167.0,154.0,27.0,10.0,25.0,2.0,2.0,10.0,30.0,2.0,255.0
177.4033694267273,baseline,4666235,23.0,220.0,167.0,155.0,27.0,10.0,25.0,2.0,2.0,10.0,30.0,2.0,255.0
177.63461017608643,baseline,4666489,23.0,220.0,167.0,154.0,27.0,10.0,25.0,2.0,2.0,10.0,30.0,2.0,255.0
177.88917088508606,baseline,4666742,23.0,220.0,167.0,155.0,28.0,10.0,25.0,2.0,2.0,10.0,30.0,2.0,255.0
178.1419107913971,baseline,4666996,23.0,220.0,167.0,154.0,27.0,10.0,25.0,2.0,2.0,10.0,30.0,2.0,255.0
178.3961157798767,baseline,4667249,23.0,221.0,167.0,155.0,27.0,10.0,25.0,2.0,2.0,10.0,30.0,2.0,255.0
178.64861464500427,baseline,4667503,23.0,220.0,167.0,154.0,27.0,10.0,25.0,2.0,2.0,10.0,30.0,2.0,255.0
178.90290880203247,baseline,4667756,23.0,221.0,167.0,155.0,27.0,10.0,25.0,2.0,2.0,10.0,30.0,2.0,255.0
179.15713000297546,baseline,4668010,23.0,221.0,167.0,154.0,27.0,10.0,25.0,2.0,2.0,10.0,30.0,2.0,255.0
179.41119837760925,baseline,4668263,23.0,221.0,167.0,155.0,27.0,10.0,25.0,2.0,2.0,10.0,30.0,2.0,255.0
179.66585540771484,baseline,4668516,23.0,221.0,167.0,154.0,27.0,10.0,25.0,2.0,2.0,10.0,30.0,2.0,255.0
179.91615200042725,baseline,4668770,23.0,221.0,167.0,155.0,27.0,10.0,25.0,2.0,2.0,10.0,30.0,2.0,255.0
180.16881251335144,baseline,4669023,23.0,221.0,167.0,154.0,27.0,10.0,25.0,2.0,2.0,10.0,30.0,2.0,255.0
180.42383289337158,baseline,4669277,23.0,221.0,167.0,155.0,27.0,10.0,25.0,2.0,2.0,10.0,30.0,2.0,255.0
180.6763014793396,baseline,4669530,23.0,220.0,167.0,154.0,27.0,10.0,25.0,2.0,2.0,10.0,30.0,2.0,255.0
180.93040108680725,baseline,4669784,23.0,221.0,167.0,155.0,27.0,10.0,25.0,2.0,2.0,10.0,30.0,2.0,255.0
181.18305325508118,baseline,4670036,23.0,221.0,167.0,154.0,27.0,10.0,25.0,2.0,2.0,10.0,30.0,2.0,255.0
181.4364309310913,baseline,4670290,23.0,221.0,167.0,155.0,27.0,10.0,25.0,2.0,2.0,10.0,30.0,2.0,255.0
181.6906976699829,baseline,4670543,23.0,220.0,167.0,154.0,27.0,10.0,25.0,2.0,2.0,10.0,30.0,2.0,255.0
181.94299459457397,baseline,4670797,23.0,221.0,167.0,155.0,27.0,10.0,25.0,2.0,2.0,10.0,30.0,2.0,255.0
182.19633436203003,baseline,4671050,23.0,220.0,167.0,154.0,27.0,10.0,25.0,2.0,2.0,10.0,30.0,2.0,255.0
182.45066690444946,baseline,4671303,23.0,221.0,167.0,155.0,27.0,10.0,25.0,2.0,2.0,10.0,30.0,2.0,255.0
182.7033143043518,baseline,4671557,23.0,220.0,167.0,154.0,27.0,10.0,25.0,2.0,2.0,10.0,30.0,2.0,255.0
182.9575834274292,baseline,4671810,23.0,221.0,167.0,155.0,27.0,10.0,25.0,2.0,2.0,10.0,30.0,2.0,255.0
183.21113848686218,baseline,4672064,23.0,220.0,167.0,154.0,27.0,10.0,25.0,2.0,2.0,10.0,30.0,2.0,255.0
183.46323585510254,baseline,4672317,23.0,221.0,167.0,155.0,27.0,10.0,25.0,2.0,2.0,10.0,30.0,2.0,255.0
183.71713280677795,baseline,4672571,23.0,220.0,167.0,154.0,27.0,10.0,25.0,2.0,2.0,10.0,30.0,2.0,255.0
183.97024583816528,baseline,4672824,23.0,221.0,167.0,155.0,27.0,10.0,25.0,2.0,2.0,10.0,30.0,2.0,255.0
184.22558999061584,baseline,4673078,23.0,220.0,167.0,154.0,27.0,10.0,25.0,2.0,2.0,10.0,30.0,2.0,255.0
184.47751259803772,baseline,4673331,23.0,221.0,167.0,155.0,27.0,10.0,25.0,2.0,2.0,10.0,30.0,2.0,255.0
184.75147795677185,baseline,4673584,23.0,220.0,167.0,154.0,27.0,10.0,25.0,2.0,2.0,10.0,30.0,2.0,255.0
184.98424291610718,baseline,4673838,23.0,220.0,167.0,155.0,27.0,10.0,25.0,2.0,2.0,10.0,30.0,2.0,255.0
185.236918926239,baseline,4674091,23.0,220.0,167.0,154.0,27.0,10.0,25.0,2.0,2.0,10.0,30.0,2.0,255.0
185.4910295009613,baseline,4674344,23.0,221.0,168.0,155.0,27.0,10.0,25.0,2.0,2.0,10.0,30.0,2.0,255.0
185.7441909313202,baseline,4674597,23.0,221.0,167.0,154.0,27.0,10.0,25.0,2.0,2.0,10.0,30.0,2.0,255.0
185.99742317199707,baseline,4674851,23.0,221.0,167.0,155.0,27.0,10.0,25.0,2.0,2.0,10.0,30.0,2.0,255.0
186.2530815601349,baseline,4675104,23.0,221.0,168.0,154.0,27.0,10.0,25.0,2.0,2.0,10.0,30.0,2.0,255.0
186.50474858283997,baseline,4675358,23.0,221.0,168.0,155.0,27.0,10.0,25.0,2.0,2.0,10.0,30.0,2.0,255.0
186.75968098640442,baseline,4675611,23.0,221.0,167.0,154.0,27.0,10.0,25.0,2.0,2.0,10.0,30.0,2.0,255.0
187.0117268562317,baseline,4675864,23.0,221.0,168.0,155.0,27.0,10.0,25.0,2.0,2.0,10.0,30.0,2.0,255.0
187.2643222808838,baseline,4676118,23.0,221.0,167.0,154.0,27.0,10.0,25.0,2.0,2.0,10.0,30.0,2.0,255.0
187.51827669143677,baseline,4676371,23.0,221.0,168.0,155.0,27.0,10.0,25.0,2.0,2.0,10.0,30.0,2.0,255.0
187.77177143096924,baseline,4676625,23.0,221.0,167.0,154.0,27.0,10.0,25.0,2.0,2.0,10.0,30.0,2.0,255.0
188.02483558654785,baseline,4676878,23.0,221.0,168.0,155.0,27.0,10.0,25.0,2.0,2.0,10.0,30.0,2.0,255.0
188.27937078475952,baseline,4677132,24.0,221.0,168.0,154.0,27.0,10.0,25.0,2.0,2.0,10.0,30.0,2.0,255.0
188.5315761566162,baseline,4677385,23.0,221.0,168.0,155.0,27.0,10.0,25.0,2.0,2.0,10.0,30.0,2.0,255.0
188.78582429885864,baseline,4677639,23.0,221.0,167.0,154.0,27.0,10.0,25.0,2.0,2.0,10.0,30.0,2.0,255.0
189.03862047195435,baseline,4677892,23.0,221.0,167.0,155.0,27.0,10.0,25.0,2.0,2.0,10.0,30.0,2.0,255.0
189.29210877418518,baseline,4678145,23.0,221.0,167.0,154.0,27.0,10.0,25.0,2.0,2.0,10.0,30.0,2.0,255.0
189.54584908485413,baseline,4678398,23.0,221.0,168.0,154.0,27.0,10.0,25.0,2.0,2.0,10.0,30.0,2.0,255.0
189.79875230789185,baseline,4678651,23.0,221.0,167.0,154.0,27.0,10.0,25.0,2.0,2.0,10.0,30.0,2.0,255.0
190.0529911518097,baseline,4678905,23.0,221.0,168.0,155.0,27.0,10.0,25.0,2.0,2.0,10.0,30.0,2.0,255.0
190.30540895462036,baseline,4679158,23.0,221.0,167.0,154.0,27.0,10.0,25.0,2.0,2.0,10.0,30.0,2.0,255.0
190.55904388427734,baseline,4679412,23.0,221.0,167.0,155.0,27.0,10.0,25.0,2.0,2.0,10.0,30.0,2.0,255.0
190.8128309249878,baseline,4679665,23.0,221.0,167.0,154.0,27.0,10.0,25.0,2.0,2.0,10.0,30.0,2.0,255.0
191.06855702400208,baseline,4679919,23.0,221.0,168.0,155.0,27.0,10.0,25.0,2.0,2.0,10.0,30.0,2.0,255.0
191.31969618797302,baseline,4680172,23.0,221.0,167.0,154.0,27.0,10.0,25.0,2.0,2.0,10.0,30.0,2.0,255.0
191.57312512397766,baseline,4680425,23.0,221.0,168.0,155.0,27.0,10.0,25.0,2.0,2.0,10.0,30.0,2.0,255.0
191.82615995407104,baseline,4680679,23.0,221.0,167.0,154.0,26.0,10.0,25.0,2.0,2.0,10.0,30.0,2.0,255.0
192.08050799369812,baseline,4680932,23.0,221.0,167.0,154.0,27.0,10.0,25.0,2.0,2.0,10.0,30.0,2.0,255.0
192.33308005332947,baseline,4681186,23.0,221.0,167.0,154.0,27.0,10.0,25.0,2.0,2.0,10.0,30.0,2.0,255.0
192.5876030921936,baseline,4681439,23.0,221.0,167.0,154.0,27.0,10.0,25.0,2.0,2.0,10.0,30.0,2.0,255.0
192.84035634994507,baseline,4681693,23.0,221.0,167.0,154.0,27.0,10.0,25.0,2.0,2.0,10.0,30.0,2.0,255.0
193.09334301948547,baseline,4681946,23.0,221.0,167.0,155.0,27.0,10.0,25.0,2.0,2.0,10.0,30.0,2.0,255.0
193.3465859889984,baseline,4682200,23.0,221.0,167.0,154.0,27.0,10.0,25.0,2.0,2.0,10.0,30.0,2.0,255.0
193.60074615478516,baseline,4682452,23.0,221.0,167.0,154.0,27.0,10.0,25.0,2.0,2.0,10.0,30.0,2.0,255.0
193.85292959213257,baseline,4682705,23.0,221.0,167.0,154.0,27.0,10.0,25.0,2.0,2.0,10.0,30.0,2.0,255.0
194.10679721832275,baseline,4682959,23.0,221.0,167.0,154.0,27.0,10.0,25.0,2.0,2.0,10.0,30.0,2.0,255.0
194.36009907722473,baseline,4683212,23.0,220.0,167.0,154.0,27.0,10.0,25.0,2.0,2.0,10.0,30.0,2.0,255.0
194.61414527893066,baseline,4683466,23.0,220.0,167.0,154.0,27.0,10.0,25.0,2.0,2.0,10.0,30.0,2.0,255.0
194.86809039115906,baseline,4683719,23.0,220.0,167.0,154.0,27.0,10.0,25.0,2.0,2.0,10.0,30.0,2.0,255.0
195.12076139450073,baseline,4683973,23.0,220.0,167.0,154.0,27.0,10.0,25.0,2.0,2.0,10.0,30.0,2.0,255.0
195.39497542381287,baseline,4684226,23.0,220.0,166.0,154.0,27.0,10.0,25.0,2.0,2.0,10.0,30.0,2.0,255.0
195.62754845619202,baseline,4684480,23.0,220.0,167.0,154.0,27.0,11.0,25.0,2.0,2.0,10.0,30.0,2.0,255.0
195.8815062046051,baseline,4684733,23.0,219.0,166.0,153.0,27.0,10.0,25.0,2.0,2.0,10.0,30.0,2.0,255.0
196.1338427066803,baseline,4684986,23.0,220.0,167.0,154.0,27.0,10.0,25.0,2.0,2.0,10.0,30.0,2.0,255.0
196.38730359077454,baseline,4685240,23.0,220.0,166.0,153.0,27.0,10.0,25.0,2.0,2.0,10.0,30.0,2.0,255.0
196.6410105228424,baseline,4685493,23.0,220.0,167.0,154.0,27.0,10.0,25.0,2.0,2.0,10.0,30.0,2.0,255.0
196.8966419696808,baseline,4685747,23.0,219.0,166.0,153.0,27.0,10.0,25.0,2.0,2.0,10.0,30.0,2.0,255.0
197.1477813720703,baseline,4686000,23.0,219.0,167.0,154.0,27.0,10.0,25.0,2.0,2.0,10.0,30.0,2.0,255.0
197.4009931087494,baseline,4686254,22.0,219.0,166.0,153.0,27.0,10.0,25.0,2.0,2.0,10.0,30.0,2.0,255.0
197.65503859519958,baseline,4686507,23.0,219.0,167.0,154.0,27.0,10.0,25.0,2.0,2.0,10.0,30.0,2.0,255.0
197.9086775779724,baseline,4686760,23.0,219.0,166.0,153.0,27.0,10.0,25.0,2.0,2.0,10.0,30.0,2.0,255.0
198.16188311576843,baseline,4687013,23.0,219.0,166.0,154.0,27.0,10.0,25.0,2.0,2.0,10.0,30.0,2.0,255.0
198.41434979438782,baseline,4687266,23.0,219.0,166.0,153.0,27.0,10.0,25.0,2.0,2.0,10.0,30.0,2.0,255.0
198.66890239715576,baseline,4687520,23.0,219.0,166.0,154.0,27.0,10.0,25.0,2.0,2.0,10.0,30.0,2.0,255.0
198.9214153289795,baseline,4687773,22.0,219.0,166.0,153.0,27.0,10.0,25.0,2.0,2.0,10.0,30.0,2.0,255.0
199.17572665214539,baseline,4688027,23.0,219.0,166.0,154.0,27.0,10.0,25.0,2.0,2.0,10.0,30.0,2.0,255.0
199.4282991886139,baseline,4688280,23.0,218.0,166.0,153.0,27.0,10.0,25.0,2.0,2.0,10.0,30.0,2.0,255.0
199.6815528869629,baseline,4688534,22.0,218.0,166.0,154.0,27.0,10.0,25.0,2.0,2.0,10.0,30.0,2.0,255.0
199.93562030792236,baseline,4688787,22.0,218.0,166.0,153.0,27.0,10.0,25.0,2.0,2.0,10.0,30.0,2.0,255.0
200.1889305114746,baseline,4689041,23.0,218.0,166.0,154.0,27.0,10.0,25.0,2.0,2.0,10.0,30.0,2.0,255.0
200.44242644309998,baseline,4689294,22.0,218.0,166.0,153.0,27.0,10.0,25.0,2.0,2.0,10.0,30.0,2.0,255.0
200.69590592384338,baseline,4689547,23.0,218.0,166.0,154.0,27.0,10.0,25.0,2.0,2.0,10.0,30.0,2.0,255.0
200.94942951202393,baseline,4689801,23.0,218.0,166.0,153.0,27.0,10.0,25.0,2.0,2.0,10.0,30.0,2.0,255.0
201.2026026248932,baseline,4690054,23.0,218.0,166.0,154.0,27.0,10.0,25.0,2.0,2.0,10.0,30.0,2.0,255.0
201.45553302764893,baseline,4690308,23.0,218.0,166.0,153.0,27.0,10.0,25.0,2.0,2.0,10.0,30.0,2.0,255.0
201.70868802070618,baseline,4690561,23.0,218.0,166.0,153.0,27.0,10.0,25.0,2.0,2.0,10.0,30.0,2.0,255.0
201.9622814655304,baseline,4690814,23.0,218.0,166.0,153.0,27.0,10.0,25.0,2.0,2.0,10.0,30.0,2.0,255.0
202.21589159965515,baseline,4691067,23.0,218.0,166.0,154.0,27.0,10.0,25.0,2.0,2.0,10.0,30.0,2.0,255.0
202.4693067073822,baseline,4691321,23.0,218.0,166.0,153.0,27.0,10.0,25.0,2.0,2.0,10.0,30.0,2.0,255.0
202.72352576255798,baseline,4691574,23.0,218.0,166.0,154.0,27.0,10.0,25.0,2.0,2.0,10.0,30.0,2.0,255.0
202.97661590576172,baseline,4691827,23.0,218.0,166.0,153.0,27.0,10.0,25.0,2.0,2.0,10.0,30.0,2.0,255.0
203.2299530506134,baseline,4692081,23.0,218.0,166.0,154.0,28.0,10.0,25.0,2.0,2.0,10.0,30.0,2.0,255.0
203.48462200164795,baseline,4692334,23.0,218.0,166.0,153.0,27.0,10.0,25.0,2.0,2.0,10.0,30.0,2.0,255.0
203.73666715621948,baseline,4692588,23.0,219.0,166.0,154.0,27.0,10.0,25.0,2.0,2.0,10.0,30.0,2.0,255.0
203.99019694328308,baseline,4692841,23.0,219.0,166.0,153.0,27.0,10.0,25.0,2.0,2.0,10.0,30.0,2.0,255.0
204.24296021461487,baseline,4693095,23.0,219.0,167.0,154.0,27.0,10.0,25.0,2.0,2.0,10.0,30.0,2.0,255.0
204.49797344207764,baseline,4693348,23.0,218.0,166.0,153.0,27.0,10.0,25.0,2.0,2.0,10.0,30.0,2.0,255.0
204.75149083137512,baseline,4693602,23.0,219.0,167.0,154.0,27.0,10.0,25.0,2.0,2.0,10.0,30.0,2.0,255.0
205.00246453285217,baseline,4693855,23.0,219.0,166.0,153.0,27.0,10.0,25.0,2.0,2.0,10.0,30.0,2.0,255.0
205.25783824920654,baseline,4694108,23.0,219.0,167.0,154.0,27.0,10.0,25.0,2.0,2.0,10.0,30.0,2.0,255.0
205.5111584663391,baseline,4694362,23.0,219.0,167.0,153.0,27.0,10.0,25.0,2.0,2.0,10.0,30.0,2.0,255.0
205.7667374610901,baseline,4694615,23.0,219.0,167.0,154.0,28.0,10.0,25.0,2.0,2.0,10.0,30.0,2.0,255.0
206.01673436164856,baseline,4694868,23.0,219.0,167.0,153.0,27.0,10.0,25.0,2.0,2.0,10.0,30.0,2.0,255.0
206.27073502540588,baseline,4695121,23.0,219.0,167.0,154.0,28.0,10.0,25.0,2.0,2.0,10.0,30.0,2.0,255.0
206.5246617794037,baseline,4695375,23.0,219.0,167.0,154.0,27.0,10.0,25.0,2.0,2.0,10.0,30.0,2.0,255.0
206.7778923511505,baseline,4695628,23.0,219.0,167.0,154.0,28.0,11.0,25.0,2.0,2.0,10.0,30.0,2.0,255.0
207.03614163398743,baseline,4695882,23.0,219.0,167.0,154.0,27.0,10.0,25.0,2.0,2.0,10.0,30.0,2.0,255.0
207.28437280654907,baseline,4696135,23.0,219.0,167.0,154.0,28.0,10.0,25.0,2.0,2.0,10.0,30.0,2.0,255.0
207.53855395317078,baseline,4696388,23.0,219.0,167.0,154.0,27.0,10.0,25.0,2.0,2.0,10.0,30.0,2.0,255.0
207.7913339138031,baseline,4696642,23.0,220.0,167.0,154.0,28.0,10.0,25.0,2.0,2.0,10.0,30.0,2.0,255.0
208.04432249069214,baseline,4696895,23.0,219.0,167.0,154.0,27.0,10.0,25.0,2.0,2.0,10.0,30.0,2.0,255.0
208.30966591835022,baseline,4697149,23.0,220.0,167.0,154.0,28.0,10.0,25.0,2.0,2.0,10.0,30.0,2.0,255.0
208.55178475379944,baseline,4697402,23.0,220.0,167.0,154.0,27.0,10.0,25.0,2.0,2.0,10.0,30.0,2.0,255.0
208.80453038215637,baseline,4697656,23.0,220.0,168.0,155.0,28.0,10.0,25.0,2.0,2.0,10.0,30.0,2.0,255.0
209.05889749526978,baseline,4697909,23.0,220.0,168.0,154.0,27.0,10.0,25.0,2.0,2.0,10.0,30.0,2.0,255.0
209.3129222393036,baseline,4698163,23.0,220.0,168.0,155.0,28.0,10.0,25.0,2.0,2.0,10.0,30.0,2.0,255.0
209.56425285339355,baseline,4698416,23.0,220.0,167.0,154.0,27.0,10.0,25.0,2.0,2.0,10.0,30.0,2.0,255.0
209.81786346435547,baseline,4698669,23.0,220.0,168.0,155.0,28.0,10.0,25.0,2.0,2.0,10.0,30.0,2.0,255.0
210.071284532547,baseline,4698923,23.0,220.0,167.0,154.0,27.0,10.0,25.0,2.0,2.0,10.0,30.0,2.0,255.0
210.3262460231781,baseline,4699175,23.0,220.0,168.0,155.0,27.0,10.0,25.0,2.0,2.0,10.0,30.0,2.0,255.0
210.578754901886,baseline,4699429,23.0,220.0,168.0,154.0,27.0,10.0,25.0,2.0,2.0,10.0,30.0,2.0,255.0
210.83170819282532,baseline,4699682,23.0,220.0,168.0,155.0,27.0,10.0,25.0,2.0,2.0,10.0,30.0,2.0,255.0
211.0853533744812,baseline,4699936,23.0,220.0,167.0,154.0,28.0,10.0,25.0,2.0,2.0,10.0,30.0,2.0,255.0
211.33886337280273,baseline,4700189,23.0,220.0,168.0,155.0,27.0,10.0,25.0,2.0,2.0,10.0,30.0,2.0,255.0
211.59446454048157,baseline,4700443,23.0,220.0,168.0,154.0,27.0,10.0,25.0,2.0,2.0,10.0,30.0,2.0,255.0
211.8454327583313,baseline,4700696,23.0,220.0,168.0,155.0,27.0,10.0,25.0,2.0,2.0,10.0,30.0,2.0,255.0
212.1021318435669,baseline,4700949,23.0,220.0,167.0,154.0,27.0,10.0,25.0,2.0,2.0,10.0,30.0,2.0,255.0
212.35261392593384,baseline,4701203,23.0,221.0,168.0,155.0,27.0,10.0,25.0,2.0,2.0,10.0,30.0,2.0,255.0
212.60567569732666,baseline,4701456,23.0,221.0,168.0,154.0,27.0,10.0,25.0,2.0,2.0,10.0,30.0,2.0,255.0
212.8592164516449,baseline,4701710,23.0,221.0,168.0,155.0,27.0,10.0,25.0,2.0,2.0,10.0,30.0,2.0,255.0
213.11310935020447,baseline,4701963,23.0,221.0,168.0,154.0,27.0,10.0,25.0,2.0,2.0,10.0,30.0,2.0,255.0
213.36616849899292,baseline,4702217,23.0,221.0,168.0,155.0,28.0,10.0,25.0,2.0,2.0,10.0,30.0,2.0,255.0
213.61916279792786,baseline,4702470,23.0,221.0,168.0,154.0,27.0,10.0,25.0,2.0,2.0,10.0,30.0,2.0,255.0
213.87232494354248,baseline,4702724,23.0,221.0,168.0,155.0,27.0,10.0,25.0,2.0,2.0,10.0,30.0,2.0,255.0
214.1259880065918,baseline,4702977,23.0,221.0,167.0,154.0,27.0,10.0,25.0,2.0,2.0,10.0,30.0,2.0,255.0
214.38056087493896,baseline,4703229,23.0,221.0,168.0,155.0,27.0,10.0,25.0,2.0,2.0,10.0,30.0,2.0,255.0
214.63227438926697,baseline,4703483,23.0,221.0,168.0,154.0,27.0,10.0,25.0,2.0,2.0,10.0,30.0,2.0,255.0
214.8867335319519,baseline,4703736,23.0,221.0,168.0,155.0,27.0,10.0,25.0,2.0,2.0,10.0,30.0,2.0,255.0
215.13927721977234,baseline,4703990,23.0,221.0,168.0,154.0,27.0,10.0,25.0,2.0,2.0,10.0,30.0,2.0,255.0
215.3936629295349,baseline,4704243,23.0,221.0,168.0,155.0,28.0,10.0,25.0,2.0,2.0,10.0,30.0,2.0,255.0
215.66750025749207,baseline,4704497,23.0,221.0,168.0,154.0,27.0,10.0,25.0,2.0,2.0,10.0,30.0,2.0,255.0
215.8998396396637,baseline,4704750,23.0,221.0,168.0,155.0,28.0,10.0,25.0,2.0,2.0,10.0,30.0,2.0,255.0
216.15397953987122,baseline,4705004,23.0,221.0,168.0,154.0,27.0,10.0,25.0,2.0,2.0,10.0,30.0,2.0,255.0
216.4078996181488,baseline,4705257,23.0,221.0,168.0,155.0,27.0,10.0,25.0,2.0,2.0,10.0,30.0,2.0,255.0
216.6599395275116,baseline,4705510,23.0,221.0,167.0,154.0,27.0,10.0,25.0,2.0,2.0,10.0,30.0,2.0,255.0
216.91698122024536,baseline,4705764,23.0,221.0,168.0,155.0,27.0,10.0,25.0,2.0,2.0,10.0,30.0,2.0,255.0
217.1670548915863,baseline,4706017,23.0,221.0,167.0,154.0,27.0,10.0,25.0,2.0,2.0,10.0,30.0,2.0,255.0
217.4216272830963,baseline,4706271,23.0,221.0,167.0,154.0,27.0,10.0,25.0,2.0,2.0,10.0,30.0,2.0,255.0
217.67539858818054,baseline,4706524,23.0,221.0,167.0,154.0,27.0,10.0,25.0,2.0,2.0,10.0,30.0,2.0,255.0
217.927259683609,baseline,4706778,23.0,221.0,167.0,155.0,27.0,10.0,25.0,2.0,2.0,10.0,30.0,2.0,255.0
218.1807243824005,baseline,4707031,23.0,221.0,167.0,154.0,27.0,10.0,25.0,2.0,2.0,10.0,30.0,2.0,255.0
218.43398880958557,baseline,4707284,23.0,221.0,167.0,155.0,27.0,11.0,25.0,2.0,2.0,10.0,30.0,2.0,255.0
218.686749458313,baseline,4707537,23.0,221.0,167.0,154.0,27.0,10.0,25.0,2.0,2.0,10.0,30.0,2.0,255.0
218.9415307044983,baseline,4707791,23.0,221.0,167.0,154.0,27.0,10.0,25.0,2.0,2.0,10.0,30.0,2.0,255.0
219.19405841827393,baseline,4708044,23.0,221.0,167.0,154.0,27.0,10.0,25.0,2.0,2.0,10.0,30.0,2.0,255.0
219.44790363311768,baseline,4708297,23.0,221.0,167.0,154.0,27.0,10.0,25.0,2.0,2.0,10.0,30.0,2.0,255.0
219.70148301124573,baseline,4708551,23.0,221.0,167.0,154.0,27.0,10.0,25.0,2.0,2.0,10.0,30.0,2.0,255.0
219.95419025421143,baseline,4708804,23.0,221.0,167.0,154.0,27.0,10.0,25.0,2.0,2.0,10.0,30.0,2.0,255.0
220.20805644989014,baseline,4709058,23.0,221.0,167.0,153.0,27.0,10.0,25.0,2.0,2.0,10.0,30.0,2.0,255.0
220.46116375923157,baseline,4709311,23.0,221.0,167.0,154.0,27.0,10.0,25.0,2.0,2.0,10.0,30.0,2.0,255.0
220.71548748016357,baseline,4709565,23.0,220.0,167.0,153.0,27.0,10.0,25.0,2.0,2.0,10.0,30.0,2.0,255.0
220.967711687088,baseline,4709818,23.0,221.0,167.0,154.0,27.0,10.0,25.0,2.0,2.0,10.0,30.0,2.0,255.0
221.22176551818848,baseline,4710072,23.0,220.0,167.0,153.0,27.0,10.0,25.0,2.0,2.0,10.0,30.0,2.0,255.0
221.47528553009033,baseline,4710325,23.0,221.0,167.0,154.0,27.0,10.0,25.0,2.0,2.0,10.0,30.0,2.0,255.0
221.7281551361084,baseline,4710578,23.0,220.0,167.0,153.0,27.0,10.0,25.0,2.0,2.0,10.0,30.0,2.0,255.0
221.98169493675232,baseline,4710832,23.0,221.0,167.0,154.0,27.0,10.0,25.0,2.0,2.0,10.0,30.0,2.0,255.0
222.23500728607178,baseline,4711085,23.0,220.0,167.0,153.0,27.0,10.0,25.0,2.0,2.0,10.0,30.0,2.0,255.0
222.4881317615509,baseline,4711339,23.0,221.0,167.0,154.0,27.0,10.0,25.0,2.0,2.0,10.0,30.0,2.0,255.0
222.7424509525299,baseline,4711591,23.0,221.0,167.0,153.0,27.0,10.0,25.0,2.0,2.0,10.0,30.0,2.0,255.0
222.99483513832092,baseline,4711845,23.0,221.0,167.0,154.0,27.0,10.0,25.0,2.0,2.0,10.0,30.0,2.0,255.0
223.26388454437256,baseline,4712098,23.0,220.0,167.0,153.0,27.0,10.0,25.0,2.0,2.0,10.0,30.0,2.0,255.0
223.50261569023132,baseline,4712352,23.0,221.0,167.0,154.0,27.0,11.0,25.0,2.0,2.0,10.0,30.0,2.0,255.0
223.75511002540588,baseline,4712605,23.0,220.0,167.0,153.0,27.0,10.0,25.0,2.0,2.0,10.0,30.0,2.0,255.0
224.00936031341553,baseline,4712858,23.0,221.0,167.0,154.0,27.0,10.0,25.0,2.0,2.0,10.0,30.0,2.0,255.0
224.26300263404846,baseline,4713112,23.0,221.0,167.0,153.0,27.0,10.0,25.0,2.0,2.0,10.0,30.0,2.0,255.0
224.5152451992035,baseline,4713365,23.0,221.0,167.0,154.0,27.0,10.0,25.0,2.0,2.0,10.0,30.0,2.0,255.0
224.77028346061707,baseline,4713619,23.0,221.0,167.0,153.0,27.0,10.0,25.0,2.0,2.0,10.0,30.0,2.0,255.0
225.02230381965637,baseline,4713872,23.0,221.0,167.0,154.0,27.0,10.0,25.0,2.0,2.0,10.0,30.0,2.0,255.0
225.27698349952698,baseline,4714126,23.0,221.0,167.0,153.0,27.0,10.0,25.0,2.0,2.0,10.0,30.0,2.0,255.0
225.53050231933594,baseline,4714379,23.0,221.0,167.0,154.0,27.0,10.0,25.0,2.0,2.0,10.0,30.0,2.0,255.0
225.78232622146606,baseline,4714633,23.0,220.0,166.0,153.0,27.0,10.0,25.0,2.0,2.0,10.0,30.0,2.0,255.0
226.03726744651794,baseline,4714886,23.0,221.0,167.0,153.0,27.0,10.0,25.0,2.0,2.0,10.0,30.0,2.0,255.0
226.2899079322815,baseline,4715139,23.0,220.0,166.0,153.0,27.0,10.0,25.0,2.0,2.0,10.0,30.0,2.0,255.0
226.54372239112854,baseline,4715393,23.0,221.0,167.0,153.0,27.0,10.0,25.0,2.0,2.0,10.0,30.0,2.0,255.0
226.7974443435669,baseline,4715645,23.0,220.0,166.0,153.0,27.0,10.0,25.0,2.0,2.0,10.0,30.0,2.0,255.0
227.04990649223328,baseline,4715899,23.0,221.0,167.0,154.0,27.0,10.0,25.0,2.0,2.0,10.0,30.0,2.0,255.0
227.32423162460327,baseline,4716152,23.0,221.0,166.0,153.0,27.0,10.0,25.0,2.0,2.0,10.0,30.0,2.0,255.0
227.55650448799133,baseline,4716406,23.0,221.0,167.0,153.0,27.0,10.0,25.0,2.0,2.0,10.0,30.0,2.0,255.0
227.80978918075562,baseline,4716659,23.0,221.0,167.0,153.0,27.0,10.0,25.0,2.0,2.0,10.0,30.0,2.0,255.0
228.0640208721161,baseline,4716913,23.0,221.0,167.0,153.0,27.0,10.0,25.0,2.0,2.0,10.0,30.0,2.0,255.0
228.31784057617188,baseline,4717166,23.0,221.0,167.0,153.0,27.0,10.0,25.0,2.0,2.0,10.0,30.0,2.0,255.0
228.57108116149902,baseline,4717419,23.0,221.0,167.0,153.0,27.0,10.0,25.0,2.0,2.0,10.0,30.0,2.0,255.0
228.82380843162537,baseline,4717673,23.0,221.0,167.0,153.0,27.0,10.0,25.0,2.0,2.0,10.0,30.0,2.0,255.0
229.07755255699158,baseline,4717926,23.0,221.0,167.0,154.0,27.0,10.0,25.0,2.0,2.0,10.0,30.0,2.0,255.0
229.3317894935608,baseline,4718180,23.0,221.0,167.0,153.0,27.0,10.0,25.0,2.0,2.0,10.0,30.0,2.0,255.0
229.58519172668457,baseline,4718433,23.0,221.0,167.0,154.0,27.0,10.0,25.0,2.0,2.0,10.0,30.0,2.0,255.0
229.84062004089355,baseline,4718687,23.0,221.0,167.0,153.0,27.0,10.0,25.0,2.0,2.0,10.0,30.0,2.0,255.0
230.092839717865,baseline,4718940,23.0,221.0,167.0,154.0,27.0,10.0,25.0,2.0,2.0,10.0,30.0,2.0,255.0
230.34476327896118,baseline,4719194,23.0,221.0,167.0,153.0,27.0,10.0,25.0,2.0,2.0,10.0,30.0,2.0,255.0
230.59854817390442,baseline,4719447,23.0,221.0,167.0,154.0,27.0,10.0,25.0,2.0,2.0,10.0,30.0,2.0,255.0
230.85183787345886,baseline,4719699,23.0,221.0,167.0,153.0,27.0,10.0,25.0,2.0,2.0,10.0,30.0,2.0,255.0
231.10688185691833,baseline,4719953,23.0,221.0,167.0,153.0,27.0,10.0,25.0,2.0,2.0,10.0,30.0,2.0,255.0
231.3585069179535,baseline,4720206,23.0,221.0,167.0,153.0,27.0,10.0,25.0,2.0,2.0,10.0,30.0,2.0,255.0
231.61167740821838,baseline,4720460,23.0,221.0,167.0,154.0,27.0,10.0,25.0,2.0,2.0,10.0,30.0,2.0,255.0
231.86659049987793,baseline,4720713,23.0,221.0,167.0,153.0,27.0,10.0,25.0,2.0,2.0,10.0,30.0,2.0,255.0
232.1198136806488,baseline,4720967,23.0,222.0,167.0,153.0,28.0,10.0,25.0,2.0,2.0,10.0,30.0,2.0,255.0
232.37221097946167,baseline,4721220,23.0,221.0,167.0,153.0,27.0,10.0,25.0,2.0,2.0,10.0,30.0,2.0,255.0
232.6263508796692,baseline,4721474,23.0,221.0,167.0,154.0,27.0,10.0,25.0,2.0,2.0,10.0,30.0,2.0,255.0
232.87994194030762,baseline,4721727,23.0,222.0,167.0,153.0,27.0,10.0,25.0,2.0,2.0,10.0,30.0,2.0,255.0
233.133207321167,baseline,4721980,23.0,222.0,167.0,154.0,27.0,10.0,25.0,2.0,2.0,10.0,30.0,2.0,255.0
233.40675020217896,baseline,4722234,23.0,222.0,167.0,153.0,27.0,10.0,25.0,2.0,2.0,10.0,30.0,2.0,255.0
233.63870239257812,baseline,4722487,23.0,222.0,167.0,154.0,27.0,10.0,25.0,2.0,2.0,10.0,30.0,2.0,255.0
233.89297080039978,baseline,4722741,23.0,222.0,167.0,153.0,27.0,10.0,25.0,2.0,2.0,10.0,30.0,2.0,255.0
234.14642691612244,baseline,4722994,23.0,222.0,168.0,154.0,28.0,10.0,25.0,2.0,2.0,10.0,30.0,2.0,255.0
234.40067148208618,baseline,4723248,23.0,222.0,167.0,153.0,27.0,10.0,25.0,2.0,2.0,10.0,30.0,2.0,255.0
234.6539318561554,baseline,4723501,23.0,222.0,167.0,154.0,27.0,11.0,25.0,2.0,2.0,10.0,30.0,2.0,255.0
234.9056351184845,baseline,4723755,23.0,222.0,167.0,153.0,27.0,10.0,25.0,2.0,2.0,10.0,30.0,2.0,255.0
235.16497206687927,baseline,4724007,23.0,222.0,167.0,154.0,27.0,10.0,25.0,2.0,2.0,10.0,30.0,2.0,255.0
235.41424250602722,baseline,4724260,23.0,222.0,167.0,153.0,27.0,10.0,25.0,2.0,2.0,10.0,30.0,2.0,255.0
235.66692304611206,baseline,4724514,23.0,222.0,167.0,153.0,27.0,10.0,25.0,2.0,2.0,10.0,30.0,2.0,255.0
235.91976022720337,baseline,4724767,23.0,222.0,167.0,153.0,27.0,10.0,25.0,2.0,2.0,10.0,30.0,2.0,255.0
236.17396688461304,baseline,4725021,23.0,222.0,167.0,154.0,27.0,10.0,25.0,2.0,2.0,10.0,30.0,2.0,255.0
236.42782378196716,baseline,4725274,23.0,222.0,167.0,153.0,27.0,10.0,25.0,2.0,2.0,10.0,30.0,2.0,255.0
236.6800696849823,baseline,4725528,23.0,222.0,167.0,153.0,27.0,10.0,25.0,2.0,2.0,10.0,30.0,2.0,255.0
236.93316984176636,baseline,4725781,23.0,222.0,167.0,153.0,27.0,10.0,25.0,2.0,2.0,10.0,30.0,2.0,255.0
237.18700194358826,baseline,4726035,23.0,222.0,167.0,153.0,27.0,10.0,25.0,2.0,2.0,10.0,30.0,2.0,255.0
237.44030928611755,baseline,4726288,23.0,222.0,167.0,153.0,27.0,10.0,25.0,2.0,2.0,10.0,30.0,2.0,255.0
237.69472193717957,baseline,4726541,23.0,222.0,167.0,153.0,27.0,10.0,25.0,2.0,2.0,10.0,30.0,2.0,255.0
237.9476821422577,baseline,4726795,23.0,221.0,167.0,153.0,27.0,10.0,25.0,2.0,2.0,10.0,30.0,2.0,255.0
238.2002878189087,baseline,4727048,23.0,222.0,167.0,153.0,27.0,10.0,25.0,2.0,2.0,10.0,30.0,2.0,255.0
238.45416498184204,baseline,4727302,23.0,221.0,167.0,153.0,27.0,10.0,25.0,2.0,2.0,10.0,30.0,2.0,255.0
238.70731663703918,baseline,4727555,23.0,222.0,167.0,153.0,27.0,10.0,25.0,2.0,2.0,10.0,30.0,2.0,255.0
238.96117496490479,baseline,4727809,23.0,221.0,167.0,153.0,27.0,10.0,25.0,2.0,2.0,10.0,30.0,2.0,255.0
239.21410298347473,baseline,4728061,23.0,221.0,167.0,153.0,27.0,10.0,25.0,2.0,2.0,10.0,30.0,2.0,255.0
239.46755170822144,baseline,4728315,23.0,221.0,167.0,152.0,27.0,10.0,25.0,2.0,2.0,10.0,30.0,2.0,255.0
239.72095942497253,baseline,4728568,23.0,221.0,167.0,153.0,27.0,10.0,25.0,2.0,2.0,10.0,30.0,2.0,255.0
239.9744815826416,baseline,4728821,23.0,221.0,167.0,153.0,27.0,10.0,25.0,2.0,2.0,10.0,30.0,2.0,255.0
240.2272756099701,baseline,4729075,23.0,221.0,167.0,153.0,27.0,10.0,25.0,2.0,2.0,10.0,30.0,2.0,255.0
240.48182797431946,baseline,4729328,23.0,220.0,166.0,152.0,27.0,10.0,25.0,2.0,2.0,10.0,30.0,2.0,255.0
240.75499844551086,baseline,4729582,23.0,220.0,166.0,153.0,27.0,10.0,25.0,2.0,2.0,10.0,30.0,2.0,255.0
240.9878478050232,baseline,4729835,23.0,220.0,166.0,152.0,27.0,10.0,25.0,2.0,2.0,10.0,30.0,2.0,255.0
241.2419605255127,baseline,4730089,23.0,220.0,166.0,153.0,27.0,11.0,25.0,2.0,2.0,10.0,30.0,2.0,255.0
241.4943323135376,baseline,4730342,23.0,220.0,166.0,152.0,27.0,10.0,25.0,2.0,2.0,10.0,30.0,2.0,255.0
241.7481644153595,baseline,4730596,23.0,220.0,166.0,153.0,27.0,10.0,25.0,2.0,2.0,10.0,30.0,2.0,255.0
242.0014386177063,baseline,4730849,23.0,220.0,166.0,152.0,27.0,10.0,25.0,2.0,2.0,10.0,30.0,2.0,255.0
242.25505876541138,baseline,4731102,23.0,220.0,166.0,153.0,27.0,10.0,25.0,2.0,2.0,10.0,30.0,2.0,255.0
242.5082824230194,baseline,4731356,23.0,220.0,166.0,152.0,27.0,10.0,25.0,2.0,2.0,10.0,30.0,2.0,255.0
242.76213598251343,baseline,4731609,23.0,220.0,167.0,153.0,27.0,10.0,25.0,2.0,2.0,10.0,30.0,2.0,255.0
243.01519870758057,baseline,4731863,23.0,220.0,166.0,152.0,27.0,10.0,25.0,2.0,2.0,10.0,30.0,2.0,255.0
243.26956701278687,baseline,4732115,23.0,220.0,166.0,153.0,27.0,10.0,25.0,2.0,2.0,10.0,30.0,2.0,255.0
243.52257013320923,baseline,4732369,23.0,220.0,166.0,152.0,27.0,10.0,25.0,2.0,2.0,10.0,30.0,2.0,255.0
243.77532076835632,baseline,4732622,23.0,220.0,166.0,153.0,27.0,10.0,25.0,2.0,2.0,10.0,30.0,2.0,255.0
244.02845644950867,baseline,4732876,23.0,220.0,166.0,152.0,27.0,10.0,25.0,2.0,2.0,10.0,30.0,2.0,255.0
244.28275680541992,baseline,4733129,23.0,220.0,166.0,153.0,27.0,10.0,25.0,2.0,2.0,10.0,30.0,2.0,255.0
244.53573298454285,baseline,4733382,23.0,220.0,166.0,152.0,27.0,10.0,25.0,2.0,2.0,10.0,30.0,2.0,255.0
244.78957176208496,baseline,4733636,23.0,220.0,167.0,153.0,27.0,10.0,25.0,2.0,2.0,10.0,30.0,2.0,255.0
245.0424153804779,baseline,4733889,23.0,220.0,166.0,152.0,27.0,10.0,25.0,2.0,2.0,10.0,30.0,2.0,255.0
245.2953531742096,baseline,4734143,23.0,220.0,167.0,153.0,27.0,10.0,25.0,2.0,2.0,10.0,30.0,2.0,255.0
245.55097365379333,baseline,4734396,23.0,220.0,166.0,152.0,27.0,10.0,25.0,2.0,2.0,10.0,30.0,2.0,255.0
245.8028712272644,baseline,4734650,23.0,220.0,167.0,153.0,27.0,10.0,25.0,2.0,2.0,10.0,30.0,2.0,255.0
246.0558156967163,baseline,4734903,23.0,220.0,166.0,152.0,27.0,10.0,25.0,2.0,2.0,10.0,30.0,2.0,255.0
246.30973863601685,baseline,4735157,23.0,220.0,167.0,153.0,27.0,10.0,25.0,2.0,2.0,10.0,30.0,2.0,255.0
246.56314492225647,baseline,4735410,23.0,220.0,166.0,152.0,27.0,10.0,25.0,2.0,2.0,10.0,30.0,2.0,255.0
246.81706261634827,baseline,4735663,23.0,220.0,167.0,153.0,27.0,10.0,25.0,2.0,2.0,10.0,30.0,2.0,255.0
247.0699520111084,baseline,4735917,23.0,220.0,167.0,152.0,27.0,10.0,25.0,2.0,2.0,10.0,30.0,2.0,255.0
247.32303047180176,baseline,4736169,23.0,220.0,167.0,153.0,27.0,10.0,25.0,2.0,2.0,10.0,30.0,2.0,255.0
247.57710146903992,baseline,4736423,23.0,220.0,167.0,152.0,27.0,10.0,25.0,2.0,2.0,10.0,30.0,2.0,255.0
247.82982850074768,baseline,4736676,23.0,220.0,167.0,153.0,27.0,10.0,25.0,2.0,2.0,10.0,30.0,2.0,255.0
248.0839867591858,baseline,4736930,23.0,220.0,167.0,152.0,27.0,10.0,25.0,2.0,2.0,10.0,30.0,2.0,255.0
248.33719110488892,baseline,4737183,23.0,221.0,167.0,153.0,27.0,10.0,25.0,2.0,2.0,10.0,30.0,2.0,255.0
248.58999371528625,baseline,4737437,23.0,220.0,167.0,153.0,27.0,10.0,25.0,2.0,2.0,10.0,30.0,2.0,255.0
248.8436050415039,baseline,4737690,23.0,220.0,167.0,153.0,27.0,10.0,25.0,2.0,2.0,10.0,30.0,2.0,255.0
249.0968885421753,baseline,4737944,23.0,220.0,167.0,152.0,27.0,10.0,25.0,2.0,2.0,10.0,30.0,2.0,255.0
249.35126781463623,baseline,4738197,23.0,221.0,167.0,153.0,27.0,10.0,25.0,2.0,2.0,10.0,30.0,2.0,255.0
249.60419821739197,baseline,4738450,23.0,221.0,167.0,152.0,27.0,10.0,25.0,2.0,2.0,10.0,30.0,2.0,255.0
249.85725927352905,baseline,4738704,23.0,221.0,167.0,153.0,27.0,10.0,25.0,2.0,2.0,10.0,30.0,2.0,255.0
250.11167812347412,baseline,4738957,23.0,221.0,167.0,153.0,27.0,10.0,25.0,2.0,2.0,10.0,30.0,2.0,255.0
250.36491131782532,baseline,4739211,23.0,221.0,167.0,153.0,27.0,10.0,25.0,2.0,2.0,10.0,30.0,2.0,255.0
250.61764073371887,baseline,4739464,23.0,221.0,167.0,153.0,27.0,10.0,25.0,2.0,2.0,10.0,30.0,2.0,255.0
250.87134051322937,baseline,4739718,23.0,221.0,168.0,153.0,27.0,10.0,25.0,2.0,2.0,10.0,30.0,2.0,255.0
251.12407803535461,baseline,4739971,23.0,222.0,167.0,153.0,27.0,10.0,25.0,2.0,2.0,10.0,30.0,2.0,255.0
251.37843298912048,baseline,4740225,23.0,222.0,168.0,154.0,27.0,10.0,25.0,2.0,2.0,10.0,30.0,2.0,255.0
251.6313397884369,baseline,4740477,23.0,222.0,167.0,153.0,27.0,10.0,25.0,2.0,2.0,10.0,30.0,2.0,255.0
251.88447666168213,baseline,4740730,23.0,222.0,168.0,153.0,27.0,10.0,25.0,2.0,2.0,10.0,30.0,2.0,255.0
252.13910794258118,baseline,4740984,23.0,222.0,168.0,153.0,27.0,10.0,25.0,2.0,2.0,10.0,30.0,2.0,255.0
252.3920123577118,baseline,4741237,23.0,222.0,168.0,154.0,27.0,10.0,25.0,2.0,2.0,10.0,30.0,2.0,255.0
252.6455156803131,baseline,4741491,23.0,222.0,168.0,153.0,27.0,10.0,25.0,2.0,2.0,10.0,30.0,2.0,255.0
252.89845275878906,baseline,4741744,23.0,222.0,168.0,154.0,27.0,10.0,25.0,2.0,2.0,10.0,30.0,2.0,255.0
253.1516981124878,baseline,4741998,23.0,222.0,168.0,153.0,27.0,10.0,25.0,2.0,2.0,10.0,30.0,2.0,255.0
253.40557718276978,baseline,4742251,23.0,222.0,168.0,153.0,28.0,10.0,25.0,2.0,2.0,10.0,30.0,2.0,255.0
253.65883708000183,baseline,4742505,23.0,222.0,168.0,153.0,27.0,10.0,25.0,2.0,2.0,10.0,30.0,2.0,255.0
253.91222381591797,baseline,4742758,23.0,222.0,168.0,153.0,27.0,10.0,25.0,2.0,2.0,10.0,30.0,2.0,255.0
254.16584634780884,baseline,4743011,23.0,222.0,168.0,152.0,27.0,10.0,25.0,2.0,2.0,10.0,30.0,2.0,255.0
254.41965174674988,baseline,4743265,23.0,222.0,168.0,154.0,27.0,10.0,25.0,2.0,2.0,10.0,30.0,2.0,255.0
254.67201900482178,baseline,4743518,23.0,222.0,167.0,153.0,27.0,10.0,25.0,2.0,2.0,10.0,30.0,2.0,255.0
254.9256887435913,baseline,4743772,23.0,222.0,168.0,154.0,27.0,10.0,25.0,2.0,2.0,10.0,30.0,2.0,255.0
255.17896819114685,baseline,4744025,23.0,222.0,167.0,153.0,27.0,10.0,25.0,2.0,2.0,10.0,30.0,2.0,255.0
255.43314480781555,baseline,4744279,23.0,223.0,168.0,153.0,27.0,10.0,25.0,2.0,2.0,10.0,30.0,2.0,255.0
255.68675065040588,baseline,4744531,23.0,222.0,168.0,153.0,27.0,10.0,25.0,2.0,2.0,10.0,30.0,2.0,255.0
255.939838886261,baseline,4744785,23.0,223.0,168.0,154.0,27.0,10.0,25.0,2.0,2.0,10.0,30.0,2.0,255.0
256.214271068573,baseline,4745038,23.0,222.0,168.0,153.0,27.0,10.0,25.0,2.0,2.0,10.0,30.0,2.0,255.0
256.44609212875366,baseline,4745291,23.0,223.0,168.0,154.0,27.0,10.0,25.0,2.0,2.0,10.0,30.0,2.0,255.0
256.7007999420166,baseline,4745545,23.0,223.0,168.0,153.0,27.0,10.0,25.0,2.0,2.0,10.0,30.0,2.0,255.0
256.9529755115509,baseline,4745798,23.0,223.0,168.0,154.0,27.0,10.0,25.0,2.0,2.0,10.0,30.0,2.0,255.0
257.20981073379517,baseline,4746052,23.0,223.0,168.0,153.0,27.0,10.0,25.0,2.0,2.0,10.0,30.0,2.0,255.0
257.46085476875305,baseline,4746305,23.0,223.0,168.0,154.0,27.0,10.0,25.0,2.0,2.0,10.0,30.0,2.0,255.0
257.7132041454315,baseline,4746559,24.0,223.0,168.0,153.0,27.0,10.0,25.0,2.0,2.0,10.0,30.0,2.0,255.0
257.9687626361847,baseline,4746812,24.0,223.0,168.0,154.0,27.0,10.0,25.0,2.0,2.0,10.0,30.0,2.0,255.0
258.2209005355835,baseline,4747066,23.0,223.0,168.0,153.0,27.0,10.0,25.0,2.0,2.0,10.0,30.0,2.0,255.0
258.4748091697693,baseline,4747319,23.0,223.0,168.0,154.0,27.0,10.0,25.0,2.0,2.0,10.0,30.0,2.0,255.0
258.7272090911865,baseline,4747572,23.0,223.0,168.0,153.0,27.0,10.0,25.0,2.0,2.0,10.0,30.0,2.0,255.0
258.9799461364746,baseline,4747826,23.0,223.0,168.0,154.0,27.0,10.0,25.0,2.0,2.0,10.0,30.0,2.0,255.0
259.23503947257996,baseline,4748079,23.0,223.0,168.0,153.0,27.0,10.0,25.0,2.0,2.0,10.0,30.0,2.0,255.0
259.48823976516724,baseline,4748333,24.0,223.0,168.0,154.0,27.0,10.0,25.0,2.0,2.0,10.0,30.0,2.0,255.0
259.74046206474304,baseline,4748585,23.0,223.0,168.0,153.0,27.0,10.0,25.0,2.0,2.0,10.0,30.0,2.0,255.0
259.9942286014557,baseline,4748839,23.0,224.0,168.0,154.0,27.0,10.0,25.0,2.0,2.0,10.0,30.0,2.0,255.0
260.24963760375977,baseline,4749092,23.0,223.0,168.0,153.0,27.0,10.0,25.0,2.0,2.0,10.0,30.0,2.0,255.0
260.5021777153015,baseline,4749346,23.0,224.0,168.0,154.0,27.0,10.0,25.0,2.0,2.0,10.0,30.0,2.0,255.0
260.75464701652527,baseline,4749599,23.0,223.0,168.0,153.0,27.0,10.0,25.0,2.0,2.0,10.0,30.0,2.0,255.0
261.00724625587463,baseline,4749852,24.0,223.0,168.0,154.0,27.0,10.0,25.0,2.0,2.0,10.0,30.0,2.0,255.0
261.2616355419159,baseline,4750106,23.0,223.0,168.0,153.0,27.0,10.0,25.0,2.0,2.0,10.0,30.0,2.0,255.0
261.51473355293274,baseline,4750359,24.0,224.0,168.0,154.0,27.0,10.0,25.0,2.0,2.0,10.0,30.0,2.0,255.0
261.7688846588135,baseline,4750613,23.0,223.0,168.0,153.0,27.0,10.0,25.0,2.0,2.0,10.0,30.0,2.0,255.0
262.02155900001526,baseline,4750866,23.0,224.0,168.0,154.0,27.0,10.0,25.0,2.0,2.0,10.0,30.0,2.0,255.0
262.29458355903625,baseline,4751120,23.0,223.0,168.0,153.0,27.0,10.0,25.0,2.0,2.0,10.0,30.0,2.0,255.0
262.52901911735535,baseline,4751373,23.0,224.0,168.0,154.0,27.0,10.0,25.0,2.0,2.0,10.0,30.0,2.0,255.0
262.7819981575012,baseline,4751627,23.0,224.0,168.0,153.0,27.0,10.0,25.0,2.0,2.0,10.0,30.0,2.0,255.0
263.03562211990356,baseline,4751880,23.0,224.0,168.0,154.0,27.0,10.0,25.0,2.0,2.0,10.0,30.0,2.0,255.0
263.2886302471161,baseline,4752133,23.0,224.0,168.0,153.0,27.0,10.0,25.0,2.0,2.0,10.0,30.0,2.0,255.0
263.54217648506165,baseline,4752387,23.0,224.0,168.0,154.0,27.0,10.0,25.0,2.0,2.0,10.0,30.0,2.0,255.0
263.7961781024933,baseline,4752640,23.0,223.0,168.0,153.0,27.0,10.0,25.0,2.0,2.0,10.0,30.0,2.0,255.0
264.0491552352905,baseline,4752893,23.0,224.0,168.0,154.0,27.0,10.0,25.0,2.0,2.0,10.0,30.0,2.0,255.0
264.3016483783722,baseline,4753146,23.0,223.0,168.0,153.0,27.0,10.0,25.0,2.0,2.0,10.0,30.0,2.0,255.0
264.55586194992065,baseline,4753400,23.0,224.0,168.0,154.0,27.0,10.0,25.0,2.0,2.0,10.0,30.0,2.0,255.0
264.808837890625,baseline,4753653,23.0,223.0,168.0,153.0,27.0,10.0,25.0,2.0,2.0,10.0,30.0,2.0,255.0
265.0628526210785,baseline,4753907,23.0,223.0,168.0,154.0,27.0,10.0,25.0,2.0,2.0,10.0,30.0,2.0,255.0
265.31591415405273,baseline,4754160,23.0,223.0,168.0,153.0,27.0,10.0,25.0,2.0,2.0,10.0,30.0,2.0,255.0
265.56946873664856,baseline,4754413,23.0,223.0,168.0,154.0,27.0,10.0,25.0,2.0,2.0,10.0,30.0,2.0,255.0
265.8232057094574,baseline,4754667,23.0,223.0,168.0,153.0,27.0,10.0,25.0,2.0,2.0,10.0,30.0,2.0,255.0
266.0764605998993,baseline,4754920,23.0,223.0,168.0,154.0,27.0,10.0,25.0,2.0,2.0,10.0,30.0,2.0,255.0
266.3313069343567,baseline,4755174,23.0,223.0,168.0,153.0,27.0,10.0,25.0,2.0,2.0,10.0,30.0,2.0,255.0
266.58325600624084,baseline,4755427,23.0,223.0,168.0,154.0,28.0,10.0,25.0,2.0,2.0,10.0,30.0,2.0,255.0
266.83881306648254,baseline,4755681,23.0,223.0,168.0,153.0,27.0,10.0,25.0,2.0,2.0,10.0,30.0,2.0,255.0
267.0907726287842,baseline,4755934,23.0,223.0,168.0,154.0,27.0,10.0,25.0,2.0,2.0,10.0,30.0,2.0,255.0
267.3438699245453,baseline,4756188,23.0,222.0,167.0,153.0,27.0,10.0,25.0,2.0,2.0,10.0,30.0,2.0,255.0
267.5983302593231,baseline,4756441,23.0,223.0,168.0,154.0,27.0,10.0,25.0,2.0,2.0,10.0,30.0,2.0,255.0
267.85108613967896,baseline,4756694,23.0,222.0,167.0,153.0,27.0,10.0,25.0,2.0,2.0,10.0,30.0,2.0,255.0
268.10362124443054,baseline,4756947,23.0,223.0,168.0,154.0,27.0,10.0,25.0,2.0,2.0,10.0,30.0,2.0,255.0
268.35816192626953,baseline,4757200,23.0,222.0,167.0,153.0,27.0,10.0,25.0,2.0,2.0,10.0,30.0,2.0,255.0
268.61117362976074,baseline,4757454,23.0,222.0,168.0,154.0,27.0,10.0,25.0,2.0,2.0,10.0,30.0,2.0,255.0
268.86298084259033,baseline,4757707,23.0,222.0,167.0,154.0,27.0,10.0,25.0,2.0,2.0,10.0,30.0,2.0,255.0
269.1176788806915,baseline,4757961,23.0,222.0,168.0,154.0,28.0,10.0,25.0,2.0,2.0,10.0,30.0,2.0,255.0
269.3706946372986,baseline,4758214,23.0,222.0,167.0,153.0,27.0,10.0,25.0,2.0,2.0,10.0,30.0,2.0,255.0
269.62480115890503,baseline,4758468,23.0,222.0,168.0,154.0,27.0,10.0,25.0,2.0,2.0,10.0,30.0,2.0,255.0
269.8773477077484,baseline,4758721,23.0,222.0,167.0,153.0,27.0,10.0,25.0,2.0,2.0,10.0,30.0,2.0,255.0
270.13092708587646,baseline,4758974,23.0,222.0,168.0,154.0,28.0,10.0,25.0,2.0,2.0,10.0,30.0,2.0,255.0
270.3848021030426,baseline,4759228,23.0,222.0,168.0,154.0,27.0,10.0,25.0,2.0,2.0,10.0,30.0,2.0,255.0
270.6379940509796,baseline,4759481,23.0,222.0,168.0,154.0,27.0,10.0,25.0,2.0,2.0,10.0,30.0,2.0,255.0
270.8926348686218,baseline,4759735,23.0,222.0,168.0,154.0,27.0,10.0,25.0,2.0,2.0,10.0,30.0,2.0,255.0
271.1445631980896,baseline,4759988,23.0,222.0,168.0,154.0,27.0,10.0,25.0,2.0,2.0,10.0,30.0,2.0,255.0
271.3975987434387,baseline,4760242,23.0,222.0,168.0,154.0,27.0,10.0,25.0,2.0,2.0,10.0,30.0,2.0,255.0
271.653746843338,baseline,4760495,23.0,222.0,168.0,154.0,27.0,10.0,25.0,2.0,2.0,10.0,30.0,2.0,255.0
271.9050841331482,baseline,4760749,23.0,222.0,168.0,153.0,27.0,10.0,25.0,2.0,2.0,10.0,30.0,2.0,255.0
272.1591136455536,baseline,4761001,23.0,222.0,168.0,154.0,27.0,10.0,25.0,2.0,2.0,10.0,30.0,2.0,255.0
272.41201996803284,baseline,4761254,23.0,222.0,167.0,153.0,27.0,10.0,25.0,2.0,2.0,10.0,30.0,2.0,255.0
272.6649868488312,baseline,4761508,23.0,222.0,168.0,154.0,27.0,10.0,25.0,2.0,2.0,10.0,30.0,2.0,255.0
272.93111991882324,baseline,4761761,23.0,222.0,167.0,153.0,27.0,10.0,25.0,2.0,2.0,10.0,30.0,2.0,255.0
273.1719753742218,baseline,4762015,23.0,222.0,168.0,154.0,27.0,10.0,25.0,2.0,2.0,10.0,30.0,2.0,255.0
273.42472195625305,baseline,4762268,23.0,222.0,168.0,153.0,27.0,10.0,25.0,2.0,2.0,10.0,30.0,2.0,255.0
273.678341627121,baseline,4762522,23.0,222.0,168.0,154.0,27.0,10.0,25.0,2.0,2.0,10.0,30.0,2.0,255.0
273.93177318573,baseline,4762775,23.0,222.0,168.0,153.0,27.0,10.0,25.0,2.0,2.0,10.0,30.0,2.0,255.0
274.18576645851135,baseline,4763029,23.0,222.0,168.0,154.0,27.0,10.0,25.0,2.0,2.0,10.0,30.0,2.0,255.0
274.4381694793701,baseline,4763282,23.0,222.0,168.0,154.0,27.0,10.0,25.0,2.0,2.0,10.0,30.0,2.0,255.0
274.69126868247986,baseline,4763535,23.0,222.0,168.0,154.0,28.0,10.0,25.0,2.0,2.0,10.0,30.0,2.0,255.0
274.9460380077362,baseline,4763789,23.0,222.0,168.0,154.0,27.0,10.0,25.0,2.0,2.0,10.0,30.0,2.0,255.0
275.19783425331116,baseline,4764042,23.0,222.0,168.0,154.0,27.0,10.0,25.0,2.0,2.0,10.0,30.0,2.0,255.0
275.4524772167206,baseline,4764296,23.0,222.0,168.0,154.0,27.0,10.0,25.0,2.0,2.0,10.0,30.0,2.0,255.0
275.7048509120941,baseline,4764549,23.0,222.0,168.0,154.0,27.0,10.0,25.0,2.0,2.0,10.0,30.0,2.0,255.0
275.9580030441284,baseline,4764803,23.0,222.0,168.0,154.0,27.0,10.0,25.0,2.0,2.0,10.0,30.0,2.0,255.0
276.21199798583984,baseline,4765056,23.0,222.0,168.0,154.0,28.0,10.0,25.0,2.0,2.0,10.0,30.0,2.0,255.0
276.465283870697,baseline,4765309,23.0,222.0,168.0,154.0,27.0,10.0,25.0,2.0,2.0,10.0,30.0,2.0,255.0
276.7188789844513,baseline,4765562,23.0,222.0,168.0,154.0,27.0,10.0,25.0,2.0,2.0,10.0,30.0,2.0,255.0
276.97399616241455,baseline,4765815,23.0,222.0,168.0,153.0,27.0,10.0,25.0,2.0,2.0,10.0,30.0,2.0,255.0
277.22474908828735,baseline,4766069,23.0,222.0,168.0,154.0,27.0,10.0,25.0,2.0,2.0,10.0,30.0,2.0,255.0
277.4787516593933,baseline,4766322,23.0,222.0,168.0,154.0,27.0,10.0,25.0,2.0,2.0,10.0,30.0,2.0,255.0
277.731680393219,baseline,4766576,23.0,223.0,168.0,154.0,27.0,10.0,25.0,2.0,2.0,10.0,30.0,2.0,255.0
277.98443126678467,baseline,4766829,23.0,222.0,168.0,154.0,27.0,10.0,25.0,2.0,2.0,10.0,30.0,2.0,255.0
278.2384452819824,baseline,4767083,23.0,222.0,168.0,154.0,27.0,10.0,25.0,2.0,2.0,10.0,30.0,2.0,255.0
278.4983329772949,baseline,4767336,23.0,222.0,168.0,154.0,27.0,10.0,25.0,2.0,2.0,10.0,30.0,2.0,255.0
278.7457492351532,baseline,4767590,23.0,222.0,168.0,154.0,27.0,10.0,25.0,2.0,2.0,10.0,30.0,2.0,255.0
278.9983675479889,baseline,4767843,23.0,222.0,168.0,154.0,27.0,10.0,25.0,2.0,2.0,10.0,30.0,2.0,255.0
279.2516975402832,baseline,4768096,23.0,223.0,168.0,155.0,27.0,10.0,25.0,2.0,2.0,10.0,30.0,2.0,255.0
279.50811553001404,baseline,4768350,23.0,223.0,168.0,154.0,27.0,10.0,25.0,2.0,2.0,10.0,30.0,2.0,255.0
279.75882387161255,baseline,4768603,23.0,223.0,168.0,154.0,27.0,10.0,25.0,2.0,2.0,10.0,30.0,2.0,255.0
280.01185965538025,baseline,4768857,23.0,222.0,168.0,154.0,27.0,10.0,25.0,2.0,2.0,10.0,30.0,2.0,255.0
280.2863895893097,baseline,4769110,23.0,222.0,168.0,154.0,27.0,10.0,25.0,2.0,2.0,10.0,30.0,2.0,255.0
280.51830530166626,baseline,4769363,23.0,222.0,168.0,154.0,27.0,10.0,25.0,2.0,2.0,10.0,30.0,2.0,255.0
280.7720217704773,baseline,4769616,23.0,222.0,168.0,154.0,27.0,10.0,25.0,2.0,2.0,10.0,30.0,2.0,255.0
281.0252265930176,baseline,4769870,23.0,222.0,168.0,153.0,27.0,10.0,25.0,2.0,2.0,10.0,30.0,2.0,255.0
281.2789032459259,baseline,4770123,23.0,222.0,168.0,154.0,27.0,10.0,25.0,2.0,2.0,10.0,30.0,2.0,255.0
281.532918214798,baseline,4770376,23.0,222.0,168.0,154.0,27.0,10.0,25.0,2.0,2.0,10.0,30.0,2.0,255.0
281.78553581237793,baseline,4770630,23.0,222.0,168.0,154.0,27.0,10.0,25.0,2.0,2.0,10.0,30.0,2.0,255.0
282.05988097190857,baseline,4770883,23.0,222.0,167.0,153.0,27.0,10.0,25.0,2.0,2.0,10.0,30.0,2.0,255.0
282.2915449142456,baseline,4771137,23.0,222.0,168.0,154.0,27.0,10.0,25.0,2.0,2.0,10.0,30.0,2.0,255.0
282.54795503616333,baseline,4771390,23.0,222.0,167.0,153.0,27.0,10.0,25.0,2.0,2.0,10.0,30.0,2.0,255.0
282.7988226413727,baseline,4771644,23.0,222.0,168.0,154.0,27.0,10.0,25.0,2.0,2.0,10.0,30.0,2.0,255.0
283.0518124103546,baseline,4771897,23.0,222.0,167.0,153.0,27.0,10.0,25.0,2.0,2.0,10.0,30.0,2.0,255.0
283.3058910369873,baseline,4772151,23.0,222.0,167.0,154.0,27.0,10.0,25.0,2.0,2.0,10.0,30.0,2.0,255.0
283.558819770813,baseline,4772404,23.0,222.0,167.0,153.0,27.0,10.0,25.0,2.0,2.0,10.0,30.0,2.0,255.0
283.81168484687805,baseline,4772657,23.0,222.0,167.0,154.0,27.0,10.0,25.0,2.0,2.0,10.0,30.0,2.0,255.0
284.06577491760254,baseline,4772911,23.0,222.0,167.0,153.0,27.0,10.0,25.0,2.0,2.0,10.0,30.0,2.0,255.0
284.31848073005676,baseline,4773164,23.0,222.0,167.0,154.0,27.0,10.0,25.0,2.0,2.0,10.0,30.0,2.0,255.0
284.572571516037,baseline,4773417,23.0,222.0,167.0,153.0,27.0,10.0,25.0,2.0,2.0,10.0,30.0,2.0,255.0
284.82517313957214,baseline,4773670,23.0,222.0,168.0,154.0,27.0,10.0,25.0,2.0,2.0,10.0,30.0,2.0,255.0
285.07895731925964,baseline,4773924,23.0,222.0,168.0,153.0,27.0,10.0,25.0,2.0,2.0,10.0,30.0,2.0,255.0
285.3328115940094,baseline,4774177,23.0,223.0,168.0,154.0,27.0,10.0,25.0,2.0,2.0,10.0,30.0,2.0,255.0
285.58690428733826,baseline,4774431,23.0,223.0,168.0,153.0,27.0,10.0,25.0,2.0,2.0,10.0,30.0,2.0,255.0
285.84440898895264,baseline,4774684,23.0,223.0,168.0,154.0,27.0,10.0,25.0,2.0,2.0,10.0,30.0,2.0,255.0
286.0920042991638,baseline,4774937,23.0,223.0,168.0,154.0,27.0,10.0,25.0,2.0,2.0,10.0,30.0,2.0,255.0
286.3457679748535,baseline,4775191,24.0,223.0,168.0,154.0,28.0,10.0,25.0,2.0,2.0,10.0,30.0,2.0,255.0
286.60142493247986,baseline,4775444,23.0,223.0,168.0,153.0,27.0,10.0,25.0,2.0,2.0,10.0,30.0,2.0,255.0
286.85209369659424,baseline,4775698,23.0,223.0,168.0,154.0,27.0,10.0,25.0,2.0,2.0,10.0,30.0,2.0,255.0
287.10604596138,baseline,4775951,23.0,223.0,168.0,153.0,27.0,10.0,25.0,2.0,2.0,10.0,30.0,2.0,255.0
287.36007714271545,baseline,4776205,24.0,223.0,168.0,154.0,27.0,10.0,25.0,2.0,2.0,10.0,30.0,2.0,255.0
287.61262130737305,baseline,4776458,23.0,223.0,168.0,153.0,27.0,10.0,25.0,2.0,2.0,10.0,30.0,2.0,255.0
287.86608719825745,baseline,4776712,23.0,223.0,168.0,154.0,27.0,10.0,25.0,2.0,2.0,10.0,30.0,2.0,255.0
288.1196458339691,baseline,4776965,23.0,223.0,168.0,153.0,27.0,10.0,25.0,2.0,2.0,10.0,30.0,2.0,255.0
288.3725321292877,baseline,4777218,24.0,223.0,168.0,154.0,27.0,10.0,25.0,2.0,2.0,10.0,30.0,2.0,255.0
288.6298243999481,baseline,4777472,23.0,223.0,167.0,153.0,27.0,10.0,25.0,2.0,2.0,10.0,30.0,2.0,255.0
288.8789565563202,baseline,4777724,23.0,223.0,168.0,154.0,27.0,10.0,25.0,2.0,2.0,10.0,30.0,2.0,255.0
289.1335303783417,baseline,4777978,23.0,223.0,167.0,153.0,27.0,10.0,25.0,2.0,2.0,10.0,30.0,2.0,255.0
289.38567662239075,baseline,4778231,23.0,223.0,167.0,154.0,27.0,10.0,25.0,2.0,2.0,10.0,30.0,2.0,255.0
289.63860988616943,baseline,4778485,23.0,223.0,167.0,153.0,27.0,10.0,25.0,2.0,2.0,10.0,30.0,2.0,255.0
289.8928110599518,baseline,4778738,23.0,223.0,167.0,154.0,27.0,10.0,25.0,2.0,2.0,10.0,30.0,2.0,255.0
290.1459391117096,baseline,4778992,23.0,223.0,167.0,153.0,27.0,10.0,25.0,2.0,2.0,10.0,30.0,2.0,255.0
290.3996877670288,baseline,4779245,23.0,223.0,167.0,154.0,27.0,10.0,25.0,2.0,2.0,10.0,30.0,2.0,255.0
290.6532053947449,baseline,4779499,23.0,223.0,167.0,153.0,27.0,10.0,25.0,2.0,2.0,10.0,30.0,2.0,255.0
290.9063217639923,baseline,4779752,23.0,223.0,167.0,153.0,27.0,10.0,25.0,2.0,2.0,10.0,30.0,2.0,255.0
291.1602876186371,baseline,4780005,23.0,223.0,167.0,153.0,27.0,10.0,25.0,2.0,2.0,10.0,30.0,2.0,255.0
291.41280484199524,baseline,4780259,23.0,223.0,167.0,153.0,27.0,10.0,25.0,2.0,2.0,10.0,30.0,2.0,255.0
291.66636848449707,baseline,4780512,23.0,223.0,167.0,153.0,27.0,10.0,25.0,2.0,2.0,10.0,30.0,2.0,255.0
291.9202973842621,baseline,4780766,23.0,223.0,167.0,153.0,27.0,10.0,25.0,2.0,2.0,10.0,30.0,2.0,255.0
292.17383193969727,baseline,4781019,23.0,223.0,167.0,152.0,27.0,10.0,25.0,2.0,2.0,10.0,30.0,2.0,255.0
292.42743492126465,baseline,4781273,23.0,223.0,167.0,153.0,27.0,10.0,25.0,2.0,2.0,10.0,30.0,2.0,255.0
292.67962169647217,baseline,4781526,23.0,222.0,167.0,153.0,27.0,10.0,25.0,2.0,2.0,10.0,30.0,2.0,255.0
292.9329309463501,baseline,4781779,23.0,223.0,167.0,153.0,27.0,10.0,25.0,2.0,2.0,10.0,30.0,2.0,255.0
293.18728852272034,baseline,4782032,23.0,222.0,167.0,152.0,27.0,10.0,25.0,2.0,2.0,10.0,30.0,2.0,255.0
293.440304517746,baseline,4782285,23.0,223.0,167.0,153.0,27.0,10.0,25.0,2.0,2.0,10.0,30.0,2.0,255.0
293.69397377967834,baseline,4782539,23.0,222.0,167.0,152.0,27.0,10.0,25.0,2.0,2.0,10.0,30.0,2.0,255.0
293.9471871852875,baseline,4782792,23.0,223.0,167.0,153.0,27.0,10.0,25.0,2.0,2.0,10.0,30.0,2.0,255.0
294.1995265483856,baseline,4783046,23.0,222.0,167.0,152.0,27.0,10.0,25.0,2.0,2.0,10.0,30.0,2.0,255.0
294.4540433883667,baseline,4783299,23.0,223.0,167.0,153.0,27.0,10.0,25.0,2.0,2.0,10.0,30.0,2.0,255.0
294.7068557739258,baseline,4783553,23.0,222.0,167.0,153.0,27.0,10.0,25.0,2.0,2.0,10.0,30.0,2.0,255.0
294.96078968048096,baseline,4783806,23.0,223.0,167.0,153.0,27.0,10.0,25.0,2.0,2.0,10.0,30.0,2.0,255.0
295.2155442237854,baseline,4784060,23.0,222.0,167.0,153.0,27.0,10.0,25.0,2.0,2.0,10.0,30.0,2.0,255.0
295.46831250190735,baseline,4784313,23.0,223.0,167.0,153.0,27.0,10.0,25.0,2.0,2.0,10.0,30.0,2.0,255.0
295.720920085907,baseline,4784566,23.0,223.0,167.0,153.0,27.0,10.0,25.0,2.0,2.0,10.0,30.0,2.0,255.0
295.97319412231445,baseline,4784820,23.0,223.0,167.0,153.0,27.0,10.0,25.0,2.0,2.0,10.0,30.0,2.0,255.0
296.22743034362793,baseline,4785073,23.0,223.0,167.0,153.0,27.0,10.0,25.0,2.0,2.0,10.0,30.0,2.0,255.0
296.4808087348938,baseline,4785327,23.0,223.0,168.0,153.0,27.0,10.0,25.0,2.0,2.0,10.0,30.0,2.0,255.0
296.73423862457275,baseline,4785580,23.0,223.0,167.0,153.0,27.0,10.0,25.0,2.0,2.0,10.0,30.0,2.0,255.0
296.98714423179626,baseline,4785833,23.0,223.0,168.0,153.0,27.0,10.0,25.0,2.0,2.0,10.0,30.0,2.0,255.0
297.2601501941681,baseline,4786086,23.0,223.0,167.0,153.0,27.0,10.0,25.0,2.0,2.0,10.0,30.0,2.0,255.0
297.49415159225464,baseline,4786340,23.0,223.0,168.0,153.0,27.0,10.0,25.0,2.0,2.0,10.0,30.0,2.0,255.0
297.7477822303772,baseline,4786593,23.0,223.0,167.0,153.0,27.0,10.0,25.0,2.0,2.0,10.0,30.0,2.0,255.0
297.99974489212036,baseline,4786846,23.0,223.0,168.0,154.0,27.0,10.0,25.0,2.0,2.0,10.0,30.0,2.0,255.0
298.25443172454834,baseline,4787100,23.0,222.0,167.0,153.0,27.0,10.0,25.0,2.0,2.0,10.0,30.0,2.0,255.0
298.5076847076416,baseline,4787353,23.0,223.0,168.0,154.0,27.0,10.0,25.0,2.0,2.0,10.0,30.0,2.0,255.0
298.76013922691345,baseline,4787607,23.0,223.0,167.0,153.0,27.0,10.0,25.0,2.0,2.0,10.0,30.0,2.0,255.0
299.0138189792633,baseline,4787860,23.0,223.0,168.0,154.0,27.0,10.0,25.0,2.0,2.0,10.0,30.0,2.0,255.0
299.2669894695282,baseline,4788114,23.0,222.0,167.0,153.0,27.0,10.0,25.0,2.0,2.0,10.0,30.0,2.0,255.0
299.5238027572632,baseline,4788367,23.0,223.0,168.0,154.0,27.0,10.0,25.0,2.0,2.0,10.0,30.0,2.0,255.0
299.77401542663574,baseline,4788621,23.0,223.0,168.0,153.0,27.0,10.0,25.0,2.0,2.0,10.0,30.0,2.0,255.0
300.0474488735199,baseline,4788874,23.0,223.0,168.0,154.0,27.0,10.0,25.0,2.0,2.0,10.0,30.0,2.0,255.0
