split,task,variant,space,label,domain,partition,period,day,day_num,target_file,x,y
S1_train_I_test_all,three_class_with_air,C-DANN-UDA,learned latent PCA,acetone,source,source_train,Period_I,Day 1 afternoon,1,acetone\acetone_o1.csv,-2.7757402930367063,-1.0812619741421643
S1_train_I_test_all,three_class_with_air,C-DANN-UDA,learned latent PCA,acetone,source,source_train,Period_I,Day 1 afternoon,1,acetone\acetone_o2.csv,-3.377552829124863,0.2095425664827553
S1_train_I_test_all,three_class_with_air,C-DANN-UDA,learned latent PCA,acetone,source,source_train,Period_I,Day 1 afternoon,1,acetone\acetone_o3.csv,-4.667881359193534,-1.5097431506553933
S1_train_I_test_all,three_class_with_air,C-DANN-UDA,learned latent PCA,acetone,source,source_train,Period_I,Day 2 noon,2,acetone\acetone_o4.csv,-7.560063572185915,-0.6140175507905997
S1_train_I_test_all,three_class_with_air,C-DANN-UDA,learned latent PCA,acetone,source,source_train,Period_I,Day 2 noon,2,acetone\acetone_o5.csv,-10.41745168526556,-0.8164086458323635
S1_train_I_test_all,three_class_with_air,C-DANN-UDA,learned latent PCA,acetone,source,source_train,Period_I,Day 2 noon,2,acetone\acetone_o6.csv,-9.177138952108173,-0.9306222429799017
S1_train_I_test_all,three_class_with_air,C-DANN-UDA,learned latent PCA,acetone,source,source_train,Period_I,Day 2 afternoon,2,acetone\acetone_o7.csv,-3.8497096793643792,2.35163022779473
S1_train_I_test_all,three_class_with_air,C-DANN-UDA,learned latent PCA,acetone,source,source_train,Period_I,Day 2 afternoon,2,acetone\acetone_o8.csv,-5.539924744785972,-0.736013082324439
S1_train_I_test_all,three_class_with_air,C-DANN-UDA,learned latent PCA,acetone,source,source_train,Period_I,Day 2 afternoon,2,acetone\acetone_o9.csv,-8.547621826948053,-0.67625620667702
S1_train_I_test_all,three_class_with_air,C-DANN-UDA,learned latent PCA,acetone,source,source_train,Period_I,Day 3 noon,3,acetone\acetone_o10.csv,-6.525650434269869,-0.5701295137378695
S1_train_I_test_all,three_class_with_air,C-DANN-UDA,learned latent PCA,acetone,source,source_train,Period_I,Day 3 noon,3,acetone\acetone_o11.csv,-5.47612505376217,-0.5337556797390638
S1_train_I_test_all,three_class_with_air,C-DANN-UDA,learned latent PCA,acetone,source,source_train,Period_I,Day 3 noon,3,acetone\acetone_o12.csv,-13.40202135231724,-0.9761514756869182
S1_train_I_test_all,three_class_with_air,C-DANN-UDA,learned latent PCA,air,source,source_train,Period_I,baseline,0,air\baseline_1.csv,3.645489375370952,6.660003288343948
S1_train_I_test_all,three_class_with_air,C-DANN-UDA,learned latent PCA,air,source,source_train,Period_I,baseline,0,air\baseline_3.csv,0.8238673753921476,6.49991578694449
S1_train_I_test_all,three_class_with_air,C-DANN-UDA,learned latent PCA,air,source,source_train,Period_I,baseline,0,air\baseline_4.csv,1.6189491872351083,7.791827788834031
S1_train_I_test_all,three_class_with_air,C-DANN-UDA,learned latent PCA,air,source,source_train,Period_I,baseline,0,air\baseline_5.csv,2.372272896789512,3.872024887506176
S1_train_I_test_all,three_class_with_air,C-DANN-UDA,learned latent PCA,air,source,source_train,Period_I,baseline,0,air\baseline_6.csv,6.391054920439446,9.511228428844431
S1_train_I_test_all,three_class_with_air,C-DANN-UDA,learned latent PCA,air,source,source_train,Period_I,baseline,0,air\baseline_7.csv,1.7568240558720414,6.933835379370305
S1_train_I_test_all,three_class_with_air,C-DANN-UDA,learned latent PCA,alcohol,source,source_train,Period_I,Day 1 afternoon,1,alcohol\alcohol_o1.csv,3.942253594107677,-3.7552611152333126
S1_train_I_test_all,three_class_with_air,C-DANN-UDA,learned latent PCA,alcohol,source,source_train,Period_I,Day 1 afternoon,1,alcohol\alcohol_o2.csv,4.207327867678447,-4.334138188693717
S1_train_I_test_all,three_class_with_air,C-DANN-UDA,learned latent PCA,alcohol,source,source_train,Period_I,Day 1 afternoon,1,alcohol\alcohol_o3.csv,3.3413760965877044,-3.5034842073439423
S1_train_I_test_all,three_class_with_air,C-DANN-UDA,learned latent PCA,alcohol,source,source_train,Period_I,Day 2 noon,2,alcohol\alcohol_o4.csv,6.98094098147261,-5.783283158431308
S1_train_I_test_all,three_class_with_air,C-DANN-UDA,learned latent PCA,alcohol,source,source_train,Period_I,Day 2 noon,2,alcohol\alcohol_o5.csv,3.3455436801837877,-2.7035209115741
S1_train_I_test_all,three_class_with_air,C-DANN-UDA,learned latent PCA,alcohol,source,source_train,Period_I,Day 2 noon,2,alcohol\alcohol_o6.csv,2.707369061326048,-2.595889397252757
S1_train_I_test_all,three_class_with_air,C-DANN-UDA,learned latent PCA,alcohol,source,source_train,Period_I,Day 2 afternoon,2,alcohol\alcohol_o7.csv,5.005324770848426,-4.231694655064239
S1_train_I_test_all,three_class_with_air,C-DANN-UDA,learned latent PCA,alcohol,source,source_train,Period_I,Day 2 afternoon,2,alcohol\alcohol_o8.csv,2.989311719568812,-3.135545673075609
S1_train_I_test_all,three_class_with_air,C-DANN-UDA,learned latent PCA,alcohol,source,source_train,Period_I,Day 2 afternoon,2,alcohol\alcohol_o9.csv,1.886056593773676,-2.0032040028683564
S1_train_I_test_all,three_class_with_air,C-DANN-UDA,learned latent PCA,alcohol,source,source_train,Period_I,Day 3 noon,3,alcohol\alcohol_o10.csv,4.836015998815029,-3.743351714576108
S1_train_I_test_all,three_class_with_air,C-DANN-UDA,learned latent PCA,alcohol,source,source_train,Period_I,Day 3 noon,3,alcohol\alcohol_o11.csv,2.262771676720081,-2.21044236197871
S1_train_I_test_all,three_class_with_air,C-DANN-UDA,learned latent PCA,alcohol,source,source_train,Period_I,Day 3 noon,3,alcohol\alcohol_o12.csv,4.423530643415821,-4.268949374591482
S1_train_I_test_all,three_class_with_air,C-DANN-UDA,learned latent PCA,acetone,target,target_domain,Period_II,Day 1,1,acetone\acetone_1.csv,-13.187320608808275,-0.9823265413371906
S1_train_I_test_all,three_class_with_air,C-DANN-UDA,learned latent PCA,acetone,target,target_domain,Period_II,Day 1,1,acetone\acetone_2.csv,-16.439229840519648,-1.228218111615627
S1_train_I_test_all,three_class_with_air,C-DANN-UDA,learned latent PCA,acetone,target,target_domain,Period_II,Day 1,1,acetone\acetone_3.csv,-5.620238249185454,-0.4638469117573813
S1_train_I_test_all,three_class_with_air,C-DANN-UDA,learned latent PCA,acetone,target,target_domain,Period_II,Day 1,1,acetone\acetone_4.csv,-11.974593287474422,-0.9535311743871209
S1_train_I_test_all,three_class_with_air,C-DANN-UDA,learned latent PCA,acetone,target,target_domain,Period_II,Day 1,1,acetone\acetone_5.csv,-4.138427632451155,-0.36868889599944127
S1_train_I_test_all,three_class_with_air,C-DANN-UDA,learned latent PCA,acetone,target,target_domain,Period_II,Day 2,2,acetone\acetone_10.csv,-11.264552915171226,-0.8890701799528212
S1_train_I_test_all,three_class_with_air,C-DANN-UDA,learned latent PCA,acetone,target,target_domain,Period_II,Day 2,2,acetone\acetone_6.csv,-5.534879239969807,-0.7859252049113719
S1_train_I_test_all,three_class_with_air,C-DANN-UDA,learned latent PCA,acetone,target,target_domain,Period_II,Day 2,2,acetone\acetone_7.csv,-9.301505910779955,-0.7884715254098967
S1_train_I_test_all,three_class_with_air,C-DANN-UDA,learned latent PCA,acetone,target,target_domain,Period_II,Day 2,2,acetone\acetone_8.csv,-5.240093560757908,-0.46164246247225743
S1_train_I_test_all,three_class_with_air,C-DANN-UDA,learned latent PCA,acetone,target,target_domain,Period_II,Day 2,2,acetone\acetone_9.csv,-11.323124341935634,-0.9035156171155464
S1_train_I_test_all,three_class_with_air,C-DANN-UDA,learned latent PCA,air,target,target_domain,Period_II,Day 1,1,air\air_1.csv,2.7203284811814616,5.487420053421467
S1_train_I_test_all,three_class_with_air,C-DANN-UDA,learned latent PCA,air,target,target_domain,Period_II,Day 1,1,air\air_2.csv,1.8146921115822796,0.012146741850411778
S1_train_I_test_all,three_class_with_air,C-DANN-UDA,learned latent PCA,air,target,target_domain,Period_II,Day 1,1,air\reference_1.csv,4.240485309764339,8.865292593115438
S1_train_I_test_all,three_class_with_air,C-DANN-UDA,learned latent PCA,air,target,target_domain,Period_II,Day 1,1,air\reference_2.csv,3.495408743140048,1.218353200994215
S1_train_I_test_all,three_class_with_air,C-DANN-UDA,learned latent PCA,air,target,target_domain,Period_II,Day 1,1,air\reference_3.csv,-0.234402626234726,22.548017528686373
S1_train_I_test_all,three_class_with_air,C-DANN-UDA,learned latent PCA,air,target,target_domain,Period_II,Day 1,1,air\reference_4.csv,2.418736137877534,9.984337231212223
S1_train_I_test_all,three_class_with_air,C-DANN-UDA,learned latent PCA,air,target,target_domain,Period_II,Day 2,2,air\air_3.csv,3.366564037483694,5.494648711800481
S1_train_I_test_all,three_class_with_air,C-DANN-UDA,learned latent PCA,air,target,target_domain,Period_II,Day 2,2,air\air_4.csv,5.7438353676379155,-0.30327412355444966
S1_train_I_test_all,three_class_with_air,C-DANN-UDA,learned latent PCA,alcohol,target,target_domain,Period_II,Day 1,1,alcohol\alcohol_1.csv,-1.1866573952995525,-0.9936228587615692
S1_train_I_test_all,three_class_with_air,C-DANN-UDA,learned latent PCA,alcohol,target,target_domain,Period_II,Day 1,1,alcohol\alcohol_2.csv,4.442252775620345,-4.778998851476516
S1_train_I_test_all,three_class_with_air,C-DANN-UDA,learned latent PCA,alcohol,target,target_domain,Period_II,Day 1,1,alcohol\alcohol_3.csv,3.7541066699892736,-3.3505508648876967
S1_train_I_test_all,three_class_with_air,C-DANN-UDA,learned latent PCA,alcohol,target,target_domain,Period_II,Day 1,1,alcohol\alcohol_4.csv,2.3839564854915536,-2.510337498879353
S1_train_I_test_all,three_class_with_air,C-DANN-UDA,learned latent PCA,alcohol,target,target_domain,Period_II,Day 1,1,alcohol\alcohol_5.csv,4.506155601279408,-4.13864499725744
S1_train_I_test_all,three_class_with_air,C-DANN-UDA,learned latent PCA,alcohol,target,target_domain,Period_II,Day 2,2,alcohol\alcohol_10.csv,2.719408799084756,-2.525537201678518
S1_train_I_test_all,three_class_with_air,C-DANN-UDA,learned latent PCA,alcohol,target,target_domain,Period_II,Day 2,2,alcohol\alcohol_6.csv,5.930397414565843,-5.356105970430684
S1_train_I_test_all,three_class_with_air,C-DANN-UDA,learned latent PCA,alcohol,target,target_domain,Period_II,Day 2,2,alcohol\alcohol_7.csv,2.8274193095794136,0.8910870990974777
S1_train_I_test_all,three_class_with_air,C-DANN-UDA,learned latent PCA,alcohol,target,target_domain,Period_II,Day 2,2,alcohol\alcohol_8.csv,6.133806179905519,-5.506714195738691
S1_train_I_test_all,three_class_with_air,C-DANN-UDA,learned latent PCA,alcohol,target,target_domain,Period_II,Day 2,2,alcohol\alcohol_9.csv,3.8796337531981426,-3.4969975061405356
S1_train_I_test_all,three_class_with_air,C-DANN-UDA,learned latent PCA,acetone,target,target_domain,Period_II,Day 3,3,acetone\acetone_11.csv,-1.303837511469799,-1.1965274643127977
S1_train_I_test_all,three_class_with_air,C-DANN-UDA,learned latent PCA,acetone,target,target_domain,Period_II,Day 3,3,acetone\acetone_12.csv,-3.811388609814379,-0.3417281473052831
S1_train_I_test_all,three_class_with_air,C-DANN-UDA,learned latent PCA,acetone,target,target_domain,Period_II,Day 3,3,acetone\acetone_13.csv,-6.466527642856505,-0.5578512294271878
S1_train_I_test_all,three_class_with_air,C-DANN-UDA,learned latent PCA,acetone,target,target_domain,Period_II,Day 3,3,acetone\acetone_14.csv,-4.234315301660343,-0.49531608502763763
S1_train_I_test_all,three_class_with_air,C-DANN-UDA,learned latent PCA,acetone,target,target_domain,Period_II,Day 3,3,acetone\acetone_15.csv,-6.50724688986151,-0.5649176121587614
S1_train_I_test_all,three_class_with_air,C-DANN-UDA,learned latent PCA,acetone,target,target_domain,Period_II,Day 4,4,acetone\acetone_16.csv,-2.4185557551602246,-0.44833261461394264
S1_train_I_test_all,three_class_with_air,C-DANN-UDA,learned latent PCA,acetone,target,target_domain,Period_II,Day 4,4,acetone\acetone_17.csv,-5.006970878714374,-0.4461931011885394
S1_train_I_test_all,three_class_with_air,C-DANN-UDA,learned latent PCA,acetone,target,target_domain,Period_II,Day 4,4,acetone\acetone_18.csv,-5.4071948177931235,-0.4863691628230712
S1_train_I_test_all,three_class_with_air,C-DANN-UDA,learned latent PCA,acetone,target,target_domain,Period_II,Day 4,4,acetone\acetone_19.csv,2.187929439434318,-2.0271727564821926
S1_train_I_test_all,three_class_with_air,C-DANN-UDA,learned latent PCA,acetone,target,target_domain,Period_II,Day 4,4,acetone\acetone_20.csv,-2.6256621166750653,1.7536886862883052
S1_train_I_test_all,three_class_with_air,C-DANN-UDA,learned latent PCA,acetone,target,target_domain,Period_II,Day 5,5,acetone\acetone_21.csv,-7.879632341251796,-0.7158150228516945
S1_train_I_test_all,three_class_with_air,C-DANN-UDA,learned latent PCA,acetone,target,target_domain,Period_II,Day 5,5,acetone\acetone_22.csv,-3.320934565751846,-1.9618602445490703
S1_train_I_test_all,three_class_with_air,C-DANN-UDA,learned latent PCA,acetone,target,target_domain,Period_II,Day 5,5,acetone\acetone_23.csv,-3.238549884954825,-1.0268293476458048
S1_train_I_test_all,three_class_with_air,C-DANN-UDA,learned latent PCA,acetone,target,target_domain,Period_II,Day 5,5,acetone\acetone_24.csv,-8.359041049796105,-0.6544185846401941
S1_train_I_test_all,three_class_with_air,C-DANN-UDA,learned latent PCA,acetone,target,target_domain,Period_II,Day 5,5,acetone\acetone_25.csv,-3.959426009074003,-0.6653493867816769
S1_train_I_test_all,three_class_with_air,C-DANN-UDA,learned latent PCA,acetone,target,target_domain,Period_II,Day 6,6,acetone\acetone_26.csv,-2.8127190340717254,-0.6494235368037464
S1_train_I_test_all,three_class_with_air,C-DANN-UDA,learned latent PCA,acetone,target,target_domain,Period_II,Day 6,6,acetone\acetone_27.csv,-6.913814790143414,-0.5640843405218976
S1_train_I_test_all,three_class_with_air,C-DANN-UDA,learned latent PCA,acetone,target,target_domain,Period_II,Day 6,6,acetone\acetone_28.csv,-6.889468451120169,-0.5883361148691589
S1_train_I_test_all,three_class_with_air,C-DANN-UDA,learned latent PCA,acetone,target,target_domain,Period_II,Day 6,6,acetone\acetone_29.csv,-7.61984409114669,-0.9682247615589872
S1_train_I_test_all,three_class_with_air,C-DANN-UDA,learned latent PCA,acetone,target,target_domain,Period_II,Day 6,6,acetone\acetone_30.csv,-7.486836367282611,-0.643221666315878
S1_train_I_test_all,three_class_with_air,C-DANN-UDA,learned latent PCA,acetone,target,target_domain,Period_II,Day 6,6,acetone\acetone_31.csv,-8.363465779493357,-0.7003812795601378
S1_train_I_test_all,three_class_with_air,C-DANN-UDA,learned latent PCA,acetone,target,target_domain,Period_II,Day 6,6,acetone\acetone_32.csv,-4.847751514667755,-0.425240391921686
S1_train_I_test_all,three_class_with_air,C-DANN-UDA,learned latent PCA,acetone,target,target_domain,Period_II,Day 7,7,acetone\acetone_33.csv,0.15844128369096325,-1.995549814225749
S1_train_I_test_all,three_class_with_air,C-DANN-UDA,learned latent PCA,acetone,target,target_domain,Period_II,Day 7,7,acetone\acetone_34.csv,-6.5622407383339185,-0.5411731397148756
S1_train_I_test_all,three_class_with_air,C-DANN-UDA,learned latent PCA,acetone,target,target_domain,Period_II,Day 7,7,acetone\acetone_35.csv,-5.153037847382059,-0.7576330350172796
S1_train_I_test_all,three_class_with_air,C-DANN-UDA,learned latent PCA,acetone,target,target_domain,Period_II,Day 8,8,acetone\acetone_36.csv,-8.631654802396184,-0.7057682633337603
S1_train_I_test_all,three_class_with_air,C-DANN-UDA,learned latent PCA,acetone,target,target_domain,Period_II,Day 8,8,acetone\acetone_37.csv,-3.4218410643194757,-0.3700595489696865
S1_train_I_test_all,three_class_with_air,C-DANN-UDA,learned latent PCA,acetone,target,target_domain,Period_II,Day 8,8,acetone\acetone_38.csv,-0.380705545377865,-0.2896439239140135
S1_train_I_test_all,three_class_with_air,C-DANN-UDA,learned latent PCA,acetone,target,target_domain,Period_II,Day 9,9,acetone\acetone_39.csv,-7.54889159905057,-0.6330378862025262
S1_train_I_test_all,three_class_with_air,C-DANN-UDA,learned latent PCA,acetone,target,target_domain,Period_II,Day 9,9,acetone\acetone_40.csv,0.9098555194326572,-1.7131969345245188
S1_train_I_test_all,three_class_with_air,C-DANN-UDA,learned latent PCA,acetone,target,target_domain,Period_II,Day 9,9,acetone\acetone_41.csv,-8.641769604931843,-0.7166666834893977
S1_train_I_test_all,three_class_with_air,C-DANN-UDA,learned latent PCA,acetone,target,target_domain,Period_II,Day 9,9,acetone\acetone_42.csv,-8.185915050029768,-0.6765864900034452
S1_train_I_test_all,three_class_with_air,C-DANN-UDA,learned latent PCA,acetone,target,target_domain,Period_II,Day 9,9,acetone\acetone_43.csv,-6.798311522015642,-0.5657367153758577
S1_train_I_test_all,three_class_with_air,C-DANN-UDA,learned latent PCA,air,target,target_domain,Period_II,Day 3,3,air\air_5.csv,3.29654351112326,2.170846798000744
S1_train_I_test_all,three_class_with_air,C-DANN-UDA,learned latent PCA,air,target,target_domain,Period_II,Day 3,3,air\air_6.csv,3.5792412319610643,6.752774982203495
S1_train_I_test_all,three_class_with_air,C-DANN-UDA,learned latent PCA,air,target,target_domain,Period_II,Day 3,3,air\reference_5.csv,4.731188409276711,-3.363682280616613
S1_train_I_test_all,three_class_with_air,C-DANN-UDA,learned latent PCA,air,target,target_domain,Period_II,Day 3,3,air\reference_6.csv,2.377565639728546,4.983951938086785
S1_train_I_test_all,three_class_with_air,C-DANN-UDA,learned latent PCA,air,target,target_domain,Period_II,Day 4,4,air\air_7.csv,2.0363096159809153,2.960823539563953
S1_train_I_test_all,three_class_with_air,C-DANN-UDA,learned latent PCA,air,target,target_domain,Period_II,Day 4,4,air\air_8.csv,2.010134342455315,5.853282391107569
S1_train_I_test_all,three_class_with_air,C-DANN-UDA,learned latent PCA,air,target,target_domain,Period_II,Day 4,4,air\reference_7.csv,1.6568878245131065,6.100178841102737
S1_train_I_test_all,three_class_with_air,C-DANN-UDA,learned latent PCA,air,target,target_domain,Period_II,Day 4,4,air\reference_8.csv,4.402775839384522,13.469294894926845
S1_train_I_test_all,three_class_with_air,C-DANN-UDA,learned latent PCA,air,target,target_domain,Period_II,Day 5,5,air\air_10.csv,2.1006560496037006,4.421095992236902
S1_train_I_test_all,three_class_with_air,C-DANN-UDA,learned latent PCA,air,target,target_domain,Period_II,Day 5,5,air\air_9.csv,2.4220487418788053,6.569231256422874
S1_train_I_test_all,three_class_with_air,C-DANN-UDA,learned latent PCA,air,target,target_domain,Period_II,Day 6,6,air\air_11.csv,2.429213986579103,7.429007372929647
S1_train_I_test_all,three_class_with_air,C-DANN-UDA,learned latent PCA,air,target,target_domain,Period_II,Day 6,6,air\air_12.csv,3.273571659707877,8.556139431770209
S1_train_I_test_all,three_class_with_air,C-DANN-UDA,learned latent PCA,air,target,target_domain,Period_II,Day 6,6,air\air_13.csv,3.8933575650927934,8.040845592206123
S1_train_I_test_all,three_class_with_air,C-DANN-UDA,learned latent PCA,air,target,target_domain,Period_II,Day 8,8,air\air_14.csv,2.6323462376302964,7.814228139919212
S1_train_I_test_all,three_class_with_air,C-DANN-UDA,learned latent PCA,air,target,target_domain,Period_II,Day 8,8,air\air_15.csv,2.9926872243398375,5.785163412962137
S1_train_I_test_all,three_class_with_air,C-DANN-UDA,learned latent PCA,air,target,target_domain,Period_II,Day 8,8,air\reference_9.csv,2.883663668194344,-2.680839315931808
S1_train_I_test_all,three_class_with_air,C-DANN-UDA,learned latent PCA,air,target,target_domain,Period_II,Day 9,9,air\air_16.csv,4.166134062717527,4.215265923906773
S1_train_I_test_all,three_class_with_air,C-DANN-UDA,learned latent PCA,air,target,target_domain,Period_II,Day 9,9,air\air_17.csv,2.040242883856292,8.610884620992286
S1_train_I_test_all,three_class_with_air,C-DANN-UDA,learned latent PCA,alcohol,target,target_domain,Period_II,Day 3,3,alcohol\alcohol_11.csv,3.7856092921240454,-3.9507390363542756
S1_train_I_test_all,three_class_with_air,C-DANN-UDA,learned latent PCA,alcohol,target,target_domain,Period_II,Day 3,3,alcohol\alcohol_12.csv,3.135658366766454,-2.8859685156428423
S1_train_I_test_all,three_class_with_air,C-DANN-UDA,learned latent PCA,alcohol,target,target_domain,Period_II,Day 3,3,alcohol\alcohol_13.csv,4.367273102179393,-4.452630311469192
S1_train_I_test_all,three_class_with_air,C-DANN-UDA,learned latent PCA,alcohol,target,target_domain,Period_II,Day 3,3,alcohol\alcohol_14.csv,4.964784458038064,-3.9181263409494163
S1_train_I_test_all,three_class_with_air,C-DANN-UDA,learned latent PCA,alcohol,target,target_domain,Period_II,Day 3,3,alcohol\alcohol_15.csv,4.9069372108200495,-4.596022200439116
S1_train_I_test_all,three_class_with_air,C-DANN-UDA,learned latent PCA,alcohol,target,target_domain,Period_II,Day 4,4,alcohol\alcohol_16.csv,2.9711847284383817,-2.6988597008419197
S1_train_I_test_all,three_class_with_air,C-DANN-UDA,learned latent PCA,alcohol,target,target_domain,Period_II,Day 4,4,alcohol\alcohol_17.csv,2.327311663237294,-0.8924794780470748
S1_train_I_test_all,three_class_with_air,C-DANN-UDA,learned latent PCA,alcohol,target,target_domain,Period_II,Day 4,4,alcohol\alcohol_18.csv,4.083176848996976,-3.17640253308352
S1_train_I_test_all,three_class_with_air,C-DANN-UDA,learned latent PCA,alcohol,target,target_domain,Period_II,Day 4,4,alcohol\alcohol_19.csv,3.2719346087375096,-2.7798164723104883
S1_train_I_test_all,three_class_with_air,C-DANN-UDA,learned latent PCA,alcohol,target,target_domain,Period_II,Day 4,4,alcohol\alcohol_20.csv,4.285390222017623,-3.683375410353645
S1_train_I_test_all,three_class_with_air,C-DANN-UDA,learned latent PCA,alcohol,target,target_domain,Period_II,Day 5,5,alcohol\alcohol_21.csv,4.21235544633265,-3.219666724286914
S1_train_I_test_all,three_class_with_air,C-DANN-UDA,learned latent PCA,alcohol,target,target_domain,Period_II,Day 5,5,alcohol\alcohol_22.csv,4.7220784417308055,-3.845457016350829
S1_train_I_test_all,three_class_with_air,C-DANN-UDA,learned latent PCA,alcohol,target,target_domain,Period_II,Day 5,5,alcohol\alcohol_23.csv,-7.214224116441874,-1.7583491330314998
S1_train_I_test_all,three_class_with_air,C-DANN-UDA,learned latent PCA,alcohol,target,target_domain,Period_II,Day 5,5,alcohol\alcohol_24.csv,3.9168501190430205,-3.472577037876017
S1_train_I_test_all,three_class_with_air,C-DANN-UDA,learned latent PCA,alcohol,target,target_domain,Period_II,Day 5,5,alcohol\alcohol_25.csv,2.999207519752517,-2.681904971260459
S1_train_I_test_all,three_class_with_air,C-DANN-UDA,learned latent PCA,alcohol,target,target_domain,Period_II,Day 6,6,alcohol\alcohol_26.csv,4.290729437926201,-3.984191571624409
S1_train_I_test_all,three_class_with_air,C-DANN-UDA,learned latent PCA,alcohol,target,target_domain,Period_II,Day 6,6,alcohol\alcohol_27.csv,6.253305118681625,-5.196030868952262
S1_train_I_test_all,three_class_with_air,C-DANN-UDA,learned latent PCA,alcohol,target,target_domain,Period_II,Day 6,6,alcohol\alcohol_28.csv,5.977489193097022,-5.674708303072338
S1_train_I_test_all,three_class_with_air,C-DANN-UDA,learned latent PCA,alcohol,target,target_domain,Period_II,Day 6,6,alcohol\alcohol_29.csv,3.558787061969141,-3.2675349538786986
S1_train_I_test_all,three_class_with_air,C-DANN-UDA,learned latent PCA,alcohol,target,target_domain,Period_II,Day 6,6,alcohol\alcohol_30.csv,5.747515749013637,-4.755190429989694
S1_train_I_test_all,three_class_with_air,C-DANN-UDA,learned latent PCA,alcohol,target,target_domain,Period_II,Day 6,6,alcohol\alcohol_31.csv,6.212788178192026,-5.285868912539422
S1_train_I_test_all,three_class_with_air,C-DANN-UDA,learned latent PCA,alcohol,target,target_domain,Period_II,Day 6,6,alcohol\alcohol_32.csv,5.509244413385796,-5.958207639817249
S1_train_I_test_all,three_class_with_air,C-DANN-UDA,learned latent PCA,alcohol,target,target_domain,Period_II,Day 7,7,alcohol\alcohol_33.csv,6.448658148277508,-5.775478718464701
S1_train_I_test_all,three_class_with_air,C-DANN-UDA,learned latent PCA,alcohol,target,target_domain,Period_II,Day 7,7,alcohol\alcohol_34.csv,2.7833885185207414,-2.6906951748551067
S1_train_I_test_all,three_class_with_air,C-DANN-UDA,learned latent PCA,alcohol,target,target_domain,Period_II,Day 7,7,alcohol\alcohol_35.csv,4.288661506145839,-3.8830287630226117
S1_train_I_test_all,three_class_with_air,C-DANN-UDA,learned latent PCA,alcohol,target,target_domain,Period_II,Day 8,8,alcohol\alcohol_36.csv,4.673639777359506,-2.794356379327779
S1_train_I_test_all,three_class_with_air,C-DANN-UDA,learned latent PCA,alcohol,target,target_domain,Period_II,Day 8,8,alcohol\alcohol_37.csv,4.950337619850709,-3.897255510534843
S1_train_I_test_all,three_class_with_air,C-DANN-UDA,learned latent PCA,alcohol,target,target_domain,Period_II,Day 8,8,alcohol\alcohol_38.csv,2.9487354849683096,-2.6534645191710045
S1_train_I_test_all,three_class_with_air,C-DANN-UDA,learned latent PCA,alcohol,target,target_domain,Period_II,Day 9,9,alcohol\alcohol_39.csv,5.973960093115869,-4.858003047756266
S1_train_I_test_all,three_class_with_air,C-DANN-UDA,learned latent PCA,alcohol,target,target_domain,Period_II,Day 9,9,alcohol\alcohol_40.csv,3.9049154707798914,-4.578172255693055
S1_train_I_test_all,three_class_with_air,C-DANN-UDA,learned latent PCA,alcohol,target,target_domain,Period_II,Day 9,9,alcohol\alcohol_41.csv,3.8707546968327775,-1.0217811097065443
S1_train_I_test_all,three_class_with_air,C-DANN-UDA,learned latent PCA,alcohol,target,target_domain,Period_II,Day 9,9,alcohol\alcohol_42.csv,3.6399100625911416,-3.476412025458926
S1_train_I_test_all,three_class_with_air,C-DANN-UDA,learned latent PCA,alcohol,target,target_domain,Period_II,Day 9,9,alcohol\alcohol_43.csv,3.637960252752649,-3.370604021918353
S1_train_I_test_all,three_class_with_air,C-DANN-UDA,learned latent PCA,acetone,target,target_domain,Period_II,Day 10,10,acetone\acetone_44.csv,-7.666451484541704,-0.6276362487052227
S1_train_I_test_all,three_class_with_air,C-DANN-UDA,learned latent PCA,acetone,target,target_domain,Period_II,Day 10,10,acetone\acetone_45.csv,-4.19985696038711,0.0368879420310639
S1_train_I_test_all,three_class_with_air,C-DANN-UDA,learned latent PCA,acetone,target,target_domain,Period_II,Day 10,10,acetone\acetone_46.csv,0.5173837038498993,-1.6726590338359055
S1_train_I_test_all,three_class_with_air,C-DANN-UDA,learned latent PCA,acetone,target,target_domain,Period_II,Day 10,10,acetone\acetone_47.csv,-3.943739204637921,-1.5655366993958142
S1_train_I_test_all,three_class_with_air,C-DANN-UDA,learned latent PCA,acetone,target,target_domain,Period_II,Day 11,11,acetone\acetone_48.csv,-2.651117492178625,-1.9636556568478718
S1_train_I_test_all,three_class_with_air,C-DANN-UDA,learned latent PCA,acetone,target,target_domain,Period_II,Day 11,11,acetone\acetone_49.csv,-6.424984694839336,-0.9575587730328249
S1_train_I_test_all,three_class_with_air,C-DANN-UDA,learned latent PCA,acetone,target,target_domain,Period_II,Day 11,11,acetone\acetone_50.csv,-0.746035728017435,-2.842378143487213
S1_train_I_test_all,three_class_with_air,C-DANN-UDA,learned latent PCA,acetone,target,target_domain,Period_II,Day 11,11,acetone\acetone_51.csv,2.2587120845196638,-3.081471513402514
S1_train_I_test_all,three_class_with_air,C-DANN-UDA,learned latent PCA,acetone,target,target_domain,Period_II,Day 12,12,acetone\acetone_52.csv,-3.877643752555717,-0.9636206573900318
S1_train_I_test_all,three_class_with_air,C-DANN-UDA,learned latent PCA,acetone,target,target_domain,Period_II,Day 12,12,acetone\acetone_53.csv,-2.9047714358818455,-0.5033014344324042
S1_train_I_test_all,three_class_with_air,C-DANN-UDA,learned latent PCA,acetone,target,target_domain,Period_II,Day 12,12,acetone\acetone_54.csv,-0.8175135910024615,9.45550070718729
S1_train_I_test_all,three_class_with_air,C-DANN-UDA,learned latent PCA,acetone,target,target_domain,Period_II,Day 12,12,acetone\acetone_55.csv,-3.113777107879764,-2.4355235874421806
S1_train_I_test_all,three_class_with_air,C-DANN-UDA,learned latent PCA,acetone,target,target_domain,Period_II,Day 13,13,acetone\acetone_56.csv,-3.355524277376049,1.2945694369710166
S1_train_I_test_all,three_class_with_air,C-DANN-UDA,learned latent PCA,acetone,target,target_domain,Period_II,Day 13,13,acetone\acetone_57.csv,-6.290035126155477,-0.8526358751851333
S1_train_I_test_all,three_class_with_air,C-DANN-UDA,learned latent PCA,acetone,target,target_domain,Period_II,Day 14,14,acetone\acetone_58.csv,-3.9000422956746745,-0.3532417228773568
S1_train_I_test_all,three_class_with_air,C-DANN-UDA,learned latent PCA,acetone,target,target_domain,Period_II,Day 14,14,acetone\acetone_59.csv,-3.5272719985524223,-0.3577914605573935
S1_train_I_test_all,three_class_with_air,C-DANN-UDA,learned latent PCA,acetone,target,target_domain,Period_II,Day 14,14,acetone\acetone_60.csv,-10.448381289275893,-0.8519865718260703
S1_train_I_test_all,three_class_with_air,C-DANN-UDA,learned latent PCA,acetone,target,target_domain,Period_II,Day 15,15,acetone\acetone_61.csv,2.0473576563159455,-2.4780310207532144
S1_train_I_test_all,three_class_with_air,C-DANN-UDA,learned latent PCA,acetone,target,target_domain,Period_II,Day 15,15,acetone\acetone_62.csv,-4.95783192160968,-1.7402603850865226
S1_train_I_test_all,three_class_with_air,C-DANN-UDA,learned latent PCA,acetone,target,target_domain,Period_II,Day 15,15,acetone\acetone_63.csv,-3.0081824897029503,1.91589486805569
S1_train_I_test_all,three_class_with_air,C-DANN-UDA,learned latent PCA,acetone,target,target_domain,Period_II,Day 17,17,acetone\acetone_64.csv,-5.980142704855303,-0.8034888736040638
S1_train_I_test_all,three_class_with_air,C-DANN-UDA,learned latent PCA,acetone,target,target_domain,Period_II,Day 17,17,acetone\acetone_65.csv,0.7750734717629914,-1.9260584376661813
S1_train_I_test_all,three_class_with_air,C-DANN-UDA,learned latent PCA,acetone,target,target_domain,Period_II,Day 17,17,acetone\acetone_66.csv,-1.5317171909071512,1.3420763857797224
S1_train_I_test_all,three_class_with_air,C-DANN-UDA,learned latent PCA,acetone,target,target_domain,Period_II,Day 17,17,acetone\acetone_67.csv,-4.678301067221792,-0.6912470078351461
S1_train_I_test_all,three_class_with_air,C-DANN-UDA,learned latent PCA,acetone,target,target_domain,Period_II,Day 17,17,acetone\acetone_68.csv,-4.593801257379267,-0.6015716044422152
S1_train_I_test_all,three_class_with_air,C-DANN-UDA,learned latent PCA,air,target,target_domain,Period_II,Day 10,10,air\air_18.csv,2.9965579044601403,8.347317637860867
S1_train_I_test_all,three_class_with_air,C-DANN-UDA,learned latent PCA,air,target,target_domain,Period_II,Day 10,10,air\air_19.csv,3.4657162378440716,3.272712450872465
S1_train_I_test_all,three_class_with_air,C-DANN-UDA,learned latent PCA,air,target,target_domain,Period_II,Day 11,11,air\air_20.csv,2.893975189640866,2.4174915862634365
S1_train_I_test_all,three_class_with_air,C-DANN-UDA,learned latent PCA,air,target,target_domain,Period_II,Day 11,11,air\air_21.csv,2.515683654233501,6.292444346071273
S1_train_I_test_all,three_class_with_air,C-DANN-UDA,learned latent PCA,air,target,target_domain,Period_II,Day 12,12,air\air_22.csv,2.341411035683997,-1.749880749503507
S1_train_I_test_all,three_class_with_air,C-DANN-UDA,learned latent PCA,air,target,target_domain,Period_II,Day 12,12,air\air_23.csv,3.3063280394019228,6.996168342373615
S1_train_I_test_all,three_class_with_air,C-DANN-UDA,learned latent PCA,air,target,target_domain,Period_II,Day 13,13,air\air_24.csv,1.3532640860242982,7.673782598216182
S1_train_I_test_all,three_class_with_air,C-DANN-UDA,learned latent PCA,air,target,target_domain,Period_II,Day 13,13,air\air_25.csv,1.5016291785380942,5.827171271406646
S1_train_I_test_all,three_class_with_air,C-DANN-UDA,learned latent PCA,air,target,target_domain,Period_II,Day 13,13,air\air_26.csv,4.293627036989044,7.598348844727991
S1_train_I_test_all,three_class_with_air,C-DANN-UDA,learned latent PCA,air,target,target_domain,Period_II,Day 13,13,air\air_27.csv,2.251415529278546,7.483485550559048
S1_train_I_test_all,three_class_with_air,C-DANN-UDA,learned latent PCA,air,target,target_domain,Period_II,Day 13,13,air\air_28.csv,2.6746002439264704,-0.44252147191534597
S1_train_I_test_all,three_class_with_air,C-DANN-UDA,learned latent PCA,air,target,target_domain,Period_II,Day 14,14,air\air_29.csv,2.4241242897827258,5.731829987379527
S1_train_I_test_all,three_class_with_air,C-DANN-UDA,learned latent PCA,air,target,target_domain,Period_II,Day 14,14,air\air_30.csv,4.286334556017199,1.3222135838707725
S1_train_I_test_all,three_class_with_air,C-DANN-UDA,learned latent PCA,air,target,target_domain,Period_II,Day 14,14,air\air_31.csv,1.2388948708906176,5.802108987845568
S1_train_I_test_all,three_class_with_air,C-DANN-UDA,learned latent PCA,air,target,target_domain,Period_II,Day 14,14,air\air_32.csv,2.567239004780696,5.873704995245173
S1_train_I_test_all,three_class_with_air,C-DANN-UDA,learned latent PCA,air,target,target_domain,Period_II,Day 14,14,air\air_33.csv,3.7414902582130387,7.309971073165788
S1_train_I_test_all,three_class_with_air,C-DANN-UDA,learned latent PCA,air,target,target_domain,Period_II,Day 14,14,air\air_34.csv,3.8055594161298196,8.609526388141902
S1_train_I_test_all,three_class_with_air,C-DANN-UDA,learned latent PCA,air,target,target_domain,Period_II,Day 15,15,air\air_35.csv,2.4164728732942993,4.130709655759201
S1_train_I_test_all,three_class_with_air,C-DANN-UDA,learned latent PCA,air,target,target_domain,Period_II,Day 15,15,air\air_36.csv,3.0193929778102344,-2.38260321163023
S1_train_I_test_all,three_class_with_air,C-DANN-UDA,learned latent PCA,air,target,target_domain,Period_II,Day 15,15,air\air_37.csv,3.126970386497401,6.9535052942027225
S1_train_I_test_all,three_class_with_air,C-DANN-UDA,learned latent PCA,air,target,target_domain,Period_II,Day 15,15,air\air_38.csv,2.5442605342376776,5.9493756082798495
S1_train_I_test_all,three_class_with_air,C-DANN-UDA,learned latent PCA,air,target,target_domain,Period_II,Day 15,15,air\air_39.csv,2.940082657500179,5.9489923625747245
S1_train_I_test_all,three_class_with_air,C-DANN-UDA,learned latent PCA,air,target,target_domain,Period_II,Day 15,15,air\air_40.csv,3.3218282140424544,4.469488049535178
S1_train_I_test_all,three_class_with_air,C-DANN-UDA,learned latent PCA,air,target,target_domain,Period_II,Day 16,16,air\air_41.csv,2.160116488855059,-4.08468736234618
S1_train_I_test_all,three_class_with_air,C-DANN-UDA,learned latent PCA,air,target,target_domain,Period_II,Day 16,16,air\air_42.csv,2.133173929942316,7.5410305046768515
S1_train_I_test_all,three_class_with_air,C-DANN-UDA,learned latent PCA,air,target,target_domain,Period_II,Day 16,16,air\air_43.csv,2.052090354344311,-2.81152148363624
S1_train_I_test_all,three_class_with_air,C-DANN-UDA,learned latent PCA,air,target,target_domain,Period_II,Day 16,16,air\air_44.csv,2.927781043239637,8.678133693865975
S1_train_I_test_all,three_class_with_air,C-DANN-UDA,learned latent PCA,air,target,target_domain,Period_II,Day 17,17,air\air_45.csv,3.6083475836827943,8.550324977502633
S1_train_I_test_all,three_class_with_air,C-DANN-UDA,learned latent PCA,air,target,target_domain,Period_II,Day 17,17,air\air_46.csv,3.249760999308281,-1.8047223791979643
S1_train_I_test_all,three_class_with_air,C-DANN-UDA,learned latent PCA,air,target,target_domain,Period_II,Day 17,17,air\air_47.csv,3.543686264490227,4.111696835089761
S1_train_I_test_all,three_class_with_air,C-DANN-UDA,learned latent PCA,air,target,target_domain,Period_II,Day 17,17,air\air_48.csv,3.392754259182636,5.6302141405703345
S1_train_I_test_all,three_class_with_air,C-DANN-UDA,learned latent PCA,alcohol,target,target_domain,Period_II,Day 10,10,alcohol\alcohol_44.csv,3.6428425929892483,-3.4653540314891567
S1_train_I_test_all,three_class_with_air,C-DANN-UDA,learned latent PCA,alcohol,target,target_domain,Period_II,Day 10,10,alcohol\alcohol_45.csv,4.148178825278211,-3.804633871124429
S1_train_I_test_all,three_class_with_air,C-DANN-UDA,learned latent PCA,alcohol,target,target_domain,Period_II,Day 10,10,alcohol\alcohol_46.csv,3.661351885229008,-3.9618709442359794
S1_train_I_test_all,three_class_with_air,C-DANN-UDA,learned latent PCA,alcohol,target,target_domain,Period_II,Day 10,10,alcohol\alcohol_47.csv,1.9689707004897583,-2.9317604596049067
S1_train_I_test_all,three_class_with_air,C-DANN-UDA,learned latent PCA,alcohol,target,target_domain,Period_II,Day 11,11,alcohol\alcohol_48.csv,6.281799907362575,-6.379340033400323
S1_train_I_test_all,three_class_with_air,C-DANN-UDA,learned latent PCA,alcohol,target,target_domain,Period_II,Day 11,11,alcohol\alcohol_49.csv,6.264966117220016,-5.823906262036619
S1_train_I_test_all,three_class_with_air,C-DANN-UDA,learned latent PCA,alcohol,target,target_domain,Period_II,Day 11,11,alcohol\alcohol_50.csv,4.540161635648978,-3.9464746023616097
S1_train_I_test_all,three_class_with_air,C-DANN-UDA,learned latent PCA,alcohol,target,target_domain,Period_II,Day 11,11,alcohol\alcohol_51.csv,6.0722388633096225,-4.942739427816053
S1_train_I_test_all,three_class_with_air,C-DANN-UDA,learned latent PCA,alcohol,target,target_domain,Period_II,Day 12,12,alcohol\alcohol_52.csv,-1.2733021055447042,1.271729587274473
S1_train_I_test_all,three_class_with_air,C-DANN-UDA,learned latent PCA,alcohol,target,target_domain,Period_II,Day 12,12,alcohol\alcohol_53.csv,2.4127781843152083,-2.426348901066023
S1_train_I_test_all,three_class_with_air,C-DANN-UDA,learned latent PCA,alcohol,target,target_domain,Period_II,Day 12,12,alcohol\alcohol_54.csv,2.4340954010241163,1.237736874407966
S1_train_I_test_all,three_class_with_air,C-DANN-UDA,learned latent PCA,alcohol,target,target_domain,Period_II,Day 12,12,alcohol\alcohol_55.csv,1.3594077221332523,-1.8125748092162182
S1_train_I_test_all,three_class_with_air,C-DANN-UDA,learned latent PCA,alcohol,target,target_domain,Period_II,Day 13,13,alcohol\alcohol_56.csv,2.152632738185156,-1.627685828219378
S1_train_I_test_all,three_class_with_air,C-DANN-UDA,learned latent PCA,alcohol,target,target_domain,Period_II,Day 13,13,alcohol\alcohol_57.csv,2.1461026190510544,-2.1930302368522345
S1_train_I_test_all,three_class_with_air,C-DANN-UDA,learned latent PCA,alcohol,target,target_domain,Period_II,Day 14,14,alcohol\alcohol_58.csv,8.201657557512155,-7.486987934528416
S1_train_I_test_all,three_class_with_air,C-DANN-UDA,learned latent PCA,alcohol,target,target_domain,Period_II,Day 14,14,alcohol\alcohol_59.csv,3.692961048884315,-3.3628484257285627
S1_train_I_test_all,three_class_with_air,C-DANN-UDA,learned latent PCA,alcohol,target,target_domain,Period_II,Day 14,14,alcohol\alcohol_60.csv,2.9952744670371536,-3.531116254142989
S1_train_I_test_all,three_class_with_air,C-DANN-UDA,learned latent PCA,alcohol,target,target_domain,Period_II,Day 15,15,alcohol\alcohol_61.csv,0.9206922694826957,-1.4719931967335067
S1_train_I_test_all,three_class_with_air,C-DANN-UDA,learned latent PCA,alcohol,target,target_domain,Period_II,Day 15,15,alcohol\alcohol_62.csv,3.076305568041945,-3.1538821305896705
S1_train_I_test_all,three_class_with_air,C-DANN-UDA,learned latent PCA,alcohol,target,target_domain,Period_II,Day 15,15,alcohol\alcohol_63.csv,9.263284508421787,-8.603816033098363
S1_train_I_test_all,three_class_with_air,C-DANN-UDA,learned latent PCA,alcohol,target,target_domain,Period_II,Day 17,17,alcohol\alcohol_64.csv,4.504971382536295,-3.78045606088832
S1_train_I_test_all,three_class_with_air,C-DANN-UDA,learned latent PCA,alcohol,target,target_domain,Period_II,Day 17,17,alcohol\alcohol_65.csv,2.941468652004075,-2.5427369604244605
S1_train_I_test_all,three_class_with_air,C-DANN-UDA,learned latent PCA,alcohol,target,target_domain,Period_II,Day 17,17,alcohol\alcohol_66.csv,4.49240071958483,-3.5245537350712417
S1_train_I_test_all,three_class_with_air,C-DANN-UDA,learned latent PCA,alcohol,target,target_domain,Period_II,Day 17,17,alcohol\alcohol_67.csv,7.375956213582681,-6.627014154525109
S1_train_I_test_all,three_class_with_air,C-DANN-UDA,learned latent PCA,alcohol,target,target_domain,Period_II,Day 17,17,alcohol\alcohol_68.csv,5.487055958284049,-4.8409739565750245
S1_train_I_test_all,three_class_with_air,C-DANN-UDA,learned latent PCA,acetone,target,target_domain,Period_III,Day 18,18,acetone\acetone_69.csv,-2.915716773867294,-0.6969167351822642
S1_train_I_test_all,three_class_with_air,C-DANN-UDA,learned latent PCA,acetone,target,target_domain,Period_III,Day 18,18,acetone\acetone_70.csv,-7.124923459558297,-0.6120839535507574
S1_train_I_test_all,three_class_with_air,C-DANN-UDA,learned latent PCA,acetone,target,target_domain,Period_III,Day 18,18,acetone\acetone_71.csv,-12.296706056653724,-0.9558500981052253
S1_train_I_test_all,three_class_with_air,C-DANN-UDA,learned latent PCA,acetone,target,target_domain,Period_III,Day 18,18,acetone\acetone_72.csv,-5.824228625814481,-0.5204745296864333
S1_train_I_test_all,three_class_with_air,C-DANN-UDA,learned latent PCA,acetone,target,target_domain,Period_III,Day 18,18,acetone\acetone_73.csv,-4.772004171601742,-0.5472627175130884
S1_train_I_test_all,three_class_with_air,C-DANN-UDA,learned latent PCA,acetone,target,target_domain,Period_III,Day 19,19,acetone\acetone_74.csv,-13.830814682466755,-1.4479442252066657
S1_train_I_test_all,three_class_with_air,C-DANN-UDA,learned latent PCA,acetone,target,target_domain,Period_III,Day 19,19,acetone\acetone_75.csv,-10.807680488578603,-0.8670491811600238
S1_train_I_test_all,three_class_with_air,C-DANN-UDA,learned latent PCA,acetone,target,target_domain,Period_III,Day 19,19,acetone\acetone_76.csv,-13.657727074617103,-1.0828210395848576
S1_train_I_test_all,three_class_with_air,C-DANN-UDA,learned latent PCA,acetone,target,target_domain,Period_III,Day 20,20,acetone\acetone_77.csv,-11.501137988222625,-0.8932295834008848
S1_train_I_test_all,three_class_with_air,C-DANN-UDA,learned latent PCA,acetone,target,target_domain,Period_III,Day 20,20,acetone\acetone_78.csv,-13.621795992873336,-1.0611029382717765
S1_train_I_test_all,three_class_with_air,C-DANN-UDA,learned latent PCA,acetone,target,target_domain,Period_III,Day 20,20,acetone\acetone_79.csv,-8.289285949649997,-0.6946112977095663
S1_train_I_test_all,three_class_with_air,C-DANN-UDA,learned latent PCA,acetone,target,target_domain,Period_III,Day 20,20,acetone\acetone_80.csv,-10.992384951171296,-0.8867865198774733
S1_train_I_test_all,three_class_with_air,C-DANN-UDA,learned latent PCA,acetone,target,target_domain,Period_III,Day 21,21,acetone\acetone_81.csv,-11.670044554354135,-0.9033792978705643
S1_train_I_test_all,three_class_with_air,C-DANN-UDA,learned latent PCA,acetone,target,target_domain,Period_III,Day 21,21,acetone\acetone_82.csv,-7.254087415442729,-0.5875531727467646
S1_train_I_test_all,three_class_with_air,C-DANN-UDA,learned latent PCA,acetone,target,target_domain,Period_III,Day 21,21,acetone\acetone_83.csv,-15.855474584801737,-1.2029351272436788
S1_train_I_test_all,three_class_with_air,C-DANN-UDA,learned latent PCA,acetone,target,target_domain,Period_III,Day 21,21,acetone\acetone_84.csv,-12.718497778192882,-0.9868188876975433
S1_train_I_test_all,three_class_with_air,C-DANN-UDA,learned latent PCA,air,target,target_domain,Period_III,Day 18,18,air\air_49.csv,2.000496959116447,8.641559873191438
S1_train_I_test_all,three_class_with_air,C-DANN-UDA,learned latent PCA,air,target,target_domain,Period_III,Day 18,18,air\air_50.csv,3.716658456027003,4.474414127808337
S1_train_I_test_all,three_class_with_air,C-DANN-UDA,learned latent PCA,air,target,target_domain,Period_III,Day 18,18,air\air_51.csv,3.5306983804814753,6.875484025422497
S1_train_I_test_all,three_class_with_air,C-DANN-UDA,learned latent PCA,air,target,target_domain,Period_III,Day 18,18,air\air_52.csv,3.461789075475567,6.230729771483417
S1_train_I_test_all,three_class_with_air,C-DANN-UDA,learned latent PCA,air,target,target_domain,Period_III,Day 19,19,air\air_53.csv,2.4796740550751606,-2.6075567620675337
S1_train_I_test_all,three_class_with_air,C-DANN-UDA,learned latent PCA,air,target,target_domain,Period_III,Day 19,19,air\air_54.csv,2.0163008119159036,7.919373618844549
S1_train_I_test_all,three_class_with_air,C-DANN-UDA,learned latent PCA,air,target,target_domain,Period_III,Day 20,20,air\air_55.csv,2.977042585074247,5.283518673252794
S1_train_I_test_all,three_class_with_air,C-DANN-UDA,learned latent PCA,air,target,target_domain,Period_III,Day 20,20,air\air_56.csv,3.4839538296831507,-2.6327163498143897
S1_train_I_test_all,three_class_with_air,C-DANN-UDA,learned latent PCA,air,target,target_domain,Period_III,Day 20,20,air\air_57.csv,4.297141753059841,10.616507314429994
S1_train_I_test_all,three_class_with_air,C-DANN-UDA,learned latent PCA,air,target,target_domain,Period_III,Day 20,20,air\air_58.csv,2.6017368366098803,4.895659861946871
S1_train_I_test_all,three_class_with_air,C-DANN-UDA,learned latent PCA,air,target,target_domain,Period_III,Day 21,21,air\air_59.csv,5.365590394390076,-5.549051362218621
S1_train_I_test_all,three_class_with_air,C-DANN-UDA,learned latent PCA,air,target,target_domain,Period_III,Day 21,21,air\air_60.csv,3.127162957588827,8.12466985865737
S1_train_I_test_all,three_class_with_air,C-DANN-UDA,learned latent PCA,air,target,target_domain,Period_III,Day 21,21,air\air_61.csv,2.1325970292942573,9.012566641638822
S1_train_I_test_all,three_class_with_air,C-DANN-UDA,learned latent PCA,air,target,target_domain,Period_III,Day 21,21,air\air_62.csv,1.7901168013167787,7.299094523607268
S1_train_I_test_all,three_class_with_air,C-DANN-UDA,learned latent PCA,alcohol,target,target_domain,Period_III,Day 18,18,alcohol\alcohol_69.csv,3.358110681822138,-3.1765222380929026
S1_train_I_test_all,three_class_with_air,C-DANN-UDA,learned latent PCA,alcohol,target,target_domain,Period_III,Day 18,18,alcohol\alcohol_70.csv,4.566868440970443,-4.331903081994864
S1_train_I_test_all,three_class_with_air,C-DANN-UDA,learned latent PCA,alcohol,target,target_domain,Period_III,Day 18,18,alcohol\alcohol_71.csv,3.1037260316055133,-3.0333203413380367
S1_train_I_test_all,three_class_with_air,C-DANN-UDA,learned latent PCA,alcohol,target,target_domain,Period_III,Day 18,18,alcohol\alcohol_72.csv,3.8188872016425175,-3.7036589215017233
S1_train_I_test_all,three_class_with_air,C-DANN-UDA,learned latent PCA,alcohol,target,target_domain,Period_III,Day 18,18,alcohol\alcohol_73.csv,5.016928288199038,-4.6120793542135265
S1_train_I_test_all,three_class_with_air,C-DANN-UDA,learned latent PCA,alcohol,target,target_domain,Period_III,Day 19,19,alcohol\alcohol_74.csv,3.373791941504773,-3.141943514444923
S1_train_I_test_all,three_class_with_air,C-DANN-UDA,learned latent PCA,alcohol,target,target_domain,Period_III,Day 19,19,alcohol\alcohol_75.csv,5.923410347258982,-5.515696066977864
S1_train_I_test_all,three_class_with_air,C-DANN-UDA,learned latent PCA,alcohol,target,target_domain,Period_III,Day 19,19,alcohol\alcohol_76.csv,2.2046823266828564,-2.15477919121713
S1_train_I_test_all,three_class_with_air,C-DANN-UDA,learned latent PCA,alcohol,target,target_domain,Period_III,Day 20,20,alcohol\alcohol_77.csv,4.9171489905586085,-4.369180850163482
S1_train_I_test_all,three_class_with_air,C-DANN-UDA,learned latent PCA,alcohol,target,target_domain,Period_III,Day 20,20,alcohol\alcohol_78.csv,5.521549448557545,-4.752897354811498
S1_train_I_test_all,three_class_with_air,C-DANN-UDA,learned latent PCA,alcohol,target,target_domain,Period_III,Day 20,20,alcohol\alcohol_79.csv,4.555142195271719,-4.235043948905652
S1_train_I_test_all,three_class_with_air,C-DANN-UDA,learned latent PCA,alcohol,target,target_domain,Period_III,Day 20,20,alcohol\alcohol_80.csv,4.494229328776816,-4.179719365313446
S1_train_I_test_all,three_class_with_air,C-DANN-UDA,learned latent PCA,alcohol,target,target_domain,Period_III,Day 21,21,alcohol\alcohol_81.csv,2.7842239615713824,-3.159299365927384
S1_train_I_test_all,three_class_with_air,C-DANN-UDA,learned latent PCA,alcohol,target,target_domain,Period_III,Day 21,21,alcohol\alcohol_82.csv,1.8376699363229927,-2.2391658012127227
S1_train_I_test_all,three_class_with_air,C-DANN-UDA,learned latent PCA,alcohol,target,target_domain,Period_III,Day 21,21,alcohol\alcohol_83.csv,3.4406920289867013,-3.2452383534194924
S1_train_I_test_all,three_class_with_air,C-DANN-UDA,learned latent PCA,alcohol,target,target_domain,Period_III,Day 21,21,alcohol\alcohol_84.csv,2.2783924181451285,-2.6235180593158582
S1_train_I_test_all,three_class_with_air,C-DANN-UDA,learned latent PCA,acetone,target,target_domain,Period_IV,Day 22,22,acetone\acetone_85.csv,2.502103714688687,-2.258359738776836
S1_train_I_test_all,three_class_with_air,C-DANN-UDA,learned latent PCA,acetone,target,target_domain,Period_IV,Day 22,22,acetone\acetone_86.csv,4.3039957996492175,-4.089499039358397
S1_train_I_test_all,three_class_with_air,C-DANN-UDA,learned latent PCA,acetone,target,target_domain,Period_IV,Day 22,22,acetone\acetone_87.csv,-9.617145690744513,-1.0585999837846016
S1_train_I_test_all,three_class_with_air,C-DANN-UDA,learned latent PCA,acetone,target,target_domain,Period_IV,Day 22,22,acetone\acetone_88.csv,-9.585873987357992,-0.8041017565686562
S1_train_I_test_all,three_class_with_air,C-DANN-UDA,learned latent PCA,acetone,target,target_domain,Period_IV,Day 23,23,acetone\acetone_89.csv,-9.121997520068643,-0.7391804017165537
S1_train_I_test_all,three_class_with_air,C-DANN-UDA,learned latent PCA,acetone,target,target_domain,Period_IV,Day 23,23,acetone\acetone_90.csv,-10.304222728673176,-0.8279317932914717
S1_train_I_test_all,three_class_with_air,C-DANN-UDA,learned latent PCA,acetone,target,target_domain,Period_IV,Day 23,23,acetone\acetone_91.csv,-12.305647138027334,-0.9860446660284907
S1_train_I_test_all,three_class_with_air,C-DANN-UDA,learned latent PCA,acetone,target,target_domain,Period_IV,Day 23,23,acetone\acetone_92.csv,-12.026501709037413,-0.9517082989464789
S1_train_I_test_all,three_class_with_air,C-DANN-UDA,learned latent PCA,acetone,target,target_domain,Period_IV,Day 24,24,acetone\acetone_93.csv,-8.243435797237224,-0.6676095119327629
S1_train_I_test_all,three_class_with_air,C-DANN-UDA,learned latent PCA,acetone,target,target_domain,Period_IV,Day 24,24,acetone\acetone_94.csv,-6.923285834920539,-0.6088058510743982
S1_train_I_test_all,three_class_with_air,C-DANN-UDA,learned latent PCA,acetone,target,target_domain,Period_IV,Day 24,24,acetone\acetone_95.csv,-9.086808798195975,-0.7511126722327056
S1_train_I_test_all,three_class_with_air,C-DANN-UDA,learned latent PCA,acetone,target,target_domain,Period_IV,Day 24,24,acetone\acetone_96.csv,-7.552062056735148,-0.6400673925871401
S1_train_I_test_all,three_class_with_air,C-DANN-UDA,learned latent PCA,air,target,target_domain,Period_IV,Day 22,22,air\air_63.csv,4.676409293335629,5.783930674072261
S1_train_I_test_all,three_class_with_air,C-DANN-UDA,learned latent PCA,air,target,target_domain,Period_IV,Day 22,22,air\air_64.csv,4.52148347847998,5.337569842001966
S1_train_I_test_all,three_class_with_air,C-DANN-UDA,learned latent PCA,air,target,target_domain,Period_IV,Day 22,22,air\air_65.csv,2.0072221101782843,-3.5898949622338785
S1_train_I_test_all,three_class_with_air,C-DANN-UDA,learned latent PCA,air,target,target_domain,Period_IV,Day 23,23,air\air_66.csv,1.4724524819909677,5.406352442519038
S1_train_I_test_all,three_class_with_air,C-DANN-UDA,learned latent PCA,air,target,target_domain,Period_IV,Day 23,23,air\air_67.csv,2.7136394177391874,7.987417718128788
S1_train_I_test_all,three_class_with_air,C-DANN-UDA,learned latent PCA,air,target,target_domain,Period_IV,Day 23,23,air\air_68.csv,1.9584960063968702,8.992194717690948
S1_train_I_test_all,three_class_with_air,C-DANN-UDA,learned latent PCA,air,target,target_domain,Period_IV,Day 23,23,air\air_69.csv,3.228543586789731,6.661392295235141
S1_train_I_test_all,three_class_with_air,C-DANN-UDA,learned latent PCA,air,target,target_domain,Period_IV,Day 24,24,air\air_70.csv,2.4895484795048626,9.536811997599324
S1_train_I_test_all,three_class_with_air,C-DANN-UDA,learned latent PCA,air,target,target_domain,Period_IV,Day 24,24,air\air_71.csv,2.241184822739632,4.940691313099798
S1_train_I_test_all,three_class_with_air,C-DANN-UDA,learned latent PCA,air,target,target_domain,Period_IV,Day 24,24,air\air_72.csv,2.611676172045854,8.503999410009323
S1_train_I_test_all,three_class_with_air,C-DANN-UDA,learned latent PCA,alcohol,target,target_domain,Period_IV,Day 22,22,alcohol\alcohol_85.csv,4.0038103885439185,-3.3734984812551114
S1_train_I_test_all,three_class_with_air,C-DANN-UDA,learned latent PCA,alcohol,target,target_domain,Period_IV,Day 22,22,alcohol\alcohol_86.csv,4.285843655310419,2.549511741083241
S1_train_I_test_all,three_class_with_air,C-DANN-UDA,learned latent PCA,alcohol,target,target_domain,Period_IV,Day 22,22,alcohol\alcohol_87.csv,3.1115225379459024,-2.646561580656274
S1_train_I_test_all,three_class_with_air,C-DANN-UDA,learned latent PCA,alcohol,target,target_domain,Period_IV,Day 22,22,alcohol\alcohol_88.csv,3.458501117624369,-3.476809592013417
S1_train_I_test_all,three_class_with_air,C-DANN-UDA,learned latent PCA,alcohol,target,target_domain,Period_IV,Day 23,23,alcohol\alcohol_89.csv,1.7835640642770294,-2.177429948221777
S1_train_I_test_all,three_class_with_air,C-DANN-UDA,learned latent PCA,alcohol,target,target_domain,Period_IV,Day 23,23,alcohol\alcohol_90.csv,3.736904547057094,-3.8601147827643736
S1_train_I_test_all,three_class_with_air,C-DANN-UDA,learned latent PCA,alcohol,target,target_domain,Period_IV,Day 23,23,alcohol\alcohol_91.csv,2.785490087951075,-2.5768259075458344
S1_train_I_test_all,three_class_with_air,C-DANN-UDA,learned latent PCA,alcohol,target,target_domain,Period_IV,Day 23,23,alcohol\alcohol_92.csv,4.4170527193926565,-4.484245098146197
S1_train_I_test_all,three_class_with_air,C-DANN-UDA,learned latent PCA,alcohol,target,target_domain,Period_IV,Day 24,24,alcohol\alcohol_93.csv,6.845488998568812,-6.447630029700685
S1_train_I_test_all,three_class_with_air,C-DANN-UDA,learned latent PCA,alcohol,target,target_domain,Period_IV,Day 24,24,alcohol\alcohol_94.csv,3.697073220495969,-3.4045329037191836
S1_train_I_test_all,three_class_with_air,C-DANN-UDA,learned latent PCA,alcohol,target,target_domain,Period_IV,Day 24,24,alcohol\alcohol_95.csv,4.797098988937093,-4.577059762252693
S1_train_I_test_all,three_class_with_air,C-DANN-UDA,learned latent PCA,alcohol,target,target_domain,Period_IV,Day 24,24,alcohol\alcohol_96.csv,3.292633712846723,-3.2025160323106676
S2_train_I_internal_val_test_all,three_class_with_air,C-DANN-UDA,learned latent PCA,acetone,source,source_train,Period_I,Day 1 afternoon,1,acetone\acetone_o1.csv,-1.7177713908189383,1.239219281957419
S2_train_I_internal_val_test_all,three_class_with_air,C-DANN-UDA,learned latent PCA,acetone,source,source_train,Period_I,Day 1 afternoon,1,acetone\acetone_o3.csv,-6.475864055156714,1.4991367326536285
S2_train_I_internal_val_test_all,three_class_with_air,C-DANN-UDA,learned latent PCA,acetone,source,source_train,Period_I,Day 2 noon,2,acetone\acetone_o5.csv,-9.050776544040335,0.5693486855463579
S2_train_I_internal_val_test_all,three_class_with_air,C-DANN-UDA,learned latent PCA,acetone,source,source_train,Period_I,Day 2 noon,2,acetone\acetone_o6.csv,-5.212137177204644,0.31898405966483895
S2_train_I_internal_val_test_all,three_class_with_air,C-DANN-UDA,learned latent PCA,acetone,source,source_train,Period_I,Day 2 afternoon,2,acetone\acetone_o7.csv,-0.9806932806034295,2.50760158479144
S2_train_I_internal_val_test_all,three_class_with_air,C-DANN-UDA,learned latent PCA,acetone,source,source_train,Period_I,Day 2 afternoon,2,acetone\acetone_o8.csv,-4.796564319497934,2.6301628929408762
S2_train_I_internal_val_test_all,three_class_with_air,C-DANN-UDA,learned latent PCA,acetone,source,source_train,Period_I,Day 2 afternoon,2,acetone\acetone_o9.csv,-7.620060490592814,1.5522440214206599
S2_train_I_internal_val_test_all,three_class_with_air,C-DANN-UDA,learned latent PCA,acetone,source,source_train,Period_I,Day 3 noon,3,acetone\acetone_o10.csv,-3.446516308603485,1.1760276822018352
S2_train_I_internal_val_test_all,three_class_with_air,C-DANN-UDA,learned latent PCA,acetone,source,source_train,Period_I,Day 3 noon,3,acetone\acetone_o11.csv,-5.5632348479512475,0.7282788338760599
S2_train_I_internal_val_test_all,three_class_with_air,C-DANN-UDA,learned latent PCA,acetone,source,source_train,Period_I,Day 3 noon,3,acetone\acetone_o12.csv,-12.861237408858047,1.813189718255017
S2_train_I_internal_val_test_all,three_class_with_air,C-DANN-UDA,learned latent PCA,air,source,source_train,Period_I,baseline,0,air\baseline_1.csv,5.019012792715716,6.1164764526893185
S2_train_I_internal_val_test_all,three_class_with_air,C-DANN-UDA,learned latent PCA,air,source,source_train,Period_I,baseline,0,air\baseline_3.csv,4.092765493373331,4.738789131959365
S2_train_I_internal_val_test_all,three_class_with_air,C-DANN-UDA,learned latent PCA,air,source,source_train,Period_I,baseline,0,air\baseline_4.csv,4.205770297785736,5.116489536143992
S2_train_I_internal_val_test_all,three_class_with_air,C-DANN-UDA,learned latent PCA,air,source,source_train,Period_I,baseline,0,air\baseline_5.csv,4.152116868956962,4.136330193264612
S2_train_I_internal_val_test_all,three_class_with_air,C-DANN-UDA,learned latent PCA,air,source,source_train,Period_I,baseline,0,air\baseline_6.csv,6.462457331639017,4.35441985129684
S2_train_I_internal_val_test_all,three_class_with_air,C-DANN-UDA,learned latent PCA,alcohol,source,source_train,Period_I,Day 1 afternoon,1,alcohol\alcohol_o1.csv,0.3060139496333126,-4.003107975669859
S2_train_I_internal_val_test_all,three_class_with_air,C-DANN-UDA,learned latent PCA,alcohol,source,source_train,Period_I,Day 1 afternoon,1,alcohol\alcohol_o2.csv,0.8926984564360326,-4.5198914333065305
S2_train_I_internal_val_test_all,three_class_with_air,C-DANN-UDA,learned latent PCA,alcohol,source,source_train,Period_I,Day 1 afternoon,1,alcohol\alcohol_o3.csv,0.39499455719767834,-4.593888754434392
S2_train_I_internal_val_test_all,three_class_with_air,C-DANN-UDA,learned latent PCA,alcohol,source,source_train,Period_I,Day 2 noon,2,alcohol\alcohol_o5.csv,2.7485775382011237,-3.3866978193446515
S2_train_I_internal_val_test_all,three_class_with_air,C-DANN-UDA,learned latent PCA,alcohol,source,source_train,Period_I,Day 2 noon,2,alcohol\alcohol_o6.csv,2.198352480837623,-3.295036378921219
S2_train_I_internal_val_test_all,three_class_with_air,C-DANN-UDA,learned latent PCA,alcohol,source,source_train,Period_I,Day 2 afternoon,2,alcohol\alcohol_o7.csv,2.708154539242638,-7.958022991485637
S2_train_I_internal_val_test_all,three_class_with_air,C-DANN-UDA,learned latent PCA,alcohol,source,source_train,Period_I,Day 2 afternoon,2,alcohol\alcohol_o8.csv,2.0666318643781563,-5.140737726830895
S2_train_I_internal_val_test_all,three_class_with_air,C-DANN-UDA,learned latent PCA,alcohol,source,source_train,Period_I,Day 2 afternoon,2,alcohol\alcohol_o9.csv,2.2385809694753234,-3.461356462078726
S2_train_I_internal_val_test_all,three_class_with_air,C-DANN-UDA,learned latent PCA,alcohol,source,source_train,Period_I,Day 3 noon,3,alcohol\alcohol_o10.csv,2.629219442344996,-6.26587498397701
S2_train_I_internal_val_test_all,three_class_with_air,C-DANN-UDA,learned latent PCA,alcohol,source,source_train,Period_I,Day 3 noon,3,alcohol\alcohol_o12.csv,2.632169061769671,-4.977520277507437
S2_train_I_internal_val_test_all,three_class_with_air,C-DANN-UDA,learned latent PCA,acetone,source,source_val,Period_I,Day 1 afternoon,1,acetone\acetone_o2.csv,1.143279148237149,1.6373602148052377
S2_train_I_internal_val_test_all,three_class_with_air,C-DANN-UDA,learned latent PCA,acetone,source,source_val,Period_I,Day 2 noon,2,acetone\acetone_o4.csv,-13.935242681833685,-0.07007895151793682
S2_train_I_internal_val_test_all,three_class_with_air,C-DANN-UDA,learned latent PCA,air,source,source_val,Period_I,baseline,0,air\baseline_7.csv,4.426379037014285,5.537347443222578
S2_train_I_internal_val_test_all,three_class_with_air,C-DANN-UDA,learned latent PCA,alcohol,source,source_val,Period_I,Day 2 noon,2,alcohol\alcohol_o4.csv,1.511650291586989,1.9997802253452082
S2_train_I_internal_val_test_all,three_class_with_air,C-DANN-UDA,learned latent PCA,alcohol,source,source_val,Period_I,Day 3 noon,3,alcohol\alcohol_o11.csv,2.075268857998972,-3.6383532175363014
S2_train_I_internal_val_test_all,three_class_with_air,C-DANN-UDA,learned latent PCA,acetone,target,target_domain,Period_II,Day 1,1,acetone\acetone_1.csv,-17.2364698628438,0.8741430815969623
S2_train_I_internal_val_test_all,three_class_with_air,C-DANN-UDA,learned latent PCA,acetone,target,target_domain,Period_II,Day 1,1,acetone\acetone_2.csv,-12.55345692791338,1.6351951469954764
S2_train_I_internal_val_test_all,three_class_with_air,C-DANN-UDA,learned latent PCA,acetone,target,target_domain,Period_II,Day 1,1,acetone\acetone_3.csv,-6.1000170821189625,1.0519760758365788
S2_train_I_internal_val_test_all,three_class_with_air,C-DANN-UDA,learned latent PCA,acetone,target,target_domain,Period_II,Day 1,1,acetone\acetone_4.csv,-13.45462560610439,2.5769940899147157
S2_train_I_internal_val_test_all,three_class_with_air,C-DANN-UDA,learned latent PCA,acetone,target,target_domain,Period_II,Day 1,1,acetone\acetone_5.csv,-3.269437167210737,-0.3880049718782784
S2_train_I_internal_val_test_all,three_class_with_air,C-DANN-UDA,learned latent PCA,acetone,target,target_domain,Period_II,Day 2,2,acetone\acetone_10.csv,-9.124466898770725,2.0645413795640475
S2_train_I_internal_val_test_all,three_class_with_air,C-DANN-UDA,learned latent PCA,acetone,target,target_domain,Period_II,Day 2,2,acetone\acetone_6.csv,-6.17650470965853,3.5679351544151903
S2_train_I_internal_val_test_all,three_class_with_air,C-DANN-UDA,learned latent PCA,acetone,target,target_domain,Period_II,Day 2,2,acetone\acetone_7.csv,-10.731577344474518,0.7395368969493205
S2_train_I_internal_val_test_all,three_class_with_air,C-DANN-UDA,learned latent PCA,acetone,target,target_domain,Period_II,Day 2,2,acetone\acetone_8.csv,-3.351270822258131,3.3604145270250636
S2_train_I_internal_val_test_all,three_class_with_air,C-DANN-UDA,learned latent PCA,acetone,target,target_domain,Period_II,Day 2,2,acetone\acetone_9.csv,-9.346257887363157,1.959276646575867
S2_train_I_internal_val_test_all,three_class_with_air,C-DANN-UDA,learned latent PCA,air,target,target_domain,Period_II,Day 1,1,air\air_1.csv,3.5923349286397297,6.059541261462539
S2_train_I_internal_val_test_all,three_class_with_air,C-DANN-UDA,learned latent PCA,air,target,target_domain,Period_II,Day 1,1,air\air_2.csv,3.089015539103312,1.0730555536476734
S2_train_I_internal_val_test_all,three_class_with_air,C-DANN-UDA,learned latent PCA,air,target,target_domain,Period_II,Day 1,1,air\reference_1.csv,5.6598245325758185,4.183079518135334
S2_train_I_internal_val_test_all,three_class_with_air,C-DANN-UDA,learned latent PCA,air,target,target_domain,Period_II,Day 1,1,air\reference_2.csv,4.283491070491397,0.5896209596752368
S2_train_I_internal_val_test_all,three_class_with_air,C-DANN-UDA,learned latent PCA,air,target,target_domain,Period_II,Day 1,1,air\reference_3.csv,11.083666340698608,19.42984115954222
S2_train_I_internal_val_test_all,three_class_with_air,C-DANN-UDA,learned latent PCA,air,target,target_domain,Period_II,Day 1,1,air\reference_4.csv,5.794636859487012,6.856387096443283
S2_train_I_internal_val_test_all,three_class_with_air,C-DANN-UDA,learned latent PCA,air,target,target_domain,Period_II,Day 2,2,air\air_3.csv,4.345144969794599,6.103407142777132
S2_train_I_internal_val_test_all,three_class_with_air,C-DANN-UDA,learned latent PCA,air,target,target_domain,Period_II,Day 2,2,air\air_4.csv,5.108690766857704,4.750560937830667
S2_train_I_internal_val_test_all,three_class_with_air,C-DANN-UDA,learned latent PCA,alcohol,target,target_domain,Period_II,Day 1,1,alcohol\alcohol_1.csv,1.1815791306850478,-2.8742121364992816
S2_train_I_internal_val_test_all,three_class_with_air,C-DANN-UDA,learned latent PCA,alcohol,target,target_domain,Period_II,Day 1,1,alcohol\alcohol_2.csv,1.7967365117072907,-11.629801530430987
S2_train_I_internal_val_test_all,three_class_with_air,C-DANN-UDA,learned latent PCA,alcohol,target,target_domain,Period_II,Day 1,1,alcohol\alcohol_3.csv,1.566554719539535,-8.904507716175907
S2_train_I_internal_val_test_all,three_class_with_air,C-DANN-UDA,learned latent PCA,alcohol,target,target_domain,Period_II,Day 1,1,alcohol\alcohol_4.csv,-3.731802894453411,-0.7182811415314733
S2_train_I_internal_val_test_all,three_class_with_air,C-DANN-UDA,learned latent PCA,alcohol,target,target_domain,Period_II,Day 1,1,alcohol\alcohol_5.csv,1.556523281686025,-7.340704270792703
S2_train_I_internal_val_test_all,three_class_with_air,C-DANN-UDA,learned latent PCA,alcohol,target,target_domain,Period_II,Day 2,2,alcohol\alcohol_10.csv,1.7557314643495099,-4.104572149347949
S2_train_I_internal_val_test_all,three_class_with_air,C-DANN-UDA,learned latent PCA,alcohol,target,target_domain,Period_II,Day 2,2,alcohol\alcohol_6.csv,1.4070895686068605,-5.835557858476585
S2_train_I_internal_val_test_all,three_class_with_air,C-DANN-UDA,learned latent PCA,alcohol,target,target_domain,Period_II,Day 2,2,alcohol\alcohol_7.csv,1.7912602092837986,1.2399681487194185
S2_train_I_internal_val_test_all,three_class_with_air,C-DANN-UDA,learned latent PCA,alcohol,target,target_domain,Period_II,Day 2,2,alcohol\alcohol_8.csv,0.8949839701076926,-2.602055096682183
S2_train_I_internal_val_test_all,three_class_with_air,C-DANN-UDA,learned latent PCA,alcohol,target,target_domain,Period_II,Day 2,2,alcohol\alcohol_9.csv,1.314908248380766,-2.4350196598698117
S2_train_I_internal_val_test_all,three_class_with_air,C-DANN-UDA,learned latent PCA,acetone,target,target_domain,Period_II,Day 3,3,acetone\acetone_11.csv,-4.689328083550119,2.8395440314646465
S2_train_I_internal_val_test_all,three_class_with_air,C-DANN-UDA,learned latent PCA,acetone,target,target_domain,Period_II,Day 3,3,acetone\acetone_12.csv,-2.986516283098766,3.1375482509647457
S2_train_I_internal_val_test_all,three_class_with_air,C-DANN-UDA,learned latent PCA,acetone,target,target_domain,Period_II,Day 3,3,acetone\acetone_13.csv,-4.622930942632209,2.3603233511419632
S2_train_I_internal_val_test_all,three_class_with_air,C-DANN-UDA,learned latent PCA,acetone,target,target_domain,Period_II,Day 3,3,acetone\acetone_14.csv,-3.1297396509024016,3.477490852981043
S2_train_I_internal_val_test_all,three_class_with_air,C-DANN-UDA,learned latent PCA,acetone,target,target_domain,Period_II,Day 3,3,acetone\acetone_15.csv,-4.738205518036671,2.290499311796327
S2_train_I_internal_val_test_all,three_class_with_air,C-DANN-UDA,learned latent PCA,acetone,target,target_domain,Period_II,Day 4,4,acetone\acetone_16.csv,-1.5547066560133898,1.6323670466225737
S2_train_I_internal_val_test_all,three_class_with_air,C-DANN-UDA,learned latent PCA,acetone,target,target_domain,Period_II,Day 4,4,acetone\acetone_17.csv,-3.8927358463146065,1.915869242760743
S2_train_I_internal_val_test_all,three_class_with_air,C-DANN-UDA,learned latent PCA,acetone,target,target_domain,Period_II,Day 4,4,acetone\acetone_18.csv,-3.682078260236983,1.4704465141683054
S2_train_I_internal_val_test_all,three_class_with_air,C-DANN-UDA,learned latent PCA,acetone,target,target_domain,Period_II,Day 4,4,acetone\acetone_19.csv,1.8312111665120898,1.591438629800948
S2_train_I_internal_val_test_all,three_class_with_air,C-DANN-UDA,learned latent PCA,acetone,target,target_domain,Period_II,Day 4,4,acetone\acetone_20.csv,0.15667214190398204,1.6711048858306643
S2_train_I_internal_val_test_all,three_class_with_air,C-DANN-UDA,learned latent PCA,acetone,target,target_domain,Period_II,Day 5,5,acetone\acetone_21.csv,-8.412506022492934,1.4795344464650795
S2_train_I_internal_val_test_all,three_class_with_air,C-DANN-UDA,learned latent PCA,acetone,target,target_domain,Period_II,Day 5,5,acetone\acetone_22.csv,2.686963405648946,-5.307699834248639
S2_train_I_internal_val_test_all,three_class_with_air,C-DANN-UDA,learned latent PCA,acetone,target,target_domain,Period_II,Day 5,5,acetone\acetone_23.csv,-7.036939220540942,1.1059912262629323
S2_train_I_internal_val_test_all,three_class_with_air,C-DANN-UDA,learned latent PCA,acetone,target,target_domain,Period_II,Day 5,5,acetone\acetone_24.csv,-11.05032884377989,1.6063021264529789
S2_train_I_internal_val_test_all,three_class_with_air,C-DANN-UDA,learned latent PCA,acetone,target,target_domain,Period_II,Day 5,5,acetone\acetone_25.csv,-0.325434809077719,-1.4922953384279944
S2_train_I_internal_val_test_all,three_class_with_air,C-DANN-UDA,learned latent PCA,acetone,target,target_domain,Period_II,Day 6,6,acetone\acetone_26.csv,-1.932775414160578,2.104506482186977
S2_train_I_internal_val_test_all,three_class_with_air,C-DANN-UDA,learned latent PCA,acetone,target,target_domain,Period_II,Day 6,6,acetone\acetone_27.csv,-4.750206468284906,2.9058013239166742
S2_train_I_internal_val_test_all,three_class_with_air,C-DANN-UDA,learned latent PCA,acetone,target,target_domain,Period_II,Day 6,6,acetone\acetone_28.csv,-3.458772535872387,1.281233731792335
S2_train_I_internal_val_test_all,three_class_with_air,C-DANN-UDA,learned latent PCA,acetone,target,target_domain,Period_II,Day 6,6,acetone\acetone_29.csv,-2.0422555711823125,-0.44113686915522166
S2_train_I_internal_val_test_all,three_class_with_air,C-DANN-UDA,learned latent PCA,acetone,target,target_domain,Period_II,Day 6,6,acetone\acetone_30.csv,-5.654101751351122,1.8610359176304274
S2_train_I_internal_val_test_all,three_class_with_air,C-DANN-UDA,learned latent PCA,acetone,target,target_domain,Period_II,Day 6,6,acetone\acetone_31.csv,-8.697292929480806,1.561830066336926
S2_train_I_internal_val_test_all,three_class_with_air,C-DANN-UDA,learned latent PCA,acetone,target,target_domain,Period_II,Day 6,6,acetone\acetone_32.csv,-3.4931543751538987,1.2432020635421182
S2_train_I_internal_val_test_all,three_class_with_air,C-DANN-UDA,learned latent PCA,acetone,target,target_domain,Period_II,Day 7,7,acetone\acetone_33.csv,-0.5623866470363038,1.2674511720057928
S2_train_I_internal_val_test_all,three_class_with_air,C-DANN-UDA,learned latent PCA,acetone,target,target_domain,Period_II,Day 7,7,acetone\acetone_34.csv,-4.79195853928687,3.216164419298238
S2_train_I_internal_val_test_all,three_class_with_air,C-DANN-UDA,learned latent PCA,acetone,target,target_domain,Period_II,Day 7,7,acetone\acetone_35.csv,-7.514263852474931,1.4500514806590616
S2_train_I_internal_val_test_all,three_class_with_air,C-DANN-UDA,learned latent PCA,acetone,target,target_domain,Period_II,Day 8,8,acetone\acetone_36.csv,-6.5668957607101985,1.4559102725137358
S2_train_I_internal_val_test_all,three_class_with_air,C-DANN-UDA,learned latent PCA,acetone,target,target_domain,Period_II,Day 8,8,acetone\acetone_37.csv,-2.0787951770044684,3.5650867854208146
S2_train_I_internal_val_test_all,three_class_with_air,C-DANN-UDA,learned latent PCA,acetone,target,target_domain,Period_II,Day 8,8,acetone\acetone_38.csv,-0.10776760541529137,3.348764786609073
S2_train_I_internal_val_test_all,three_class_with_air,C-DANN-UDA,learned latent PCA,acetone,target,target_domain,Period_II,Day 9,9,acetone\acetone_39.csv,-3.559331325612206,1.0063468089353946
S2_train_I_internal_val_test_all,three_class_with_air,C-DANN-UDA,learned latent PCA,acetone,target,target_domain,Period_II,Day 9,9,acetone\acetone_40.csv,-0.8625841110031325,2.0707261826309558
S2_train_I_internal_val_test_all,three_class_with_air,C-DANN-UDA,learned latent PCA,acetone,target,target_domain,Period_II,Day 9,9,acetone\acetone_41.csv,-6.845395586960775,1.5618951809232988
S2_train_I_internal_val_test_all,three_class_with_air,C-DANN-UDA,learned latent PCA,acetone,target,target_domain,Period_II,Day 9,9,acetone\acetone_42.csv,-7.24303865476038,0.5884626779021758
S2_train_I_internal_val_test_all,three_class_with_air,C-DANN-UDA,learned latent PCA,acetone,target,target_domain,Period_II,Day 9,9,acetone\acetone_43.csv,-6.323052050629397,1.3667530509093073
S2_train_I_internal_val_test_all,three_class_with_air,C-DANN-UDA,learned latent PCA,air,target,target_domain,Period_II,Day 3,3,air\air_5.csv,4.48142908380454,4.24648838941162
S2_train_I_internal_val_test_all,three_class_with_air,C-DANN-UDA,learned latent PCA,air,target,target_domain,Period_II,Day 3,3,air\air_6.csv,4.76840799575871,6.803965549396627
S2_train_I_internal_val_test_all,three_class_with_air,C-DANN-UDA,learned latent PCA,air,target,target_domain,Period_II,Day 3,3,air\reference_5.csv,2.6029958828785418,-7.281480222692174
S2_train_I_internal_val_test_all,three_class_with_air,C-DANN-UDA,learned latent PCA,air,target,target_domain,Period_II,Day 3,3,air\reference_6.csv,4.4540593848816386,4.967425020517153
S2_train_I_internal_val_test_all,three_class_with_air,C-DANN-UDA,learned latent PCA,air,target,target_domain,Period_II,Day 4,4,air\air_7.csv,4.093333410205733,1.4401591915018417
S2_train_I_internal_val_test_all,three_class_with_air,C-DANN-UDA,learned latent PCA,air,target,target_domain,Period_II,Day 4,4,air\air_8.csv,4.549062496389158,4.21857559523891
S2_train_I_internal_val_test_all,three_class_with_air,C-DANN-UDA,learned latent PCA,air,target,target_domain,Period_II,Day 4,4,air\reference_7.csv,4.073996896523751,3.707379449371324
S2_train_I_internal_val_test_all,three_class_with_air,C-DANN-UDA,learned latent PCA,air,target,target_domain,Period_II,Day 4,4,air\reference_8.csv,6.120153936200183,5.7948549617707625
S2_train_I_internal_val_test_all,three_class_with_air,C-DANN-UDA,learned latent PCA,air,target,target_domain,Period_II,Day 5,5,air\air_10.csv,4.455699065698215,1.2249680703639187
S2_train_I_internal_val_test_all,three_class_with_air,C-DANN-UDA,learned latent PCA,air,target,target_domain,Period_II,Day 5,5,air\air_9.csv,4.985411580823195,4.495797667973662
S2_train_I_internal_val_test_all,three_class_with_air,C-DANN-UDA,learned latent PCA,air,target,target_domain,Period_II,Day 6,6,air\air_11.csv,5.698624042890282,3.06329466753455
S2_train_I_internal_val_test_all,three_class_with_air,C-DANN-UDA,learned latent PCA,air,target,target_domain,Period_II,Day 6,6,air\air_12.csv,5.180380919247426,4.989872696165074
S2_train_I_internal_val_test_all,three_class_with_air,C-DANN-UDA,learned latent PCA,air,target,target_domain,Period_II,Day 6,6,air\air_13.csv,5.687909554103742,6.1335139735594995
S2_train_I_internal_val_test_all,three_class_with_air,C-DANN-UDA,learned latent PCA,air,target,target_domain,Period_II,Day 8,8,air\air_14.csv,5.341431631417027,5.488766480584792
S2_train_I_internal_val_test_all,three_class_with_air,C-DANN-UDA,learned latent PCA,air,target,target_domain,Period_II,Day 8,8,air\air_15.csv,4.5811698698318,5.658946851702293
S2_train_I_internal_val_test_all,three_class_with_air,C-DANN-UDA,learned latent PCA,air,target,target_domain,Period_II,Day 8,8,air\reference_9.csv,2.8398606290925184,-3.324045745754868
S2_train_I_internal_val_test_all,three_class_with_air,C-DANN-UDA,learned latent PCA,air,target,target_domain,Period_II,Day 9,9,air\air_16.csv,5.423217300856365,5.14553853942332
S2_train_I_internal_val_test_all,three_class_with_air,C-DANN-UDA,learned latent PCA,air,target,target_domain,Period_II,Day 9,9,air\air_17.csv,5.199017692337521,5.758748963179022
S2_train_I_internal_val_test_all,three_class_with_air,C-DANN-UDA,learned latent PCA,alcohol,target,target_domain,Period_II,Day 3,3,alcohol\alcohol_11.csv,2.0961862141768837,-5.468999910890627
S2_train_I_internal_val_test_all,three_class_with_air,C-DANN-UDA,learned latent PCA,alcohol,target,target_domain,Period_II,Day 3,3,alcohol\alcohol_12.csv,2.074360062016672,-4.342789106239592
S2_train_I_internal_val_test_all,three_class_with_air,C-DANN-UDA,learned latent PCA,alcohol,target,target_domain,Period_II,Day 3,3,alcohol\alcohol_13.csv,2.108072247009548,-5.987040488672679
S2_train_I_internal_val_test_all,three_class_with_air,C-DANN-UDA,learned latent PCA,alcohol,target,target_domain,Period_II,Day 3,3,alcohol\alcohol_14.csv,1.9907240972464624,-2.299081619581035
S2_train_I_internal_val_test_all,three_class_with_air,C-DANN-UDA,learned latent PCA,alcohol,target,target_domain,Period_II,Day 3,3,alcohol\alcohol_15.csv,0.8621960264152522,-1.827690994260287
S2_train_I_internal_val_test_all,three_class_with_air,C-DANN-UDA,learned latent PCA,alcohol,target,target_domain,Period_II,Day 4,4,alcohol\alcohol_16.csv,1.5583256412775517,-2.2024737290257774
S2_train_I_internal_val_test_all,three_class_with_air,C-DANN-UDA,learned latent PCA,alcohol,target,target_domain,Period_II,Day 4,4,alcohol\alcohol_17.csv,3.2062798838406517,-2.527568882765587
S2_train_I_internal_val_test_all,three_class_with_air,C-DANN-UDA,learned latent PCA,alcohol,target,target_domain,Period_II,Day 4,4,alcohol\alcohol_18.csv,2.684568548472948,-3.7664948027539547
S2_train_I_internal_val_test_all,three_class_with_air,C-DANN-UDA,learned latent PCA,alcohol,target,target_domain,Period_II,Day 4,4,alcohol\alcohol_19.csv,0.9772835168912497,1.1609109799742914
S2_train_I_internal_val_test_all,three_class_with_air,C-DANN-UDA,learned latent PCA,alcohol,target,target_domain,Period_II,Day 4,4,alcohol\alcohol_20.csv,2.007065725825018,-1.9443258731242916
S2_train_I_internal_val_test_all,three_class_with_air,C-DANN-UDA,learned latent PCA,alcohol,target,target_domain,Period_II,Day 5,5,alcohol\alcohol_21.csv,1.8062177457547801,-5.908375079977263
S2_train_I_internal_val_test_all,three_class_with_air,C-DANN-UDA,learned latent PCA,alcohol,target,target_domain,Period_II,Day 5,5,alcohol\alcohol_22.csv,2.5672305388863954,-3.1874464571708483
S2_train_I_internal_val_test_all,three_class_with_air,C-DANN-UDA,learned latent PCA,alcohol,target,target_domain,Period_II,Day 5,5,alcohol\alcohol_23.csv,-16.53537989825588,-2.787355825597121
S2_train_I_internal_val_test_all,three_class_with_air,C-DANN-UDA,learned latent PCA,alcohol,target,target_domain,Period_II,Day 5,5,alcohol\alcohol_24.csv,2.327838082487308,-3.705717723720165
S2_train_I_internal_val_test_all,three_class_with_air,C-DANN-UDA,learned latent PCA,alcohol,target,target_domain,Period_II,Day 5,5,alcohol\alcohol_25.csv,2.5161457619524428,-2.544965927748621
S2_train_I_internal_val_test_all,three_class_with_air,C-DANN-UDA,learned latent PCA,alcohol,target,target_domain,Period_II,Day 6,6,alcohol\alcohol_26.csv,1.700355178254858,-3.7515148769426667
S2_train_I_internal_val_test_all,three_class_with_air,C-DANN-UDA,learned latent PCA,alcohol,target,target_domain,Period_II,Day 6,6,alcohol\alcohol_27.csv,-0.6651853708619179,-2.7344589672184685
S2_train_I_internal_val_test_all,three_class_with_air,C-DANN-UDA,learned latent PCA,alcohol,target,target_domain,Period_II,Day 6,6,alcohol\alcohol_28.csv,0.7452684253458289,-11.07593572729077
S2_train_I_internal_val_test_all,three_class_with_air,C-DANN-UDA,learned latent PCA,alcohol,target,target_domain,Period_II,Day 6,6,alcohol\alcohol_29.csv,2.0768568967434686,-4.4359717058012675
S2_train_I_internal_val_test_all,three_class_with_air,C-DANN-UDA,learned latent PCA,alcohol,target,target_domain,Period_II,Day 6,6,alcohol\alcohol_30.csv,2.3773732756426575,-3.6992196396579726
S2_train_I_internal_val_test_all,three_class_with_air,C-DANN-UDA,learned latent PCA,alcohol,target,target_domain,Period_II,Day 6,6,alcohol\alcohol_31.csv,0.6397963169260491,-1.9518925878231859
S2_train_I_internal_val_test_all,three_class_with_air,C-DANN-UDA,learned latent PCA,alcohol,target,target_domain,Period_II,Day 6,6,alcohol\alcohol_32.csv,2.8464382737000524,-9.323093197380624
S2_train_I_internal_val_test_all,three_class_with_air,C-DANN-UDA,learned latent PCA,alcohol,target,target_domain,Period_II,Day 7,7,alcohol\alcohol_33.csv,1.0826563550323234,-3.9962354583277375
S2_train_I_internal_val_test_all,three_class_with_air,C-DANN-UDA,learned latent PCA,alcohol,target,target_domain,Period_II,Day 7,7,alcohol\alcohol_34.csv,1.5550093197196229,-2.1826965916257315
S2_train_I_internal_val_test_all,three_class_with_air,C-DANN-UDA,learned latent PCA,alcohol,target,target_domain,Period_II,Day 7,7,alcohol\alcohol_35.csv,0.03099821009004707,-3.853320492975716
S2_train_I_internal_val_test_all,three_class_with_air,C-DANN-UDA,learned latent PCA,alcohol,target,target_domain,Period_II,Day 8,8,alcohol\alcohol_36.csv,3.198538357127739,0.8735434502961595
S2_train_I_internal_val_test_all,three_class_with_air,C-DANN-UDA,learned latent PCA,alcohol,target,target_domain,Period_II,Day 8,8,alcohol\alcohol_37.csv,2.988149857503025,-2.4190925063599287
S2_train_I_internal_val_test_all,three_class_with_air,C-DANN-UDA,learned latent PCA,alcohol,target,target_domain,Period_II,Day 8,8,alcohol\alcohol_38.csv,1.17679162701648,-0.9967120156782745
S2_train_I_internal_val_test_all,three_class_with_air,C-DANN-UDA,learned latent PCA,alcohol,target,target_domain,Period_II,Day 9,9,alcohol\alcohol_39.csv,4.0173266302741695,-5.5843140725868725
S2_train_I_internal_val_test_all,three_class_with_air,C-DANN-UDA,learned latent PCA,alcohol,target,target_domain,Period_II,Day 9,9,alcohol\alcohol_40.csv,3.2806668573154365,-8.50209142553015
S2_train_I_internal_val_test_all,three_class_with_air,C-DANN-UDA,learned latent PCA,alcohol,target,target_domain,Period_II,Day 9,9,alcohol\alcohol_41.csv,2.866795799154959,2.1335674694167874
S2_train_I_internal_val_test_all,three_class_with_air,C-DANN-UDA,learned latent PCA,alcohol,target,target_domain,Period_II,Day 9,9,alcohol\alcohol_42.csv,0.06849947830107254,-0.3773756952547316
S2_train_I_internal_val_test_all,three_class_with_air,C-DANN-UDA,learned latent PCA,alcohol,target,target_domain,Period_II,Day 9,9,alcohol\alcohol_43.csv,1.2810030379145065,-0.5750653859403411
S2_train_I_internal_val_test_all,three_class_with_air,C-DANN-UDA,learned latent PCA,acetone,target,target_domain,Period_II,Day 10,10,acetone\acetone_44.csv,-9.943513309339506,1.5608280783133164
S2_train_I_internal_val_test_all,three_class_with_air,C-DANN-UDA,learned latent PCA,acetone,target,target_domain,Period_II,Day 10,10,acetone\acetone_45.csv,-0.8008380578271572,1.6081357712730695
S2_train_I_internal_val_test_all,three_class_with_air,C-DANN-UDA,learned latent PCA,acetone,target,target_domain,Period_II,Day 10,10,acetone\acetone_46.csv,-2.107767701101394,0.4790655070477101
S2_train_I_internal_val_test_all,three_class_with_air,C-DANN-UDA,learned latent PCA,acetone,target,target_domain,Period_II,Day 10,10,acetone\acetone_47.csv,1.2613283143420186,-4.455355334097136
S2_train_I_internal_val_test_all,three_class_with_air,C-DANN-UDA,learned latent PCA,acetone,target,target_domain,Period_II,Day 11,11,acetone\acetone_48.csv,-0.9943381031419247,-0.8291632809056613
S2_train_I_internal_val_test_all,three_class_with_air,C-DANN-UDA,learned latent PCA,acetone,target,target_domain,Period_II,Day 11,11,acetone\acetone_49.csv,-8.24422865330963,0.8712170140133879
S2_train_I_internal_val_test_all,three_class_with_air,C-DANN-UDA,learned latent PCA,acetone,target,target_domain,Period_II,Day 11,11,acetone\acetone_50.csv,1.7308337462731254,-5.05111642976707
S2_train_I_internal_val_test_all,three_class_with_air,C-DANN-UDA,learned latent PCA,acetone,target,target_domain,Period_II,Day 11,11,acetone\acetone_51.csv,-3.2813826406829483,0.6143625479628111
S2_train_I_internal_val_test_all,three_class_with_air,C-DANN-UDA,learned latent PCA,acetone,target,target_domain,Period_II,Day 12,12,acetone\acetone_52.csv,0.7775131320603489,-2.062269017490144
S2_train_I_internal_val_test_all,three_class_with_air,C-DANN-UDA,learned latent PCA,acetone,target,target_domain,Period_II,Day 12,12,acetone\acetone_53.csv,0.9719959237532168,-2.701251911983289
S2_train_I_internal_val_test_all,three_class_with_air,C-DANN-UDA,learned latent PCA,acetone,target,target_domain,Period_II,Day 12,12,acetone\acetone_54.csv,2.3852243884283864,5.1177787230295015
S2_train_I_internal_val_test_all,three_class_with_air,C-DANN-UDA,learned latent PCA,acetone,target,target_domain,Period_II,Day 12,12,acetone\acetone_55.csv,1.3853180503648306,-3.4801139387468254
S2_train_I_internal_val_test_all,three_class_with_air,C-DANN-UDA,learned latent PCA,acetone,target,target_domain,Period_II,Day 13,13,acetone\acetone_56.csv,-0.5514263390349999,0.6388360970140597
S2_train_I_internal_val_test_all,three_class_with_air,C-DANN-UDA,learned latent PCA,acetone,target,target_domain,Period_II,Day 13,13,acetone\acetone_57.csv,-0.11606174384260365,-1.0403303866745766
S2_train_I_internal_val_test_all,three_class_with_air,C-DANN-UDA,learned latent PCA,acetone,target,target_domain,Period_II,Day 14,14,acetone\acetone_58.csv,-2.4650369025787233,0.8280738502730315
S2_train_I_internal_val_test_all,three_class_with_air,C-DANN-UDA,learned latent PCA,acetone,target,target_domain,Period_II,Day 14,14,acetone\acetone_59.csv,-3.55762623133802,2.495196036016299
S2_train_I_internal_val_test_all,three_class_with_air,C-DANN-UDA,learned latent PCA,acetone,target,target_domain,Period_II,Day 14,14,acetone\acetone_60.csv,-11.2778467388203,2.0488725856095193
S2_train_I_internal_val_test_all,three_class_with_air,C-DANN-UDA,learned latent PCA,acetone,target,target_domain,Period_II,Day 15,15,acetone\acetone_61.csv,-0.30328756766624104,3.1413340563818957
S2_train_I_internal_val_test_all,three_class_with_air,C-DANN-UDA,learned latent PCA,acetone,target,target_domain,Period_II,Day 15,15,acetone\acetone_62.csv,0.8921473672861437,-3.6540167953327103
S2_train_I_internal_val_test_all,three_class_with_air,C-DANN-UDA,learned latent PCA,acetone,target,target_domain,Period_II,Day 15,15,acetone\acetone_63.csv,-0.45010182113251196,2.0639008989552727
S2_train_I_internal_val_test_all,three_class_with_air,C-DANN-UDA,learned latent PCA,acetone,target,target_domain,Period_II,Day 17,17,acetone\acetone_64.csv,-2.5663750206807165,0.7056573507949985
S2_train_I_internal_val_test_all,three_class_with_air,C-DANN-UDA,learned latent PCA,acetone,target,target_domain,Period_II,Day 17,17,acetone\acetone_65.csv,-0.9548241426999245,2.9686607078838927
S2_train_I_internal_val_test_all,three_class_with_air,C-DANN-UDA,learned latent PCA,acetone,target,target_domain,Period_II,Day 17,17,acetone\acetone_66.csv,0.13563092344375388,2.8294730583651497
S2_train_I_internal_val_test_all,three_class_with_air,C-DANN-UDA,learned latent PCA,acetone,target,target_domain,Period_II,Day 17,17,acetone\acetone_67.csv,-4.537264834899148,1.2591436114040742
S2_train_I_internal_val_test_all,three_class_with_air,C-DANN-UDA,learned latent PCA,acetone,target,target_domain,Period_II,Day 17,17,acetone\acetone_68.csv,-5.7721158037477975,1.5317126154141347
S2_train_I_internal_val_test_all,three_class_with_air,C-DANN-UDA,learned latent PCA,air,target,target_domain,Period_II,Day 10,10,air\air_18.csv,5.696994339194179,6.6570681016432625
S2_train_I_internal_val_test_all,three_class_with_air,C-DANN-UDA,learned latent PCA,air,target,target_domain,Period_II,Day 10,10,air\air_19.csv,3.494720394718068,-3.76016748886462
S2_train_I_internal_val_test_all,three_class_with_air,C-DANN-UDA,learned latent PCA,air,target,target_domain,Period_II,Day 11,11,air\air_20.csv,4.130518318936735,-0.9325454491366814
S2_train_I_internal_val_test_all,three_class_with_air,C-DANN-UDA,learned latent PCA,air,target,target_domain,Period_II,Day 11,11,air\air_21.csv,4.042984462281889,4.1783995820769055
S2_train_I_internal_val_test_all,three_class_with_air,C-DANN-UDA,learned latent PCA,air,target,target_domain,Period_II,Day 12,12,air\air_22.csv,2.788708870959675,1.4305632449618442
S2_train_I_internal_val_test_all,three_class_with_air,C-DANN-UDA,learned latent PCA,air,target,target_domain,Period_II,Day 12,12,air\air_23.csv,5.233671523270644,5.635259442664798
S2_train_I_internal_val_test_all,three_class_with_air,C-DANN-UDA,learned latent PCA,air,target,target_domain,Period_II,Day 13,13,air\air_24.csv,3.9940580944388606,5.523382922689962
S2_train_I_internal_val_test_all,three_class_with_air,C-DANN-UDA,learned latent PCA,air,target,target_domain,Period_II,Day 13,13,air\air_25.csv,4.1563519033209495,3.1970422177352504
S2_train_I_internal_val_test_all,three_class_with_air,C-DANN-UDA,learned latent PCA,air,target,target_domain,Period_II,Day 13,13,air\air_26.csv,6.024989670701644,6.170200727607465
S2_train_I_internal_val_test_all,three_class_with_air,C-DANN-UDA,learned latent PCA,air,target,target_domain,Period_II,Day 13,13,air\air_27.csv,4.983315234526798,5.444805560067445
S2_train_I_internal_val_test_all,three_class_with_air,C-DANN-UDA,learned latent PCA,air,target,target_domain,Period_II,Day 13,13,air\air_28.csv,2.9321232242470576,-3.2475268816629392
S2_train_I_internal_val_test_all,three_class_with_air,C-DANN-UDA,learned latent PCA,air,target,target_domain,Period_II,Day 14,14,air\air_29.csv,4.7272892850666075,4.61819396696736
S2_train_I_internal_val_test_all,three_class_with_air,C-DANN-UDA,learned latent PCA,air,target,target_domain,Period_II,Day 14,14,air\air_30.csv,4.028347629650188,4.431026276208677
S2_train_I_internal_val_test_all,three_class_with_air,C-DANN-UDA,learned latent PCA,air,target,target_domain,Period_II,Day 14,14,air\air_31.csv,3.972046741223079,4.303417749083684
S2_train_I_internal_val_test_all,three_class_with_air,C-DANN-UDA,learned latent PCA,air,target,target_domain,Period_II,Day 14,14,air\air_32.csv,3.5131885871028348,5.968057555855086
S2_train_I_internal_val_test_all,three_class_with_air,C-DANN-UDA,learned latent PCA,air,target,target_domain,Period_II,Day 14,14,air\air_33.csv,6.379968274348619,5.668392263733233
S2_train_I_internal_val_test_all,three_class_with_air,C-DANN-UDA,learned latent PCA,air,target,target_domain,Period_II,Day 14,14,air\air_34.csv,6.353096027128199,6.24370551543512
S2_train_I_internal_val_test_all,three_class_with_air,C-DANN-UDA,learned latent PCA,air,target,target_domain,Period_II,Day 15,15,air\air_35.csv,4.391510480026443,4.377343708170864
S2_train_I_internal_val_test_all,three_class_with_air,C-DANN-UDA,learned latent PCA,air,target,target_domain,Period_II,Day 15,15,air\air_36.csv,2.98138662065423,-4.011769390814652
S2_train_I_internal_val_test_all,three_class_with_air,C-DANN-UDA,learned latent PCA,air,target,target_domain,Period_II,Day 15,15,air\air_37.csv,5.155805410060854,5.528178839114773
S2_train_I_internal_val_test_all,three_class_with_air,C-DANN-UDA,learned latent PCA,air,target,target_domain,Period_II,Day 15,15,air\air_38.csv,4.503424255926436,1.7698746865408057
S2_train_I_internal_val_test_all,three_class_with_air,C-DANN-UDA,learned latent PCA,air,target,target_domain,Period_II,Day 15,15,air\air_39.csv,4.2500975175493165,5.888201171426464
S2_train_I_internal_val_test_all,three_class_with_air,C-DANN-UDA,learned latent PCA,air,target,target_domain,Period_II,Day 15,15,air\air_40.csv,4.746833750698155,4.75772656476602
S2_train_I_internal_val_test_all,three_class_with_air,C-DANN-UDA,learned latent PCA,air,target,target_domain,Period_II,Day 16,16,air\air_41.csv,2.688364994422447,-6.624746401721016
S2_train_I_internal_val_test_all,three_class_with_air,C-DANN-UDA,learned latent PCA,air,target,target_domain,Period_II,Day 16,16,air\air_42.csv,4.848462765589368,5.590055673306255
S2_train_I_internal_val_test_all,three_class_with_air,C-DANN-UDA,learned latent PCA,air,target,target_domain,Period_II,Day 16,16,air\air_43.csv,2.414183177541784,-5.133120384188422
S2_train_I_internal_val_test_all,three_class_with_air,C-DANN-UDA,learned latent PCA,air,target,target_domain,Period_II,Day 16,16,air\air_44.csv,5.519597839039503,4.9182643613733275
S2_train_I_internal_val_test_all,three_class_with_air,C-DANN-UDA,learned latent PCA,air,target,target_domain,Period_II,Day 17,17,air\air_45.csv,6.116005263223066,5.520711377942364
S2_train_I_internal_val_test_all,three_class_with_air,C-DANN-UDA,learned latent PCA,air,target,target_domain,Period_II,Day 17,17,air\air_46.csv,3.7241460081088325,-3.6772810631014936
S2_train_I_internal_val_test_all,three_class_with_air,C-DANN-UDA,learned latent PCA,air,target,target_domain,Period_II,Day 17,17,air\air_47.csv,4.770773311149954,3.928527634670711
S2_train_I_internal_val_test_all,three_class_with_air,C-DANN-UDA,learned latent PCA,air,target,target_domain,Period_II,Day 17,17,air\air_48.csv,5.268196737440284,5.646198632869483
S2_train_I_internal_val_test_all,three_class_with_air,C-DANN-UDA,learned latent PCA,alcohol,target,target_domain,Period_II,Day 10,10,alcohol\alcohol_44.csv,-1.1804896841974735,-1.9911493311692265
S2_train_I_internal_val_test_all,three_class_with_air,C-DANN-UDA,learned latent PCA,alcohol,target,target_domain,Period_II,Day 10,10,alcohol\alcohol_45.csv,2.247388823651431,-3.8865860248444433
S2_train_I_internal_val_test_all,three_class_with_air,C-DANN-UDA,learned latent PCA,alcohol,target,target_domain,Period_II,Day 10,10,alcohol\alcohol_46.csv,2.626261982191845,-5.2723245876598686
S2_train_I_internal_val_test_all,three_class_with_air,C-DANN-UDA,learned latent PCA,alcohol,target,target_domain,Period_II,Day 10,10,alcohol\alcohol_47.csv,-0.5587847815007807,-5.1740969923218305
S2_train_I_internal_val_test_all,three_class_with_air,C-DANN-UDA,learned latent PCA,alcohol,target,target_domain,Period_II,Day 11,11,alcohol\alcohol_48.csv,2.280776889555234,-7.656615679415981
S2_train_I_internal_val_test_all,three_class_with_air,C-DANN-UDA,learned latent PCA,alcohol,target,target_domain,Period_II,Day 11,11,alcohol\alcohol_49.csv,2.103988869386184,-3.696977400022661
S2_train_I_internal_val_test_all,three_class_with_air,C-DANN-UDA,learned latent PCA,alcohol,target,target_domain,Period_II,Day 11,11,alcohol\alcohol_50.csv,2.7608193801774834,-3.781395192995106
S2_train_I_internal_val_test_all,three_class_with_air,C-DANN-UDA,learned latent PCA,alcohol,target,target_domain,Period_II,Day 11,11,alcohol\alcohol_51.csv,2.727468818657157,-3.2960338286413013
S2_train_I_internal_val_test_all,three_class_with_air,C-DANN-UDA,learned latent PCA,alcohol,target,target_domain,Period_II,Day 12,12,alcohol\alcohol_52.csv,0.7263950633295067,0.2780263027174359
S2_train_I_internal_val_test_all,three_class_with_air,C-DANN-UDA,learned latent PCA,alcohol,target,target_domain,Period_II,Day 12,12,alcohol\alcohol_53.csv,1.633282774928386,-1.9242589404467114
S2_train_I_internal_val_test_all,three_class_with_air,C-DANN-UDA,learned latent PCA,alcohol,target,target_domain,Period_II,Day 12,12,alcohol\alcohol_54.csv,2.785299127832955,-5.070267557326895
S2_train_I_internal_val_test_all,three_class_with_air,C-DANN-UDA,learned latent PCA,alcohol,target,target_domain,Period_II,Day 12,12,alcohol\alcohol_55.csv,1.386398666625326,-2.4785459731108817
S2_train_I_internal_val_test_all,three_class_with_air,C-DANN-UDA,learned latent PCA,alcohol,target,target_domain,Period_II,Day 13,13,alcohol\alcohol_56.csv,2.100210993082696,-4.730258843684126
S2_train_I_internal_val_test_all,three_class_with_air,C-DANN-UDA,learned latent PCA,alcohol,target,target_domain,Period_II,Day 13,13,alcohol\alcohol_57.csv,2.045722313442331,-4.694069436745406
S2_train_I_internal_val_test_all,three_class_with_air,C-DANN-UDA,learned latent PCA,alcohol,target,target_domain,Period_II,Day 14,14,alcohol\alcohol_58.csv,3.0161628811084915,-9.12643466429323
S2_train_I_internal_val_test_all,three_class_with_air,C-DANN-UDA,learned latent PCA,alcohol,target,target_domain,Period_II,Day 14,14,alcohol\alcohol_59.csv,-0.923280259434854,0.24109503502264007
S2_train_I_internal_val_test_all,three_class_with_air,C-DANN-UDA,learned latent PCA,alcohol,target,target_domain,Period_II,Day 14,14,alcohol\alcohol_60.csv,-2.5000211144151145,-1.71062050160137
S2_train_I_internal_val_test_all,three_class_with_air,C-DANN-UDA,learned latent PCA,alcohol,target,target_domain,Period_II,Day 15,15,alcohol\alcohol_61.csv,-0.8037045471635681,0.7285781658779265
S2_train_I_internal_val_test_all,three_class_with_air,C-DANN-UDA,learned latent PCA,alcohol,target,target_domain,Period_II,Day 15,15,alcohol\alcohol_62.csv,1.536645137032505,-4.973558474598288
S2_train_I_internal_val_test_all,three_class_with_air,C-DANN-UDA,learned latent PCA,alcohol,target,target_domain,Period_II,Day 15,15,alcohol\alcohol_63.csv,3.1476989341125283,-9.156076427810804
S2_train_I_internal_val_test_all,three_class_with_air,C-DANN-UDA,learned latent PCA,alcohol,target,target_domain,Period_II,Day 17,17,alcohol\alcohol_64.csv,1.9644007224511777,-1.3155617335986485
S2_train_I_internal_val_test_all,three_class_with_air,C-DANN-UDA,learned latent PCA,alcohol,target,target_domain,Period_II,Day 17,17,alcohol\alcohol_65.csv,2.1395481437340003,-3.2394069631042544
S2_train_I_internal_val_test_all,three_class_with_air,C-DANN-UDA,learned latent PCA,alcohol,target,target_domain,Period_II,Day 17,17,alcohol\alcohol_66.csv,2.3119917954518736,-2.8234435928513255
S2_train_I_internal_val_test_all,three_class_with_air,C-DANN-UDA,learned latent PCA,alcohol,target,target_domain,Period_II,Day 17,17,alcohol\alcohol_67.csv,3.8363942623209435,-7.1835119314413385
S2_train_I_internal_val_test_all,three_class_with_air,C-DANN-UDA,learned latent PCA,alcohol,target,target_domain,Period_II,Day 17,17,alcohol\alcohol_68.csv,2.8880072735968536,-5.6246051160276025
S2_train_I_internal_val_test_all,three_class_with_air,C-DANN-UDA,learned latent PCA,acetone,target,target_domain,Period_III,Day 18,18,acetone\acetone_69.csv,-1.8455293839219082,2.6538577809165824
S2_train_I_internal_val_test_all,three_class_with_air,C-DANN-UDA,learned latent PCA,acetone,target,target_domain,Period_III,Day 18,18,acetone\acetone_70.csv,-6.209025200294829,1.5114108615463877
S2_train_I_internal_val_test_all,three_class_with_air,C-DANN-UDA,learned latent PCA,acetone,target,target_domain,Period_III,Day 18,18,acetone\acetone_71.csv,-10.843921649414076,1.7911730418467282
S2_train_I_internal_val_test_all,three_class_with_air,C-DANN-UDA,learned latent PCA,acetone,target,target_domain,Period_III,Day 18,18,acetone\acetone_72.csv,-4.3644047889559605,0.8782231916536829
S2_train_I_internal_val_test_all,three_class_with_air,C-DANN-UDA,learned latent PCA,acetone,target,target_domain,Period_III,Day 18,18,acetone\acetone_73.csv,-3.194669156476889,1.8490174057180213
S2_train_I_internal_val_test_all,three_class_with_air,C-DANN-UDA,learned latent PCA,acetone,target,target_domain,Period_III,Day 19,19,acetone\acetone_74.csv,-5.535114374075664,0.36441195747978566
S2_train_I_internal_val_test_all,three_class_with_air,C-DANN-UDA,learned latent PCA,acetone,target,target_domain,Period_III,Day 19,19,acetone\acetone_75.csv,-10.262755789980986,1.9905875403726827
S2_train_I_internal_val_test_all,three_class_with_air,C-DANN-UDA,learned latent PCA,acetone,target,target_domain,Period_III,Day 19,19,acetone\acetone_76.csv,-13.84803135977791,2.058343405903091
S2_train_I_internal_val_test_all,three_class_with_air,C-DANN-UDA,learned latent PCA,acetone,target,target_domain,Period_III,Day 20,20,acetone\acetone_77.csv,-14.528497993731849,1.7101462133448775
S2_train_I_internal_val_test_all,three_class_with_air,C-DANN-UDA,learned latent PCA,acetone,target,target_domain,Period_III,Day 20,20,acetone\acetone_78.csv,-14.943170217784342,2.166398603873344
S2_train_I_internal_val_test_all,three_class_with_air,C-DANN-UDA,learned latent PCA,acetone,target,target_domain,Period_III,Day 20,20,acetone\acetone_79.csv,-7.869384926942636,2.7668591502578592
S2_train_I_internal_val_test_all,three_class_with_air,C-DANN-UDA,learned latent PCA,acetone,target,target_domain,Period_III,Day 20,20,acetone\acetone_80.csv,-12.219559202357578,2.2783129146060412
S2_train_I_internal_val_test_all,three_class_with_air,C-DANN-UDA,learned latent PCA,acetone,target,target_domain,Period_III,Day 21,21,acetone\acetone_81.csv,-10.670414758926023,1.5537122044440448
S2_train_I_internal_val_test_all,three_class_with_air,C-DANN-UDA,learned latent PCA,acetone,target,target_domain,Period_III,Day 21,21,acetone\acetone_82.csv,-5.85758092071266,0.18913824393676518
S2_train_I_internal_val_test_all,three_class_with_air,C-DANN-UDA,learned latent PCA,acetone,target,target_domain,Period_III,Day 21,21,acetone\acetone_83.csv,-12.705718549094891,0.7755382152519833
S2_train_I_internal_val_test_all,three_class_with_air,C-DANN-UDA,learned latent PCA,acetone,target,target_domain,Period_III,Day 21,21,acetone\acetone_84.csv,-15.864269372108813,2.3911608092464918
S2_train_I_internal_val_test_all,three_class_with_air,C-DANN-UDA,learned latent PCA,air,target,target_domain,Period_III,Day 18,18,air\air_49.csv,4.9117060454420445,5.71131850655912
S2_train_I_internal_val_test_all,three_class_with_air,C-DANN-UDA,learned latent PCA,air,target,target_domain,Period_III,Day 18,18,air\air_50.csv,4.7450524787879464,5.180815898326105
S2_train_I_internal_val_test_all,three_class_with_air,C-DANN-UDA,learned latent PCA,air,target,target_domain,Period_III,Day 18,18,air\air_51.csv,5.352325830480058,5.506399061417311
S2_train_I_internal_val_test_all,three_class_with_air,C-DANN-UDA,learned latent PCA,air,target,target_domain,Period_III,Day 18,18,air\air_52.csv,5.019930870907369,5.4685572690470075
S2_train_I_internal_val_test_all,three_class_with_air,C-DANN-UDA,learned latent PCA,air,target,target_domain,Period_III,Day 19,19,air\air_53.csv,2.9689847189713316,-5.411898423221875
S2_train_I_internal_val_test_all,three_class_with_air,C-DANN-UDA,learned latent PCA,air,target,target_domain,Period_III,Day 19,19,air\air_54.csv,4.729063634752563,5.221726572317744
S2_train_I_internal_val_test_all,three_class_with_air,C-DANN-UDA,learned latent PCA,air,target,target_domain,Period_III,Day 20,20,air\air_55.csv,4.254552895408479,5.572756169671869
S2_train_I_internal_val_test_all,three_class_with_air,C-DANN-UDA,learned latent PCA,air,target,target_domain,Period_III,Day 20,20,air\air_56.csv,3.1317877354299646,-2.1729954690116573
S2_train_I_internal_val_test_all,three_class_with_air,C-DANN-UDA,learned latent PCA,air,target,target_domain,Period_III,Day 20,20,air\air_57.csv,6.678168676089253,6.935332606163097
S2_train_I_internal_val_test_all,three_class_with_air,C-DANN-UDA,learned latent PCA,air,target,target_domain,Period_III,Day 20,20,air\air_58.csv,4.654100699748697,4.981288216444873
S2_train_I_internal_val_test_all,three_class_with_air,C-DANN-UDA,learned latent PCA,air,target,target_domain,Period_III,Day 21,21,air\air_59.csv,2.107887599481752,-6.927208527148303
S2_train_I_internal_val_test_all,three_class_with_air,C-DANN-UDA,learned latent PCA,air,target,target_domain,Period_III,Day 21,21,air\air_60.csv,5.816059278671132,5.375222118611875
S2_train_I_internal_val_test_all,three_class_with_air,C-DANN-UDA,learned latent PCA,air,target,target_domain,Period_III,Day 21,21,air\air_61.csv,5.180155854673695,6.246293561985075
S2_train_I_internal_val_test_all,three_class_with_air,C-DANN-UDA,learned latent PCA,air,target,target_domain,Period_III,Day 21,21,air\air_62.csv,4.573207456539826,5.134223991057783
S2_train_I_internal_val_test_all,three_class_with_air,C-DANN-UDA,learned latent PCA,alcohol,target,target_domain,Period_III,Day 18,18,alcohol\alcohol_69.csv,1.8030680576469207,-3.022644023589691
S2_train_I_internal_val_test_all,three_class_with_air,C-DANN-UDA,learned latent PCA,alcohol,target,target_domain,Period_III,Day 18,18,alcohol\alcohol_70.csv,-0.7498058282203197,-2.3968137647574688
S2_train_I_internal_val_test_all,three_class_with_air,C-DANN-UDA,learned latent PCA,alcohol,target,target_domain,Period_III,Day 18,18,alcohol\alcohol_71.csv,0.9057074058272769,-4.968663906126434
S2_train_I_internal_val_test_all,three_class_with_air,C-DANN-UDA,learned latent PCA,alcohol,target,target_domain,Period_III,Day 18,18,alcohol\alcohol_72.csv,1.1147886590984422,-5.494584510242136
S2_train_I_internal_val_test_all,three_class_with_air,C-DANN-UDA,learned latent PCA,alcohol,target,target_domain,Period_III,Day 18,18,alcohol\alcohol_73.csv,0.290458788365899,-4.470054081956541
S2_train_I_internal_val_test_all,three_class_with_air,C-DANN-UDA,learned latent PCA,alcohol,target,target_domain,Period_III,Day 19,19,alcohol\alcohol_74.csv,1.4360778836036159,-4.0244605586415005
S2_train_I_internal_val_test_all,three_class_with_air,C-DANN-UDA,learned latent PCA,alcohol,target,target_domain,Period_III,Day 19,19,alcohol\alcohol_75.csv,3.25714951489815,-9.985614611320475
S2_train_I_internal_val_test_all,three_class_with_air,C-DANN-UDA,learned latent PCA,alcohol,target,target_domain,Period_III,Day 19,19,alcohol\alcohol_76.csv,1.2370316701823165,-4.865941890050622
S2_train_I_internal_val_test_all,three_class_with_air,C-DANN-UDA,learned latent PCA,alcohol,target,target_domain,Period_III,Day 20,20,alcohol\alcohol_77.csv,0.969818812850188,-4.990690964170415
S2_train_I_internal_val_test_all,three_class_with_air,C-DANN-UDA,learned latent PCA,alcohol,target,target_domain,Period_III,Day 20,20,alcohol\alcohol_78.csv,0.6183235491669129,-2.436504016561718
S2_train_I_internal_val_test_all,three_class_with_air,C-DANN-UDA,learned latent PCA,alcohol,target,target_domain,Period_III,Day 20,20,alcohol\alcohol_79.csv,0.10969832290972086,-3.0188992470142533
S2_train_I_internal_val_test_all,three_class_with_air,C-DANN-UDA,learned latent PCA,alcohol,target,target_domain,Period_III,Day 20,20,alcohol\alcohol_80.csv,0.446415987705959,-2.8947201387187116
S2_train_I_internal_val_test_all,three_class_with_air,C-DANN-UDA,learned latent PCA,alcohol,target,target_domain,Period_III,Day 21,21,alcohol\alcohol_81.csv,2.149992953146841,-9.359424676910947
S2_train_I_internal_val_test_all,three_class_with_air,C-DANN-UDA,learned latent PCA,alcohol,target,target_domain,Period_III,Day 21,21,alcohol\alcohol_82.csv,-0.0803127779494082,-3.3936077865519882
S2_train_I_internal_val_test_all,three_class_with_air,C-DANN-UDA,learned latent PCA,alcohol,target,target_domain,Period_III,Day 21,21,alcohol\alcohol_83.csv,1.7471178709124195,-6.203502358261605
S2_train_I_internal_val_test_all,three_class_with_air,C-DANN-UDA,learned latent PCA,alcohol,target,target_domain,Period_III,Day 21,21,alcohol\alcohol_84.csv,-2.0037488299057373,-0.9323526358968001
S2_train_I_internal_val_test_all,three_class_with_air,C-DANN-UDA,learned latent PCA,acetone,target,target_domain,Period_IV,Day 22,22,acetone\acetone_85.csv,2.6344334426499207,-2.613142522254628
S2_train_I_internal_val_test_all,three_class_with_air,C-DANN-UDA,learned latent PCA,acetone,target,target_domain,Period_IV,Day 22,22,acetone\acetone_86.csv,2.80876074113354,-6.827082538345196
S2_train_I_internal_val_test_all,three_class_with_air,C-DANN-UDA,learned latent PCA,acetone,target,target_domain,Period_IV,Day 22,22,acetone\acetone_87.csv,2.6207439570236666,-4.985266689369044
S2_train_I_internal_val_test_all,three_class_with_air,C-DANN-UDA,learned latent PCA,acetone,target,target_domain,Period_IV,Day 22,22,acetone\acetone_88.csv,-8.509495542741957,2.4057728116967745
S2_train_I_internal_val_test_all,three_class_with_air,C-DANN-UDA,learned latent PCA,acetone,target,target_domain,Period_IV,Day 23,23,acetone\acetone_89.csv,-10.277710255235379,1.4578466522957219
S2_train_I_internal_val_test_all,three_class_with_air,C-DANN-UDA,learned latent PCA,acetone,target,target_domain,Period_IV,Day 23,23,acetone\acetone_90.csv,-7.69887912809145,1.4637423881539189
S2_train_I_internal_val_test_all,three_class_with_air,C-DANN-UDA,learned latent PCA,acetone,target,target_domain,Period_IV,Day 23,23,acetone\acetone_91.csv,-12.04029586234226,2.1017264671941818
S2_train_I_internal_val_test_all,three_class_with_air,C-DANN-UDA,learned latent PCA,acetone,target,target_domain,Period_IV,Day 23,23,acetone\acetone_92.csv,-12.51434923833625,2.0749061551822465
S2_train_I_internal_val_test_all,three_class_with_air,C-DANN-UDA,learned latent PCA,acetone,target,target_domain,Period_IV,Day 24,24,acetone\acetone_93.csv,-6.77142673879467,2.0578562775393276
S2_train_I_internal_val_test_all,three_class_with_air,C-DANN-UDA,learned latent PCA,acetone,target,target_domain,Period_IV,Day 24,24,acetone\acetone_94.csv,-5.21167808622886,0.5867629390816902
S2_train_I_internal_val_test_all,three_class_with_air,C-DANN-UDA,learned latent PCA,acetone,target,target_domain,Period_IV,Day 24,24,acetone\acetone_95.csv,-9.346269835307,1.7168163965749361
S2_train_I_internal_val_test_all,three_class_with_air,C-DANN-UDA,learned latent PCA,acetone,target,target_domain,Period_IV,Day 24,24,acetone\acetone_96.csv,-6.555079556332663,1.5314603176038752
S2_train_I_internal_val_test_all,three_class_with_air,C-DANN-UDA,learned latent PCA,air,target,target_domain,Period_IV,Day 22,22,air\air_63.csv,5.8302528273710115,5.958795406628786
S2_train_I_internal_val_test_all,three_class_with_air,C-DANN-UDA,learned latent PCA,air,target,target_domain,Period_IV,Day 22,22,air\air_64.csv,5.078803067547246,2.3355586799798287
S2_train_I_internal_val_test_all,three_class_with_air,C-DANN-UDA,learned latent PCA,air,target,target_domain,Period_IV,Day 22,22,air\air_65.csv,2.9565773828169113,-7.344146260434211
S2_train_I_internal_val_test_all,three_class_with_air,C-DANN-UDA,learned latent PCA,air,target,target_domain,Period_IV,Day 23,23,air\air_66.csv,4.042690394889509,4.042087884143387
S2_train_I_internal_val_test_all,three_class_with_air,C-DANN-UDA,learned latent PCA,air,target,target_domain,Period_IV,Day 23,23,air\air_67.csv,5.613081780838421,5.2433546393326935
S2_train_I_internal_val_test_all,three_class_with_air,C-DANN-UDA,learned latent PCA,air,target,target_domain,Period_IV,Day 23,23,air\air_68.csv,4.865864920317098,5.36268371086505
S2_train_I_internal_val_test_all,three_class_with_air,C-DANN-UDA,learned latent PCA,air,target,target_domain,Period_IV,Day 23,23,air\air_69.csv,5.7010544371355385,4.837916368708115
S2_train_I_internal_val_test_all,three_class_with_air,C-DANN-UDA,learned latent PCA,air,target,target_domain,Period_IV,Day 24,24,air\air_70.csv,5.277028464057346,6.018701526444077
S2_train_I_internal_val_test_all,three_class_with_air,C-DANN-UDA,learned latent PCA,air,target,target_domain,Period_IV,Day 24,24,air\air_71.csv,4.088608994692871,3.717767440545747
S2_train_I_internal_val_test_all,three_class_with_air,C-DANN-UDA,learned latent PCA,air,target,target_domain,Period_IV,Day 24,24,air\air_72.csv,5.340481409366802,5.778172189404664
S2_train_I_internal_val_test_all,three_class_with_air,C-DANN-UDA,learned latent PCA,alcohol,target,target_domain,Period_IV,Day 22,22,alcohol\alcohol_85.csv,2.110511126760127,-5.878293685626646
S2_train_I_internal_val_test_all,three_class_with_air,C-DANN-UDA,learned latent PCA,alcohol,target,target_domain,Period_IV,Day 22,22,alcohol\alcohol_86.csv,4.0972653591163875,-2.871014598503759
S2_train_I_internal_val_test_all,three_class_with_air,C-DANN-UDA,learned latent PCA,alcohol,target,target_domain,Period_IV,Day 22,22,alcohol\alcohol_87.csv,1.2711222458862277,0.6819386585089908
S2_train_I_internal_val_test_all,three_class_with_air,C-DANN-UDA,learned latent PCA,alcohol,target,target_domain,Period_IV,Day 22,22,alcohol\alcohol_88.csv,-0.578663047560193,-0.9278378819043832
S2_train_I_internal_val_test_all,three_class_with_air,C-DANN-UDA,learned latent PCA,alcohol,target,target_domain,Period_IV,Day 23,23,alcohol\alcohol_89.csv,1.6402247317571232,-5.278945778675232
S2_train_I_internal_val_test_all,three_class_with_air,C-DANN-UDA,learned latent PCA,alcohol,target,target_domain,Period_IV,Day 23,23,alcohol\alcohol_90.csv,2.810756758385014,-7.33838166828466
S2_train_I_internal_val_test_all,three_class_with_air,C-DANN-UDA,learned latent PCA,alcohol,target,target_domain,Period_IV,Day 23,23,alcohol\alcohol_91.csv,1.8431320661099586,-5.529082249519353
S2_train_I_internal_val_test_all,three_class_with_air,C-DANN-UDA,learned latent PCA,alcohol,target,target_domain,Period_IV,Day 23,23,alcohol\alcohol_92.csv,2.582316122470815,-8.420187907084838
S2_train_I_internal_val_test_all,three_class_with_air,C-DANN-UDA,learned latent PCA,alcohol,target,target_domain,Period_IV,Day 24,24,alcohol\alcohol_93.csv,3.543448144965631,-11.450039135786959
S2_train_I_internal_val_test_all,three_class_with_air,C-DANN-UDA,learned latent PCA,alcohol,target,target_domain,Period_IV,Day 24,24,alcohol\alcohol_94.csv,2.1229050591121728,-5.976396572312407
S2_train_I_internal_val_test_all,three_class_with_air,C-DANN-UDA,learned latent PCA,alcohol,target,target_domain,Period_IV,Day 24,24,alcohol\alcohol_95.csv,2.376946453799884,-6.568540057951283
S2_train_I_internal_val_test_all,three_class_with_air,C-DANN-UDA,learned latent PCA,alcohol,target,target_domain,Period_IV,Day 24,24,alcohol\alcohol_96.csv,0.37815812345422845,-0.17252905171414373
S3_train_I_internal_20_10_test_all,three_class_with_air,C-DANN-UDA,learned latent PCA,acetone,source,source_train,Period_I,Day 1 afternoon,1,acetone\acetone_o1.csv,-4.034621842441319,1.1447580021424564
S3_train_I_internal_20_10_test_all,three_class_with_air,C-DANN-UDA,learned latent PCA,acetone,source,source_train,Period_I,Day 1 afternoon,1,acetone\acetone_o3.csv,5.08648906279506,-0.9160841327962445
S3_train_I_internal_20_10_test_all,three_class_with_air,C-DANN-UDA,learned latent PCA,acetone,source,source_train,Period_I,Day 2 noon,2,acetone\acetone_o5.csv,20.792798898935406,3.197000972661909
S3_train_I_internal_20_10_test_all,three_class_with_air,C-DANN-UDA,learned latent PCA,acetone,source,source_train,Period_I,Day 2 afternoon,2,acetone\acetone_o8.csv,1.3001689962393659,-1.9131590127186338
S3_train_I_internal_20_10_test_all,three_class_with_air,C-DANN-UDA,learned latent PCA,acetone,source,source_train,Period_I,Day 2 afternoon,2,acetone\acetone_o9.csv,13.724444169254912,0.9635051666021244
S3_train_I_internal_20_10_test_all,three_class_with_air,C-DANN-UDA,learned latent PCA,acetone,source,source_train,Period_I,Day 3 noon,3,acetone\acetone_o10.csv,4.886360673119147,-1.2629867211579693
S3_train_I_internal_20_10_test_all,three_class_with_air,C-DANN-UDA,learned latent PCA,acetone,source,source_train,Period_I,Day 3 noon,3,acetone\acetone_o11.csv,6.901604698164719,-0.25531534931410793
S3_train_I_internal_20_10_test_all,three_class_with_air,C-DANN-UDA,learned latent PCA,acetone,source,source_train,Period_I,Day 3 noon,3,acetone\acetone_o12.csv,33.38653208438861,6.065720912323817
S3_train_I_internal_20_10_test_all,three_class_with_air,C-DANN-UDA,learned latent PCA,air,source,source_train,Period_I,baseline,0,air\baseline_1.csv,-4.2003916827686325,2.1455281068270846
S3_train_I_internal_20_10_test_all,three_class_with_air,C-DANN-UDA,learned latent PCA,air,source,source_train,Period_I,baseline,0,air\baseline_3.csv,-4.618623588277325,3.3992143808604687
S3_train_I_internal_20_10_test_all,three_class_with_air,C-DANN-UDA,learned latent PCA,air,source,source_train,Period_I,baseline,0,air\baseline_4.csv,-4.90784752561825,4.457866198665582
S3_train_I_internal_20_10_test_all,three_class_with_air,C-DANN-UDA,learned latent PCA,air,source,source_train,Period_I,baseline,0,air\baseline_5.csv,-3.8442929902914424,1.3225848632284558
S3_train_I_internal_20_10_test_all,three_class_with_air,C-DANN-UDA,learned latent PCA,alcohol,source,source_train,Period_I,Day 1 afternoon,1,alcohol\alcohol_o1.csv,-2.9981161882212772,-0.41439861644497594
S3_train_I_internal_20_10_test_all,three_class_with_air,C-DANN-UDA,learned latent PCA,alcohol,source,source_train,Period_I,Day 1 afternoon,1,alcohol\alcohol_o2.csv,-3.5934983552600372,-0.2911190156024826
S3_train_I_internal_20_10_test_all,three_class_with_air,C-DANN-UDA,learned latent PCA,alcohol,source,source_train,Period_I,Day 2 noon,2,alcohol\alcohol_o5.csv,-3.568095876578878,0.4076051726968952
S3_train_I_internal_20_10_test_all,three_class_with_air,C-DANN-UDA,learned latent PCA,alcohol,source,source_train,Period_I,Day 2 noon,2,alcohol\alcohol_o6.csv,-3.2808932503898847,-0.19569512254190607
S3_train_I_internal_20_10_test_all,three_class_with_air,C-DANN-UDA,learned latent PCA,alcohol,source,source_train,Period_I,Day 2 afternoon,2,alcohol\alcohol_o7.csv,-2.81866147392088,0.38012609112802975
S3_train_I_internal_20_10_test_all,three_class_with_air,C-DANN-UDA,learned latent PCA,alcohol,source,source_train,Period_I,Day 2 afternoon,2,alcohol\alcohol_o8.csv,-3.5664558183006205,0.6445474368279129
S3_train_I_internal_20_10_test_all,three_class_with_air,C-DANN-UDA,learned latent PCA,alcohol,source,source_train,Period_I,Day 2 afternoon,2,alcohol\alcohol_o9.csv,-2.716051299810043,0.6463108587931923
S3_train_I_internal_20_10_test_all,three_class_with_air,C-DANN-UDA,learned latent PCA,alcohol,source,source_train,Period_I,Day 3 noon,3,alcohol\alcohol_o10.csv,-2.7747006898289617,-0.4856366209224912
S3_train_I_internal_20_10_test_all,three_class_with_air,C-DANN-UDA,learned latent PCA,acetone,source,source_val,Period_I,Day 1 afternoon,1,acetone\acetone_o2.csv,-4.2444276184489516,2.1984014610510636
S3_train_I_internal_20_10_test_all,three_class_with_air,C-DANN-UDA,learned latent PCA,acetone,source,source_val,Period_I,Day 2 noon,2,acetone\acetone_o4.csv,29.44696680813528,5.774229610747487
S3_train_I_internal_20_10_test_all,three_class_with_air,C-DANN-UDA,learned latent PCA,acetone,source,source_val,Period_I,Day 2 noon,2,acetone\acetone_o6.csv,10.323202900784555,0.46802383540714676
S3_train_I_internal_20_10_test_all,three_class_with_air,C-DANN-UDA,learned latent PCA,acetone,source,source_val,Period_I,Day 2 afternoon,2,acetone\acetone_o7.csv,-4.203570524898467,2.170352583336956
S3_train_I_internal_20_10_test_all,three_class_with_air,C-DANN-UDA,learned latent PCA,air,source,source_val,Period_I,baseline,0,air\baseline_6.csv,-2.7200805889118107,1.277894191523622
S3_train_I_internal_20_10_test_all,three_class_with_air,C-DANN-UDA,learned latent PCA,air,source,source_val,Period_I,baseline,0,air\baseline_7.csv,-4.240532677325235,2.198285208142862
S3_train_I_internal_20_10_test_all,three_class_with_air,C-DANN-UDA,learned latent PCA,alcohol,source,source_val,Period_I,Day 1 afternoon,1,alcohol\alcohol_o3.csv,-3.6272034556427895,0.8247969750526274
S3_train_I_internal_20_10_test_all,three_class_with_air,C-DANN-UDA,learned latent PCA,alcohol,source,source_val,Period_I,Day 2 noon,2,alcohol\alcohol_o4.csv,-2.559776144372879,-0.5413279350466431
S3_train_I_internal_20_10_test_all,three_class_with_air,C-DANN-UDA,learned latent PCA,alcohol,source,source_val,Period_I,Day 3 noon,3,alcohol\alcohol_o11.csv,-3.3547228533021185,-0.34121021903188553
S3_train_I_internal_20_10_test_all,three_class_with_air,C-DANN-UDA,learned latent PCA,alcohol,source,source_val,Period_I,Day 3 noon,3,alcohol\alcohol_o12.csv,-3.6890469531538344,-0.045067485944093676
S3_train_I_internal_20_10_test_all,three_class_with_air,C-DANN-UDA,learned latent PCA,acetone,target,target_domain,Period_II,Day 1,1,acetone\acetone_1.csv,25.103870331719193,4.455553111660328
S3_train_I_internal_20_10_test_all,three_class_with_air,C-DANN-UDA,learned latent PCA,acetone,target,target_domain,Period_II,Day 1,1,acetone\acetone_2.csv,25.192741512377054,3.9234231109788804
S3_train_I_internal_20_10_test_all,three_class_with_air,C-DANN-UDA,learned latent PCA,acetone,target,target_domain,Period_II,Day 1,1,acetone\acetone_3.csv,11.6621097866332,0.9605230768170107
S3_train_I_internal_20_10_test_all,three_class_with_air,C-DANN-UDA,learned latent PCA,acetone,target,target_domain,Period_II,Day 1,1,acetone\acetone_4.csv,14.442541068687225,1.0290033735887352
S3_train_I_internal_20_10_test_all,three_class_with_air,C-DANN-UDA,learned latent PCA,acetone,target,target_domain,Period_II,Day 1,1,acetone\acetone_5.csv,7.04519750264678,-0.10157710932054838
S3_train_I_internal_20_10_test_all,three_class_with_air,C-DANN-UDA,learned latent PCA,acetone,target,target_domain,Period_II,Day 2,2,acetone\acetone_10.csv,8.900941747703817,-0.03621953467570424
S3_train_I_internal_20_10_test_all,three_class_with_air,C-DANN-UDA,learned latent PCA,acetone,target,target_domain,Period_II,Day 2,2,acetone\acetone_6.csv,2.927996071956953,-1.5483410740098407
S3_train_I_internal_20_10_test_all,three_class_with_air,C-DANN-UDA,learned latent PCA,acetone,target,target_domain,Period_II,Day 2,2,acetone\acetone_7.csv,6.442930316652015,-0.5150146925826411
S3_train_I_internal_20_10_test_all,three_class_with_air,C-DANN-UDA,learned latent PCA,acetone,target,target_domain,Period_II,Day 2,2,acetone\acetone_8.csv,1.45327536094279,-1.78142307077641
S3_train_I_internal_20_10_test_all,three_class_with_air,C-DANN-UDA,learned latent PCA,acetone,target,target_domain,Period_II,Day 2,2,acetone\acetone_9.csv,9.88201576923111,-0.2555933890098595
S3_train_I_internal_20_10_test_all,three_class_with_air,C-DANN-UDA,learned latent PCA,air,target,target_domain,Period_II,Day 1,1,air\air_1.csv,-3.816668391236071,1.1570652800558885
S3_train_I_internal_20_10_test_all,three_class_with_air,C-DANN-UDA,learned latent PCA,air,target,target_domain,Period_II,Day 1,1,air\air_2.csv,-4.414888147516445,2.542788808273535
S3_train_I_internal_20_10_test_all,three_class_with_air,C-DANN-UDA,learned latent PCA,air,target,target_domain,Period_II,Day 1,1,air\reference_1.csv,-4.355901492490293,3.0628552976170376
S3_train_I_internal_20_10_test_all,three_class_with_air,C-DANN-UDA,learned latent PCA,air,target,target_domain,Period_II,Day 1,1,air\reference_2.csv,-4.012932068136377,1.6841725661912474
S3_train_I_internal_20_10_test_all,three_class_with_air,C-DANN-UDA,learned latent PCA,air,target,target_domain,Period_II,Day 1,1,air\reference_3.csv,-4.552336877510878,4.323705106919398
S3_train_I_internal_20_10_test_all,three_class_with_air,C-DANN-UDA,learned latent PCA,air,target,target_domain,Period_II,Day 1,1,air\reference_4.csv,-4.50942489007553,3.2647046788006753
S3_train_I_internal_20_10_test_all,three_class_with_air,C-DANN-UDA,learned latent PCA,air,target,target_domain,Period_II,Day 2,2,air\air_3.csv,-4.057128323552616,1.7691699806087384
S3_train_I_internal_20_10_test_all,three_class_with_air,C-DANN-UDA,learned latent PCA,air,target,target_domain,Period_II,Day 2,2,air\air_4.csv,-3.689150951314299,0.8576900936480434
S3_train_I_internal_20_10_test_all,three_class_with_air,C-DANN-UDA,learned latent PCA,alcohol,target,target_domain,Period_II,Day 1,1,alcohol\alcohol_1.csv,5.330069729383964,-0.649810399837763
S3_train_I_internal_20_10_test_all,three_class_with_air,C-DANN-UDA,learned latent PCA,alcohol,target,target_domain,Period_II,Day 1,1,alcohol\alcohol_2.csv,5.6083819143243225,-0.44085337901943245
S3_train_I_internal_20_10_test_all,three_class_with_air,C-DANN-UDA,learned latent PCA,alcohol,target,target_domain,Period_II,Day 1,1,alcohol\alcohol_3.csv,4.19714981939686,-0.5642462129969619
S3_train_I_internal_20_10_test_all,three_class_with_air,C-DANN-UDA,learned latent PCA,alcohol,target,target_domain,Period_II,Day 1,1,alcohol\alcohol_4.csv,1.6636180288299123,-1.2942365152963289
S3_train_I_internal_20_10_test_all,three_class_with_air,C-DANN-UDA,learned latent PCA,alcohol,target,target_domain,Period_II,Day 1,1,alcohol\alcohol_5.csv,-2.19118268679355,-1.6809452529817739
S3_train_I_internal_20_10_test_all,three_class_with_air,C-DANN-UDA,learned latent PCA,alcohol,target,target_domain,Period_II,Day 2,2,alcohol\alcohol_10.csv,2.9604666415321073,-1.4667592919813683
S3_train_I_internal_20_10_test_all,three_class_with_air,C-DANN-UDA,learned latent PCA,alcohol,target,target_domain,Period_II,Day 2,2,alcohol\alcohol_6.csv,3.183787598018438,-1.1775408229449746
S3_train_I_internal_20_10_test_all,three_class_with_air,C-DANN-UDA,learned latent PCA,alcohol,target,target_domain,Period_II,Day 2,2,alcohol\alcohol_7.csv,-3.4149183860422774,0.019279794663366833
S3_train_I_internal_20_10_test_all,three_class_with_air,C-DANN-UDA,learned latent PCA,alcohol,target,target_domain,Period_II,Day 2,2,alcohol\alcohol_8.csv,-0.11506198944054061,-2.1543263353517283
S3_train_I_internal_20_10_test_all,three_class_with_air,C-DANN-UDA,learned latent PCA,alcohol,target,target_domain,Period_II,Day 2,2,alcohol\alcohol_9.csv,0.47023240577418846,-2.2384306195657175
S3_train_I_internal_20_10_test_all,three_class_with_air,C-DANN-UDA,learned latent PCA,acetone,target,target_domain,Period_II,Day 3,3,acetone\acetone_11.csv,2.1900416362905393,-1.493997858036381
S3_train_I_internal_20_10_test_all,three_class_with_air,C-DANN-UDA,learned latent PCA,acetone,target,target_domain,Period_II,Day 3,3,acetone\acetone_12.csv,-0.056346163151722146,-2.0792467074911327
S3_train_I_internal_20_10_test_all,three_class_with_air,C-DANN-UDA,learned latent PCA,acetone,target,target_domain,Period_II,Day 3,3,acetone\acetone_13.csv,1.9177598556175879,-1.8339516413450154
S3_train_I_internal_20_10_test_all,three_class_with_air,C-DANN-UDA,learned latent PCA,acetone,target,target_domain,Period_II,Day 3,3,acetone\acetone_14.csv,-1.0570023826057529,-1.739144877588039
S3_train_I_internal_20_10_test_all,three_class_with_air,C-DANN-UDA,learned latent PCA,acetone,target,target_domain,Period_II,Day 3,3,acetone\acetone_15.csv,-0.33629554323686284,-2.2983725310929772
S3_train_I_internal_20_10_test_all,three_class_with_air,C-DANN-UDA,learned latent PCA,acetone,target,target_domain,Period_II,Day 4,4,acetone\acetone_16.csv,-1.2518290211930352,-1.278130113436722
S3_train_I_internal_20_10_test_all,three_class_with_air,C-DANN-UDA,learned latent PCA,acetone,target,target_domain,Period_II,Day 4,4,acetone\acetone_17.csv,-0.53998348255907,-2.3147249449711707
S3_train_I_internal_20_10_test_all,three_class_with_air,C-DANN-UDA,learned latent PCA,acetone,target,target_domain,Period_II,Day 4,4,acetone\acetone_18.csv,-0.9953061694545798,-2.491801634001459
S3_train_I_internal_20_10_test_all,three_class_with_air,C-DANN-UDA,learned latent PCA,acetone,target,target_domain,Period_II,Day 4,4,acetone\acetone_19.csv,-3.3602599811609903,-0.6761058307265624
S3_train_I_internal_20_10_test_all,three_class_with_air,C-DANN-UDA,learned latent PCA,acetone,target,target_domain,Period_II,Day 4,4,acetone\acetone_20.csv,-1.825779796168789,-0.9525534922853034
S3_train_I_internal_20_10_test_all,three_class_with_air,C-DANN-UDA,learned latent PCA,acetone,target,target_domain,Period_II,Day 5,5,acetone\acetone_21.csv,8.95572462912964,-0.3423537963299122
S3_train_I_internal_20_10_test_all,three_class_with_air,C-DANN-UDA,learned latent PCA,acetone,target,target_domain,Period_II,Day 5,5,acetone\acetone_22.csv,0.1928237573530041,-2.320657910127736
S3_train_I_internal_20_10_test_all,three_class_with_air,C-DANN-UDA,learned latent PCA,acetone,target,target_domain,Period_II,Day 5,5,acetone\acetone_23.csv,5.985575005913905,-0.7619481205271692
S3_train_I_internal_20_10_test_all,three_class_with_air,C-DANN-UDA,learned latent PCA,acetone,target,target_domain,Period_II,Day 5,5,acetone\acetone_24.csv,14.214497477596689,1.3642970548463589
S3_train_I_internal_20_10_test_all,three_class_with_air,C-DANN-UDA,learned latent PCA,acetone,target,target_domain,Period_II,Day 5,5,acetone\acetone_25.csv,-2.5979827049241133,-1.9935650218752623
S3_train_I_internal_20_10_test_all,three_class_with_air,C-DANN-UDA,learned latent PCA,acetone,target,target_domain,Period_II,Day 6,6,acetone\acetone_26.csv,-0.50958173182548,-2.037760017773868
S3_train_I_internal_20_10_test_all,three_class_with_air,C-DANN-UDA,learned latent PCA,acetone,target,target_domain,Period_II,Day 6,6,acetone\acetone_27.csv,0.9856349329170718,-1.83289924990958
S3_train_I_internal_20_10_test_all,three_class_with_air,C-DANN-UDA,learned latent PCA,acetone,target,target_domain,Period_II,Day 6,6,acetone\acetone_28.csv,0.21932670925392853,-1.943239250381273
S3_train_I_internal_20_10_test_all,three_class_with_air,C-DANN-UDA,learned latent PCA,acetone,target,target_domain,Period_II,Day 6,6,acetone\acetone_29.csv,-0.08300166410660534,-2.3575671878365125
S3_train_I_internal_20_10_test_all,three_class_with_air,C-DANN-UDA,learned latent PCA,acetone,target,target_domain,Period_II,Day 6,6,acetone\acetone_30.csv,2.1803191776710507,-1.707202154319472
S3_train_I_internal_20_10_test_all,three_class_with_air,C-DANN-UDA,learned latent PCA,acetone,target,target_domain,Period_II,Day 6,6,acetone\acetone_31.csv,5.7229092522862635,-1.0341039246591521
S3_train_I_internal_20_10_test_all,three_class_with_air,C-DANN-UDA,learned latent PCA,acetone,target,target_domain,Period_II,Day 6,6,acetone\acetone_32.csv,4.43105055508533,-1.0227061840220746
S3_train_I_internal_20_10_test_all,three_class_with_air,C-DANN-UDA,learned latent PCA,acetone,target,target_domain,Period_II,Day 7,7,acetone\acetone_33.csv,-1.8468716891555408,-1.3960482378013577
S3_train_I_internal_20_10_test_all,three_class_with_air,C-DANN-UDA,learned latent PCA,acetone,target,target_domain,Period_II,Day 7,7,acetone\acetone_34.csv,1.205806501375244,-1.8892373673640779
S3_train_I_internal_20_10_test_all,three_class_with_air,C-DANN-UDA,learned latent PCA,acetone,target,target_domain,Period_II,Day 7,7,acetone\acetone_35.csv,5.388356976391123,-0.9145995481187017
S3_train_I_internal_20_10_test_all,three_class_with_air,C-DANN-UDA,learned latent PCA,acetone,target,target_domain,Period_II,Day 8,8,acetone\acetone_36.csv,4.837002988333742,-1.2406116130216205
S3_train_I_internal_20_10_test_all,three_class_with_air,C-DANN-UDA,learned latent PCA,acetone,target,target_domain,Period_II,Day 8,8,acetone\acetone_37.csv,-0.8183272210228552,-2.0977001757955707
S3_train_I_internal_20_10_test_all,three_class_with_air,C-DANN-UDA,learned latent PCA,acetone,target,target_domain,Period_II,Day 8,8,acetone\acetone_38.csv,-3.154634969480308,-0.905408479505392
S3_train_I_internal_20_10_test_all,three_class_with_air,C-DANN-UDA,learned latent PCA,acetone,target,target_domain,Period_II,Day 9,9,acetone\acetone_39.csv,1.292202356525748,-2.1129776535722176
S3_train_I_internal_20_10_test_all,three_class_with_air,C-DANN-UDA,learned latent PCA,acetone,target,target_domain,Period_II,Day 9,9,acetone\acetone_40.csv,-1.842104468475532,-1.936428008234902
S3_train_I_internal_20_10_test_all,three_class_with_air,C-DANN-UDA,learned latent PCA,acetone,target,target_domain,Period_II,Day 9,9,acetone\acetone_41.csv,3.7805294889456365,-1.6137185342681508
S3_train_I_internal_20_10_test_all,three_class_with_air,C-DANN-UDA,learned latent PCA,acetone,target,target_domain,Period_II,Day 9,9,acetone\acetone_42.csv,4.791747777971275,-0.9807196166020201
S3_train_I_internal_20_10_test_all,three_class_with_air,C-DANN-UDA,learned latent PCA,acetone,target,target_domain,Period_II,Day 9,9,acetone\acetone_43.csv,4.366571090147691,-1.39596923889503
S3_train_I_internal_20_10_test_all,three_class_with_air,C-DANN-UDA,learned latent PCA,air,target,target_domain,Period_II,Day 3,3,air\air_5.csv,-4.097232911446504,1.5531804301751748
S3_train_I_internal_20_10_test_all,three_class_with_air,C-DANN-UDA,learned latent PCA,air,target,target_domain,Period_II,Day 3,3,air\air_6.csv,-4.128051701751814,1.9792612188955419
S3_train_I_internal_20_10_test_all,three_class_with_air,C-DANN-UDA,learned latent PCA,air,target,target_domain,Period_II,Day 3,3,air\reference_5.csv,-3.6811376895141725,1.8285526199062352
S3_train_I_internal_20_10_test_all,three_class_with_air,C-DANN-UDA,learned latent PCA,air,target,target_domain,Period_II,Day 3,3,air\reference_6.csv,-4.202699159789272,2.0601203405885746
S3_train_I_internal_20_10_test_all,three_class_with_air,C-DANN-UDA,learned latent PCA,air,target,target_domain,Period_II,Day 4,4,air\air_7.csv,-3.758571105205566,1.190497020478975
S3_train_I_internal_20_10_test_all,three_class_with_air,C-DANN-UDA,learned latent PCA,air,target,target_domain,Period_II,Day 4,4,air\air_8.csv,-4.321021729122113,2.5435314452209807
S3_train_I_internal_20_10_test_all,three_class_with_air,C-DANN-UDA,learned latent PCA,air,target,target_domain,Period_II,Day 4,4,air\reference_7.csv,-4.052858932286208,1.8182510401114087
S3_train_I_internal_20_10_test_all,three_class_with_air,C-DANN-UDA,learned latent PCA,air,target,target_domain,Period_II,Day 4,4,air\reference_8.csv,-4.379964544918321,3.8224021840107247
S3_train_I_internal_20_10_test_all,three_class_with_air,C-DANN-UDA,learned latent PCA,air,target,target_domain,Period_II,Day 5,5,air\air_10.csv,-3.951274785617303,1.9292197261975201
S3_train_I_internal_20_10_test_all,three_class_with_air,C-DANN-UDA,learned latent PCA,air,target,target_domain,Period_II,Day 5,5,air\air_9.csv,-4.360167934963505,2.977232715505633
S3_train_I_internal_20_10_test_all,three_class_with_air,C-DANN-UDA,learned latent PCA,air,target,target_domain,Period_II,Day 6,6,air\air_11.csv,-3.527053034338226,1.6214242628337554
S3_train_I_internal_20_10_test_all,three_class_with_air,C-DANN-UDA,learned latent PCA,air,target,target_domain,Period_II,Day 6,6,air\air_12.csv,-4.999088019099845,4.662542777083573
S3_train_I_internal_20_10_test_all,three_class_with_air,C-DANN-UDA,learned latent PCA,air,target,target_domain,Period_II,Day 6,6,air\air_13.csv,-4.449447600480118,2.705501411169878
S3_train_I_internal_20_10_test_all,three_class_with_air,C-DANN-UDA,learned latent PCA,air,target,target_domain,Period_II,Day 8,8,air\air_14.csv,-4.485316827521857,2.8404550685950354
S3_train_I_internal_20_10_test_all,three_class_with_air,C-DANN-UDA,learned latent PCA,air,target,target_domain,Period_II,Day 8,8,air\air_15.csv,-4.144397438642597,2.003880407345038
S3_train_I_internal_20_10_test_all,three_class_with_air,C-DANN-UDA,learned latent PCA,air,target,target_domain,Period_II,Day 8,8,air\reference_9.csv,-4.223470128068131,2.2599516040687777
S3_train_I_internal_20_10_test_all,three_class_with_air,C-DANN-UDA,learned latent PCA,air,target,target_domain,Period_II,Day 9,9,air\air_16.csv,-4.1827272879544015,2.0774986852914825
S3_train_I_internal_20_10_test_all,three_class_with_air,C-DANN-UDA,learned latent PCA,air,target,target_domain,Period_II,Day 9,9,air\air_17.csv,-4.408443870653825,2.754044721492385
S3_train_I_internal_20_10_test_all,three_class_with_air,C-DANN-UDA,learned latent PCA,alcohol,target,target_domain,Period_II,Day 3,3,alcohol\alcohol_11.csv,-3.4719568988508924,-0.826553231794735
S3_train_I_internal_20_10_test_all,three_class_with_air,C-DANN-UDA,learned latent PCA,alcohol,target,target_domain,Period_II,Day 3,3,alcohol\alcohol_12.csv,-3.2168328748107036,-1.6628077163492765
S3_train_I_internal_20_10_test_all,three_class_with_air,C-DANN-UDA,learned latent PCA,alcohol,target,target_domain,Period_II,Day 3,3,alcohol\alcohol_13.csv,-3.126035785594923,-1.900751266159343
S3_train_I_internal_20_10_test_all,three_class_with_air,C-DANN-UDA,learned latent PCA,alcohol,target,target_domain,Period_II,Day 3,3,alcohol\alcohol_14.csv,-2.112217591471028,-2.154319044409782
S3_train_I_internal_20_10_test_all,three_class_with_air,C-DANN-UDA,learned latent PCA,alcohol,target,target_domain,Period_II,Day 3,3,alcohol\alcohol_15.csv,-1.039346747636865,-2.115124622941179
S3_train_I_internal_20_10_test_all,three_class_with_air,C-DANN-UDA,learned latent PCA,alcohol,target,target_domain,Period_II,Day 4,4,alcohol\alcohol_16.csv,-3.1241182864730677,-1.680541560572563
S3_train_I_internal_20_10_test_all,three_class_with_air,C-DANN-UDA,learned latent PCA,alcohol,target,target_domain,Period_II,Day 4,4,alcohol\alcohol_17.csv,-3.74685876850779,0.49154328138844094
S3_train_I_internal_20_10_test_all,three_class_with_air,C-DANN-UDA,learned latent PCA,alcohol,target,target_domain,Period_II,Day 4,4,alcohol\alcohol_18.csv,-3.394625615014157,-1.1892943790358979
S3_train_I_internal_20_10_test_all,three_class_with_air,C-DANN-UDA,learned latent PCA,alcohol,target,target_domain,Period_II,Day 4,4,alcohol\alcohol_19.csv,-3.338671688305032,-0.7366712025822811
S3_train_I_internal_20_10_test_all,three_class_with_air,C-DANN-UDA,learned latent PCA,alcohol,target,target_domain,Period_II,Day 4,4,alcohol\alcohol_20.csv,-3.0459999941241103,-1.204138148012802
S3_train_I_internal_20_10_test_all,three_class_with_air,C-DANN-UDA,learned latent PCA,alcohol,target,target_domain,Period_II,Day 5,5,alcohol\alcohol_21.csv,-1.5187138132673528,-1.0709202358019994
S3_train_I_internal_20_10_test_all,three_class_with_air,C-DANN-UDA,learned latent PCA,alcohol,target,target_domain,Period_II,Day 5,5,alcohol\alcohol_22.csv,-2.56480694830971,-1.62446265201394
S3_train_I_internal_20_10_test_all,three_class_with_air,C-DANN-UDA,learned latent PCA,alcohol,target,target_domain,Period_II,Day 5,5,alcohol\alcohol_23.csv,22.04839279669238,3.6212245527151503
S3_train_I_internal_20_10_test_all,three_class_with_air,C-DANN-UDA,learned latent PCA,alcohol,target,target_domain,Period_II,Day 5,5,alcohol\alcohol_24.csv,-3.3212510042324555,-1.5670155659468485
S3_train_I_internal_20_10_test_all,three_class_with_air,C-DANN-UDA,learned latent PCA,alcohol,target,target_domain,Period_II,Day 5,5,alcohol\alcohol_25.csv,-3.6259759922134296,-0.3275648241910689
S3_train_I_internal_20_10_test_all,three_class_with_air,C-DANN-UDA,learned latent PCA,alcohol,target,target_domain,Period_II,Day 6,6,alcohol\alcohol_26.csv,-3.025898249932441,-1.2971345377323338
S3_train_I_internal_20_10_test_all,three_class_with_air,C-DANN-UDA,learned latent PCA,alcohol,target,target_domain,Period_II,Day 6,6,alcohol\alcohol_27.csv,2.5467840888463136,-1.471559648518153
S3_train_I_internal_20_10_test_all,three_class_with_air,C-DANN-UDA,learned latent PCA,alcohol,target,target_domain,Period_II,Day 6,6,alcohol\alcohol_28.csv,4.300240016112953,-0.6328354234504227
S3_train_I_internal_20_10_test_all,three_class_with_air,C-DANN-UDA,learned latent PCA,alcohol,target,target_domain,Period_II,Day 6,6,alcohol\alcohol_29.csv,-0.4578652986397808,-2.3004623611934054
S3_train_I_internal_20_10_test_all,three_class_with_air,C-DANN-UDA,learned latent PCA,alcohol,target,target_domain,Period_II,Day 6,6,alcohol\alcohol_30.csv,-1.4224849883654949,-2.416308060871292
S3_train_I_internal_20_10_test_all,three_class_with_air,C-DANN-UDA,learned latent PCA,alcohol,target,target_domain,Period_II,Day 6,6,alcohol\alcohol_31.csv,0.16302434164826624,-2.1305522801346513
S3_train_I_internal_20_10_test_all,three_class_with_air,C-DANN-UDA,learned latent PCA,alcohol,target,target_domain,Period_II,Day 6,6,alcohol\alcohol_32.csv,-2.2421634861287876,-2.46159781877273
S3_train_I_internal_20_10_test_all,three_class_with_air,C-DANN-UDA,learned latent PCA,alcohol,target,target_domain,Period_II,Day 7,7,alcohol\alcohol_33.csv,1.2272330438765926,-1.9095950575268978
S3_train_I_internal_20_10_test_all,three_class_with_air,C-DANN-UDA,learned latent PCA,alcohol,target,target_domain,Period_II,Day 7,7,alcohol\alcohol_34.csv,-2.3472916175147702,-1.8745736535765591
S3_train_I_internal_20_10_test_all,three_class_with_air,C-DANN-UDA,learned latent PCA,alcohol,target,target_domain,Period_II,Day 7,7,alcohol\alcohol_35.csv,2.954468849247206,-1.394409193807948
S3_train_I_internal_20_10_test_all,three_class_with_air,C-DANN-UDA,learned latent PCA,alcohol,target,target_domain,Period_II,Day 8,8,alcohol\alcohol_36.csv,-3.6194486205640506,0.008356610996751971
S3_train_I_internal_20_10_test_all,three_class_with_air,C-DANN-UDA,learned latent PCA,alcohol,target,target_domain,Period_II,Day 8,8,alcohol\alcohol_37.csv,-3.5650973151869327,-0.35663024744838273
S3_train_I_internal_20_10_test_all,three_class_with_air,C-DANN-UDA,learned latent PCA,alcohol,target,target_domain,Period_II,Day 8,8,alcohol\alcohol_38.csv,-3.1610724202024874,-1.1461794268234766
S3_train_I_internal_20_10_test_all,three_class_with_air,C-DANN-UDA,learned latent PCA,alcohol,target,target_domain,Period_II,Day 9,9,alcohol\alcohol_39.csv,-3.5895267112534888,-0.23039434675762838
S3_train_I_internal_20_10_test_all,three_class_with_air,C-DANN-UDA,learned latent PCA,alcohol,target,target_domain,Period_II,Day 9,9,alcohol\alcohol_40.csv,-2.941982795781599,-1.6510806784270806
S3_train_I_internal_20_10_test_all,three_class_with_air,C-DANN-UDA,learned latent PCA,alcohol,target,target_domain,Period_II,Day 9,9,alcohol\alcohol_41.csv,-3.6961855623317854,0.33930105723905996
S3_train_I_internal_20_10_test_all,three_class_with_air,C-DANN-UDA,learned latent PCA,alcohol,target,target_domain,Period_II,Day 9,9,alcohol\alcohol_42.csv,-2.1553062286123765,-1.852356995006674
S3_train_I_internal_20_10_test_all,three_class_with_air,C-DANN-UDA,learned latent PCA,alcohol,target,target_domain,Period_II,Day 9,9,alcohol\alcohol_43.csv,-2.998793887115102,-1.066229889137121
S3_train_I_internal_20_10_test_all,three_class_with_air,C-DANN-UDA,learned latent PCA,acetone,target,target_domain,Period_II,Day 10,10,acetone\acetone_44.csv,9.63454392651044,-0.0562020290480476
S3_train_I_internal_20_10_test_all,three_class_with_air,C-DANN-UDA,learned latent PCA,acetone,target,target_domain,Period_II,Day 10,10,acetone\acetone_45.csv,-3.4240379294555163,-0.6133407316466015
S3_train_I_internal_20_10_test_all,three_class_with_air,C-DANN-UDA,learned latent PCA,acetone,target,target_domain,Period_II,Day 10,10,acetone\acetone_46.csv,0.28858456555500506,-2.156534911463493
S3_train_I_internal_20_10_test_all,three_class_with_air,C-DANN-UDA,learned latent PCA,acetone,target,target_domain,Period_II,Day 10,10,acetone\acetone_47.csv,-1.9803017903966849,-2.4519225449783715
S3_train_I_internal_20_10_test_all,three_class_with_air,C-DANN-UDA,learned latent PCA,acetone,target,target_domain,Period_II,Day 11,11,acetone\acetone_48.csv,2.708448268113322,-1.8368827981553784
S3_train_I_internal_20_10_test_all,three_class_with_air,C-DANN-UDA,learned latent PCA,acetone,target,target_domain,Period_II,Day 11,11,acetone\acetone_49.csv,7.564891342248725,-0.5547171400194912
S3_train_I_internal_20_10_test_all,three_class_with_air,C-DANN-UDA,learned latent PCA,acetone,target,target_domain,Period_II,Day 11,11,acetone\acetone_50.csv,-3.046870609269256,-1.7878990912353243
S3_train_I_internal_20_10_test_all,three_class_with_air,C-DANN-UDA,learned latent PCA,acetone,target,target_domain,Period_II,Day 11,11,acetone\acetone_51.csv,1.564097187743685,-1.876943279811184
S3_train_I_internal_20_10_test_all,three_class_with_air,C-DANN-UDA,learned latent PCA,acetone,target,target_domain,Period_II,Day 12,12,acetone\acetone_52.csv,-3.8382505828309412,0.45593502053882384
S3_train_I_internal_20_10_test_all,three_class_with_air,C-DANN-UDA,learned latent PCA,acetone,target,target_domain,Period_II,Day 12,12,acetone\acetone_53.csv,-2.793617020608594,-2.1027322666288124
S3_train_I_internal_20_10_test_all,three_class_with_air,C-DANN-UDA,learned latent PCA,acetone,target,target_domain,Period_II,Day 12,12,acetone\acetone_54.csv,-3.1049543494973344,-0.7764090096599424
S3_train_I_internal_20_10_test_all,three_class_with_air,C-DANN-UDA,learned latent PCA,acetone,target,target_domain,Period_II,Day 12,12,acetone\acetone_55.csv,-2.088178372683547,-1.998733757300321
S3_train_I_internal_20_10_test_all,three_class_with_air,C-DANN-UDA,learned latent PCA,acetone,target,target_domain,Period_II,Day 13,13,acetone\acetone_56.csv,-2.8723349844908412,-2.209252534678719
S3_train_I_internal_20_10_test_all,three_class_with_air,C-DANN-UDA,learned latent PCA,acetone,target,target_domain,Period_II,Day 13,13,acetone\acetone_57.csv,-2.1986640170404774,-2.3602580391106516
S3_train_I_internal_20_10_test_all,three_class_with_air,C-DANN-UDA,learned latent PCA,acetone,target,target_domain,Period_II,Day 14,14,acetone\acetone_58.csv,-1.907445542967764,-2.5620144483430924
S3_train_I_internal_20_10_test_all,three_class_with_air,C-DANN-UDA,learned latent PCA,acetone,target,target_domain,Period_II,Day 14,14,acetone\acetone_59.csv,0.4524102238688078,-2.0119545562320758
S3_train_I_internal_20_10_test_all,three_class_with_air,C-DANN-UDA,learned latent PCA,acetone,target,target_domain,Period_II,Day 14,14,acetone\acetone_60.csv,6.778237983869975,-0.7750132916546127
S3_train_I_internal_20_10_test_all,three_class_with_air,C-DANN-UDA,learned latent PCA,acetone,target,target_domain,Period_II,Day 15,15,acetone\acetone_61.csv,-2.54600836174752,-1.4478246196549172
S3_train_I_internal_20_10_test_all,three_class_with_air,C-DANN-UDA,learned latent PCA,acetone,target,target_domain,Period_II,Day 15,15,acetone\acetone_62.csv,-3.2403063789479134,-1.1594970478179156
S3_train_I_internal_20_10_test_all,three_class_with_air,C-DANN-UDA,learned latent PCA,acetone,target,target_domain,Period_II,Day 15,15,acetone\acetone_63.csv,-3.416154992740224,-0.5437125242055071
S3_train_I_internal_20_10_test_all,three_class_with_air,C-DANN-UDA,learned latent PCA,acetone,target,target_domain,Period_II,Day 17,17,acetone\acetone_64.csv,-1.9078973947103401,-2.0648126986574686
S3_train_I_internal_20_10_test_all,three_class_with_air,C-DANN-UDA,learned latent PCA,acetone,target,target_domain,Period_II,Day 17,17,acetone\acetone_65.csv,-2.2479661111994056,-1.5366003603235965
S3_train_I_internal_20_10_test_all,three_class_with_air,C-DANN-UDA,learned latent PCA,acetone,target,target_domain,Period_II,Day 17,17,acetone\acetone_66.csv,-3.4234582423354243,-0.7126566359123871
S3_train_I_internal_20_10_test_all,three_class_with_air,C-DANN-UDA,learned latent PCA,acetone,target,target_domain,Period_II,Day 17,17,acetone\acetone_67.csv,2.1516787466267036,-1.8763488477645949
S3_train_I_internal_20_10_test_all,three_class_with_air,C-DANN-UDA,learned latent PCA,acetone,target,target_domain,Period_II,Day 17,17,acetone\acetone_68.csv,3.7221288333866465,-1.4317204798494996
S3_train_I_internal_20_10_test_all,three_class_with_air,C-DANN-UDA,learned latent PCA,air,target,target_domain,Period_II,Day 10,10,air\air_18.csv,-4.158958795960902,2.4037879250800116
S3_train_I_internal_20_10_test_all,three_class_with_air,C-DANN-UDA,learned latent PCA,air,target,target_domain,Period_II,Day 10,10,air\air_19.csv,-3.507396995174588,1.439864242353302
S3_train_I_internal_20_10_test_all,three_class_with_air,C-DANN-UDA,learned latent PCA,air,target,target_domain,Period_II,Day 11,11,air\air_20.csv,-3.5500720711670453,1.0513221452910746
S3_train_I_internal_20_10_test_all,three_class_with_air,C-DANN-UDA,learned latent PCA,air,target,target_domain,Period_II,Day 11,11,air\air_21.csv,-4.853457678197362,4.978559730025745
S3_train_I_internal_20_10_test_all,three_class_with_air,C-DANN-UDA,learned latent PCA,air,target,target_domain,Period_II,Day 12,12,air\air_22.csv,-4.105445490809196,1.377713969609488
S3_train_I_internal_20_10_test_all,three_class_with_air,C-DANN-UDA,learned latent PCA,air,target,target_domain,Period_II,Day 12,12,air\air_23.csv,-3.59542207987674,1.4064960459742504
S3_train_I_internal_20_10_test_all,three_class_with_air,C-DANN-UDA,learned latent PCA,air,target,target_domain,Period_II,Day 13,13,air\air_24.csv,-4.589215633994284,3.1266754188685497
S3_train_I_internal_20_10_test_all,three_class_with_air,C-DANN-UDA,learned latent PCA,air,target,target_domain,Period_II,Day 13,13,air\air_25.csv,-4.131496638401019,2.142025044028795
S3_train_I_internal_20_10_test_all,three_class_with_air,C-DANN-UDA,learned latent PCA,air,target,target_domain,Period_II,Day 13,13,air\air_26.csv,-4.3087468152909505,2.577653408158166
S3_train_I_internal_20_10_test_all,three_class_with_air,C-DANN-UDA,learned latent PCA,air,target,target_domain,Period_II,Day 13,13,air\air_27.csv,-4.210990661969914,2.366447929379511
S3_train_I_internal_20_10_test_all,three_class_with_air,C-DANN-UDA,learned latent PCA,air,target,target_domain,Period_II,Day 13,13,air\air_28.csv,-3.8407471856480604,1.832465387759726
S3_train_I_internal_20_10_test_all,three_class_with_air,C-DANN-UDA,learned latent PCA,air,target,target_domain,Period_II,Day 14,14,air\air_29.csv,-4.33723085223116,2.4882836999211193
S3_train_I_internal_20_10_test_all,three_class_with_air,C-DANN-UDA,learned latent PCA,air,target,target_domain,Period_II,Day 14,14,air\air_30.csv,-3.6319391820207283,0.7269567366404407
S3_train_I_internal_20_10_test_all,three_class_with_air,C-DANN-UDA,learned latent PCA,air,target,target_domain,Period_II,Day 14,14,air\air_31.csv,-4.700436706648635,3.431943430841002
S3_train_I_internal_20_10_test_all,three_class_with_air,C-DANN-UDA,learned latent PCA,air,target,target_domain,Period_II,Day 14,14,air\air_32.csv,-3.928771289331649,1.3739584583126336
S3_train_I_internal_20_10_test_all,three_class_with_air,C-DANN-UDA,learned latent PCA,air,target,target_domain,Period_II,Day 14,14,air\air_33.csv,-4.498195849662406,3.2533484720504444
S3_train_I_internal_20_10_test_all,three_class_with_air,C-DANN-UDA,learned latent PCA,air,target,target_domain,Period_II,Day 14,14,air\air_34.csv,-4.573895633751279,3.3047017186073733
S3_train_I_internal_20_10_test_all,three_class_with_air,C-DANN-UDA,learned latent PCA,air,target,target_domain,Period_II,Day 15,15,air\air_35.csv,-4.063968083356844,1.5331882006963342
S3_train_I_internal_20_10_test_all,three_class_with_air,C-DANN-UDA,learned latent PCA,air,target,target_domain,Period_II,Day 15,15,air\air_36.csv,-4.186934241208704,2.11742897916215
S3_train_I_internal_20_10_test_all,three_class_with_air,C-DANN-UDA,learned latent PCA,air,target,target_domain,Period_II,Day 15,15,air\air_37.csv,-4.304031090690333,2.388355058420267
S3_train_I_internal_20_10_test_all,three_class_with_air,C-DANN-UDA,learned latent PCA,air,target,target_domain,Period_II,Day 15,15,air\air_38.csv,-4.209570399084133,2.6210306447926732
S3_train_I_internal_20_10_test_all,three_class_with_air,C-DANN-UDA,learned latent PCA,air,target,target_domain,Period_II,Day 15,15,air\air_39.csv,-4.0802006401183135,1.9044017064642298
S3_train_I_internal_20_10_test_all,three_class_with_air,C-DANN-UDA,learned latent PCA,air,target,target_domain,Period_II,Day 15,15,air\air_40.csv,-4.228934437593099,2.047693902895437
S3_train_I_internal_20_10_test_all,three_class_with_air,C-DANN-UDA,learned latent PCA,air,target,target_domain,Period_II,Day 16,16,air\air_41.csv,-3.9487700979564133,1.105054209984231
S3_train_I_internal_20_10_test_all,three_class_with_air,C-DANN-UDA,learned latent PCA,air,target,target_domain,Period_II,Day 16,16,air\air_42.csv,-4.290966588160139,2.446571046697618
S3_train_I_internal_20_10_test_all,three_class_with_air,C-DANN-UDA,learned latent PCA,air,target,target_domain,Period_II,Day 16,16,air\air_43.csv,-4.026249913586673,1.5566350633812194
S3_train_I_internal_20_10_test_all,three_class_with_air,C-DANN-UDA,learned latent PCA,air,target,target_domain,Period_II,Day 16,16,air\air_44.csv,-3.8652916334671232,2.213497401647806
S3_train_I_internal_20_10_test_all,three_class_with_air,C-DANN-UDA,learned latent PCA,air,target,target_domain,Period_II,Day 17,17,air\air_45.csv,-4.567703681249304,3.5304668744138668
S3_train_I_internal_20_10_test_all,three_class_with_air,C-DANN-UDA,learned latent PCA,air,target,target_domain,Period_II,Day 17,17,air\air_46.csv,-4.355472319261148,3.090222622865416
S3_train_I_internal_20_10_test_all,three_class_with_air,C-DANN-UDA,learned latent PCA,air,target,target_domain,Period_II,Day 17,17,air\air_47.csv,-3.9103470138851453,1.6783036317817641
S3_train_I_internal_20_10_test_all,three_class_with_air,C-DANN-UDA,learned latent PCA,air,target,target_domain,Period_II,Day 17,17,air\air_48.csv,-4.217725451356614,2.125661655359887
S3_train_I_internal_20_10_test_all,three_class_with_air,C-DANN-UDA,learned latent PCA,alcohol,target,target_domain,Period_II,Day 10,10,alcohol\alcohol_44.csv,2.5752581172777105,-1.6663726024164531
S3_train_I_internal_20_10_test_all,three_class_with_air,C-DANN-UDA,learned latent PCA,alcohol,target,target_domain,Period_II,Day 10,10,alcohol\alcohol_45.csv,-2.870501579686923,-2.089487066158132
S3_train_I_internal_20_10_test_all,three_class_with_air,C-DANN-UDA,learned latent PCA,alcohol,target,target_domain,Period_II,Day 10,10,alcohol\alcohol_46.csv,-3.3602725750148212,-0.7470739175584529
S3_train_I_internal_20_10_test_all,three_class_with_air,C-DANN-UDA,learned latent PCA,alcohol,target,target_domain,Period_II,Day 10,10,alcohol\alcohol_47.csv,4.675541319822314,-0.9871654227071099
S3_train_I_internal_20_10_test_all,three_class_with_air,C-DANN-UDA,learned latent PCA,alcohol,target,target_domain,Period_II,Day 11,11,alcohol\alcohol_48.csv,-2.5173300183649,-1.7247520651961459
S3_train_I_internal_20_10_test_all,three_class_with_air,C-DANN-UDA,learned latent PCA,alcohol,target,target_domain,Period_II,Day 11,11,alcohol\alcohol_49.csv,-0.4270485503378024,-1.9080908998002901
S3_train_I_internal_20_10_test_all,three_class_with_air,C-DANN-UDA,learned latent PCA,alcohol,target,target_domain,Period_II,Day 11,11,alcohol\alcohol_50.csv,-1.9099507487332537,-1.783008447588141
S3_train_I_internal_20_10_test_all,three_class_with_air,C-DANN-UDA,learned latent PCA,alcohol,target,target_domain,Period_II,Day 11,11,alcohol\alcohol_51.csv,-2.9566812310505397,-1.2531804359665906
S3_train_I_internal_20_10_test_all,three_class_with_air,C-DANN-UDA,learned latent PCA,alcohol,target,target_domain,Period_II,Day 12,12,alcohol\alcohol_52.csv,-4.174974965455304,1.3857214089217347
S3_train_I_internal_20_10_test_all,three_class_with_air,C-DANN-UDA,learned latent PCA,alcohol,target,target_domain,Period_II,Day 12,12,alcohol\alcohol_53.csv,-3.822726899482806,0.09870074598689967
S3_train_I_internal_20_10_test_all,three_class_with_air,C-DANN-UDA,learned latent PCA,alcohol,target,target_domain,Period_II,Day 12,12,alcohol\alcohol_54.csv,-2.917805141613722,0.22564048175302065
S3_train_I_internal_20_10_test_all,three_class_with_air,C-DANN-UDA,learned latent PCA,alcohol,target,target_domain,Period_II,Day 12,12,alcohol\alcohol_55.csv,-3.351306751371816,-0.7914857124616329
S3_train_I_internal_20_10_test_all,three_class_with_air,C-DANN-UDA,learned latent PCA,alcohol,target,target_domain,Period_II,Day 13,13,alcohol\alcohol_56.csv,-2.514903471246106,-1.2956263298227206
S3_train_I_internal_20_10_test_all,three_class_with_air,C-DANN-UDA,learned latent PCA,alcohol,target,target_domain,Period_II,Day 13,13,alcohol\alcohol_57.csv,-3.131390951509614,-0.6538178415304469
S3_train_I_internal_20_10_test_all,three_class_with_air,C-DANN-UDA,learned latent PCA,alcohol,target,target_domain,Period_II,Day 14,14,alcohol\alcohol_58.csv,-1.4856523069842775,-2.5346239487484845
S3_train_I_internal_20_10_test_all,three_class_with_air,C-DANN-UDA,learned latent PCA,alcohol,target,target_domain,Period_II,Day 14,14,alcohol\alcohol_59.csv,-0.7793246783300068,-2.3325867075739115
S3_train_I_internal_20_10_test_all,three_class_with_air,C-DANN-UDA,learned latent PCA,alcohol,target,target_domain,Period_II,Day 14,14,alcohol\alcohol_60.csv,6.506333456810785,-0.7787829202160897
S3_train_I_internal_20_10_test_all,three_class_with_air,C-DANN-UDA,learned latent PCA,alcohol,target,target_domain,Period_II,Day 15,15,alcohol\alcohol_61.csv,-3.1447283106073067,-0.7532040292399547
S3_train_I_internal_20_10_test_all,three_class_with_air,C-DANN-UDA,learned latent PCA,alcohol,target,target_domain,Period_II,Day 15,15,alcohol\alcohol_62.csv,-2.981607527832133,-1.137487690652482
S3_train_I_internal_20_10_test_all,three_class_with_air,C-DANN-UDA,learned latent PCA,alcohol,target,target_domain,Period_II,Day 15,15,alcohol\alcohol_63.csv,-2.577796242249533,-2.1251353404207918
S3_train_I_internal_20_10_test_all,three_class_with_air,C-DANN-UDA,learned latent PCA,alcohol,target,target_domain,Period_II,Day 17,17,alcohol\alcohol_64.csv,-3.457999144907241,-0.402513359250196
S3_train_I_internal_20_10_test_all,three_class_with_air,C-DANN-UDA,learned latent PCA,alcohol,target,target_domain,Period_II,Day 17,17,alcohol\alcohol_65.csv,-2.9970000285249365,-1.7312096869750364
S3_train_I_internal_20_10_test_all,three_class_with_air,C-DANN-UDA,learned latent PCA,alcohol,target,target_domain,Period_II,Day 17,17,alcohol\alcohol_66.csv,-3.132910778002589,-1.1640279930211492
S3_train_I_internal_20_10_test_all,three_class_with_air,C-DANN-UDA,learned latent PCA,alcohol,target,target_domain,Period_II,Day 17,17,alcohol\alcohol_67.csv,-2.582181679555037,-1.6547323749332035
S3_train_I_internal_20_10_test_all,three_class_with_air,C-DANN-UDA,learned latent PCA,alcohol,target,target_domain,Period_II,Day 17,17,alcohol\alcohol_68.csv,1.495379411833235,-2.0809779173655056
S3_train_I_internal_20_10_test_all,three_class_with_air,C-DANN-UDA,learned latent PCA,acetone,target,target_domain,Period_III,Day 18,18,acetone\acetone_69.csv,-1.6245930748851054,-1.6054413007728312
S3_train_I_internal_20_10_test_all,three_class_with_air,C-DANN-UDA,learned latent PCA,acetone,target,target_domain,Period_III,Day 18,18,acetone\acetone_70.csv,2.4078770986108413,-1.785818142978349
S3_train_I_internal_20_10_test_all,three_class_with_air,C-DANN-UDA,learned latent PCA,acetone,target,target_domain,Period_III,Day 18,18,acetone\acetone_71.csv,10.8058963097451,0.16482561197129525
S3_train_I_internal_20_10_test_all,three_class_with_air,C-DANN-UDA,learned latent PCA,acetone,target,target_domain,Period_III,Day 18,18,acetone\acetone_72.csv,0.09794928447253366,-2.1912840824567885
S3_train_I_internal_20_10_test_all,three_class_with_air,C-DANN-UDA,learned latent PCA,acetone,target,target_domain,Period_III,Day 18,18,acetone\acetone_73.csv,-0.08953458315904388,-2.1340019735900593
S3_train_I_internal_20_10_test_all,three_class_with_air,C-DANN-UDA,learned latent PCA,acetone,target,target_domain,Period_III,Day 19,19,acetone\acetone_74.csv,5.2904436008571425,-1.3207338177101307
S3_train_I_internal_20_10_test_all,three_class_with_air,C-DANN-UDA,learned latent PCA,acetone,target,target_domain,Period_III,Day 19,19,acetone\acetone_75.csv,7.879324472389663,-0.6350947111835146
S3_train_I_internal_20_10_test_all,three_class_with_air,C-DANN-UDA,learned latent PCA,acetone,target,target_domain,Period_III,Day 19,19,acetone\acetone_76.csv,11.696756632314587,0.3445948256682289
S3_train_I_internal_20_10_test_all,three_class_with_air,C-DANN-UDA,learned latent PCA,acetone,target,target_domain,Period_III,Day 20,20,acetone\acetone_77.csv,17.590283693380943,1.8916087266151997
S3_train_I_internal_20_10_test_all,three_class_with_air,C-DANN-UDA,learned latent PCA,acetone,target,target_domain,Period_III,Day 20,20,acetone\acetone_78.csv,15.665765632738765,1.2473416525809324
S3_train_I_internal_20_10_test_all,three_class_with_air,C-DANN-UDA,learned latent PCA,acetone,target,target_domain,Period_III,Day 20,20,acetone\acetone_79.csv,3.0438224151963293,-1.6429820336230967
S3_train_I_internal_20_10_test_all,three_class_with_air,C-DANN-UDA,learned latent PCA,acetone,target,target_domain,Period_III,Day 20,20,acetone\acetone_80.csv,9.010507382368205,-0.2139692026121739
S3_train_I_internal_20_10_test_all,three_class_with_air,C-DANN-UDA,learned latent PCA,acetone,target,target_domain,Period_III,Day 21,21,acetone\acetone_81.csv,11.739922234689615,0.4592877143510635
S3_train_I_internal_20_10_test_all,three_class_with_air,C-DANN-UDA,learned latent PCA,acetone,target,target_domain,Period_III,Day 21,21,acetone\acetone_82.csv,6.708103427854237,-0.46658001429763396
S3_train_I_internal_20_10_test_all,three_class_with_air,C-DANN-UDA,learned latent PCA,acetone,target,target_domain,Period_III,Day 21,21,acetone\acetone_83.csv,17.450781592253644,1.821808538787923
S3_train_I_internal_20_10_test_all,three_class_with_air,C-DANN-UDA,learned latent PCA,acetone,target,target_domain,Period_III,Day 21,21,acetone\acetone_84.csv,18.9176584687057,2.0337694065221505
S3_train_I_internal_20_10_test_all,three_class_with_air,C-DANN-UDA,learned latent PCA,air,target,target_domain,Period_III,Day 18,18,air\air_49.csv,-4.391575637235158,2.863542825127539
S3_train_I_internal_20_10_test_all,three_class_with_air,C-DANN-UDA,learned latent PCA,air,target,target_domain,Period_III,Day 18,18,air\air_50.csv,-4.107187256721838,1.831640222733308
S3_train_I_internal_20_10_test_all,three_class_with_air,C-DANN-UDA,learned latent PCA,air,target,target_domain,Period_III,Day 18,18,air\air_51.csv,-4.302684202392606,2.5346071661923775
S3_train_I_internal_20_10_test_all,three_class_with_air,C-DANN-UDA,learned latent PCA,air,target,target_domain,Period_III,Day 18,18,air\air_52.csv,-4.229350968635432,2.3103726220182943
S3_train_I_internal_20_10_test_all,three_class_with_air,C-DANN-UDA,learned latent PCA,air,target,target_domain,Period_III,Day 19,19,air\air_53.csv,-4.468392151067849,2.920337052353525
S3_train_I_internal_20_10_test_all,three_class_with_air,C-DANN-UDA,learned latent PCA,air,target,target_domain,Period_III,Day 19,19,air\air_54.csv,-4.637363549336493,3.37006224627766
S3_train_I_internal_20_10_test_all,three_class_with_air,C-DANN-UDA,learned latent PCA,air,target,target_domain,Period_III,Day 20,20,air\air_55.csv,-4.091098476824176,1.6856177227018363
S3_train_I_internal_20_10_test_all,three_class_with_air,C-DANN-UDA,learned latent PCA,air,target,target_domain,Period_III,Day 20,20,air\air_56.csv,-3.4709635723399064,0.40877652341452586
S3_train_I_internal_20_10_test_all,three_class_with_air,C-DANN-UDA,learned latent PCA,air,target,target_domain,Period_III,Day 20,20,air\air_57.csv,-4.654854930903644,3.504428726220864
S3_train_I_internal_20_10_test_all,three_class_with_air,C-DANN-UDA,learned latent PCA,air,target,target_domain,Period_III,Day 20,20,air\air_58.csv,-4.202826285230986,2.026159901725206
S3_train_I_internal_20_10_test_all,three_class_with_air,C-DANN-UDA,learned latent PCA,air,target,target_domain,Period_III,Day 21,21,air\air_59.csv,-3.79668104891767,0.7396067647563482
S3_train_I_internal_20_10_test_all,three_class_with_air,C-DANN-UDA,learned latent PCA,air,target,target_domain,Period_III,Day 21,21,air\air_60.csv,-4.576520038692314,3.350248721158779
S3_train_I_internal_20_10_test_all,three_class_with_air,C-DANN-UDA,learned latent PCA,air,target,target_domain,Period_III,Day 21,21,air\air_61.csv,-4.511736548112423,3.047275844795109
S3_train_I_internal_20_10_test_all,three_class_with_air,C-DANN-UDA,learned latent PCA,air,target,target_domain,Period_III,Day 21,21,air\air_62.csv,-4.268426436020759,2.476325028864357
S3_train_I_internal_20_10_test_all,three_class_with_air,C-DANN-UDA,learned latent PCA,alcohol,target,target_domain,Period_III,Day 18,18,alcohol\alcohol_69.csv,-3.201507511728603,-1.2989558927910296
S3_train_I_internal_20_10_test_all,three_class_with_air,C-DANN-UDA,learned latent PCA,alcohol,target,target_domain,Period_III,Day 18,18,alcohol\alcohol_70.csv,4.397618966789379,-1.3426181508127684
S3_train_I_internal_20_10_test_all,three_class_with_air,C-DANN-UDA,learned latent PCA,alcohol,target,target_domain,Period_III,Day 18,18,alcohol\alcohol_71.csv,1.4771311145542403,-1.8028594471423764
S3_train_I_internal_20_10_test_all,three_class_with_air,C-DANN-UDA,learned latent PCA,alcohol,target,target_domain,Period_III,Day 18,18,alcohol\alcohol_72.csv,0.9926855930568635,-1.8793217330902794
S3_train_I_internal_20_10_test_all,three_class_with_air,C-DANN-UDA,learned latent PCA,alcohol,target,target_domain,Period_III,Day 18,18,alcohol\alcohol_73.csv,4.7931848031259765,-1.1534154420586755
S3_train_I_internal_20_10_test_all,three_class_with_air,C-DANN-UDA,learned latent PCA,alcohol,target,target_domain,Period_III,Day 19,19,alcohol\alcohol_74.csv,-0.7726435875088113,-2.3874735816822104
S3_train_I_internal_20_10_test_all,three_class_with_air,C-DANN-UDA,learned latent PCA,alcohol,target,target_domain,Period_III,Day 19,19,alcohol\alcohol_75.csv,0.12262496924155546,-2.274493499222977
S3_train_I_internal_20_10_test_all,three_class_with_air,C-DANN-UDA,learned latent PCA,alcohol,target,target_domain,Period_III,Day 19,19,alcohol\alcohol_76.csv,2.594440078753289,-1.593004578523826
S3_train_I_internal_20_10_test_all,three_class_with_air,C-DANN-UDA,learned latent PCA,alcohol,target,target_domain,Period_III,Day 20,20,alcohol\alcohol_77.csv,4.741094992272532,-1.2382825855425628
S3_train_I_internal_20_10_test_all,three_class_with_air,C-DANN-UDA,learned latent PCA,alcohol,target,target_domain,Period_III,Day 20,20,alcohol\alcohol_78.csv,-0.14683718188140726,-2.2501211872928697
S3_train_I_internal_20_10_test_all,three_class_with_air,C-DANN-UDA,learned latent PCA,alcohol,target,target_domain,Period_III,Day 20,20,alcohol\alcohol_79.csv,3.3379634385062618,-1.5732313887154006
S3_train_I_internal_20_10_test_all,three_class_with_air,C-DANN-UDA,learned latent PCA,alcohol,target,target_domain,Period_III,Day 20,20,alcohol\alcohol_80.csv,2.3879985360416405,-1.815233245999555
S3_train_I_internal_20_10_test_all,three_class_with_air,C-DANN-UDA,learned latent PCA,alcohol,target,target_domain,Period_III,Day 21,21,alcohol\alcohol_81.csv,3.3021425000475557,-1.3023046970390562
S3_train_I_internal_20_10_test_all,three_class_with_air,C-DANN-UDA,learned latent PCA,alcohol,target,target_domain,Period_III,Day 21,21,alcohol\alcohol_82.csv,1.4226580517291167,-1.7408531307886361
S3_train_I_internal_20_10_test_all,three_class_with_air,C-DANN-UDA,learned latent PCA,alcohol,target,target_domain,Period_III,Day 21,21,alcohol\alcohol_83.csv,3.3160628704066037,-1.3945436403149163
S3_train_I_internal_20_10_test_all,three_class_with_air,C-DANN-UDA,learned latent PCA,alcohol,target,target_domain,Period_III,Day 21,21,alcohol\alcohol_84.csv,4.652353240296465,-1.3782087263861869
S3_train_I_internal_20_10_test_all,three_class_with_air,C-DANN-UDA,learned latent PCA,acetone,target,target_domain,Period_IV,Day 22,22,acetone\acetone_85.csv,-3.621612092462236,-0.20879824556743928
S3_train_I_internal_20_10_test_all,three_class_with_air,C-DANN-UDA,learned latent PCA,acetone,target,target_domain,Period_IV,Day 22,22,acetone\acetone_86.csv,-2.266302082724671,-2.4255361926738126
S3_train_I_internal_20_10_test_all,three_class_with_air,C-DANN-UDA,learned latent PCA,acetone,target,target_domain,Period_IV,Day 22,22,acetone\acetone_87.csv,-0.915409059867751,0.07455682210486334
S3_train_I_internal_20_10_test_all,three_class_with_air,C-DANN-UDA,learned latent PCA,acetone,target,target_domain,Period_IV,Day 22,22,acetone\acetone_88.csv,3.5117196660086227,-1.6007897836497595
S3_train_I_internal_20_10_test_all,three_class_with_air,C-DANN-UDA,learned latent PCA,acetone,target,target_domain,Period_IV,Day 23,23,acetone\acetone_89.csv,9.721759014261485,-0.07771356874229032
S3_train_I_internal_20_10_test_all,three_class_with_air,C-DANN-UDA,learned latent PCA,acetone,target,target_domain,Period_IV,Day 23,23,acetone\acetone_90.csv,4.447386676214672,-1.3344663477492615
S3_train_I_internal_20_10_test_all,three_class_with_air,C-DANN-UDA,learned latent PCA,acetone,target,target_domain,Period_IV,Day 23,23,acetone\acetone_91.csv,8.92308567058487,-0.33707117454091234
S3_train_I_internal_20_10_test_all,three_class_with_air,C-DANN-UDA,learned latent PCA,acetone,target,target_domain,Period_IV,Day 23,23,acetone\acetone_92.csv,12.244605205653858,0.39064737753289985
S3_train_I_internal_20_10_test_all,three_class_with_air,C-DANN-UDA,learned latent PCA,acetone,target,target_domain,Period_IV,Day 24,24,acetone\acetone_93.csv,2.067310362174865,-1.5987819926247513
S3_train_I_internal_20_10_test_all,three_class_with_air,C-DANN-UDA,learned latent PCA,acetone,target,target_domain,Period_IV,Day 24,24,acetone\acetone_94.csv,0.24839453520111313,-2.123291321506955
S3_train_I_internal_20_10_test_all,three_class_with_air,C-DANN-UDA,learned latent PCA,acetone,target,target_domain,Period_IV,Day 24,24,acetone\acetone_95.csv,6.686413615177733,-0.8282144433824823
S3_train_I_internal_20_10_test_all,three_class_with_air,C-DANN-UDA,learned latent PCA,acetone,target,target_domain,Period_IV,Day 24,24,acetone\acetone_96.csv,3.3332544060715548,-1.6175292421528054
S3_train_I_internal_20_10_test_all,three_class_with_air,C-DANN-UDA,learned latent PCA,air,target,target_domain,Period_IV,Day 22,22,air\air_63.csv,-4.166933255043137,2.3050431608990594
S3_train_I_internal_20_10_test_all,three_class_with_air,C-DANN-UDA,learned latent PCA,air,target,target_domain,Period_IV,Day 22,22,air\air_64.csv,-3.9904411411290273,2.3455035787856193
S3_train_I_internal_20_10_test_all,three_class_with_air,C-DANN-UDA,learned latent PCA,air,target,target_domain,Period_IV,Day 22,22,air\air_65.csv,-4.026997348120887,1.5702348038368001
S3_train_I_internal_20_10_test_all,three_class_with_air,C-DANN-UDA,learned latent PCA,air,target,target_domain,Period_IV,Day 23,23,air\air_66.csv,-4.372238181509348,2.52439657262505
S3_train_I_internal_20_10_test_all,three_class_with_air,C-DANN-UDA,learned latent PCA,air,target,target_domain,Period_IV,Day 23,23,air\air_67.csv,-4.430769458231727,3.075196360110723
S3_train_I_internal_20_10_test_all,three_class_with_air,C-DANN-UDA,learned latent PCA,air,target,target_domain,Period_IV,Day 23,23,air\air_68.csv,-4.555218759280354,3.447347019163216
S3_train_I_internal_20_10_test_all,three_class_with_air,C-DANN-UDA,learned latent PCA,air,target,target_domain,Period_IV,Day 23,23,air\air_69.csv,-4.449955546230075,2.943309539837639
S3_train_I_internal_20_10_test_all,three_class_with_air,C-DANN-UDA,learned latent PCA,air,target,target_domain,Period_IV,Day 24,24,air\air_70.csv,-4.593783646333379,3.442519558465754
S3_train_I_internal_20_10_test_all,three_class_with_air,C-DANN-UDA,learned latent PCA,air,target,target_domain,Period_IV,Day 24,24,air\air_71.csv,-4.284034342966896,2.1399774583598847
S3_train_I_internal_20_10_test_all,three_class_with_air,C-DANN-UDA,learned latent PCA,air,target,target_domain,Period_IV,Day 24,24,air\air_72.csv,-4.0719018029111895,2.3117007712733386
S3_train_I_internal_20_10_test_all,three_class_with_air,C-DANN-UDA,learned latent PCA,alcohol,target,target_domain,Period_IV,Day 22,22,alcohol\alcohol_85.csv,-2.4797686793909035,-1.3860443403385854
S3_train_I_internal_20_10_test_all,three_class_with_air,C-DANN-UDA,learned latent PCA,alcohol,target,target_domain,Period_IV,Day 22,22,alcohol\alcohol_86.csv,-2.7043185423891307,-0.24959626604734786
S3_train_I_internal_20_10_test_all,three_class_with_air,C-DANN-UDA,learned latent PCA,alcohol,target,target_domain,Period_IV,Day 22,22,alcohol\alcohol_87.csv,-3.3624569494364818,-0.3321643589226917
S3_train_I_internal_20_10_test_all,three_class_with_air,C-DANN-UDA,learned latent PCA,alcohol,target,target_domain,Period_IV,Day 22,22,alcohol\alcohol_88.csv,-0.11501955979044241,-2.358653684635926
S3_train_I_internal_20_10_test_all,three_class_with_air,C-DANN-UDA,learned latent PCA,alcohol,target,target_domain,Period_IV,Day 23,23,alcohol\alcohol_89.csv,-2.014251907095524,-2.5189590634832175
S3_train_I_internal_20_10_test_all,three_class_with_air,C-DANN-UDA,learned latent PCA,alcohol,target,target_domain,Period_IV,Day 23,23,alcohol\alcohol_90.csv,-0.0742228720874299,-2.3925819710739455
S3_train_I_internal_20_10_test_all,three_class_with_air,C-DANN-UDA,learned latent PCA,alcohol,target,target_domain,Period_IV,Day 23,23,alcohol\alcohol_91.csv,-0.452162763734595,-2.341544503109342
S3_train_I_internal_20_10_test_all,three_class_with_air,C-DANN-UDA,learned latent PCA,alcohol,target,target_domain,Period_IV,Day 23,23,alcohol\alcohol_92.csv,1.954097871223551,-1.8655803017154837
S3_train_I_internal_20_10_test_all,three_class_with_air,C-DANN-UDA,learned latent PCA,alcohol,target,target_domain,Period_IV,Day 24,24,alcohol\alcohol_93.csv,-0.4443321273206809,-2.479356183209686
S3_train_I_internal_20_10_test_all,three_class_with_air,C-DANN-UDA,learned latent PCA,alcohol,target,target_domain,Period_IV,Day 24,24,alcohol\alcohol_94.csv,0.7452560250775185,-2.039853143873155
S3_train_I_internal_20_10_test_all,three_class_with_air,C-DANN-UDA,learned latent PCA,alcohol,target,target_domain,Period_IV,Day 24,24,alcohol\alcohol_95.csv,-2.4209221225807367,-2.3338181277835446
S3_train_I_internal_20_10_test_all,three_class_with_air,C-DANN-UDA,learned latent PCA,alcohol,target,target_domain,Period_IV,Day 24,24,alcohol\alcohol_96.csv,-2.600863857240813,-1.4130100905444194
S4_train_I_val_D1_2,three_class_with_air,C-DANN-UDA,learned latent PCA,acetone,source,source_train,Period_I,Day 1 afternoon,1,acetone\acetone_o1.csv,-2.823618265216933,0.14953374162771252
S4_train_I_val_D1_2,three_class_with_air,C-DANN-UDA,learned latent PCA,acetone,source,source_train,Period_I,Day 1 afternoon,1,acetone\acetone_o2.csv,-3.7679936155693716,1.0388571949285308
S4_train_I_val_D1_2,three_class_with_air,C-DANN-UDA,learned latent PCA,acetone,source,source_train,Period_I,Day 1 afternoon,1,acetone\acetone_o3.csv,-5.707034591892314,-1.6368067794155932
S4_train_I_val_D1_2,three_class_with_air,C-DANN-UDA,learned latent PCA,acetone,source,source_train,Period_I,Day 2 noon,2,acetone\acetone_o4.csv,-8.397320027380632,-0.29118718442752434
S4_train_I_val_D1_2,three_class_with_air,C-DANN-UDA,learned latent PCA,acetone,source,source_train,Period_I,Day 2 noon,2,acetone\acetone_o5.csv,-9.21984534102816,0.9573131007263744
S4_train_I_val_D1_2,three_class_with_air,C-DANN-UDA,learned latent PCA,acetone,source,source_train,Period_I,Day 2 noon,2,acetone\acetone_o6.csv,-5.265303508596017,-0.4065545422200055
S4_train_I_val_D1_2,three_class_with_air,C-DANN-UDA,learned latent PCA,acetone,source,source_train,Period_I,Day 2 afternoon,2,acetone\acetone_o7.csv,-3.4142074310043453,1.8014429128468936
S4_train_I_val_D1_2,three_class_with_air,C-DANN-UDA,learned latent PCA,acetone,source,source_train,Period_I,Day 2 afternoon,2,acetone\acetone_o8.csv,-5.187810609505123,0.2604124160578661
S4_train_I_val_D1_2,three_class_with_air,C-DANN-UDA,learned latent PCA,acetone,source,source_train,Period_I,Day 2 afternoon,2,acetone\acetone_o9.csv,-8.303942402084632,1.6067060673820512
S4_train_I_val_D1_2,three_class_with_air,C-DANN-UDA,learned latent PCA,acetone,source,source_train,Period_I,Day 3 noon,3,acetone\acetone_o10.csv,-5.029142273742554,0.8731116307113637
S4_train_I_val_D1_2,three_class_with_air,C-DANN-UDA,learned latent PCA,acetone,source,source_train,Period_I,Day 3 noon,3,acetone\acetone_o11.csv,-5.023908473313649,0.6815573534402649
S4_train_I_val_D1_2,three_class_with_air,C-DANN-UDA,learned latent PCA,acetone,source,source_train,Period_I,Day 3 noon,3,acetone\acetone_o12.csv,-12.554219647323253,3.5436731611651213
S4_train_I_val_D1_2,three_class_with_air,C-DANN-UDA,learned latent PCA,air,source,source_train,Period_I,baseline,0,air\baseline_1.csv,4.566573265217711,5.8068070596562675
S4_train_I_val_D1_2,three_class_with_air,C-DANN-UDA,learned latent PCA,air,source,source_train,Period_I,baseline,0,air\baseline_3.csv,1.4419079750588093,5.865918963580154
S4_train_I_val_D1_2,three_class_with_air,C-DANN-UDA,learned latent PCA,air,source,source_train,Period_I,baseline,0,air\baseline_4.csv,2.8911919405185995,6.105329078866806
S4_train_I_val_D1_2,three_class_with_air,C-DANN-UDA,learned latent PCA,air,source,source_train,Period_I,baseline,0,air\baseline_5.csv,2.2073877322950994,3.7636226211393238
S4_train_I_val_D1_2,three_class_with_air,C-DANN-UDA,learned latent PCA,air,source,source_train,Period_I,baseline,0,air\baseline_6.csv,8.404013215474352,7.637159027367471
S4_train_I_val_D1_2,three_class_with_air,C-DANN-UDA,learned latent PCA,air,source,source_train,Period_I,baseline,0,air\baseline_7.csv,2.4113540709077337,6.52478967291259
S4_train_I_val_D1_2,three_class_with_air,C-DANN-UDA,learned latent PCA,alcohol,source,source_train,Period_I,Day 1 afternoon,1,alcohol\alcohol_o1.csv,1.9408622236900333,-4.128407314161738
S4_train_I_val_D1_2,three_class_with_air,C-DANN-UDA,learned latent PCA,alcohol,source,source_train,Period_I,Day 1 afternoon,1,alcohol\alcohol_o2.csv,1.1698036037231156,-3.7410707117223017
S4_train_I_val_D1_2,three_class_with_air,C-DANN-UDA,learned latent PCA,alcohol,source,source_train,Period_I,Day 1 afternoon,1,alcohol\alcohol_o3.csv,0.5442226026569728,-3.033965757883836
S4_train_I_val_D1_2,three_class_with_air,C-DANN-UDA,learned latent PCA,alcohol,source,source_train,Period_I,Day 2 noon,2,alcohol\alcohol_o4.csv,2.824095643818364,-4.179159072616947
S4_train_I_val_D1_2,three_class_with_air,C-DANN-UDA,learned latent PCA,alcohol,source,source_train,Period_I,Day 2 noon,2,alcohol\alcohol_o5.csv,2.555470423804995,-2.4238035810203375
S4_train_I_val_D1_2,three_class_with_air,C-DANN-UDA,learned latent PCA,alcohol,source,source_train,Period_I,Day 2 noon,2,alcohol\alcohol_o6.csv,2.0375047822578605,-2.6329672888948537
S4_train_I_val_D1_2,three_class_with_air,C-DANN-UDA,learned latent PCA,alcohol,source,source_train,Period_I,Day 2 afternoon,2,alcohol\alcohol_o7.csv,3.5161985443270436,-4.615276308746367
S4_train_I_val_D1_2,three_class_with_air,C-DANN-UDA,learned latent PCA,alcohol,source,source_train,Period_I,Day 2 afternoon,2,alcohol\alcohol_o8.csv,1.4091526595550188,-3.4129904137084837
S4_train_I_val_D1_2,three_class_with_air,C-DANN-UDA,learned latent PCA,alcohol,source,source_train,Period_I,Day 2 afternoon,2,alcohol\alcohol_o9.csv,1.2564732715898628,-2.483418487844173
S4_train_I_val_D1_2,three_class_with_air,C-DANN-UDA,learned latent PCA,alcohol,source,source_train,Period_I,Day 3 noon,3,alcohol\alcohol_o10.csv,3.0985124210701525,-4.254523316770031
S4_train_I_val_D1_2,three_class_with_air,C-DANN-UDA,learned latent PCA,alcohol,source,source_train,Period_I,Day 3 noon,3,alcohol\alcohol_o11.csv,1.254805691596895,-2.842539343637596
S4_train_I_val_D1_2,three_class_with_air,C-DANN-UDA,learned latent PCA,alcohol,source,source_train,Period_I,Day 3 noon,3,alcohol\alcohol_o12.csv,2.1985874529667297,-3.7645449191432028
S4_train_I_val_D1_2,three_class_with_air,C-DANN-UDA,learned latent PCA,acetone,target,target_domain,Period_II,Day 1,1,acetone\acetone_1.csv,-13.40454570375377,2.106152477558319
S4_train_I_val_D1_2,three_class_with_air,C-DANN-UDA,learned latent PCA,acetone,target,target_domain,Period_II,Day 1,1,acetone\acetone_2.csv,-12.39823245069691,2.7261978631962713
S4_train_I_val_D1_2,three_class_with_air,C-DANN-UDA,learned latent PCA,acetone,target,target_domain,Period_II,Day 1,1,acetone\acetone_3.csv,-5.800616554696662,1.900200149331039
S4_train_I_val_D1_2,three_class_with_air,C-DANN-UDA,learned latent PCA,acetone,target,target_domain,Period_II,Day 1,1,acetone\acetone_4.csv,-10.373135064580039,1.2866857329308208
S4_train_I_val_D1_2,three_class_with_air,C-DANN-UDA,learned latent PCA,acetone,target,target_domain,Period_II,Day 1,1,acetone\acetone_5.csv,-4.369799795508896,-0.0982365745894902
S4_train_I_val_D1_2,three_class_with_air,C-DANN-UDA,learned latent PCA,acetone,target,target_domain,Period_II,Day 2,2,acetone\acetone_10.csv,-8.70904424046797,2.6281821506954537
S4_train_I_val_D1_2,three_class_with_air,C-DANN-UDA,learned latent PCA,acetone,target,target_domain,Period_II,Day 2,2,acetone\acetone_6.csv,-5.138891683289295,0.08414070993956556
S4_train_I_val_D1_2,three_class_with_air,C-DANN-UDA,learned latent PCA,acetone,target,target_domain,Period_II,Day 2,2,acetone\acetone_7.csv,-7.966256534405966,-0.8561182083164007
S4_train_I_val_D1_2,three_class_with_air,C-DANN-UDA,learned latent PCA,acetone,target,target_domain,Period_II,Day 2,2,acetone\acetone_8.csv,-4.1022689337422635,1.341664179994511
S4_train_I_val_D1_2,three_class_with_air,C-DANN-UDA,learned latent PCA,acetone,target,target_domain,Period_II,Day 2,2,acetone\acetone_9.csv,-8.308924746443314,1.0191942960832987
S4_train_I_val_D1_2,three_class_with_air,C-DANN-UDA,learned latent PCA,air,target,target_domain,Period_II,Day 1,1,air\air_1.csv,3.1803610296032425,3.981432119623373
S4_train_I_val_D1_2,three_class_with_air,C-DANN-UDA,learned latent PCA,air,target,target_domain,Period_II,Day 1,1,air\air_2.csv,1.1473505024183592,1.0682312484768897
S4_train_I_val_D1_2,three_class_with_air,C-DANN-UDA,learned latent PCA,air,target,target_domain,Period_II,Day 1,1,air\reference_1.csv,5.914923567746606,6.855685060489198
S4_train_I_val_D1_2,three_class_with_air,C-DANN-UDA,learned latent PCA,air,target,target_domain,Period_II,Day 1,1,air\reference_2.csv,3.8909942350824744,1.2883716789196762
S4_train_I_val_D1_2,three_class_with_air,C-DANN-UDA,learned latent PCA,air,target,target_domain,Period_II,Day 1,1,air\reference_3.csv,-3.234551645684185,19.94886251696391
S4_train_I_val_D1_2,three_class_with_air,C-DANN-UDA,learned latent PCA,air,target,target_domain,Period_II,Day 1,1,air\reference_4.csv,3.5092562665253224,9.022159242500653
S4_train_I_val_D1_2,three_class_with_air,C-DANN-UDA,learned latent PCA,air,target,target_domain,Period_II,Day 2,2,air\air_3.csv,3.5493992489310435,4.7628400622601825
S4_train_I_val_D1_2,three_class_with_air,C-DANN-UDA,learned latent PCA,air,target,target_domain,Period_II,Day 2,2,air\air_4.csv,5.234558048019057,1.596899573363687
S4_train_I_val_D1_2,three_class_with_air,C-DANN-UDA,learned latent PCA,alcohol,target,target_domain,Period_II,Day 1,1,alcohol\alcohol_1.csv,-1.170290631230749,-1.3769091173359926
S4_train_I_val_D1_2,three_class_with_air,C-DANN-UDA,learned latent PCA,alcohol,target,target_domain,Period_II,Day 1,1,alcohol\alcohol_2.csv,3.427413309215153,-6.419241987674785
S4_train_I_val_D1_2,three_class_with_air,C-DANN-UDA,learned latent PCA,alcohol,target,target_domain,Period_II,Day 1,1,alcohol\alcohol_3.csv,2.820698998948041,-5.23384366261251
S4_train_I_val_D1_2,three_class_with_air,C-DANN-UDA,learned latent PCA,alcohol,target,target_domain,Period_II,Day 1,1,alcohol\alcohol_4.csv,-0.351945503157895,-3.4583280161570173
S4_train_I_val_D1_2,three_class_with_air,C-DANN-UDA,learned latent PCA,alcohol,target,target_domain,Period_II,Day 1,1,alcohol\alcohol_5.csv,2.8425482294764968,-4.404676772263544
S4_train_I_val_D1_2,three_class_with_air,C-DANN-UDA,learned latent PCA,alcohol,target,target_domain,Period_II,Day 2,2,alcohol\alcohol_10.csv,0.9217001768081163,-3.2402706653358115
S4_train_I_val_D1_2,three_class_with_air,C-DANN-UDA,learned latent PCA,alcohol,target,target_domain,Period_II,Day 2,2,alcohol\alcohol_6.csv,3.1774792032560013,-5.7300818906597835
S4_train_I_val_D1_2,three_class_with_air,C-DANN-UDA,learned latent PCA,alcohol,target,target_domain,Period_II,Day 2,2,alcohol\alcohol_7.csv,3.912591737501864,0.03681576902115697
S4_train_I_val_D1_2,three_class_with_air,C-DANN-UDA,learned latent PCA,alcohol,target,target_domain,Period_II,Day 2,2,alcohol\alcohol_8.csv,3.17259971718563,-4.5633356592019885
S4_train_I_val_D1_2,three_class_with_air,C-DANN-UDA,learned latent PCA,alcohol,target,target_domain,Period_II,Day 2,2,alcohol\alcohol_9.csv,2.201835867662324,-2.9738259739369775
S4_train_I_val_D1_2,three_class_with_air,C-DANN-UDA,learned latent PCA,acetone,target,target_domain,Period_II,Day 3,3,acetone\acetone_11.csv,-3.4018277540602457,-1.045261237089138
S4_train_I_val_D1_2,three_class_with_air,C-DANN-UDA,learned latent PCA,acetone,target,target_domain,Period_II,Day 3,3,acetone\acetone_12.csv,-2.6432049739239223,0.9531248271669226
S4_train_I_val_D1_2,three_class_with_air,C-DANN-UDA,learned latent PCA,acetone,target,target_domain,Period_II,Day 3,3,acetone\acetone_13.csv,-4.810821594496821,0.4853648738433126
S4_train_I_val_D1_2,three_class_with_air,C-DANN-UDA,learned latent PCA,acetone,target,target_domain,Period_II,Day 3,3,acetone\acetone_14.csv,-3.3864688622453047,0.8463976449604839
S4_train_I_val_D1_2,three_class_with_air,C-DANN-UDA,learned latent PCA,acetone,target,target_domain,Period_II,Day 3,3,acetone\acetone_15.csv,-5.114141235429918,1.2704667320367513
S4_train_I_val_D1_2,three_class_with_air,C-DANN-UDA,learned latent PCA,acetone,target,target_domain,Period_II,Day 4,4,acetone\acetone_16.csv,-1.3958130524614152,-0.032360478242489096
S4_train_I_val_D1_2,three_class_with_air,C-DANN-UDA,learned latent PCA,acetone,target,target_domain,Period_II,Day 4,4,acetone\acetone_17.csv,-4.257752910453906,0.9794094773917383
S4_train_I_val_D1_2,three_class_with_air,C-DANN-UDA,learned latent PCA,acetone,target,target_domain,Period_II,Day 4,4,acetone\acetone_18.csv,-4.160875041765622,0.5088001089655827
S4_train_I_val_D1_2,three_class_with_air,C-DANN-UDA,learned latent PCA,acetone,target,target_domain,Period_II,Day 4,4,acetone\acetone_19.csv,1.4415103671301037,-1.0962942006936522
S4_train_I_val_D1_2,three_class_with_air,C-DANN-UDA,learned latent PCA,acetone,target,target_domain,Period_II,Day 4,4,acetone\acetone_20.csv,-0.8850296241848736,1.0485412631764266
S4_train_I_val_D1_2,three_class_with_air,C-DANN-UDA,learned latent PCA,acetone,target,target_domain,Period_II,Day 5,5,acetone\acetone_21.csv,-7.35285561941699,-0.33887025719341546
S4_train_I_val_D1_2,three_class_with_air,C-DANN-UDA,learned latent PCA,acetone,target,target_domain,Period_II,Day 5,5,acetone\acetone_22.csv,-1.3797611367880793,-2.516767432163741
S4_train_I_val_D1_2,three_class_with_air,C-DANN-UDA,learned latent PCA,acetone,target,target_domain,Period_II,Day 5,5,acetone\acetone_23.csv,-4.322614567503544,-1.188935517822506
S4_train_I_val_D1_2,three_class_with_air,C-DANN-UDA,learned latent PCA,acetone,target,target_domain,Period_II,Day 5,5,acetone\acetone_24.csv,-9.93369802239656,1.336877361379603
S4_train_I_val_D1_2,three_class_with_air,C-DANN-UDA,learned latent PCA,acetone,target,target_domain,Period_II,Day 5,5,acetone\acetone_25.csv,-1.7097857989977037,-0.9562414426977935
S4_train_I_val_D1_2,three_class_with_air,C-DANN-UDA,learned latent PCA,acetone,target,target_domain,Period_II,Day 6,6,acetone\acetone_26.csv,-2.1799623123348026,0.23634868666033154
S4_train_I_val_D1_2,three_class_with_air,C-DANN-UDA,learned latent PCA,acetone,target,target_domain,Period_II,Day 6,6,acetone\acetone_27.csv,-4.021302579469236,1.616258017652793
S4_train_I_val_D1_2,three_class_with_air,C-DANN-UDA,learned latent PCA,acetone,target,target_domain,Period_II,Day 6,6,acetone\acetone_28.csv,-5.034070190885723,1.0390119443108157
S4_train_I_val_D1_2,three_class_with_air,C-DANN-UDA,learned latent PCA,acetone,target,target_domain,Period_II,Day 6,6,acetone\acetone_29.csv,-4.182295321108911,-0.8430856187384193
S4_train_I_val_D1_2,three_class_with_air,C-DANN-UDA,learned latent PCA,acetone,target,target_domain,Period_II,Day 6,6,acetone\acetone_30.csv,-5.046893683393351,0.7248513123696665
S4_train_I_val_D1_2,three_class_with_air,C-DANN-UDA,learned latent PCA,acetone,target,target_domain,Period_II,Day 6,6,acetone\acetone_31.csv,-6.474397336186488,-0.010934387732390501
S4_train_I_val_D1_2,three_class_with_air,C-DANN-UDA,learned latent PCA,acetone,target,target_domain,Period_II,Day 6,6,acetone\acetone_32.csv,-5.404702897774001,1.4429803755711688
S4_train_I_val_D1_2,three_class_with_air,C-DANN-UDA,learned latent PCA,acetone,target,target_domain,Period_II,Day 7,7,acetone\acetone_33.csv,-0.7211536833727763,-1.4927376103312662
S4_train_I_val_D1_2,three_class_with_air,C-DANN-UDA,learned latent PCA,acetone,target,target_domain,Period_II,Day 7,7,acetone\acetone_34.csv,-4.290138712021563,1.311716181473992
S4_train_I_val_D1_2,three_class_with_air,C-DANN-UDA,learned latent PCA,acetone,target,target_domain,Period_II,Day 7,7,acetone\acetone_35.csv,-5.438684568662682,-0.35379194098552147
S4_train_I_val_D1_2,three_class_with_air,C-DANN-UDA,learned latent PCA,acetone,target,target_domain,Period_II,Day 8,8,acetone\acetone_36.csv,-6.729913978874654,0.8662825953961129
S4_train_I_val_D1_2,three_class_with_air,C-DANN-UDA,learned latent PCA,acetone,target,target_domain,Period_II,Day 8,8,acetone\acetone_37.csv,-2.4867272751800993,1.4483566756850634
S4_train_I_val_D1_2,three_class_with_air,C-DANN-UDA,learned latent PCA,acetone,target,target_domain,Period_II,Day 8,8,acetone\acetone_38.csv,-0.5155916387514635,0.6598218620347318
S4_train_I_val_D1_2,three_class_with_air,C-DANN-UDA,learned latent PCA,acetone,target,target_domain,Period_II,Day 9,9,acetone\acetone_39.csv,-4.959192708647615,0.7314603950884933
S4_train_I_val_D1_2,three_class_with_air,C-DANN-UDA,learned latent PCA,acetone,target,target_domain,Period_II,Day 9,9,acetone\acetone_40.csv,0.2985176002575187,-1.0348368649855453
S4_train_I_val_D1_2,three_class_with_air,C-DANN-UDA,learned latent PCA,acetone,target,target_domain,Period_II,Day 9,9,acetone\acetone_41.csv,-5.600260703979089,0.5381322609777792
S4_train_I_val_D1_2,three_class_with_air,C-DANN-UDA,learned latent PCA,acetone,target,target_domain,Period_II,Day 9,9,acetone\acetone_42.csv,-6.548812184888533,0.1944557746390446
S4_train_I_val_D1_2,three_class_with_air,C-DANN-UDA,learned latent PCA,acetone,target,target_domain,Period_II,Day 9,9,acetone\acetone_43.csv,-4.629524863808894,-0.004549353127588041
S4_train_I_val_D1_2,three_class_with_air,C-DANN-UDA,learned latent PCA,air,target,target_domain,Period_II,Day 3,3,air\air_5.csv,3.6770738403083634,2.987077604828184
S4_train_I_val_D1_2,three_class_with_air,C-DANN-UDA,learned latent PCA,air,target,target_domain,Period_II,Day 3,3,air\air_6.csv,3.849520829436533,5.418234253579968
S4_train_I_val_D1_2,three_class_with_air,C-DANN-UDA,learned latent PCA,air,target,target_domain,Period_II,Day 3,3,air\reference_5.csv,4.5315801833091385,-3.3926126204603837
S4_train_I_val_D1_2,three_class_with_air,C-DANN-UDA,learned latent PCA,air,target,target_domain,Period_II,Day 3,3,air\reference_6.csv,3.017831998933941,4.553777935841163
S4_train_I_val_D1_2,three_class_with_air,C-DANN-UDA,learned latent PCA,air,target,target_domain,Period_II,Day 4,4,air\air_7.csv,2.22928182354854,1.4735879202209872
S4_train_I_val_D1_2,three_class_with_air,C-DANN-UDA,learned latent PCA,air,target,target_domain,Period_II,Day 4,4,air\air_8.csv,2.3729914174330307,4.92431256566701
S4_train_I_val_D1_2,three_class_with_air,C-DANN-UDA,learned latent PCA,air,target,target_domain,Period_II,Day 4,4,air\reference_7.csv,2.442596478109413,4.671940210728392
S4_train_I_val_D1_2,three_class_with_air,C-DANN-UDA,learned latent PCA,air,target,target_domain,Period_II,Day 4,4,air\reference_8.csv,6.180190004941796,9.531679808421673
S4_train_I_val_D1_2,three_class_with_air,C-DANN-UDA,learned latent PCA,air,target,target_domain,Period_II,Day 5,5,air\air_10.csv,2.169427384736886,2.860161326390764
S4_train_I_val_D1_2,three_class_with_air,C-DANN-UDA,learned latent PCA,air,target,target_domain,Period_II,Day 5,5,air\air_9.csv,4.256137931204164,6.32680878782367
S4_train_I_val_D1_2,three_class_with_air,C-DANN-UDA,learned latent PCA,air,target,target_domain,Period_II,Day 6,6,air\air_11.csv,2.900817343049811,4.994824940075526
S4_train_I_val_D1_2,three_class_with_air,C-DANN-UDA,learned latent PCA,air,target,target_domain,Period_II,Day 6,6,air\air_12.csv,4.027910190746196,6.77293575606879
S4_train_I_val_D1_2,three_class_with_air,C-DANN-UDA,learned latent PCA,air,target,target_domain,Period_II,Day 6,6,air\air_13.csv,5.4220896153659774,6.906268279163863
S4_train_I_val_D1_2,three_class_with_air,C-DANN-UDA,learned latent PCA,air,target,target_domain,Period_II,Day 8,8,air\air_14.csv,3.9442945615544676,6.9057019212226995
S4_train_I_val_D1_2,three_class_with_air,C-DANN-UDA,learned latent PCA,air,target,target_domain,Period_II,Day 8,8,air\air_15.csv,3.43734927175566,4.9841191210208615
S4_train_I_val_D1_2,three_class_with_air,C-DANN-UDA,learned latent PCA,air,target,target_domain,Period_II,Day 8,8,air\reference_9.csv,1.6740850251863861,-2.381987916668384
S4_train_I_val_D1_2,three_class_with_air,C-DANN-UDA,learned latent PCA,air,target,target_domain,Period_II,Day 9,9,air\air_16.csv,4.291269363118905,4.105381898774094
S4_train_I_val_D1_2,three_class_with_air,C-DANN-UDA,learned latent PCA,air,target,target_domain,Period_II,Day 9,9,air\air_17.csv,3.2516531266460755,7.725256409309301
S4_train_I_val_D1_2,three_class_with_air,C-DANN-UDA,learned latent PCA,alcohol,target,target_domain,Period_II,Day 3,3,alcohol\alcohol_11.csv,2.237613574450567,-4.106542510011247
S4_train_I_val_D1_2,three_class_with_air,C-DANN-UDA,learned latent PCA,alcohol,target,target_domain,Period_II,Day 3,3,alcohol\alcohol_12.csv,2.5489189877601564,-3.589534213887569
S4_train_I_val_D1_2,three_class_with_air,C-DANN-UDA,learned latent PCA,alcohol,target,target_domain,Period_II,Day 3,3,alcohol\alcohol_13.csv,2.3004950556310955,-4.622096135754225
S4_train_I_val_D1_2,three_class_with_air,C-DANN-UDA,learned latent PCA,alcohol,target,target_domain,Period_II,Day 3,3,alcohol\alcohol_14.csv,3.26890606649354,-3.1511594976021784
S4_train_I_val_D1_2,three_class_with_air,C-DANN-UDA,learned latent PCA,alcohol,target,target_domain,Period_II,Day 3,3,alcohol\alcohol_15.csv,2.4392752950708094,-4.032367987928901
S4_train_I_val_D1_2,three_class_with_air,C-DANN-UDA,learned latent PCA,alcohol,target,target_domain,Period_II,Day 4,4,alcohol\alcohol_16.csv,2.2283296643211266,-2.8633825233200825
S4_train_I_val_D1_2,three_class_with_air,C-DANN-UDA,learned latent PCA,alcohol,target,target_domain,Period_II,Day 4,4,alcohol\alcohol_17.csv,2.8797444134162924,-1.5283536195797751
S4_train_I_val_D1_2,three_class_with_air,C-DANN-UDA,learned latent PCA,alcohol,target,target_domain,Period_II,Day 4,4,alcohol\alcohol_18.csv,3.8776947991553685,-2.8708380860893827
S4_train_I_val_D1_2,three_class_with_air,C-DANN-UDA,learned latent PCA,alcohol,target,target_domain,Period_II,Day 4,4,alcohol\alcohol_19.csv,2.3928947930188196,-2.4082674663941357
S4_train_I_val_D1_2,three_class_with_air,C-DANN-UDA,learned latent PCA,alcohol,target,target_domain,Period_II,Day 4,4,alcohol\alcohol_20.csv,3.093517282306456,-2.9433388833217826
S4_train_I_val_D1_2,three_class_with_air,C-DANN-UDA,learned latent PCA,alcohol,target,target_domain,Period_II,Day 5,5,alcohol\alcohol_21.csv,3.405530845968348,-4.287738536014592
S4_train_I_val_D1_2,three_class_with_air,C-DANN-UDA,learned latent PCA,alcohol,target,target_domain,Period_II,Day 5,5,alcohol\alcohol_22.csv,3.5771865208133096,-3.3961000826285237
S4_train_I_val_D1_2,three_class_with_air,C-DANN-UDA,learned latent PCA,alcohol,target,target_domain,Period_II,Day 5,5,alcohol\alcohol_23.csv,-9.596585634855249,-6.224089578640359
S4_train_I_val_D1_2,three_class_with_air,C-DANN-UDA,learned latent PCA,alcohol,target,target_domain,Period_II,Day 5,5,alcohol\alcohol_24.csv,2.8010138842163053,-3.623832404119338
S4_train_I_val_D1_2,three_class_with_air,C-DANN-UDA,learned latent PCA,alcohol,target,target_domain,Period_II,Day 5,5,alcohol\alcohol_25.csv,2.601118279280419,-2.4770833721857644
S4_train_I_val_D1_2,three_class_with_air,C-DANN-UDA,learned latent PCA,alcohol,target,target_domain,Period_II,Day 6,6,alcohol\alcohol_26.csv,2.50991126668014,-4.029990980839206
S4_train_I_val_D1_2,three_class_with_air,C-DANN-UDA,learned latent PCA,alcohol,target,target_domain,Period_II,Day 6,6,alcohol\alcohol_27.csv,3.841294520901902,-4.679548167309678
S4_train_I_val_D1_2,three_class_with_air,C-DANN-UDA,learned latent PCA,alcohol,target,target_domain,Period_II,Day 6,6,alcohol\alcohol_28.csv,4.30139197925019,-8.005365803053309
S4_train_I_val_D1_2,three_class_with_air,C-DANN-UDA,learned latent PCA,alcohol,target,target_domain,Period_II,Day 6,6,alcohol\alcohol_29.csv,2.027214875096502,-4.043989352383763
S4_train_I_val_D1_2,three_class_with_air,C-DANN-UDA,learned latent PCA,alcohol,target,target_domain,Period_II,Day 6,6,alcohol\alcohol_30.csv,4.195218215637221,-4.3800859169397794
S4_train_I_val_D1_2,three_class_with_air,C-DANN-UDA,learned latent PCA,alcohol,target,target_domain,Period_II,Day 6,6,alcohol\alcohol_31.csv,3.3849360370026624,-4.048430670651881
S4_train_I_val_D1_2,three_class_with_air,C-DANN-UDA,learned latent PCA,alcohol,target,target_domain,Period_II,Day 6,6,alcohol\alcohol_32.csv,3.0340251744540896,-6.126020321446682
S4_train_I_val_D1_2,three_class_with_air,C-DANN-UDA,learned latent PCA,alcohol,target,target_domain,Period_II,Day 7,7,alcohol\alcohol_33.csv,3.3800522523773493,-4.979857929775357
S4_train_I_val_D1_2,three_class_with_air,C-DANN-UDA,learned latent PCA,alcohol,target,target_domain,Period_II,Day 7,7,alcohol\alcohol_34.csv,1.394392785613265,-2.760298036427303
S4_train_I_val_D1_2,three_class_with_air,C-DANN-UDA,learned latent PCA,alcohol,target,target_domain,Period_II,Day 7,7,alcohol\alcohol_35.csv,2.3517333990769025,-4.371493933607761
S4_train_I_val_D1_2,three_class_with_air,C-DANN-UDA,learned latent PCA,alcohol,target,target_domain,Period_II,Day 8,8,alcohol\alcohol_36.csv,4.428499432534224,-1.5580317235376793
S4_train_I_val_D1_2,three_class_with_air,C-DANN-UDA,learned latent PCA,alcohol,target,target_domain,Period_II,Day 8,8,alcohol\alcohol_37.csv,4.11897128171542,-2.8865827265275414
S4_train_I_val_D1_2,three_class_with_air,C-DANN-UDA,learned latent PCA,alcohol,target,target_domain,Period_II,Day 8,8,alcohol\alcohol_38.csv,2.603920678317339,-2.5809838028821273
S4_train_I_val_D1_2,three_class_with_air,C-DANN-UDA,learned latent PCA,alcohol,target,target_domain,Period_II,Day 9,9,alcohol\alcohol_39.csv,5.09634283027866,-4.385142726806694
S4_train_I_val_D1_2,three_class_with_air,C-DANN-UDA,learned latent PCA,alcohol,target,target_domain,Period_II,Day 9,9,alcohol\alcohol_40.csv,2.996673473499728,-5.661070977483531
S4_train_I_val_D1_2,three_class_with_air,C-DANN-UDA,learned latent PCA,alcohol,target,target_domain,Period_II,Day 9,9,alcohol\alcohol_41.csv,4.01410842488865,-0.5277367120537771
S4_train_I_val_D1_2,three_class_with_air,C-DANN-UDA,learned latent PCA,alcohol,target,target_domain,Period_II,Day 9,9,alcohol\alcohol_42.csv,2.4266416090757423,-3.3702333905482265
S4_train_I_val_D1_2,three_class_with_air,C-DANN-UDA,learned latent PCA,alcohol,target,target_domain,Period_II,Day 9,9,alcohol\alcohol_43.csv,2.6530259641387524,-2.8869521248249916
S4_train_I_val_D1_2,three_class_with_air,C-DANN-UDA,learned latent PCA,acetone,target,target_domain,Period_II,Day 10,10,acetone\acetone_44.csv,-7.042189794451435,0.13919924843948428
S4_train_I_val_D1_2,three_class_with_air,C-DANN-UDA,learned latent PCA,acetone,target,target_domain,Period_II,Day 10,10,acetone\acetone_45.csv,-3.3101664110889377,0.7369411402583015
S4_train_I_val_D1_2,three_class_with_air,C-DANN-UDA,learned latent PCA,acetone,target,target_domain,Period_II,Day 10,10,acetone\acetone_46.csv,-0.025036397982135934,-1.6197257550953623
S4_train_I_val_D1_2,three_class_with_air,C-DANN-UDA,learned latent PCA,acetone,target,target_domain,Period_II,Day 10,10,acetone\acetone_47.csv,-0.7207941778063054,-2.7674354243049475
S4_train_I_val_D1_2,three_class_with_air,C-DANN-UDA,learned latent PCA,acetone,target,target_domain,Period_II,Day 11,11,acetone\acetone_48.csv,-3.3041559822452267,-1.9533610359592577
S4_train_I_val_D1_2,three_class_with_air,C-DANN-UDA,learned latent PCA,acetone,target,target_domain,Period_II,Day 11,11,acetone\acetone_49.csv,-5.959659426331213,-1.40663865019356
S4_train_I_val_D1_2,three_class_with_air,C-DANN-UDA,learned latent PCA,acetone,target,target_domain,Period_II,Day 11,11,acetone\acetone_50.csv,1.3694466138127155,-3.910598581960803
S4_train_I_val_D1_2,three_class_with_air,C-DANN-UDA,learned latent PCA,acetone,target,target_domain,Period_II,Day 11,11,acetone\acetone_51.csv,-1.146661452987224,-2.417691946097657
S4_train_I_val_D1_2,three_class_with_air,C-DANN-UDA,learned latent PCA,acetone,target,target_domain,Period_II,Day 12,12,acetone\acetone_52.csv,-0.7143241570441912,-1.7179993857873477
S4_train_I_val_D1_2,three_class_with_air,C-DANN-UDA,learned latent PCA,acetone,target,target_domain,Period_II,Day 12,12,acetone\acetone_53.csv,-1.607508100006885,-0.6584788204366208
S4_train_I_val_D1_2,three_class_with_air,C-DANN-UDA,learned latent PCA,acetone,target,target_domain,Period_II,Day 12,12,acetone\acetone_54.csv,-1.8932357552740469,7.34425972673687
S4_train_I_val_D1_2,three_class_with_air,C-DANN-UDA,learned latent PCA,acetone,target,target_domain,Period_II,Day 12,12,acetone\acetone_55.csv,-0.9800167646900007,-2.4498381543037158
S4_train_I_val_D1_2,three_class_with_air,C-DANN-UDA,learned latent PCA,acetone,target,target_domain,Period_II,Day 13,13,acetone\acetone_56.csv,-3.088073103679366,1.912587888729391
S4_train_I_val_D1_2,three_class_with_air,C-DANN-UDA,learned latent PCA,acetone,target,target_domain,Period_II,Day 13,13,acetone\acetone_57.csv,-3.6036835370127966,-0.8148201412855333
S4_train_I_val_D1_2,three_class_with_air,C-DANN-UDA,learned latent PCA,acetone,target,target_domain,Period_II,Day 14,14,acetone\acetone_58.csv,-2.8786104100337675,0.5009300449754664
S4_train_I_val_D1_2,three_class_with_air,C-DANN-UDA,learned latent PCA,acetone,target,target_domain,Period_II,Day 14,14,acetone\acetone_59.csv,-2.551983584430456,0.3712041334556052
S4_train_I_val_D1_2,three_class_with_air,C-DANN-UDA,learned latent PCA,acetone,target,target_domain,Period_II,Day 14,14,acetone\acetone_60.csv,-7.913798845404242,0.7045101251985294
S4_train_I_val_D1_2,three_class_with_air,C-DANN-UDA,learned latent PCA,acetone,target,target_domain,Period_II,Day 15,15,acetone\acetone_61.csv,0.06672884842859615,-1.6048475446745771
S4_train_I_val_D1_2,three_class_with_air,C-DANN-UDA,learned latent PCA,acetone,target,target_domain,Period_II,Day 15,15,acetone\acetone_62.csv,-1.4773908600522188,-2.476530834440186
S4_train_I_val_D1_2,three_class_with_air,C-DANN-UDA,learned latent PCA,acetone,target,target_domain,Period_II,Day 15,15,acetone\acetone_63.csv,-2.834975589441721,0.9236735195533572
S4_train_I_val_D1_2,three_class_with_air,C-DANN-UDA,learned latent PCA,acetone,target,target_domain,Period_II,Day 17,17,acetone\acetone_64.csv,-3.9242435356462226,-0.875700820619963
S4_train_I_val_D1_2,three_class_with_air,C-DANN-UDA,learned latent PCA,acetone,target,target_domain,Period_II,Day 17,17,acetone\acetone_65.csv,-1.1875692145438912,-1.0036896257089898
S4_train_I_val_D1_2,three_class_with_air,C-DANN-UDA,learned latent PCA,acetone,target,target_domain,Period_II,Day 17,17,acetone\acetone_66.csv,-1.7606615534732852,1.3609098193433726
S4_train_I_val_D1_2,three_class_with_air,C-DANN-UDA,learned latent PCA,acetone,target,target_domain,Period_II,Day 17,17,acetone\acetone_67.csv,-3.722002278954962,-0.2485822941409071
S4_train_I_val_D1_2,three_class_with_air,C-DANN-UDA,learned latent PCA,acetone,target,target_domain,Period_II,Day 17,17,acetone\acetone_68.csv,-4.213141460701321,-0.2663168880341811
S4_train_I_val_D1_2,three_class_with_air,C-DANN-UDA,learned latent PCA,air,target,target_domain,Period_II,Day 10,10,air\air_18.csv,3.9259249658203843,8.069328152459297
S4_train_I_val_D1_2,three_class_with_air,C-DANN-UDA,learned latent PCA,air,target,target_domain,Period_II,Day 10,10,air\air_19.csv,4.05051194073167,0.21282557935277077
S4_train_I_val_D1_2,three_class_with_air,C-DANN-UDA,learned latent PCA,air,target,target_domain,Period_II,Day 11,11,air\air_20.csv,2.5701251815575357,-0.20347368082931203
S4_train_I_val_D1_2,three_class_with_air,C-DANN-UDA,learned latent PCA,air,target,target_domain,Period_II,Day 11,11,air\air_21.csv,3.1167221228784,4.514713438048745
S4_train_I_val_D1_2,three_class_with_air,C-DANN-UDA,learned latent PCA,air,target,target_domain,Period_II,Day 12,12,air\air_22.csv,0.9864539784966958,-0.4821750886919889
S4_train_I_val_D1_2,three_class_with_air,C-DANN-UDA,learned latent PCA,air,target,target_domain,Period_II,Day 12,12,air\air_23.csv,3.795855634307224,6.785594915036753
S4_train_I_val_D1_2,three_class_with_air,C-DANN-UDA,learned latent PCA,air,target,target_domain,Period_II,Day 13,13,air\air_24.csv,1.7577550135057538,6.351717076129146
S4_train_I_val_D1_2,three_class_with_air,C-DANN-UDA,learned latent PCA,air,target,target_domain,Period_II,Day 13,13,air\air_25.csv,1.980251340099083,4.370809882235013
S4_train_I_val_D1_2,three_class_with_air,C-DANN-UDA,learned latent PCA,air,target,target_domain,Period_II,Day 13,13,air\air_26.csv,5.452512229557151,6.675373025154008
S4_train_I_val_D1_2,three_class_with_air,C-DANN-UDA,learned latent PCA,air,target,target_domain,Period_II,Day 13,13,air\air_27.csv,3.0666762574584805,6.67067542114201
S4_train_I_val_D1_2,three_class_with_air,C-DANN-UDA,learned latent PCA,air,target,target_domain,Period_II,Day 13,13,air\air_28.csv,1.5909533062583394,-1.1247385092431863
S4_train_I_val_D1_2,three_class_with_air,C-DANN-UDA,learned latent PCA,air,target,target_domain,Period_II,Day 14,14,air\air_29.csv,2.549139981429279,5.420021895765116
S4_train_I_val_D1_2,three_class_with_air,C-DANN-UDA,learned latent PCA,air,target,target_domain,Period_II,Day 14,14,air\air_30.csv,3.8629642141424165,1.081261703813877
S4_train_I_val_D1_2,three_class_with_air,C-DANN-UDA,learned latent PCA,air,target,target_domain,Period_II,Day 14,14,air\air_31.csv,1.813186767982628,4.856722713959409
S4_train_I_val_D1_2,three_class_with_air,C-DANN-UDA,learned latent PCA,air,target,target_domain,Period_II,Day 14,14,air\air_32.csv,3.1676954308342413,4.4530687734237535
S4_train_I_val_D1_2,three_class_with_air,C-DANN-UDA,learned latent PCA,air,target,target_domain,Period_II,Day 14,14,air\air_33.csv,5.67613833537742,6.88745693781907
S4_train_I_val_D1_2,three_class_with_air,C-DANN-UDA,learned latent PCA,air,target,target_domain,Period_II,Day 14,14,air\air_34.csv,5.441290152580699,7.943965027673598
S4_train_I_val_D1_2,three_class_with_air,C-DANN-UDA,learned latent PCA,air,target,target_domain,Period_II,Day 15,15,air\air_35.csv,3.3290172501499837,3.1846496078729474
S4_train_I_val_D1_2,three_class_with_air,C-DANN-UDA,learned latent PCA,air,target,target_domain,Period_II,Day 15,15,air\air_36.csv,2.4659889097094636,-2.3990816290881605
S4_train_I_val_D1_2,three_class_with_air,C-DANN-UDA,learned latent PCA,air,target,target_domain,Period_II,Day 15,15,air\air_37.csv,4.069440900498706,6.013083624847159
S4_train_I_val_D1_2,three_class_with_air,C-DANN-UDA,learned latent PCA,air,target,target_domain,Period_II,Day 15,15,air\air_38.csv,3.811446939686854,3.28458612003512
S4_train_I_val_D1_2,three_class_with_air,C-DANN-UDA,learned latent PCA,air,target,target_domain,Period_II,Day 15,15,air\air_39.csv,3.2959312579545292,4.783246605163552
S4_train_I_val_D1_2,three_class_with_air,C-DANN-UDA,learned latent PCA,air,target,target_domain,Period_II,Day 15,15,air\air_40.csv,4.074488185347097,4.315127958910221
S4_train_I_val_D1_2,three_class_with_air,C-DANN-UDA,learned latent PCA,air,target,target_domain,Period_II,Day 16,16,air\air_41.csv,2.124450071267157,-4.800549019760612
S4_train_I_val_D1_2,three_class_with_air,C-DANN-UDA,learned latent PCA,air,target,target_domain,Period_II,Day 16,16,air\air_42.csv,3.182731718330549,6.967808339787726
S4_train_I_val_D1_2,three_class_with_air,C-DANN-UDA,learned latent PCA,air,target,target_domain,Period_II,Day 16,16,air\air_43.csv,1.7648932989253994,-3.514040321254551
S4_train_I_val_D1_2,three_class_with_air,C-DANN-UDA,learned latent PCA,air,target,target_domain,Period_II,Day 16,16,air\air_44.csv,3.6903614206934097,7.14743590807888
S4_train_I_val_D1_2,three_class_with_air,C-DANN-UDA,learned latent PCA,air,target,target_domain,Period_II,Day 17,17,air\air_45.csv,6.0791284285392075,7.39295958147978
S4_train_I_val_D1_2,three_class_with_air,C-DANN-UDA,learned latent PCA,air,target,target_domain,Period_II,Day 17,17,air\air_46.csv,3.1197469717036834,-2.050996833380807
S4_train_I_val_D1_2,three_class_with_air,C-DANN-UDA,learned latent PCA,air,target,target_domain,Period_II,Day 17,17,air\air_47.csv,4.187598391500904,4.227949399909771
S4_train_I_val_D1_2,three_class_with_air,C-DANN-UDA,learned latent PCA,air,target,target_domain,Period_II,Day 17,17,air\air_48.csv,4.361669125480539,5.433254859775783
S4_train_I_val_D1_2,three_class_with_air,C-DANN-UDA,learned latent PCA,alcohol,target,target_domain,Period_II,Day 10,10,alcohol\alcohol_44.csv,1.7238744700590598,-3.8452616300777236
S4_train_I_val_D1_2,three_class_with_air,C-DANN-UDA,learned latent PCA,alcohol,target,target_domain,Period_II,Day 10,10,alcohol\alcohol_45.csv,2.2378677430813476,-3.8178099042981253
S4_train_I_val_D1_2,three_class_with_air,C-DANN-UDA,learned latent PCA,alcohol,target,target_domain,Period_II,Day 10,10,alcohol\alcohol_46.csv,2.3680033584758253,-4.190493262315522
S4_train_I_val_D1_2,three_class_with_air,C-DANN-UDA,learned latent PCA,alcohol,target,target_domain,Period_II,Day 10,10,alcohol\alcohol_47.csv,-0.18591748083523066,-5.213327375252595
S4_train_I_val_D1_2,three_class_with_air,C-DANN-UDA,learned latent PCA,alcohol,target,target_domain,Period_II,Day 11,11,alcohol\alcohol_48.csv,2.846303589433632,-6.4741491125594415
S4_train_I_val_D1_2,three_class_with_air,C-DANN-UDA,learned latent PCA,alcohol,target,target_domain,Period_II,Day 11,11,alcohol\alcohol_49.csv,2.9614759224704787,-5.563655876180852
S4_train_I_val_D1_2,three_class_with_air,C-DANN-UDA,learned latent PCA,alcohol,target,target_domain,Period_II,Day 11,11,alcohol\alcohol_50.csv,2.853722213229246,-3.9602248055024054
S4_train_I_val_D1_2,three_class_with_air,C-DANN-UDA,learned latent PCA,alcohol,target,target_domain,Period_II,Day 11,11,alcohol\alcohol_51.csv,4.224084776274358,-4.436163986099825
S4_train_I_val_D1_2,three_class_with_air,C-DANN-UDA,learned latent PCA,alcohol,target,target_domain,Period_II,Day 12,12,alcohol\alcohol_52.csv,0.5362911591782714,0.7112667511471205
S4_train_I_val_D1_2,three_class_with_air,C-DANN-UDA,learned latent PCA,alcohol,target,target_domain,Period_II,Day 12,12,alcohol\alcohol_53.csv,1.41344552347006,-2.6207366480705074
S4_train_I_val_D1_2,three_class_with_air,C-DANN-UDA,learned latent PCA,alcohol,target,target_domain,Period_II,Day 12,12,alcohol\alcohol_54.csv,1.9039939515943987,-2.7253419183300798
S4_train_I_val_D1_2,three_class_with_air,C-DANN-UDA,learned latent PCA,alcohol,target,target_domain,Period_II,Day 12,12,alcohol\alcohol_55.csv,0.7422367841540604,-2.5650379796119434
S4_train_I_val_D1_2,three_class_with_air,C-DANN-UDA,learned latent PCA,alcohol,target,target_domain,Period_II,Day 13,13,alcohol\alcohol_56.csv,2.1021424537878817,-2.7366850520434784
S4_train_I_val_D1_2,three_class_with_air,C-DANN-UDA,learned latent PCA,alcohol,target,target_domain,Period_II,Day 13,13,alcohol\alcohol_57.csv,1.9715139849045114,-2.9148676344642857
S4_train_I_val_D1_2,three_class_with_air,C-DANN-UDA,learned latent PCA,alcohol,target,target_domain,Period_II,Day 14,14,alcohol\alcohol_58.csv,4.50019170162793,-6.955995793731247
S4_train_I_val_D1_2,three_class_with_air,C-DANN-UDA,learned latent PCA,alcohol,target,target_domain,Period_II,Day 14,14,alcohol\alcohol_59.csv,2.0465226061763206,-2.720220014553178
S4_train_I_val_D1_2,three_class_with_air,C-DANN-UDA,learned latent PCA,alcohol,target,target_domain,Period_II,Day 14,14,alcohol\alcohol_60.csv,0.12807600085612025,-4.098678229867553
S4_train_I_val_D1_2,three_class_with_air,C-DANN-UDA,learned latent PCA,alcohol,target,target_domain,Period_II,Day 15,15,alcohol\alcohol_61.csv,-0.1100467204009677,-2.365150946115601
S4_train_I_val_D1_2,three_class_with_air,C-DANN-UDA,learned latent PCA,alcohol,target,target_domain,Period_II,Day 15,15,alcohol\alcohol_62.csv,1.9515512657268324,-4.377573259426783
S4_train_I_val_D1_2,three_class_with_air,C-DANN-UDA,learned latent PCA,alcohol,target,target_domain,Period_II,Day 15,15,alcohol\alcohol_63.csv,4.711978632157358,-7.257454734084717
S4_train_I_val_D1_2,three_class_with_air,C-DANN-UDA,learned latent PCA,alcohol,target,target_domain,Period_II,Day 17,17,alcohol\alcohol_64.csv,3.192363544415542,-3.1487997190542765
S4_train_I_val_D1_2,three_class_with_air,C-DANN-UDA,learned latent PCA,alcohol,target,target_domain,Period_II,Day 17,17,alcohol\alcohol_65.csv,2.4756362683868653,-3.211447751461312
S4_train_I_val_D1_2,three_class_with_air,C-DANN-UDA,learned latent PCA,alcohol,target,target_domain,Period_II,Day 17,17,alcohol\alcohol_66.csv,3.521004057264851,-3.6060632140926483
S4_train_I_val_D1_2,three_class_with_air,C-DANN-UDA,learned latent PCA,alcohol,target,target_domain,Period_II,Day 17,17,alcohol\alcohol_67.csv,4.382395081362322,-5.945368717651526
S4_train_I_val_D1_2,three_class_with_air,C-DANN-UDA,learned latent PCA,alcohol,target,target_domain,Period_II,Day 17,17,alcohol\alcohol_68.csv,2.1855844222896343,-4.596849024426216
S4_train_I_val_D1_2,three_class_with_air,C-DANN-UDA,learned latent PCA,acetone,target,target_domain,Period_III,Day 18,18,acetone\acetone_69.csv,-2.8043490317395348,0.3682511949886272
S4_train_I_val_D1_2,three_class_with_air,C-DANN-UDA,learned latent PCA,acetone,target,target_domain,Period_III,Day 18,18,acetone\acetone_70.csv,-5.160460176054309,0.1906646873040849
S4_train_I_val_D1_2,three_class_with_air,C-DANN-UDA,learned latent PCA,acetone,target,target_domain,Period_III,Day 18,18,acetone\acetone_71.csv,-9.85573022380142,1.3896326002120234
S4_train_I_val_D1_2,three_class_with_air,C-DANN-UDA,learned latent PCA,acetone,target,target_domain,Period_III,Day 18,18,acetone\acetone_72.csv,-5.4538411059400635,0.33711880107371306
S4_train_I_val_D1_2,three_class_with_air,C-DANN-UDA,learned latent PCA,acetone,target,target_domain,Period_III,Day 18,18,acetone\acetone_73.csv,-3.7584105985519316,0.09963211948314424
S4_train_I_val_D1_2,three_class_with_air,C-DANN-UDA,learned latent PCA,acetone,target,target_domain,Period_III,Day 19,19,acetone\acetone_74.csv,-7.586275849767495,-0.4584502747965958
S4_train_I_val_D1_2,three_class_with_air,C-DANN-UDA,learned latent PCA,acetone,target,target_domain,Period_III,Day 19,19,acetone\acetone_75.csv,-8.468553733686639,1.156666529947981
S4_train_I_val_D1_2,three_class_with_air,C-DANN-UDA,learned latent PCA,acetone,target,target_domain,Period_III,Day 19,19,acetone\acetone_76.csv,-10.979509209989065,0.8310565182804565
S4_train_I_val_D1_2,three_class_with_air,C-DANN-UDA,learned latent PCA,acetone,target,target_domain,Period_III,Day 20,20,acetone\acetone_77.csv,-11.28489457609251,0.7574235793031414
S4_train_I_val_D1_2,three_class_with_air,C-DANN-UDA,learned latent PCA,acetone,target,target_domain,Period_III,Day 20,20,acetone\acetone_78.csv,-11.386658966417885,0.8456648744914116
S4_train_I_val_D1_2,three_class_with_air,C-DANN-UDA,learned latent PCA,acetone,target,target_domain,Period_III,Day 20,20,acetone\acetone_79.csv,-6.125684172112775,0.24291969335097288
S4_train_I_val_D1_2,three_class_with_air,C-DANN-UDA,learned latent PCA,acetone,target,target_domain,Period_III,Day 20,20,acetone\acetone_80.csv,-8.776648903917044,0.8027230338549253
S4_train_I_val_D1_2,three_class_with_air,C-DANN-UDA,learned latent PCA,acetone,target,target_domain,Period_III,Day 21,21,acetone\acetone_81.csv,-10.162945838602608,1.442921666121886
S4_train_I_val_D1_2,three_class_with_air,C-DANN-UDA,learned latent PCA,acetone,target,target_domain,Period_III,Day 21,21,acetone\acetone_82.csv,-7.375050762455499,0.7174038349416938
S4_train_I_val_D1_2,three_class_with_air,C-DANN-UDA,learned latent PCA,acetone,target,target_domain,Period_III,Day 21,21,acetone\acetone_83.csv,-12.347157483064077,1.0872736576444237
S4_train_I_val_D1_2,three_class_with_air,C-DANN-UDA,learned latent PCA,acetone,target,target_domain,Period_III,Day 21,21,acetone\acetone_84.csv,-12.151433122955966,1.7516061312623044
S4_train_I_val_D1_2,three_class_with_air,C-DANN-UDA,learned latent PCA,air,target,target_domain,Period_III,Day 18,18,air\air_49.csv,2.824886271576826,7.7063467971704895
S4_train_I_val_D1_2,three_class_with_air,C-DANN-UDA,learned latent PCA,air,target,target_domain,Period_III,Day 18,18,air\air_50.csv,3.937139425510588,4.258925978135963
S4_train_I_val_D1_2,three_class_with_air,C-DANN-UDA,learned latent PCA,air,target,target_domain,Period_III,Day 18,18,air\air_51.csv,4.398975938737641,6.004576365056625
S4_train_I_val_D1_2,three_class_with_air,C-DANN-UDA,learned latent PCA,air,target,target_domain,Period_III,Day 18,18,air\air_52.csv,4.030018773315088,5.3586254870214365
S4_train_I_val_D1_2,three_class_with_air,C-DANN-UDA,learned latent PCA,air,target,target_domain,Period_III,Day 19,19,air\air_53.csv,2.901143303617313,-3.4291732902013483
S4_train_I_val_D1_2,three_class_with_air,C-DANN-UDA,learned latent PCA,air,target,target_domain,Period_III,Day 19,19,air\air_54.csv,2.7132044947394984,6.910979953047153
S4_train_I_val_D1_2,three_class_with_air,C-DANN-UDA,learned latent PCA,air,target,target_domain,Period_III,Day 20,20,air\air_55.csv,3.659931895758031,4.43432970186421
S4_train_I_val_D1_2,three_class_with_air,C-DANN-UDA,learned latent PCA,air,target,target_domain,Period_III,Day 20,20,air\air_56.csv,2.6169899754881567,-2.386805794949334
S4_train_I_val_D1_2,three_class_with_air,C-DANN-UDA,learned latent PCA,air,target,target_domain,Period_III,Day 20,20,air\air_57.csv,6.119206955266393,9.094658548171084
S4_train_I_val_D1_2,three_class_with_air,C-DANN-UDA,learned latent PCA,air,target,target_domain,Period_III,Day 20,20,air\air_58.csv,3.5816869373087266,4.5081560731613965
S4_train_I_val_D1_2,three_class_with_air,C-DANN-UDA,learned latent PCA,air,target,target_domain,Period_III,Day 21,21,air\air_59.csv,2.8466101012542393,-5.036049969752578
S4_train_I_val_D1_2,three_class_with_air,C-DANN-UDA,learned latent PCA,air,target,target_domain,Period_III,Day 21,21,air\air_60.csv,5.1427456168681775,7.43755361272675
S4_train_I_val_D1_2,three_class_with_air,C-DANN-UDA,learned latent PCA,air,target,target_domain,Period_III,Day 21,21,air\air_61.csv,3.2028756507355833,7.8776340195671155
S4_train_I_val_D1_2,three_class_with_air,C-DANN-UDA,learned latent PCA,air,target,target_domain,Period_III,Day 21,21,air\air_62.csv,2.2861823138874175,6.689504193445859
S4_train_I_val_D1_2,three_class_with_air,C-DANN-UDA,learned latent PCA,alcohol,target,target_domain,Period_III,Day 18,18,alcohol\alcohol_69.csv,1.9679992165357572,-3.277708080978412
S4_train_I_val_D1_2,three_class_with_air,C-DANN-UDA,learned latent PCA,alcohol,target,target_domain,Period_III,Day 18,18,alcohol\alcohol_70.csv,1.056767491428235,-3.853619120339915
S4_train_I_val_D1_2,three_class_with_air,C-DANN-UDA,learned latent PCA,alcohol,target,target_domain,Period_III,Day 18,18,alcohol\alcohol_71.csv,1.2146512032909456,-4.244770884492018
S4_train_I_val_D1_2,three_class_with_air,C-DANN-UDA,learned latent PCA,alcohol,target,target_domain,Period_III,Day 18,18,alcohol\alcohol_72.csv,1.5526827495026418,-4.770982061943577
S4_train_I_val_D1_2,three_class_with_air,C-DANN-UDA,learned latent PCA,alcohol,target,target_domain,Period_III,Day 18,18,alcohol\alcohol_73.csv,1.9055890626986665,-4.493386788496087
S4_train_I_val_D1_2,three_class_with_air,C-DANN-UDA,learned latent PCA,alcohol,target,target_domain,Period_III,Day 19,19,alcohol\alcohol_74.csv,1.4205501886390925,-3.3621773379061968
S4_train_I_val_D1_2,three_class_with_air,C-DANN-UDA,learned latent PCA,alcohol,target,target_domain,Period_III,Day 19,19,alcohol\alcohol_75.csv,3.524451921335562,-5.774187558351887
S4_train_I_val_D1_2,three_class_with_air,C-DANN-UDA,learned latent PCA,alcohol,target,target_domain,Period_III,Day 19,19,alcohol\alcohol_76.csv,1.0763836795945343,-3.3659861286185113
S4_train_I_val_D1_2,three_class_with_air,C-DANN-UDA,learned latent PCA,alcohol,target,target_domain,Period_III,Day 20,20,alcohol\alcohol_77.csv,2.37692060245605,-4.130526456205783
S4_train_I_val_D1_2,three_class_with_air,C-DANN-UDA,learned latent PCA,alcohol,target,target_domain,Period_III,Day 20,20,alcohol\alcohol_78.csv,3.2030081599222386,-3.7626791255704854
S4_train_I_val_D1_2,three_class_with_air,C-DANN-UDA,learned latent PCA,alcohol,target,target_domain,Period_III,Day 20,20,alcohol\alcohol_79.csv,1.8047619306683997,-3.9053683517667945
S4_train_I_val_D1_2,three_class_with_air,C-DANN-UDA,learned latent PCA,alcohol,target,target_domain,Period_III,Day 20,20,alcohol\alcohol_80.csv,1.950988267388396,-3.7507238737350375
S4_train_I_val_D1_2,three_class_with_air,C-DANN-UDA,learned latent PCA,alcohol,target,target_domain,Period_III,Day 21,21,alcohol\alcohol_81.csv,2.2063657268576073,-5.223557829109152
S4_train_I_val_D1_2,three_class_with_air,C-DANN-UDA,learned latent PCA,alcohol,target,target_domain,Period_III,Day 21,21,alcohol\alcohol_82.csv,-0.08460502831264667,-3.5231388978486486
S4_train_I_val_D1_2,three_class_with_air,C-DANN-UDA,learned latent PCA,alcohol,target,target_domain,Period_III,Day 21,21,alcohol\alcohol_83.csv,1.5139332117439952,-4.458154736630843
S4_train_I_val_D1_2,three_class_with_air,C-DANN-UDA,learned latent PCA,alcohol,target,target_domain,Period_III,Day 21,21,alcohol\alcohol_84.csv,-0.2728107750354029,-2.7780589733481897
S4_train_I_val_D1_2,three_class_with_air,C-DANN-UDA,learned latent PCA,acetone,target,target_domain,Period_IV,Day 22,22,acetone\acetone_85.csv,2.7596727388097197,-2.415142643191423
S4_train_I_val_D1_2,three_class_with_air,C-DANN-UDA,learned latent PCA,acetone,target,target_domain,Period_IV,Day 22,22,acetone\acetone_86.csv,2.522404595252625,-4.661913522415276
S4_train_I_val_D1_2,three_class_with_air,C-DANN-UDA,learned latent PCA,acetone,target,target_domain,Period_IV,Day 22,22,acetone\acetone_87.csv,-3.5342574545515464,-0.8064820223767698
S4_train_I_val_D1_2,three_class_with_air,C-DANN-UDA,learned latent PCA,acetone,target,target_domain,Period_IV,Day 22,22,acetone\acetone_88.csv,-7.074293616859656,0.5279065002865152
S4_train_I_val_D1_2,three_class_with_air,C-DANN-UDA,learned latent PCA,acetone,target,target_domain,Period_IV,Day 23,23,acetone\acetone_89.csv,-8.034622653079483,0.005053487737292901
S4_train_I_val_D1_2,three_class_with_air,C-DANN-UDA,learned latent PCA,acetone,target,target_domain,Period_IV,Day 23,23,acetone\acetone_90.csv,-7.814148593879038,1.0766912446147905
S4_train_I_val_D1_2,three_class_with_air,C-DANN-UDA,learned latent PCA,acetone,target,target_domain,Period_IV,Day 23,23,acetone\acetone_91.csv,-9.71165759775774,1.082894830867231
S4_train_I_val_D1_2,three_class_with_air,C-DANN-UDA,learned latent PCA,acetone,target,target_domain,Period_IV,Day 23,23,acetone\acetone_92.csv,-10.093965796980644,1.093022167952517
S4_train_I_val_D1_2,three_class_with_air,C-DANN-UDA,learned latent PCA,acetone,target,target_domain,Period_IV,Day 24,24,acetone\acetone_93.csv,-6.985373898398819,2.1040578738808686
S4_train_I_val_D1_2,three_class_with_air,C-DANN-UDA,learned latent PCA,acetone,target,target_domain,Period_IV,Day 24,24,acetone\acetone_94.csv,-5.867816826253769,-0.17044055529471236
S4_train_I_val_D1_2,three_class_with_air,C-DANN-UDA,learned latent PCA,acetone,target,target_domain,Period_IV,Day 24,24,acetone\acetone_95.csv,-7.18517218492134,0.14613352452644537
S4_train_I_val_D1_2,three_class_with_air,C-DANN-UDA,learned latent PCA,acetone,target,target_domain,Period_IV,Day 24,24,acetone\acetone_96.csv,-5.411983680422443,0.15443510757488962
S4_train_I_val_D1_2,three_class_with_air,C-DANN-UDA,learned latent PCA,air,target,target_domain,Period_IV,Day 22,22,air\air_63.csv,5.233504796199656,5.535396138240215
S4_train_I_val_D1_2,three_class_with_air,C-DANN-UDA,learned latent PCA,air,target,target_domain,Period_IV,Day 22,22,air\air_64.csv,5.546504942391422,4.112706907884592
S4_train_I_val_D1_2,three_class_with_air,C-DANN-UDA,learned latent PCA,air,target,target_domain,Period_IV,Day 22,22,air\air_65.csv,2.3555563265204276,-4.6507078175588745
S4_train_I_val_D1_2,three_class_with_air,C-DANN-UDA,learned latent PCA,air,target,target_domain,Period_IV,Day 23,23,air\air_66.csv,1.4626857284021124,4.930438835335098
S4_train_I_val_D1_2,three_class_with_air,C-DANN-UDA,learned latent PCA,air,target,target_domain,Period_IV,Day 23,23,air\air_67.csv,4.506787069319668,7.175391293496884
S4_train_I_val_D1_2,three_class_with_air,C-DANN-UDA,learned latent PCA,air,target,target_domain,Period_IV,Day 23,23,air\air_68.csv,2.8991153103669527,7.623942082670724
S4_train_I_val_D1_2,three_class_with_air,C-DANN-UDA,learned latent PCA,air,target,target_domain,Period_IV,Day 23,23,air\air_69.csv,4.82298965309885,6.134828674066786
S4_train_I_val_D1_2,three_class_with_air,C-DANN-UDA,learned latent PCA,air,target,target_domain,Period_IV,Day 24,24,air\air_70.csv,3.7668548676476226,8.426648372933487
S4_train_I_val_D1_2,three_class_with_air,C-DANN-UDA,learned latent PCA,air,target,target_domain,Period_IV,Day 24,24,air\air_71.csv,2.672608234610243,4.240731172591452
S4_train_I_val_D1_2,three_class_with_air,C-DANN-UDA,learned latent PCA,air,target,target_domain,Period_IV,Day 24,24,air\air_72.csv,3.1701326295317567,7.47998513760742
S4_train_I_val_D1_2,three_class_with_air,C-DANN-UDA,learned latent PCA,alcohol,target,target_domain,Period_IV,Day 22,22,alcohol\alcohol_85.csv,3.629298476035879,-4.483735574470509
S4_train_I_val_D1_2,three_class_with_air,C-DANN-UDA,learned latent PCA,alcohol,target,target_domain,Period_IV,Day 22,22,alcohol\alcohol_86.csv,4.89471066838792,-0.7393163017229144
S4_train_I_val_D1_2,three_class_with_air,C-DANN-UDA,learned latent PCA,alcohol,target,target_domain,Period_IV,Day 22,22,alcohol\alcohol_87.csv,2.803632941731522,-2.4224896441854664
S4_train_I_val_D1_2,three_class_with_air,C-DANN-UDA,learned latent PCA,alcohol,target,target_domain,Period_IV,Day 22,22,alcohol\alcohol_88.csv,1.6156635656529166,-3.3271483224465523
S4_train_I_val_D1_2,three_class_with_air,C-DANN-UDA,learned latent PCA,alcohol,target,target_domain,Period_IV,Day 23,23,alcohol\alcohol_89.csv,1.2046229399749775,-3.5385067120409737
S4_train_I_val_D1_2,three_class_with_air,C-DANN-UDA,learned latent PCA,alcohol,target,target_domain,Period_IV,Day 23,23,alcohol\alcohol_90.csv,1.847190663002687,-4.607341377916561
S4_train_I_val_D1_2,three_class_with_air,C-DANN-UDA,learned latent PCA,alcohol,target,target_domain,Period_IV,Day 23,23,alcohol\alcohol_91.csv,1.99998493070264,-3.8173938486260073
S4_train_I_val_D1_2,three_class_with_air,C-DANN-UDA,learned latent PCA,alcohol,target,target_domain,Period_IV,Day 23,23,alcohol\alcohol_92.csv,1.9346102465255055,-5.229300165951483
S4_train_I_val_D1_2,three_class_with_air,C-DANN-UDA,learned latent PCA,alcohol,target,target_domain,Period_IV,Day 24,24,alcohol\alcohol_93.csv,4.212461303644508,-6.857208841111291
S4_train_I_val_D1_2,three_class_with_air,C-DANN-UDA,learned latent PCA,alcohol,target,target_domain,Period_IV,Day 24,24,alcohol\alcohol_94.csv,1.9843627620362478,-4.173728546219897
S4_train_I_val_D1_2,three_class_with_air,C-DANN-UDA,learned latent PCA,alcohol,target,target_domain,Period_IV,Day 24,24,alcohol\alcohol_95.csv,2.436816769526794,-4.608200383070058
S4_train_I_val_D1_2,three_class_with_air,C-DANN-UDA,learned latent PCA,alcohol,target,target_domain,Period_IV,Day 24,24,alcohol\alcohol_96.csv,1.9870109997093652,-2.645187881270744
S5_train_I_D1_val_D2_3,three_class_with_air,C-DANN-UDA,learned latent PCA,acetone,source,source_train,Period_I,Day 1 afternoon,1,acetone\acetone_o1.csv,-2.82361826521693,0.1495337416277259
S5_train_I_D1_val_D2_3,three_class_with_air,C-DANN-UDA,learned latent PCA,acetone,source,source_train,Period_I,Day 1 afternoon,1,acetone\acetone_o2.csv,-3.767993615569365,1.0388571949285477
S5_train_I_D1_val_D2_3,three_class_with_air,C-DANN-UDA,learned latent PCA,acetone,source,source_train,Period_I,Day 1 afternoon,1,acetone\acetone_o3.csv,-5.70703459189232,-1.6368067794155647
S5_train_I_D1_val_D2_3,three_class_with_air,C-DANN-UDA,learned latent PCA,acetone,source,source_train,Period_I,Day 2 noon,2,acetone\acetone_o4.csv,-8.397320027380626,-0.2911871844274848
S5_train_I_D1_val_D2_3,three_class_with_air,C-DANN-UDA,learned latent PCA,acetone,source,source_train,Period_I,Day 2 noon,2,acetone\acetone_o5.csv,-9.219845341028151,0.9573131007264166
S5_train_I_D1_val_D2_3,three_class_with_air,C-DANN-UDA,learned latent PCA,acetone,source,source_train,Period_I,Day 2 noon,2,acetone\acetone_o6.csv,-5.265303508596015,-0.4065545422199803
S5_train_I_D1_val_D2_3,three_class_with_air,C-DANN-UDA,learned latent PCA,acetone,source,source_train,Period_I,Day 2 afternoon,2,acetone\acetone_o7.csv,-3.414207431004334,1.801442912846908
S5_train_I_D1_val_D2_3,three_class_with_air,C-DANN-UDA,learned latent PCA,acetone,source,source_train,Period_I,Day 2 afternoon,2,acetone\acetone_o8.csv,-5.187810609505117,0.2604124160578905
S5_train_I_D1_val_D2_3,three_class_with_air,C-DANN-UDA,learned latent PCA,acetone,source,source_train,Period_I,Day 2 afternoon,2,acetone\acetone_o9.csv,-8.303942402084619,1.6067060673820885
S5_train_I_D1_val_D2_3,three_class_with_air,C-DANN-UDA,learned latent PCA,acetone,source,source_train,Period_I,Day 3 noon,3,acetone\acetone_o10.csv,-5.029142273742546,0.8731116307113872
S5_train_I_D1_val_D2_3,three_class_with_air,C-DANN-UDA,learned latent PCA,acetone,source,source_train,Period_I,Day 3 noon,3,acetone\acetone_o11.csv,-5.023908473313642,0.6815573534402881
S5_train_I_D1_val_D2_3,three_class_with_air,C-DANN-UDA,learned latent PCA,acetone,source,source_train,Period_I,Day 3 noon,3,acetone\acetone_o12.csv,-12.554219647323228,3.5436731611651764
S5_train_I_D1_val_D2_3,three_class_with_air,C-DANN-UDA,learned latent PCA,air,source,source_train,Period_I,baseline,0,air\baseline_1.csv,4.566573265217735,5.806807059656241
S5_train_I_D1_val_D2_3,three_class_with_air,C-DANN-UDA,learned latent PCA,air,source,source_train,Period_I,baseline,0,air\baseline_3.csv,1.4419079750588357,5.865918963580143
S5_train_I_D1_val_D2_3,three_class_with_air,C-DANN-UDA,learned latent PCA,air,source,source_train,Period_I,baseline,0,air\baseline_4.csv,2.8911919405186257,6.105329078866787
S5_train_I_D1_val_D2_3,three_class_with_air,C-DANN-UDA,learned latent PCA,air,source,source_train,Period_I,baseline,0,air\baseline_5.csv,2.207387732295116,3.7636226211393105
S5_train_I_D1_val_D2_3,three_class_with_air,C-DANN-UDA,learned latent PCA,air,source,source_train,Period_I,baseline,0,air\baseline_6.csv,8.40401321547438,7.637159027367424
S5_train_I_D1_val_D2_3,three_class_with_air,C-DANN-UDA,learned latent PCA,air,source,source_train,Period_I,baseline,0,air\baseline_7.csv,2.411354070907763,6.524789672912574
S5_train_I_D1_val_D2_3,three_class_with_air,C-DANN-UDA,learned latent PCA,alcohol,source,source_train,Period_I,Day 1 afternoon,1,alcohol\alcohol_o1.csv,1.9408622236900126,-4.128407314161742
S5_train_I_D1_val_D2_3,three_class_with_air,C-DANN-UDA,learned latent PCA,alcohol,source,source_train,Period_I,Day 1 afternoon,1,alcohol\alcohol_o2.csv,1.1698036037230972,-3.7410707117223034
S5_train_I_D1_val_D2_3,three_class_with_air,C-DANN-UDA,learned latent PCA,alcohol,source,source_train,Period_I,Day 1 afternoon,1,alcohol\alcohol_o3.csv,0.5442226026569585,-3.033965757883835
S5_train_I_D1_val_D2_3,three_class_with_air,C-DANN-UDA,learned latent PCA,alcohol,source,source_train,Period_I,Day 2 noon,2,alcohol\alcohol_o4.csv,2.8240956438183416,-4.179159072616957
S5_train_I_D1_val_D2_3,three_class_with_air,C-DANN-UDA,learned latent PCA,alcohol,source,source_train,Period_I,Day 2 noon,2,alcohol\alcohol_o5.csv,2.5554704238049823,-2.423803581020347
S5_train_I_D1_val_D2_3,three_class_with_air,C-DANN-UDA,learned latent PCA,alcohol,source,source_train,Period_I,Day 2 noon,2,alcohol\alcohol_o6.csv,2.037504782257847,-2.6329672888948608
S5_train_I_D1_val_D2_3,three_class_with_air,C-DANN-UDA,learned latent PCA,alcohol,source,source_train,Period_I,Day 2 afternoon,2,alcohol\alcohol_o7.csv,3.5161985443270187,-4.615276308746379
S5_train_I_D1_val_D2_3,three_class_with_air,C-DANN-UDA,learned latent PCA,alcohol,source,source_train,Period_I,Day 2 afternoon,2,alcohol\alcohol_o8.csv,1.4091526595550024,-3.4129904137084863
S5_train_I_D1_val_D2_3,three_class_with_air,C-DANN-UDA,learned latent PCA,alcohol,source,source_train,Period_I,Day 2 afternoon,2,alcohol\alcohol_o9.csv,1.256473271589851,-2.4834184878441765
S5_train_I_D1_val_D2_3,three_class_with_air,C-DANN-UDA,learned latent PCA,alcohol,source,source_train,Period_I,Day 3 noon,3,alcohol\alcohol_o10.csv,3.09851242107013,-4.254523316770042
S5_train_I_D1_val_D2_3,three_class_with_air,C-DANN-UDA,learned latent PCA,alcohol,source,source_train,Period_I,Day 3 noon,3,alcohol\alcohol_o11.csv,1.2548056915968815,-2.8425393436375996
S5_train_I_D1_val_D2_3,three_class_with_air,C-DANN-UDA,learned latent PCA,alcohol,source,source_train,Period_I,Day 3 noon,3,alcohol\alcohol_o12.csv,2.1985874529667107,-3.764544919143209
S5_train_I_D1_val_D2_3,three_class_with_air,C-DANN-UDA,learned latent PCA,acetone,target,target_labeled_train,Period_II,Day 1,1,acetone\acetone_1.csv,-13.404545703753753,2.1061524775583793
S5_train_I_D1_val_D2_3,three_class_with_air,C-DANN-UDA,learned latent PCA,acetone,target,target_labeled_train,Period_II,Day 1,1,acetone\acetone_2.csv,-12.398232450696888,2.726197863196326
S5_train_I_D1_val_D2_3,three_class_with_air,C-DANN-UDA,learned latent PCA,acetone,target,target_labeled_train,Period_II,Day 1,1,acetone\acetone_3.csv,-5.8006165546966475,1.900200149331065
S5_train_I_D1_val_D2_3,three_class_with_air,C-DANN-UDA,learned latent PCA,acetone,target,target_labeled_train,Period_II,Day 1,1,acetone\acetone_4.csv,-10.373135064580028,1.2866857329308679
S5_train_I_D1_val_D2_3,three_class_with_air,C-DANN-UDA,learned latent PCA,acetone,target,target_labeled_train,Period_II,Day 1,1,acetone\acetone_5.csv,-4.369799795508892,-0.09823657458946909
S5_train_I_D1_val_D2_3,three_class_with_air,C-DANN-UDA,learned latent PCA,air,target,target_labeled_train,Period_II,Day 1,1,air\air_1.csv,3.180361029603259,3.9814321196233546
S5_train_I_D1_val_D2_3,three_class_with_air,C-DANN-UDA,learned latent PCA,air,target,target_labeled_train,Period_II,Day 1,1,air\air_2.csv,1.147350502418364,1.0682312484768834
S5_train_I_D1_val_D2_3,three_class_with_air,C-DANN-UDA,learned latent PCA,air,target,target_labeled_train,Period_II,Day 1,1,air\reference_1.csv,5.914923567746632,6.855685060489162
S5_train_I_D1_val_D2_3,three_class_with_air,C-DANN-UDA,learned latent PCA,air,target,target_labeled_train,Period_II,Day 1,1,air\reference_2.csv,3.890994235082478,1.288371678919657
S5_train_I_D1_val_D2_3,three_class_with_air,C-DANN-UDA,learned latent PCA,air,target,target_labeled_train,Period_II,Day 1,1,air\reference_3.csv,-3.2345516456840926,19.948862516963903
S5_train_I_D1_val_D2_3,three_class_with_air,C-DANN-UDA,learned latent PCA,air,target,target_labeled_train,Period_II,Day 1,1,air\reference_4.csv,3.5092562665253615,9.022159242500626
S5_train_I_D1_val_D2_3,three_class_with_air,C-DANN-UDA,learned latent PCA,alcohol,target,target_labeled_train,Period_II,Day 1,1,alcohol\alcohol_1.csv,-1.1702906312307535,-1.3769091173359853
S5_train_I_D1_val_D2_3,three_class_with_air,C-DANN-UDA,learned latent PCA,alcohol,target,target_labeled_train,Period_II,Day 1,1,alcohol\alcohol_2.csv,3.4274133092151198,-6.419241987674796
S5_train_I_D1_val_D2_3,three_class_with_air,C-DANN-UDA,learned latent PCA,alcohol,target,target_labeled_train,Period_II,Day 1,1,alcohol\alcohol_3.csv,2.820698998948014,-5.233843662612518
S5_train_I_D1_val_D2_3,three_class_with_air,C-DANN-UDA,learned latent PCA,alcohol,target,target_labeled_train,Period_II,Day 1,1,alcohol\alcohol_4.csv,-0.3519455031579115,-3.458328016157012
S5_train_I_D1_val_D2_3,three_class_with_air,C-DANN-UDA,learned latent PCA,alcohol,target,target_labeled_train,Period_II,Day 1,1,alcohol\alcohol_5.csv,2.8425482294764746,-4.404676772263554
S5_train_I_D1_val_D2_3,three_class_with_air,C-DANN-UDA,learned latent PCA,acetone,target,target_domain,Period_II,Day 2,2,acetone\acetone_10.csv,-8.709044240467952,2.6281821506954923
S5_train_I_D1_val_D2_3,three_class_with_air,C-DANN-UDA,learned latent PCA,acetone,target,target_domain,Period_II,Day 2,2,acetone\acetone_6.csv,-5.138891683289291,0.08414070993958982
S5_train_I_D1_val_D2_3,three_class_with_air,C-DANN-UDA,learned latent PCA,acetone,target,target_domain,Period_II,Day 2,2,acetone\acetone_7.csv,-7.966256534405967,-0.8561182083163625
S5_train_I_D1_val_D2_3,three_class_with_air,C-DANN-UDA,learned latent PCA,acetone,target,target_domain,Period_II,Day 2,2,acetone\acetone_8.csv,-4.102268933742254,1.3416641799945295
S5_train_I_D1_val_D2_3,three_class_with_air,C-DANN-UDA,learned latent PCA,acetone,target,target_domain,Period_II,Day 2,2,acetone\acetone_9.csv,-8.308924746443303,1.0191942960833364
S5_train_I_D1_val_D2_3,three_class_with_air,C-DANN-UDA,learned latent PCA,air,target,target_domain,Period_II,Day 2,2,air\air_3.csv,3.549399248931064,4.762840062260162
S5_train_I_D1_val_D2_3,three_class_with_air,C-DANN-UDA,learned latent PCA,air,target,target_domain,Period_II,Day 2,2,air\air_4.csv,5.234558048019062,1.5968995733636613
S5_train_I_D1_val_D2_3,three_class_with_air,C-DANN-UDA,learned latent PCA,alcohol,target,target_domain,Period_II,Day 2,2,alcohol\alcohol_10.csv,0.9217001768081009,-3.240270665335812
S5_train_I_D1_val_D2_3,three_class_with_air,C-DANN-UDA,learned latent PCA,alcohol,target,target_domain,Period_II,Day 2,2,alcohol\alcohol_6.csv,3.1774792032559707,-5.730081890659794
S5_train_I_D1_val_D2_3,three_class_with_air,C-DANN-UDA,learned latent PCA,alcohol,target,target_domain,Period_II,Day 2,2,alcohol\alcohol_7.csv,3.912591737501862,0.036815769021139186
S5_train_I_D1_val_D2_3,three_class_with_air,C-DANN-UDA,learned latent PCA,alcohol,target,target_domain,Period_II,Day 2,2,alcohol\alcohol_8.csv,3.172599717185606,-4.563335659202
S5_train_I_D1_val_D2_3,three_class_with_air,C-DANN-UDA,learned latent PCA,alcohol,target,target_domain,Period_II,Day 2,2,alcohol\alcohol_9.csv,2.201835867662309,-2.973825973936984
S5_train_I_D1_val_D2_3,three_class_with_air,C-DANN-UDA,learned latent PCA,acetone,target,target_domain,Period_II,Day 3,3,acetone\acetone_11.csv,-3.401827754060249,-1.045261237089121
S5_train_I_D1_val_D2_3,three_class_with_air,C-DANN-UDA,learned latent PCA,acetone,target,target_domain,Period_II,Day 3,3,acetone\acetone_12.csv,-2.6432049739239147,0.9531248271669349
S5_train_I_D1_val_D2_3,three_class_with_air,C-DANN-UDA,learned latent PCA,acetone,target,target_domain,Period_II,Day 3,3,acetone\acetone_13.csv,-4.810821594496815,0.4853648738433351
S5_train_I_D1_val_D2_3,three_class_with_air,C-DANN-UDA,learned latent PCA,acetone,target,target_domain,Period_II,Day 3,3,acetone\acetone_14.csv,-3.3864688622452976,0.8463976449604995
S5_train_I_D1_val_D2_3,three_class_with_air,C-DANN-UDA,learned latent PCA,acetone,target,target_domain,Period_II,Day 3,3,acetone\acetone_15.csv,-5.1141412354299085,1.2704667320367744
S5_train_I_D1_val_D2_3,three_class_with_air,C-DANN-UDA,learned latent PCA,acetone,target,target_domain,Period_II,Day 4,4,acetone\acetone_16.csv,-1.3958130524614134,-0.03236047824248172
S5_train_I_D1_val_D2_3,three_class_with_air,C-DANN-UDA,learned latent PCA,acetone,target,target_domain,Period_II,Day 4,4,acetone\acetone_17.csv,-4.257752910453897,0.979409477391758
S5_train_I_D1_val_D2_3,three_class_with_air,C-DANN-UDA,learned latent PCA,acetone,target,target_domain,Period_II,Day 4,4,acetone\acetone_18.csv,-4.160875041765617,0.5088001089656023
S5_train_I_D1_val_D2_3,three_class_with_air,C-DANN-UDA,learned latent PCA,acetone,target,target_domain,Period_II,Day 4,4,acetone\acetone_19.csv,1.4415103671300988,-1.0962942006936574
S5_train_I_D1_val_D2_3,three_class_with_air,C-DANN-UDA,learned latent PCA,acetone,target,target_domain,Period_II,Day 4,4,acetone\acetone_20.csv,-0.8850296241848661,1.0485412631764308
S5_train_I_D1_val_D2_3,three_class_with_air,C-DANN-UDA,learned latent PCA,acetone,target,target_domain,Period_II,Day 5,5,acetone\acetone_21.csv,-7.352855619416988,-0.3388702571933808
S5_train_I_D1_val_D2_3,three_class_with_air,C-DANN-UDA,learned latent PCA,acetone,target,target_domain,Period_II,Day 5,5,acetone\acetone_22.csv,-1.3797611367880902,-2.5167674321637317
S5_train_I_D1_val_D2_3,three_class_with_air,C-DANN-UDA,learned latent PCA,acetone,target,target_domain,Period_II,Day 5,5,acetone\acetone_23.csv,-4.322614567503547,-1.1889355178224845
S5_train_I_D1_val_D2_3,three_class_with_air,C-DANN-UDA,learned latent PCA,acetone,target,target_domain,Period_II,Day 5,5,acetone\acetone_24.csv,-9.933698022396548,1.336877361379648
S5_train_I_D1_val_D2_3,three_class_with_air,C-DANN-UDA,learned latent PCA,acetone,target,target_domain,Period_II,Day 5,5,acetone\acetone_25.csv,-1.709785798997706,-0.9562414426977838
S5_train_I_D1_val_D2_3,three_class_with_air,C-DANN-UDA,learned latent PCA,acetone,target,target_domain,Period_II,Day 6,6,acetone\acetone_26.csv,-2.1799623123348,0.23634868666034228
S5_train_I_D1_val_D2_3,three_class_with_air,C-DANN-UDA,learned latent PCA,acetone,target,target_domain,Period_II,Day 6,6,acetone\acetone_27.csv,-4.021302579469225,1.6162580176528114
S5_train_I_D1_val_D2_3,three_class_with_air,C-DANN-UDA,learned latent PCA,acetone,target,target_domain,Period_II,Day 6,6,acetone\acetone_28.csv,-5.034070190885713,1.0390119443108385
S5_train_I_D1_val_D2_3,three_class_with_air,C-DANN-UDA,learned latent PCA,acetone,target,target_domain,Period_II,Day 6,6,acetone\acetone_29.csv,-4.182295321108912,-0.8430856187383988
S5_train_I_D1_val_D2_3,three_class_with_air,C-DANN-UDA,learned latent PCA,acetone,target,target_domain,Period_II,Day 6,6,acetone\acetone_30.csv,-5.046893683393344,0.72485131236969
S5_train_I_D1_val_D2_3,three_class_with_air,C-DANN-UDA,learned latent PCA,acetone,target,target_domain,Period_II,Day 6,6,acetone\acetone_31.csv,-6.474397336186483,-0.010934387732360181
S5_train_I_D1_val_D2_3,three_class_with_air,C-DANN-UDA,learned latent PCA,acetone,target,target_domain,Period_II,Day 6,6,acetone\acetone_32.csv,-5.40470289777399,1.442980375571193
S5_train_I_D1_val_D2_3,three_class_with_air,C-DANN-UDA,learned latent PCA,acetone,target,target_domain,Period_II,Day 7,7,acetone\acetone_33.csv,-0.7211536833727822,-1.4927376103312606
S5_train_I_D1_val_D2_3,three_class_with_air,C-DANN-UDA,learned latent PCA,acetone,target,target_domain,Period_II,Day 7,7,acetone\acetone_34.csv,-4.2901387120215535,1.3117161814740113
S5_train_I_D1_val_D2_3,three_class_with_air,C-DANN-UDA,learned latent PCA,acetone,target,target_domain,Period_II,Day 7,7,acetone\acetone_35.csv,-5.43868456866268,-0.35379194098549527
S5_train_I_D1_val_D2_3,three_class_with_air,C-DANN-UDA,learned latent PCA,acetone,target,target_domain,Period_II,Day 8,8,acetone\acetone_36.csv,-6.729913978874645,0.8662825953961436
S5_train_I_D1_val_D2_3,three_class_with_air,C-DANN-UDA,learned latent PCA,acetone,target,target_domain,Period_II,Day 8,8,acetone\acetone_37.csv,-2.4867272751800895,1.4483566756850745
S5_train_I_D1_val_D2_3,three_class_with_air,C-DANN-UDA,learned latent PCA,acetone,target,target_domain,Period_II,Day 8,8,acetone\acetone_38.csv,-0.5155916387514591,0.659821862034734
S5_train_I_D1_val_D2_3,three_class_with_air,C-DANN-UDA,learned latent PCA,acetone,target,target_domain,Period_II,Day 9,9,acetone\acetone_39.csv,-4.959192708647607,0.7314603950885163
S5_train_I_D1_val_D2_3,three_class_with_air,C-DANN-UDA,learned latent PCA,acetone,target,target_domain,Period_II,Day 9,9,acetone\acetone_40.csv,0.2985176002575145,-1.034836864985545
S5_train_I_D1_val_D2_3,three_class_with_air,C-DANN-UDA,learned latent PCA,acetone,target,target_domain,Period_II,Day 9,9,acetone\acetone_41.csv,-5.600260703979082,0.5381322609778054
S5_train_I_D1_val_D2_3,three_class_with_air,C-DANN-UDA,learned latent PCA,acetone,target,target_domain,Period_II,Day 9,9,acetone\acetone_42.csv,-6.548812184888527,0.19445577463907526
S5_train_I_D1_val_D2_3,three_class_with_air,C-DANN-UDA,learned latent PCA,acetone,target,target_domain,Period_II,Day 9,9,acetone\acetone_43.csv,-4.629524863808891,-0.004549353127565928
S5_train_I_D1_val_D2_3,three_class_with_air,C-DANN-UDA,learned latent PCA,air,target,target_domain,Period_II,Day 3,3,air\air_5.csv,3.6770738403083754,2.987077604828164
S5_train_I_D1_val_D2_3,three_class_with_air,C-DANN-UDA,learned latent PCA,air,target,target_domain,Period_II,Day 3,3,air\air_6.csv,3.849520829436555,5.418234253579946
S5_train_I_D1_val_D2_3,three_class_with_air,C-DANN-UDA,learned latent PCA,air,target,target_domain,Period_II,Day 3,3,air\reference_5.csv,4.531580183309119,-3.3926126204604015
S5_train_I_D1_val_D2_3,three_class_with_air,C-DANN-UDA,learned latent PCA,air,target,target_domain,Period_II,Day 3,3,air\reference_6.csv,3.01783199893396,4.553777935841144
S5_train_I_D1_val_D2_3,three_class_with_air,C-DANN-UDA,learned latent PCA,air,target,target_domain,Period_II,Day 4,4,air\air_7.csv,2.229281823548545,1.4735879202209754
S5_train_I_D1_val_D2_3,three_class_with_air,C-DANN-UDA,learned latent PCA,air,target,target_domain,Period_II,Day 4,4,air\air_8.csv,2.372991417433053,4.924312565666995
S5_train_I_D1_val_D2_3,three_class_with_air,C-DANN-UDA,learned latent PCA,air,target,target_domain,Period_II,Day 4,4,air\reference_7.csv,2.442596478109434,4.671940210728377
S5_train_I_D1_val_D2_3,three_class_with_air,C-DANN-UDA,learned latent PCA,air,target,target_domain,Period_II,Day 4,4,air\reference_8.csv,6.180190004941833,9.531679808421634
S5_train_I_D1_val_D2_3,three_class_with_air,C-DANN-UDA,learned latent PCA,air,target,target_domain,Period_II,Day 5,5,air\air_10.csv,2.169427384736898,2.860161326390751
S5_train_I_D1_val_D2_3,three_class_with_air,C-DANN-UDA,learned latent PCA,air,target,target_domain,Period_II,Day 5,5,air\air_9.csv,4.256137931204192,6.326808787823645
S5_train_I_D1_val_D2_3,three_class_with_air,C-DANN-UDA,learned latent PCA,air,target,target_domain,Period_II,Day 6,6,air\air_11.csv,2.900817343049832,4.9948249400755085
S5_train_I_D1_val_D2_3,three_class_with_air,C-DANN-UDA,learned latent PCA,air,target,target_domain,Period_II,Day 6,6,air\air_12.csv,4.0279101907462245,6.772935756068765
S5_train_I_D1_val_D2_3,three_class_with_air,C-DANN-UDA,learned latent PCA,air,target,target_domain,Period_II,Day 6,6,air\air_13.csv,5.422089615366006,6.906268279163834
S5_train_I_D1_val_D2_3,three_class_with_air,C-DANN-UDA,learned latent PCA,air,target,target_domain,Period_II,Day 8,8,air\air_14.csv,3.9442945615544955,6.905701921222677
S5_train_I_D1_val_D2_3,three_class_with_air,C-DANN-UDA,learned latent PCA,air,target,target_domain,Period_II,Day 8,8,air\air_15.csv,3.4373492717556795,4.984119121020842
S5_train_I_D1_val_D2_3,three_class_with_air,C-DANN-UDA,learned latent PCA,air,target,target_domain,Period_II,Day 8,8,air\reference_9.csv,1.6740850251863744,-2.381987916668389
S5_train_I_D1_val_D2_3,three_class_with_air,C-DANN-UDA,learned latent PCA,air,target,target_domain,Period_II,Day 9,9,air\air_16.csv,4.291269363118921,4.105381898774071
S5_train_I_D1_val_D2_3,three_class_with_air,C-DANN-UDA,learned latent PCA,air,target,target_domain,Period_II,Day 9,9,air\air_17.csv,3.2516531266461097,7.725256409309281
S5_train_I_D1_val_D2_3,three_class_with_air,C-DANN-UDA,learned latent PCA,alcohol,target,target_domain,Period_II,Day 3,3,alcohol\alcohol_11.csv,2.2376135744505468,-4.106542510011253
S5_train_I_D1_val_D2_3,three_class_with_air,C-DANN-UDA,learned latent PCA,alcohol,target,target_domain,Period_II,Day 3,3,alcohol\alcohol_12.csv,2.5489189877601386,-3.5895342138875774
S5_train_I_D1_val_D2_3,three_class_with_air,C-DANN-UDA,learned latent PCA,alcohol,target,target_domain,Period_II,Day 3,3,alcohol\alcohol_13.csv,2.3004950556310724,-4.622096135754232
S5_train_I_D1_val_D2_3,three_class_with_air,C-DANN-UDA,learned latent PCA,alcohol,target,target_domain,Period_II,Day 3,3,alcohol\alcohol_14.csv,3.268906066493523,-3.1511594976021904
S5_train_I_D1_val_D2_3,three_class_with_air,C-DANN-UDA,learned latent PCA,alcohol,target,target_domain,Period_II,Day 3,3,alcohol\alcohol_15.csv,2.439275295070789,-4.032367987928909
S5_train_I_D1_val_D2_3,three_class_with_air,C-DANN-UDA,learned latent PCA,alcohol,target,target_domain,Period_II,Day 4,4,alcohol\alcohol_16.csv,2.2283296643211123,-2.8633825233200896
S5_train_I_D1_val_D2_3,three_class_with_air,C-DANN-UDA,learned latent PCA,alcohol,target,target_domain,Period_II,Day 4,4,alcohol\alcohol_17.csv,2.879744413416284,-1.5283536195797869
S5_train_I_D1_val_D2_3,three_class_with_air,C-DANN-UDA,learned latent PCA,alcohol,target,target_domain,Period_II,Day 4,4,alcohol\alcohol_18.csv,3.877694799155353,-2.8708380860893974
S5_train_I_D1_val_D2_3,three_class_with_air,C-DANN-UDA,learned latent PCA,alcohol,target,target_domain,Period_II,Day 4,4,alcohol\alcohol_19.csv,2.3928947930188076,-2.408267466394144
S5_train_I_D1_val_D2_3,three_class_with_air,C-DANN-UDA,learned latent PCA,alcohol,target,target_domain,Period_II,Day 4,4,alcohol\alcohol_20.csv,3.09351728230644,-2.9433388833217937
S5_train_I_D1_val_D2_3,three_class_with_air,C-DANN-UDA,learned latent PCA,alcohol,target,target_domain,Period_II,Day 5,5,alcohol\alcohol_21.csv,3.405530845968325,-4.287738536014604
S5_train_I_D1_val_D2_3,three_class_with_air,C-DANN-UDA,learned latent PCA,alcohol,target,target_domain,Period_II,Day 5,5,alcohol\alcohol_22.csv,3.577186520813292,-3.396100082628537
S5_train_I_D1_val_D2_3,three_class_with_air,C-DANN-UDA,learned latent PCA,alcohol,target,target_domain,Period_II,Day 5,5,alcohol\alcohol_23.csv,-9.596585634855279,-6.224089578640309
S5_train_I_D1_val_D2_3,three_class_with_air,C-DANN-UDA,learned latent PCA,alcohol,target,target_domain,Period_II,Day 5,5,alcohol\alcohol_24.csv,2.801013884216287,-3.6238324041193475
S5_train_I_D1_val_D2_3,three_class_with_air,C-DANN-UDA,learned latent PCA,alcohol,target,target_domain,Period_II,Day 5,5,alcohol\alcohol_25.csv,2.6011182792804064,-2.477083372185774
S5_train_I_D1_val_D2_3,three_class_with_air,C-DANN-UDA,learned latent PCA,alcohol,target,target_domain,Period_II,Day 6,6,alcohol\alcohol_26.csv,2.50991126668012,-4.029990980839214
S5_train_I_D1_val_D2_3,three_class_with_air,C-DANN-UDA,learned latent PCA,alcohol,target,target_domain,Period_II,Day 6,6,alcohol\alcohol_27.csv,3.841294520901877,-4.679548167309692
S5_train_I_D1_val_D2_3,three_class_with_air,C-DANN-UDA,learned latent PCA,alcohol,target,target_domain,Period_II,Day 6,6,alcohol\alcohol_28.csv,4.301391979250147,-8.005365803053321
S5_train_I_D1_val_D2_3,three_class_with_air,C-DANN-UDA,learned latent PCA,alcohol,target,target_domain,Period_II,Day 6,6,alcohol\alcohol_29.csv,2.0272148750964814,-4.043989352383769
S5_train_I_D1_val_D2_3,three_class_with_air,C-DANN-UDA,learned latent PCA,alcohol,target,target_domain,Period_II,Day 6,6,alcohol\alcohol_30.csv,4.195218215637196,-4.380085916939795
S5_train_I_D1_val_D2_3,three_class_with_air,C-DANN-UDA,learned latent PCA,alcohol,target,target_domain,Period_II,Day 6,6,alcohol\alcohol_31.csv,3.3849360370026407,-4.048430670651894
S5_train_I_D1_val_D2_3,three_class_with_air,C-DANN-UDA,learned latent PCA,alcohol,target,target_domain,Period_II,Day 6,6,alcohol\alcohol_32.csv,3.034025174454058,-6.126020321446692
S5_train_I_D1_val_D2_3,three_class_with_air,C-DANN-UDA,learned latent PCA,alcohol,target,target_domain,Period_II,Day 7,7,alcohol\alcohol_33.csv,3.3800522523773227,-4.979857929775369
S5_train_I_D1_val_D2_3,three_class_with_air,C-DANN-UDA,learned latent PCA,alcohol,target,target_domain,Period_II,Day 7,7,alcohol\alcohol_34.csv,1.3943927856132519,-2.7602980364273066
S5_train_I_D1_val_D2_3,three_class_with_air,C-DANN-UDA,learned latent PCA,alcohol,target,target_domain,Period_II,Day 7,7,alcohol\alcohol_35.csv,2.3517333990768803,-4.371493933607768
S5_train_I_D1_val_D2_3,three_class_with_air,C-DANN-UDA,learned latent PCA,alcohol,target,target_domain,Period_II,Day 8,8,alcohol\alcohol_36.csv,4.428499432534213,-1.5580317235376986
S5_train_I_D1_val_D2_3,three_class_with_air,C-DANN-UDA,learned latent PCA,alcohol,target,target_domain,Period_II,Day 8,8,alcohol\alcohol_37.csv,4.118971281715403,-2.886582726527558
S5_train_I_D1_val_D2_3,three_class_with_air,C-DANN-UDA,learned latent PCA,alcohol,target,target_domain,Period_II,Day 8,8,alcohol\alcohol_38.csv,2.6039206783173263,-2.580983802882137
S5_train_I_D1_val_D2_3,three_class_with_air,C-DANN-UDA,learned latent PCA,alcohol,target,target_domain,Period_II,Day 9,9,alcohol\alcohol_39.csv,5.096342830278635,-4.385142726806714
S5_train_I_D1_val_D2_3,three_class_with_air,C-DANN-UDA,learned latent PCA,alcohol,target,target_domain,Period_II,Day 9,9,alcohol\alcohol_40.csv,2.996673473499699,-5.661070977483542
S5_train_I_D1_val_D2_3,three_class_with_air,C-DANN-UDA,learned latent PCA,alcohol,target,target_domain,Period_II,Day 9,9,alcohol\alcohol_41.csv,4.0141084248886445,-0.5277367120537952
S5_train_I_D1_val_D2_3,three_class_with_air,C-DANN-UDA,learned latent PCA,alcohol,target,target_domain,Period_II,Day 9,9,alcohol\alcohol_42.csv,2.426641609075726,-3.3702333905482345
S5_train_I_D1_val_D2_3,three_class_with_air,C-DANN-UDA,learned latent PCA,alcohol,target,target_domain,Period_II,Day 9,9,alcohol\alcohol_43.csv,2.653025964138738,-2.8869521248250005
S5_train_I_D1_val_D2_3,three_class_with_air,C-DANN-UDA,learned latent PCA,acetone,target,target_domain,Period_II,Day 10,10,acetone\acetone_44.csv,-7.04218979445143,0.1391992484395171
S5_train_I_D1_val_D2_3,three_class_with_air,C-DANN-UDA,learned latent PCA,acetone,target,target_domain,Period_II,Day 10,10,acetone\acetone_45.csv,-3.310166411088931,0.7369411402583169
S5_train_I_D1_val_D2_3,three_class_with_air,C-DANN-UDA,learned latent PCA,acetone,target,target_domain,Period_II,Day 10,10,acetone\acetone_46.csv,-0.025036397982142584,-1.61972575509536
S5_train_I_D1_val_D2_3,three_class_with_air,C-DANN-UDA,learned latent PCA,acetone,target,target_domain,Period_II,Day 10,10,acetone\acetone_47.csv,-0.7207941778063175,-2.767435424304941
S5_train_I_D1_val_D2_3,three_class_with_air,C-DANN-UDA,learned latent PCA,acetone,target,target_domain,Period_II,Day 11,11,acetone\acetone_48.csv,-3.304155982245233,-1.9533610359592404
S5_train_I_D1_val_D2_3,three_class_with_air,C-DANN-UDA,learned latent PCA,acetone,target,target_domain,Period_II,Day 11,11,acetone\acetone_49.csv,-5.959659426331217,-1.4066386501935304
S5_train_I_D1_val_D2_3,three_class_with_air,C-DANN-UDA,learned latent PCA,acetone,target,target_domain,Period_II,Day 11,11,acetone\acetone_50.csv,1.3694466138126964,-3.9105985819608056
S5_train_I_D1_val_D2_3,three_class_with_air,C-DANN-UDA,learned latent PCA,acetone,target,target_domain,Period_II,Day 11,11,acetone\acetone_51.csv,-1.1466614529872345,-2.417691946097649
S5_train_I_D1_val_D2_3,three_class_with_air,C-DANN-UDA,learned latent PCA,acetone,target,target_domain,Period_II,Day 12,12,acetone\acetone_52.csv,-0.7143241570441976,-1.7179993857873423
S5_train_I_D1_val_D2_3,three_class_with_air,C-DANN-UDA,learned latent PCA,acetone,target,target_domain,Period_II,Day 12,12,acetone\acetone_53.csv,-1.6075081000068852,-0.6584788204366119
S5_train_I_D1_val_D2_3,three_class_with_air,C-DANN-UDA,learned latent PCA,acetone,target,target_domain,Period_II,Day 12,12,acetone\acetone_54.csv,-1.8932357552740104,7.344259726736871
S5_train_I_D1_val_D2_3,three_class_with_air,C-DANN-UDA,learned latent PCA,acetone,target,target_domain,Period_II,Day 12,12,acetone\acetone_55.csv,-0.9800167646900115,-2.4498381543037087
S5_train_I_D1_val_D2_3,three_class_with_air,C-DANN-UDA,learned latent PCA,acetone,target,target_domain,Period_II,Day 13,13,acetone\acetone_56.csv,-3.088073103679353,1.9125878887294046
S5_train_I_D1_val_D2_3,three_class_with_air,C-DANN-UDA,learned latent PCA,acetone,target,target_domain,Period_II,Day 13,13,acetone\acetone_57.csv,-3.6036835370127975,-0.814820141285515
S5_train_I_D1_val_D2_3,three_class_with_air,C-DANN-UDA,learned latent PCA,acetone,target,target_domain,Period_II,Day 14,14,acetone\acetone_58.csv,-2.8786104100337613,0.5009300449754802
S5_train_I_D1_val_D2_3,three_class_with_air,C-DANN-UDA,learned latent PCA,acetone,target,target_domain,Period_II,Day 14,14,acetone\acetone_59.csv,-2.551983584430451,0.3712041334556174
S5_train_I_D1_val_D2_3,three_class_with_air,C-DANN-UDA,learned latent PCA,acetone,target,target_domain,Period_II,Day 14,14,acetone\acetone_60.csv,-7.913798845404233,0.7045101251985657
S5_train_I_D1_val_D2_3,three_class_with_air,C-DANN-UDA,learned latent PCA,acetone,target,target_domain,Period_II,Day 15,15,acetone\acetone_61.csv,0.0667288484285891,-1.6048475446745756
S5_train_I_D1_val_D2_3,three_class_with_air,C-DANN-UDA,learned latent PCA,acetone,target,target_domain,Period_II,Day 15,15,acetone\acetone_62.csv,-1.4773908600522287,-2.4765308344401764
S5_train_I_D1_val_D2_3,three_class_with_air,C-DANN-UDA,learned latent PCA,acetone,target,target_domain,Period_II,Day 15,15,acetone\acetone_63.csv,-2.8349755894417146,0.9236735195533696
S5_train_I_D1_val_D2_3,three_class_with_air,C-DANN-UDA,learned latent PCA,acetone,target,target_domain,Period_II,Day 17,17,acetone\acetone_64.csv,-3.924243535646225,-0.8757008206199434
S5_train_I_D1_val_D2_3,three_class_with_air,C-DANN-UDA,learned latent PCA,acetone,target,target_domain,Period_II,Day 17,17,acetone\acetone_65.csv,-1.187569214543895,-1.0036896257089831
S5_train_I_D1_val_D2_3,three_class_with_air,C-DANN-UDA,learned latent PCA,acetone,target,target_domain,Period_II,Day 17,17,acetone\acetone_66.csv,-1.7606615534732764,1.3609098193433802
S5_train_I_D1_val_D2_3,three_class_with_air,C-DANN-UDA,learned latent PCA,acetone,target,target_domain,Period_II,Day 17,17,acetone\acetone_67.csv,-3.7220022789549603,-0.24858229414088892
S5_train_I_D1_val_D2_3,three_class_with_air,C-DANN-UDA,learned latent PCA,acetone,target,target_domain,Period_II,Day 17,17,acetone\acetone_68.csv,-4.213141460701318,-0.2663168880341606
S5_train_I_D1_val_D2_3,three_class_with_air,C-DANN-UDA,learned latent PCA,air,target,target_domain,Period_II,Day 10,10,air\air_18.csv,3.9259249658204185,8.069328152459274
S5_train_I_D1_val_D2_3,three_class_with_air,C-DANN-UDA,learned latent PCA,air,target,target_domain,Period_II,Day 10,10,air\air_19.csv,4.050511940731667,0.21282557935275195
S5_train_I_D1_val_D2_3,three_class_with_air,C-DANN-UDA,learned latent PCA,air,target,target_domain,Period_II,Day 11,11,air\air_20.csv,2.5701251815575326,-0.20347368082932382
S5_train_I_D1_val_D2_3,three_class_with_air,C-DANN-UDA,learned latent PCA,air,target,target_domain,Period_II,Day 11,11,air\air_21.csv,3.116722122878419,4.5147134380487275
S5_train_I_D1_val_D2_3,three_class_with_air,C-DANN-UDA,learned latent PCA,air,target,target_domain,Period_II,Day 12,12,air\air_22.csv,0.9864539784966938,-0.4821750886919929
S5_train_I_D1_val_D2_3,three_class_with_air,C-DANN-UDA,learned latent PCA,air,target,target_domain,Period_II,Day 12,12,air\air_23.csv,3.795855634307254,6.785594915036729
S5_train_I_D1_val_D2_3,three_class_with_air,C-DANN-UDA,learned latent PCA,air,target,target_domain,Period_II,Day 13,13,air\air_24.csv,1.7577550135057824,6.351717076129134
S5_train_I_D1_val_D2_3,three_class_with_air,C-DANN-UDA,learned latent PCA,air,target,target_domain,Period_II,Day 13,13,air\air_25.csv,1.9802513400991024,4.370809882235
S5_train_I_D1_val_D2_3,three_class_with_air,C-DANN-UDA,learned latent PCA,air,target,target_domain,Period_II,Day 13,13,air\air_26.csv,5.452512229557177,6.675373025153976
S5_train_I_D1_val_D2_3,three_class_with_air,C-DANN-UDA,learned latent PCA,air,target,target_domain,Period_II,Day 13,13,air\air_27.csv,3.066676257458509,6.67067542114199
S5_train_I_D1_val_D2_3,three_class_with_air,C-DANN-UDA,learned latent PCA,air,target,target_domain,Period_II,Day 13,13,air\air_28.csv,1.5909533062583334,-1.1247385092431925
S5_train_I_D1_val_D2_3,three_class_with_air,C-DANN-UDA,learned latent PCA,air,target,target_domain,Period_II,Day 14,14,air\air_29.csv,2.549139981429302,5.4200218957651
S5_train_I_D1_val_D2_3,three_class_with_air,C-DANN-UDA,learned latent PCA,air,target,target_domain,Period_II,Day 14,14,air\air_30.csv,3.8629642141424188,1.081261703813858
S5_train_I_D1_val_D2_3,three_class_with_air,C-DANN-UDA,learned latent PCA,air,target,target_domain,Period_II,Day 14,14,air\air_31.csv,1.8131867679826492,4.856722713959397
S5_train_I_D1_val_D2_3,three_class_with_air,C-DANN-UDA,learned latent PCA,air,target,target_domain,Period_II,Day 14,14,air\air_32.csv,3.1676954308342604,4.453068773423735
S5_train_I_D1_val_D2_3,three_class_with_air,C-DANN-UDA,learned latent PCA,air,target,target_domain,Period_II,Day 14,14,air\air_33.csv,5.6761383353774475,6.887456937819037
S5_train_I_D1_val_D2_3,three_class_with_air,C-DANN-UDA,learned latent PCA,air,target,target_domain,Period_II,Day 14,14,air\air_34.csv,5.4412901525807325,7.943965027673565
S5_train_I_D1_val_D2_3,three_class_with_air,C-DANN-UDA,learned latent PCA,air,target,target_domain,Period_II,Day 15,15,air\air_35.csv,3.329017250149996,3.1846496078729296
S5_train_I_D1_val_D2_3,three_class_with_air,C-DANN-UDA,learned latent PCA,air,target,target_domain,Period_II,Day 15,15,air\air_36.csv,2.465988909709451,-2.3990816290881694
S5_train_I_D1_val_D2_3,three_class_with_air,C-DANN-UDA,learned latent PCA,air,target,target_domain,Period_II,Day 15,15,air\air_37.csv,4.06944090049873,6.013083624847135
S5_train_I_D1_val_D2_3,three_class_with_air,C-DANN-UDA,learned latent PCA,air,target,target_domain,Period_II,Day 15,15,air\air_38.csv,3.8114469396868667,3.2845861200351
S5_train_I_D1_val_D2_3,three_class_with_air,C-DANN-UDA,learned latent PCA,air,target,target_domain,Period_II,Day 15,15,air\air_39.csv,3.295931257954549,4.783246605163533
S5_train_I_D1_val_D2_3,three_class_with_air,C-DANN-UDA,learned latent PCA,air,target,target_domain,Period_II,Day 15,15,air\air_40.csv,4.074488185347115,4.3151279589102
S5_train_I_D1_val_D2_3,three_class_with_air,C-DANN-UDA,learned latent PCA,air,target,target_domain,Period_II,Day 16,16,air\air_41.csv,2.1244500712671326,-4.800549019760618
S5_train_I_D1_val_D2_3,three_class_with_air,C-DANN-UDA,learned latent PCA,air,target,target_domain,Period_II,Day 16,16,air\air_42.csv,3.1827317183305786,6.967808339787708
S5_train_I_D1_val_D2_3,three_class_with_air,C-DANN-UDA,learned latent PCA,air,target,target_domain,Period_II,Day 16,16,air\air_43.csv,1.7648932989253823,-3.5140403212545555
S5_train_I_D1_val_D2_3,three_class_with_air,C-DANN-UDA,learned latent PCA,air,target,target_domain,Period_II,Day 16,16,air\air_44.csv,3.6903614206934408,7.147435908078855
S5_train_I_D1_val_D2_3,three_class_with_air,C-DANN-UDA,learned latent PCA,air,target,target_domain,Period_II,Day 17,17,air\air_45.csv,6.079128428539238,7.392959581479747
S5_train_I_D1_val_D2_3,three_class_with_air,C-DANN-UDA,learned latent PCA,air,target,target_domain,Period_II,Day 17,17,air\air_46.csv,3.1197469717036714,-2.05099683338082
S5_train_I_D1_val_D2_3,three_class_with_air,C-DANN-UDA,learned latent PCA,air,target,target_domain,Period_II,Day 17,17,air\air_47.csv,4.18759839150092,4.227949399909748
S5_train_I_D1_val_D2_3,three_class_with_air,C-DANN-UDA,learned latent PCA,air,target,target_domain,Period_II,Day 17,17,air\air_48.csv,4.361669125480561,5.433254859775758
S5_train_I_D1_val_D2_3,three_class_with_air,C-DANN-UDA,learned latent PCA,alcohol,target,target_domain,Period_II,Day 10,10,alcohol\alcohol_44.csv,1.7238744700590407,-3.845261630077728
S5_train_I_D1_val_D2_3,three_class_with_air,C-DANN-UDA,learned latent PCA,alcohol,target,target_domain,Period_II,Day 10,10,alcohol\alcohol_45.csv,2.2378677430813285,-3.8178099042981315
S5_train_I_D1_val_D2_3,three_class_with_air,C-DANN-UDA,learned latent PCA,alcohol,target,target_domain,Period_II,Day 10,10,alcohol\alcohol_46.csv,2.368003358475804,-4.19049326231553
S5_train_I_D1_val_D2_3,three_class_with_air,C-DANN-UDA,learned latent PCA,alcohol,target,target_domain,Period_II,Day 10,10,alcohol\alcohol_47.csv,-0.18591748083525605,-5.2133273752525895
S5_train_I_D1_val_D2_3,three_class_with_air,C-DANN-UDA,learned latent PCA,alcohol,target,target_domain,Period_II,Day 11,11,alcohol\alcohol_48.csv,2.8463035894335986,-6.47414911255945
S5_train_I_D1_val_D2_3,three_class_with_air,C-DANN-UDA,learned latent PCA,alcohol,target,target_domain,Period_II,Day 11,11,alcohol\alcohol_49.csv,2.9614759224704494,-5.563655876180861
S5_train_I_D1_val_D2_3,three_class_with_air,C-DANN-UDA,learned latent PCA,alcohol,target,target_domain,Period_II,Day 11,11,alcohol\alcohol_50.csv,2.853722213229226,-3.960224805502415
S5_train_I_D1_val_D2_3,three_class_with_air,C-DANN-UDA,learned latent PCA,alcohol,target,target_domain,Period_II,Day 11,11,alcohol\alcohol_51.csv,4.224084776274333,-4.436163986099841
S5_train_I_D1_val_D2_3,three_class_with_air,C-DANN-UDA,learned latent PCA,alcohol,target,target_domain,Period_II,Day 12,12,alcohol\alcohol_52.csv,0.5362911591782752,0.711266751147118
S5_train_I_D1_val_D2_3,three_class_with_air,C-DANN-UDA,learned latent PCA,alcohol,target,target_domain,Period_II,Day 12,12,alcohol\alcohol_53.csv,1.4134455234700476,-2.6207366480705114
S5_train_I_D1_val_D2_3,three_class_with_air,C-DANN-UDA,learned latent PCA,alcohol,target,target_domain,Period_II,Day 12,12,alcohol\alcohol_54.csv,1.9039939515943851,-2.725341918330086
S5_train_I_D1_val_D2_3,three_class_with_air,C-DANN-UDA,learned latent PCA,alcohol,target,target_domain,Period_II,Day 12,12,alcohol\alcohol_55.csv,0.7422367841540485,-2.5650379796119442
S5_train_I_D1_val_D2_3,three_class_with_air,C-DANN-UDA,learned latent PCA,alcohol,target,target_domain,Period_II,Day 13,13,alcohol\alcohol_56.csv,2.102142453787868,-2.736685052043486
S5_train_I_D1_val_D2_3,three_class_with_air,C-DANN-UDA,learned latent PCA,alcohol,target,target_domain,Period_II,Day 13,13,alcohol\alcohol_57.csv,1.9715139849044974,-2.914867634464291
S5_train_I_D1_val_D2_3,three_class_with_air,C-DANN-UDA,learned latent PCA,alcohol,target,target_domain,Period_II,Day 14,14,alcohol\alcohol_58.csv,4.500191701627893,-6.955995793731262
S5_train_I_D1_val_D2_3,three_class_with_air,C-DANN-UDA,learned latent PCA,alcohol,target,target_domain,Period_II,Day 14,14,alcohol\alcohol_59.csv,2.0465226061763064,-2.7202200145531847
S5_train_I_D1_val_D2_3,three_class_with_air,C-DANN-UDA,learned latent PCA,alcohol,target,target_domain,Period_II,Day 14,14,alcohol\alcohol_60.csv,0.12807600085610024,-4.0986782298675495
S5_train_I_D1_val_D2_3,three_class_with_air,C-DANN-UDA,learned latent PCA,alcohol,target,target_domain,Period_II,Day 15,15,alcohol\alcohol_61.csv,-0.11004672040097814,-2.3651509461155977
S5_train_I_D1_val_D2_3,three_class_with_air,C-DANN-UDA,learned latent PCA,alcohol,target,target_domain,Period_II,Day 15,15,alcohol\alcohol_62.csv,1.9515512657268108,-4.377573259426788
S5_train_I_D1_val_D2_3,three_class_with_air,C-DANN-UDA,learned latent PCA,alcohol,target,target_domain,Period_II,Day 15,15,alcohol\alcohol_63.csv,4.711978632157319,-7.257454734084733
S5_train_I_D1_val_D2_3,three_class_with_air,C-DANN-UDA,learned latent PCA,alcohol,target,target_domain,Period_II,Day 17,17,alcohol\alcohol_64.csv,3.1923635444155254,-3.1487997190542876
S5_train_I_D1_val_D2_3,three_class_with_air,C-DANN-UDA,learned latent PCA,alcohol,target,target_domain,Period_II,Day 17,17,alcohol\alcohol_65.csv,2.47563626838685,-3.2114477514613204
S5_train_I_D1_val_D2_3,three_class_with_air,C-DANN-UDA,learned latent PCA,alcohol,target,target_domain,Period_II,Day 17,17,alcohol\alcohol_66.csv,3.5210040572648316,-3.6060632140926616
S5_train_I_D1_val_D2_3,three_class_with_air,C-DANN-UDA,learned latent PCA,alcohol,target,target_domain,Period_II,Day 17,17,alcohol\alcohol_67.csv,4.38239508136229,-5.945368717651542
S5_train_I_D1_val_D2_3,three_class_with_air,C-DANN-UDA,learned latent PCA,alcohol,target,target_domain,Period_II,Day 17,17,alcohol\alcohol_68.csv,2.185584422289611,-4.596849024426223
S5_train_I_D1_val_D2_3,three_class_with_air,C-DANN-UDA,learned latent PCA,acetone,target,target_domain,Period_III,Day 18,18,acetone\acetone_69.csv,-2.80434903173953,0.3682511949886407
S5_train_I_D1_val_D2_3,three_class_with_air,C-DANN-UDA,learned latent PCA,acetone,target,target_domain,Period_III,Day 18,18,acetone\acetone_70.csv,-5.160460176054304,0.19066468730410926
S5_train_I_D1_val_D2_3,three_class_with_air,C-DANN-UDA,learned latent PCA,acetone,target,target_domain,Period_III,Day 18,18,acetone\acetone_71.csv,-9.855730223801409,1.389632600212068
S5_train_I_D1_val_D2_3,three_class_with_air,C-DANN-UDA,learned latent PCA,acetone,target,target_domain,Period_III,Day 18,18,acetone\acetone_72.csv,-5.453841105940056,0.3371188010737387
S5_train_I_D1_val_D2_3,three_class_with_air,C-DANN-UDA,learned latent PCA,acetone,target,target_domain,Period_III,Day 18,18,acetone\acetone_73.csv,-3.7584105985519285,0.09963211948316235
S5_train_I_D1_val_D2_3,three_class_with_air,C-DANN-UDA,learned latent PCA,acetone,target,target_domain,Period_III,Day 19,19,acetone\acetone_74.csv,-7.586275849767493,-0.4584502747965602
S5_train_I_D1_val_D2_3,three_class_with_air,C-DANN-UDA,learned latent PCA,acetone,target,target_domain,Period_III,Day 19,19,acetone\acetone_75.csv,-8.468553733686626,1.1566665299480194
S5_train_I_D1_val_D2_3,three_class_with_air,C-DANN-UDA,learned latent PCA,acetone,target,target_domain,Period_III,Day 19,19,acetone\acetone_76.csv,-10.979509209989056,0.8310565182805065
S5_train_I_D1_val_D2_3,three_class_with_air,C-DANN-UDA,learned latent PCA,acetone,target,target_domain,Period_III,Day 20,20,acetone\acetone_77.csv,-11.284894576092501,0.7574235793031932
S5_train_I_D1_val_D2_3,three_class_with_air,C-DANN-UDA,learned latent PCA,acetone,target,target_domain,Period_III,Day 20,20,acetone\acetone_78.csv,-11.386658966417876,0.8456648744914638
S5_train_I_D1_val_D2_3,three_class_with_air,C-DANN-UDA,learned latent PCA,acetone,target,target_domain,Period_III,Day 20,20,acetone\acetone_79.csv,-6.125684172112769,0.24291969335100155
S5_train_I_D1_val_D2_3,three_class_with_air,C-DANN-UDA,learned latent PCA,acetone,target,target_domain,Period_III,Day 20,20,acetone\acetone_80.csv,-8.776648903917035,0.8027230338549655
S5_train_I_D1_val_D2_3,three_class_with_air,C-DANN-UDA,learned latent PCA,acetone,target,target_domain,Period_III,Day 21,21,acetone\acetone_81.csv,-10.162945838602596,1.442921666121932
S5_train_I_D1_val_D2_3,three_class_with_air,C-DANN-UDA,learned latent PCA,acetone,target,target_domain,Period_III,Day 21,21,acetone\acetone_82.csv,-7.37505076245549,0.7174038349417277
S5_train_I_D1_val_D2_3,three_class_with_air,C-DANN-UDA,learned latent PCA,acetone,target,target_domain,Period_III,Day 21,21,acetone\acetone_83.csv,-12.347157483064066,1.0872736576444797
S5_train_I_D1_val_D2_3,three_class_with_air,C-DANN-UDA,learned latent PCA,acetone,target,target_domain,Period_III,Day 21,21,acetone\acetone_84.csv,-12.151433122955952,1.7516061312623592
S5_train_I_D1_val_D2_3,three_class_with_air,C-DANN-UDA,learned latent PCA,air,target,target_domain,Period_III,Day 18,18,air\air_49.csv,2.824886271576861,7.70634679717047
S5_train_I_D1_val_D2_3,three_class_with_air,C-DANN-UDA,learned latent PCA,air,target,target_domain,Period_III,Day 18,18,air\air_50.csv,3.9371394255106056,4.258925978135942
S5_train_I_D1_val_D2_3,three_class_with_air,C-DANN-UDA,learned latent PCA,air,target,target_domain,Period_III,Day 18,18,air\air_51.csv,4.3989759387376655,6.0045763650566
S5_train_I_D1_val_D2_3,three_class_with_air,C-DANN-UDA,learned latent PCA,air,target,target_domain,Period_III,Day 18,18,air\air_52.csv,4.03001877331511,5.358625487021413
S5_train_I_D1_val_D2_3,three_class_with_air,C-DANN-UDA,learned latent PCA,air,target,target_domain,Period_III,Day 19,19,air\air_53.csv,2.9011433036172956,-3.429173290201359
S5_train_I_D1_val_D2_3,three_class_with_air,C-DANN-UDA,learned latent PCA,air,target,target_domain,Period_III,Day 19,19,air\air_54.csv,2.713204494739528,6.910979953047134
S5_train_I_D1_val_D2_3,three_class_with_air,C-DANN-UDA,learned latent PCA,air,target,target_domain,Period_III,Day 20,20,air\air_55.csv,3.6599318957580502,4.434329701864189
S5_train_I_D1_val_D2_3,three_class_with_air,C-DANN-UDA,learned latent PCA,air,target,target_domain,Period_III,Day 20,20,air\air_56.csv,2.6169899754881443,-2.386805794949344
S5_train_I_D1_val_D2_3,three_class_with_air,C-DANN-UDA,learned latent PCA,air,target,target_domain,Period_III,Day 20,20,air\air_57.csv,6.1192069552664305,9.094658548171047
S5_train_I_D1_val_D2_3,three_class_with_air,C-DANN-UDA,learned latent PCA,air,target,target_domain,Period_III,Day 20,20,air\air_58.csv,3.581686937308745,4.508156073161377
S5_train_I_D1_val_D2_3,three_class_with_air,C-DANN-UDA,learned latent PCA,air,target,target_domain,Period_III,Day 21,21,air\air_59.csv,2.846610101254214,-5.036049969752589
S5_train_I_D1_val_D2_3,three_class_with_air,C-DANN-UDA,learned latent PCA,air,target,target_domain,Period_III,Day 21,21,air\air_60.csv,5.142745616868209,7.437553612726719
S5_train_I_D1_val_D2_3,three_class_with_air,C-DANN-UDA,learned latent PCA,air,target,target_domain,Period_III,Day 21,21,air\air_61.csv,3.202875650735618,7.877634019567094
S5_train_I_D1_val_D2_3,three_class_with_air,C-DANN-UDA,learned latent PCA,air,target,target_domain,Period_III,Day 21,21,air\air_62.csv,2.2861823138874477,6.689504193445843
S5_train_I_D1_val_D2_3,three_class_with_air,C-DANN-UDA,learned latent PCA,alcohol,target,target_domain,Period_III,Day 18,18,alcohol\alcohol_69.csv,1.967999216535741,-3.277708080978418
S5_train_I_D1_val_D2_3,three_class_with_air,C-DANN-UDA,learned latent PCA,alcohol,target,target_domain,Period_III,Day 18,18,alcohol\alcohol_70.csv,1.056767491428216,-3.853619120339916
S5_train_I_D1_val_D2_3,three_class_with_air,C-DANN-UDA,learned latent PCA,alcohol,target,target_domain,Period_III,Day 18,18,alcohol\alcohol_71.csv,1.2146512032909247,-4.24477088449202
S5_train_I_D1_val_D2_3,three_class_with_air,C-DANN-UDA,learned latent PCA,alcohol,target,target_domain,Period_III,Day 18,18,alcohol\alcohol_72.csv,1.552682749502618,-4.770982061943581
S5_train_I_D1_val_D2_3,three_class_with_air,C-DANN-UDA,learned latent PCA,alcohol,target,target_domain,Period_III,Day 18,18,alcohol\alcohol_73.csv,1.9055890626986438,-4.4933867884960925
S5_train_I_D1_val_D2_3,three_class_with_air,C-DANN-UDA,learned latent PCA,alcohol,target,target_domain,Period_III,Day 19,19,alcohol\alcohol_74.csv,1.4205501886390763,-3.3621773379062003
S5_train_I_D1_val_D2_3,three_class_with_air,C-DANN-UDA,learned latent PCA,alcohol,target,target_domain,Period_III,Day 19,19,alcohol\alcohol_75.csv,3.524451921335532,-5.774187558351899
S5_train_I_D1_val_D2_3,three_class_with_air,C-DANN-UDA,learned latent PCA,alcohol,target,target_domain,Period_III,Day 19,19,alcohol\alcohol_76.csv,1.076383679594518,-3.365986128618513
S5_train_I_D1_val_D2_3,three_class_with_air,C-DANN-UDA,learned latent PCA,alcohol,target,target_domain,Period_III,Day 20,20,alcohol\alcohol_77.csv,2.376920602456029,-4.130526456205791
S5_train_I_D1_val_D2_3,three_class_with_air,C-DANN-UDA,learned latent PCA,alcohol,target,target_domain,Period_III,Day 20,20,alcohol\alcohol_78.csv,3.2030081599222187,-3.7626791255704966
S5_train_I_D1_val_D2_3,three_class_with_air,C-DANN-UDA,learned latent PCA,alcohol,target,target_domain,Period_III,Day 20,20,alcohol\alcohol_79.csv,1.8047619306683804,-3.9053683517668
S5_train_I_D1_val_D2_3,three_class_with_air,C-DANN-UDA,learned latent PCA,alcohol,target,target_domain,Period_III,Day 20,20,alcohol\alcohol_80.csv,1.9509882673883772,-3.7507238737350432
S5_train_I_D1_val_D2_3,three_class_with_air,C-DANN-UDA,learned latent PCA,alcohol,target,target_domain,Period_III,Day 21,21,alcohol\alcohol_81.csv,2.2063657268575807,-5.223557829109158
S5_train_I_D1_val_D2_3,three_class_with_air,C-DANN-UDA,learned latent PCA,alcohol,target,target_domain,Period_III,Day 21,21,alcohol\alcohol_82.csv,-0.08460502831266338,-3.5231388978486446
S5_train_I_D1_val_D2_3,three_class_with_air,C-DANN-UDA,learned latent PCA,alcohol,target,target_domain,Period_III,Day 21,21,alcohol\alcohol_83.csv,1.5139332117439732,-4.4581547366308465
S5_train_I_D1_val_D2_3,three_class_with_air,C-DANN-UDA,learned latent PCA,alcohol,target,target_domain,Period_III,Day 21,21,alcohol\alcohol_84.csv,-0.27281077503541573,-2.7780589733481857
S5_train_I_D1_val_D2_3,three_class_with_air,C-DANN-UDA,learned latent PCA,acetone,target,target_domain,Period_IV,Day 22,22,acetone\acetone_85.csv,2.7596727388097073,-2.4151426431914333
S5_train_I_D1_val_D2_3,three_class_with_air,C-DANN-UDA,learned latent PCA,acetone,target,target_domain,Period_IV,Day 22,22,acetone\acetone_86.csv,2.5224045952526013,-4.661913522415283
S5_train_I_D1_val_D2_3,three_class_with_air,C-DANN-UDA,learned latent PCA,acetone,target,target_domain,Period_IV,Day 22,22,acetone\acetone_87.csv,-3.5342574545515486,-0.806482022376752
S5_train_I_D1_val_D2_3,three_class_with_air,C-DANN-UDA,learned latent PCA,acetone,target,target_domain,Period_IV,Day 22,22,acetone\acetone_88.csv,-7.074293616859649,0.5279065002865478
S5_train_I_D1_val_D2_3,three_class_with_air,C-DANN-UDA,learned latent PCA,acetone,target,target_domain,Period_IV,Day 23,23,acetone\acetone_89.csv,-8.034622653079479,0.005053487737330261
S5_train_I_D1_val_D2_3,three_class_with_air,C-DANN-UDA,learned latent PCA,acetone,target,target_domain,Period_IV,Day 23,23,acetone\acetone_90.csv,-7.814148593879026,1.076691244614826
S5_train_I_D1_val_D2_3,three_class_with_air,C-DANN-UDA,learned latent PCA,acetone,target,target_domain,Period_IV,Day 23,23,acetone\acetone_91.csv,-9.71165759775773,1.0828948308672752
S5_train_I_D1_val_D2_3,three_class_with_air,C-DANN-UDA,learned latent PCA,acetone,target,target_domain,Period_IV,Day 23,23,acetone\acetone_92.csv,-10.093965796980635,1.093022167952563
S5_train_I_D1_val_D2_3,three_class_with_air,C-DANN-UDA,learned latent PCA,acetone,target,target_domain,Period_IV,Day 24,24,acetone\acetone_93.csv,-6.9853738983988025,2.1040578738808997
S5_train_I_D1_val_D2_3,three_class_with_air,C-DANN-UDA,learned latent PCA,acetone,target,target_domain,Period_IV,Day 24,24,acetone\acetone_94.csv,-5.867816826253765,-0.17044055529468435
S5_train_I_D1_val_D2_3,three_class_with_air,C-DANN-UDA,learned latent PCA,acetone,target,target_domain,Period_IV,Day 24,24,acetone\acetone_95.csv,-7.185172184921335,0.1461335245264788
S5_train_I_D1_val_D2_3,three_class_with_air,C-DANN-UDA,learned latent PCA,acetone,target,target_domain,Period_IV,Day 24,24,acetone\acetone_96.csv,-5.411983680422437,0.1544351075749151
S5_train_I_D1_val_D2_3,three_class_with_air,C-DANN-UDA,learned latent PCA,air,target,target_domain,Period_IV,Day 22,22,air\air_63.csv,5.233504796199678,5.535396138240186
S5_train_I_D1_val_D2_3,three_class_with_air,C-DANN-UDA,learned latent PCA,air,target,target_domain,Period_IV,Day 22,22,air\air_64.csv,5.546504942391437,4.112706907884563
S5_train_I_D1_val_D2_3,three_class_with_air,C-DANN-UDA,learned latent PCA,air,target,target_domain,Period_IV,Day 22,22,air\air_65.csv,2.355556326520404,-4.650707817558882
S5_train_I_D1_val_D2_3,three_class_with_air,C-DANN-UDA,learned latent PCA,air,target,target_domain,Period_IV,Day 23,23,air\air_66.csv,1.4626857284021344,4.930438835335087
S5_train_I_D1_val_D2_3,three_class_with_air,C-DANN-UDA,learned latent PCA,air,target,target_domain,Period_IV,Day 23,23,air\air_67.csv,4.506787069319698,7.175391293496857
S5_train_I_D1_val_D2_3,three_class_with_air,C-DANN-UDA,learned latent PCA,air,target,target_domain,Period_IV,Day 23,23,air\air_68.csv,2.8991153103669864,7.623942082670705
S5_train_I_D1_val_D2_3,three_class_with_air,C-DANN-UDA,learned latent PCA,air,target,target_domain,Period_IV,Day 23,23,air\air_69.csv,4.822989653098875,6.134828674066758
S5_train_I_D1_val_D2_3,three_class_with_air,C-DANN-UDA,learned latent PCA,air,target,target_domain,Period_IV,Day 24,24,air\air_70.csv,3.7668548676476585,8.426648372933462
S5_train_I_D1_val_D2_3,three_class_with_air,C-DANN-UDA,learned latent PCA,air,target,target_domain,Period_IV,Day 24,24,air\air_71.csv,2.6726082346102618,4.2407311725914365
S5_train_I_D1_val_D2_3,three_class_with_air,C-DANN-UDA,learned latent PCA,air,target,target_domain,Period_IV,Day 24,24,air\air_72.csv,3.1701326295317895,7.4799851376073985
S5_train_I_D1_val_D2_3,three_class_with_air,C-DANN-UDA,learned latent PCA,alcohol,target,target_domain,Period_IV,Day 22,22,alcohol\alcohol_85.csv,3.629298476035856,-4.483735574470522
S5_train_I_D1_val_D2_3,three_class_with_air,C-DANN-UDA,learned latent PCA,alcohol,target,target_domain,Period_IV,Day 22,22,alcohol\alcohol_86.csv,4.894710668387912,-0.7393163017229364
S5_train_I_D1_val_D2_3,three_class_with_air,C-DANN-UDA,learned latent PCA,alcohol,target,target_domain,Period_IV,Day 22,22,alcohol\alcohol_87.csv,2.8036329417315096,-2.4224896441854766
S5_train_I_D1_val_D2_3,three_class_with_air,C-DANN-UDA,learned latent PCA,alcohol,target,target_domain,Period_IV,Day 22,22,alcohol\alcohol_88.csv,1.6156635656529004,-3.3271483224465563
S5_train_I_D1_val_D2_3,three_class_with_air,C-DANN-UDA,learned latent PCA,alcohol,target,target_domain,Period_IV,Day 23,23,alcohol\alcohol_89.csv,1.2046229399749604,-3.5385067120409763
S5_train_I_D1_val_D2_3,three_class_with_air,C-DANN-UDA,learned latent PCA,alcohol,target,target_domain,Period_IV,Day 23,23,alcohol\alcohol_90.csv,1.8471906630026642,-4.6073413779165655
S5_train_I_D1_val_D2_3,three_class_with_air,C-DANN-UDA,learned latent PCA,alcohol,target,target_domain,Period_IV,Day 23,23,alcohol\alcohol_91.csv,1.999984930702621,-3.8173938486260126
S5_train_I_D1_val_D2_3,three_class_with_air,C-DANN-UDA,learned latent PCA,alcohol,target,target_domain,Period_IV,Day 23,23,alcohol\alcohol_92.csv,1.934610246525479,-5.229300165951488
S5_train_I_D1_val_D2_3,three_class_with_air,C-DANN-UDA,learned latent PCA,alcohol,target,target_domain,Period_IV,Day 24,24,alcohol\alcohol_93.csv,4.212461303644472,-6.857208841111306
S5_train_I_D1_val_D2_3,three_class_with_air,C-DANN-UDA,learned latent PCA,alcohol,target,target_domain,Period_IV,Day 24,24,alcohol\alcohol_94.csv,1.9843627620362272,-4.173728546219904
S5_train_I_D1_val_D2_3,three_class_with_air,C-DANN-UDA,learned latent PCA,alcohol,target,target_domain,Period_IV,Day 24,24,alcohol\alcohol_95.csv,2.4368167695267715,-4.608200383070066
S5_train_I_D1_val_D2_3,three_class_with_air,C-DANN-UDA,learned latent PCA,alcohol,target,target_domain,Period_IV,Day 24,24,alcohol\alcohol_96.csv,1.9870109997093526,-2.6451878812707506
S5_train_I_D1_val_D2_3,three_class_with_air,C-DANN-semi,learned latent PCA,acetone,source,source_train,Period_I,Day 1 afternoon,1,acetone\acetone_o1.csv,-1.0099782982555061,0.4141952462977308
S5_train_I_D1_val_D2_3,three_class_with_air,C-DANN-semi,learned latent PCA,acetone,source,source_train,Period_I,Day 1 afternoon,1,acetone\acetone_o2.csv,-0.8811545917479929,0.4076018774511991
S5_train_I_D1_val_D2_3,three_class_with_air,C-DANN-semi,learned latent PCA,acetone,source,source_train,Period_I,Day 1 afternoon,1,acetone\acetone_o3.csv,-6.227600663635908,-3.36184794800213
S5_train_I_D1_val_D2_3,three_class_with_air,C-DANN-semi,learned latent PCA,acetone,source,source_train,Period_I,Day 2 noon,2,acetone\acetone_o4.csv,-12.958107571390874,-7.220983953528105
S5_train_I_D1_val_D2_3,three_class_with_air,C-DANN-semi,learned latent PCA,acetone,source,source_train,Period_I,Day 2 noon,2,acetone\acetone_o5.csv,-7.999092787882698,-3.9466360495945843
S5_train_I_D1_val_D2_3,three_class_with_air,C-DANN-semi,learned latent PCA,acetone,source,source_train,Period_I,Day 2 noon,2,acetone\acetone_o6.csv,-3.207214972799522,-0.7381489952323359
S5_train_I_D1_val_D2_3,three_class_with_air,C-DANN-semi,learned latent PCA,acetone,source,source_train,Period_I,Day 2 afternoon,2,acetone\acetone_o7.csv,-0.770878991673476,-1.2106809849976525
S5_train_I_D1_val_D2_3,three_class_with_air,C-DANN-semi,learned latent PCA,acetone,source,source_train,Period_I,Day 2 afternoon,2,acetone\acetone_o8.csv,-3.8491648933229,-0.911543770319517
S5_train_I_D1_val_D2_3,three_class_with_air,C-DANN-semi,learned latent PCA,acetone,source,source_train,Period_I,Day 2 afternoon,2,acetone\acetone_o9.csv,-7.210085486127477,-3.3968208048503303
S5_train_I_D1_val_D2_3,three_class_with_air,C-DANN-semi,learned latent PCA,acetone,source,source_train,Period_I,Day 3 noon,3,acetone\acetone_o10.csv,-3.6877746403253764,-0.25372589350594826
S5_train_I_D1_val_D2_3,three_class_with_air,C-DANN-semi,learned latent PCA,acetone,source,source_train,Period_I,Day 3 noon,3,acetone\acetone_o11.csv,-2.304373181024744,-0.506243694817056
S5_train_I_D1_val_D2_3,three_class_with_air,C-DANN-semi,learned latent PCA,acetone,source,source_train,Period_I,Day 3 noon,3,acetone\acetone_o12.csv,-8.633827780744106,-3.8199219966277207
S5_train_I_D1_val_D2_3,three_class_with_air,C-DANN-semi,learned latent PCA,air,source,source_train,Period_I,baseline,0,air\baseline_1.csv,5.998522780207798,-3.5174292185396068
S5_train_I_D1_val_D2_3,three_class_with_air,C-DANN-semi,learned latent PCA,air,source,source_train,Period_I,baseline,0,air\baseline_3.csv,4.404200832422025,-2.653014386219557
S5_train_I_D1_val_D2_3,three_class_with_air,C-DANN-semi,learned latent PCA,air,source,source_train,Period_I,baseline,0,air\baseline_4.csv,5.132375548801662,-3.964368281455749
S5_train_I_D1_val_D2_3,three_class_with_air,C-DANN-semi,learned latent PCA,air,source,source_train,Period_I,baseline,0,air\baseline_5.csv,4.553338495419059,-2.558733703799812
S5_train_I_D1_val_D2_3,three_class_with_air,C-DANN-semi,learned latent PCA,air,source,source_train,Period_I,baseline,0,air\baseline_6.csv,6.064923941992834,-2.768845562350716
S5_train_I_D1_val_D2_3,three_class_with_air,C-DANN-semi,learned latent PCA,air,source,source_train,Period_I,baseline,0,air\baseline_7.csv,5.416058522757687,-3.8771907589256025
S5_train_I_D1_val_D2_3,three_class_with_air,C-DANN-semi,learned latent PCA,alcohol,source,source_train,Period_I,Day 1 afternoon,1,alcohol\alcohol_o1.csv,0.44450572136969324,2.4753027491113855
S5_train_I_D1_val_D2_3,three_class_with_air,C-DANN-semi,learned latent PCA,alcohol,source,source_train,Period_I,Day 1 afternoon,1,alcohol\alcohol_o2.csv,-0.17519908263946862,3.042689037263212
S5_train_I_D1_val_D2_3,three_class_with_air,C-DANN-semi,learned latent PCA,alcohol,source,source_train,Period_I,Day 1 afternoon,1,alcohol\alcohol_o3.csv,0.8014532384643428,1.9678520488787148
S5_train_I_D1_val_D2_3,three_class_with_air,C-DANN-semi,learned latent PCA,alcohol,source,source_train,Period_I,Day 2 noon,2,alcohol\alcohol_o4.csv,0.7170924194194943,2.6225629502682652
S5_train_I_D1_val_D2_3,three_class_with_air,C-DANN-semi,learned latent PCA,alcohol,source,source_train,Period_I,Day 2 noon,2,alcohol\alcohol_o5.csv,1.4719615552042074,2.7161315563616397
S5_train_I_D1_val_D2_3,three_class_with_air,C-DANN-semi,learned latent PCA,alcohol,source,source_train,Period_I,Day 2 noon,2,alcohol\alcohol_o6.csv,1.3822054280483238,2.564897568949562
S5_train_I_D1_val_D2_3,three_class_with_air,C-DANN-semi,learned latent PCA,alcohol,source,source_train,Period_I,Day 2 afternoon,2,alcohol\alcohol_o7.csv,1.6682790173690756,2.6743050340328676
S5_train_I_D1_val_D2_3,three_class_with_air,C-DANN-semi,learned latent PCA,alcohol,source,source_train,Period_I,Day 2 afternoon,2,alcohol\alcohol_o8.csv,0.9221473841509076,3.6665330255995703
S5_train_I_D1_val_D2_3,three_class_with_air,C-DANN-semi,learned latent PCA,alcohol,source,source_train,Period_I,Day 2 afternoon,2,alcohol\alcohol_o9.csv,-0.33234855647122696,4.053496638872662
S5_train_I_D1_val_D2_3,three_class_with_air,C-DANN-semi,learned latent PCA,alcohol,source,source_train,Period_I,Day 3 noon,3,alcohol\alcohol_o10.csv,1.301802335581633,3.2600207434983757
S5_train_I_D1_val_D2_3,three_class_with_air,C-DANN-semi,learned latent PCA,alcohol,source,source_train,Period_I,Day 3 noon,3,alcohol\alcohol_o11.csv,0.8986717145469318,2.240105468885619
S5_train_I_D1_val_D2_3,three_class_with_air,C-DANN-semi,learned latent PCA,alcohol,source,source_train,Period_I,Day 3 noon,3,alcohol\alcohol_o12.csv,0.6185428384748343,3.634329555463272
S5_train_I_D1_val_D2_3,three_class_with_air,C-DANN-semi,learned latent PCA,acetone,target,target_labeled_train,Period_II,Day 1,1,acetone\acetone_1.csv,-5.042136790505497,-2.0945394865487117
S5_train_I_D1_val_D2_3,three_class_with_air,C-DANN-semi,learned latent PCA,acetone,target,target_labeled_train,Period_II,Day 1,1,acetone\acetone_2.csv,-5.946432041509359,-2.092930409232984
S5_train_I_D1_val_D2_3,three_class_with_air,C-DANN-semi,learned latent PCA,acetone,target,target_labeled_train,Period_II,Day 1,1,acetone\acetone_3.csv,-2.2659881381100417,-0.22676071102023063
S5_train_I_D1_val_D2_3,three_class_with_air,C-DANN-semi,learned latent PCA,acetone,target,target_labeled_train,Period_II,Day 1,1,acetone\acetone_4.csv,-8.406454642977556,-4.6420366265896025
S5_train_I_D1_val_D2_3,three_class_with_air,C-DANN-semi,learned latent PCA,acetone,target,target_labeled_train,Period_II,Day 1,1,acetone\acetone_5.csv,-2.7036652359463442,-0.8906697521861514
S5_train_I_D1_val_D2_3,three_class_with_air,C-DANN-semi,learned latent PCA,air,target,target_labeled_train,Period_II,Day 1,1,air\air_1.csv,5.21606780113417,-2.890046188111321
S5_train_I_D1_val_D2_3,three_class_with_air,C-DANN-semi,learned latent PCA,air,target,target_labeled_train,Period_II,Day 1,1,air\air_2.csv,4.124778481342377,-2.4209993909227148
S5_train_I_D1_val_D2_3,three_class_with_air,C-DANN-semi,learned latent PCA,air,target,target_labeled_train,Period_II,Day 1,1,air\reference_1.csv,7.207442022511294,-4.707791308457542
S5_train_I_D1_val_D2_3,three_class_with_air,C-DANN-semi,learned latent PCA,air,target,target_labeled_train,Period_II,Day 1,1,air\reference_2.csv,5.528207291198143,-3.176615528869665
S5_train_I_D1_val_D2_3,three_class_with_air,C-DANN-semi,learned latent PCA,air,target,target_labeled_train,Period_II,Day 1,1,air\reference_3.csv,3.883805067149398,-2.3933221158841134
S5_train_I_D1_val_D2_3,three_class_with_air,C-DANN-semi,learned latent PCA,air,target,target_labeled_train,Period_II,Day 1,1,air\reference_4.csv,6.005935914963445,-4.181406647740903
S5_train_I_D1_val_D2_3,three_class_with_air,C-DANN-semi,learned latent PCA,alcohol,target,target_labeled_train,Period_II,Day 1,1,alcohol\alcohol_1.csv,0.45397223180527974,2.7823322898580254
S5_train_I_D1_val_D2_3,three_class_with_air,C-DANN-semi,learned latent PCA,alcohol,target,target_labeled_train,Period_II,Day 1,1,alcohol\alcohol_2.csv,1.0626788360361166,3.4993877684054873
S5_train_I_D1_val_D2_3,three_class_with_air,C-DANN-semi,learned latent PCA,alcohol,target,target_labeled_train,Period_II,Day 1,1,alcohol\alcohol_3.csv,1.0416955287085443,3.433038894368591
S5_train_I_D1_val_D2_3,three_class_with_air,C-DANN-semi,learned latent PCA,alcohol,target,target_labeled_train,Period_II,Day 1,1,alcohol\alcohol_4.csv,0.8717184659922643,3.220629011940767
S5_train_I_D1_val_D2_3,three_class_with_air,C-DANN-semi,learned latent PCA,alcohol,target,target_labeled_train,Period_II,Day 1,1,alcohol\alcohol_5.csv,0.9563038359825994,2.5344552822845454
S5_train_I_D1_val_D2_3,three_class_with_air,C-DANN-semi,learned latent PCA,acetone,target,target_domain,Period_II,Day 2,2,acetone\acetone_10.csv,-8.649905691301173,-3.1778905671604467
S5_train_I_D1_val_D2_3,three_class_with_air,C-DANN-semi,learned latent PCA,acetone,target,target_domain,Period_II,Day 2,2,acetone\acetone_6.csv,-4.441101114179999,-2.2299498671054896
S5_train_I_D1_val_D2_3,three_class_with_air,C-DANN-semi,learned latent PCA,acetone,target,target_domain,Period_II,Day 2,2,acetone\acetone_7.csv,-5.8319286210675285,-3.131695328122805
S5_train_I_D1_val_D2_3,three_class_with_air,C-DANN-semi,learned latent PCA,acetone,target,target_domain,Period_II,Day 2,2,acetone\acetone_8.csv,-1.1665506524371643,0.20778776609910446
S5_train_I_D1_val_D2_3,three_class_with_air,C-DANN-semi,learned latent PCA,acetone,target,target_domain,Period_II,Day 2,2,acetone\acetone_9.csv,-6.924832936364151,-1.78774056272372
S5_train_I_D1_val_D2_3,three_class_with_air,C-DANN-semi,learned latent PCA,air,target,target_domain,Period_II,Day 2,2,air\air_3.csv,5.6209483961403155,-3.2190677474500404
S5_train_I_D1_val_D2_3,three_class_with_air,C-DANN-semi,learned latent PCA,air,target,target_domain,Period_II,Day 2,2,air\air_4.csv,4.434341847666263,-2.0171268447987956
S5_train_I_D1_val_D2_3,three_class_with_air,C-DANN-semi,learned latent PCA,alcohol,target,target_domain,Period_II,Day 2,2,alcohol\alcohol_10.csv,-0.12858467755593722,3.1039804699270728
S5_train_I_D1_val_D2_3,three_class_with_air,C-DANN-semi,learned latent PCA,alcohol,target,target_domain,Period_II,Day 2,2,alcohol\alcohol_6.csv,-1.1029069173132044,2.8815676462919853
S5_train_I_D1_val_D2_3,three_class_with_air,C-DANN-semi,learned latent PCA,alcohol,target,target_domain,Period_II,Day 2,2,alcohol\alcohol_7.csv,3.4214911535866066,1.1609410362349322
S5_train_I_D1_val_D2_3,three_class_with_air,C-DANN-semi,learned latent PCA,alcohol,target,target_domain,Period_II,Day 2,2,alcohol\alcohol_8.csv,-0.7632862177567761,2.3927054193400488
S5_train_I_D1_val_D2_3,three_class_with_air,C-DANN-semi,learned latent PCA,alcohol,target,target_domain,Period_II,Day 2,2,alcohol\alcohol_9.csv,-1.3639996512316888,2.887930422026547
S5_train_I_D1_val_D2_3,three_class_with_air,C-DANN-semi,learned latent PCA,acetone,target,target_domain,Period_II,Day 3,3,acetone\acetone_11.csv,-0.2209851830689297,0.9842387488253358
S5_train_I_D1_val_D2_3,three_class_with_air,C-DANN-semi,learned latent PCA,acetone,target,target_domain,Period_II,Day 3,3,acetone\acetone_12.csv,-1.1274366199261336,0.6530875130063442
S5_train_I_D1_val_D2_3,three_class_with_air,C-DANN-semi,learned latent PCA,acetone,target,target_domain,Period_II,Day 3,3,acetone\acetone_13.csv,-4.23477741717143,-0.9290166618198753
S5_train_I_D1_val_D2_3,three_class_with_air,C-DANN-semi,learned latent PCA,acetone,target,target_domain,Period_II,Day 3,3,acetone\acetone_14.csv,-1.345756765794413,0.5992231534553579
S5_train_I_D1_val_D2_3,three_class_with_air,C-DANN-semi,learned latent PCA,acetone,target,target_domain,Period_II,Day 3,3,acetone\acetone_15.csv,-1.6063940689324316,0.5333866782587517
S5_train_I_D1_val_D2_3,three_class_with_air,C-DANN-semi,learned latent PCA,acetone,target,target_domain,Period_II,Day 4,4,acetone\acetone_16.csv,-1.848613978907595,1.9348451909223081
S5_train_I_D1_val_D2_3,three_class_with_air,C-DANN-semi,learned latent PCA,acetone,target,target_domain,Period_II,Day 4,4,acetone\acetone_17.csv,-2.97730741611265,-0.3539658143422218
S5_train_I_D1_val_D2_3,three_class_with_air,C-DANN-semi,learned latent PCA,acetone,target,target_domain,Period_II,Day 4,4,acetone\acetone_18.csv,-2.6872031704472117,0.04924028145991687
S5_train_I_D1_val_D2_3,three_class_with_air,C-DANN-semi,learned latent PCA,acetone,target,target_domain,Period_II,Day 4,4,acetone\acetone_19.csv,0.06910550630534623,2.5794261527680407
S5_train_I_D1_val_D2_3,three_class_with_air,C-DANN-semi,learned latent PCA,acetone,target,target_domain,Period_II,Day 4,4,acetone\acetone_20.csv,-2.7878752129257833,1.0426578409098732
S5_train_I_D1_val_D2_3,three_class_with_air,C-DANN-semi,learned latent PCA,acetone,target,target_domain,Period_II,Day 5,5,acetone\acetone_21.csv,-6.513687765315624,-2.669555052331396
S5_train_I_D1_val_D2_3,three_class_with_air,C-DANN-semi,learned latent PCA,acetone,target,target_domain,Period_II,Day 5,5,acetone\acetone_22.csv,-2.5149153687931385,2.6006553693455876
S5_train_I_D1_val_D2_3,three_class_with_air,C-DANN-semi,learned latent PCA,acetone,target,target_domain,Period_II,Day 5,5,acetone\acetone_23.csv,-5.346688864249785,-2.609552535787427
S5_train_I_D1_val_D2_3,three_class_with_air,C-DANN-semi,learned latent PCA,acetone,target,target_domain,Period_II,Day 5,5,acetone\acetone_24.csv,-11.865634842806507,-7.011671158629859
S5_train_I_D1_val_D2_3,three_class_with_air,C-DANN-semi,learned latent PCA,acetone,target,target_domain,Period_II,Day 5,5,acetone\acetone_25.csv,0.605910410789385,1.31728190826836
S5_train_I_D1_val_D2_3,three_class_with_air,C-DANN-semi,learned latent PCA,acetone,target,target_domain,Period_II,Day 6,6,acetone\acetone_26.csv,-2.3599670291269357,0.5007602544466871
S5_train_I_D1_val_D2_3,three_class_with_air,C-DANN-semi,learned latent PCA,acetone,target,target_domain,Period_II,Day 6,6,acetone\acetone_27.csv,-4.176346944159162,-0.6691502602342561
S5_train_I_D1_val_D2_3,three_class_with_air,C-DANN-semi,learned latent PCA,acetone,target,target_domain,Period_II,Day 6,6,acetone\acetone_28.csv,-3.8150115405380234,0.6199669166628629
S5_train_I_D1_val_D2_3,three_class_with_air,C-DANN-semi,learned latent PCA,acetone,target,target_domain,Period_II,Day 6,6,acetone\acetone_29.csv,-3.4534903126336762,0.4767021138898803
S5_train_I_D1_val_D2_3,three_class_with_air,C-DANN-semi,learned latent PCA,acetone,target,target_domain,Period_II,Day 6,6,acetone\acetone_30.csv,-3.8071687363793987,0.8951113241229405
S5_train_I_D1_val_D2_3,three_class_with_air,C-DANN-semi,learned latent PCA,acetone,target,target_domain,Period_II,Day 6,6,acetone\acetone_31.csv,-5.5243669626587115,-2.2781587206294525
S5_train_I_D1_val_D2_3,three_class_with_air,C-DANN-semi,learned latent PCA,acetone,target,target_domain,Period_II,Day 6,6,acetone\acetone_32.csv,-6.708414068243284,-2.563148074888825
S5_train_I_D1_val_D2_3,three_class_with_air,C-DANN-semi,learned latent PCA,acetone,target,target_domain,Period_II,Day 7,7,acetone\acetone_33.csv,-1.3048261393432496,1.8938018624832342
S5_train_I_D1_val_D2_3,three_class_with_air,C-DANN-semi,learned latent PCA,acetone,target,target_domain,Period_II,Day 7,7,acetone\acetone_34.csv,-1.859689042380545,0.8389341604075603
S5_train_I_D1_val_D2_3,three_class_with_air,C-DANN-semi,learned latent PCA,acetone,target,target_domain,Period_II,Day 7,7,acetone\acetone_35.csv,-6.470297315308476,-3.578362682318945
S5_train_I_D1_val_D2_3,three_class_with_air,C-DANN-semi,learned latent PCA,acetone,target,target_domain,Period_II,Day 8,8,acetone\acetone_36.csv,-4.751514953780106,-0.7935474126242076
S5_train_I_D1_val_D2_3,three_class_with_air,C-DANN-semi,learned latent PCA,acetone,target,target_domain,Period_II,Day 8,8,acetone\acetone_37.csv,-0.3969023754904007,0.8869687027245974
S5_train_I_D1_val_D2_3,three_class_with_air,C-DANN-semi,learned latent PCA,acetone,target,target_domain,Period_II,Day 8,8,acetone\acetone_38.csv,0.8005995420775901,1.7097624011993409
S5_train_I_D1_val_D2_3,three_class_with_air,C-DANN-semi,learned latent PCA,acetone,target,target_domain,Period_II,Day 9,9,acetone\acetone_39.csv,-4.695148263775753,-0.4111818131497898
S5_train_I_D1_val_D2_3,three_class_with_air,C-DANN-semi,learned latent PCA,acetone,target,target_domain,Period_II,Day 9,9,acetone\acetone_40.csv,-0.2779843242182029,1.4998203635214862
S5_train_I_D1_val_D2_3,three_class_with_air,C-DANN-semi,learned latent PCA,acetone,target,target_domain,Period_II,Day 9,9,acetone\acetone_41.csv,-5.72034162373691,-0.8852403999699108
S5_train_I_D1_val_D2_3,three_class_with_air,C-DANN-semi,learned latent PCA,acetone,target,target_domain,Period_II,Day 9,9,acetone\acetone_42.csv,-4.12464143733661,-2.014969090222258
S5_train_I_D1_val_D2_3,three_class_with_air,C-DANN-semi,learned latent PCA,acetone,target,target_domain,Period_II,Day 9,9,acetone\acetone_43.csv,-4.880228403511151,-0.5422972726795191
S5_train_I_D1_val_D2_3,three_class_with_air,C-DANN-semi,learned latent PCA,air,target,target_domain,Period_II,Day 3,3,air\air_5.csv,4.479769807474435,-2.0853389923209793
S5_train_I_D1_val_D2_3,three_class_with_air,C-DANN-semi,learned latent PCA,air,target,target_domain,Period_II,Day 3,3,air\air_6.csv,5.7888728881907765,-2.988044986492247
S5_train_I_D1_val_D2_3,three_class_with_air,C-DANN-semi,learned latent PCA,air,target,target_domain,Period_II,Day 3,3,air\reference_5.csv,4.9460176281942365,-2.0043670928666404
S5_train_I_D1_val_D2_3,three_class_with_air,C-DANN-semi,learned latent PCA,air,target,target_domain,Period_II,Day 3,3,air\reference_6.csv,5.34889968584011,-2.857422789960967
S5_train_I_D1_val_D2_3,three_class_with_air,C-DANN-semi,learned latent PCA,air,target,target_domain,Period_II,Day 4,4,air\air_7.csv,2.355558527608648,1.1767846024049626
S5_train_I_D1_val_D2_3,three_class_with_air,C-DANN-semi,learned latent PCA,air,target,target_domain,Period_II,Day 4,4,air\air_8.csv,4.522794834036266,-2.2810754212302715
S5_train_I_D1_val_D2_3,three_class_with_air,C-DANN-semi,learned latent PCA,air,target,target_domain,Period_II,Day 4,4,air\reference_7.csv,4.453462679751028,-2.3564362514853743
S5_train_I_D1_val_D2_3,three_class_with_air,C-DANN-semi,learned latent PCA,air,target,target_domain,Period_II,Day 4,4,air\reference_8.csv,7.610966464233302,-5.0709550242818136
S5_train_I_D1_val_D2_3,three_class_with_air,C-DANN-semi,learned latent PCA,air,target,target_domain,Period_II,Day 5,5,air\air_10.csv,4.160328314719903,-1.8965406664655657
S5_train_I_D1_val_D2_3,three_class_with_air,C-DANN-semi,learned latent PCA,air,target,target_domain,Period_II,Day 5,5,air\air_9.csv,5.614654921362557,-3.400022347997127
S5_train_I_D1_val_D2_3,three_class_with_air,C-DANN-semi,learned latent PCA,air,target,target_domain,Period_II,Day 6,6,air\air_11.csv,4.264623471454109,-2.320708227425401
S5_train_I_D1_val_D2_3,three_class_with_air,C-DANN-semi,learned latent PCA,air,target,target_domain,Period_II,Day 6,6,air\air_12.csv,6.641314309334238,-5.042254642755981
S5_train_I_D1_val_D2_3,three_class_with_air,C-DANN-semi,learned latent PCA,air,target,target_domain,Period_II,Day 6,6,air\air_13.csv,6.65473176777028,-4.331902704450511
S5_train_I_D1_val_D2_3,three_class_with_air,C-DANN-semi,learned latent PCA,air,target,target_domain,Period_II,Day 8,8,air\air_14.csv,5.780644033583085,-3.81408453281886
S5_train_I_D1_val_D2_3,three_class_with_air,C-DANN-semi,learned latent PCA,air,target,target_domain,Period_II,Day 8,8,air\air_15.csv,5.289765678235527,-2.297999814470897
S5_train_I_D1_val_D2_3,three_class_with_air,C-DANN-semi,learned latent PCA,air,target,target_domain,Period_II,Day 8,8,air\reference_9.csv,2.4676668265852078,-2.1171735147822517
S5_train_I_D1_val_D2_3,three_class_with_air,C-DANN-semi,learned latent PCA,air,target,target_domain,Period_II,Day 9,9,air\air_16.csv,5.031248980762092,-1.6839967942194145
S5_train_I_D1_val_D2_3,three_class_with_air,C-DANN-semi,learned latent PCA,air,target,target_domain,Period_II,Day 9,9,air\air_17.csv,5.43408853932133,-3.4738663655457946
S5_train_I_D1_val_D2_3,three_class_with_air,C-DANN-semi,learned latent PCA,alcohol,target,target_domain,Period_II,Day 3,3,alcohol\alcohol_11.csv,-0.30370542082189766,3.1372353592267075
S5_train_I_D1_val_D2_3,three_class_with_air,C-DANN-semi,learned latent PCA,alcohol,target,target_domain,Period_II,Day 3,3,alcohol\alcohol_12.csv,0.8551862231320637,2.9940092219143986
S5_train_I_D1_val_D2_3,three_class_with_air,C-DANN-semi,learned latent PCA,alcohol,target,target_domain,Period_II,Day 3,3,alcohol\alcohol_13.csv,-0.5456275331143077,3.035000332038091
S5_train_I_D1_val_D2_3,three_class_with_air,C-DANN-semi,learned latent PCA,alcohol,target,target_domain,Period_II,Day 3,3,alcohol\alcohol_14.csv,-0.9744611255279682,2.496416314492268
S5_train_I_D1_val_D2_3,three_class_with_air,C-DANN-semi,learned latent PCA,alcohol,target,target_domain,Period_II,Day 3,3,alcohol\alcohol_15.csv,-1.2154053443905282,2.0340221917199917
S5_train_I_D1_val_D2_3,three_class_with_air,C-DANN-semi,learned latent PCA,alcohol,target,target_domain,Period_II,Day 4,4,alcohol\alcohol_16.csv,1.1565626665072852,2.4705521406947435
S5_train_I_D1_val_D2_3,three_class_with_air,C-DANN-semi,learned latent PCA,alcohol,target,target_domain,Period_II,Day 4,4,alcohol\alcohol_17.csv,1.998343291280043,1.8757935271403328
S5_train_I_D1_val_D2_3,three_class_with_air,C-DANN-semi,learned latent PCA,alcohol,target,target_domain,Period_II,Day 4,4,alcohol\alcohol_18.csv,1.2415992978989152,3.1490009065613678
S5_train_I_D1_val_D2_3,three_class_with_air,C-DANN-semi,learned latent PCA,alcohol,target,target_domain,Period_II,Day 4,4,alcohol\alcohol_19.csv,1.2682139319100154,2.674678246355566
S5_train_I_D1_val_D2_3,three_class_with_air,C-DANN-semi,learned latent PCA,alcohol,target,target_domain,Period_II,Day 4,4,alcohol\alcohol_20.csv,0.699643043807198,3.7026857764602186
S5_train_I_D1_val_D2_3,three_class_with_air,C-DANN-semi,learned latent PCA,alcohol,target,target_domain,Period_II,Day 5,5,alcohol\alcohol_21.csv,1.303656634826771,3.0934438857199504
S5_train_I_D1_val_D2_3,three_class_with_air,C-DANN-semi,learned latent PCA,alcohol,target,target_domain,Period_II,Day 5,5,alcohol\alcohol_22.csv,-0.5040203723469275,3.2917724232151606
S5_train_I_D1_val_D2_3,three_class_with_air,C-DANN-semi,learned latent PCA,alcohol,target,target_domain,Period_II,Day 5,5,alcohol\alcohol_23.csv,-10.961199497196835,-4.881074705209706
S5_train_I_D1_val_D2_3,three_class_with_air,C-DANN-semi,learned latent PCA,alcohol,target,target_domain,Period_II,Day 5,5,alcohol\alcohol_24.csv,0.5012133816763197,3.047967498561249
S5_train_I_D1_val_D2_3,three_class_with_air,C-DANN-semi,learned latent PCA,alcohol,target,target_domain,Period_II,Day 5,5,alcohol\alcohol_25.csv,1.646939618685835,2.3987427380733615
S5_train_I_D1_val_D2_3,three_class_with_air,C-DANN-semi,learned latent PCA,alcohol,target,target_domain,Period_II,Day 6,6,alcohol\alcohol_26.csv,1.059721944554938,2.9889695323745022
S5_train_I_D1_val_D2_3,three_class_with_air,C-DANN-semi,learned latent PCA,alcohol,target,target_domain,Period_II,Day 6,6,alcohol\alcohol_27.csv,0.6623259969046755,3.4543765455161437
S5_train_I_D1_val_D2_3,three_class_with_air,C-DANN-semi,learned latent PCA,alcohol,target,target_domain,Period_II,Day 6,6,alcohol\alcohol_28.csv,-0.002903079996358397,3.4958036898942404
S5_train_I_D1_val_D2_3,three_class_with_air,C-DANN-semi,learned latent PCA,alcohol,target,target_domain,Period_II,Day 6,6,alcohol\alcohol_29.csv,0.2666922780198969,2.671796282900163
S5_train_I_D1_val_D2_3,three_class_with_air,C-DANN-semi,learned latent PCA,alcohol,target,target_domain,Period_II,Day 6,6,alcohol\alcohol_30.csv,0.08373668152199491,3.4084796639702457
S5_train_I_D1_val_D2_3,three_class_with_air,C-DANN-semi,learned latent PCA,alcohol,target,target_domain,Period_II,Day 6,6,alcohol\alcohol_31.csv,0.12285610854501874,3.008779855221404
S5_train_I_D1_val_D2_3,three_class_with_air,C-DANN-semi,learned latent PCA,alcohol,target,target_domain,Period_II,Day 6,6,alcohol\alcohol_32.csv,-0.20185679481568322,4.037924837242438
S5_train_I_D1_val_D2_3,three_class_with_air,C-DANN-semi,learned latent PCA,alcohol,target,target_domain,Period_II,Day 7,7,alcohol\alcohol_33.csv,-1.3228408865488221,2.44239226579662
S5_train_I_D1_val_D2_3,three_class_with_air,C-DANN-semi,learned latent PCA,alcohol,target,target_domain,Period_II,Day 7,7,alcohol\alcohol_34.csv,-0.5777011395690261,2.598155986777244
S5_train_I_D1_val_D2_3,three_class_with_air,C-DANN-semi,learned latent PCA,alcohol,target,target_domain,Period_II,Day 7,7,alcohol\alcohol_35.csv,-0.3837216547637069,2.8922682789144414
S5_train_I_D1_val_D2_3,three_class_with_air,C-DANN-semi,learned latent PCA,alcohol,target,target_domain,Period_II,Day 8,8,alcohol\alcohol_36.csv,2.3715300707176024,1.9819607203167864
S5_train_I_D1_val_D2_3,three_class_with_air,C-DANN-semi,learned latent PCA,alcohol,target,target_domain,Period_II,Day 8,8,alcohol\alcohol_37.csv,1.1703922449258684,3.438830946462152
S5_train_I_D1_val_D2_3,three_class_with_air,C-DANN-semi,learned latent PCA,alcohol,target,target_domain,Period_II,Day 8,8,alcohol\alcohol_38.csv,0.6429762426942104,3.28246191900017
S5_train_I_D1_val_D2_3,three_class_with_air,C-DANN-semi,learned latent PCA,alcohol,target,target_domain,Period_II,Day 9,9,alcohol\alcohol_39.csv,1.5258190927775168,3.8642194276493367
S5_train_I_D1_val_D2_3,three_class_with_air,C-DANN-semi,learned latent PCA,alcohol,target,target_domain,Period_II,Day 9,9,alcohol\alcohol_40.csv,-1.2411548065783737,3.537195884569659
S5_train_I_D1_val_D2_3,three_class_with_air,C-DANN-semi,learned latent PCA,alcohol,target,target_domain,Period_II,Day 9,9,alcohol\alcohol_41.csv,2.8814471794766545,1.4256087032376872
S5_train_I_D1_val_D2_3,three_class_with_air,C-DANN-semi,learned latent PCA,alcohol,target,target_domain,Period_II,Day 9,9,alcohol\alcohol_42.csv,0.19906937303451241,2.7953272225053443
S5_train_I_D1_val_D2_3,three_class_with_air,C-DANN-semi,learned latent PCA,alcohol,target,target_domain,Period_II,Day 9,9,alcohol\alcohol_43.csv,0.2506543594052444,3.1453467265640347
S5_train_I_D1_val_D2_3,three_class_with_air,C-DANN-semi,learned latent PCA,acetone,target,target_domain,Period_II,Day 10,10,acetone\acetone_44.csv,-6.170880271651371,-2.8057153418320233
S5_train_I_D1_val_D2_3,three_class_with_air,C-DANN-semi,learned latent PCA,acetone,target,target_domain,Period_II,Day 10,10,acetone\acetone_45.csv,-0.7148250779719163,1.2781029802799184
S5_train_I_D1_val_D2_3,three_class_with_air,C-DANN-semi,learned latent PCA,acetone,target,target_domain,Period_II,Day 10,10,acetone\acetone_46.csv,-2.064989467381404,0.62848078696515
S5_train_I_D1_val_D2_3,three_class_with_air,C-DANN-semi,learned latent PCA,acetone,target,target_domain,Period_II,Day 10,10,acetone\acetone_47.csv,-1.2483876196823125,2.0560409405658757
S5_train_I_D1_val_D2_3,three_class_with_air,C-DANN-semi,learned latent PCA,acetone,target,target_domain,Period_II,Day 11,11,acetone\acetone_48.csv,-3.065497410052947,0.7960354617362349
S5_train_I_D1_val_D2_3,three_class_with_air,C-DANN-semi,learned latent PCA,acetone,target,target_domain,Period_II,Day 11,11,acetone\acetone_49.csv,-4.488364682844252,-1.8742284377376317
S5_train_I_D1_val_D2_3,three_class_with_air,C-DANN-semi,learned latent PCA,acetone,target,target_domain,Period_II,Day 11,11,acetone\acetone_50.csv,-1.076593099119838,2.039629016142482
S5_train_I_D1_val_D2_3,three_class_with_air,C-DANN-semi,learned latent PCA,acetone,target,target_domain,Period_II,Day 11,11,acetone\acetone_51.csv,-1.3334481878948907,1.0845216704958633
S5_train_I_D1_val_D2_3,three_class_with_air,C-DANN-semi,learned latent PCA,acetone,target,target_domain,Period_II,Day 12,12,acetone\acetone_52.csv,-2.4324892926267867,-0.07180297422648692
S5_train_I_D1_val_D2_3,three_class_with_air,C-DANN-semi,learned latent PCA,acetone,target,target_domain,Period_II,Day 12,12,acetone\acetone_53.csv,-0.19314832145804903,1.2903897590702555
S5_train_I_D1_val_D2_3,three_class_with_air,C-DANN-semi,learned latent PCA,acetone,target,target_domain,Period_II,Day 12,12,acetone\acetone_54.csv,2.1667708316850933,0.25648622940269006
S5_train_I_D1_val_D2_3,three_class_with_air,C-DANN-semi,learned latent PCA,acetone,target,target_domain,Period_II,Day 12,12,acetone\acetone_55.csv,-2.42634750432058,1.753458040904019
S5_train_I_D1_val_D2_3,three_class_with_air,C-DANN-semi,learned latent PCA,acetone,target,target_domain,Period_II,Day 13,13,acetone\acetone_56.csv,-0.22378462520186534,0.7992107214797471
S5_train_I_D1_val_D2_3,three_class_with_air,C-DANN-semi,learned latent PCA,acetone,target,target_domain,Period_II,Day 13,13,acetone\acetone_57.csv,-5.920399909058922,-1.171734788641309
S5_train_I_D1_val_D2_3,three_class_with_air,C-DANN-semi,learned latent PCA,acetone,target,target_domain,Period_II,Day 14,14,acetone\acetone_58.csv,-2.317724328445283,0.329693607373144
S5_train_I_D1_val_D2_3,three_class_with_air,C-DANN-semi,learned latent PCA,acetone,target,target_domain,Period_II,Day 14,14,acetone\acetone_59.csv,-1.3016365475473748,1.0864255700249097
S5_train_I_D1_val_D2_3,three_class_with_air,C-DANN-semi,learned latent PCA,acetone,target,target_domain,Period_II,Day 14,14,acetone\acetone_60.csv,-6.226717526350425,-2.271613474687521
S5_train_I_D1_val_D2_3,three_class_with_air,C-DANN-semi,learned latent PCA,acetone,target,target_domain,Period_II,Day 15,15,acetone\acetone_61.csv,0.6449155976879376,1.7531848678017494
S5_train_I_D1_val_D2_3,three_class_with_air,C-DANN-semi,learned latent PCA,acetone,target,target_domain,Period_II,Day 15,15,acetone\acetone_62.csv,-1.6451621795372113,1.8465727468710202
S5_train_I_D1_val_D2_3,three_class_with_air,C-DANN-semi,learned latent PCA,acetone,target,target_domain,Period_II,Day 15,15,acetone\acetone_63.csv,1.4541485523413238,1.4324227125490172
S5_train_I_D1_val_D2_3,three_class_with_air,C-DANN-semi,learned latent PCA,acetone,target,target_domain,Period_II,Day 17,17,acetone\acetone_64.csv,-3.170545120213727,0.6723565380039855
S5_train_I_D1_val_D2_3,three_class_with_air,C-DANN-semi,learned latent PCA,acetone,target,target_domain,Period_II,Day 17,17,acetone\acetone_65.csv,-0.2101044413267816,1.2730910750676163
S5_train_I_D1_val_D2_3,three_class_with_air,C-DANN-semi,learned latent PCA,acetone,target,target_domain,Period_II,Day 17,17,acetone\acetone_66.csv,1.7393210547627502,1.607797812593202
S5_train_I_D1_val_D2_3,three_class_with_air,C-DANN-semi,learned latent PCA,acetone,target,target_domain,Period_II,Day 17,17,acetone\acetone_67.csv,-3.662196679118852,0.08344696485658892
S5_train_I_D1_val_D2_3,three_class_with_air,C-DANN-semi,learned latent PCA,acetone,target,target_domain,Period_II,Day 17,17,acetone\acetone_68.csv,-4.152040585513804,-1.165992706167404
S5_train_I_D1_val_D2_3,three_class_with_air,C-DANN-semi,learned latent PCA,air,target,target_domain,Period_II,Day 10,10,air\air_18.csv,5.477931204335986,-3.3041911133207766
S5_train_I_D1_val_D2_3,three_class_with_air,C-DANN-semi,learned latent PCA,air,target,target_domain,Period_II,Day 10,10,air\air_19.csv,4.0054903382632,-0.725988115108857
S5_train_I_D1_val_D2_3,three_class_with_air,C-DANN-semi,learned latent PCA,air,target,target_domain,Period_II,Day 11,11,air\air_20.csv,2.6807630229170445,1.3082890204079842
S5_train_I_D1_val_D2_3,three_class_with_air,C-DANN-semi,learned latent PCA,air,target,target_domain,Period_II,Day 11,11,air\air_21.csv,5.997953208997047,-4.90817882481721
S5_train_I_D1_val_D2_3,three_class_with_air,C-DANN-semi,learned latent PCA,air,target,target_domain,Period_II,Day 12,12,air\air_22.csv,3.0957672550733992,-0.9076503746750978
S5_train_I_D1_val_D2_3,three_class_with_air,C-DANN-semi,learned latent PCA,air,target,target_domain,Period_II,Day 12,12,air\air_23.csv,4.7341461244249174,-2.3715092733947554
S5_train_I_D1_val_D2_3,three_class_with_air,C-DANN-semi,learned latent PCA,air,target,target_domain,Period_II,Day 13,13,air\air_24.csv,5.227530087142905,-3.978808475773516
S5_train_I_D1_val_D2_3,three_class_with_air,C-DANN-semi,learned latent PCA,air,target,target_domain,Period_II,Day 13,13,air\air_25.csv,4.171525603275759,-2.0513651482921262
S5_train_I_D1_val_D2_3,three_class_with_air,C-DANN-semi,learned latent PCA,air,target,target_domain,Period_II,Day 13,13,air\air_26.csv,6.569345085047382,-3.9117558176602634
S5_train_I_D1_val_D2_3,three_class_with_air,C-DANN-semi,learned latent PCA,air,target,target_domain,Period_II,Day 13,13,air\air_27.csv,5.220291931252214,-3.156308072808939
S5_train_I_D1_val_D2_3,three_class_with_air,C-DANN-semi,learned latent PCA,air,target,target_domain,Period_II,Day 13,13,air\air_28.csv,2.7770174399126155,-0.4841747221048413
S5_train_I_D1_val_D2_3,three_class_with_air,C-DANN-semi,learned latent PCA,air,target,target_domain,Period_II,Day 14,14,air\air_29.csv,5.194766620397702,-3.213108298156716
S5_train_I_D1_val_D2_3,three_class_with_air,C-DANN-semi,learned latent PCA,air,target,target_domain,Period_II,Day 14,14,air\air_30.csv,3.645493153282272,-0.7433140240926837
S5_train_I_D1_val_D2_3,three_class_with_air,C-DANN-semi,learned latent PCA,air,target,target_domain,Period_II,Day 14,14,air\air_31.csv,4.786828292408643,-3.521816473101647
S5_train_I_D1_val_D2_3,three_class_with_air,C-DANN-semi,learned latent PCA,air,target,target_domain,Period_II,Day 14,14,air\air_32.csv,5.105059015309231,-2.6350471010967316
S5_train_I_D1_val_D2_3,three_class_with_air,C-DANN-semi,learned latent PCA,air,target,target_domain,Period_II,Day 14,14,air\air_33.csv,6.972039588316577,-4.579138461130754
S5_train_I_D1_val_D2_3,three_class_with_air,C-DANN-semi,learned latent PCA,air,target,target_domain,Period_II,Day 14,14,air\air_34.csv,6.915643111873865,-4.705442574948295
S5_train_I_D1_val_D2_3,three_class_with_air,C-DANN-semi,learned latent PCA,air,target,target_domain,Period_II,Day 15,15,air\air_35.csv,4.513247596392017,-1.6714944438425297
S5_train_I_D1_val_D2_3,three_class_with_air,C-DANN-semi,learned latent PCA,air,target,target_domain,Period_II,Day 15,15,air\air_36.csv,2.6010121821025693,0.7529501898591188
S5_train_I_D1_val_D2_3,three_class_with_air,C-DANN-semi,learned latent PCA,air,target,target_domain,Period_II,Day 15,15,air\air_37.csv,5.633658570013806,-2.8492496665239457
S5_train_I_D1_val_D2_3,three_class_with_air,C-DANN-semi,learned latent PCA,air,target,target_domain,Period_II,Day 15,15,air\air_38.csv,4.049776566979893,-1.496236767986142
S5_train_I_D1_val_D2_3,three_class_with_air,C-DANN-semi,learned latent PCA,air,target,target_domain,Period_II,Day 15,15,air\air_39.csv,5.1983292816530335,-2.4872733969316605
S5_train_I_D1_val_D2_3,three_class_with_air,C-DANN-semi,learned latent PCA,air,target,target_domain,Period_II,Day 15,15,air\air_40.csv,5.413299057958879,-2.7199740765704368
S5_train_I_D1_val_D2_3,three_class_with_air,C-DANN-semi,learned latent PCA,air,target,target_domain,Period_II,Day 16,16,air\air_41.csv,-2.5149066363625416,3.092572101774285
S5_train_I_D1_val_D2_3,three_class_with_air,C-DANN-semi,learned latent PCA,air,target,target_domain,Period_II,Day 16,16,air\air_42.csv,5.383249255961205,-3.5232973985755516
S5_train_I_D1_val_D2_3,three_class_with_air,C-DANN-semi,learned latent PCA,air,target,target_domain,Period_II,Day 16,16,air\air_43.csv,0.10094889689325115,3.5156205726082463
S5_train_I_D1_val_D2_3,three_class_with_air,C-DANN-semi,learned latent PCA,air,target,target_domain,Period_II,Day 16,16,air\air_44.csv,5.281776372372468,-2.9130249217331303
S5_train_I_D1_val_D2_3,three_class_with_air,C-DANN-semi,learned latent PCA,air,target,target_domain,Period_II,Day 17,17,air\air_45.csv,7.142940931901005,-5.144113518294273
S5_train_I_D1_val_D2_3,three_class_with_air,C-DANN-semi,learned latent PCA,air,target,target_domain,Period_II,Day 17,17,air\air_46.csv,4.089251080164457,-1.5725017094802798
S5_train_I_D1_val_D2_3,three_class_with_air,C-DANN-semi,learned latent PCA,air,target,target_domain,Period_II,Day 17,17,air\air_47.csv,4.886008966155938,-2.410275606298336
S5_train_I_D1_val_D2_3,three_class_with_air,C-DANN-semi,learned latent PCA,air,target,target_domain,Period_II,Day 17,17,air\air_48.csv,5.630280700027638,-2.9415969426599404
S5_train_I_D1_val_D2_3,three_class_with_air,C-DANN-semi,learned latent PCA,alcohol,target,target_domain,Period_II,Day 10,10,alcohol\alcohol_44.csv,-0.7507894438863392,2.8609570395913377
S5_train_I_D1_val_D2_3,three_class_with_air,C-DANN-semi,learned latent PCA,alcohol,target,target_domain,Period_II,Day 10,10,alcohol\alcohol_45.csv,0.35726571165150633,2.832257152806748
S5_train_I_D1_val_D2_3,three_class_with_air,C-DANN-semi,learned latent PCA,alcohol,target,target_domain,Period_II,Day 10,10,alcohol\alcohol_46.csv,-0.12463649377933411,2.994456117216105
S5_train_I_D1_val_D2_3,three_class_with_air,C-DANN-semi,learned latent PCA,alcohol,target,target_domain,Period_II,Day 10,10,alcohol\alcohol_47.csv,-1.7383580383140271,1.5330221759788893
S5_train_I_D1_val_D2_3,three_class_with_air,C-DANN-semi,learned latent PCA,alcohol,target,target_domain,Period_II,Day 11,11,alcohol\alcohol_48.csv,-0.5828636729975549,3.512905205761864
S5_train_I_D1_val_D2_3,three_class_with_air,C-DANN-semi,learned latent PCA,alcohol,target,target_domain,Period_II,Day 11,11,alcohol\alcohol_49.csv,-1.8502982353099673,1.4004435273981821
S5_train_I_D1_val_D2_3,three_class_with_air,C-DANN-semi,learned latent PCA,alcohol,target,target_domain,Period_II,Day 11,11,alcohol\alcohol_50.csv,0.24063511946616506,3.466206830278811
S5_train_I_D1_val_D2_3,three_class_with_air,C-DANN-semi,learned latent PCA,alcohol,target,target_domain,Period_II,Day 11,11,alcohol\alcohol_51.csv,-0.37265556752721735,2.1758762843836337
S5_train_I_D1_val_D2_3,three_class_with_air,C-DANN-semi,learned latent PCA,alcohol,target,target_domain,Period_II,Day 12,12,alcohol\alcohol_52.csv,0.897070715108147,0.789803540909904
S5_train_I_D1_val_D2_3,three_class_with_air,C-DANN-semi,learned latent PCA,alcohol,target,target_domain,Period_II,Day 12,12,alcohol\alcohol_53.csv,0.19854436106754675,2.361266806578358
S5_train_I_D1_val_D2_3,three_class_with_air,C-DANN-semi,learned latent PCA,alcohol,target,target_domain,Period_II,Day 12,12,alcohol\alcohol_54.csv,1.5790312882547146,1.3031331025486372
S5_train_I_D1_val_D2_3,three_class_with_air,C-DANN-semi,learned latent PCA,alcohol,target,target_domain,Period_II,Day 12,12,alcohol\alcohol_55.csv,0.14945544130247637,2.2978664843858745
S5_train_I_D1_val_D2_3,three_class_with_air,C-DANN-semi,learned latent PCA,alcohol,target,target_domain,Period_II,Day 13,13,alcohol\alcohol_56.csv,0.9899010778115802,2.238932248605141
S5_train_I_D1_val_D2_3,three_class_with_air,C-DANN-semi,learned latent PCA,alcohol,target,target_domain,Period_II,Day 13,13,alcohol\alcohol_57.csv,1.3323468332302915,1.7844723835066252
S5_train_I_D1_val_D2_3,three_class_with_air,C-DANN-semi,learned latent PCA,alcohol,target,target_domain,Period_II,Day 14,14,alcohol\alcohol_58.csv,-0.3576217291828158,4.4871315917850545
S5_train_I_D1_val_D2_3,three_class_with_air,C-DANN-semi,learned latent PCA,alcohol,target,target_domain,Period_II,Day 14,14,alcohol\alcohol_59.csv,-0.4196593322578048,2.611813539851952
S5_train_I_D1_val_D2_3,three_class_with_air,C-DANN-semi,learned latent PCA,alcohol,target,target_domain,Period_II,Day 14,14,alcohol\alcohol_60.csv,-1.8518403593171038,2.043917243603897
S5_train_I_D1_val_D2_3,three_class_with_air,C-DANN-semi,learned latent PCA,alcohol,target,target_domain,Period_II,Day 15,15,alcohol\alcohol_61.csv,1.2364314702352628,2.3945631998137613
S5_train_I_D1_val_D2_3,three_class_with_air,C-DANN-semi,learned latent PCA,alcohol,target,target_domain,Period_II,Day 15,15,alcohol\alcohol_62.csv,0.8780179873662937,3.4679788215622973
S5_train_I_D1_val_D2_3,three_class_with_air,C-DANN-semi,learned latent PCA,alcohol,target,target_domain,Period_II,Day 15,15,alcohol\alcohol_63.csv,-0.009826653663970421,5.016939454362505
S5_train_I_D1_val_D2_3,three_class_with_air,C-DANN-semi,learned latent PCA,alcohol,target,target_domain,Period_II,Day 17,17,alcohol\alcohol_64.csv,1.6674542521933318,3.521130566591105
S5_train_I_D1_val_D2_3,three_class_with_air,C-DANN-semi,learned latent PCA,alcohol,target,target_domain,Period_II,Day 17,17,alcohol\alcohol_65.csv,0.9243243407663132,2.5477167906879052
S5_train_I_D1_val_D2_3,three_class_with_air,C-DANN-semi,learned latent PCA,alcohol,target,target_domain,Period_II,Day 17,17,alcohol\alcohol_66.csv,1.3099936126940406,2.801333218242912
S5_train_I_D1_val_D2_3,three_class_with_air,C-DANN-semi,learned latent PCA,alcohol,target,target_domain,Period_II,Day 17,17,alcohol\alcohol_67.csv,0.03711222454421643,4.820351398956931
S5_train_I_D1_val_D2_3,three_class_with_air,C-DANN-semi,learned latent PCA,alcohol,target,target_domain,Period_II,Day 17,17,alcohol\alcohol_68.csv,0.41957326407978784,4.1966948085469475
S5_train_I_D1_val_D2_3,three_class_with_air,C-DANN-semi,learned latent PCA,acetone,target,target_domain,Period_III,Day 18,18,acetone\acetone_69.csv,-1.0693952909446178,1.5791707536760615
S5_train_I_D1_val_D2_3,three_class_with_air,C-DANN-semi,learned latent PCA,acetone,target,target_domain,Period_III,Day 18,18,acetone\acetone_70.csv,-4.2167385800432235,-0.4375266497162873
S5_train_I_D1_val_D2_3,three_class_with_air,C-DANN-semi,learned latent PCA,acetone,target,target_domain,Period_III,Day 18,18,acetone\acetone_71.csv,-6.919215556527285,-2.852241495086575
S5_train_I_D1_val_D2_3,three_class_with_air,C-DANN-semi,learned latent PCA,acetone,target,target_domain,Period_III,Day 18,18,acetone\acetone_72.csv,-2.7091024410729947,-0.3283348047914334
S5_train_I_D1_val_D2_3,three_class_with_air,C-DANN-semi,learned latent PCA,acetone,target,target_domain,Period_III,Day 18,18,acetone\acetone_73.csv,-2.405022920837678,0.9958053168669673
S5_train_I_D1_val_D2_3,three_class_with_air,C-DANN-semi,learned latent PCA,acetone,target,target_domain,Period_III,Day 19,19,acetone\acetone_74.csv,-6.307180510067423,-0.7977904388759655
S5_train_I_D1_val_D2_3,three_class_with_air,C-DANN-semi,learned latent PCA,acetone,target,target_domain,Period_III,Day 19,19,acetone\acetone_75.csv,-7.956981166320743,-3.0151333984750863
S5_train_I_D1_val_D2_3,three_class_with_air,C-DANN-semi,learned latent PCA,acetone,target,target_domain,Period_III,Day 19,19,acetone\acetone_76.csv,-8.538025177928157,-4.654460414178124
S5_train_I_D1_val_D2_3,three_class_with_air,C-DANN-semi,learned latent PCA,acetone,target,target_domain,Period_III,Day 20,20,acetone\acetone_77.csv,-10.984778825757727,-6.380172212780649
S5_train_I_D1_val_D2_3,three_class_with_air,C-DANN-semi,learned latent PCA,acetone,target,target_domain,Period_III,Day 20,20,acetone\acetone_78.csv,-9.233841488450926,-4.9265761543393864
S5_train_I_D1_val_D2_3,three_class_with_air,C-DANN-semi,learned latent PCA,acetone,target,target_domain,Period_III,Day 20,20,acetone\acetone_79.csv,-4.6237997650913005,-1.3007922949394812
S5_train_I_D1_val_D2_3,three_class_with_air,C-DANN-semi,learned latent PCA,acetone,target,target_domain,Period_III,Day 20,20,acetone\acetone_80.csv,-9.285705231238921,-5.187859266272566
S5_train_I_D1_val_D2_3,three_class_with_air,C-DANN-semi,learned latent PCA,acetone,target,target_domain,Period_III,Day 21,21,acetone\acetone_81.csv,-7.578909841040333,-3.574014994832289
S5_train_I_D1_val_D2_3,three_class_with_air,C-DANN-semi,learned latent PCA,acetone,target,target_domain,Period_III,Day 21,21,acetone\acetone_82.csv,-3.5441080680904533,-1.4421018385505868
S5_train_I_D1_val_D2_3,three_class_with_air,C-DANN-semi,learned latent PCA,acetone,target,target_domain,Period_III,Day 21,21,acetone\acetone_83.csv,-8.178192620925081,-4.178991012611205
S5_train_I_D1_val_D2_3,three_class_with_air,C-DANN-semi,learned latent PCA,acetone,target,target_domain,Period_III,Day 21,21,acetone\acetone_84.csv,-15.131015475965482,-8.77492375219661
S5_train_I_D1_val_D2_3,three_class_with_air,C-DANN-semi,learned latent PCA,air,target,target_domain,Period_III,Day 18,18,air\air_49.csv,5.4502506925294245,-3.6646391016069497
S5_train_I_D1_val_D2_3,three_class_with_air,C-DANN-semi,learned latent PCA,air,target,target_domain,Period_III,Day 18,18,air\air_50.csv,5.260309927745196,-2.549607685862968
S5_train_I_D1_val_D2_3,three_class_with_air,C-DANN-semi,learned latent PCA,air,target,target_domain,Period_III,Day 18,18,air\air_51.csv,5.684502917461468,-2.678704826812379
S5_train_I_D1_val_D2_3,three_class_with_air,C-DANN-semi,learned latent PCA,air,target,target_domain,Period_III,Day 18,18,air\air_52.csv,5.497076587692092,-2.4512493299817306
S5_train_I_D1_val_D2_3,three_class_with_air,C-DANN-semi,learned latent PCA,air,target,target_domain,Period_III,Day 19,19,air\air_53.csv,0.15675520260209908,2.4416259675972594
S5_train_I_D1_val_D2_3,three_class_with_air,C-DANN-semi,learned latent PCA,air,target,target_domain,Period_III,Day 19,19,air\air_54.csv,5.821777368616416,-4.293539439383216
S5_train_I_D1_val_D2_3,three_class_with_air,C-DANN-semi,learned latent PCA,air,target,target_domain,Period_III,Day 20,20,air\air_55.csv,5.328608762377826,-2.6650451835352853
S5_train_I_D1_val_D2_3,three_class_with_air,C-DANN-semi,learned latent PCA,air,target,target_domain,Period_III,Day 20,20,air\air_56.csv,1.8902891872233243,1.8345082477111818
S5_train_I_D1_val_D2_3,three_class_with_air,C-DANN-semi,learned latent PCA,air,target,target_domain,Period_III,Day 20,20,air\air_57.csv,7.4241175597112425,-5.228209713627835
S5_train_I_D1_val_D2_3,three_class_with_air,C-DANN-semi,learned latent PCA,air,target,target_domain,Period_III,Day 20,20,air\air_58.csv,5.166864983367185,-2.5077842183930645
S5_train_I_D1_val_D2_3,three_class_with_air,C-DANN-semi,learned latent PCA,air,target,target_domain,Period_III,Day 21,21,air\air_59.csv,-0.297041901357357,3.5572280807447347
S5_train_I_D1_val_D2_3,three_class_with_air,C-DANN-semi,learned latent PCA,air,target,target_domain,Period_III,Day 21,21,air\air_60.csv,6.594156249910682,-4.632649724887184
S5_train_I_D1_val_D2_3,three_class_with_air,C-DANN-semi,learned latent PCA,air,target,target_domain,Period_III,Day 21,21,air\air_61.csv,5.909746681093817,-4.315921515201665
S5_train_I_D1_val_D2_3,three_class_with_air,C-DANN-semi,learned latent PCA,air,target,target_domain,Period_III,Day 21,21,air\air_62.csv,4.9483528098633425,-3.0670514277096133
S5_train_I_D1_val_D2_3,three_class_with_air,C-DANN-semi,learned latent PCA,alcohol,target,target_domain,Period_III,Day 18,18,alcohol\alcohol_69.csv,1.0791323779328403,3.0059455978744314
S5_train_I_D1_val_D2_3,three_class_with_air,C-DANN-semi,learned latent PCA,alcohol,target,target_domain,Period_III,Day 18,18,alcohol\alcohol_70.csv,-0.5479278932869291,3.6131960616796457
S5_train_I_D1_val_D2_3,three_class_with_air,C-DANN-semi,learned latent PCA,alcohol,target,target_domain,Period_III,Day 18,18,alcohol\alcohol_71.csv,0.4962957201261564,3.5133771202875868
S5_train_I_D1_val_D2_3,three_class_with_air,C-DANN-semi,learned latent PCA,alcohol,target,target_domain,Period_III,Day 18,18,alcohol\alcohol_72.csv,0.47578696149784633,3.615735232876005
S5_train_I_D1_val_D2_3,three_class_with_air,C-DANN-semi,learned latent PCA,alcohol,target,target_domain,Period_III,Day 18,18,alcohol\alcohol_73.csv,-0.5314560920777512,3.748963777016757
S5_train_I_D1_val_D2_3,three_class_with_air,C-DANN-semi,learned latent PCA,alcohol,target,target_domain,Period_III,Day 19,19,alcohol\alcohol_74.csv,-0.48687402347995756,2.6499495681540184
S5_train_I_D1_val_D2_3,three_class_with_air,C-DANN-semi,learned latent PCA,alcohol,target,target_domain,Period_III,Day 19,19,alcohol\alcohol_75.csv,-1.0008618517778132,4.121007339514334
S5_train_I_D1_val_D2_3,three_class_with_air,C-DANN-semi,learned latent PCA,alcohol,target,target_domain,Period_III,Day 19,19,alcohol\alcohol_76.csv,-0.25669657928172834,3.0993107963917015
S5_train_I_D1_val_D2_3,three_class_with_air,C-DANN-semi,learned latent PCA,alcohol,target,target_domain,Period_III,Day 20,20,alcohol\alcohol_77.csv,-0.7099406030392886,3.984700065045172
S5_train_I_D1_val_D2_3,three_class_with_air,C-DANN-semi,learned latent PCA,alcohol,target,target_domain,Period_III,Day 20,20,alcohol\alcohol_78.csv,0.07088990793246995,3.2709692144816707
S5_train_I_D1_val_D2_3,three_class_with_air,C-DANN-semi,learned latent PCA,alcohol,target,target_domain,Period_III,Day 20,20,alcohol\alcohol_79.csv,-0.922250770379928,3.277234398046552
S5_train_I_D1_val_D2_3,three_class_with_air,C-DANN-semi,learned latent PCA,alcohol,target,target_domain,Period_III,Day 20,20,alcohol\alcohol_80.csv,-0.9486480075699544,3.205556794389484
S5_train_I_D1_val_D2_3,three_class_with_air,C-DANN-semi,learned latent PCA,alcohol,target,target_domain,Period_III,Day 21,21,alcohol\alcohol_81.csv,0.658679107218798,3.5848308568886376
S5_train_I_D1_val_D2_3,three_class_with_air,C-DANN-semi,learned latent PCA,alcohol,target,target_domain,Period_III,Day 21,21,alcohol\alcohol_82.csv,0.13073525974421282,2.8704430035811432
S5_train_I_D1_val_D2_3,three_class_with_air,C-DANN-semi,learned latent PCA,alcohol,target,target_domain,Period_III,Day 21,21,alcohol\alcohol_83.csv,0.16334855461725817,3.654794813232353
S5_train_I_D1_val_D2_3,three_class_with_air,C-DANN-semi,learned latent PCA,alcohol,target,target_domain,Period_III,Day 21,21,alcohol\alcohol_84.csv,-1.361166191285721,3.133907719113969
S5_train_I_D1_val_D2_3,three_class_with_air,C-DANN-semi,learned latent PCA,acetone,target,target_domain,Period_IV,Day 22,22,acetone\acetone_85.csv,1.6598694495413868,2.409843719771643
S5_train_I_D1_val_D2_3,three_class_with_air,C-DANN-semi,learned latent PCA,acetone,target,target_domain,Period_IV,Day 22,22,acetone\acetone_86.csv,-0.5770047197950665,3.3998212347146333
S5_train_I_D1_val_D2_3,three_class_with_air,C-DANN-semi,learned latent PCA,acetone,target,target_domain,Period_IV,Day 22,22,acetone\acetone_87.csv,-5.306144253663369,1.6516962669766049
S5_train_I_D1_val_D2_3,three_class_with_air,C-DANN-semi,learned latent PCA,acetone,target,target_domain,Period_IV,Day 22,22,acetone\acetone_88.csv,-5.846269922255974,-1.900944064716738
S5_train_I_D1_val_D2_3,three_class_with_air,C-DANN-semi,learned latent PCA,acetone,target,target_domain,Period_IV,Day 23,23,acetone\acetone_89.csv,-7.88967748089491,-4.186560347827967
S5_train_I_D1_val_D2_3,three_class_with_air,C-DANN-semi,learned latent PCA,acetone,target,target_domain,Period_IV,Day 23,23,acetone\acetone_90.csv,-5.881433298015158,-1.6064974911184107
S5_train_I_D1_val_D2_3,three_class_with_air,C-DANN-semi,learned latent PCA,acetone,target,target_domain,Period_IV,Day 23,23,acetone\acetone_91.csv,-8.939304229199807,-4.104367782983466
S5_train_I_D1_val_D2_3,three_class_with_air,C-DANN-semi,learned latent PCA,acetone,target,target_domain,Period_IV,Day 23,23,acetone\acetone_92.csv,-11.243655622954828,-5.687938809553525
S5_train_I_D1_val_D2_3,three_class_with_air,C-DANN-semi,learned latent PCA,acetone,target,target_domain,Period_IV,Day 24,24,acetone\acetone_93.csv,-5.58359886003695,-1.8786964676600768
S5_train_I_D1_val_D2_3,three_class_with_air,C-DANN-semi,learned latent PCA,acetone,target,target_domain,Period_IV,Day 24,24,acetone\acetone_94.csv,-2.2959682252910207,-0.12674667658675992
S5_train_I_D1_val_D2_3,three_class_with_air,C-DANN-semi,learned latent PCA,acetone,target,target_domain,Period_IV,Day 24,24,acetone\acetone_95.csv,-6.247279202585967,-2.895652151829027
S5_train_I_D1_val_D2_3,three_class_with_air,C-DANN-semi,learned latent PCA,acetone,target,target_domain,Period_IV,Day 24,24,acetone\acetone_96.csv,-4.973499748497781,-1.2751598021830228
S5_train_I_D1_val_D2_3,three_class_with_air,C-DANN-semi,learned latent PCA,air,target,target_domain,Period_IV,Day 22,22,air\air_63.csv,6.283888425089442,-3.3303717185019615
S5_train_I_D1_val_D2_3,three_class_with_air,C-DANN-semi,learned latent PCA,air,target,target_domain,Period_IV,Day 22,22,air\air_64.csv,5.184945326419926,-2.309294853816407
S5_train_I_D1_val_D2_3,three_class_with_air,C-DANN-semi,learned latent PCA,air,target,target_domain,Period_IV,Day 22,22,air\air_65.csv,-1.055501623881377,4.3607512552326515
S5_train_I_D1_val_D2_3,three_class_with_air,C-DANN-semi,learned latent PCA,air,target,target_domain,Period_IV,Day 23,23,air\air_66.csv,4.4480201416778335,-2.593673763422795
S5_train_I_D1_val_D2_3,three_class_with_air,C-DANN-semi,learned latent PCA,air,target,target_domain,Period_IV,Day 23,23,air\air_67.csv,5.903434137248933,-3.4241050454861424
S5_train_I_D1_val_D2_3,three_class_with_air,C-DANN-semi,learned latent PCA,air,target,target_domain,Period_IV,Day 23,23,air\air_68.csv,5.465655005144288,-3.608997446639791
S5_train_I_D1_val_D2_3,three_class_with_air,C-DANN-semi,learned latent PCA,air,target,target_domain,Period_IV,Day 23,23,air\air_69.csv,5.840241240307913,-3.198762889835111
S5_train_I_D1_val_D2_3,three_class_with_air,C-DANN-semi,learned latent PCA,air,target,target_domain,Period_IV,Day 24,24,air\air_70.csv,6.019902878827107,-4.143820336424696
S5_train_I_D1_val_D2_3,three_class_with_air,C-DANN-semi,learned latent PCA,air,target,target_domain,Period_IV,Day 24,24,air\air_71.csv,4.588096010255278,-2.5011203930482075
S5_train_I_D1_val_D2_3,three_class_with_air,C-DANN-semi,learned latent PCA,air,target,target_domain,Period_IV,Day 24,24,air\air_72.csv,5.466560919034992,-3.4053280763806106
S5_train_I_D1_val_D2_3,three_class_with_air,C-DANN-semi,learned latent PCA,alcohol,target,target_domain,Period_IV,Day 22,22,alcohol\alcohol_85.csv,1.1187665387539274,3.0358091642897866
S5_train_I_D1_val_D2_3,three_class_with_air,C-DANN-semi,learned latent PCA,alcohol,target,target_domain,Period_IV,Day 22,22,alcohol\alcohol_86.csv,2.268255193840193,1.7727111471268355
S5_train_I_D1_val_D2_3,three_class_with_air,C-DANN-semi,learned latent PCA,alcohol,target,target_domain,Period_IV,Day 22,22,alcohol\alcohol_87.csv,2.27109168024291,2.697928458989721
S5_train_I_D1_val_D2_3,three_class_with_air,C-DANN-semi,learned latent PCA,alcohol,target,target_domain,Period_IV,Day 22,22,alcohol\alcohol_88.csv,-0.9019365436276788,2.8447409989954164
S5_train_I_D1_val_D2_3,three_class_with_air,C-DANN-semi,learned latent PCA,alcohol,target,target_domain,Period_IV,Day 23,23,alcohol\alcohol_89.csv,-0.8037725069320524,2.4316502606556516
S5_train_I_D1_val_D2_3,three_class_with_air,C-DANN-semi,learned latent PCA,alcohol,target,target_domain,Period_IV,Day 23,23,alcohol\alcohol_90.csv,-0.8215647350560564,3.2252475929734694
S5_train_I_D1_val_D2_3,three_class_with_air,C-DANN-semi,learned latent PCA,alcohol,target,target_domain,Period_IV,Day 23,23,alcohol\alcohol_91.csv,-0.35311789099468294,2.7882463666726904
S5_train_I_D1_val_D2_3,three_class_with_air,C-DANN-semi,learned latent PCA,alcohol,target,target_domain,Period_IV,Day 23,23,alcohol\alcohol_92.csv,-0.5789125281033322,3.9627573249017605
S5_train_I_D1_val_D2_3,three_class_with_air,C-DANN-semi,learned latent PCA,alcohol,target,target_domain,Period_IV,Day 24,24,alcohol\alcohol_93.csv,-0.7858917173004396,4.543615231680754
S5_train_I_D1_val_D2_3,three_class_with_air,C-DANN-semi,learned latent PCA,alcohol,target,target_domain,Period_IV,Day 24,24,alcohol\alcohol_94.csv,0.320152899004569,3.5725284358911567
S5_train_I_D1_val_D2_3,three_class_with_air,C-DANN-semi,learned latent PCA,alcohol,target,target_domain,Period_IV,Day 24,24,alcohol\alcohol_95.csv,0.4885623648922443,3.273229811834519
S5_train_I_D1_val_D2_3,three_class_with_air,C-DANN-semi,learned latent PCA,alcohol,target,target_domain,Period_IV,Day 24,24,alcohol\alcohol_96.csv,-0.04293878309692001,3.135647950887907
S6_train_I_D1_2_val_D3_5,three_class_with_air,C-DANN-UDA,learned latent PCA,acetone,source,source_train,Period_I,Day 1 afternoon,1,acetone\acetone_o1.csv,-0.8679480425169069,-0.6401872774645743
S6_train_I_D1_2_val_D3_5,three_class_with_air,C-DANN-UDA,learned latent PCA,acetone,source,source_train,Period_I,Day 1 afternoon,1,acetone\acetone_o2.csv,0.10494840137678701,0.34988287018690895
S6_train_I_D1_2_val_D3_5,three_class_with_air,C-DANN-UDA,learned latent PCA,acetone,source,source_train,Period_I,Day 1 afternoon,1,acetone\acetone_o3.csv,4.839425978828388,0.263098602219659
S6_train_I_D1_2_val_D3_5,three_class_with_air,C-DANN-UDA,learned latent PCA,acetone,source,source_train,Period_I,Day 2 noon,2,acetone\acetone_o4.csv,6.01981963709258,3.220354946269635
S6_train_I_D1_2_val_D3_5,three_class_with_air,C-DANN-UDA,learned latent PCA,acetone,source,source_train,Period_I,Day 2 noon,2,acetone\acetone_o5.csv,6.914832947380552,4.259679814669895
S6_train_I_D1_2_val_D3_5,three_class_with_air,C-DANN-UDA,learned latent PCA,acetone,source,source_train,Period_I,Day 2 noon,2,acetone\acetone_o6.csv,4.468606327496877,0.44012677669350514
S6_train_I_D1_2_val_D3_5,three_class_with_air,C-DANN-UDA,learned latent PCA,acetone,source,source_train,Period_I,Day 2 afternoon,2,acetone\acetone_o7.csv,-0.15400807436335665,0.4045601100326811
S6_train_I_D1_2_val_D3_5,three_class_with_air,C-DANN-UDA,learned latent PCA,acetone,source,source_train,Period_I,Day 2 afternoon,2,acetone\acetone_o8.csv,3.7301414388451732,-0.4526091084731314
S6_train_I_D1_2_val_D3_5,three_class_with_air,C-DANN-UDA,learned latent PCA,acetone,source,source_train,Period_I,Day 2 afternoon,2,acetone\acetone_o9.csv,6.102077803039625,2.702977539002124
S6_train_I_D1_2_val_D3_5,three_class_with_air,C-DANN-UDA,learned latent PCA,acetone,source,source_train,Period_I,Day 3 noon,3,acetone\acetone_o10.csv,3.727782154938256,-0.7318327110936196
S6_train_I_D1_2_val_D3_5,three_class_with_air,C-DANN-UDA,learned latent PCA,acetone,source,source_train,Period_I,Day 3 noon,3,acetone\acetone_o11.csv,2.826076786764445,-1.8722690064297516
S6_train_I_D1_2_val_D3_5,three_class_with_air,C-DANN-UDA,learned latent PCA,acetone,source,source_train,Period_I,Day 3 noon,3,acetone\acetone_o12.csv,9.12505973357766,7.705125430151527
S6_train_I_D1_2_val_D3_5,three_class_with_air,C-DANN-UDA,learned latent PCA,air,source,source_train,Period_I,baseline,0,air\baseline_1.csv,-7.275317380644866,2.564009322700217
S6_train_I_D1_2_val_D3_5,three_class_with_air,C-DANN-UDA,learned latent PCA,air,source,source_train,Period_I,baseline,0,air\baseline_3.csv,-2.9116242283717884,1.7583316345837017
S6_train_I_D1_2_val_D3_5,three_class_with_air,C-DANN-UDA,learned latent PCA,air,source,source_train,Period_I,baseline,0,air\baseline_4.csv,-3.818364788164678,4.624440627009931
S6_train_I_D1_2_val_D3_5,three_class_with_air,C-DANN-UDA,learned latent PCA,air,source,source_train,Period_I,baseline,0,air\baseline_5.csv,-4.156685915814298,0.5935194583740145
S6_train_I_D1_2_val_D3_5,three_class_with_air,C-DANN-UDA,learned latent PCA,air,source,source_train,Period_I,baseline,0,air\baseline_6.csv,-7.8050642386307345,3.4707554427502836
S6_train_I_D1_2_val_D3_5,three_class_with_air,C-DANN-UDA,learned latent PCA,air,source,source_train,Period_I,baseline,0,air\baseline_7.csv,-4.449706308623703,2.1863517755612136
S6_train_I_D1_2_val_D3_5,three_class_with_air,C-DANN-UDA,learned latent PCA,alcohol,source,source_train,Period_I,Day 1 afternoon,1,alcohol\alcohol_o1.csv,-2.839428702030681,-2.7795783049463845
S6_train_I_D1_2_val_D3_5,three_class_with_air,C-DANN-UDA,learned latent PCA,alcohol,source,source_train,Period_I,Day 1 afternoon,1,alcohol\alcohol_o2.csv,-1.3161049246021177,-3.377912759927451
S6_train_I_D1_2_val_D3_5,three_class_with_air,C-DANN-UDA,learned latent PCA,alcohol,source,source_train,Period_I,Day 1 afternoon,1,alcohol\alcohol_o3.csv,-0.9589819069286079,-2.266937079031331
S6_train_I_D1_2_val_D3_5,three_class_with_air,C-DANN-UDA,learned latent PCA,alcohol,source,source_train,Period_I,Day 2 noon,2,alcohol\alcohol_o4.csv,-5.273538573233952,-0.4327021552157576
S6_train_I_D1_2_val_D3_5,three_class_with_air,C-DANN-UDA,learned latent PCA,alcohol,source,source_train,Period_I,Day 2 noon,2,alcohol\alcohol_o5.csv,-3.248346249617315,-1.7229799080033654
S6_train_I_D1_2_val_D3_5,three_class_with_air,C-DANN-UDA,learned latent PCA,alcohol,source,source_train,Period_I,Day 2 noon,2,alcohol\alcohol_o6.csv,-3.2888039026828784,-1.4341822604362764
S6_train_I_D1_2_val_D3_5,three_class_with_air,C-DANN-UDA,learned latent PCA,alcohol,source,source_train,Period_I,Day 2 afternoon,2,alcohol\alcohol_o7.csv,-2.4108216857318934,-3.0758286941308097
S6_train_I_D1_2_val_D3_5,three_class_with_air,C-DANN-UDA,learned latent PCA,alcohol,source,source_train,Period_I,Day 2 afternoon,2,alcohol\alcohol_o8.csv,-2.974441677728625,-1.8125131030240558
S6_train_I_D1_2_val_D3_5,three_class_with_air,C-DANN-UDA,learned latent PCA,alcohol,source,source_train,Period_I,Day 2 afternoon,2,alcohol\alcohol_o9.csv,-0.5025688027169541,-2.5985073137513677
S6_train_I_D1_2_val_D3_5,three_class_with_air,C-DANN-UDA,learned latent PCA,alcohol,source,source_train,Period_I,Day 3 noon,3,alcohol\alcohol_o10.csv,-0.6413881388326164,-3.884480117701024
S6_train_I_D1_2_val_D3_5,three_class_with_air,C-DANN-UDA,learned latent PCA,alcohol,source,source_train,Period_I,Day 3 noon,3,alcohol\alcohol_o11.csv,-0.18467724304756594,-3.7810403573851508
S6_train_I_D1_2_val_D3_5,three_class_with_air,C-DANN-UDA,learned latent PCA,alcohol,source,source_train,Period_I,Day 3 noon,3,alcohol\alcohol_o12.csv,-1.615254900745376,-3.2737386696824635
S6_train_I_D1_2_val_D3_5,three_class_with_air,C-DANN-UDA,learned latent PCA,acetone,target,target_labeled_train,Period_II,Day 1,1,acetone\acetone_1.csv,7.504011302607367,5.403489355887101
S6_train_I_D1_2_val_D3_5,three_class_with_air,C-DANN-UDA,learned latent PCA,acetone,target,target_labeled_train,Period_II,Day 1,1,acetone\acetone_2.csv,8.727020337414094,6.921645595340748
S6_train_I_D1_2_val_D3_5,three_class_with_air,C-DANN-UDA,learned latent PCA,acetone,target,target_labeled_train,Period_II,Day 1,1,acetone\acetone_3.csv,3.5852326237052687,-0.4978986119877699
S6_train_I_D1_2_val_D3_5,three_class_with_air,C-DANN-UDA,learned latent PCA,acetone,target,target_labeled_train,Period_II,Day 1,1,acetone\acetone_4.csv,7.336260147308245,4.404573635254096
S6_train_I_D1_2_val_D3_5,three_class_with_air,C-DANN-UDA,learned latent PCA,acetone,target,target_labeled_train,Period_II,Day 1,1,acetone\acetone_5.csv,3.065532104520117,-1.4681003976665474
S6_train_I_D1_2_val_D3_5,three_class_with_air,C-DANN-UDA,learned latent PCA,acetone,target,target_labeled_train,Period_II,Day 2,2,acetone\acetone_10.csv,5.942808969718505,2.608548905314451
S6_train_I_D1_2_val_D3_5,three_class_with_air,C-DANN-UDA,learned latent PCA,acetone,target,target_labeled_train,Period_II,Day 2,2,acetone\acetone_6.csv,4.16815433158017,-0.19268261938458559
S6_train_I_D1_2_val_D3_5,three_class_with_air,C-DANN-UDA,learned latent PCA,acetone,target,target_labeled_train,Period_II,Day 2,2,acetone\acetone_7.csv,5.53951011806274,1.4625802547538393
S6_train_I_D1_2_val_D3_5,three_class_with_air,C-DANN-UDA,learned latent PCA,acetone,target,target_labeled_train,Period_II,Day 2,2,acetone\acetone_8.csv,2.9925850121542856,-0.5218820585982273
S6_train_I_D1_2_val_D3_5,three_class_with_air,C-DANN-UDA,learned latent PCA,acetone,target,target_labeled_train,Period_II,Day 2,2,acetone\acetone_9.csv,6.307654164129211,2.7342526909508025
S6_train_I_D1_2_val_D3_5,three_class_with_air,C-DANN-UDA,learned latent PCA,air,target,target_labeled_train,Period_II,Day 1,1,air\air_1.csv,-7.55582901935755,2.718305216757776
S6_train_I_D1_2_val_D3_5,three_class_with_air,C-DANN-UDA,learned latent PCA,air,target,target_labeled_train,Period_II,Day 1,1,air\air_2.csv,-2.7049964063483207,-0.3949144533571554
S6_train_I_D1_2_val_D3_5,three_class_with_air,C-DANN-UDA,learned latent PCA,air,target,target_labeled_train,Period_II,Day 1,1,air\reference_1.csv,-6.765455041117474,2.3804476786005924
S6_train_I_D1_2_val_D3_5,three_class_with_air,C-DANN-UDA,learned latent PCA,air,target,target_labeled_train,Period_II,Day 1,1,air\reference_2.csv,-5.121984460711796,-0.04185754440499019
S6_train_I_D1_2_val_D3_5,three_class_with_air,C-DANN-UDA,learned latent PCA,air,target,target_labeled_train,Period_II,Day 1,1,air\reference_3.csv,-3.637225891094887,9.687463838836434
S6_train_I_D1_2_val_D3_5,three_class_with_air,C-DANN-UDA,learned latent PCA,air,target,target_labeled_train,Period_II,Day 1,1,air\reference_4.csv,-5.188174518115893,2.8684856186302214
S6_train_I_D1_2_val_D3_5,three_class_with_air,C-DANN-UDA,learned latent PCA,air,target,target_labeled_train,Period_II,Day 2,2,air\air_3.csv,-7.214539062409684,2.2088599514558163
S6_train_I_D1_2_val_D3_5,three_class_with_air,C-DANN-UDA,learned latent PCA,air,target,target_labeled_train,Period_II,Day 2,2,air\air_4.csv,-7.441697141965206,1.141208927213618
S6_train_I_D1_2_val_D3_5,three_class_with_air,C-DANN-UDA,learned latent PCA,alcohol,target,target_labeled_train,Period_II,Day 1,1,alcohol\alcohol_1.csv,2.523359955073771,-2.1991310179950587
S6_train_I_D1_2_val_D3_5,three_class_with_air,C-DANN-UDA,learned latent PCA,alcohol,target,target_labeled_train,Period_II,Day 1,1,alcohol\alcohol_2.csv,3.1398479153945362,-1.7744762858179153
S6_train_I_D1_2_val_D3_5,three_class_with_air,C-DANN-UDA,learned latent PCA,alcohol,target,target_labeled_train,Period_II,Day 1,1,alcohol\alcohol_3.csv,2.0022609428839946,-3.0918144261849285
S6_train_I_D1_2_val_D3_5,three_class_with_air,C-DANN-UDA,learned latent PCA,alcohol,target,target_labeled_train,Period_II,Day 1,1,alcohol\alcohol_4.csv,1.2955862631197446,-1.1074509176054108
S6_train_I_D1_2_val_D3_5,three_class_with_air,C-DANN-UDA,learned latent PCA,alcohol,target,target_labeled_train,Period_II,Day 1,1,alcohol\alcohol_5.csv,0.7143905636748211,-4.05831821066853
S6_train_I_D1_2_val_D3_5,three_class_with_air,C-DANN-UDA,learned latent PCA,alcohol,target,target_labeled_train,Period_II,Day 2,2,alcohol\alcohol_10.csv,3.9977037523056893,-0.7829211072142209
S6_train_I_D1_2_val_D3_5,three_class_with_air,C-DANN-UDA,learned latent PCA,alcohol,target,target_labeled_train,Period_II,Day 2,2,alcohol\alcohol_6.csv,3.108180441645835,-2.1467863434685026
S6_train_I_D1_2_val_D3_5,three_class_with_air,C-DANN-UDA,learned latent PCA,alcohol,target,target_labeled_train,Period_II,Day 2,2,alcohol\alcohol_7.csv,-2.902284828243473,-0.33140552385901556
S6_train_I_D1_2_val_D3_5,three_class_with_air,C-DANN-UDA,learned latent PCA,alcohol,target,target_labeled_train,Period_II,Day 2,2,alcohol\alcohol_8.csv,0.9427449197030154,-2.1899911727233023
S6_train_I_D1_2_val_D3_5,three_class_with_air,C-DANN-UDA,learned latent PCA,alcohol,target,target_labeled_train,Period_II,Day 2,2,alcohol\alcohol_9.csv,3.0566185212274934,-1.705566062961591
S6_train_I_D1_2_val_D3_5,three_class_with_air,C-DANN-UDA,learned latent PCA,acetone,target,target_domain,Period_II,Day 3,3,acetone\acetone_11.csv,0.47804696110927936,0.0672631999888914
S6_train_I_D1_2_val_D3_5,three_class_with_air,C-DANN-UDA,learned latent PCA,acetone,target,target_domain,Period_II,Day 3,3,acetone\acetone_12.csv,1.2564304275905906,-0.471741294509036
S6_train_I_D1_2_val_D3_5,three_class_with_air,C-DANN-UDA,learned latent PCA,acetone,target,target_domain,Period_II,Day 3,3,acetone\acetone_13.csv,4.192926129872003,-0.2902851787307798
S6_train_I_D1_2_val_D3_5,three_class_with_air,C-DANN-UDA,learned latent PCA,acetone,target,target_domain,Period_II,Day 3,3,acetone\acetone_14.csv,0.269971316128998,-0.24371993114541654
S6_train_I_D1_2_val_D3_5,three_class_with_air,C-DANN-UDA,learned latent PCA,acetone,target,target_domain,Period_II,Day 3,3,acetone\acetone_15.csv,3.375776214629014,-1.0711122466209546
S6_train_I_D1_2_val_D3_5,three_class_with_air,C-DANN-UDA,learned latent PCA,acetone,target,target_domain,Period_II,Day 4,4,acetone\acetone_16.csv,1.0331123719804158,-1.0532664427965737
S6_train_I_D1_2_val_D3_5,three_class_with_air,C-DANN-UDA,learned latent PCA,acetone,target,target_domain,Period_II,Day 4,4,acetone\acetone_17.csv,2.996799217937197,-1.154825956017098
S6_train_I_D1_2_val_D3_5,three_class_with_air,C-DANN-UDA,learned latent PCA,acetone,target,target_domain,Period_II,Day 4,4,acetone\acetone_18.csv,3.202047516586894,-1.284009067674487
S6_train_I_D1_2_val_D3_5,three_class_with_air,C-DANN-UDA,learned latent PCA,acetone,target,target_domain,Period_II,Day 4,4,acetone\acetone_19.csv,-1.8691007210445614,-1.398220196224197
S6_train_I_D1_2_val_D3_5,three_class_with_air,C-DANN-UDA,learned latent PCA,acetone,target,target_domain,Period_II,Day 4,4,acetone\acetone_20.csv,0.9194267404985901,-1.2186438302597056
S6_train_I_D1_2_val_D3_5,three_class_with_air,C-DANN-UDA,learned latent PCA,acetone,target,target_domain,Period_II,Day 5,5,acetone\acetone_21.csv,6.2264331858599835,2.384484489934294
S6_train_I_D1_2_val_D3_5,three_class_with_air,C-DANN-UDA,learned latent PCA,acetone,target,target_domain,Period_II,Day 5,5,acetone\acetone_22.csv,3.5169023722223542,-1.6526874002797192
S6_train_I_D1_2_val_D3_5,three_class_with_air,C-DANN-UDA,learned latent PCA,acetone,target,target_domain,Period_II,Day 5,5,acetone\acetone_23.csv,5.079429468159523,0.7150375919726664
S6_train_I_D1_2_val_D3_5,three_class_with_air,C-DANN-UDA,learned latent PCA,acetone,target,target_domain,Period_II,Day 5,5,acetone\acetone_24.csv,6.790283119061698,3.6271350816104744
S6_train_I_D1_2_val_D3_5,three_class_with_air,C-DANN-UDA,learned latent PCA,acetone,target,target_domain,Period_II,Day 5,5,acetone\acetone_25.csv,1.5738472488588913,-3.6855462590566814
S6_train_I_D1_2_val_D3_5,three_class_with_air,C-DANN-UDA,learned latent PCA,acetone,target,target_domain,Period_II,Day 6,6,acetone\acetone_26.csv,1.894650453408817,-1.3917428990173248
S6_train_I_D1_2_val_D3_5,three_class_with_air,C-DANN-UDA,learned latent PCA,acetone,target,target_domain,Period_II,Day 6,6,acetone\acetone_27.csv,3.4942166418311813,0.3987245190371923
S6_train_I_D1_2_val_D3_5,three_class_with_air,C-DANN-UDA,learned latent PCA,acetone,target,target_domain,Period_II,Day 6,6,acetone\acetone_28.csv,3.7151652057421742,-0.5791887269988614
S6_train_I_D1_2_val_D3_5,three_class_with_air,C-DANN-UDA,learned latent PCA,acetone,target,target_domain,Period_II,Day 6,6,acetone\acetone_29.csv,3.8553819487713628,-0.9292009491575578
S6_train_I_D1_2_val_D3_5,three_class_with_air,C-DANN-UDA,learned latent PCA,acetone,target,target_domain,Period_II,Day 6,6,acetone\acetone_30.csv,4.338858271861837,0.15353496510943687
S6_train_I_D1_2_val_D3_5,three_class_with_air,C-DANN-UDA,learned latent PCA,acetone,target,target_domain,Period_II,Day 6,6,acetone\acetone_31.csv,5.675202390421413,1.5726988943110354
S6_train_I_D1_2_val_D3_5,three_class_with_air,C-DANN-UDA,learned latent PCA,acetone,target,target_domain,Period_II,Day 6,6,acetone\acetone_32.csv,3.8152608461664874,-0.6087878887515805
S6_train_I_D1_2_val_D3_5,three_class_with_air,C-DANN-UDA,learned latent PCA,acetone,target,target_domain,Period_II,Day 7,7,acetone\acetone_33.csv,1.1832572455268202,-1.8118029101006319
S6_train_I_D1_2_val_D3_5,three_class_with_air,C-DANN-UDA,learned latent PCA,acetone,target,target_domain,Period_II,Day 7,7,acetone\acetone_34.csv,3.525611601452062,-0.3605008579165125
S6_train_I_D1_2_val_D3_5,three_class_with_air,C-DANN-UDA,learned latent PCA,acetone,target,target_domain,Period_II,Day 7,7,acetone\acetone_35.csv,5.249167959143021,1.0269545537754063
S6_train_I_D1_2_val_D3_5,three_class_with_air,C-DANN-UDA,learned latent PCA,acetone,target,target_domain,Period_II,Day 8,8,acetone\acetone_36.csv,4.772638963283076,0.6321969711736395
S6_train_I_D1_2_val_D3_5,three_class_with_air,C-DANN-UDA,learned latent PCA,acetone,target,target_domain,Period_II,Day 8,8,acetone\acetone_37.csv,0.24886963140795362,-0.13387350935125059
S6_train_I_D1_2_val_D3_5,three_class_with_air,C-DANN-UDA,learned latent PCA,acetone,target,target_domain,Period_II,Day 8,8,acetone\acetone_38.csv,-2.363366353101274,0.3679886616310132
S6_train_I_D1_2_val_D3_5,three_class_with_air,C-DANN-UDA,learned latent PCA,acetone,target,target_domain,Period_II,Day 9,9,acetone\acetone_39.csv,3.7298476050909795,-0.9046585603162416
S6_train_I_D1_2_val_D3_5,three_class_with_air,C-DANN-UDA,learned latent PCA,acetone,target,target_domain,Period_II,Day 9,9,acetone\acetone_40.csv,-0.4552804504736879,-1.2229686959029331
S6_train_I_D1_2_val_D3_5,three_class_with_air,C-DANN-UDA,learned latent PCA,acetone,target,target_domain,Period_II,Day 9,9,acetone\acetone_41.csv,4.925110740111614,0.6831473965010484
S6_train_I_D1_2_val_D3_5,three_class_with_air,C-DANN-UDA,learned latent PCA,acetone,target,target_domain,Period_II,Day 9,9,acetone\acetone_42.csv,4.9232525267884535,0.7653937259949487
S6_train_I_D1_2_val_D3_5,three_class_with_air,C-DANN-UDA,learned latent PCA,acetone,target,target_domain,Period_II,Day 9,9,acetone\acetone_43.csv,5.079031730821881,0.7974006852692673
S6_train_I_D1_2_val_D3_5,three_class_with_air,C-DANN-UDA,learned latent PCA,air,target,target_domain,Period_II,Day 3,3,air\air_5.csv,-6.034099478225165,1.1457846024328378
S6_train_I_D1_2_val_D3_5,three_class_with_air,C-DANN-UDA,learned latent PCA,air,target,target_domain,Period_II,Day 3,3,air\air_6.csv,-7.273998530650893,2.739605963442864
S6_train_I_D1_2_val_D3_5,three_class_with_air,C-DANN-UDA,learned latent PCA,air,target,target_domain,Period_II,Day 3,3,air\reference_5.csv,-4.924999678625126,-1.3441790824474567
S6_train_I_D1_2_val_D3_5,three_class_with_air,C-DANN-UDA,learned latent PCA,air,target,target_domain,Period_II,Day 3,3,air\reference_6.csv,-6.032822102928898,1.9154074052826437
S6_train_I_D1_2_val_D3_5,three_class_with_air,C-DANN-UDA,learned latent PCA,air,target,target_domain,Period_II,Day 4,4,air\air_7.csv,-4.8948907758505396,0.7394773373983412
S6_train_I_D1_2_val_D3_5,three_class_with_air,C-DANN-UDA,learned latent PCA,air,target,target_domain,Period_II,Day 4,4,air\air_8.csv,-4.426769958810416,1.039721269327823
S6_train_I_D1_2_val_D3_5,three_class_with_air,C-DANN-UDA,learned latent PCA,air,target,target_domain,Period_II,Day 4,4,air\reference_7.csv,-4.7193598645120485,1.4828591621066047
S6_train_I_D1_2_val_D3_5,three_class_with_air,C-DANN-UDA,learned latent PCA,air,target,target_domain,Period_II,Day 4,4,air\reference_8.csv,-7.742342982298954,4.63716879640092
S6_train_I_D1_2_val_D3_5,three_class_with_air,C-DANN-UDA,learned latent PCA,air,target,target_domain,Period_II,Day 5,5,air\air_10.csv,-4.185264074351033,0.4615449778918837
S6_train_I_D1_2_val_D3_5,three_class_with_air,C-DANN-UDA,learned latent PCA,air,target,target_domain,Period_II,Day 5,5,air\air_9.csv,-5.44629757751018,2.0264302476386193
S6_train_I_D1_2_val_D3_5,three_class_with_air,C-DANN-UDA,learned latent PCA,air,target,target_domain,Period_II,Day 6,6,air\air_11.csv,-3.8683875037200277,1.3356196569021932
S6_train_I_D1_2_val_D3_5,three_class_with_air,C-DANN-UDA,learned latent PCA,air,target,target_domain,Period_II,Day 6,6,air\air_12.csv,-4.487284444877342,3.0354777259868158
S6_train_I_D1_2_val_D3_5,three_class_with_air,C-DANN-UDA,learned latent PCA,air,target,target_domain,Period_II,Day 6,6,air\air_13.csv,-7.241068906865581,2.928499539096002
S6_train_I_D1_2_val_D3_5,three_class_with_air,C-DANN-UDA,learned latent PCA,air,target,target_domain,Period_II,Day 8,8,air\air_14.csv,-5.537598406178747,2.5418097444714736
S6_train_I_D1_2_val_D3_5,three_class_with_air,C-DANN-UDA,learned latent PCA,air,target,target_domain,Period_II,Day 8,8,air\air_15.csv,-6.533111640013725,1.866355127713838
S6_train_I_D1_2_val_D3_5,three_class_with_air,C-DANN-UDA,learned latent PCA,air,target,target_domain,Period_II,Day 8,8,air\reference_9.csv,-2.7056749466141765,-1.820727170050908
S6_train_I_D1_2_val_D3_5,three_class_with_air,C-DANN-UDA,learned latent PCA,air,target,target_domain,Period_II,Day 9,9,air\air_16.csv,-6.749208319083082,1.5304407211259912
S6_train_I_D1_2_val_D3_5,three_class_with_air,C-DANN-UDA,learned latent PCA,air,target,target_domain,Period_II,Day 9,9,air\air_17.csv,-5.245956370798141,2.524064959926545
S6_train_I_D1_2_val_D3_5,three_class_with_air,C-DANN-UDA,learned latent PCA,alcohol,target,target_domain,Period_II,Day 3,3,alcohol\alcohol_11.csv,-0.7079468024117668,-3.5157942232258494
S6_train_I_D1_2_val_D3_5,three_class_with_air,C-DANN-UDA,learned latent PCA,alcohol,target,target_domain,Period_II,Day 3,3,alcohol\alcohol_12.csv,-0.26796175856116955,-3.815348480111571
S6_train_I_D1_2_val_D3_5,three_class_with_air,C-DANN-UDA,learned latent PCA,alcohol,target,target_domain,Period_II,Day 3,3,alcohol\alcohol_13.csv,-0.2178355381946347,-3.6366080152474556
S6_train_I_D1_2_val_D3_5,three_class_with_air,C-DANN-UDA,learned latent PCA,alcohol,target,target_domain,Period_II,Day 3,3,alcohol\alcohol_14.csv,-0.2777124600490489,-2.744900397095204
S6_train_I_D1_2_val_D3_5,three_class_with_air,C-DANN-UDA,learned latent PCA,alcohol,target,target_domain,Period_II,Day 3,3,alcohol\alcohol_15.csv,0.5961001731260617,-2.1993537906833245
S6_train_I_D1_2_val_D3_5,three_class_with_air,C-DANN-UDA,learned latent PCA,alcohol,target,target_domain,Period_II,Day 4,4,alcohol\alcohol_16.csv,-1.181911550712436,-2.71435833698684
S6_train_I_D1_2_val_D3_5,three_class_with_air,C-DANN-UDA,learned latent PCA,alcohol,target,target_domain,Period_II,Day 4,4,alcohol\alcohol_17.csv,-3.7525993080461086,-1.3187803605013204
S6_train_I_D1_2_val_D3_5,three_class_with_air,C-DANN-UDA,learned latent PCA,alcohol,target,target_domain,Period_II,Day 4,4,alcohol\alcohol_18.csv,-2.0652183694021975,-3.0229894593663715
S6_train_I_D1_2_val_D3_5,three_class_with_air,C-DANN-UDA,learned latent PCA,alcohol,target,target_domain,Period_II,Day 4,4,alcohol\alcohol_19.csv,-3.4327918003939835,-0.6183697231674182
S6_train_I_D1_2_val_D3_5,three_class_with_air,C-DANN-UDA,learned latent PCA,alcohol,target,target_domain,Period_II,Day 4,4,alcohol\alcohol_20.csv,-0.8308860816011107,-2.3400690682461494
S6_train_I_D1_2_val_D3_5,three_class_with_air,C-DANN-UDA,learned latent PCA,alcohol,target,target_domain,Period_II,Day 5,5,alcohol\alcohol_21.csv,-1.27250469491387,-3.4533655214949164
S6_train_I_D1_2_val_D3_5,three_class_with_air,C-DANN-UDA,learned latent PCA,alcohol,target,target_domain,Period_II,Day 5,5,alcohol\alcohol_22.csv,-0.3047546624955536,-2.7015781999183344
S6_train_I_D1_2_val_D3_5,three_class_with_air,C-DANN-UDA,learned latent PCA,alcohol,target,target_domain,Period_II,Day 5,5,alcohol\alcohol_23.csv,10.615227057514801,8.438483427892372
S6_train_I_D1_2_val_D3_5,three_class_with_air,C-DANN-UDA,learned latent PCA,alcohol,target,target_domain,Period_II,Day 5,5,alcohol\alcohol_24.csv,-0.4540273059164318,-3.5770842568691403
S6_train_I_D1_2_val_D3_5,three_class_with_air,C-DANN-UDA,learned latent PCA,alcohol,target,target_domain,Period_II,Day 5,5,alcohol\alcohol_25.csv,-2.2076417057838955,-2.497560770724305
S6_train_I_D1_2_val_D3_5,three_class_with_air,C-DANN-UDA,learned latent PCA,alcohol,target,target_domain,Period_II,Day 6,6,alcohol\alcohol_26.csv,-1.8898417754019514,-3.0666885219372615
S6_train_I_D1_2_val_D3_5,three_class_with_air,C-DANN-UDA,learned latent PCA,alcohol,target,target_domain,Period_II,Day 6,6,alcohol\alcohol_27.csv,2.5557527078502957,-0.7999042520742408
S6_train_I_D1_2_val_D3_5,three_class_with_air,C-DANN-UDA,learned latent PCA,alcohol,target,target_domain,Period_II,Day 6,6,alcohol\alcohol_28.csv,2.6009030628665855,-2.0453434338385734
S6_train_I_D1_2_val_D3_5,three_class_with_air,C-DANN-UDA,learned latent PCA,alcohol,target,target_domain,Period_II,Day 6,6,alcohol\alcohol_29.csv,3.2224860879701294,-1.9045965532475468
S6_train_I_D1_2_val_D3_5,three_class_with_air,C-DANN-UDA,learned latent PCA,alcohol,target,target_domain,Period_II,Day 6,6,alcohol\alcohol_30.csv,0.6568372351567381,-2.4951728262277753
S6_train_I_D1_2_val_D3_5,three_class_with_air,C-DANN-UDA,learned latent PCA,alcohol,target,target_domain,Period_II,Day 6,6,alcohol\alcohol_31.csv,0.9941855296385691,-2.039059466961422
S6_train_I_D1_2_val_D3_5,three_class_with_air,C-DANN-UDA,learned latent PCA,alcohol,target,target_domain,Period_II,Day 6,6,alcohol\alcohol_32.csv,1.7229273849336375,-3.0786254047244404
S6_train_I_D1_2_val_D3_5,three_class_with_air,C-DANN-UDA,learned latent PCA,alcohol,target,target_domain,Period_II,Day 7,7,alcohol\alcohol_33.csv,2.8524858558607984,-1.406357956405829
S6_train_I_D1_2_val_D3_5,three_class_with_air,C-DANN-UDA,learned latent PCA,alcohol,target,target_domain,Period_II,Day 7,7,alcohol\alcohol_34.csv,1.5739748464238819,-2.671787322160269
S6_train_I_D1_2_val_D3_5,three_class_with_air,C-DANN-UDA,learned latent PCA,alcohol,target,target_domain,Period_II,Day 7,7,alcohol\alcohol_35.csv,4.150214959463415,-0.630925465904423
S6_train_I_D1_2_val_D3_5,three_class_with_air,C-DANN-UDA,learned latent PCA,alcohol,target,target_domain,Period_II,Day 8,8,alcohol\alcohol_36.csv,-4.752544136560991,-0.44379297829809505
S6_train_I_D1_2_val_D3_5,three_class_with_air,C-DANN-UDA,learned latent PCA,alcohol,target,target_domain,Period_II,Day 8,8,alcohol\alcohol_37.csv,-3.1597732871902235,-1.6828947878615073
S6_train_I_D1_2_val_D3_5,three_class_with_air,C-DANN-UDA,learned latent PCA,alcohol,target,target_domain,Period_II,Day 8,8,alcohol\alcohol_38.csv,-1.292321305255862,-1.526003984558189
S6_train_I_D1_2_val_D3_5,three_class_with_air,C-DANN-UDA,learned latent PCA,alcohol,target,target_domain,Period_II,Day 9,9,alcohol\alcohol_39.csv,-3.747664850556696,-2.361259116573283
S6_train_I_D1_2_val_D3_5,three_class_with_air,C-DANN-UDA,learned latent PCA,alcohol,target,target_domain,Period_II,Day 9,9,alcohol\alcohol_40.csv,0.056952517702633036,-3.2493183287903835
S6_train_I_D1_2_val_D3_5,three_class_with_air,C-DANN-UDA,learned latent PCA,alcohol,target,target_domain,Period_II,Day 9,9,alcohol\alcohol_41.csv,-5.177644204056868,0.10879446118489108
S6_train_I_D1_2_val_D3_5,three_class_with_air,C-DANN-UDA,learned latent PCA,alcohol,target,target_domain,Period_II,Day 9,9,alcohol\alcohol_42.csv,-0.29926810628737743,-1.8824246442651353
S6_train_I_D1_2_val_D3_5,three_class_with_air,C-DANN-UDA,learned latent PCA,alcohol,target,target_domain,Period_II,Day 9,9,alcohol\alcohol_43.csv,-0.8696207238029461,-2.0274058062431113
S6_train_I_D1_2_val_D3_5,three_class_with_air,C-DANN-UDA,learned latent PCA,acetone,target,target_domain,Period_II,Day 10,10,acetone\acetone_44.csv,6.256464303171668,2.6038054021993413
S6_train_I_D1_2_val_D3_5,three_class_with_air,C-DANN-UDA,learned latent PCA,acetone,target,target_domain,Period_II,Day 10,10,acetone\acetone_45.csv,-0.12614834568745922,-1.0428808383001018
S6_train_I_D1_2_val_D3_5,three_class_with_air,C-DANN-UDA,learned latent PCA,acetone,target,target_domain,Period_II,Day 10,10,acetone\acetone_46.csv,1.9057962399916417,-1.7812203741828336
S6_train_I_D1_2_val_D3_5,three_class_with_air,C-DANN-UDA,learned latent PCA,acetone,target,target_domain,Period_II,Day 10,10,acetone\acetone_47.csv,2.5447098303393405,-2.7472099479301826
S6_train_I_D1_2_val_D3_5,three_class_with_air,C-DANN-UDA,learned latent PCA,acetone,target,target_domain,Period_II,Day 11,11,acetone\acetone_48.csv,4.694366195688328,0.04568333806156128
S6_train_I_D1_2_val_D3_5,three_class_with_air,C-DANN-UDA,learned latent PCA,acetone,target,target_domain,Period_II,Day 11,11,acetone\acetone_49.csv,6.049036550597744,2.0046648966348086
S6_train_I_D1_2_val_D3_5,three_class_with_air,C-DANN-UDA,learned latent PCA,acetone,target,target_domain,Period_II,Day 11,11,acetone\acetone_50.csv,0.8069941576549609,-3.5457893037649297
S6_train_I_D1_2_val_D3_5,three_class_with_air,C-DANN-UDA,learned latent PCA,acetone,target,target_domain,Period_II,Day 11,11,acetone\acetone_51.csv,3.0232789305998473,-1.5177182495706516
S6_train_I_D1_2_val_D3_5,three_class_with_air,C-DANN-UDA,learned latent PCA,acetone,target,target_domain,Period_II,Day 12,12,acetone\acetone_52.csv,-0.561122214544407,-2.0427852221425713
S6_train_I_D1_2_val_D3_5,three_class_with_air,C-DANN-UDA,learned latent PCA,acetone,target,target_domain,Period_II,Day 12,12,acetone\acetone_53.csv,1.5288145953111423,-3.8070698999365993
S6_train_I_D1_2_val_D3_5,three_class_with_air,C-DANN-UDA,learned latent PCA,acetone,target,target_domain,Period_II,Day 12,12,acetone\acetone_54.csv,-2.120518469774484,2.1409339099631666
S6_train_I_D1_2_val_D3_5,three_class_with_air,C-DANN-UDA,learned latent PCA,acetone,target,target_domain,Period_II,Day 12,12,acetone\acetone_55.csv,2.0575957480365963,-3.3807337584577555
S6_train_I_D1_2_val_D3_5,three_class_with_air,C-DANN-UDA,learned latent PCA,acetone,target,target_domain,Period_II,Day 13,13,acetone\acetone_56.csv,1.0504955398309739,-2.3096026331404054
S6_train_I_D1_2_val_D3_5,three_class_with_air,C-DANN-UDA,learned latent PCA,acetone,target,target_domain,Period_II,Day 13,13,acetone\acetone_57.csv,2.497362339352727,-2.836761866092477
S6_train_I_D1_2_val_D3_5,three_class_with_air,C-DANN-UDA,learned latent PCA,acetone,target,target_domain,Period_II,Day 14,14,acetone\acetone_58.csv,2.398145306340293,-2.0608745749080386
S6_train_I_D1_2_val_D3_5,three_class_with_air,C-DANN-UDA,learned latent PCA,acetone,target,target_domain,Period_II,Day 14,14,acetone\acetone_59.csv,2.5236857893669695,-0.4876942999170382
S6_train_I_D1_2_val_D3_5,three_class_with_air,C-DANN-UDA,learned latent PCA,acetone,target,target_domain,Period_II,Day 14,14,acetone\acetone_60.csv,5.975652211109325,2.276053991846956
S6_train_I_D1_2_val_D3_5,three_class_with_air,C-DANN-UDA,learned latent PCA,acetone,target,target_domain,Period_II,Day 15,15,acetone\acetone_61.csv,-2.1905501861350922,-0.3310288548621708
S6_train_I_D1_2_val_D3_5,three_class_with_air,C-DANN-UDA,learned latent PCA,acetone,target,target_domain,Period_II,Day 15,15,acetone\acetone_62.csv,0.46279982802438624,-3.4457742148709385
S6_train_I_D1_2_val_D3_5,three_class_with_air,C-DANN-UDA,learned latent PCA,acetone,target,target_domain,Period_II,Day 15,15,acetone\acetone_63.csv,-1.7313002736655254,-0.6658707057490768
S6_train_I_D1_2_val_D3_5,three_class_with_air,C-DANN-UDA,learned latent PCA,acetone,target,target_domain,Period_II,Day 17,17,acetone\acetone_64.csv,2.5582872537404775,-1.9952570789919326
S6_train_I_D1_2_val_D3_5,three_class_with_air,C-DANN-UDA,learned latent PCA,acetone,target,target_domain,Period_II,Day 17,17,acetone\acetone_65.csv,-0.9559097849915152,-0.8305803835834448
S6_train_I_D1_2_val_D3_5,three_class_with_air,C-DANN-UDA,learned latent PCA,acetone,target,target_domain,Period_II,Day 17,17,acetone\acetone_66.csv,-1.6425399999538528,-0.5917702266571914
S6_train_I_D1_2_val_D3_5,three_class_with_air,C-DANN-UDA,learned latent PCA,acetone,target,target_domain,Period_II,Day 17,17,acetone\acetone_67.csv,4.1174363428076814,-0.5178749598147319
S6_train_I_D1_2_val_D3_5,three_class_with_air,C-DANN-UDA,learned latent PCA,acetone,target,target_domain,Period_II,Day 17,17,acetone\acetone_68.csv,4.668779203945375,0.21145996543799783
S6_train_I_D1_2_val_D3_5,three_class_with_air,C-DANN-UDA,learned latent PCA,air,target,target_domain,Period_II,Day 10,10,air\air_18.csv,-5.773031053531854,2.76021564107936
S6_train_I_D1_2_val_D3_5,three_class_with_air,C-DANN-UDA,learned latent PCA,air,target,target_domain,Period_II,Day 10,10,air\air_19.csv,-5.183113127029856,0.028614634880023776
S6_train_I_D1_2_val_D3_5,three_class_with_air,C-DANN-UDA,learned latent PCA,air,target,target_domain,Period_II,Day 11,11,air\air_20.csv,-5.565848087724914,0.4537381283003186
S6_train_I_D1_2_val_D3_5,three_class_with_air,C-DANN-UDA,learned latent PCA,air,target,target_domain,Period_II,Day 11,11,air\air_21.csv,-3.6946028456467475,3.323960511495326
S6_train_I_D1_2_val_D3_5,three_class_with_air,C-DANN-UDA,learned latent PCA,air,target,target_domain,Period_II,Day 12,12,air\air_22.csv,-2.1928738127206606,-1.1498477812936851
S6_train_I_D1_2_val_D3_5,three_class_with_air,C-DANN-UDA,learned latent PCA,air,target,target_domain,Period_II,Day 12,12,air\air_23.csv,-5.721875192870533,2.407548095255603
S6_train_I_D1_2_val_D3_5,three_class_with_air,C-DANN-UDA,learned latent PCA,air,target,target_domain,Period_II,Day 13,13,air\air_24.csv,-3.7772698971698264,2.629136687210954
S6_train_I_D1_2_val_D3_5,three_class_with_air,C-DANN-UDA,learned latent PCA,air,target,target_domain,Period_II,Day 13,13,air\air_25.csv,-4.367914312554503,1.1641545504707418
S6_train_I_D1_2_val_D3_5,three_class_with_air,C-DANN-UDA,learned latent PCA,air,target,target_domain,Period_II,Day 13,13,air\air_26.csv,-7.309276374968533,2.2507095768909657
S6_train_I_D1_2_val_D3_5,three_class_with_air,C-DANN-UDA,learned latent PCA,air,target,target_domain,Period_II,Day 13,13,air\air_27.csv,-5.18710644139235,2.2735418656483684
S6_train_I_D1_2_val_D3_5,three_class_with_air,C-DANN-UDA,learned latent PCA,air,target,target_domain,Period_II,Day 13,13,air\air_28.csv,-2.643448058387201,-1.0683275399731917
S6_train_I_D1_2_val_D3_5,three_class_with_air,C-DANN-UDA,learned latent PCA,air,target,target_domain,Period_II,Day 14,14,air\air_29.csv,-4.364695554343479,1.16263419592183
S6_train_I_D1_2_val_D3_5,three_class_with_air,C-DANN-UDA,learned latent PCA,air,target,target_domain,Period_II,Day 14,14,air\air_30.csv,-7.184440701972585,1.4737585789228222
S6_train_I_D1_2_val_D3_5,three_class_with_air,C-DANN-UDA,learned latent PCA,air,target,target_domain,Period_II,Day 14,14,air\air_31.csv,-3.4076583415559316,2.251163318912236
S6_train_I_D1_2_val_D3_5,three_class_with_air,C-DANN-UDA,learned latent PCA,air,target,target_domain,Period_II,Day 14,14,air\air_32.csv,-7.277215776829275,2.642765227216723
S6_train_I_D1_2_val_D3_5,three_class_with_air,C-DANN-UDA,learned latent PCA,air,target,target_domain,Period_II,Day 14,14,air\air_33.csv,-6.317982688344512,2.4285637030416125
S6_train_I_D1_2_val_D3_5,three_class_with_air,C-DANN-UDA,learned latent PCA,air,target,target_domain,Period_II,Day 14,14,air\air_34.csv,-6.588121376711728,2.8003069180603344
S6_train_I_D1_2_val_D3_5,three_class_with_air,C-DANN-UDA,learned latent PCA,air,target,target_domain,Period_II,Day 15,15,air\air_35.csv,-6.308354656548387,1.566820576421512
S6_train_I_D1_2_val_D3_5,three_class_with_air,C-DANN-UDA,learned latent PCA,air,target,target_domain,Period_II,Day 15,15,air\air_36.csv,-4.321722134031144,-0.9491744433178185
S6_train_I_D1_2_val_D3_5,three_class_with_air,C-DANN-UDA,learned latent PCA,air,target,target_domain,Period_II,Day 15,15,air\air_37.csv,-6.756047549955453,2.2988347050830154
S6_train_I_D1_2_val_D3_5,three_class_with_air,C-DANN-UDA,learned latent PCA,air,target,target_domain,Period_II,Day 15,15,air\air_38.csv,-5.88110972244983,1.7198256482642575
S6_train_I_D1_2_val_D3_5,three_class_with_air,C-DANN-UDA,learned latent PCA,air,target,target_domain,Period_II,Day 15,15,air\air_39.csv,-6.9610727543710835,2.206176055874724
S6_train_I_D1_2_val_D3_5,three_class_with_air,C-DANN-UDA,learned latent PCA,air,target,target_domain,Period_II,Day 15,15,air\air_40.csv,-6.549216680547636,1.8150965643404107
S6_train_I_D1_2_val_D3_5,three_class_with_air,C-DANN-UDA,learned latent PCA,air,target,target_domain,Period_II,Day 16,16,air\air_41.csv,-3.305798127490087,-2.465320397008401
S6_train_I_D1_2_val_D3_5,three_class_with_air,C-DANN-UDA,learned latent PCA,air,target,target_domain,Period_II,Day 16,16,air\air_42.csv,-5.109031373720136,2.210243586861935
S6_train_I_D1_2_val_D3_5,three_class_with_air,C-DANN-UDA,learned latent PCA,air,target,target_domain,Period_II,Day 16,16,air\air_43.csv,-3.891947752151306,-1.2998033429780735
S6_train_I_D1_2_val_D3_5,three_class_with_air,C-DANN-UDA,learned latent PCA,air,target,target_domain,Period_II,Day 16,16,air\air_44.csv,-5.723662448722702,2.31221809785173
S6_train_I_D1_2_val_D3_5,three_class_with_air,C-DANN-UDA,learned latent PCA,air,target,target_domain,Period_II,Day 17,17,air\air_45.csv,-6.709189833185916,3.223698599768388
S6_train_I_D1_2_val_D3_5,three_class_with_air,C-DANN-UDA,learned latent PCA,air,target,target_domain,Period_II,Day 17,17,air\air_46.csv,-3.919222374952685,-1.2384333683491682
S6_train_I_D1_2_val_D3_5,three_class_with_air,C-DANN-UDA,learned latent PCA,air,target,target_domain,Period_II,Day 17,17,air\air_47.csv,-5.347443960589132,1.0891415435808733
S6_train_I_D1_2_val_D3_5,three_class_with_air,C-DANN-UDA,learned latent PCA,air,target,target_domain,Period_II,Day 17,17,air\air_48.csv,-6.458384821767277,2.0809134861214895
S6_train_I_D1_2_val_D3_5,three_class_with_air,C-DANN-UDA,learned latent PCA,alcohol,target,target_domain,Period_II,Day 10,10,alcohol\alcohol_44.csv,4.319341006138717,-0.4205565492146674
S6_train_I_D1_2_val_D3_5,three_class_with_air,C-DANN-UDA,learned latent PCA,alcohol,target,target_domain,Period_II,Day 10,10,alcohol\alcohol_45.csv,1.230940972076531,-3.0375174629539883
S6_train_I_D1_2_val_D3_5,three_class_with_air,C-DANN-UDA,learned latent PCA,alcohol,target,target_domain,Period_II,Day 10,10,alcohol\alcohol_46.csv,-0.2311059818021662,-3.294463912479587
S6_train_I_D1_2_val_D3_5,three_class_with_air,C-DANN-UDA,learned latent PCA,alcohol,target,target_domain,Period_II,Day 10,10,alcohol\alcohol_47.csv,5.0275873583061435,0.35758993246420767
S6_train_I_D1_2_val_D3_5,three_class_with_air,C-DANN-UDA,learned latent PCA,alcohol,target,target_domain,Period_II,Day 11,11,alcohol\alcohol_48.csv,0.8696660035926709,-3.218325477178263
S6_train_I_D1_2_val_D3_5,three_class_with_air,C-DANN-UDA,learned latent PCA,alcohol,target,target_domain,Period_II,Day 11,11,alcohol\alcohol_49.csv,1.1113571804938835,-2.2225377556374504
S6_train_I_D1_2_val_D3_5,three_class_with_air,C-DANN-UDA,learned latent PCA,alcohol,target,target_domain,Period_II,Day 11,11,alcohol\alcohol_50.csv,1.3023402195267664,-2.939059521893163
S6_train_I_D1_2_val_D3_5,three_class_with_air,C-DANN-UDA,learned latent PCA,alcohol,target,target_domain,Period_II,Day 11,11,alcohol\alcohol_51.csv,-2.4062141533847368,-2.4682065892909653
S6_train_I_D1_2_val_D3_5,three_class_with_air,C-DANN-UDA,learned latent PCA,alcohol,target,target_domain,Period_II,Day 12,12,alcohol\alcohol_52.csv,-1.4978366444415583,-0.029826465032788362
S6_train_I_D1_2_val_D3_5,three_class_with_air,C-DANN-UDA,learned latent PCA,alcohol,target,target_domain,Period_II,Day 12,12,alcohol\alcohol_53.csv,-0.8625280622175796,-2.6190436238361796
S6_train_I_D1_2_val_D3_5,three_class_with_air,C-DANN-UDA,learned latent PCA,alcohol,target,target_domain,Period_II,Day 12,12,alcohol\alcohol_54.csv,-1.5467803071291115,-1.958572095011789
S6_train_I_D1_2_val_D3_5,three_class_with_air,C-DANN-UDA,learned latent PCA,alcohol,target,target_domain,Period_II,Day 12,12,alcohol\alcohol_55.csv,-1.6783681440377005,-2.166956577334898
S6_train_I_D1_2_val_D3_5,three_class_with_air,C-DANN-UDA,learned latent PCA,alcohol,target,target_domain,Period_II,Day 13,13,alcohol\alcohol_56.csv,0.1298570007607207,-3.872411662795758
S6_train_I_D1_2_val_D3_5,three_class_with_air,C-DANN-UDA,learned latent PCA,alcohol,target,target_domain,Period_II,Day 13,13,alcohol\alcohol_57.csv,-1.6505850688601313,-3.0854312467786875
S6_train_I_D1_2_val_D3_5,three_class_with_air,C-DANN-UDA,learned latent PCA,alcohol,target,target_domain,Period_II,Day 14,14,alcohol\alcohol_58.csv,2.0683811470130897,-2.9115119219978176
S6_train_I_D1_2_val_D3_5,three_class_with_air,C-DANN-UDA,learned latent PCA,alcohol,target,target_domain,Period_II,Day 14,14,alcohol\alcohol_59.csv,0.5765658827461391,-1.7801379816455214
S6_train_I_D1_2_val_D3_5,three_class_with_air,C-DANN-UDA,learned latent PCA,alcohol,target,target_domain,Period_II,Day 14,14,alcohol\alcohol_60.csv,6.1479791933238115,1.940709217148687
S6_train_I_D1_2_val_D3_5,three_class_with_air,C-DANN-UDA,learned latent PCA,alcohol,target,target_domain,Period_II,Day 15,15,alcohol\alcohol_61.csv,-2.653341986367104,-0.7323006431872354
S6_train_I_D1_2_val_D3_5,three_class_with_air,C-DANN-UDA,learned latent PCA,alcohol,target,target_domain,Period_II,Day 15,15,alcohol\alcohol_62.csv,-1.745142542025983,-3.18608443689628
S6_train_I_D1_2_val_D3_5,three_class_with_air,C-DANN-UDA,learned latent PCA,alcohol,target,target_domain,Period_II,Day 15,15,alcohol\alcohol_63.csv,0.6738072607144248,-3.3931710678673253
S6_train_I_D1_2_val_D3_5,three_class_with_air,C-DANN-UDA,learned latent PCA,alcohol,target,target_domain,Period_II,Day 17,17,alcohol\alcohol_64.csv,-2.7552705506648802,-1.478145809165134
S6_train_I_D1_2_val_D3_5,three_class_with_air,C-DANN-UDA,learned latent PCA,alcohol,target,target_domain,Period_II,Day 17,17,alcohol\alcohol_65.csv,0.08481102974580229,-3.6712771060359644
S6_train_I_D1_2_val_D3_5,three_class_with_air,C-DANN-UDA,learned latent PCA,alcohol,target,target_domain,Period_II,Day 17,17,alcohol\alcohol_66.csv,-2.9195079334774596,-1.9747442149917966
S6_train_I_D1_2_val_D3_5,three_class_with_air,C-DANN-UDA,learned latent PCA,alcohol,target,target_domain,Period_II,Day 17,17,alcohol\alcohol_67.csv,0.4137556289145769,-3.390418099120413
S6_train_I_D1_2_val_D3_5,three_class_with_air,C-DANN-UDA,learned latent PCA,alcohol,target,target_domain,Period_II,Day 17,17,alcohol\alcohol_68.csv,4.057976956537129,-0.9389788540956018
S6_train_I_D1_2_val_D3_5,three_class_with_air,C-DANN-UDA,learned latent PCA,acetone,target,target_domain,Period_III,Day 18,18,acetone\acetone_69.csv,0.6502503442718218,-0.8640752506122842
S6_train_I_D1_2_val_D3_5,three_class_with_air,C-DANN-UDA,learned latent PCA,acetone,target,target_domain,Period_III,Day 18,18,acetone\acetone_70.csv,4.358420662572112,-0.08297137567707986
S6_train_I_D1_2_val_D3_5,three_class_with_air,C-DANN-UDA,learned latent PCA,acetone,target,target_domain,Period_III,Day 18,18,acetone\acetone_71.csv,6.719606106668722,3.4637083635427905
S6_train_I_D1_2_val_D3_5,three_class_with_air,C-DANN-UDA,learned latent PCA,acetone,target,target_domain,Period_III,Day 18,18,acetone\acetone_72.csv,3.5609235151631204,-1.1423361099480769
S6_train_I_D1_2_val_D3_5,three_class_with_air,C-DANN-UDA,learned latent PCA,acetone,target,target_domain,Period_III,Day 18,18,acetone\acetone_73.csv,2.898654970419026,-1.104048503687163
S6_train_I_D1_2_val_D3_5,three_class_with_air,C-DANN-UDA,learned latent PCA,acetone,target,target_domain,Period_III,Day 19,19,acetone\acetone_74.csv,5.933842257168399,1.8778715517235023
S6_train_I_D1_2_val_D3_5,three_class_with_air,C-DANN-UDA,learned latent PCA,acetone,target,target_domain,Period_III,Day 19,19,acetone\acetone_75.csv,6.151742378235233,2.539521429065616
S6_train_I_D1_2_val_D3_5,three_class_with_air,C-DANN-UDA,learned latent PCA,acetone,target,target_domain,Period_III,Day 19,19,acetone\acetone_76.csv,7.740464471344493,4.663469301802253
S6_train_I_D1_2_val_D3_5,three_class_with_air,C-DANN-UDA,learned latent PCA,acetone,target,target_domain,Period_III,Day 20,20,acetone\acetone_77.csv,8.785380365872577,6.266819292801025
S6_train_I_D1_2_val_D3_5,three_class_with_air,C-DANN-UDA,learned latent PCA,acetone,target,target_domain,Period_III,Day 20,20,acetone\acetone_78.csv,8.617479856035656,5.931787772597806
S6_train_I_D1_2_val_D3_5,three_class_with_air,C-DANN-UDA,learned latent PCA,acetone,target,target_domain,Period_III,Day 20,20,acetone\acetone_79.csv,4.986284283799432,0.8357822670582823
S6_train_I_D1_2_val_D3_5,three_class_with_air,C-DANN-UDA,learned latent PCA,acetone,target,target_domain,Period_III,Day 20,20,acetone\acetone_80.csv,6.72693858461818,3.286813941284738
S6_train_I_D1_2_val_D3_5,three_class_with_air,C-DANN-UDA,learned latent PCA,acetone,target,target_domain,Period_III,Day 21,21,acetone\acetone_81.csv,7.01607464329575,3.9186153573789233
S6_train_I_D1_2_val_D3_5,three_class_with_air,C-DANN-UDA,learned latent PCA,acetone,target,target_domain,Period_III,Day 21,21,acetone\acetone_82.csv,4.8197058865685225,0.873780755346945
S6_train_I_D1_2_val_D3_5,three_class_with_air,C-DANN-UDA,learned latent PCA,acetone,target,target_domain,Period_III,Day 21,21,acetone\acetone_83.csv,8.792890100457816,6.3741518958105585
S6_train_I_D1_2_val_D3_5,three_class_with_air,C-DANN-UDA,learned latent PCA,acetone,target,target_domain,Period_III,Day 21,21,acetone\acetone_84.csv,8.687585033448409,6.241437298046018
S6_train_I_D1_2_val_D3_5,three_class_with_air,C-DANN-UDA,learned latent PCA,air,target,target_domain,Period_III,Day 18,18,air\air_49.csv,-4.904701262566767,2.5652101888915335
S6_train_I_D1_2_val_D3_5,three_class_with_air,C-DANN-UDA,learned latent PCA,air,target,target_domain,Period_III,Day 18,18,air\air_50.csv,-6.865215446929721,1.650301137599653
S6_train_I_D1_2_val_D3_5,three_class_with_air,C-DANN-UDA,learned latent PCA,air,target,target_domain,Period_III,Day 18,18,air\air_51.csv,-6.721713603890129,2.037484395255984
S6_train_I_D1_2_val_D3_5,three_class_with_air,C-DANN-UDA,learned latent PCA,air,target,target_domain,Period_III,Day 18,18,air\air_52.csv,-6.811471222511715,1.9601966419037176
S6_train_I_D1_2_val_D3_5,three_class_with_air,C-DANN-UDA,learned latent PCA,air,target,target_domain,Period_III,Day 19,19,air\air_53.csv,-4.325135036570351,-1.3317873186904245
S6_train_I_D1_2_val_D3_5,three_class_with_air,C-DANN-UDA,learned latent PCA,air,target,target_domain,Period_III,Day 19,19,air\air_54.csv,-4.216261698660268,2.2808911144482162
S6_train_I_D1_2_val_D3_5,three_class_with_air,C-DANN-UDA,learned latent PCA,air,target,target_domain,Period_III,Day 20,20,air\air_55.csv,-6.958589205736629,2.2430943635298433
S6_train_I_D1_2_val_D3_5,three_class_with_air,C-DANN-UDA,learned latent PCA,air,target,target_domain,Period_III,Day 20,20,air\air_56.csv,-4.655677745023725,-0.6790760899522714
S6_train_I_D1_2_val_D3_5,three_class_with_air,C-DANN-UDA,learned latent PCA,air,target,target_domain,Period_III,Day 20,20,air\air_57.csv,-7.646051327937662,3.544747191488566
S6_train_I_D1_2_val_D3_5,three_class_with_air,C-DANN-UDA,learned latent PCA,air,target,target_domain,Period_III,Day 20,20,air\air_58.csv,-5.963879566968564,1.8823775892826597
S6_train_I_D1_2_val_D3_5,three_class_with_air,C-DANN-UDA,learned latent PCA,air,target,target_domain,Period_III,Day 21,21,air\air_59.csv,-3.031816044550691,-2.7273135190632947
S6_train_I_D1_2_val_D3_5,three_class_with_air,C-DANN-UDA,learned latent PCA,air,target,target_domain,Period_III,Day 21,21,air\air_60.csv,-6.394674467577608,2.7040362439633214
S6_train_I_D1_2_val_D3_5,three_class_with_air,C-DANN-UDA,learned latent PCA,air,target,target_domain,Period_III,Day 21,21,air\air_61.csv,-4.82467631946867,3.0450022277571436
S6_train_I_D1_2_val_D3_5,three_class_with_air,C-DANN-UDA,learned latent PCA,air,target,target_domain,Period_III,Day 21,21,air\air_62.csv,-4.518257585521079,2.092177498182544
S6_train_I_D1_2_val_D3_5,three_class_with_air,C-DANN-UDA,learned latent PCA,alcohol,target,target_domain,Period_III,Day 18,18,alcohol\alcohol_69.csv,-1.259918989023809,-3.0990503731192565
S6_train_I_D1_2_val_D3_5,three_class_with_air,C-DANN-UDA,learned latent PCA,alcohol,target,target_domain,Period_III,Day 18,18,alcohol\alcohol_70.csv,5.0176634418074295,0.4578974791756362
S6_train_I_D1_2_val_D3_5,three_class_with_air,C-DANN-UDA,learned latent PCA,alcohol,target,target_domain,Period_III,Day 18,18,alcohol\alcohol_71.csv,3.987799196966305,-0.8860742275542868
S6_train_I_D1_2_val_D3_5,three_class_with_air,C-DANN-UDA,learned latent PCA,alcohol,target,target_domain,Period_III,Day 18,18,alcohol\alcohol_72.csv,3.730581367534007,-1.261142946345431
S6_train_I_D1_2_val_D3_5,three_class_with_air,C-DANN-UDA,learned latent PCA,alcohol,target,target_domain,Period_III,Day 18,18,alcohol\alcohol_73.csv,5.186003466468484,0.6635661559402698
S6_train_I_D1_2_val_D3_5,three_class_with_air,C-DANN-UDA,learned latent PCA,alcohol,target,target_domain,Period_III,Day 19,19,alcohol\alcohol_74.csv,2.921600014687855,-2.2090928403484336
S6_train_I_D1_2_val_D3_5,three_class_with_air,C-DANN-UDA,learned latent PCA,alcohol,target,target_domain,Period_III,Day 19,19,alcohol\alcohol_75.csv,3.6923689434500107,-1.4154151615142223
S6_train_I_D1_2_val_D3_5,three_class_with_air,C-DANN-UDA,learned latent PCA,alcohol,target,target_domain,Period_III,Day 19,19,alcohol\alcohol_76.csv,4.285557648140944,-0.3546667334904854
S6_train_I_D1_2_val_D3_5,three_class_with_air,C-DANN-UDA,learned latent PCA,alcohol,target,target_domain,Period_III,Day 20,20,alcohol\alcohol_77.csv,5.2467309939752065,0.7836592801134775
S6_train_I_D1_2_val_D3_5,three_class_with_air,C-DANN-UDA,learned latent PCA,alcohol,target,target_domain,Period_III,Day 20,20,alcohol\alcohol_78.csv,1.519048000811176,-1.8818526024676163
S6_train_I_D1_2_val_D3_5,three_class_with_air,C-DANN-UDA,learned latent PCA,alcohol,target,target_domain,Period_III,Day 20,20,alcohol\alcohol_79.csv,4.794826951051609,0.15759040136543845
S6_train_I_D1_2_val_D3_5,three_class_with_air,C-DANN-UDA,learned latent PCA,alcohol,target,target_domain,Period_III,Day 20,20,alcohol\alcohol_80.csv,4.405105981582754,-0.3769729877527126
S6_train_I_D1_2_val_D3_5,three_class_with_air,C-DANN-UDA,learned latent PCA,alcohol,target,target_domain,Period_III,Day 21,21,alcohol\alcohol_81.csv,3.8189143680877726,-0.8682373188134377
S6_train_I_D1_2_val_D3_5,three_class_with_air,C-DANN-UDA,learned latent PCA,alcohol,target,target_domain,Period_III,Day 21,21,alcohol\alcohol_82.csv,3.8981677423409735,-0.9507608902851885
S6_train_I_D1_2_val_D3_5,three_class_with_air,C-DANN-UDA,learned latent PCA,alcohol,target,target_domain,Period_III,Day 21,21,alcohol\alcohol_83.csv,4.541971331285074,-0.13892255853935995
S6_train_I_D1_2_val_D3_5,three_class_with_air,C-DANN-UDA,learned latent PCA,alcohol,target,target_domain,Period_III,Day 21,21,alcohol\alcohol_84.csv,5.387098798132773,1.0198599648018336
S6_train_I_D1_2_val_D3_5,three_class_with_air,C-DANN-UDA,learned latent PCA,acetone,target,target_domain,Period_IV,Day 22,22,acetone\acetone_85.csv,-2.295148446097798,-2.17006987808923
S6_train_I_D1_2_val_D3_5,three_class_with_air,C-DANN-UDA,learned latent PCA,acetone,target,target_domain,Period_IV,Day 22,22,acetone\acetone_86.csv,2.004001109989415,-2.831959909474917
S6_train_I_D1_2_val_D3_5,three_class_with_air,C-DANN-UDA,learned latent PCA,acetone,target,target_domain,Period_IV,Day 22,22,acetone\acetone_87.csv,3.287133242762781,-1.751374079846632
S6_train_I_D1_2_val_D3_5,three_class_with_air,C-DANN-UDA,learned latent PCA,acetone,target,target_domain,Period_IV,Day 22,22,acetone\acetone_88.csv,5.352328378628989,1.2199118530584165
S6_train_I_D1_2_val_D3_5,three_class_with_air,C-DANN-UDA,learned latent PCA,acetone,target,target_domain,Period_IV,Day 23,23,acetone\acetone_89.csv,6.92737023296869,3.3449875943517693
S6_train_I_D1_2_val_D3_5,three_class_with_air,C-DANN-UDA,learned latent PCA,acetone,target,target_domain,Period_IV,Day 23,23,acetone\acetone_90.csv,5.311526234884096,1.3422762449214445
S6_train_I_D1_2_val_D3_5,three_class_with_air,C-DANN-UDA,learned latent PCA,acetone,target,target_domain,Period_IV,Day 23,23,acetone\acetone_91.csv,6.6800924939882265,3.203791507690858
S6_train_I_D1_2_val_D3_5,three_class_with_air,C-DANN-UDA,learned latent PCA,acetone,target,target_domain,Period_IV,Day 23,23,acetone\acetone_92.csv,7.254962503463918,4.02398608260287
S6_train_I_D1_2_val_D3_5,three_class_with_air,C-DANN-UDA,learned latent PCA,acetone,target,target_domain,Period_IV,Day 24,24,acetone\acetone_93.csv,4.17314033559021,-0.021975175762304955
S6_train_I_D1_2_val_D3_5,three_class_with_air,C-DANN-UDA,learned latent PCA,acetone,target,target_domain,Period_IV,Day 24,24,acetone\acetone_94.csv,3.765515986505463,-0.9732143911012237
S6_train_I_D1_2_val_D3_5,three_class_with_air,C-DANN-UDA,learned latent PCA,acetone,target,target_domain,Period_IV,Day 24,24,acetone\acetone_95.csv,6.0339296723518965,2.1046860813043993
S6_train_I_D1_2_val_D3_5,three_class_with_air,C-DANN-UDA,learned latent PCA,acetone,target,target_domain,Period_IV,Day 24,24,acetone\acetone_96.csv,4.899164979881173,0.5121047066122524
S6_train_I_D1_2_val_D3_5,three_class_with_air,C-DANN-UDA,learned latent PCA,air,target,target_domain,Period_IV,Day 22,22,air\air_63.csv,-7.468503004547221,2.091776431350316
S6_train_I_D1_2_val_D3_5,three_class_with_air,C-DANN-UDA,learned latent PCA,air,target,target_domain,Period_IV,Day 22,22,air\air_64.csv,-6.5537358175745455,1.4478098286558805
S6_train_I_D1_2_val_D3_5,three_class_with_air,C-DANN-UDA,learned latent PCA,air,target,target_domain,Period_IV,Day 22,22,air\air_65.csv,-4.02836955492824,-2.141705791002494
S6_train_I_D1_2_val_D3_5,three_class_with_air,C-DANN-UDA,learned latent PCA,air,target,target_domain,Period_IV,Day 23,23,air\air_66.csv,-3.8347251757659864,1.090680529589384
S6_train_I_D1_2_val_D3_5,three_class_with_air,C-DANN-UDA,learned latent PCA,air,target,target_domain,Period_IV,Day 23,23,air\air_67.csv,-6.0374074708139505,2.5884272758569207
S6_train_I_D1_2_val_D3_5,three_class_with_air,C-DANN-UDA,learned latent PCA,air,target,target_domain,Period_IV,Day 23,23,air\air_68.csv,-4.826267753697538,2.8708654277011765
S6_train_I_D1_2_val_D3_5,three_class_with_air,C-DANN-UDA,learned latent PCA,air,target,target_domain,Period_IV,Day 23,23,air\air_69.csv,-6.092325985087639,2.0876845102623416
S6_train_I_D1_2_val_D3_5,three_class_with_air,C-DANN-UDA,learned latent PCA,air,target,target_domain,Period_IV,Day 24,24,air\air_70.csv,-5.124361746914331,2.8905870285909137
S6_train_I_D1_2_val_D3_5,three_class_with_air,C-DANN-UDA,learned latent PCA,air,target,target_domain,Period_IV,Day 24,24,air\air_71.csv,-4.442741427758724,0.7602629000438339
S6_train_I_D1_2_val_D3_5,three_class_with_air,C-DANN-UDA,learned latent PCA,air,target,target_domain,Period_IV,Day 24,24,air\air_72.csv,-5.587711878586955,2.32934388098984
S6_train_I_D1_2_val_D3_5,three_class_with_air,C-DANN-UDA,learned latent PCA,alcohol,target,target_domain,Period_IV,Day 22,22,alcohol\alcohol_85.csv,-0.7648917926061718,-3.4688259081572372
S6_train_I_D1_2_val_D3_5,three_class_with_air,C-DANN-UDA,learned latent PCA,alcohol,target,target_domain,Period_IV,Day 22,22,alcohol\alcohol_86.csv,-2.7853363815630723,-1.866947499611811
S6_train_I_D1_2_val_D3_5,three_class_with_air,C-DANN-UDA,learned latent PCA,alcohol,target,target_domain,Period_IV,Day 22,22,alcohol\alcohol_87.csv,-2.3515826150141117,-1.0565303130145887
S6_train_I_D1_2_val_D3_5,three_class_with_air,C-DANN-UDA,learned latent PCA,alcohol,target,target_domain,Period_IV,Day 22,22,alcohol\alcohol_88.csv,2.6914386475552714,-1.344614910617005
S6_train_I_D1_2_val_D3_5,three_class_with_air,C-DANN-UDA,learned latent PCA,alcohol,target,target_domain,Period_IV,Day 23,23,alcohol\alcohol_89.csv,2.6385322739220305,-2.274279481156356
S6_train_I_D1_2_val_D3_5,three_class_with_air,C-DANN-UDA,learned latent PCA,alcohol,target,target_domain,Period_IV,Day 23,23,alcohol\alcohol_90.csv,3.79739600101793,-1.2628660813946035
S6_train_I_D1_2_val_D3_5,three_class_with_air,C-DANN-UDA,learned latent PCA,alcohol,target,target_domain,Period_IV,Day 23,23,alcohol\alcohol_91.csv,3.4219063915148515,-1.5848157147866644
S6_train_I_D1_2_val_D3_5,three_class_with_air,C-DANN-UDA,learned latent PCA,alcohol,target,target_domain,Period_IV,Day 23,23,alcohol\alcohol_92.csv,4.503525934750758,-0.31798701738779783
S6_train_I_D1_2_val_D3_5,three_class_with_air,C-DANN-UDA,learned latent PCA,alcohol,target,target_domain,Period_IV,Day 24,24,alcohol\alcohol_93.csv,3.638512002763166,-1.5819998765520054
S6_train_I_D1_2_val_D3_5,three_class_with_air,C-DANN-UDA,learned latent PCA,alcohol,target,target_domain,Period_IV,Day 24,24,alcohol\alcohol_94.csv,3.6397578325926307,-1.3325391078534499
S6_train_I_D1_2_val_D3_5,three_class_with_air,C-DANN-UDA,learned latent PCA,alcohol,target,target_domain,Period_IV,Day 24,24,alcohol\alcohol_95.csv,1.9552003825843882,-3.2782319415687184
S6_train_I_D1_2_val_D3_5,three_class_with_air,C-DANN-UDA,learned latent PCA,alcohol,target,target_domain,Period_IV,Day 24,24,alcohol\alcohol_96.csv,-0.2432079903651228,-1.9235727036033496
S6_train_I_D1_2_val_D3_5,three_class_with_air,C-DANN-semi,learned latent PCA,acetone,source,source_train,Period_I,Day 1 afternoon,1,acetone\acetone_o1.csv,1.9775875736165398,-1.5581539390802783
S6_train_I_D1_2_val_D3_5,three_class_with_air,C-DANN-semi,learned latent PCA,acetone,source,source_train,Period_I,Day 1 afternoon,1,acetone\acetone_o2.csv,2.4706521847834493,-1.3095775895477193
S6_train_I_D1_2_val_D3_5,three_class_with_air,C-DANN-semi,learned latent PCA,acetone,source,source_train,Period_I,Day 1 afternoon,1,acetone\acetone_o3.csv,4.58931300938963,-2.1506117784770087
S6_train_I_D1_2_val_D3_5,three_class_with_air,C-DANN-semi,learned latent PCA,acetone,source,source_train,Period_I,Day 2 noon,2,acetone\acetone_o4.csv,13.980497804832831,-3.650221960279385
S6_train_I_D1_2_val_D3_5,three_class_with_air,C-DANN-semi,learned latent PCA,acetone,source,source_train,Period_I,Day 2 noon,2,acetone\acetone_o5.csv,8.834590408715245,-2.902136105254776
S6_train_I_D1_2_val_D3_5,three_class_with_air,C-DANN-semi,learned latent PCA,acetone,source,source_train,Period_I,Day 2 noon,2,acetone\acetone_o6.csv,3.809638786213794,-2.3750425105842727
S6_train_I_D1_2_val_D3_5,three_class_with_air,C-DANN-semi,learned latent PCA,acetone,source,source_train,Period_I,Day 2 afternoon,2,acetone\acetone_o7.csv,3.4954106841375134,-1.0423740715166443
S6_train_I_D1_2_val_D3_5,three_class_with_air,C-DANN-semi,learned latent PCA,acetone,source,source_train,Period_I,Day 2 afternoon,2,acetone\acetone_o8.csv,4.326098375380589,-1.9035922328663573
S6_train_I_D1_2_val_D3_5,three_class_with_air,C-DANN-semi,learned latent PCA,acetone,source,source_train,Period_I,Day 2 afternoon,2,acetone\acetone_o9.csv,9.781570164957646,-2.854689374175356
S6_train_I_D1_2_val_D3_5,three_class_with_air,C-DANN-semi,learned latent PCA,acetone,source,source_train,Period_I,Day 3 noon,3,acetone\acetone_o10.csv,6.272735995551768,-2.2898280886584357
S6_train_I_D1_2_val_D3_5,three_class_with_air,C-DANN-semi,learned latent PCA,acetone,source,source_train,Period_I,Day 3 noon,3,acetone\acetone_o11.csv,4.65454982406833,-1.7717832705293424
S6_train_I_D1_2_val_D3_5,three_class_with_air,C-DANN-semi,learned latent PCA,acetone,source,source_train,Period_I,Day 3 noon,3,acetone\acetone_o12.csv,12.572246780024605,-3.090160681881469
S6_train_I_D1_2_val_D3_5,three_class_with_air,C-DANN-semi,learned latent PCA,air,source,source_train,Period_I,baseline,0,air\baseline_1.csv,0.7815008499757673,6.895405467486626
S6_train_I_D1_2_val_D3_5,three_class_with_air,C-DANN-semi,learned latent PCA,air,source,source_train,Period_I,baseline,0,air\baseline_3.csv,0.5167394803816353,4.72853612638623
S6_train_I_D1_2_val_D3_5,three_class_with_air,C-DANN-semi,learned latent PCA,air,source,source_train,Period_I,baseline,0,air\baseline_4.csv,2.4252151082024485,7.430656505273259
S6_train_I_D1_2_val_D3_5,three_class_with_air,C-DANN-semi,learned latent PCA,air,source,source_train,Period_I,baseline,0,air\baseline_5.csv,-1.1742865349423517,4.058688248495013
S6_train_I_D1_2_val_D3_5,three_class_with_air,C-DANN-semi,learned latent PCA,air,source,source_train,Period_I,baseline,0,air\baseline_6.csv,-1.1576056701315318,9.532685863738573
S6_train_I_D1_2_val_D3_5,three_class_with_air,C-DANN-semi,learned latent PCA,air,source,source_train,Period_I,baseline,0,air\baseline_7.csv,0.10359192474704529,5.921606401107667
S6_train_I_D1_2_val_D3_5,three_class_with_air,C-DANN-semi,learned latent PCA,alcohol,source,source_train,Period_I,Day 1 afternoon,1,alcohol\alcohol_o1.csv,-3.9462929085097964,-2.297527326971535
S6_train_I_D1_2_val_D3_5,three_class_with_air,C-DANN-semi,learned latent PCA,alcohol,source,source_train,Period_I,Day 1 afternoon,1,alcohol\alcohol_o2.csv,-3.3703011258384543,-3.2782213021422133
S6_train_I_D1_2_val_D3_5,three_class_with_air,C-DANN-semi,learned latent PCA,alcohol,source,source_train,Period_I,Day 1 afternoon,1,alcohol\alcohol_o3.csv,-2.945641795722191,-2.3917487515791733
S6_train_I_D1_2_val_D3_5,three_class_with_air,C-DANN-semi,learned latent PCA,alcohol,source,source_train,Period_I,Day 2 noon,2,alcohol\alcohol_o4.csv,-3.079719935653166,-0.4569781998172629
S6_train_I_D1_2_val_D3_5,three_class_with_air,C-DANN-semi,learned latent PCA,alcohol,source,source_train,Period_I,Day 2 noon,2,alcohol\alcohol_o5.csv,-4.377845852603386,-1.851045139281946
S6_train_I_D1_2_val_D3_5,three_class_with_air,C-DANN-semi,learned latent PCA,alcohol,source,source_train,Period_I,Day 2 noon,2,alcohol\alcohol_o6.csv,-4.127043893015998,-1.934564624519076
S6_train_I_D1_2_val_D3_5,three_class_with_air,C-DANN-semi,learned latent PCA,alcohol,source,source_train,Period_I,Day 2 afternoon,2,alcohol\alcohol_o7.csv,-5.418298864233257,-1.9036441112113967
S6_train_I_D1_2_val_D3_5,three_class_with_air,C-DANN-semi,learned latent PCA,alcohol,source,source_train,Period_I,Day 2 afternoon,2,alcohol\alcohol_o8.csv,-4.258428435724045,-2.680180326495903
S6_train_I_D1_2_val_D3_5,three_class_with_air,C-DANN-semi,learned latent PCA,alcohol,source,source_train,Period_I,Day 2 afternoon,2,alcohol\alcohol_o9.csv,-3.1580547800866023,-2.2119963550150765
S6_train_I_D1_2_val_D3_5,three_class_with_air,C-DANN-semi,learned latent PCA,alcohol,source,source_train,Period_I,Day 3 noon,3,alcohol\alcohol_o10.csv,-4.472194231926101,-1.7117982885265697
S6_train_I_D1_2_val_D3_5,three_class_with_air,C-DANN-semi,learned latent PCA,alcohol,source,source_train,Period_I,Day 3 noon,3,alcohol\alcohol_o11.csv,-3.2341206100626154,-1.6642533092798777
S6_train_I_D1_2_val_D3_5,three_class_with_air,C-DANN-semi,learned latent PCA,alcohol,source,source_train,Period_I,Day 3 noon,3,alcohol\alcohol_o12.csv,-3.8999795923792453,-2.4472441846673196
S6_train_I_D1_2_val_D3_5,three_class_with_air,C-DANN-semi,learned latent PCA,acetone,target,target_labeled_train,Period_II,Day 1,1,acetone\acetone_1.csv,7.486247096010872,-2.3228205394081876
S6_train_I_D1_2_val_D3_5,three_class_with_air,C-DANN-semi,learned latent PCA,acetone,target,target_labeled_train,Period_II,Day 1,1,acetone\acetone_2.csv,8.87077480595489,-2.4860148331717693
S6_train_I_D1_2_val_D3_5,three_class_with_air,C-DANN-semi,learned latent PCA,acetone,target,target_labeled_train,Period_II,Day 1,1,acetone\acetone_3.csv,2.1038904687516777,-1.5017336235372603
S6_train_I_D1_2_val_D3_5,three_class_with_air,C-DANN-semi,learned latent PCA,acetone,target,target_labeled_train,Period_II,Day 1,1,acetone\acetone_4.csv,11.309612467920143,-3.023184909662615
S6_train_I_D1_2_val_D3_5,three_class_with_air,C-DANN-semi,learned latent PCA,acetone,target,target_labeled_train,Period_II,Day 1,1,acetone\acetone_5.csv,2.0918267412729,-1.5827267265081975
S6_train_I_D1_2_val_D3_5,three_class_with_air,C-DANN-semi,learned latent PCA,acetone,target,target_labeled_train,Period_II,Day 2,2,acetone\acetone_10.csv,8.633453320609966,-2.455442326065295
S6_train_I_D1_2_val_D3_5,three_class_with_air,C-DANN-semi,learned latent PCA,acetone,target,target_labeled_train,Period_II,Day 2,2,acetone\acetone_6.csv,5.275727935008602,-1.642073736136209
S6_train_I_D1_2_val_D3_5,three_class_with_air,C-DANN-semi,learned latent PCA,acetone,target,target_labeled_train,Period_II,Day 2,2,acetone\acetone_7.csv,6.066534020260828,-2.4310105324168267
S6_train_I_D1_2_val_D3_5,three_class_with_air,C-DANN-semi,learned latent PCA,acetone,target,target_labeled_train,Period_II,Day 2,2,acetone\acetone_8.csv,5.845473322162437,-1.294405796999083
S6_train_I_D1_2_val_D3_5,three_class_with_air,C-DANN-semi,learned latent PCA,acetone,target,target_labeled_train,Period_II,Day 2,2,acetone\acetone_9.csv,6.709634221457951,-2.438661641994462
S6_train_I_D1_2_val_D3_5,three_class_with_air,C-DANN-semi,learned latent PCA,air,target,target_labeled_train,Period_II,Day 1,1,air\air_1.csv,1.1009628781460254,5.966832187226418
S6_train_I_D1_2_val_D3_5,three_class_with_air,C-DANN-semi,learned latent PCA,air,target,target_labeled_train,Period_II,Day 1,1,air\air_2.csv,-0.8871794329229886,3.8263784279076605
S6_train_I_D1_2_val_D3_5,three_class_with_air,C-DANN-semi,learned latent PCA,air,target,target_labeled_train,Period_II,Day 1,1,air\reference_1.csv,-1.378684916125045,8.39268660534218
S6_train_I_D1_2_val_D3_5,three_class_with_air,C-DANN-semi,learned latent PCA,air,target,target_labeled_train,Period_II,Day 1,1,air\reference_2.csv,-1.205455781530796,4.719627448896585
S6_train_I_D1_2_val_D3_5,three_class_with_air,C-DANN-semi,learned latent PCA,air,target,target_labeled_train,Period_II,Day 1,1,air\reference_3.csv,5.19984162162812,10.817927551696767
S6_train_I_D1_2_val_D3_5,three_class_with_air,C-DANN-semi,learned latent PCA,air,target,target_labeled_train,Period_II,Day 1,1,air\reference_4.csv,0.32254009561999014,7.727437805236693
S6_train_I_D1_2_val_D3_5,three_class_with_air,C-DANN-semi,learned latent PCA,air,target,target_labeled_train,Period_II,Day 2,2,air\air_3.csv,0.9753642225259096,6.428424500309578
S6_train_I_D1_2_val_D3_5,three_class_with_air,C-DANN-semi,learned latent PCA,air,target,target_labeled_train,Period_II,Day 2,2,air\air_4.csv,-0.6670444065501572,6.648406568455071
S6_train_I_D1_2_val_D3_5,three_class_with_air,C-DANN-semi,learned latent PCA,alcohol,target,target_labeled_train,Period_II,Day 1,1,alcohol\alcohol_1.csv,-3.446019323762706,-1.9963791303987148
S6_train_I_D1_2_val_D3_5,three_class_with_air,C-DANN-semi,learned latent PCA,alcohol,target,target_labeled_train,Period_II,Day 1,1,alcohol\alcohol_2.csv,-4.748983255350793,-3.0401132687304906
S6_train_I_D1_2_val_D3_5,three_class_with_air,C-DANN-semi,learned latent PCA,alcohol,target,target_labeled_train,Period_II,Day 1,1,alcohol\alcohol_3.csv,-4.381088750884618,-2.3275943897821754
S6_train_I_D1_2_val_D3_5,three_class_with_air,C-DANN-semi,learned latent PCA,alcohol,target,target_labeled_train,Period_II,Day 1,1,alcohol\alcohol_4.csv,-3.193069592706928,-2.281899512613982
S6_train_I_D1_2_val_D3_5,three_class_with_air,C-DANN-semi,learned latent PCA,alcohol,target,target_labeled_train,Period_II,Day 1,1,alcohol\alcohol_5.csv,-3.501191811879033,-1.9421619940608634
S6_train_I_D1_2_val_D3_5,three_class_with_air,C-DANN-semi,learned latent PCA,alcohol,target,target_labeled_train,Period_II,Day 2,2,alcohol\alcohol_10.csv,-4.335027883620086,-1.8901393965693107
S6_train_I_D1_2_val_D3_5,three_class_with_air,C-DANN-semi,learned latent PCA,alcohol,target,target_labeled_train,Period_II,Day 2,2,alcohol\alcohol_6.csv,-4.743320164075434,-2.2466293870508007
S6_train_I_D1_2_val_D3_5,three_class_with_air,C-DANN-semi,learned latent PCA,alcohol,target,target_labeled_train,Period_II,Day 2,2,alcohol\alcohol_7.csv,-3.9607422470036973,-1.2718713587856505
S6_train_I_D1_2_val_D3_5,three_class_with_air,C-DANN-semi,learned latent PCA,alcohol,target,target_labeled_train,Period_II,Day 2,2,alcohol\alcohol_8.csv,-4.2358299242374535,-1.9876754244249746
S6_train_I_D1_2_val_D3_5,three_class_with_air,C-DANN-semi,learned latent PCA,alcohol,target,target_labeled_train,Period_II,Day 2,2,alcohol\alcohol_9.csv,-3.8869470817696734,-2.1801188457542016
S6_train_I_D1_2_val_D3_5,three_class_with_air,C-DANN-semi,learned latent PCA,acetone,target,target_domain,Period_II,Day 3,3,acetone\acetone_11.csv,4.455429770163851,-1.0475712773468173
S6_train_I_D1_2_val_D3_5,three_class_with_air,C-DANN-semi,learned latent PCA,acetone,target,target_domain,Period_II,Day 3,3,acetone\acetone_12.csv,3.6914981993193936,-0.9777802180551071
S6_train_I_D1_2_val_D3_5,three_class_with_air,C-DANN-semi,learned latent PCA,acetone,target,target_domain,Period_II,Day 3,3,acetone\acetone_13.csv,4.761729400263887,-1.6906089757769178
S6_train_I_D1_2_val_D3_5,three_class_with_air,C-DANN-semi,learned latent PCA,acetone,target,target_domain,Period_II,Day 3,3,acetone\acetone_14.csv,3.3561281721894702,-1.233034818033541
S6_train_I_D1_2_val_D3_5,three_class_with_air,C-DANN-semi,learned latent PCA,acetone,target,target_domain,Period_II,Day 3,3,acetone\acetone_15.csv,3.0792599347775216,-1.5020180731356736
S6_train_I_D1_2_val_D3_5,three_class_with_air,C-DANN-semi,learned latent PCA,acetone,target,target_domain,Period_II,Day 4,4,acetone\acetone_16.csv,0.5987378178077978,-1.6766839387443977
S6_train_I_D1_2_val_D3_5,three_class_with_air,C-DANN-semi,learned latent PCA,acetone,target,target_domain,Period_II,Day 4,4,acetone\acetone_17.csv,3.2834404267142903,-1.6294805386404154
S6_train_I_D1_2_val_D3_5,three_class_with_air,C-DANN-semi,learned latent PCA,acetone,target,target_domain,Period_II,Day 4,4,acetone\acetone_18.csv,2.0134866627934938,-1.421727265700326
S6_train_I_D1_2_val_D3_5,three_class_with_air,C-DANN-semi,learned latent PCA,acetone,target,target_domain,Period_II,Day 4,4,acetone\acetone_19.csv,-0.4066363628025475,-0.6148404733480072
S6_train_I_D1_2_val_D3_5,three_class_with_air,C-DANN-semi,learned latent PCA,acetone,target,target_domain,Period_II,Day 4,4,acetone\acetone_20.csv,2.701767235775164,-1.0049781707926524
S6_train_I_D1_2_val_D3_5,three_class_with_air,C-DANN-semi,learned latent PCA,acetone,target,target_domain,Period_II,Day 5,5,acetone\acetone_21.csv,4.418801307390585,-2.496815646218519
S6_train_I_D1_2_val_D3_5,three_class_with_air,C-DANN-semi,learned latent PCA,acetone,target,target_domain,Period_II,Day 5,5,acetone\acetone_22.csv,-2.2244272970494725,-2.7947585941914808
S6_train_I_D1_2_val_D3_5,three_class_with_air,C-DANN-semi,learned latent PCA,acetone,target,target_domain,Period_II,Day 5,5,acetone\acetone_23.csv,3.496369034699699,-2.0252864361872764
S6_train_I_D1_2_val_D3_5,three_class_with_air,C-DANN-semi,learned latent PCA,acetone,target,target_domain,Period_II,Day 5,5,acetone\acetone_24.csv,13.179602848909886,-3.0970497648614623
S6_train_I_D1_2_val_D3_5,three_class_with_air,C-DANN-semi,learned latent PCA,acetone,target,target_domain,Period_II,Day 5,5,acetone\acetone_25.csv,-0.3718709733174698,-1.146878436564771
S6_train_I_D1_2_val_D3_5,three_class_with_air,C-DANN-semi,learned latent PCA,acetone,target,target_domain,Period_II,Day 6,6,acetone\acetone_26.csv,2.6131802183335595,-1.2042358660225196
S6_train_I_D1_2_val_D3_5,three_class_with_air,C-DANN-semi,learned latent PCA,acetone,target,target_domain,Period_II,Day 6,6,acetone\acetone_27.csv,4.45119001212511,-1.4625255148602816
S6_train_I_D1_2_val_D3_5,three_class_with_air,C-DANN-semi,learned latent PCA,acetone,target,target_domain,Period_II,Day 6,6,acetone\acetone_28.csv,1.7228362322723747,-1.80799584641279
S6_train_I_D1_2_val_D3_5,three_class_with_air,C-DANN-semi,learned latent PCA,acetone,target,target_domain,Period_II,Day 6,6,acetone\acetone_29.csv,2.4109440382383283,-2.4853643614466816
S6_train_I_D1_2_val_D3_5,three_class_with_air,C-DANN-semi,learned latent PCA,acetone,target,target_domain,Period_II,Day 6,6,acetone\acetone_30.csv,3.4465146755853153,-2.087745964758414
S6_train_I_D1_2_val_D3_5,three_class_with_air,C-DANN-semi,learned latent PCA,acetone,target,target_domain,Period_II,Day 6,6,acetone\acetone_31.csv,4.304466871183272,-2.0462368918284817
S6_train_I_D1_2_val_D3_5,three_class_with_air,C-DANN-semi,learned latent PCA,acetone,target,target_domain,Period_II,Day 6,6,acetone\acetone_32.csv,5.276091414206791,-1.9150510664141829
S6_train_I_D1_2_val_D3_5,three_class_with_air,C-DANN-semi,learned latent PCA,acetone,target,target_domain,Period_II,Day 7,7,acetone\acetone_33.csv,0.549140971267384,-1.495404575881413
S6_train_I_D1_2_val_D3_5,three_class_with_air,C-DANN-semi,learned latent PCA,acetone,target,target_domain,Period_II,Day 7,7,acetone\acetone_34.csv,4.414445603569584,-1.4597786169858642
S6_train_I_D1_2_val_D3_5,three_class_with_air,C-DANN-semi,learned latent PCA,acetone,target,target_domain,Period_II,Day 7,7,acetone\acetone_35.csv,6.243097246175116,-2.1445805755870158
S6_train_I_D1_2_val_D3_5,three_class_with_air,C-DANN-semi,learned latent PCA,acetone,target,target_domain,Period_II,Day 8,8,acetone\acetone_36.csv,4.66887854840959,-1.9699930927401055
S6_train_I_D1_2_val_D3_5,three_class_with_air,C-DANN-semi,learned latent PCA,acetone,target,target_domain,Period_II,Day 8,8,acetone\acetone_37.csv,4.228750804157039,-0.43984400861295425
S6_train_I_D1_2_val_D3_5,three_class_with_air,C-DANN-semi,learned latent PCA,acetone,target,target_domain,Period_II,Day 8,8,acetone\acetone_38.csv,2.0393734819853866,0.1968305230593903
S6_train_I_D1_2_val_D3_5,three_class_with_air,C-DANN-semi,learned latent PCA,acetone,target,target_domain,Period_II,Day 9,9,acetone\acetone_39.csv,3.3128833641999202,-1.7082207573629888
S6_train_I_D1_2_val_D3_5,three_class_with_air,C-DANN-semi,learned latent PCA,acetone,target,target_domain,Period_II,Day 9,9,acetone\acetone_40.csv,0.9074570781855021,-0.3872790575919541
S6_train_I_D1_2_val_D3_5,three_class_with_air,C-DANN-semi,learned latent PCA,acetone,target,target_domain,Period_II,Day 9,9,acetone\acetone_41.csv,4.908004252021784,-1.9416924184055928
S6_train_I_D1_2_val_D3_5,three_class_with_air,C-DANN-semi,learned latent PCA,acetone,target,target_domain,Period_II,Day 9,9,acetone\acetone_42.csv,4.196283114627023,-1.854236677024152
S6_train_I_D1_2_val_D3_5,three_class_with_air,C-DANN-semi,learned latent PCA,acetone,target,target_domain,Period_II,Day 9,9,acetone\acetone_43.csv,4.440362793268396,-1.9661715708315823
S6_train_I_D1_2_val_D3_5,three_class_with_air,C-DANN-semi,learned latent PCA,air,target,target_domain,Period_II,Day 3,3,air\air_5.csv,0.03270440569480057,4.616313805769813
S6_train_I_D1_2_val_D3_5,three_class_with_air,C-DANN-semi,learned latent PCA,air,target,target_domain,Period_II,Day 3,3,air\air_6.csv,0.060938008952084614,5.877079676115739
S6_train_I_D1_2_val_D3_5,three_class_with_air,C-DANN-semi,learned latent PCA,air,target,target_domain,Period_II,Day 3,3,air\reference_5.csv,-4.01999471090079,2.4027609832688945
S6_train_I_D1_2_val_D3_5,three_class_with_air,C-DANN-semi,learned latent PCA,air,target,target_domain,Period_II,Day 3,3,air\reference_6.csv,0.5973707403070447,4.67817010714807
S6_train_I_D1_2_val_D3_5,three_class_with_air,C-DANN-semi,learned latent PCA,air,target,target_domain,Period_II,Day 4,4,air\air_7.csv,-1.507980205434516,1.2646765823886408
S6_train_I_D1_2_val_D3_5,three_class_with_air,C-DANN-semi,learned latent PCA,air,target,target_domain,Period_II,Day 4,4,air\air_8.csv,-0.2664003000424975,4.920242248810418
S6_train_I_D1_2_val_D3_5,three_class_with_air,C-DANN-semi,learned latent PCA,air,target,target_domain,Period_II,Day 4,4,air\reference_7.csv,-0.15648270805911707,4.170832545520651
S6_train_I_D1_2_val_D3_5,three_class_with_air,C-DANN-semi,learned latent PCA,air,target,target_domain,Period_II,Day 4,4,air\reference_8.csv,-0.40816064895034826,9.952629371947214
S6_train_I_D1_2_val_D3_5,three_class_with_air,C-DANN-semi,learned latent PCA,air,target,target_domain,Period_II,Day 5,5,air\air_10.csv,-1.0262481786089015,3.733957868615632
S6_train_I_D1_2_val_D3_5,three_class_with_air,C-DANN-semi,learned latent PCA,air,target,target_domain,Period_II,Day 5,5,air\air_9.csv,1.0275382342144948,6.255245091172824
S6_train_I_D1_2_val_D3_5,three_class_with_air,C-DANN-semi,learned latent PCA,air,target,target_domain,Period_II,Day 6,6,air\air_11.csv,0.10136630738751999,5.723962929820804
S6_train_I_D1_2_val_D3_5,three_class_with_air,C-DANN-semi,learned latent PCA,air,target,target_domain,Period_II,Day 6,6,air\air_12.csv,-0.4988589582000273,7.351048948887581
S6_train_I_D1_2_val_D3_5,three_class_with_air,C-DANN-semi,learned latent PCA,air,target,target_domain,Period_II,Day 6,6,air\air_13.csv,0.016425874497248676,7.144613791804742
S6_train_I_D1_2_val_D3_5,three_class_with_air,C-DANN-semi,learned latent PCA,air,target,target_domain,Period_II,Day 8,8,air\air_14.csv,-0.5688582799496434,6.414682965788674
S6_train_I_D1_2_val_D3_5,three_class_with_air,C-DANN-semi,learned latent PCA,air,target,target_domain,Period_II,Day 8,8,air\air_15.csv,0.6899913595110511,5.337232729767536
S6_train_I_D1_2_val_D3_5,three_class_with_air,C-DANN-semi,learned latent PCA,air,target,target_domain,Period_II,Day 8,8,air\reference_9.csv,-1.7244290490036982,1.5644024945721207
S6_train_I_D1_2_val_D3_5,three_class_with_air,C-DANN-semi,learned latent PCA,air,target,target_domain,Period_II,Day 9,9,air\air_16.csv,0.0027742480794499215,5.714989512454707
S6_train_I_D1_2_val_D3_5,three_class_with_air,C-DANN-semi,learned latent PCA,air,target,target_domain,Period_II,Day 9,9,air\air_17.csv,0.4427928330932962,6.617033658451482
S6_train_I_D1_2_val_D3_5,three_class_with_air,C-DANN-semi,learned latent PCA,alcohol,target,target_domain,Period_II,Day 3,3,alcohol\alcohol_11.csv,-3.6048984594524227,-2.7835191573583615
S6_train_I_D1_2_val_D3_5,three_class_with_air,C-DANN-semi,learned latent PCA,alcohol,target,target_domain,Period_II,Day 3,3,alcohol\alcohol_12.csv,-3.8685368056106766,-2.2100079754519117
S6_train_I_D1_2_val_D3_5,three_class_with_air,C-DANN-semi,learned latent PCA,alcohol,target,target_domain,Period_II,Day 3,3,alcohol\alcohol_13.csv,-3.835089625166456,-2.9384713792280803
S6_train_I_D1_2_val_D3_5,three_class_with_air,C-DANN-semi,learned latent PCA,alcohol,target,target_domain,Period_II,Day 3,3,alcohol\alcohol_14.csv,-3.5610934879736176,-1.9238873067871283
S6_train_I_D1_2_val_D3_5,three_class_with_air,C-DANN-semi,learned latent PCA,alcohol,target,target_domain,Period_II,Day 3,3,alcohol\alcohol_15.csv,-3.17907292275494,-1.9904340062545849
S6_train_I_D1_2_val_D3_5,three_class_with_air,C-DANN-semi,learned latent PCA,alcohol,target,target_domain,Period_II,Day 4,4,alcohol\alcohol_16.csv,-3.7381150863347163,-1.749818646212982
S6_train_I_D1_2_val_D3_5,three_class_with_air,C-DANN-semi,learned latent PCA,alcohol,target,target_domain,Period_II,Day 4,4,alcohol\alcohol_17.csv,-3.9028163393638073,-1.0126484081675355
S6_train_I_D1_2_val_D3_5,three_class_with_air,C-DANN-semi,learned latent PCA,alcohol,target,target_domain,Period_II,Day 4,4,alcohol\alcohol_18.csv,-4.4416227511602955,-1.5328449257114845
S6_train_I_D1_2_val_D3_5,three_class_with_air,C-DANN-semi,learned latent PCA,alcohol,target,target_domain,Period_II,Day 4,4,alcohol\alcohol_19.csv,-2.0310947972689744,-1.021772314749984
S6_train_I_D1_2_val_D3_5,three_class_with_air,C-DANN-semi,learned latent PCA,alcohol,target,target_domain,Period_II,Day 4,4,alcohol\alcohol_20.csv,-3.398039462949973,-1.8084784332887076
S6_train_I_D1_2_val_D3_5,three_class_with_air,C-DANN-semi,learned latent PCA,alcohol,target,target_domain,Period_II,Day 5,5,alcohol\alcohol_21.csv,-4.325976134685647,-2.0593036561462736
S6_train_I_D1_2_val_D3_5,three_class_with_air,C-DANN-semi,learned latent PCA,alcohol,target,target_domain,Period_II,Day 5,5,alcohol\alcohol_22.csv,-3.53149519602904,-1.9162613690562782
S6_train_I_D1_2_val_D3_5,three_class_with_air,C-DANN-semi,learned latent PCA,alcohol,target,target_domain,Period_II,Day 5,5,alcohol\alcohol_23.csv,-6.21258663778354,-5.789053635288676
S6_train_I_D1_2_val_D3_5,three_class_with_air,C-DANN-semi,learned latent PCA,alcohol,target,target_domain,Period_II,Day 5,5,alcohol\alcohol_24.csv,-3.5375288011924892,-1.7126747308308021
S6_train_I_D1_2_val_D3_5,three_class_with_air,C-DANN-semi,learned latent PCA,alcohol,target,target_domain,Period_II,Day 5,5,alcohol\alcohol_25.csv,-3.609627027660035,-1.4573805551295984
S6_train_I_D1_2_val_D3_5,three_class_with_air,C-DANN-semi,learned latent PCA,alcohol,target,target_domain,Period_II,Day 6,6,alcohol\alcohol_26.csv,-4.09758491054728,-1.9915699357097805
S6_train_I_D1_2_val_D3_5,three_class_with_air,C-DANN-semi,learned latent PCA,alcohol,target,target_domain,Period_II,Day 6,6,alcohol\alcohol_27.csv,-5.239074097157304,-2.1612972999522886
S6_train_I_D1_2_val_D3_5,three_class_with_air,C-DANN-semi,learned latent PCA,alcohol,target,target_domain,Period_II,Day 6,6,alcohol\alcohol_28.csv,-6.19759284136172,-3.7470060992301915
S6_train_I_D1_2_val_D3_5,three_class_with_air,C-DANN-semi,learned latent PCA,alcohol,target,target_domain,Period_II,Day 6,6,alcohol\alcohol_29.csv,-3.916837329825613,-1.9999609197124602
S6_train_I_D1_2_val_D3_5,three_class_with_air,C-DANN-semi,learned latent PCA,alcohol,target,target_domain,Period_II,Day 6,6,alcohol\alcohol_30.csv,-4.481928978502874,-2.078220835839645
S6_train_I_D1_2_val_D3_5,three_class_with_air,C-DANN-semi,learned latent PCA,alcohol,target,target_domain,Period_II,Day 6,6,alcohol\alcohol_31.csv,-4.467661000367219,-1.9602415953224952
S6_train_I_D1_2_val_D3_5,three_class_with_air,C-DANN-semi,learned latent PCA,alcohol,target,target_domain,Period_II,Day 6,6,alcohol\alcohol_32.csv,-5.021957514131912,-3.72062215141146
S6_train_I_D1_2_val_D3_5,three_class_with_air,C-DANN-semi,learned latent PCA,alcohol,target,target_domain,Period_II,Day 7,7,alcohol\alcohol_33.csv,-4.79288854076913,-2.2333053281788033
S6_train_I_D1_2_val_D3_5,three_class_with_air,C-DANN-semi,learned latent PCA,alcohol,target,target_domain,Period_II,Day 7,7,alcohol\alcohol_34.csv,-3.2642179995799743,-1.938108071730027
S6_train_I_D1_2_val_D3_5,three_class_with_air,C-DANN-semi,learned latent PCA,alcohol,target,target_domain,Period_II,Day 7,7,alcohol\alcohol_35.csv,-4.829320852584135,-2.1586478410623475
S6_train_I_D1_2_val_D3_5,three_class_with_air,C-DANN-semi,learned latent PCA,alcohol,target,target_domain,Period_II,Day 8,8,alcohol\alcohol_36.csv,-3.17517630142611,0.14266236451843975
S6_train_I_D1_2_val_D3_5,three_class_with_air,C-DANN-semi,learned latent PCA,alcohol,target,target_domain,Period_II,Day 8,8,alcohol\alcohol_37.csv,-3.9069448089274057,-1.328219532155977
S6_train_I_D1_2_val_D3_5,three_class_with_air,C-DANN-semi,learned latent PCA,alcohol,target,target_domain,Period_II,Day 8,8,alcohol\alcohol_38.csv,-3.2722691857022106,-1.8699778470937085
S6_train_I_D1_2_val_D3_5,three_class_with_air,C-DANN-semi,learned latent PCA,alcohol,target,target_domain,Period_II,Day 9,9,alcohol\alcohol_39.csv,-4.515687570494417,-1.4234928714972999
S6_train_I_D1_2_val_D3_5,three_class_with_air,C-DANN-semi,learned latent PCA,alcohol,target,target_domain,Period_II,Day 9,9,alcohol\alcohol_40.csv,-3.953932699166914,-3.452560122019771
S6_train_I_D1_2_val_D3_5,three_class_with_air,C-DANN-semi,learned latent PCA,alcohol,target,target_domain,Period_II,Day 9,9,alcohol\alcohol_41.csv,-2.7429090625947716,0.4434676997633042
S6_train_I_D1_2_val_D3_5,three_class_with_air,C-DANN-semi,learned latent PCA,alcohol,target,target_domain,Period_II,Day 9,9,alcohol\alcohol_42.csv,-3.29233275741753,-1.8281455209840625
S6_train_I_D1_2_val_D3_5,three_class_with_air,C-DANN-semi,learned latent PCA,alcohol,target,target_domain,Period_II,Day 9,9,alcohol\alcohol_43.csv,-3.268813225707353,-1.6986906108898043
S6_train_I_D1_2_val_D3_5,three_class_with_air,C-DANN-semi,learned latent PCA,acetone,target,target_domain,Period_II,Day 10,10,acetone\acetone_44.csv,7.629774212542181,-2.4745855240076127
S6_train_I_D1_2_val_D3_5,three_class_with_air,C-DANN-semi,learned latent PCA,acetone,target,target_domain,Period_II,Day 10,10,acetone\acetone_45.csv,0.48916409233034724,-1.0899224618445678
S6_train_I_D1_2_val_D3_5,three_class_with_air,C-DANN-semi,learned latent PCA,acetone,target,target_domain,Period_II,Day 10,10,acetone\acetone_46.csv,1.430632309739333,-1.2095139003944224
S6_train_I_D1_2_val_D3_5,three_class_with_air,C-DANN-semi,learned latent PCA,acetone,target,target_domain,Period_II,Day 10,10,acetone\acetone_47.csv,-1.0165472116231131,-2.870307305042613
S6_train_I_D1_2_val_D3_5,three_class_with_air,C-DANN-semi,learned latent PCA,acetone,target,target_domain,Period_II,Day 11,11,acetone\acetone_48.csv,-0.2290345794593632,-2.0979792999296176
S6_train_I_D1_2_val_D3_5,three_class_with_air,C-DANN-semi,learned latent PCA,acetone,target,target_domain,Period_II,Day 11,11,acetone\acetone_49.csv,4.64828787889217,-2.406768991437361
S6_train_I_D1_2_val_D3_5,three_class_with_air,C-DANN-semi,learned latent PCA,acetone,target,target_domain,Period_II,Day 11,11,acetone\acetone_50.csv,-3.5300943766618578,-2.986099695779888
S6_train_I_D1_2_val_D3_5,three_class_with_air,C-DANN-semi,learned latent PCA,acetone,target,target_domain,Period_II,Day 11,11,acetone\acetone_51.csv,-0.016649119513476026,-2.1393249229712588
S6_train_I_D1_2_val_D3_5,three_class_with_air,C-DANN-semi,learned latent PCA,acetone,target,target_domain,Period_II,Day 12,12,acetone\acetone_52.csv,-0.6488524296515042,-2.1950501783092795
S6_train_I_D1_2_val_D3_5,three_class_with_air,C-DANN-semi,learned latent PCA,acetone,target,target_domain,Period_II,Day 12,12,acetone\acetone_53.csv,-1.7176848100147977,-1.852301703208626
S6_train_I_D1_2_val_D3_5,three_class_with_air,C-DANN-semi,learned latent PCA,acetone,target,target_domain,Period_II,Day 12,12,acetone\acetone_54.csv,2.077092837926113,3.2822239698500937
S6_train_I_D1_2_val_D3_5,three_class_with_air,C-DANN-semi,learned latent PCA,acetone,target,target_domain,Period_II,Day 12,12,acetone\acetone_55.csv,-1.456505008087223,-2.749247931359341
S6_train_I_D1_2_val_D3_5,three_class_with_air,C-DANN-semi,learned latent PCA,acetone,target,target_domain,Period_II,Day 13,13,acetone\acetone_56.csv,0.8703071600320844,-0.9479113023486307
S6_train_I_D1_2_val_D3_5,three_class_with_air,C-DANN-semi,learned latent PCA,acetone,target,target_domain,Period_II,Day 13,13,acetone\acetone_57.csv,4.3556925589544555,-2.6653377570891768
S6_train_I_D1_2_val_D3_5,three_class_with_air,C-DANN-semi,learned latent PCA,acetone,target,target_domain,Period_II,Day 14,14,acetone\acetone_58.csv,2.298783040999085,-1.4110819834399444
S6_train_I_D1_2_val_D3_5,three_class_with_air,C-DANN-semi,learned latent PCA,acetone,target,target_domain,Period_II,Day 14,14,acetone\acetone_59.csv,3.067392100919561,-1.327769346026579
S6_train_I_D1_2_val_D3_5,three_class_with_air,C-DANN-semi,learned latent PCA,acetone,target,target_domain,Period_II,Day 14,14,acetone\acetone_60.csv,6.077698799288836,-2.216178448381993
S6_train_I_D1_2_val_D3_5,three_class_with_air,C-DANN-semi,learned latent PCA,acetone,target,target_domain,Period_II,Day 15,15,acetone\acetone_61.csv,0.4021553723381346,-0.5908421404195466
S6_train_I_D1_2_val_D3_5,three_class_with_air,C-DANN-semi,learned latent PCA,acetone,target,target_domain,Period_II,Day 15,15,acetone\acetone_62.csv,-0.5974589536936163,-3.115587418215137
S6_train_I_D1_2_val_D3_5,three_class_with_air,C-DANN-semi,learned latent PCA,acetone,target,target_domain,Period_II,Day 15,15,acetone\acetone_63.csv,0.5588820867883241,-0.8322445557486841
S6_train_I_D1_2_val_D3_5,three_class_with_air,C-DANN-semi,learned latent PCA,acetone,target,target_domain,Period_II,Day 17,17,acetone\acetone_64.csv,3.0118752684385672,-2.4977410462290774
S6_train_I_D1_2_val_D3_5,three_class_with_air,C-DANN-semi,learned latent PCA,acetone,target,target_domain,Period_II,Day 17,17,acetone\acetone_65.csv,1.6669372894034507,-0.7311056456348852
S6_train_I_D1_2_val_D3_5,three_class_with_air,C-DANN-semi,learned latent PCA,acetone,target,target_domain,Period_II,Day 17,17,acetone\acetone_66.csv,0.9319203612959772,-0.5627312749961987
S6_train_I_D1_2_val_D3_5,three_class_with_air,C-DANN-semi,learned latent PCA,acetone,target,target_domain,Period_II,Day 17,17,acetone\acetone_67.csv,3.2421232138486253,-1.8311358643359488
S6_train_I_D1_2_val_D3_5,three_class_with_air,C-DANN-semi,learned latent PCA,acetone,target,target_domain,Period_II,Day 17,17,acetone\acetone_68.csv,4.170545893267636,-1.8108479363679544
S6_train_I_D1_2_val_D3_5,three_class_with_air,C-DANN-semi,learned latent PCA,air,target,target_domain,Period_II,Day 10,10,air\air_18.csv,-0.24525629228887078,6.9193709900751275
S6_train_I_D1_2_val_D3_5,three_class_with_air,C-DANN-semi,learned latent PCA,air,target,target_domain,Period_II,Day 10,10,air\air_19.csv,-2.928352956816923,3.3078116377800133
S6_train_I_D1_2_val_D3_5,three_class_with_air,C-DANN-semi,learned latent PCA,air,target,target_domain,Period_II,Day 11,11,air\air_20.csv,-2.5941312675540082,1.3785476729244683
S6_train_I_D1_2_val_D3_5,three_class_with_air,C-DANN-semi,learned latent PCA,air,target,target_domain,Period_II,Day 11,11,air\air_21.csv,0.5301594896587871,5.731247812126096
S6_train_I_D1_2_val_D3_5,three_class_with_air,C-DANN-semi,learned latent PCA,air,target,target_domain,Period_II,Day 12,12,air\air_22.csv,-1.3270724721511529,1.4255218319611456
S6_train_I_D1_2_val_D3_5,three_class_with_air,C-DANN-semi,learned latent PCA,air,target,target_domain,Period_II,Day 12,12,air\air_23.csv,-0.6182967028802481,6.024452601169334
S6_train_I_D1_2_val_D3_5,three_class_with_air,C-DANN-semi,learned latent PCA,air,target,target_domain,Period_II,Day 13,13,air\air_24.csv,1.2918080039902429,6.086448561658813
S6_train_I_D1_2_val_D3_5,three_class_with_air,C-DANN-semi,learned latent PCA,air,target,target_domain,Period_II,Day 13,13,air\air_25.csv,-0.3366126842200107,4.082172437294609
S6_train_I_D1_2_val_D3_5,three_class_with_air,C-DANN-semi,learned latent PCA,air,target,target_domain,Period_II,Day 13,13,air\air_26.csv,0.4136866940033931,7.859709150394743
S6_train_I_D1_2_val_D3_5,three_class_with_air,C-DANN-semi,learned latent PCA,air,target,target_domain,Period_II,Day 13,13,air\air_27.csv,-0.48446452264336637,5.71182185476533
S6_train_I_D1_2_val_D3_5,three_class_with_air,C-DANN-semi,learned latent PCA,air,target,target_domain,Period_II,Day 13,13,air\air_28.csv,-1.5458682258750684,2.1618254106839174
S6_train_I_D1_2_val_D3_5,three_class_with_air,C-DANN-semi,learned latent PCA,air,target,target_domain,Period_II,Day 14,14,air\air_29.csv,-0.6389436908416345,5.49130696684929
S6_train_I_D1_2_val_D3_5,three_class_with_air,C-DANN-semi,learned latent PCA,air,target,target_domain,Period_II,Day 14,14,air\air_30.csv,-0.34594851043138203,4.67253538227117
S6_train_I_D1_2_val_D3_5,three_class_with_air,C-DANN-semi,learned latent PCA,air,target,target_domain,Period_II,Day 14,14,air\air_31.csv,0.5865983578408078,4.994724459462735
S6_train_I_D1_2_val_D3_5,three_class_with_air,C-DANN-semi,learned latent PCA,air,target,target_domain,Period_II,Day 14,14,air\air_32.csv,1.406168590894953,5.563943283896039
S6_train_I_D1_2_val_D3_5,three_class_with_air,C-DANN-semi,learned latent PCA,air,target,target_domain,Period_II,Day 14,14,air\air_33.csv,-0.947613431005101,6.698329687335077
S6_train_I_D1_2_val_D3_5,three_class_with_air,C-DANN-semi,learned latent PCA,air,target,target_domain,Period_II,Day 14,14,air\air_34.csv,0.2339516768183616,7.8169539946879745
S6_train_I_D1_2_val_D3_5,three_class_with_air,C-DANN-semi,learned latent PCA,air,target,target_domain,Period_II,Day 15,15,air\air_35.csv,-0.07472687642809334,4.503562040217843
S6_train_I_D1_2_val_D3_5,three_class_with_air,C-DANN-semi,learned latent PCA,air,target,target_domain,Period_II,Day 15,15,air\air_36.csv,-2.6439297053650836,0.8279680626116731
S6_train_I_D1_2_val_D3_5,three_class_with_air,C-DANN-semi,learned latent PCA,air,target,target_domain,Period_II,Day 15,15,air\air_37.csv,0.952776277328756,6.072546872209428
S6_train_I_D1_2_val_D3_5,three_class_with_air,C-DANN-semi,learned latent PCA,air,target,target_domain,Period_II,Day 15,15,air\air_38.csv,-1.6773580836063835,4.740362450312319
S6_train_I_D1_2_val_D3_5,three_class_with_air,C-DANN-semi,learned latent PCA,air,target,target_domain,Period_II,Day 15,15,air\air_39.csv,1.2492938519134982,5.727005266756288
S6_train_I_D1_2_val_D3_5,three_class_with_air,C-DANN-semi,learned latent PCA,air,target,target_domain,Period_II,Day 15,15,air\air_40.csv,0.13391649320263666,5.3703659765921605
S6_train_I_D1_2_val_D3_5,three_class_with_air,C-DANN-semi,learned latent PCA,air,target,target_domain,Period_II,Day 16,16,air\air_41.csv,-2.610993104749646,-4.236064782256974
S6_train_I_D1_2_val_D3_5,three_class_with_air,C-DANN-semi,learned latent PCA,air,target,target_domain,Period_II,Day 16,16,air\air_42.csv,0.43194415953824083,6.480542554538832
S6_train_I_D1_2_val_D3_5,three_class_with_air,C-DANN-semi,learned latent PCA,air,target,target_domain,Period_II,Day 16,16,air\air_43.csv,-3.371481660526736,-2.5488681794894066
S6_train_I_D1_2_val_D3_5,three_class_with_air,C-DANN-semi,learned latent PCA,air,target,target_domain,Period_II,Day 16,16,air\air_44.csv,-0.8462605303347505,6.413987998137279
S6_train_I_D1_2_val_D3_5,three_class_with_air,C-DANN-semi,learned latent PCA,air,target,target_domain,Period_II,Day 17,17,air\air_45.csv,-0.26372424370344283,7.400290686725892
S6_train_I_D1_2_val_D3_5,three_class_with_air,C-DANN-semi,learned latent PCA,air,target,target_domain,Period_II,Day 17,17,air\air_46.csv,-2.9616362224380492,2.159434724159894
S6_train_I_D1_2_val_D3_5,three_class_with_air,C-DANN-semi,learned latent PCA,air,target,target_domain,Period_II,Day 17,17,air\air_47.csv,-1.843855161602214,4.8406868736482656
S6_train_I_D1_2_val_D3_5,three_class_with_air,C-DANN-semi,learned latent PCA,air,target,target_domain,Period_II,Day 17,17,air\air_48.csv,0.09296124798104483,5.694830328167805
S6_train_I_D1_2_val_D3_5,three_class_with_air,C-DANN-semi,learned latent PCA,alcohol,target,target_domain,Period_II,Day 10,10,alcohol\alcohol_44.csv,-3.7244478682749493,-2.1997176259448246
S6_train_I_D1_2_val_D3_5,three_class_with_air,C-DANN-semi,learned latent PCA,alcohol,target,target_domain,Period_II,Day 10,10,alcohol\alcohol_45.csv,-3.6583238259814572,-1.9167245326898599
S6_train_I_D1_2_val_D3_5,three_class_with_air,C-DANN-semi,learned latent PCA,alcohol,target,target_domain,Period_II,Day 10,10,alcohol\alcohol_46.csv,-3.1316573055591883,-2.253132622313125
S6_train_I_D1_2_val_D3_5,three_class_with_air,C-DANN-semi,learned latent PCA,alcohol,target,target_domain,Period_II,Day 10,10,alcohol\alcohol_47.csv,-4.1096080378363045,-2.877583552870985
S6_train_I_D1_2_val_D3_5,three_class_with_air,C-DANN-semi,learned latent PCA,alcohol,target,target_domain,Period_II,Day 11,11,alcohol\alcohol_48.csv,-4.293009693132309,-3.62655933338139
S6_train_I_D1_2_val_D3_5,three_class_with_air,C-DANN-semi,learned latent PCA,alcohol,target,target_domain,Period_II,Day 11,11,alcohol\alcohol_49.csv,-3.8642122623516495,-2.169722745672869
S6_train_I_D1_2_val_D3_5,three_class_with_air,C-DANN-semi,learned latent PCA,alcohol,target,target_domain,Period_II,Day 11,11,alcohol\alcohol_50.csv,-3.8393614147278465,-2.1570713597439175
S6_train_I_D1_2_val_D3_5,three_class_with_air,C-DANN-semi,learned latent PCA,alcohol,target,target_domain,Period_II,Day 11,11,alcohol\alcohol_51.csv,-4.160862792130705,-1.3455926723773095
S6_train_I_D1_2_val_D3_5,three_class_with_air,C-DANN-semi,learned latent PCA,alcohol,target,target_domain,Period_II,Day 12,12,alcohol\alcohol_52.csv,-1.2305743563643856,-1.039853300117372
S6_train_I_D1_2_val_D3_5,three_class_with_air,C-DANN-semi,learned latent PCA,alcohol,target,target_domain,Period_II,Day 12,12,alcohol\alcohol_53.csv,-3.1157957452372242,-1.8230707688784844
S6_train_I_D1_2_val_D3_5,three_class_with_air,C-DANN-semi,learned latent PCA,alcohol,target,target_domain,Period_II,Day 12,12,alcohol\alcohol_54.csv,-3.764750227571804,-1.0409697261895112
S6_train_I_D1_2_val_D3_5,three_class_with_air,C-DANN-semi,learned latent PCA,alcohol,target,target_domain,Period_II,Day 12,12,alcohol\alcohol_55.csv,-3.3463891013294997,-2.1451987872349934
S6_train_I_D1_2_val_D3_5,three_class_with_air,C-DANN-semi,learned latent PCA,alcohol,target,target_domain,Period_II,Day 13,13,alcohol\alcohol_56.csv,-3.71221629758706,-1.7946875054523295
S6_train_I_D1_2_val_D3_5,three_class_with_air,C-DANN-semi,learned latent PCA,alcohol,target,target_domain,Period_II,Day 13,13,alcohol\alcohol_57.csv,-3.6865853797406722,-1.5983592891107878
S6_train_I_D1_2_val_D3_5,three_class_with_air,C-DANN-semi,learned latent PCA,alcohol,target,target_domain,Period_II,Day 14,14,alcohol\alcohol_58.csv,-5.01540640374885,-3.270077457093509
S6_train_I_D1_2_val_D3_5,three_class_with_air,C-DANN-semi,learned latent PCA,alcohol,target,target_domain,Period_II,Day 14,14,alcohol\alcohol_59.csv,-3.0328136623134103,-1.8157512080176215
S6_train_I_D1_2_val_D3_5,three_class_with_air,C-DANN-semi,learned latent PCA,alcohol,target,target_domain,Period_II,Day 14,14,alcohol\alcohol_60.csv,-4.604073990139335,-2.420187221660375
S6_train_I_D1_2_val_D3_5,three_class_with_air,C-DANN-semi,learned latent PCA,alcohol,target,target_domain,Period_II,Day 15,15,alcohol\alcohol_61.csv,-3.6103187899473097,-2.0757364854266194
S6_train_I_D1_2_val_D3_5,three_class_with_air,C-DANN-semi,learned latent PCA,alcohol,target,target_domain,Period_II,Day 15,15,alcohol\alcohol_62.csv,-4.233247346753193,-2.8695752791439473
S6_train_I_D1_2_val_D3_5,three_class_with_air,C-DANN-semi,learned latent PCA,alcohol,target,target_domain,Period_II,Day 15,15,alcohol\alcohol_63.csv,-5.096522750893874,-3.699514236272144
S6_train_I_D1_2_val_D3_5,three_class_with_air,C-DANN-semi,learned latent PCA,alcohol,target,target_domain,Period_II,Day 17,17,alcohol\alcohol_64.csv,-3.7040810156542,-1.8412682726601968
S6_train_I_D1_2_val_D3_5,three_class_with_air,C-DANN-semi,learned latent PCA,alcohol,target,target_domain,Period_II,Day 17,17,alcohol\alcohol_65.csv,-3.5827178648601805,-1.884112792846839
S6_train_I_D1_2_val_D3_5,three_class_with_air,C-DANN-semi,learned latent PCA,alcohol,target,target_domain,Period_II,Day 17,17,alcohol\alcohol_66.csv,-4.391164244170228,-1.6834720794977074
S6_train_I_D1_2_val_D3_5,three_class_with_air,C-DANN-semi,learned latent PCA,alcohol,target,target_domain,Period_II,Day 17,17,alcohol\alcohol_67.csv,-4.8860956597177,-2.9179705238319427
S6_train_I_D1_2_val_D3_5,three_class_with_air,C-DANN-semi,learned latent PCA,alcohol,target,target_domain,Period_II,Day 17,17,alcohol\alcohol_68.csv,-4.287666742041884,-2.2695520523305706
S6_train_I_D1_2_val_D3_5,three_class_with_air,C-DANN-semi,learned latent PCA,acetone,target,target_domain,Period_III,Day 18,18,acetone\acetone_69.csv,2.1873169310377656,-1.4490466197122607
S6_train_I_D1_2_val_D3_5,three_class_with_air,C-DANN-semi,learned latent PCA,acetone,target,target_domain,Period_III,Day 18,18,acetone\acetone_70.csv,5.485048832116638,-2.0579173247352505
S6_train_I_D1_2_val_D3_5,three_class_with_air,C-DANN-semi,learned latent PCA,acetone,target,target_domain,Period_III,Day 18,18,acetone\acetone_71.csv,8.036966546742772,-2.423454784509569
S6_train_I_D1_2_val_D3_5,three_class_with_air,C-DANN-semi,learned latent PCA,acetone,target,target_domain,Period_III,Day 18,18,acetone\acetone_72.csv,3.952475475362838,-1.9453052694319266
S6_train_I_D1_2_val_D3_5,three_class_with_air,C-DANN-semi,learned latent PCA,acetone,target,target_domain,Period_III,Day 18,18,acetone\acetone_73.csv,2.822150001310029,-1.7546158751499523
S6_train_I_D1_2_val_D3_5,three_class_with_air,C-DANN-semi,learned latent PCA,acetone,target,target_domain,Period_III,Day 19,19,acetone\acetone_74.csv,6.569992858413315,-3.2535575458253234
S6_train_I_D1_2_val_D3_5,three_class_with_air,C-DANN-semi,learned latent PCA,acetone,target,target_domain,Period_III,Day 19,19,acetone\acetone_75.csv,9.11177072541222,-2.5375147262864917
S6_train_I_D1_2_val_D3_5,three_class_with_air,C-DANN-semi,learned latent PCA,acetone,target,target_domain,Period_III,Day 19,19,acetone\acetone_76.csv,10.473376586993973,-2.791771998054736
S6_train_I_D1_2_val_D3_5,three_class_with_air,C-DANN-semi,learned latent PCA,acetone,target,target_domain,Period_III,Day 20,20,acetone\acetone_77.csv,11.08927231577727,-3.0869059655641986
S6_train_I_D1_2_val_D3_5,three_class_with_air,C-DANN-semi,learned latent PCA,acetone,target,target_domain,Period_III,Day 20,20,acetone\acetone_78.csv,9.42539277174038,-2.8482031890368695
S6_train_I_D1_2_val_D3_5,three_class_with_air,C-DANN-semi,learned latent PCA,acetone,target,target_domain,Period_III,Day 20,20,acetone\acetone_79.csv,5.944818339625256,-2.05434708011565
S6_train_I_D1_2_val_D3_5,three_class_with_air,C-DANN-semi,learned latent PCA,acetone,target,target_domain,Period_III,Day 20,20,acetone\acetone_80.csv,10.25336855084963,-2.6105165606301215
S6_train_I_D1_2_val_D3_5,three_class_with_air,C-DANN-semi,learned latent PCA,acetone,target,target_domain,Period_III,Day 21,21,acetone\acetone_81.csv,9.414799536214975,-2.565405332303813
S6_train_I_D1_2_val_D3_5,three_class_with_air,C-DANN-semi,learned latent PCA,acetone,target,target_domain,Period_III,Day 21,21,acetone\acetone_82.csv,4.564025860872351,-1.9145348735804577
S6_train_I_D1_2_val_D3_5,three_class_with_air,C-DANN-semi,learned latent PCA,acetone,target,target_domain,Period_III,Day 21,21,acetone\acetone_83.csv,11.494727593958878,-3.368266107023589
S6_train_I_D1_2_val_D3_5,three_class_with_air,C-DANN-semi,learned latent PCA,acetone,target,target_domain,Period_III,Day 21,21,acetone\acetone_84.csv,17.20753404895814,-3.6899395734113996
S6_train_I_D1_2_val_D3_5,three_class_with_air,C-DANN-semi,learned latent PCA,air,target,target_domain,Period_III,Day 18,18,air\air_49.csv,0.6693786727015149,6.770869416312336
S6_train_I_D1_2_val_D3_5,three_class_with_air,C-DANN-semi,learned latent PCA,air,target,target_domain,Period_III,Day 18,18,air\air_50.csv,0.6512229909082664,5.887629696856716
S6_train_I_D1_2_val_D3_5,three_class_with_air,C-DANN-semi,learned latent PCA,air,target,target_domain,Period_III,Day 18,18,air\air_51.csv,0.6854041001731904,6.379946480498652
S6_train_I_D1_2_val_D3_5,three_class_with_air,C-DANN-semi,learned latent PCA,air,target,target_domain,Period_III,Day 18,18,air\air_52.csv,0.7531508902554577,6.073729282235597
S6_train_I_D1_2_val_D3_5,three_class_with_air,C-DANN-semi,learned latent PCA,air,target,target_domain,Period_III,Day 19,19,air\air_53.csv,-3.346644477723716,-1.43711038008843
S6_train_I_D1_2_val_D3_5,three_class_with_air,C-DANN-semi,learned latent PCA,air,target,target_domain,Period_III,Day 19,19,air\air_54.csv,0.8833450870960793,6.778092561143639
S6_train_I_D1_2_val_D3_5,three_class_with_air,C-DANN-semi,learned latent PCA,air,target,target_domain,Period_III,Day 20,20,air\air_55.csv,0.5664892657850817,5.444383079793109
S6_train_I_D1_2_val_D3_5,three_class_with_air,C-DANN-semi,learned latent PCA,air,target,target_domain,Period_III,Day 20,20,air\air_56.csv,-3.7381234637741505,-0.48911082955806595
S6_train_I_D1_2_val_D3_5,three_class_with_air,C-DANN-semi,learned latent PCA,air,target,target_domain,Period_III,Day 20,20,air\air_57.csv,0.6172843176356049,8.935989600864753
S6_train_I_D1_2_val_D3_5,three_class_with_air,C-DANN-semi,learned latent PCA,air,target,target_domain,Period_III,Day 20,20,air\air_58.csv,0.11848604308747128,4.617414462204571
S6_train_I_D1_2_val_D3_5,three_class_with_air,C-DANN-semi,learned latent PCA,air,target,target_domain,Period_III,Day 21,21,air\air_59.csv,-4.685868096424165,-3.505533534822771
S6_train_I_D1_2_val_D3_5,three_class_with_air,C-DANN-semi,learned latent PCA,air,target,target_domain,Period_III,Day 21,21,air\air_60.csv,0.6508039766464627,7.588059276529133
S6_train_I_D1_2_val_D3_5,three_class_with_air,C-DANN-semi,learned latent PCA,air,target,target_domain,Period_III,Day 21,21,air\air_61.csv,0.6760684296492677,7.085417168041977
S6_train_I_D1_2_val_D3_5,three_class_with_air,C-DANN-semi,learned latent PCA,air,target,target_domain,Period_III,Day 21,21,air\air_62.csv,0.11636555256965482,5.574261132491444
S6_train_I_D1_2_val_D3_5,three_class_with_air,C-DANN-semi,learned latent PCA,alcohol,target,target_domain,Period_III,Day 18,18,alcohol\alcohol_69.csv,-3.785227600028016,-2.123287570223256
S6_train_I_D1_2_val_D3_5,three_class_with_air,C-DANN-semi,learned latent PCA,alcohol,target,target_domain,Period_III,Day 18,18,alcohol\alcohol_70.csv,-4.839572537619197,-2.511838951842501
S6_train_I_D1_2_val_D3_5,three_class_with_air,C-DANN-semi,learned latent PCA,alcohol,target,target_domain,Period_III,Day 18,18,alcohol\alcohol_71.csv,-4.774257598682749,-2.499243682657659
S6_train_I_D1_2_val_D3_5,three_class_with_air,C-DANN-semi,learned latent PCA,alcohol,target,target_domain,Period_III,Day 18,18,alcohol\alcohol_72.csv,-4.963600036765387,-2.7620731893684276
S6_train_I_D1_2_val_D3_5,three_class_with_air,C-DANN-semi,learned latent PCA,alcohol,target,target_domain,Period_III,Day 18,18,alcohol\alcohol_73.csv,-5.476310693145569,-2.5084133717624364
S6_train_I_D1_2_val_D3_5,three_class_with_air,C-DANN-semi,learned latent PCA,alcohol,target,target_domain,Period_III,Day 19,19,alcohol\alcohol_74.csv,-4.004838771023521,-2.0360343839485178
S6_train_I_D1_2_val_D3_5,three_class_with_air,C-DANN-semi,learned latent PCA,alcohol,target,target_domain,Period_III,Day 19,19,alcohol\alcohol_75.csv,-5.716891266244855,-3.2652239791851003
S6_train_I_D1_2_val_D3_5,three_class_with_air,C-DANN-semi,learned latent PCA,alcohol,target,target_domain,Period_III,Day 19,19,alcohol\alcohol_76.csv,-4.558455106999521,-2.064861393099232
S6_train_I_D1_2_val_D3_5,three_class_with_air,C-DANN-semi,learned latent PCA,alcohol,target,target_domain,Period_III,Day 20,20,alcohol\alcohol_77.csv,-5.402257249588599,-2.436925554684501
S6_train_I_D1_2_val_D3_5,three_class_with_air,C-DANN-semi,learned latent PCA,alcohol,target,target_domain,Period_III,Day 20,20,alcohol\alcohol_78.csv,-4.155950378352728,-1.985377798051701
S6_train_I_D1_2_val_D3_5,three_class_with_air,C-DANN-semi,learned latent PCA,alcohol,target,target_domain,Period_III,Day 20,20,alcohol\alcohol_79.csv,-4.810692168366558,-2.3664450421567613
S6_train_I_D1_2_val_D3_5,three_class_with_air,C-DANN-semi,learned latent PCA,alcohol,target,target_domain,Period_III,Day 20,20,alcohol\alcohol_80.csv,-4.415964568056787,-2.3076177980939727
S6_train_I_D1_2_val_D3_5,three_class_with_air,C-DANN-semi,learned latent PCA,alcohol,target,target_domain,Period_III,Day 21,21,alcohol\alcohol_81.csv,-4.881993383050561,-2.4685009524112456
S6_train_I_D1_2_val_D3_5,three_class_with_air,C-DANN-semi,learned latent PCA,alcohol,target,target_domain,Period_III,Day 21,21,alcohol\alcohol_82.csv,-4.33195247823626,-2.3890449935531453
S6_train_I_D1_2_val_D3_5,three_class_with_air,C-DANN-semi,learned latent PCA,alcohol,target,target_domain,Period_III,Day 21,21,alcohol\alcohol_83.csv,-4.9468786841518195,-2.367321045047841
S6_train_I_D1_2_val_D3_5,three_class_with_air,C-DANN-semi,learned latent PCA,alcohol,target,target_domain,Period_III,Day 21,21,alcohol\alcohol_84.csv,-4.177421935006429,-2.488506338305994
S6_train_I_D1_2_val_D3_5,three_class_with_air,C-DANN-semi,learned latent PCA,acetone,target,target_domain,Period_IV,Day 22,22,acetone\acetone_85.csv,-3.7072930479690913,-1.5642043418562035
S6_train_I_D1_2_val_D3_5,three_class_with_air,C-DANN-semi,learned latent PCA,acetone,target,target_domain,Period_IV,Day 22,22,acetone\acetone_86.csv,-4.789595038463076,-2.7670335417653464
S6_train_I_D1_2_val_D3_5,three_class_with_air,C-DANN-semi,learned latent PCA,acetone,target,target_domain,Period_IV,Day 22,22,acetone\acetone_87.csv,0.1809245565259158,-2.830310145223876
S6_train_I_D1_2_val_D3_5,three_class_with_air,C-DANN-semi,learned latent PCA,acetone,target,target_domain,Period_IV,Day 22,22,acetone\acetone_88.csv,6.467717898755634,-2.1970951434486556
S6_train_I_D1_2_val_D3_5,three_class_with_air,C-DANN-semi,learned latent PCA,acetone,target,target_domain,Period_IV,Day 23,23,acetone\acetone_89.csv,6.709447836100802,-2.4368430171083055
S6_train_I_D1_2_val_D3_5,three_class_with_air,C-DANN-semi,learned latent PCA,acetone,target,target_domain,Period_IV,Day 23,23,acetone\acetone_90.csv,6.066065183494892,-2.086726060504755
S6_train_I_D1_2_val_D3_5,three_class_with_air,C-DANN-semi,learned latent PCA,acetone,target,target_domain,Period_IV,Day 23,23,acetone\acetone_91.csv,10.756279380394082,-2.757133877297855
S6_train_I_D1_2_val_D3_5,three_class_with_air,C-DANN-semi,learned latent PCA,acetone,target,target_domain,Period_IV,Day 23,23,acetone\acetone_92.csv,11.43778809371956,-2.939174584297609
S6_train_I_D1_2_val_D3_5,three_class_with_air,C-DANN-semi,learned latent PCA,acetone,target,target_domain,Period_IV,Day 24,24,acetone\acetone_93.csv,7.616286599320491,-2.119270032371557
S6_train_I_D1_2_val_D3_5,three_class_with_air,C-DANN-semi,learned latent PCA,acetone,target,target_domain,Period_IV,Day 24,24,acetone\acetone_94.csv,4.449562029785429,-2.1575425541961106
S6_train_I_D1_2_val_D3_5,three_class_with_air,C-DANN-semi,learned latent PCA,acetone,target,target_domain,Period_IV,Day 24,24,acetone\acetone_95.csv,6.640481318333823,-2.2525254059850934
S6_train_I_D1_2_val_D3_5,three_class_with_air,C-DANN-semi,learned latent PCA,acetone,target,target_domain,Period_IV,Day 24,24,acetone\acetone_96.csv,5.039667816536038,-1.949672719315466
S6_train_I_D1_2_val_D3_5,three_class_with_air,C-DANN-semi,learned latent PCA,air,target,target_domain,Period_IV,Day 22,22,air\air_63.csv,-0.29421009992221414,7.107384249199988
S6_train_I_D1_2_val_D3_5,three_class_with_air,C-DANN-semi,learned latent PCA,air,target,target_domain,Period_IV,Day 22,22,air\air_64.csv,-1.9276261774169081,6.191643741712348
S6_train_I_D1_2_val_D3_5,three_class_with_air,C-DANN-semi,learned latent PCA,air,target,target_domain,Period_IV,Day 22,22,air\air_65.csv,-3.5507576585409573,-4.255103937474809
S6_train_I_D1_2_val_D3_5,three_class_with_air,C-DANN-semi,learned latent PCA,air,target,target_domain,Period_IV,Day 23,23,air\air_66.csv,0.1181344668796079,4.660055774377252
S6_train_I_D1_2_val_D3_5,three_class_with_air,C-DANN-semi,learned latent PCA,air,target,target_domain,Period_IV,Day 23,23,air\air_67.csv,0.5817733102961327,6.10882666735026
S6_train_I_D1_2_val_D3_5,three_class_with_air,C-DANN-semi,learned latent PCA,air,target,target_domain,Period_IV,Day 23,23,air\air_68.csv,0.002900675428668927,6.790629232948272
S6_train_I_D1_2_val_D3_5,three_class_with_air,C-DANN-semi,learned latent PCA,air,target,target_domain,Period_IV,Day 23,23,air\air_69.csv,-0.08922003565226634,6.234017636245807
S6_train_I_D1_2_val_D3_5,three_class_with_air,C-DANN-semi,learned latent PCA,air,target,target_domain,Period_IV,Day 24,24,air\air_70.csv,0.8147322990384919,7.654094995898032
S6_train_I_D1_2_val_D3_5,three_class_with_air,C-DANN-semi,learned latent PCA,air,target,target_domain,Period_IV,Day 24,24,air\air_71.csv,-0.19679774400011074,5.074743695452401
S6_train_I_D1_2_val_D3_5,three_class_with_air,C-DANN-semi,learned latent PCA,air,target,target_domain,Period_IV,Day 24,24,air\air_72.csv,-0.048759516786797484,6.377645913486226
S6_train_I_D1_2_val_D3_5,three_class_with_air,C-DANN-semi,learned latent PCA,alcohol,target,target_domain,Period_IV,Day 22,22,alcohol\alcohol_85.csv,-4.631123579778161,-2.158477458144162
S6_train_I_D1_2_val_D3_5,three_class_with_air,C-DANN-semi,learned latent PCA,alcohol,target,target_domain,Period_IV,Day 22,22,alcohol\alcohol_86.csv,-4.9658492993943995,-0.7528576667433509
S6_train_I_D1_2_val_D3_5,three_class_with_air,C-DANN-semi,learned latent PCA,alcohol,target,target_domain,Period_IV,Day 22,22,alcohol\alcohol_87.csv,-3.17630448110133,-1.5082447285055636
S6_train_I_D1_2_val_D3_5,three_class_with_air,C-DANN-semi,learned latent PCA,alcohol,target,target_domain,Period_IV,Day 22,22,alcohol\alcohol_88.csv,-3.4098549200993666,-2.2268697884158697
S6_train_I_D1_2_val_D3_5,three_class_with_air,C-DANN-semi,learned latent PCA,alcohol,target,target_domain,Period_IV,Day 23,23,alcohol\alcohol_89.csv,-3.9109269495062264,-2.4972122906441054
S6_train_I_D1_2_val_D3_5,three_class_with_air,C-DANN-semi,learned latent PCA,alcohol,target,target_domain,Period_IV,Day 23,23,alcohol\alcohol_90.csv,-4.463842449072722,-2.606413063497232
S6_train_I_D1_2_val_D3_5,three_class_with_air,C-DANN-semi,learned latent PCA,alcohol,target,target_domain,Period_IV,Day 23,23,alcohol\alcohol_91.csv,-4.523910065357597,-2.3101729168886784
S6_train_I_D1_2_val_D3_5,three_class_with_air,C-DANN-semi,learned latent PCA,alcohol,target,target_domain,Period_IV,Day 23,23,alcohol\alcohol_92.csv,-5.250853090481057,-2.9671316191196673
S6_train_I_D1_2_val_D3_5,three_class_with_air,C-DANN-semi,learned latent PCA,alcohol,target,target_domain,Period_IV,Day 24,24,alcohol\alcohol_93.csv,-5.635917342300176,-3.5941548573775535
S6_train_I_D1_2_val_D3_5,three_class_with_air,C-DANN-semi,learned latent PCA,alcohol,target,target_domain,Period_IV,Day 24,24,alcohol\alcohol_94.csv,-4.69037330633231,-2.288157715692257
S6_train_I_D1_2_val_D3_5,three_class_with_air,C-DANN-semi,learned latent PCA,alcohol,target,target_domain,Period_IV,Day 24,24,alcohol\alcohol_95.csv,-3.8174953635942943,-2.4500679425246656
S6_train_I_D1_2_val_D3_5,three_class_with_air,C-DANN-semi,learned latent PCA,alcohol,target,target_domain,Period_IV,Day 24,24,alcohol\alcohol_96.csv,-3.000866842882682,-1.9227976922089178
S7_train_I_D1_3_val_D4_5,three_class_with_air,C-DANN-UDA,learned latent PCA,acetone,source,source_train,Period_I,Day 1 afternoon,1,acetone\acetone_o1.csv,-1.7172979386749758,-0.674819604057832
S7_train_I_D1_3_val_D4_5,three_class_with_air,C-DANN-UDA,learned latent PCA,acetone,source,source_train,Period_I,Day 1 afternoon,1,acetone\acetone_o2.csv,-3.0810036986744294,1.2161223212390988
S7_train_I_D1_3_val_D4_5,three_class_with_air,C-DANN-UDA,learned latent PCA,acetone,source,source_train,Period_I,Day 1 afternoon,1,acetone\acetone_o3.csv,-5.5122259495518335,-1.4169398114998837
S7_train_I_D1_3_val_D4_5,three_class_with_air,C-DANN-UDA,learned latent PCA,acetone,source,source_train,Period_I,Day 2 noon,2,acetone\acetone_o4.csv,-6.580137674292473,-0.7890618572147443
S7_train_I_D1_3_val_D4_5,three_class_with_air,C-DANN-UDA,learned latent PCA,acetone,source,source_train,Period_I,Day 2 noon,2,acetone\acetone_o5.csv,-8.134385105128498,-0.8703682274437984
S7_train_I_D1_3_val_D4_5,three_class_with_air,C-DANN-UDA,learned latent PCA,acetone,source,source_train,Period_I,Day 2 noon,2,acetone\acetone_o6.csv,-4.225444522008644,-1.635175692241379
S7_train_I_D1_3_val_D4_5,three_class_with_air,C-DANN-UDA,learned latent PCA,acetone,source,source_train,Period_I,Day 2 afternoon,2,acetone\acetone_o7.csv,-1.8909160221126513,0.051134236020819464
S7_train_I_D1_3_val_D4_5,three_class_with_air,C-DANN-UDA,learned latent PCA,acetone,source,source_train,Period_I,Day 2 afternoon,2,acetone\acetone_o8.csv,-4.806915422840455,-0.36311473331897365
S7_train_I_D1_3_val_D4_5,three_class_with_air,C-DANN-UDA,learned latent PCA,acetone,source,source_train,Period_I,Day 2 afternoon,2,acetone\acetone_o9.csv,-8.746055649434043,-0.10501538337196743
S7_train_I_D1_3_val_D4_5,three_class_with_air,C-DANN-UDA,learned latent PCA,acetone,source,source_train,Period_I,Day 3 noon,3,acetone\acetone_o10.csv,-4.073674117170081,-0.39166371254471316
S7_train_I_D1_3_val_D4_5,three_class_with_air,C-DANN-UDA,learned latent PCA,acetone,source,source_train,Period_I,Day 3 noon,3,acetone\acetone_o11.csv,-3.1419756810662873,-0.5745845169309838
S7_train_I_D1_3_val_D4_5,three_class_with_air,C-DANN-UDA,learned latent PCA,acetone,source,source_train,Period_I,Day 3 noon,3,acetone\acetone_o12.csv,-13.349296969101944,0.10810816816907926
S7_train_I_D1_3_val_D4_5,three_class_with_air,C-DANN-UDA,learned latent PCA,air,source,source_train,Period_I,baseline,0,air\baseline_1.csv,3.527839111255702,5.905397488054973
S7_train_I_D1_3_val_D4_5,three_class_with_air,C-DANN-UDA,learned latent PCA,air,source,source_train,Period_I,baseline,0,air\baseline_3.csv,1.7250722344303242,4.33408268254033
S7_train_I_D1_3_val_D4_5,three_class_with_air,C-DANN-UDA,learned latent PCA,air,source,source_train,Period_I,baseline,0,air\baseline_4.csv,2.7493128951129164,3.4742557129192875
S7_train_I_D1_3_val_D4_5,three_class_with_air,C-DANN-UDA,learned latent PCA,air,source,source_train,Period_I,baseline,0,air\baseline_5.csv,2.2026947224609543,3.708177432342375
S7_train_I_D1_3_val_D4_5,three_class_with_air,C-DANN-UDA,learned latent PCA,air,source,source_train,Period_I,baseline,0,air\baseline_6.csv,5.030538024535752,8.29898917137426
S7_train_I_D1_3_val_D4_5,three_class_with_air,C-DANN-UDA,learned latent PCA,air,source,source_train,Period_I,baseline,0,air\baseline_7.csv,2.116183136535781,5.056333529139759
S7_train_I_D1_3_val_D4_5,three_class_with_air,C-DANN-UDA,learned latent PCA,alcohol,source,source_train,Period_I,Day 1 afternoon,1,alcohol\alcohol_o1.csv,2.2358463676205544,-3.580023372829874
S7_train_I_D1_3_val_D4_5,three_class_with_air,C-DANN-UDA,learned latent PCA,alcohol,source,source_train,Period_I,Day 1 afternoon,1,alcohol\alcohol_o2.csv,2.4778517221063483,-4.010740512959811
S7_train_I_D1_3_val_D4_5,three_class_with_air,C-DANN-UDA,learned latent PCA,alcohol,source,source_train,Period_I,Day 1 afternoon,1,alcohol\alcohol_o3.csv,2.0620828552612513,-3.31316087756695
S7_train_I_D1_3_val_D4_5,three_class_with_air,C-DANN-UDA,learned latent PCA,alcohol,source,source_train,Period_I,Day 2 noon,2,alcohol\alcohol_o4.csv,3.2110131303522462,-1.9429930400284547
S7_train_I_D1_3_val_D4_5,three_class_with_air,C-DANN-UDA,learned latent PCA,alcohol,source,source_train,Period_I,Day 2 noon,2,alcohol\alcohol_o5.csv,3.802506500847139,-2.1804284041305264
S7_train_I_D1_3_val_D4_5,three_class_with_air,C-DANN-UDA,learned latent PCA,alcohol,source,source_train,Period_I,Day 2 noon,2,alcohol\alcohol_o6.csv,3.1987821367116043,-2.1145211562964743
S7_train_I_D1_3_val_D4_5,three_class_with_air,C-DANN-UDA,learned latent PCA,alcohol,source,source_train,Period_I,Day 2 afternoon,2,alcohol\alcohol_o7.csv,4.526565070176824,-3.620601406103585
S7_train_I_D1_3_val_D4_5,three_class_with_air,C-DANN-UDA,learned latent PCA,alcohol,source,source_train,Period_I,Day 2 afternoon,2,alcohol\alcohol_o8.csv,2.253146937425039,-2.6412299633327243
S7_train_I_D1_3_val_D4_5,three_class_with_air,C-DANN-UDA,learned latent PCA,alcohol,source,source_train,Period_I,Day 2 afternoon,2,alcohol\alcohol_o9.csv,2.7428768826098153,-2.2055970448457867
S7_train_I_D1_3_val_D4_5,three_class_with_air,C-DANN-UDA,learned latent PCA,alcohol,source,source_train,Period_I,Day 3 noon,3,alcohol\alcohol_o10.csv,4.8002610924594515,-2.914327298693866
S7_train_I_D1_3_val_D4_5,three_class_with_air,C-DANN-UDA,learned latent PCA,alcohol,source,source_train,Period_I,Day 3 noon,3,alcohol\alcohol_o11.csv,2.8733315757088116,-2.2215749466510437
S7_train_I_D1_3_val_D4_5,three_class_with_air,C-DANN-UDA,learned latent PCA,alcohol,source,source_train,Period_I,Day 3 noon,3,alcohol\alcohol_o12.csv,3.4311594143642226,-3.6352467562222923
S7_train_I_D1_3_val_D4_5,three_class_with_air,C-DANN-UDA,learned latent PCA,acetone,target,target_labeled_train,Period_II,Day 1,1,acetone\acetone_1.csv,-15.916077688390901,0.15043045399640484
S7_train_I_D1_3_val_D4_5,three_class_with_air,C-DANN-UDA,learned latent PCA,acetone,target,target_labeled_train,Period_II,Day 1,1,acetone\acetone_2.csv,-15.551165951768828,0.15536212368416405
S7_train_I_D1_3_val_D4_5,three_class_with_air,C-DANN-UDA,learned latent PCA,acetone,target,target_labeled_train,Period_II,Day 1,1,acetone\acetone_3.csv,-4.869373740399657,-0.3464172828392806
S7_train_I_D1_3_val_D4_5,three_class_with_air,C-DANN-UDA,learned latent PCA,acetone,target,target_labeled_train,Period_II,Day 1,1,acetone\acetone_4.csv,-11.535097590447323,-0.15752316540732628
S7_train_I_D1_3_val_D4_5,three_class_with_air,C-DANN-UDA,learned latent PCA,acetone,target,target_labeled_train,Period_II,Day 1,1,acetone\acetone_5.csv,-3.400727063260667,-0.7820087367310093
S7_train_I_D1_3_val_D4_5,three_class_with_air,C-DANN-UDA,learned latent PCA,acetone,target,target_labeled_train,Period_II,Day 2,2,acetone\acetone_10.csv,-10.347963107266734,0.10497616608843573
S7_train_I_D1_3_val_D4_5,three_class_with_air,C-DANN-UDA,learned latent PCA,acetone,target,target_labeled_train,Period_II,Day 2,2,acetone\acetone_6.csv,-5.896386378162516,-0.06451382463433927
S7_train_I_D1_3_val_D4_5,three_class_with_air,C-DANN-UDA,learned latent PCA,acetone,target,target_labeled_train,Period_II,Day 2,2,acetone\acetone_7.csv,-8.126706934803812,-0.866376922039605
S7_train_I_D1_3_val_D4_5,three_class_with_air,C-DANN-UDA,learned latent PCA,acetone,target,target_labeled_train,Period_II,Day 2,2,acetone\acetone_8.csv,-4.994945230365768,0.6014338570852055
S7_train_I_D1_3_val_D4_5,three_class_with_air,C-DANN-UDA,learned latent PCA,acetone,target,target_labeled_train,Period_II,Day 2,2,acetone\acetone_9.csv,-9.856813494985193,-0.1793080020172171
S7_train_I_D1_3_val_D4_5,three_class_with_air,C-DANN-UDA,learned latent PCA,air,target,target_labeled_train,Period_II,Day 1,1,air\air_1.csv,1.5571931519825766,5.5025856986600665
S7_train_I_D1_3_val_D4_5,three_class_with_air,C-DANN-UDA,learned latent PCA,air,target,target_labeled_train,Period_II,Day 1,1,air\air_2.csv,2.3468001656598574,-0.618822383765272
S7_train_I_D1_3_val_D4_5,three_class_with_air,C-DANN-UDA,learned latent PCA,air,target,target_labeled_train,Period_II,Day 1,1,air\reference_1.csv,4.8105226548278575,5.592111311126164
S7_train_I_D1_3_val_D4_5,three_class_with_air,C-DANN-UDA,learned latent PCA,air,target,target_labeled_train,Period_II,Day 1,1,air\reference_2.csv,3.98928977827758,0.8448042334800919
S7_train_I_D1_3_val_D4_5,three_class_with_air,C-DANN-UDA,learned latent PCA,air,target,target_labeled_train,Period_II,Day 1,1,air\reference_3.csv,-8.450377992847272,20.62092760036848
S7_train_I_D1_3_val_D4_5,three_class_with_air,C-DANN-UDA,learned latent PCA,air,target,target_labeled_train,Period_II,Day 1,1,air\reference_4.csv,2.624602963289549,7.318817845887062
S7_train_I_D1_3_val_D4_5,three_class_with_air,C-DANN-UDA,learned latent PCA,air,target,target_labeled_train,Period_II,Day 2,2,air\air_3.csv,2.72173456352916,5.608432389609723
S7_train_I_D1_3_val_D4_5,three_class_with_air,C-DANN-UDA,learned latent PCA,air,target,target_labeled_train,Period_II,Day 2,2,air\air_4.csv,4.210024041227459,3.480085409705928
S7_train_I_D1_3_val_D4_5,three_class_with_air,C-DANN-UDA,learned latent PCA,alcohol,target,target_labeled_train,Period_II,Day 1,1,alcohol\alcohol_1.csv,3.141458873774788,-2.2889131604848685
S7_train_I_D1_3_val_D4_5,three_class_with_air,C-DANN-UDA,learned latent PCA,alcohol,target,target_labeled_train,Period_II,Day 1,1,alcohol\alcohol_2.csv,5.101011449185121,-6.193946573831761
S7_train_I_D1_3_val_D4_5,three_class_with_air,C-DANN-UDA,learned latent PCA,alcohol,target,target_labeled_train,Period_II,Day 1,1,alcohol\alcohol_3.csv,4.604686236750608,-4.286903427716347
S7_train_I_D1_3_val_D4_5,three_class_with_air,C-DANN-UDA,learned latent PCA,alcohol,target,target_labeled_train,Period_II,Day 1,1,alcohol\alcohol_4.csv,-0.24683607518121498,-1.97230710248954
S7_train_I_D1_3_val_D4_5,three_class_with_air,C-DANN-UDA,learned latent PCA,alcohol,target,target_labeled_train,Period_II,Day 1,1,alcohol\alcohol_5.csv,4.024247244890613,-4.013291222716889
S7_train_I_D1_3_val_D4_5,three_class_with_air,C-DANN-UDA,learned latent PCA,alcohol,target,target_labeled_train,Period_II,Day 2,2,alcohol\alcohol_10.csv,2.744728339016674,-3.4097948481017553
S7_train_I_D1_3_val_D4_5,three_class_with_air,C-DANN-UDA,learned latent PCA,alcohol,target,target_labeled_train,Period_II,Day 2,2,alcohol\alcohol_6.csv,3.8311841178851385,-4.839099366918927
S7_train_I_D1_3_val_D4_5,three_class_with_air,C-DANN-UDA,learned latent PCA,alcohol,target,target_labeled_train,Period_II,Day 2,2,alcohol\alcohol_7.csv,3.5706120568724145,0.4706061561450989
S7_train_I_D1_3_val_D4_5,three_class_with_air,C-DANN-UDA,learned latent PCA,alcohol,target,target_labeled_train,Period_II,Day 2,2,alcohol\alcohol_8.csv,3.517530823475862,-3.585453350706953
S7_train_I_D1_3_val_D4_5,three_class_with_air,C-DANN-UDA,learned latent PCA,alcohol,target,target_labeled_train,Period_II,Day 2,2,alcohol\alcohol_9.csv,2.8616085622048892,-2.5545402817323493
S7_train_I_D1_3_val_D4_5,three_class_with_air,C-DANN-UDA,learned latent PCA,acetone,target,target_labeled_train,Period_II,Day 3,3,acetone\acetone_11.csv,-4.358978776585534,-0.0583923026789124
S7_train_I_D1_3_val_D4_5,three_class_with_air,C-DANN-UDA,learned latent PCA,acetone,target,target_labeled_train,Period_II,Day 3,3,acetone\acetone_12.csv,-3.791241868993157,0.7033508883894618
S7_train_I_D1_3_val_D4_5,three_class_with_air,C-DANN-UDA,learned latent PCA,acetone,target,target_labeled_train,Period_II,Day 3,3,acetone\acetone_13.csv,-5.688014309422465,-0.10930151913351066
S7_train_I_D1_3_val_D4_5,three_class_with_air,C-DANN-UDA,learned latent PCA,acetone,target,target_labeled_train,Period_II,Day 3,3,acetone\acetone_14.csv,-3.7090566166302077,0.8350570414119877
S7_train_I_D1_3_val_D4_5,three_class_with_air,C-DANN-UDA,learned latent PCA,acetone,target,target_labeled_train,Period_II,Day 3,3,acetone\acetone_15.csv,-4.491383645967293,0.41577325351986527
S7_train_I_D1_3_val_D4_5,three_class_with_air,C-DANN-UDA,learned latent PCA,air,target,target_labeled_train,Period_II,Day 3,3,air\air_5.csv,3.3517436600736423,3.655716956362117
S7_train_I_D1_3_val_D4_5,three_class_with_air,C-DANN-UDA,learned latent PCA,air,target,target_labeled_train,Period_II,Day 3,3,air\air_6.csv,3.0393687632487367,6.396574960119702
S7_train_I_D1_3_val_D4_5,three_class_with_air,C-DANN-UDA,learned latent PCA,air,target,target_labeled_train,Period_II,Day 3,3,air\reference_5.csv,4.752193141668609,-3.7965205730298033
S7_train_I_D1_3_val_D4_5,three_class_with_air,C-DANN-UDA,learned latent PCA,air,target,target_labeled_train,Period_II,Day 3,3,air\reference_6.csv,2.3352307777825607,4.4936151349028055
S7_train_I_D1_3_val_D4_5,three_class_with_air,C-DANN-UDA,learned latent PCA,alcohol,target,target_labeled_train,Period_II,Day 3,3,alcohol\alcohol_11.csv,2.991329497414413,-3.4896485611193233
S7_train_I_D1_3_val_D4_5,three_class_with_air,C-DANN-UDA,learned latent PCA,alcohol,target,target_labeled_train,Period_II,Day 3,3,alcohol\alcohol_12.csv,3.203085440954193,-2.4034615970507844
S7_train_I_D1_3_val_D4_5,three_class_with_air,C-DANN-UDA,learned latent PCA,alcohol,target,target_labeled_train,Period_II,Day 3,3,alcohol\alcohol_13.csv,3.0283267062919657,-4.055281366480806
S7_train_I_D1_3_val_D4_5,three_class_with_air,C-DANN-UDA,learned latent PCA,alcohol,target,target_labeled_train,Period_II,Day 3,3,alcohol\alcohol_14.csv,3.647499539105277,-2.4766211236610784
S7_train_I_D1_3_val_D4_5,three_class_with_air,C-DANN-UDA,learned latent PCA,alcohol,target,target_labeled_train,Period_II,Day 3,3,alcohol\alcohol_15.csv,2.7066090670512484,-3.1490624468971005
S7_train_I_D1_3_val_D4_5,three_class_with_air,C-DANN-UDA,learned latent PCA,acetone,target,target_domain,Period_II,Day 4,4,acetone\acetone_16.csv,-2.0788851267480366,-0.45719604740540953
S7_train_I_D1_3_val_D4_5,three_class_with_air,C-DANN-UDA,learned latent PCA,acetone,target,target_domain,Period_II,Day 4,4,acetone\acetone_17.csv,-3.3442694993976354,0.12561045073361288
S7_train_I_D1_3_val_D4_5,three_class_with_air,C-DANN-UDA,learned latent PCA,acetone,target,target_domain,Period_II,Day 4,4,acetone\acetone_18.csv,-3.510682749283428,-0.21142603674486898
S7_train_I_D1_3_val_D4_5,three_class_with_air,C-DANN-UDA,learned latent PCA,acetone,target,target_domain,Period_II,Day 4,4,acetone\acetone_19.csv,1.0767615212510768,-0.0950578446833968
S7_train_I_D1_3_val_D4_5,three_class_with_air,C-DANN-UDA,learned latent PCA,acetone,target,target_domain,Period_II,Day 4,4,acetone\acetone_20.csv,-2.057422589640874,0.1410375341123297
S7_train_I_D1_3_val_D4_5,three_class_with_air,C-DANN-UDA,learned latent PCA,acetone,target,target_domain,Period_II,Day 5,5,acetone\acetone_21.csv,-7.7683599408741335,-1.1265365936237697
S7_train_I_D1_3_val_D4_5,three_class_with_air,C-DANN-UDA,learned latent PCA,acetone,target,target_domain,Period_II,Day 5,5,acetone\acetone_22.csv,-1.991114129060597,-2.6903166262953264
S7_train_I_D1_3_val_D4_5,three_class_with_air,C-DANN-UDA,learned latent PCA,acetone,target,target_domain,Period_II,Day 5,5,acetone\acetone_23.csv,-4.663445842874302,-1.2290317056005573
S7_train_I_D1_3_val_D4_5,three_class_with_air,C-DANN-UDA,learned latent PCA,acetone,target,target_domain,Period_II,Day 5,5,acetone\acetone_24.csv,-9.754529423633782,-0.42048203761345326
S7_train_I_D1_3_val_D4_5,three_class_with_air,C-DANN-UDA,learned latent PCA,acetone,target,target_domain,Period_II,Day 5,5,acetone\acetone_25.csv,-1.1965852984088567,-1.039081047266296
S7_train_I_D1_3_val_D4_5,three_class_with_air,C-DANN-UDA,learned latent PCA,acetone,target,target_domain,Period_II,Day 6,6,acetone\acetone_26.csv,-3.2434029323526095,-0.20310508561706447
S7_train_I_D1_3_val_D4_5,three_class_with_air,C-DANN-UDA,learned latent PCA,acetone,target,target_domain,Period_II,Day 6,6,acetone\acetone_27.csv,-5.478119038334689,0.5953067078678184
S7_train_I_D1_3_val_D4_5,three_class_with_air,C-DANN-UDA,learned latent PCA,acetone,target,target_domain,Period_II,Day 6,6,acetone\acetone_28.csv,-4.234706380322293,-0.3618174426202342
S7_train_I_D1_3_val_D4_5,three_class_with_air,C-DANN-UDA,learned latent PCA,acetone,target,target_domain,Period_II,Day 6,6,acetone\acetone_29.csv,-4.078361692838365,-1.153127951138585
S7_train_I_D1_3_val_D4_5,three_class_with_air,C-DANN-UDA,learned latent PCA,acetone,target,target_domain,Period_II,Day 6,6,acetone\acetone_30.csv,-5.513527579169507,-0.2978967845088383
S7_train_I_D1_3_val_D4_5,three_class_with_air,C-DANN-UDA,learned latent PCA,acetone,target,target_domain,Period_II,Day 6,6,acetone\acetone_31.csv,-7.4009321785440285,-0.5923068797787121
S7_train_I_D1_3_val_D4_5,three_class_with_air,C-DANN-UDA,learned latent PCA,acetone,target,target_domain,Period_II,Day 6,6,acetone\acetone_32.csv,-3.9041912117740036,-0.12797839513476167
S7_train_I_D1_3_val_D4_5,three_class_with_air,C-DANN-UDA,learned latent PCA,acetone,target,target_domain,Period_II,Day 7,7,acetone\acetone_33.csv,-1.8665453807206973,-0.9831022018873807
S7_train_I_D1_3_val_D4_5,three_class_with_air,C-DANN-UDA,learned latent PCA,acetone,target,target_domain,Period_II,Day 7,7,acetone\acetone_34.csv,-5.326357661596365,0.6722149716157054
S7_train_I_D1_3_val_D4_5,three_class_with_air,C-DANN-UDA,learned latent PCA,acetone,target,target_domain,Period_II,Day 7,7,acetone\acetone_35.csv,-6.151148805079024,-0.7709219617436347
S7_train_I_D1_3_val_D4_5,three_class_with_air,C-DANN-UDA,learned latent PCA,acetone,target,target_domain,Period_II,Day 8,8,acetone\acetone_36.csv,-6.63325110300568,-0.24622659887799678
S7_train_I_D1_3_val_D4_5,three_class_with_air,C-DANN-UDA,learned latent PCA,acetone,target,target_domain,Period_II,Day 8,8,acetone\acetone_37.csv,-4.0245295755042765,1.2577850247097146
S7_train_I_D1_3_val_D4_5,three_class_with_air,C-DANN-UDA,learned latent PCA,acetone,target,target_domain,Period_II,Day 8,8,acetone\acetone_38.csv,-2.3339597838112036,1.6835449028698093
S7_train_I_D1_3_val_D4_5,three_class_with_air,C-DANN-UDA,learned latent PCA,acetone,target,target_domain,Period_II,Day 9,9,acetone\acetone_39.csv,-4.827832739185433,-0.317312276938469
S7_train_I_D1_3_val_D4_5,three_class_with_air,C-DANN-UDA,learned latent PCA,acetone,target,target_domain,Period_II,Day 9,9,acetone\acetone_40.csv,-1.672930619880192,0.12792910315116626
S7_train_I_D1_3_val_D4_5,three_class_with_air,C-DANN-UDA,learned latent PCA,acetone,target,target_domain,Period_II,Day 9,9,acetone\acetone_41.csv,-6.719547771079846,-0.29311083618528483
S7_train_I_D1_3_val_D4_5,three_class_with_air,C-DANN-UDA,learned latent PCA,acetone,target,target_domain,Period_II,Day 9,9,acetone\acetone_42.csv,-6.527063030517981,-0.38053148213541244
S7_train_I_D1_3_val_D4_5,three_class_with_air,C-DANN-UDA,learned latent PCA,acetone,target,target_domain,Period_II,Day 9,9,acetone\acetone_43.csv,-6.085494133611707,-0.4868634205026022
S7_train_I_D1_3_val_D4_5,three_class_with_air,C-DANN-UDA,learned latent PCA,air,target,target_domain,Period_II,Day 4,4,air\air_7.csv,2.116516615546126,3.0491178007918363
S7_train_I_D1_3_val_D4_5,three_class_with_air,C-DANN-UDA,learned latent PCA,air,target,target_domain,Period_II,Day 4,4,air\air_8.csv,2.490968098569037,3.9882635926601226
S7_train_I_D1_3_val_D4_5,three_class_with_air,C-DANN-UDA,learned latent PCA,air,target,target_domain,Period_II,Day 4,4,air\reference_7.csv,1.9715470840395877,3.934185469825055
S7_train_I_D1_3_val_D4_5,three_class_with_air,C-DANN-UDA,learned latent PCA,air,target,target_domain,Period_II,Day 4,4,air\reference_8.csv,4.608523020268331,8.174434986002113
S7_train_I_D1_3_val_D4_5,three_class_with_air,C-DANN-UDA,learned latent PCA,air,target,target_domain,Period_II,Day 5,5,air\air_10.csv,2.350560224551819,2.791138492222872
S7_train_I_D1_3_val_D4_5,three_class_with_air,C-DANN-UDA,learned latent PCA,air,target,target_domain,Period_II,Day 5,5,air\air_9.csv,3.513740774053893,4.501643748762645
S7_train_I_D1_3_val_D4_5,three_class_with_air,C-DANN-UDA,learned latent PCA,air,target,target_domain,Period_II,Day 6,6,air\air_11.csv,1.4788582721766745,6.4644420369576725
S7_train_I_D1_3_val_D4_5,three_class_with_air,C-DANN-UDA,learned latent PCA,air,target,target_domain,Period_II,Day 6,6,air\air_12.csv,4.2705644045665085,4.483211828844803
S7_train_I_D1_3_val_D4_5,three_class_with_air,C-DANN-UDA,learned latent PCA,air,target,target_domain,Period_II,Day 6,6,air\air_13.csv,4.085217547768148,5.995809388536957
S7_train_I_D1_3_val_D4_5,three_class_with_air,C-DANN-UDA,learned latent PCA,air,target,target_domain,Period_II,Day 8,8,air\air_14.csv,3.503719422463963,5.295616301576076
S7_train_I_D1_3_val_D4_5,three_class_with_air,C-DANN-UDA,learned latent PCA,air,target,target_domain,Period_II,Day 8,8,air\air_15.csv,2.8626295171215546,5.583522575927578
S7_train_I_D1_3_val_D4_5,three_class_with_air,C-DANN-UDA,learned latent PCA,air,target,target_domain,Period_II,Day 8,8,air\reference_9.csv,3.143761840098548,-3.0778814347614722
S7_train_I_D1_3_val_D4_5,three_class_with_air,C-DANN-UDA,learned latent PCA,air,target,target_domain,Period_II,Day 9,9,air\air_16.csv,3.73439402431462,4.978447476836037
S7_train_I_D1_3_val_D4_5,three_class_with_air,C-DANN-UDA,learned latent PCA,air,target,target_domain,Period_II,Day 9,9,air\air_17.csv,2.45994935502422,5.745417960270674
S7_train_I_D1_3_val_D4_5,three_class_with_air,C-DANN-UDA,learned latent PCA,alcohol,target,target_domain,Period_II,Day 4,4,alcohol\alcohol_16.csv,2.8551067344797927,-1.8378170053082876
S7_train_I_D1_3_val_D4_5,three_class_with_air,C-DANN-UDA,learned latent PCA,alcohol,target,target_domain,Period_II,Day 4,4,alcohol\alcohol_17.csv,3.3917792507824385,-1.0807202452398637
S7_train_I_D1_3_val_D4_5,three_class_with_air,C-DANN-UDA,learned latent PCA,alcohol,target,target_domain,Period_II,Day 4,4,alcohol\alcohol_18.csv,3.702683241581377,-2.2096476372905953
S7_train_I_D1_3_val_D4_5,three_class_with_air,C-DANN-UDA,learned latent PCA,alcohol,target,target_domain,Period_II,Day 4,4,alcohol\alcohol_19.csv,1.8894882306880938,-0.6059509167198828
S7_train_I_D1_3_val_D4_5,three_class_with_air,C-DANN-UDA,learned latent PCA,alcohol,target,target_domain,Period_II,Day 4,4,alcohol\alcohol_20.csv,3.307385191027214,-2.0639135617586746
S7_train_I_D1_3_val_D4_5,three_class_with_air,C-DANN-UDA,learned latent PCA,alcohol,target,target_domain,Period_II,Day 5,5,alcohol\alcohol_21.csv,3.9964203345450007,-2.6642395060014197
S7_train_I_D1_3_val_D4_5,three_class_with_air,C-DANN-UDA,learned latent PCA,alcohol,target,target_domain,Period_II,Day 5,5,alcohol\alcohol_22.csv,3.498063947736376,-2.5006328240353777
S7_train_I_D1_3_val_D4_5,three_class_with_air,C-DANN-UDA,learned latent PCA,alcohol,target,target_domain,Period_II,Day 5,5,alcohol\alcohol_23.csv,-9.433612876887532,-3.5007731628851246
S7_train_I_D1_3_val_D4_5,three_class_with_air,C-DANN-UDA,learned latent PCA,alcohol,target,target_domain,Period_II,Day 5,5,alcohol\alcohol_24.csv,3.1075097798766644,-2.7732417577328534
S7_train_I_D1_3_val_D4_5,three_class_with_air,C-DANN-UDA,learned latent PCA,alcohol,target,target_domain,Period_II,Day 5,5,alcohol\alcohol_25.csv,3.094731118663577,-1.6595709473280367
S7_train_I_D1_3_val_D4_5,three_class_with_air,C-DANN-UDA,learned latent PCA,alcohol,target,target_domain,Period_II,Day 6,6,alcohol\alcohol_26.csv,3.275442684080281,-3.006815324504635
S7_train_I_D1_3_val_D4_5,three_class_with_air,C-DANN-UDA,learned latent PCA,alcohol,target,target_domain,Period_II,Day 6,6,alcohol\alcohol_27.csv,3.784164166899949,-3.1987432650349783
S7_train_I_D1_3_val_D4_5,three_class_with_air,C-DANN-UDA,learned latent PCA,alcohol,target,target_domain,Period_II,Day 6,6,alcohol\alcohol_28.csv,5.428434572273458,-5.924486718317511
S7_train_I_D1_3_val_D4_5,three_class_with_air,C-DANN-UDA,learned latent PCA,alcohol,target,target_domain,Period_II,Day 6,6,alcohol\alcohol_29.csv,3.1308848272782503,-3.235394362193319
S7_train_I_D1_3_val_D4_5,three_class_with_air,C-DANN-UDA,learned latent PCA,alcohol,target,target_domain,Period_II,Day 6,6,alcohol\alcohol_30.csv,3.9928070506111437,-2.9106560348399437
S7_train_I_D1_3_val_D4_5,three_class_with_air,C-DANN-UDA,learned latent PCA,alcohol,target,target_domain,Period_II,Day 6,6,alcohol\alcohol_31.csv,3.8170512205187053,-3.130564550378692
S7_train_I_D1_3_val_D4_5,three_class_with_air,C-DANN-UDA,learned latent PCA,alcohol,target,target_domain,Period_II,Day 6,6,alcohol\alcohol_32.csv,3.689848973682603,-5.518084725011836
S7_train_I_D1_3_val_D4_5,three_class_with_air,C-DANN-UDA,learned latent PCA,alcohol,target,target_domain,Period_II,Day 7,7,alcohol\alcohol_33.csv,3.7907532397109773,-3.9606277018221285
S7_train_I_D1_3_val_D4_5,three_class_with_air,C-DANN-UDA,learned latent PCA,alcohol,target,target_domain,Period_II,Day 7,7,alcohol\alcohol_34.csv,2.3720895967688636,-2.1493579707040986
S7_train_I_D1_3_val_D4_5,three_class_with_air,C-DANN-UDA,learned latent PCA,alcohol,target,target_domain,Period_II,Day 7,7,alcohol\alcohol_35.csv,3.3646534657770015,-3.4488013967389373
S7_train_I_D1_3_val_D4_5,three_class_with_air,C-DANN-UDA,learned latent PCA,alcohol,target,target_domain,Period_II,Day 8,8,alcohol\alcohol_36.csv,4.004548629776192,-0.32432895637541054
S7_train_I_D1_3_val_D4_5,three_class_with_air,C-DANN-UDA,learned latent PCA,alcohol,target,target_domain,Period_II,Day 8,8,alcohol\alcohol_37.csv,3.6812058345651284,-2.200457206725555
S7_train_I_D1_3_val_D4_5,three_class_with_air,C-DANN-UDA,learned latent PCA,alcohol,target,target_domain,Period_II,Day 8,8,alcohol\alcohol_38.csv,2.6731375843689804,-1.7342934845889948
S7_train_I_D1_3_val_D4_5,three_class_with_air,C-DANN-UDA,learned latent PCA,alcohol,target,target_domain,Period_II,Day 9,9,alcohol\alcohol_39.csv,4.44644085423541,-3.2564129571314924
S7_train_I_D1_3_val_D4_5,three_class_with_air,C-DANN-UDA,learned latent PCA,alcohol,target,target_domain,Period_II,Day 9,9,alcohol\alcohol_40.csv,3.0187588886303898,-4.287836195084093
S7_train_I_D1_3_val_D4_5,three_class_with_air,C-DANN-UDA,learned latent PCA,alcohol,target,target_domain,Period_II,Day 9,9,alcohol\alcohol_41.csv,3.4967873581538784,1.489067351819147
S7_train_I_D1_3_val_D4_5,three_class_with_air,C-DANN-UDA,learned latent PCA,alcohol,target,target_domain,Period_II,Day 9,9,alcohol\alcohol_42.csv,2.236794243434828,-2.1587504950830976
S7_train_I_D1_3_val_D4_5,three_class_with_air,C-DANN-UDA,learned latent PCA,alcohol,target,target_domain,Period_II,Day 9,9,alcohol\alcohol_43.csv,2.827493183286813,-1.935392346783824
S7_train_I_D1_3_val_D4_5,three_class_with_air,C-DANN-UDA,learned latent PCA,acetone,target,target_domain,Period_II,Day 10,10,acetone\acetone_44.csv,-7.495171210788088,-0.45821458309416424
S7_train_I_D1_3_val_D4_5,three_class_with_air,C-DANN-UDA,learned latent PCA,acetone,target,target_domain,Period_II,Day 10,10,acetone\acetone_45.csv,-2.6867696824673515,0.24007796697598774
S7_train_I_D1_3_val_D4_5,three_class_with_air,C-DANN-UDA,learned latent PCA,acetone,target,target_domain,Period_II,Day 10,10,acetone\acetone_46.csv,-2.1723802680072932,-1.0340797972220792
S7_train_I_D1_3_val_D4_5,three_class_with_air,C-DANN-UDA,learned latent PCA,acetone,target,target_domain,Period_II,Day 10,10,acetone\acetone_47.csv,-1.0315196937930735,-2.084292601187022
S7_train_I_D1_3_val_D4_5,three_class_with_air,C-DANN-UDA,learned latent PCA,acetone,target,target_domain,Period_II,Day 11,11,acetone\acetone_48.csv,-3.76608648034193,-1.7940389112632633
S7_train_I_D1_3_val_D4_5,three_class_with_air,C-DANN-UDA,learned latent PCA,acetone,target,target_domain,Period_II,Day 11,11,acetone\acetone_49.csv,-6.704423166102378,-1.289741072061339
S7_train_I_D1_3_val_D4_5,three_class_with_air,C-DANN-UDA,learned latent PCA,acetone,target,target_domain,Period_II,Day 11,11,acetone\acetone_50.csv,1.5826033378841626,-3.0872957442265996
S7_train_I_D1_3_val_D4_5,three_class_with_air,C-DANN-UDA,learned latent PCA,acetone,target,target_domain,Period_II,Day 11,11,acetone\acetone_51.csv,-1.3564826578998084,-1.7945514663013435
S7_train_I_D1_3_val_D4_5,three_class_with_air,C-DANN-UDA,learned latent PCA,acetone,target,target_domain,Period_II,Day 12,12,acetone\acetone_52.csv,0.3987557937221741,-1.5939447215088445
S7_train_I_D1_3_val_D4_5,three_class_with_air,C-DANN-UDA,learned latent PCA,acetone,target,target_domain,Period_II,Day 12,12,acetone\acetone_53.csv,0.3577948676327885,-0.8525552662670134
S7_train_I_D1_3_val_D4_5,three_class_with_air,C-DANN-UDA,learned latent PCA,acetone,target,target_domain,Period_II,Day 12,12,acetone\acetone_54.csv,-2.380547614895074,7.14098157063992
S7_train_I_D1_3_val_D4_5,three_class_with_air,C-DANN-UDA,learned latent PCA,acetone,target,target_domain,Period_II,Day 12,12,acetone\acetone_55.csv,-0.5589081852342229,-2.7598361766491277
S7_train_I_D1_3_val_D4_5,three_class_with_air,C-DANN-UDA,learned latent PCA,acetone,target,target_domain,Period_II,Day 13,13,acetone\acetone_56.csv,-2.0822824902987827,0.7299469439969677
S7_train_I_D1_3_val_D4_5,three_class_with_air,C-DANN-UDA,learned latent PCA,acetone,target,target_domain,Period_II,Day 13,13,acetone\acetone_57.csv,-3.1297014277797475,-1.0582082737050256
S7_train_I_D1_3_val_D4_5,three_class_with_air,C-DANN-UDA,learned latent PCA,acetone,target,target_domain,Period_II,Day 14,14,acetone\acetone_58.csv,-2.3235591253216583,-0.4069352439570986
S7_train_I_D1_3_val_D4_5,three_class_with_air,C-DANN-UDA,learned latent PCA,acetone,target,target_domain,Period_II,Day 14,14,acetone\acetone_59.csv,-3.6061390232425907,0.1507564169778392
S7_train_I_D1_3_val_D4_5,three_class_with_air,C-DANN-UDA,learned latent PCA,acetone,target,target_domain,Period_II,Day 14,14,acetone\acetone_60.csv,-9.082051463164431,-0.3499260737544161
S7_train_I_D1_3_val_D4_5,three_class_with_air,C-DANN-UDA,learned latent PCA,acetone,target,target_domain,Period_II,Day 15,15,acetone\acetone_61.csv,-1.123015551380539,0.40804575469778875
S7_train_I_D1_3_val_D4_5,three_class_with_air,C-DANN-UDA,learned latent PCA,acetone,target,target_domain,Period_II,Day 15,15,acetone\acetone_62.csv,-1.747334359946028,-1.8882956077368134
S7_train_I_D1_3_val_D4_5,three_class_with_air,C-DANN-UDA,learned latent PCA,acetone,target,target_domain,Period_II,Day 15,15,acetone\acetone_63.csv,-1.6721115053876447,1.8982037649495331
S7_train_I_D1_3_val_D4_5,three_class_with_air,C-DANN-UDA,learned latent PCA,acetone,target,target_domain,Period_II,Day 17,17,acetone\acetone_64.csv,-3.5305666776807874,-0.8683665982191225
S7_train_I_D1_3_val_D4_5,three_class_with_air,C-DANN-UDA,learned latent PCA,acetone,target,target_domain,Period_II,Day 17,17,acetone\acetone_65.csv,-2.332255392695798,0.10468768282452577
S7_train_I_D1_3_val_D4_5,three_class_with_air,C-DANN-UDA,learned latent PCA,acetone,target,target_domain,Period_II,Day 17,17,acetone\acetone_66.csv,-1.5331341795319056,2.0275720438875138
S7_train_I_D1_3_val_D4_5,three_class_with_air,C-DANN-UDA,learned latent PCA,acetone,target,target_domain,Period_II,Day 17,17,acetone\acetone_67.csv,-4.422639805075446,-0.7322188975923796
S7_train_I_D1_3_val_D4_5,three_class_with_air,C-DANN-UDA,learned latent PCA,acetone,target,target_domain,Period_II,Day 17,17,acetone\acetone_68.csv,-5.168432546453378,-0.677987306388275
S7_train_I_D1_3_val_D4_5,three_class_with_air,C-DANN-UDA,learned latent PCA,air,target,target_domain,Period_II,Day 10,10,air\air_18.csv,2.8300451656813985,6.793412038820823
S7_train_I_D1_3_val_D4_5,three_class_with_air,C-DANN-UDA,learned latent PCA,air,target,target_domain,Period_II,Day 10,10,air\air_19.csv,4.089895913324083,0.7796474780765815
S7_train_I_D1_3_val_D4_5,three_class_with_air,C-DANN-UDA,learned latent PCA,air,target,target_domain,Period_II,Day 11,11,air\air_20.csv,3.21662522146463,2.7547153996041387
S7_train_I_D1_3_val_D4_5,three_class_with_air,C-DANN-UDA,learned latent PCA,air,target,target_domain,Period_II,Day 11,11,air\air_21.csv,4.013588316340091,2.5946461105162375
S7_train_I_D1_3_val_D4_5,three_class_with_air,C-DANN-UDA,learned latent PCA,air,target,target_domain,Period_II,Day 12,12,air\air_22.csv,2.189838267812221,-1.3737936195584388
S7_train_I_D1_3_val_D4_5,three_class_with_air,C-DANN-UDA,learned latent PCA,air,target,target_domain,Period_II,Day 12,12,air\air_23.csv,2.543209610673913,6.596284469219928
S7_train_I_D1_3_val_D4_5,three_class_with_air,C-DANN-UDA,learned latent PCA,air,target,target_domain,Period_II,Day 13,13,air\air_24.csv,1.6837533578958126,4.686212228815219
S7_train_I_D1_3_val_D4_5,three_class_with_air,C-DANN-UDA,learned latent PCA,air,target,target_domain,Period_II,Day 13,13,air\air_25.csv,1.6664570816688233,3.6657986306221253
S7_train_I_D1_3_val_D4_5,three_class_with_air,C-DANN-UDA,learned latent PCA,air,target,target_domain,Period_II,Day 13,13,air\air_26.csv,4.290962889089682,6.4519530414717075
S7_train_I_D1_3_val_D4_5,three_class_with_air,C-DANN-UDA,learned latent PCA,air,target,target_domain,Period_II,Day 13,13,air\air_27.csv,2.560400651466738,5.588796314422976
S7_train_I_D1_3_val_D4_5,three_class_with_air,C-DANN-UDA,learned latent PCA,air,target,target_domain,Period_II,Day 13,13,air\air_28.csv,2.735071784474888,-0.6665691189321575
S7_train_I_D1_3_val_D4_5,three_class_with_air,C-DANN-UDA,learned latent PCA,air,target,target_domain,Period_II,Day 14,14,air\air_29.csv,2.9563817227591005,4.191884349332173
S7_train_I_D1_3_val_D4_5,three_class_with_air,C-DANN-UDA,learned latent PCA,air,target,target_domain,Period_II,Day 14,14,air\air_30.csv,3.203293751600862,3.72109727403763
S7_train_I_D1_3_val_D4_5,three_class_with_air,C-DANN-UDA,learned latent PCA,air,target,target_domain,Period_II,Day 14,14,air\air_31.csv,2.4605411912880077,3.1257596733729134
S7_train_I_D1_3_val_D4_5,three_class_with_air,C-DANN-UDA,learned latent PCA,air,target,target_domain,Period_II,Day 14,14,air\air_32.csv,1.5628361971991405,5.470207776989255
S7_train_I_D1_3_val_D4_5,three_class_with_air,C-DANN-UDA,learned latent PCA,air,target,target_domain,Period_II,Day 14,14,air\air_33.csv,4.691391935363585,5.568126429422753
S7_train_I_D1_3_val_D4_5,three_class_with_air,C-DANN-UDA,learned latent PCA,air,target,target_domain,Period_II,Day 14,14,air\air_34.csv,4.289782110462789,6.265563688811106
S7_train_I_D1_3_val_D4_5,three_class_with_air,C-DANN-UDA,learned latent PCA,air,target,target_domain,Period_II,Day 15,15,air\air_35.csv,2.74806892650461,4.015423833862109
S7_train_I_D1_3_val_D4_5,three_class_with_air,C-DANN-UDA,learned latent PCA,air,target,target_domain,Period_II,Day 15,15,air\air_36.csv,3.4441567899655814,-2.7336943529073534
S7_train_I_D1_3_val_D4_5,three_class_with_air,C-DANN-UDA,learned latent PCA,air,target,target_domain,Period_II,Day 15,15,air\air_37.csv,3.3243874182708772,5.666847950105667
S7_train_I_D1_3_val_D4_5,three_class_with_air,C-DANN-UDA,learned latent PCA,air,target,target_domain,Period_II,Day 15,15,air\air_38.csv,3.4290469888682638,3.7016272923659064
S7_train_I_D1_3_val_D4_5,three_class_with_air,C-DANN-UDA,learned latent PCA,air,target,target_domain,Period_II,Day 15,15,air\air_39.csv,2.3387719679689827,5.754505148371388
S7_train_I_D1_3_val_D4_5,three_class_with_air,C-DANN-UDA,learned latent PCA,air,target,target_domain,Period_II,Day 15,15,air\air_40.csv,3.3990960351330504,4.5220068511751945
S7_train_I_D1_3_val_D4_5,three_class_with_air,C-DANN-UDA,learned latent PCA,air,target,target_domain,Period_II,Day 16,16,air\air_41.csv,2.5761203349612622,-4.061383778420701
S7_train_I_D1_3_val_D4_5,three_class_with_air,C-DANN-UDA,learned latent PCA,air,target,target_domain,Period_II,Day 16,16,air\air_42.csv,2.5199849295261756,5.318348156962074
S7_train_I_D1_3_val_D4_5,three_class_with_air,C-DANN-UDA,learned latent PCA,air,target,target_domain,Period_II,Day 16,16,air\air_43.csv,2.5025355662182838,-3.022348258160432
S7_train_I_D1_3_val_D4_5,three_class_with_air,C-DANN-UDA,learned latent PCA,air,target,target_domain,Period_II,Day 16,16,air\air_44.csv,2.752574861975171,6.631747828488332
S7_train_I_D1_3_val_D4_5,three_class_with_air,C-DANN-UDA,learned latent PCA,air,target,target_domain,Period_II,Day 17,17,air\air_45.csv,4.6141049044996985,5.485045166771244
S7_train_I_D1_3_val_D4_5,three_class_with_air,C-DANN-UDA,learned latent PCA,air,target,target_domain,Period_II,Day 17,17,air\air_46.csv,3.9080331787463427,-2.243302783158378
S7_train_I_D1_3_val_D4_5,three_class_with_air,C-DANN-UDA,learned latent PCA,air,target,target_domain,Period_II,Day 17,17,air\air_47.csv,3.515773325437753,4.319088543739501
S7_train_I_D1_3_val_D4_5,three_class_with_air,C-DANN-UDA,learned latent PCA,air,target,target_domain,Period_II,Day 17,17,air\air_48.csv,3.6828169835050986,5.561070257833071
S7_train_I_D1_3_val_D4_5,three_class_with_air,C-DANN-UDA,learned latent PCA,alcohol,target,target_domain,Period_II,Day 10,10,alcohol\alcohol_44.csv,1.8698446150172827,-2.7522048240748607
S7_train_I_D1_3_val_D4_5,three_class_with_air,C-DANN-UDA,learned latent PCA,alcohol,target,target_domain,Period_II,Day 10,10,alcohol\alcohol_45.csv,3.1127498966858576,-2.9071455960690455
S7_train_I_D1_3_val_D4_5,three_class_with_air,C-DANN-UDA,learned latent PCA,alcohol,target,target_domain,Period_II,Day 10,10,alcohol\alcohol_46.csv,2.9251635492749775,-3.51295021388782
S7_train_I_D1_3_val_D4_5,three_class_with_air,C-DANN-UDA,learned latent PCA,alcohol,target,target_domain,Period_II,Day 10,10,alcohol\alcohol_47.csv,0.8886611354693839,-3.9459542732019726
S7_train_I_D1_3_val_D4_5,three_class_with_air,C-DANN-UDA,learned latent PCA,alcohol,target,target_domain,Period_II,Day 11,11,alcohol\alcohol_48.csv,2.9859536567109353,-5.296324852704699
S7_train_I_D1_3_val_D4_5,three_class_with_air,C-DANN-UDA,learned latent PCA,alcohol,target,target_domain,Period_II,Day 11,11,alcohol\alcohol_49.csv,3.296288457178876,-4.314754882656945
S7_train_I_D1_3_val_D4_5,three_class_with_air,C-DANN-UDA,learned latent PCA,alcohol,target,target_domain,Period_II,Day 11,11,alcohol\alcohol_50.csv,3.2641196043490006,-2.8327756566263647
S7_train_I_D1_3_val_D4_5,three_class_with_air,C-DANN-UDA,learned latent PCA,alcohol,target,target_domain,Period_II,Day 11,11,alcohol\alcohol_51.csv,3.6974687214458055,-3.2710066509498468
S7_train_I_D1_3_val_D4_5,three_class_with_air,C-DANN-UDA,learned latent PCA,alcohol,target,target_domain,Period_II,Day 12,12,alcohol\alcohol_52.csv,0.9704077211001265,-0.3743309191801765
S7_train_I_D1_3_val_D4_5,three_class_with_air,C-DANN-UDA,learned latent PCA,alcohol,target,target_domain,Period_II,Day 12,12,alcohol\alcohol_53.csv,2.701993148024039,-2.1935136094212453
S7_train_I_D1_3_val_D4_5,three_class_with_air,C-DANN-UDA,learned latent PCA,alcohol,target,target_domain,Period_II,Day 12,12,alcohol\alcohol_54.csv,2.229714171925156,1.0777778825325053
S7_train_I_D1_3_val_D4_5,three_class_with_air,C-DANN-UDA,learned latent PCA,alcohol,target,target_domain,Period_II,Day 12,12,alcohol\alcohol_55.csv,0.8795408027684154,-1.6553891701253562
S7_train_I_D1_3_val_D4_5,three_class_with_air,C-DANN-UDA,learned latent PCA,alcohol,target,target_domain,Period_II,Day 13,13,alcohol\alcohol_56.csv,2.672199804032158,-1.0121934769567453
S7_train_I_D1_3_val_D4_5,three_class_with_air,C-DANN-UDA,learned latent PCA,alcohol,target,target_domain,Period_II,Day 13,13,alcohol\alcohol_57.csv,2.738060615018041,-2.2590961777798517
S7_train_I_D1_3_val_D4_5,three_class_with_air,C-DANN-UDA,learned latent PCA,alcohol,target,target_domain,Period_II,Day 14,14,alcohol\alcohol_58.csv,4.678741214894368,-6.345052176105579
S7_train_I_D1_3_val_D4_5,three_class_with_air,C-DANN-UDA,learned latent PCA,alcohol,target,target_domain,Period_II,Day 14,14,alcohol\alcohol_59.csv,1.8477135555167319,-2.0753736640800087
S7_train_I_D1_3_val_D4_5,three_class_with_air,C-DANN-UDA,learned latent PCA,alcohol,target,target_domain,Period_II,Day 14,14,alcohol\alcohol_60.csv,-0.3267027479015337,-3.299865554971174
S7_train_I_D1_3_val_D4_5,three_class_with_air,C-DANN-UDA,learned latent PCA,alcohol,target,target_domain,Period_II,Day 15,15,alcohol\alcohol_61.csv,0.32780297683748083,0.6237121215799912
S7_train_I_D1_3_val_D4_5,three_class_with_air,C-DANN-UDA,learned latent PCA,alcohol,target,target_domain,Period_II,Day 15,15,alcohol\alcohol_62.csv,2.85656639035863,-2.7380433929743355
S7_train_I_D1_3_val_D4_5,three_class_with_air,C-DANN-UDA,learned latent PCA,alcohol,target,target_domain,Period_II,Day 15,15,alcohol\alcohol_63.csv,5.115880789279915,-6.859484175725756
S7_train_I_D1_3_val_D4_5,three_class_with_air,C-DANN-UDA,learned latent PCA,alcohol,target,target_domain,Period_II,Day 17,17,alcohol\alcohol_64.csv,3.5395441235072207,-1.9589775115118346
S7_train_I_D1_3_val_D4_5,three_class_with_air,C-DANN-UDA,learned latent PCA,alcohol,target,target_domain,Period_II,Day 17,17,alcohol\alcohol_65.csv,2.997351588136492,-1.712668468450531
S7_train_I_D1_3_val_D4_5,three_class_with_air,C-DANN-UDA,learned latent PCA,alcohol,target,target_domain,Period_II,Day 17,17,alcohol\alcohol_66.csv,3.7014209018423747,-1.9415711635589334
S7_train_I_D1_3_val_D4_5,three_class_with_air,C-DANN-UDA,learned latent PCA,alcohol,target,target_domain,Period_II,Day 17,17,alcohol\alcohol_67.csv,4.635152580672586,-4.9147207705149345
S7_train_I_D1_3_val_D4_5,three_class_with_air,C-DANN-UDA,learned latent PCA,alcohol,target,target_domain,Period_II,Day 17,17,alcohol\alcohol_68.csv,3.343518640529544,-3.9930777333901286
S7_train_I_D1_3_val_D4_5,three_class_with_air,C-DANN-UDA,learned latent PCA,acetone,target,target_domain,Period_III,Day 18,18,acetone\acetone_69.csv,-3.2988598149595876,0.6109743302837257
S7_train_I_D1_3_val_D4_5,three_class_with_air,C-DANN-UDA,learned latent PCA,acetone,target,target_domain,Period_III,Day 18,18,acetone\acetone_70.csv,-5.621019726026565,-0.478755618057948
S7_train_I_D1_3_val_D4_5,three_class_with_air,C-DANN-UDA,learned latent PCA,acetone,target,target_domain,Period_III,Day 18,18,acetone\acetone_71.csv,-10.764881551592891,-0.009332267700112458
S7_train_I_D1_3_val_D4_5,three_class_with_air,C-DANN-UDA,learned latent PCA,acetone,target,target_domain,Period_III,Day 18,18,acetone\acetone_72.csv,-3.8309536105913584,-0.37779032044448296
S7_train_I_D1_3_val_D4_5,three_class_with_air,C-DANN-UDA,learned latent PCA,acetone,target,target_domain,Period_III,Day 18,18,acetone\acetone_73.csv,-4.235413948132654,-0.24546759635384036
S7_train_I_D1_3_val_D4_5,three_class_with_air,C-DANN-UDA,learned latent PCA,acetone,target,target_domain,Period_III,Day 19,19,acetone\acetone_74.csv,-8.799428672914626,-1.4762029081941963
S7_train_I_D1_3_val_D4_5,three_class_with_air,C-DANN-UDA,learned latent PCA,acetone,target,target_domain,Period_III,Day 19,19,acetone\acetone_75.csv,-9.164323540869283,-0.19207319402002523
S7_train_I_D1_3_val_D4_5,three_class_with_air,C-DANN-UDA,learned latent PCA,acetone,target,target_domain,Period_III,Day 19,19,acetone\acetone_76.csv,-12.286305275763535,-0.22322064600656327
S7_train_I_D1_3_val_D4_5,three_class_with_air,C-DANN-UDA,learned latent PCA,acetone,target,target_domain,Period_III,Day 20,20,acetone\acetone_77.csv,-12.40503008048847,-0.5541933330802422
S7_train_I_D1_3_val_D4_5,three_class_with_air,C-DANN-UDA,learned latent PCA,acetone,target,target_domain,Period_III,Day 20,20,acetone\acetone_78.csv,-13.010024145941799,-0.2933382000016082
S7_train_I_D1_3_val_D4_5,three_class_with_air,C-DANN-UDA,learned latent PCA,acetone,target,target_domain,Period_III,Day 20,20,acetone\acetone_79.csv,-6.878999672406983,-0.12818190849280459
S7_train_I_D1_3_val_D4_5,three_class_with_air,C-DANN-UDA,learned latent PCA,acetone,target,target_domain,Period_III,Day 20,20,acetone\acetone_80.csv,-10.233989339596555,-0.2680103985447117
S7_train_I_D1_3_val_D4_5,three_class_with_air,C-DANN-UDA,learned latent PCA,acetone,target,target_domain,Period_III,Day 21,21,acetone\acetone_81.csv,-10.410591438234166,-0.028276654382328337
S7_train_I_D1_3_val_D4_5,three_class_with_air,C-DANN-UDA,learned latent PCA,acetone,target,target_domain,Period_III,Day 21,21,acetone\acetone_82.csv,-6.477762684777335,-0.35355016271143097
S7_train_I_D1_3_val_D4_5,three_class_with_air,C-DANN-UDA,learned latent PCA,acetone,target,target_domain,Period_III,Day 21,21,acetone\acetone_83.csv,-13.684211059149906,-0.40552009594725524
S7_train_I_D1_3_val_D4_5,three_class_with_air,C-DANN-UDA,learned latent PCA,acetone,target,target_domain,Period_III,Day 21,21,acetone\acetone_84.csv,-13.492806385034783,-0.24786444414247671
S7_train_I_D1_3_val_D4_5,three_class_with_air,C-DANN-UDA,learned latent PCA,air,target,target_domain,Period_III,Day 18,18,air\air_49.csv,2.2505499457652873,5.800031407059122
S7_train_I_D1_3_val_D4_5,three_class_with_air,C-DANN-UDA,learned latent PCA,air,target,target_domain,Period_III,Day 18,18,air\air_50.csv,3.3904632897031566,5.079396382789259
S7_train_I_D1_3_val_D4_5,three_class_with_air,C-DANN-UDA,learned latent PCA,air,target,target_domain,Period_III,Day 18,18,air\air_51.csv,3.662975403190731,5.794483531861891
S7_train_I_D1_3_val_D4_5,three_class_with_air,C-DANN-UDA,learned latent PCA,air,target,target_domain,Period_III,Day 18,18,air\air_52.csv,3.452026668550577,5.640358906041598
S7_train_I_D1_3_val_D4_5,three_class_with_air,C-DANN-UDA,learned latent PCA,air,target,target_domain,Period_III,Day 19,19,air\air_53.csv,3.602239289971967,-3.397965877968012
S7_train_I_D1_3_val_D4_5,three_class_with_air,C-DANN-UDA,learned latent PCA,air,target,target_domain,Period_III,Day 19,19,air\air_54.csv,2.699073912805155,4.874978275418027
S7_train_I_D1_3_val_D4_5,three_class_with_air,C-DANN-UDA,learned latent PCA,air,target,target_domain,Period_III,Day 20,20,air\air_55.csv,2.6545344202888104,5.183955999977177
S7_train_I_D1_3_val_D4_5,three_class_with_air,C-DANN-UDA,learned latent PCA,air,target,target_domain,Period_III,Day 20,20,air\air_56.csv,3.15620200212664,-0.7249465241098987
S7_train_I_D1_3_val_D4_5,three_class_with_air,C-DANN-UDA,learned latent PCA,air,target,target_domain,Period_III,Day 20,20,air\air_57.csv,4.506411370275014,7.3063549288844944
S7_train_I_D1_3_val_D4_5,three_class_with_air,C-DANN-UDA,learned latent PCA,air,target,target_domain,Period_III,Day 20,20,air\air_58.csv,3.1048234471659457,4.5891336310103785
S7_train_I_D1_3_val_D4_5,three_class_with_air,C-DANN-UDA,learned latent PCA,air,target,target_domain,Period_III,Day 21,21,air\air_59.csv,3.684604577479092,-4.821793253854923
S7_train_I_D1_3_val_D4_5,three_class_with_air,C-DANN-UDA,learned latent PCA,air,target,target_domain,Period_III,Day 21,21,air\air_60.csv,4.038168692637437,5.534769858127184
S7_train_I_D1_3_val_D4_5,three_class_with_air,C-DANN-UDA,learned latent PCA,air,target,target_domain,Period_III,Day 21,21,air\air_61.csv,2.349548124608441,5.828849810794751
S7_train_I_D1_3_val_D4_5,three_class_with_air,C-DANN-UDA,learned latent PCA,air,target,target_domain,Period_III,Day 21,21,air\air_62.csv,1.8855623931289145,5.099373288890908
S7_train_I_D1_3_val_D4_5,three_class_with_air,C-DANN-UDA,learned latent PCA,alcohol,target,target_domain,Period_III,Day 18,18,alcohol\alcohol_69.csv,2.932235936502369,-2.2752573544480543
S7_train_I_D1_3_val_D4_5,three_class_with_air,C-DANN-UDA,learned latent PCA,alcohol,target,target_domain,Period_III,Day 18,18,alcohol\alcohol_70.csv,2.6332234521571576,-3.5994174073525627
S7_train_I_D1_3_val_D4_5,three_class_with_air,C-DANN-UDA,learned latent PCA,alcohol,target,target_domain,Period_III,Day 18,18,alcohol\alcohol_71.csv,3.1832807691290177,-3.4332954175605512
S7_train_I_D1_3_val_D4_5,three_class_with_air,C-DANN-UDA,learned latent PCA,alcohol,target,target_domain,Period_III,Day 18,18,alcohol\alcohol_72.csv,3.527800447847149,-3.834414599065308
S7_train_I_D1_3_val_D4_5,three_class_with_air,C-DANN-UDA,learned latent PCA,alcohol,target,target_domain,Period_III,Day 18,18,alcohol\alcohol_73.csv,3.621155761149529,-3.993970652199405
S7_train_I_D1_3_val_D4_5,three_class_with_air,C-DANN-UDA,learned latent PCA,alcohol,target,target_domain,Period_III,Day 19,19,alcohol\alcohol_74.csv,3.0363681263863502,-2.999030312633188
S7_train_I_D1_3_val_D4_5,three_class_with_air,C-DANN-UDA,learned latent PCA,alcohol,target,target_domain,Period_III,Day 19,19,alcohol\alcohol_75.csv,4.665223565620552,-5.204552970792936
S7_train_I_D1_3_val_D4_5,three_class_with_air,C-DANN-UDA,learned latent PCA,alcohol,target,target_domain,Period_III,Day 19,19,alcohol\alcohol_76.csv,2.79977650186743,-3.123367589259195
S7_train_I_D1_3_val_D4_5,three_class_with_air,C-DANN-UDA,learned latent PCA,alcohol,target,target_domain,Period_III,Day 20,20,alcohol\alcohol_77.csv,3.877690014424978,-3.8316645850558966
S7_train_I_D1_3_val_D4_5,three_class_with_air,C-DANN-UDA,learned latent PCA,alcohol,target,target_domain,Period_III,Day 20,20,alcohol\alcohol_78.csv,3.4651764628232247,-2.872918736815171
S7_train_I_D1_3_val_D4_5,three_class_with_air,C-DANN-UDA,learned latent PCA,alcohol,target,target_domain,Period_III,Day 20,20,alcohol\alcohol_79.csv,2.726750621209305,-3.412847133101091
S7_train_I_D1_3_val_D4_5,three_class_with_air,C-DANN-UDA,learned latent PCA,alcohol,target,target_domain,Period_III,Day 20,20,alcohol\alcohol_80.csv,2.7014720602315343,-3.145391839631794
S7_train_I_D1_3_val_D4_5,three_class_with_air,C-DANN-UDA,learned latent PCA,alcohol,target,target_domain,Period_III,Day 21,21,alcohol\alcohol_81.csv,4.479006400433713,-4.996743342431766
S7_train_I_D1_3_val_D4_5,three_class_with_air,C-DANN-UDA,learned latent PCA,alcohol,target,target_domain,Period_III,Day 21,21,alcohol\alcohol_82.csv,2.035311727855057,-3.033580794725296
S7_train_I_D1_3_val_D4_5,three_class_with_air,C-DANN-UDA,learned latent PCA,alcohol,target,target_domain,Period_III,Day 21,21,alcohol\alcohol_83.csv,3.284649989936093,-3.9837945616749444
S7_train_I_D1_3_val_D4_5,three_class_with_air,C-DANN-UDA,learned latent PCA,alcohol,target,target_domain,Period_III,Day 21,21,alcohol\alcohol_84.csv,-0.5719859820518046,-2.3857666583605712
S7_train_I_D1_3_val_D4_5,three_class_with_air,C-DANN-UDA,learned latent PCA,acetone,target,target_domain,Period_IV,Day 22,22,acetone\acetone_85.csv,3.1714023484627734,-1.355034371807778
S7_train_I_D1_3_val_D4_5,three_class_with_air,C-DANN-UDA,learned latent PCA,acetone,target,target_domain,Period_IV,Day 22,22,acetone\acetone_86.csv,3.5809984759647904,-3.601300127979507
S7_train_I_D1_3_val_D4_5,three_class_with_air,C-DANN-UDA,learned latent PCA,acetone,target,target_domain,Period_IV,Day 22,22,acetone\acetone_87.csv,-3.664063218361061,-1.072107088018514
S7_train_I_D1_3_val_D4_5,three_class_with_air,C-DANN-UDA,learned latent PCA,acetone,target,target_domain,Period_IV,Day 22,22,acetone\acetone_88.csv,-7.995017632143207,-0.23267854147689399
S7_train_I_D1_3_val_D4_5,three_class_with_air,C-DANN-UDA,learned latent PCA,acetone,target,target_domain,Period_IV,Day 23,23,acetone\acetone_89.csv,-8.942808617212973,-0.6820127421275386
S7_train_I_D1_3_val_D4_5,three_class_with_air,C-DANN-UDA,learned latent PCA,acetone,target,target_domain,Period_IV,Day 23,23,acetone\acetone_90.csv,-7.92053021491397,-0.1108811723596852
S7_train_I_D1_3_val_D4_5,three_class_with_air,C-DANN-UDA,learned latent PCA,acetone,target,target_domain,Period_IV,Day 23,23,acetone\acetone_91.csv,-10.756168450053812,-0.21992394084288325
S7_train_I_D1_3_val_D4_5,three_class_with_air,C-DANN-UDA,learned latent PCA,acetone,target,target_domain,Period_IV,Day 23,23,acetone\acetone_92.csv,-11.375321220224414,-0.36806896783413207
S7_train_I_D1_3_val_D4_5,three_class_with_air,C-DANN-UDA,learned latent PCA,acetone,target,target_domain,Period_IV,Day 24,24,acetone\acetone_93.csv,-6.3501001730165125,0.44748057172825473
S7_train_I_D1_3_val_D4_5,three_class_with_air,C-DANN-UDA,learned latent PCA,acetone,target,target_domain,Period_IV,Day 24,24,acetone\acetone_94.csv,-4.775714368914832,-0.5415918809878761
S7_train_I_D1_3_val_D4_5,three_class_with_air,C-DANN-UDA,learned latent PCA,acetone,target,target_domain,Period_IV,Day 24,24,acetone\acetone_95.csv,-8.081714995156766,-0.49686084856367474
S7_train_I_D1_3_val_D4_5,three_class_with_air,C-DANN-UDA,learned latent PCA,acetone,target,target_domain,Period_IV,Day 24,24,acetone\acetone_96.csv,-6.4195271690593065,-0.45339074216904734
S7_train_I_D1_3_val_D4_5,three_class_with_air,C-DANN-UDA,learned latent PCA,air,target,target_domain,Period_IV,Day 22,22,air\air_63.csv,4.389088179295507,6.258238229712089
S7_train_I_D1_3_val_D4_5,three_class_with_air,C-DANN-UDA,learned latent PCA,air,target,target_domain,Period_IV,Day 22,22,air\air_64.csv,4.193718973333904,4.415711908088338
S7_train_I_D1_3_val_D4_5,three_class_with_air,C-DANN-UDA,learned latent PCA,air,target,target_domain,Period_IV,Day 22,22,air\air_65.csv,2.8718039760788296,-3.7583338291871313
S7_train_I_D1_3_val_D4_5,three_class_with_air,C-DANN-UDA,learned latent PCA,air,target,target_domain,Period_IV,Day 23,23,air\air_66.csv,1.7569253859412803,3.3734714393601966
S7_train_I_D1_3_val_D4_5,three_class_with_air,C-DANN-UDA,learned latent PCA,air,target,target_domain,Period_IV,Day 23,23,air\air_67.csv,3.646978260709142,5.396534755542054
S7_train_I_D1_3_val_D4_5,three_class_with_air,C-DANN-UDA,learned latent PCA,air,target,target_domain,Period_IV,Day 23,23,air\air_68.csv,2.4183353889037855,6.061078190620619
S7_train_I_D1_3_val_D4_5,three_class_with_air,C-DANN-UDA,learned latent PCA,air,target,target_domain,Period_IV,Day 23,23,air\air_69.csv,4.00136332296331,4.88790742100686
S7_train_I_D1_3_val_D4_5,three_class_with_air,C-DANN-UDA,learned latent PCA,air,target,target_domain,Period_IV,Day 24,24,air\air_70.csv,3.0388179707996703,6.154348756201029
S7_train_I_D1_3_val_D4_5,three_class_with_air,C-DANN-UDA,learned latent PCA,air,target,target_domain,Period_IV,Day 24,24,air\air_71.csv,2.7907290868520587,3.2279558951629532
S7_train_I_D1_3_val_D4_5,three_class_with_air,C-DANN-UDA,learned latent PCA,air,target,target_domain,Period_IV,Day 24,24,air\air_72.csv,2.5324180110380508,6.510211887214274
S7_train_I_D1_3_val_D4_5,three_class_with_air,C-DANN-UDA,learned latent PCA,alcohol,target,target_domain,Period_IV,Day 22,22,alcohol\alcohol_85.csv,3.689371120860919,-2.8588800666142795
S7_train_I_D1_3_val_D4_5,three_class_with_air,C-DANN-UDA,learned latent PCA,alcohol,target,target_domain,Period_IV,Day 22,22,alcohol\alcohol_86.csv,4.237479288994598,2.5682518993402916
S7_train_I_D1_3_val_D4_5,three_class_with_air,C-DANN-UDA,learned latent PCA,alcohol,target,target_domain,Period_IV,Day 22,22,alcohol\alcohol_87.csv,2.78011341158682,-0.6649933528658087
S7_train_I_D1_3_val_D4_5,three_class_with_air,C-DANN-UDA,learned latent PCA,alcohol,target,target_domain,Period_IV,Day 22,22,alcohol\alcohol_88.csv,1.2061028755843455,-2.3014709006963363
S7_train_I_D1_3_val_D4_5,three_class_with_air,C-DANN-UDA,learned latent PCA,alcohol,target,target_domain,Period_IV,Day 23,23,alcohol\alcohol_89.csv,2.094748558402673,-2.561736872410122
S7_train_I_D1_3_val_D4_5,three_class_with_air,C-DANN-UDA,learned latent PCA,alcohol,target,target_domain,Period_IV,Day 23,23,alcohol\alcohol_90.csv,2.8914509705405167,-4.096580462623052
S7_train_I_D1_3_val_D4_5,three_class_with_air,C-DANN-UDA,learned latent PCA,alcohol,target,target_domain,Period_IV,Day 23,23,alcohol\alcohol_91.csv,3.250038503019158,-2.9666797797913214
S7_train_I_D1_3_val_D4_5,three_class_with_air,C-DANN-UDA,learned latent PCA,alcohol,target,target_domain,Period_IV,Day 23,23,alcohol\alcohol_92.csv,3.4714068430754255,-4.618037572786055
S7_train_I_D1_3_val_D4_5,three_class_with_air,C-DANN-UDA,learned latent PCA,alcohol,target,target_domain,Period_IV,Day 24,24,alcohol\alcohol_93.csv,4.8595463930176015,-6.045973952465399
S7_train_I_D1_3_val_D4_5,three_class_with_air,C-DANN-UDA,learned latent PCA,alcohol,target,target_domain,Period_IV,Day 24,24,alcohol\alcohol_94.csv,3.486579700494522,-3.509482547356014
S7_train_I_D1_3_val_D4_5,three_class_with_air,C-DANN-UDA,learned latent PCA,alcohol,target,target_domain,Period_IV,Day 24,24,alcohol\alcohol_95.csv,3.5208974836848794,-4.020774917629392
S7_train_I_D1_3_val_D4_5,three_class_with_air,C-DANN-UDA,learned latent PCA,alcohol,target,target_domain,Period_IV,Day 24,24,alcohol\alcohol_96.csv,2.1280112561509643,-1.8315727037694647
S7_train_I_D1_3_val_D4_5,three_class_with_air,C-DANN-semi,learned latent PCA,acetone,source,source_train,Period_I,Day 1 afternoon,1,acetone\acetone_o1.csv,5.736666224283578,2.208617840456494
S7_train_I_D1_3_val_D4_5,three_class_with_air,C-DANN-semi,learned latent PCA,acetone,source,source_train,Period_I,Day 1 afternoon,1,acetone\acetone_o2.csv,3.6360417430099563,1.072957661841027
S7_train_I_D1_3_val_D4_5,three_class_with_air,C-DANN-semi,learned latent PCA,acetone,source,source_train,Period_I,Day 1 afternoon,1,acetone\acetone_o3.csv,-9.408449711149064,3.6689508602037537
S7_train_I_D1_3_val_D4_5,three_class_with_air,C-DANN-semi,learned latent PCA,acetone,source,source_train,Period_I,Day 2 noon,2,acetone\acetone_o4.csv,-60.479905046388,-7.596082143536676
S7_train_I_D1_3_val_D4_5,three_class_with_air,C-DANN-semi,learned latent PCA,acetone,source,source_train,Period_I,Day 2 noon,2,acetone\acetone_o5.csv,-45.507918386179156,-2.508375645780023
S7_train_I_D1_3_val_D4_5,three_class_with_air,C-DANN-semi,learned latent PCA,acetone,source,source_train,Period_I,Day 2 noon,2,acetone\acetone_o6.csv,-21.416897422877092,0.07764302858989068
S7_train_I_D1_3_val_D4_5,three_class_with_air,C-DANN-semi,learned latent PCA,acetone,source,source_train,Period_I,Day 2 afternoon,2,acetone\acetone_o7.csv,4.334369688504213,-0.5365210763384873
S7_train_I_D1_3_val_D4_5,three_class_with_air,C-DANN-semi,learned latent PCA,acetone,source,source_train,Period_I,Day 2 afternoon,2,acetone\acetone_o8.csv,-5.245720494266209,3.647035116555361
S7_train_I_D1_3_val_D4_5,three_class_with_air,C-DANN-semi,learned latent PCA,acetone,source,source_train,Period_I,Day 2 afternoon,2,acetone\acetone_o9.csv,-33.98131708826907,1.3476019965067627
S7_train_I_D1_3_val_D4_5,three_class_with_air,C-DANN-semi,learned latent PCA,acetone,source,source_train,Period_I,Day 3 noon,3,acetone\acetone_o10.csv,-14.618345104448325,3.160350815500921
S7_train_I_D1_3_val_D4_5,three_class_with_air,C-DANN-semi,learned latent PCA,acetone,source,source_train,Period_I,Day 3 noon,3,acetone\acetone_o11.csv,-25.86044158482521,-2.123427116288711
S7_train_I_D1_3_val_D4_5,three_class_with_air,C-DANN-semi,learned latent PCA,acetone,source,source_train,Period_I,Day 3 noon,3,acetone\acetone_o12.csv,-80.859100241305,-7.915267995579377
S7_train_I_D1_3_val_D4_5,three_class_with_air,C-DANN-semi,learned latent PCA,air,source,source_train,Period_I,baseline,0,air\baseline_1.csv,4.531729112803394,-10.900591261848104
S7_train_I_D1_3_val_D4_5,three_class_with_air,C-DANN-semi,learned latent PCA,air,source,source_train,Period_I,baseline,0,air\baseline_3.csv,5.260104319421169,-3.245747501888539
S7_train_I_D1_3_val_D4_5,three_class_with_air,C-DANN-semi,learned latent PCA,air,source,source_train,Period_I,baseline,0,air\baseline_4.csv,1.7331758616297226,-10.747494791877772
S7_train_I_D1_3_val_D4_5,three_class_with_air,C-DANN-semi,learned latent PCA,air,source,source_train,Period_I,baseline,0,air\baseline_5.csv,6.598180558133537,-4.232403126676188
S7_train_I_D1_3_val_D4_5,three_class_with_air,C-DANN-semi,learned latent PCA,air,source,source_train,Period_I,baseline,0,air\baseline_6.csv,0.5454756603540316,-16.07691442596999
S7_train_I_D1_3_val_D4_5,three_class_with_air,C-DANN-semi,learned latent PCA,air,source,source_train,Period_I,baseline,0,air\baseline_7.csv,5.525574314590805,-6.880192397651816
S7_train_I_D1_3_val_D4_5,three_class_with_air,C-DANN-semi,learned latent PCA,alcohol,source,source_train,Period_I,Day 1 afternoon,1,alcohol\alcohol_o1.csv,8.017279771435827,2.5047323455782533
S7_train_I_D1_3_val_D4_5,three_class_with_air,C-DANN-semi,learned latent PCA,alcohol,source,source_train,Period_I,Day 1 afternoon,1,alcohol\alcohol_o2.csv,8.272205247352154,4.132852507292849
S7_train_I_D1_3_val_D4_5,three_class_with_air,C-DANN-semi,learned latent PCA,alcohol,source,source_train,Period_I,Day 1 afternoon,1,alcohol\alcohol_o3.csv,7.08181060183919,3.3360671131144275
S7_train_I_D1_3_val_D4_5,three_class_with_air,C-DANN-semi,learned latent PCA,alcohol,source,source_train,Period_I,Day 2 noon,2,alcohol\alcohol_o4.csv,3.7696344922111016,-1.1701352656059778
S7_train_I_D1_3_val_D4_5,three_class_with_air,C-DANN-semi,learned latent PCA,alcohol,source,source_train,Period_I,Day 2 noon,2,alcohol\alcohol_o5.csv,8.901391464467466,1.4000546739253328
S7_train_I_D1_3_val_D4_5,three_class_with_air,C-DANN-semi,learned latent PCA,alcohol,source,source_train,Period_I,Day 2 noon,2,alcohol\alcohol_o6.csv,8.486598956164036,1.215087581536967
S7_train_I_D1_3_val_D4_5,three_class_with_air,C-DANN-semi,learned latent PCA,alcohol,source,source_train,Period_I,Day 2 afternoon,2,alcohol\alcohol_o7.csv,5.233444569677538,1.4935832669590332
S7_train_I_D1_3_val_D4_5,three_class_with_air,C-DANN-semi,learned latent PCA,alcohol,source,source_train,Period_I,Day 2 afternoon,2,alcohol\alcohol_o8.csv,8.672956530505827,3.151538376904773
S7_train_I_D1_3_val_D4_5,three_class_with_air,C-DANN-semi,learned latent PCA,alcohol,source,source_train,Period_I,Day 2 afternoon,2,alcohol\alcohol_o9.csv,8.6939667959125,4.188192386656008
S7_train_I_D1_3_val_D4_5,three_class_with_air,C-DANN-semi,learned latent PCA,alcohol,source,source_train,Period_I,Day 3 noon,3,alcohol\alcohol_o10.csv,6.23120285192638,2.449391823328211
S7_train_I_D1_3_val_D4_5,three_class_with_air,C-DANN-semi,learned latent PCA,alcohol,source,source_train,Period_I,Day 3 noon,3,alcohol\alcohol_o11.csv,8.149606019115478,3.735372036010751
S7_train_I_D1_3_val_D4_5,three_class_with_air,C-DANN-semi,learned latent PCA,alcohol,source,source_train,Period_I,Day 3 noon,3,alcohol\alcohol_o12.csv,8.963706064424436,3.8287018840155875
S7_train_I_D1_3_val_D4_5,three_class_with_air,C-DANN-semi,learned latent PCA,acetone,target,target_labeled_train,Period_II,Day 1,1,acetone\acetone_1.csv,-70.16767160509924,-7.653081575784344
S7_train_I_D1_3_val_D4_5,three_class_with_air,C-DANN-semi,learned latent PCA,acetone,target,target_labeled_train,Period_II,Day 1,1,acetone\acetone_2.csv,-59.28928698178989,-3.8475625140423064
S7_train_I_D1_3_val_D4_5,three_class_with_air,C-DANN-semi,learned latent PCA,acetone,target,target_labeled_train,Period_II,Day 1,1,acetone\acetone_3.csv,-34.344837722089046,-3.870880120991448
S7_train_I_D1_3_val_D4_5,three_class_with_air,C-DANN-semi,learned latent PCA,acetone,target,target_labeled_train,Period_II,Day 1,1,acetone\acetone_4.csv,-42.44239236319651,1.2375899391410667
S7_train_I_D1_3_val_D4_5,three_class_with_air,C-DANN-semi,learned latent PCA,acetone,target,target_labeled_train,Period_II,Day 1,1,acetone\acetone_5.csv,-13.28499813527842,-0.9484902732482605
S7_train_I_D1_3_val_D4_5,three_class_with_air,C-DANN-semi,learned latent PCA,acetone,target,target_labeled_train,Period_II,Day 2,2,acetone\acetone_10.csv,-28.882234796718937,2.8686928871885726
S7_train_I_D1_3_val_D4_5,three_class_with_air,C-DANN-semi,learned latent PCA,acetone,target,target_labeled_train,Period_II,Day 2,2,acetone\acetone_6.csv,-13.015778980733604,2.195252331541075
S7_train_I_D1_3_val_D4_5,three_class_with_air,C-DANN-semi,learned latent PCA,acetone,target,target_labeled_train,Period_II,Day 2,2,acetone\acetone_7.csv,-18.940203074504222,2.1145733953007015
S7_train_I_D1_3_val_D4_5,three_class_with_air,C-DANN-semi,learned latent PCA,acetone,target,target_labeled_train,Period_II,Day 2,2,acetone\acetone_8.csv,-11.92857822732793,1.803687860782327
S7_train_I_D1_3_val_D4_5,three_class_with_air,C-DANN-semi,learned latent PCA,acetone,target,target_labeled_train,Period_II,Day 2,2,acetone\acetone_9.csv,-23.767895215732842,3.605296250682098
S7_train_I_D1_3_val_D4_5,three_class_with_air,C-DANN-semi,learned latent PCA,air,target,target_labeled_train,Period_II,Day 1,1,air\air_1.csv,3.045764726927391,-11.20151511995897
S7_train_I_D1_3_val_D4_5,three_class_with_air,C-DANN-semi,learned latent PCA,air,target,target_labeled_train,Period_II,Day 1,1,air\air_2.csv,6.12134864703505,-1.957986338386919
S7_train_I_D1_3_val_D4_5,three_class_with_air,C-DANN-semi,learned latent PCA,air,target,target_labeled_train,Period_II,Day 1,1,air\reference_1.csv,4.638036346497546,-12.596095836928953
S7_train_I_D1_3_val_D4_5,three_class_with_air,C-DANN-semi,learned latent PCA,air,target,target_labeled_train,Period_II,Day 1,1,air\reference_2.csv,7.002858398552596,-5.28849318090803
S7_train_I_D1_3_val_D4_5,three_class_with_air,C-DANN-semi,learned latent PCA,air,target,target_labeled_train,Period_II,Day 1,1,air\reference_3.csv,-3.4964693744428326,-16.586105620337566
S7_train_I_D1_3_val_D4_5,three_class_with_air,C-DANN-semi,learned latent PCA,air,target,target_labeled_train,Period_II,Day 1,1,air\reference_4.csv,5.132589961356668,-9.023007674703615
S7_train_I_D1_3_val_D4_5,three_class_with_air,C-DANN-semi,learned latent PCA,air,target,target_labeled_train,Period_II,Day 2,2,air\air_3.csv,3.9949490318113545,-10.17692817639157
S7_train_I_D1_3_val_D4_5,three_class_with_air,C-DANN-semi,learned latent PCA,air,target,target_labeled_train,Period_II,Day 2,2,air\air_4.csv,5.77450045312644,-10.004290019125714
S7_train_I_D1_3_val_D4_5,three_class_with_air,C-DANN-semi,learned latent PCA,alcohol,target,target_labeled_train,Period_II,Day 1,1,alcohol\alcohol_1.csv,6.357417628861152,2.1370812664633227
S7_train_I_D1_3_val_D4_5,three_class_with_air,C-DANN-semi,learned latent PCA,alcohol,target,target_labeled_train,Period_II,Day 1,1,alcohol\alcohol_2.csv,6.579606188452765,2.3396065713717755
S7_train_I_D1_3_val_D4_5,three_class_with_air,C-DANN-semi,learned latent PCA,alcohol,target,target_labeled_train,Period_II,Day 1,1,alcohol\alcohol_3.csv,5.377762206220224,1.6812129678872094
S7_train_I_D1_3_val_D4_5,three_class_with_air,C-DANN-semi,learned latent PCA,alcohol,target,target_labeled_train,Period_II,Day 1,1,alcohol\alcohol_4.csv,2.2520053405690255,1.3626749946520353
S7_train_I_D1_3_val_D4_5,three_class_with_air,C-DANN-semi,learned latent PCA,alcohol,target,target_labeled_train,Period_II,Day 1,1,alcohol\alcohol_5.csv,7.375878520575922,3.0219833341145934
S7_train_I_D1_3_val_D4_5,three_class_with_air,C-DANN-semi,learned latent PCA,alcohol,target,target_labeled_train,Period_II,Day 2,2,alcohol\alcohol_10.csv,8.512416133107982,3.820319478746903
S7_train_I_D1_3_val_D4_5,three_class_with_air,C-DANN-semi,learned latent PCA,alcohol,target,target_labeled_train,Period_II,Day 2,2,alcohol\alcohol_6.csv,8.19688631152944,3.429508886312607
S7_train_I_D1_3_val_D4_5,three_class_with_air,C-DANN-semi,learned latent PCA,alcohol,target,target_labeled_train,Period_II,Day 2,2,alcohol\alcohol_7.csv,7.672365934989055,2.1899580309572872
S7_train_I_D1_3_val_D4_5,three_class_with_air,C-DANN-semi,learned latent PCA,alcohol,target,target_labeled_train,Period_II,Day 2,2,alcohol\alcohol_8.csv,8.15217093392645,3.894764254881432
S7_train_I_D1_3_val_D4_5,three_class_with_air,C-DANN-semi,learned latent PCA,alcohol,target,target_labeled_train,Period_II,Day 2,2,alcohol\alcohol_9.csv,8.051566499882599,4.344144811210354
S7_train_I_D1_3_val_D4_5,three_class_with_air,C-DANN-semi,learned latent PCA,acetone,target,target_labeled_train,Period_II,Day 3,3,acetone\acetone_11.csv,-12.258358182598068,-0.3774753418477596
S7_train_I_D1_3_val_D4_5,three_class_with_air,C-DANN-semi,learned latent PCA,acetone,target,target_labeled_train,Period_II,Day 3,3,acetone\acetone_12.csv,-6.114122981662531,2.220217023718245
S7_train_I_D1_3_val_D4_5,three_class_with_air,C-DANN-semi,learned latent PCA,acetone,target,target_labeled_train,Period_II,Day 3,3,acetone\acetone_13.csv,-8.410947435264553,3.8376029045246436
S7_train_I_D1_3_val_D4_5,three_class_with_air,C-DANN-semi,learned latent PCA,acetone,target,target_labeled_train,Period_II,Day 3,3,acetone\acetone_14.csv,-4.450592432139527,2.342420991266824
S7_train_I_D1_3_val_D4_5,three_class_with_air,C-DANN-semi,learned latent PCA,acetone,target,target_labeled_train,Period_II,Day 3,3,acetone\acetone_15.csv,-5.075403907590026,3.459714385738979
S7_train_I_D1_3_val_D4_5,three_class_with_air,C-DANN-semi,learned latent PCA,air,target,target_labeled_train,Period_II,Day 3,3,air\air_5.csv,6.251354260492446,-6.180555241457761
S7_train_I_D1_3_val_D4_5,three_class_with_air,C-DANN-semi,learned latent PCA,air,target,target_labeled_train,Period_II,Day 3,3,air\air_6.csv,4.7910757900500185,-9.74136749124093
S7_train_I_D1_3_val_D4_5,three_class_with_air,C-DANN-semi,learned latent PCA,air,target,target_labeled_train,Period_II,Day 3,3,air\reference_5.csv,5.63016631030161,-6.674007962898824
S7_train_I_D1_3_val_D4_5,three_class_with_air,C-DANN-semi,learned latent PCA,air,target,target_labeled_train,Period_II,Day 3,3,air\reference_6.csv,5.188833421483645,-7.122127379980721
S7_train_I_D1_3_val_D4_5,three_class_with_air,C-DANN-semi,learned latent PCA,alcohol,target,target_labeled_train,Period_II,Day 3,3,alcohol\alcohol_11.csv,8.853276244532797,4.107520150693153
S7_train_I_D1_3_val_D4_5,three_class_with_air,C-DANN-semi,learned latent PCA,alcohol,target,target_labeled_train,Period_II,Day 3,3,alcohol\alcohol_12.csv,8.875556282255262,3.8589925291148974
S7_train_I_D1_3_val_D4_5,three_class_with_air,C-DANN-semi,learned latent PCA,alcohol,target,target_labeled_train,Period_II,Day 3,3,alcohol\alcohol_13.csv,8.975378826496819,3.9491985579517106
S7_train_I_D1_3_val_D4_5,three_class_with_air,C-DANN-semi,learned latent PCA,alcohol,target,target_labeled_train,Period_II,Day 3,3,alcohol\alcohol_14.csv,8.757014082578634,3.483224132077315
S7_train_I_D1_3_val_D4_5,three_class_with_air,C-DANN-semi,learned latent PCA,alcohol,target,target_labeled_train,Period_II,Day 3,3,alcohol\alcohol_15.csv,8.078143602914189,4.1968004625944655
S7_train_I_D1_3_val_D4_5,three_class_with_air,C-DANN-semi,learned latent PCA,acetone,target,target_domain,Period_II,Day 4,4,acetone\acetone_16.csv,1.719341200189802,3.8065882254718146
S7_train_I_D1_3_val_D4_5,three_class_with_air,C-DANN-semi,learned latent PCA,acetone,target,target_domain,Period_II,Day 4,4,acetone\acetone_17.csv,-1.8166282981682937,3.8135284820974857
S7_train_I_D1_3_val_D4_5,three_class_with_air,C-DANN-semi,learned latent PCA,acetone,target,target_domain,Period_II,Day 4,4,acetone\acetone_18.csv,1.1074452097882206,4.179945996456308
S7_train_I_D1_3_val_D4_5,three_class_with_air,C-DANN-semi,learned latent PCA,acetone,target,target_domain,Period_II,Day 4,4,acetone\acetone_19.csv,5.212961064282532,2.2589193262353757
S7_train_I_D1_3_val_D4_5,three_class_with_air,C-DANN-semi,learned latent PCA,acetone,target,target_domain,Period_II,Day 4,4,acetone\acetone_20.csv,0.7229763981942886,3.1990488991948345
S7_train_I_D1_3_val_D4_5,three_class_with_air,C-DANN-semi,learned latent PCA,acetone,target,target_domain,Period_II,Day 5,5,acetone\acetone_21.csv,-15.309182492144725,4.1406713435571865
S7_train_I_D1_3_val_D4_5,three_class_with_air,C-DANN-semi,learned latent PCA,acetone,target,target_domain,Period_II,Day 5,5,acetone\acetone_22.csv,5.738108541211859,5.050968549783913
S7_train_I_D1_3_val_D4_5,three_class_with_air,C-DANN-semi,learned latent PCA,acetone,target,target_domain,Period_II,Day 5,5,acetone\acetone_23.csv,-11.149462007950396,3.582913823904594
S7_train_I_D1_3_val_D4_5,three_class_with_air,C-DANN-semi,learned latent PCA,acetone,target,target_domain,Period_II,Day 5,5,acetone\acetone_24.csv,-39.64104032873198,0.6540269831817026
S7_train_I_D1_3_val_D4_5,three_class_with_air,C-DANN-semi,learned latent PCA,acetone,target,target_domain,Period_II,Day 5,5,acetone\acetone_25.csv,2.82001771739755,2.433078606461495
S7_train_I_D1_3_val_D4_5,three_class_with_air,C-DANN-semi,learned latent PCA,acetone,target,target_domain,Period_II,Day 6,6,acetone\acetone_26.csv,-2.3565448075291515,3.300412118936796
S7_train_I_D1_3_val_D4_5,three_class_with_air,C-DANN-semi,learned latent PCA,acetone,target,target_domain,Period_II,Day 6,6,acetone\acetone_27.csv,-6.905956280330242,3.4125849552798773
S7_train_I_D1_3_val_D4_5,three_class_with_air,C-DANN-semi,learned latent PCA,acetone,target,target_domain,Period_II,Day 6,6,acetone\acetone_28.csv,0.45753678734225817,4.452038378914382
S7_train_I_D1_3_val_D4_5,three_class_with_air,C-DANN-semi,learned latent PCA,acetone,target,target_domain,Period_II,Day 6,6,acetone\acetone_29.csv,-0.7032049565038425,4.579806503130666
S7_train_I_D1_3_val_D4_5,three_class_with_air,C-DANN-semi,learned latent PCA,acetone,target,target_domain,Period_II,Day 6,6,acetone\acetone_30.csv,-8.315391075114206,4.113850550381596
S7_train_I_D1_3_val_D4_5,three_class_with_air,C-DANN-semi,learned latent PCA,acetone,target,target_domain,Period_II,Day 6,6,acetone\acetone_31.csv,-11.087168207189217,4.315760002564741
S7_train_I_D1_3_val_D4_5,three_class_with_air,C-DANN-semi,learned latent PCA,acetone,target,target_domain,Period_II,Day 6,6,acetone\acetone_32.csv,-13.364309030701914,3.307141851048675
S7_train_I_D1_3_val_D4_5,three_class_with_air,C-DANN-semi,learned latent PCA,acetone,target,target_domain,Period_II,Day 7,7,acetone\acetone_33.csv,4.225920327567476,4.168881094655576
S7_train_I_D1_3_val_D4_5,three_class_with_air,C-DANN-semi,learned latent PCA,acetone,target,target_domain,Period_II,Day 7,7,acetone\acetone_34.csv,-11.5586764236125,2.5812842041361033
S7_train_I_D1_3_val_D4_5,three_class_with_air,C-DANN-semi,learned latent PCA,acetone,target,target_domain,Period_II,Day 7,7,acetone\acetone_35.csv,-14.64181125512194,3.1138509478999894
S7_train_I_D1_3_val_D4_5,three_class_with_air,C-DANN-semi,learned latent PCA,acetone,target,target_domain,Period_II,Day 8,8,acetone\acetone_36.csv,-12.5322881539701,3.6514227572192888
S7_train_I_D1_3_val_D4_5,three_class_with_air,C-DANN-semi,learned latent PCA,acetone,target,target_domain,Period_II,Day 8,8,acetone\acetone_37.csv,-6.256288331063139,1.5997205795518668
S7_train_I_D1_3_val_D4_5,three_class_with_air,C-DANN-semi,learned latent PCA,acetone,target,target_domain,Period_II,Day 8,8,acetone\acetone_38.csv,-0.48011451068108757,0.34838411963147636
S7_train_I_D1_3_val_D4_5,three_class_with_air,C-DANN-semi,learned latent PCA,acetone,target,target_domain,Period_II,Day 9,9,acetone\acetone_39.csv,-1.2405409589250562,4.287167034298372
S7_train_I_D1_3_val_D4_5,three_class_with_air,C-DANN-semi,learned latent PCA,acetone,target,target_domain,Period_II,Day 9,9,acetone\acetone_40.csv,0.5033830202484489,2.554077129596954
S7_train_I_D1_3_val_D4_5,three_class_with_air,C-DANN-semi,learned latent PCA,acetone,target,target_domain,Period_II,Day 9,9,acetone\acetone_41.csv,-8.248826691768128,4.385345239873476
S7_train_I_D1_3_val_D4_5,three_class_with_air,C-DANN-semi,learned latent PCA,acetone,target,target_domain,Period_II,Day 9,9,acetone\acetone_42.csv,-10.09466038949391,3.193697510606475
S7_train_I_D1_3_val_D4_5,three_class_with_air,C-DANN-semi,learned latent PCA,acetone,target,target_domain,Period_II,Day 9,9,acetone\acetone_43.csv,-9.193144793238083,4.426077877347162
S7_train_I_D1_3_val_D4_5,three_class_with_air,C-DANN-semi,learned latent PCA,air,target,target_domain,Period_II,Day 4,4,air\air_7.csv,6.563416591857563,-4.333428810701089
S7_train_I_D1_3_val_D4_5,three_class_with_air,C-DANN-semi,learned latent PCA,air,target,target_domain,Period_II,Day 4,4,air\air_8.csv,6.216066663192471,-5.191176436921598
S7_train_I_D1_3_val_D4_5,three_class_with_air,C-DANN-semi,learned latent PCA,air,target,target_domain,Period_II,Day 4,4,air\reference_7.csv,5.8688623214299325,-6.254897659593823
S7_train_I_D1_3_val_D4_5,three_class_with_air,C-DANN-semi,learned latent PCA,air,target,target_domain,Period_II,Day 4,4,air\reference_8.csv,2.6061665503581084,-17.390031777835766
S7_train_I_D1_3_val_D4_5,three_class_with_air,C-DANN-semi,learned latent PCA,air,target,target_domain,Period_II,Day 5,5,air\air_10.csv,5.898896649480274,-5.2170159305623125
S7_train_I_D1_3_val_D4_5,three_class_with_air,C-DANN-semi,learned latent PCA,air,target,target_domain,Period_II,Day 5,5,air\air_9.csv,5.13542035921719,-8.326343322549775
S7_train_I_D1_3_val_D4_5,three_class_with_air,C-DANN-semi,learned latent PCA,air,target,target_domain,Period_II,Day 6,6,air\air_11.csv,1.8423943483077083,-8.593490683552758
S7_train_I_D1_3_val_D4_5,three_class_with_air,C-DANN-semi,learned latent PCA,air,target,target_domain,Period_II,Day 6,6,air\air_12.csv,4.407368854813031,-9.558774006409319
S7_train_I_D1_3_val_D4_5,three_class_with_air,C-DANN-semi,learned latent PCA,air,target,target_domain,Period_II,Day 6,6,air\air_13.csv,5.001753519908388,-10.379251505744817
S7_train_I_D1_3_val_D4_5,three_class_with_air,C-DANN-semi,learned latent PCA,air,target,target_domain,Period_II,Day 8,8,air\air_14.csv,5.602450825665893,-8.481691957892064
S7_train_I_D1_3_val_D4_5,three_class_with_air,C-DANN-semi,learned latent PCA,air,target,target_domain,Period_II,Day 8,8,air\air_15.csv,5.0151495015877865,-7.864927901727553
S7_train_I_D1_3_val_D4_5,three_class_with_air,C-DANN-semi,learned latent PCA,air,target,target_domain,Period_II,Day 8,8,air\reference_9.csv,8.275033681114685,1.3135617191439115
S7_train_I_D1_3_val_D4_5,three_class_with_air,C-DANN-semi,learned latent PCA,air,target,target_domain,Period_II,Day 9,9,air\air_16.csv,5.575471773200896,-8.76970583457364
S7_train_I_D1_3_val_D4_5,three_class_with_air,C-DANN-semi,learned latent PCA,air,target,target_domain,Period_II,Day 9,9,air\air_17.csv,4.967395827266192,-9.403821528509152
S7_train_I_D1_3_val_D4_5,three_class_with_air,C-DANN-semi,learned latent PCA,alcohol,target,target_domain,Period_II,Day 4,4,alcohol\alcohol_16.csv,8.975908542431654,3.3650999617592245
S7_train_I_D1_3_val_D4_5,three_class_with_air,C-DANN-semi,learned latent PCA,alcohol,target,target_domain,Period_II,Day 4,4,alcohol\alcohol_17.csv,9.196095507712487,0.7124845913155131
S7_train_I_D1_3_val_D4_5,three_class_with_air,C-DANN-semi,learned latent PCA,alcohol,target,target_domain,Period_II,Day 4,4,alcohol\alcohol_18.csv,8.979959181229113,2.9012610861128327
S7_train_I_D1_3_val_D4_5,three_class_with_air,C-DANN-semi,learned latent PCA,alcohol,target,target_domain,Period_II,Day 4,4,alcohol\alcohol_19.csv,6.981351446453561,1.0941336550415177
S7_train_I_D1_3_val_D4_5,three_class_with_air,C-DANN-semi,learned latent PCA,alcohol,target,target_domain,Period_II,Day 4,4,alcohol\alcohol_20.csv,8.349435485358857,3.817225642106272
S7_train_I_D1_3_val_D4_5,three_class_with_air,C-DANN-semi,learned latent PCA,alcohol,target,target_domain,Period_II,Day 5,5,alcohol\alcohol_21.csv,6.867905081918238,2.2496250095594013
S7_train_I_D1_3_val_D4_5,three_class_with_air,C-DANN-semi,learned latent PCA,alcohol,target,target_domain,Period_II,Day 5,5,alcohol\alcohol_22.csv,8.57845022324792,3.779886007539402
S7_train_I_D1_3_val_D4_5,three_class_with_air,C-DANN-semi,learned latent PCA,alcohol,target,target_domain,Period_II,Day 5,5,alcohol\alcohol_23.csv,-9.96514449928761,0.8867327392901607
S7_train_I_D1_3_val_D4_5,three_class_with_air,C-DANN-semi,learned latent PCA,alcohol,target,target_domain,Period_II,Day 5,5,alcohol\alcohol_24.csv,8.943535140318552,3.9216408137751957
S7_train_I_D1_3_val_D4_5,three_class_with_air,C-DANN-semi,learned latent PCA,alcohol,target,target_domain,Period_II,Day 5,5,alcohol\alcohol_25.csv,9.197724104776132,3.322227897003827
S7_train_I_D1_3_val_D4_5,three_class_with_air,C-DANN-semi,learned latent PCA,alcohol,target,target_domain,Period_II,Day 6,6,alcohol\alcohol_26.csv,8.517284451500895,3.1824284769011135
S7_train_I_D1_3_val_D4_5,three_class_with_air,C-DANN-semi,learned latent PCA,alcohol,target,target_domain,Period_II,Day 6,6,alcohol\alcohol_27.csv,7.358947662606529,3.6777532271684112
S7_train_I_D1_3_val_D4_5,three_class_with_air,C-DANN-semi,learned latent PCA,alcohol,target,target_domain,Period_II,Day 6,6,alcohol\alcohol_28.csv,5.736087792153585,2.288363456652143
S7_train_I_D1_3_val_D4_5,three_class_with_air,C-DANN-semi,learned latent PCA,alcohol,target,target_domain,Period_II,Day 6,6,alcohol\alcohol_29.csv,8.644642960253725,3.945182846491415
S7_train_I_D1_3_val_D4_5,three_class_with_air,C-DANN-semi,learned latent PCA,alcohol,target,target_domain,Period_II,Day 6,6,alcohol\alcohol_30.csv,8.54077358092337,3.82259166751743
S7_train_I_D1_3_val_D4_5,three_class_with_air,C-DANN-semi,learned latent PCA,alcohol,target,target_domain,Period_II,Day 6,6,alcohol\alcohol_31.csv,7.746561041813764,3.8595144229089398
S7_train_I_D1_3_val_D4_5,three_class_with_air,C-DANN-semi,learned latent PCA,alcohol,target,target_domain,Period_II,Day 6,6,alcohol\alcohol_32.csv,8.846067395870941,3.8737014316850815
S7_train_I_D1_3_val_D4_5,three_class_with_air,C-DANN-semi,learned latent PCA,alcohol,target,target_domain,Period_II,Day 7,7,alcohol\alcohol_33.csv,8.068539342231142,4.115563515876187
S7_train_I_D1_3_val_D4_5,three_class_with_air,C-DANN-semi,learned latent PCA,alcohol,target,target_domain,Period_II,Day 7,7,alcohol\alcohol_34.csv,8.592078599902388,4.174482537542856
S7_train_I_D1_3_val_D4_5,three_class_with_air,C-DANN-semi,learned latent PCA,alcohol,target,target_domain,Period_II,Day 7,7,alcohol\alcohol_35.csv,8.049803740935088,3.986470258135683
S7_train_I_D1_3_val_D4_5,three_class_with_air,C-DANN-semi,learned latent PCA,alcohol,target,target_domain,Period_II,Day 8,8,alcohol\alcohol_36.csv,8.61050753939027,-0.41821844352844073
S7_train_I_D1_3_val_D4_5,three_class_with_air,C-DANN-semi,learned latent PCA,alcohol,target,target_domain,Period_II,Day 8,8,alcohol\alcohol_37.csv,9.035345762534964,2.4738398083050686
S7_train_I_D1_3_val_D4_5,three_class_with_air,C-DANN-semi,learned latent PCA,alcohol,target,target_domain,Period_II,Day 8,8,alcohol\alcohol_38.csv,8.331937718616361,3.723090932670123
S7_train_I_D1_3_val_D4_5,three_class_with_air,C-DANN-semi,learned latent PCA,alcohol,target,target_domain,Period_II,Day 9,9,alcohol\alcohol_39.csv,9.260796238043312,2.2625052245730846
S7_train_I_D1_3_val_D4_5,three_class_with_air,C-DANN-semi,learned latent PCA,alcohol,target,target_domain,Period_II,Day 9,9,alcohol\alcohol_40.csv,8.46379473663806,4.288589103069421
S7_train_I_D1_3_val_D4_5,three_class_with_air,C-DANN-semi,learned latent PCA,alcohol,target,target_domain,Period_II,Day 9,9,alcohol\alcohol_41.csv,8.356637685535853,-1.259777260240711
S7_train_I_D1_3_val_D4_5,three_class_with_air,C-DANN-semi,learned latent PCA,alcohol,target,target_domain,Period_II,Day 9,9,alcohol\alcohol_42.csv,7.6504966550297535,4.01087519595489
S7_train_I_D1_3_val_D4_5,three_class_with_air,C-DANN-semi,learned latent PCA,alcohol,target,target_domain,Period_II,Day 9,9,alcohol\alcohol_43.csv,8.232189748318532,3.885040542721839
S7_train_I_D1_3_val_D4_5,three_class_with_air,C-DANN-semi,learned latent PCA,acetone,target,target_domain,Period_II,Day 10,10,acetone\acetone_44.csv,-20.68104990721938,3.226618564344432
S7_train_I_D1_3_val_D4_5,three_class_with_air,C-DANN-semi,learned latent PCA,acetone,target,target_domain,Period_II,Day 10,10,acetone\acetone_45.csv,5.216144244524523,3.5933198452667163
S7_train_I_D1_3_val_D4_5,three_class_with_air,C-DANN-semi,learned latent PCA,acetone,target,target_domain,Period_II,Day 10,10,acetone\acetone_46.csv,0.7765404032999477,3.594478005550254
S7_train_I_D1_3_val_D4_5,three_class_with_air,C-DANN-semi,learned latent PCA,acetone,target,target_domain,Period_II,Day 10,10,acetone\acetone_47.csv,6.414042249291173,4.7217255753666665
S7_train_I_D1_3_val_D4_5,three_class_with_air,C-DANN-semi,learned latent PCA,acetone,target,target_domain,Period_II,Day 11,11,acetone\acetone_48.csv,3.3583760511507954,5.476916917911683
S7_train_I_D1_3_val_D4_5,three_class_with_air,C-DANN-semi,learned latent PCA,acetone,target,target_domain,Period_II,Day 11,11,acetone\acetone_49.csv,-11.832655295266823,4.484706901354094
S7_train_I_D1_3_val_D4_5,three_class_with_air,C-DANN-semi,learned latent PCA,acetone,target,target_domain,Period_II,Day 11,11,acetone\acetone_50.csv,8.893257336820682,4.200299360938217
S7_train_I_D1_3_val_D4_5,three_class_with_air,C-DANN-semi,learned latent PCA,acetone,target,target_domain,Period_II,Day 11,11,acetone\acetone_51.csv,-0.35410889085881475,4.741920561641194
S7_train_I_D1_3_val_D4_5,three_class_with_air,C-DANN-semi,learned latent PCA,acetone,target,target_domain,Period_II,Day 12,12,acetone\acetone_52.csv,8.046288939506676,3.251365183609135
S7_train_I_D1_3_val_D4_5,three_class_with_air,C-DANN-semi,learned latent PCA,acetone,target,target_domain,Period_II,Day 12,12,acetone\acetone_53.csv,9.311088068604057,4.061759249683662
S7_train_I_D1_3_val_D4_5,three_class_with_air,C-DANN-semi,learned latent PCA,acetone,target,target_domain,Period_II,Day 12,12,acetone\acetone_54.csv,3.3285808471585674,-5.4002852237821175
S7_train_I_D1_3_val_D4_5,three_class_with_air,C-DANN-semi,learned latent PCA,acetone,target,target_domain,Period_II,Day 12,12,acetone\acetone_55.csv,8.463020995075887,4.569692524450334
S7_train_I_D1_3_val_D4_5,three_class_with_air,C-DANN-semi,learned latent PCA,acetone,target,target_domain,Period_II,Day 13,13,acetone\acetone_56.csv,4.540666902814104,2.752423498261757
S7_train_I_D1_3_val_D4_5,three_class_with_air,C-DANN-semi,learned latent PCA,acetone,target,target_domain,Period_II,Day 13,13,acetone\acetone_57.csv,1.6192778157148755,4.3531380464708525
S7_train_I_D1_3_val_D4_5,three_class_with_air,C-DANN-semi,learned latent PCA,acetone,target,target_domain,Period_II,Day 14,14,acetone\acetone_58.csv,2.1900856703910847,3.983055672015185
S7_train_I_D1_3_val_D4_5,three_class_with_air,C-DANN-semi,learned latent PCA,acetone,target,target_domain,Period_II,Day 14,14,acetone\acetone_59.csv,-4.721054967369039,3.2550305442081156
S7_train_I_D1_3_val_D4_5,three_class_with_air,C-DANN-semi,learned latent PCA,acetone,target,target_domain,Period_II,Day 14,14,acetone\acetone_60.csv,-20.370667445209982,3.3687025752314717
S7_train_I_D1_3_val_D4_5,three_class_with_air,C-DANN-semi,learned latent PCA,acetone,target,target_domain,Period_II,Day 15,15,acetone\acetone_61.csv,1.3107398542565671,1.742754933469736
S7_train_I_D1_3_val_D4_5,three_class_with_air,C-DANN-semi,learned latent PCA,acetone,target,target_domain,Period_II,Day 15,15,acetone\acetone_62.csv,6.46659948154902,4.43304537919662
S7_train_I_D1_3_val_D4_5,three_class_with_air,C-DANN-semi,learned latent PCA,acetone,target,target_domain,Period_II,Day 15,15,acetone\acetone_63.csv,6.186107352352188,1.5394770041514747
S7_train_I_D1_3_val_D4_5,three_class_with_air,C-DANN-semi,learned latent PCA,acetone,target,target_domain,Period_II,Day 17,17,acetone\acetone_64.csv,-0.2922901145628934,4.565824968033192
S7_train_I_D1_3_val_D4_5,three_class_with_air,C-DANN-semi,learned latent PCA,acetone,target,target_domain,Period_II,Day 17,17,acetone\acetone_65.csv,-0.9765546634316127,2.203419663176948
S7_train_I_D1_3_val_D4_5,three_class_with_air,C-DANN-semi,learned latent PCA,acetone,target,target_domain,Period_II,Day 17,17,acetone\acetone_66.csv,2.2125937778370055,2.171735728737652
S7_train_I_D1_3_val_D4_5,three_class_with_air,C-DANN-semi,learned latent PCA,acetone,target,target_domain,Period_II,Day 17,17,acetone\acetone_67.csv,-5.68165864413701,4.374883044051249
S7_train_I_D1_3_val_D4_5,three_class_with_air,C-DANN-semi,learned latent PCA,acetone,target,target_domain,Period_II,Day 17,17,acetone\acetone_68.csv,-10.926578135026576,3.8230526131609883
S7_train_I_D1_3_val_D4_5,three_class_with_air,C-DANN-semi,learned latent PCA,air,target,target_domain,Period_II,Day 10,10,air\air_18.csv,5.203561357036825,-9.136492513676071
S7_train_I_D1_3_val_D4_5,three_class_with_air,C-DANN-semi,learned latent PCA,air,target,target_domain,Period_II,Day 10,10,air\air_19.csv,4.938277261839793,-7.945412278303169
S7_train_I_D1_3_val_D4_5,three_class_with_air,C-DANN-semi,learned latent PCA,air,target,target_domain,Period_II,Day 11,11,air\air_20.csv,6.420439615222831,-5.8083213971875525
S7_train_I_D1_3_val_D4_5,three_class_with_air,C-DANN-semi,learned latent PCA,air,target,target_domain,Period_II,Day 11,11,air\air_21.csv,3.8978287910046205,-6.942878528384952
S7_train_I_D1_3_val_D4_5,three_class_with_air,C-DANN-semi,learned latent PCA,air,target,target_domain,Period_II,Day 12,12,air\air_22.csv,8.050908731154204,1.8773396291562297
S7_train_I_D1_3_val_D4_5,three_class_with_air,C-DANN-semi,learned latent PCA,air,target,target_domain,Period_II,Day 12,12,air\air_23.csv,5.0039284406715305,-8.682684280094625
S7_train_I_D1_3_val_D4_5,three_class_with_air,C-DANN-semi,learned latent PCA,air,target,target_domain,Period_II,Day 13,13,air\air_24.csv,4.000469860503134,-7.3749241707733795
S7_train_I_D1_3_val_D4_5,three_class_with_air,C-DANN-semi,learned latent PCA,air,target,target_domain,Period_II,Day 13,13,air\air_25.csv,5.83054735749105,-5.787842166071108
S7_train_I_D1_3_val_D4_5,three_class_with_air,C-DANN-semi,learned latent PCA,air,target,target_domain,Period_II,Day 13,13,air\air_26.csv,5.1100176976387015,-10.88493309542521
S7_train_I_D1_3_val_D4_5,three_class_with_air,C-DANN-semi,learned latent PCA,air,target,target_domain,Period_II,Day 13,13,air\air_27.csv,5.604894318272975,-7.584696889616915
S7_train_I_D1_3_val_D4_5,three_class_with_air,C-DANN-semi,learned latent PCA,air,target,target_domain,Period_II,Day 13,13,air\air_28.csv,5.482946206216749,-1.6128806591438694
S7_train_I_D1_3_val_D4_5,three_class_with_air,C-DANN-semi,learned latent PCA,air,target,target_domain,Period_II,Day 14,14,air\air_29.csv,6.23865716011902,-5.710032991836169
S7_train_I_D1_3_val_D4_5,three_class_with_air,C-DANN-semi,learned latent PCA,air,target,target_domain,Period_II,Day 14,14,air\air_30.csv,5.163085900710511,-8.819288382069455
S7_train_I_D1_3_val_D4_5,three_class_with_air,C-DANN-semi,learned latent PCA,air,target,target_domain,Period_II,Day 14,14,air\air_31.csv,4.636287236951648,-5.527955249474896
S7_train_I_D1_3_val_D4_5,three_class_with_air,C-DANN-semi,learned latent PCA,air,target,target_domain,Period_II,Day 14,14,air\air_32.csv,3.368014756453999,-10.401294831521101
S7_train_I_D1_3_val_D4_5,three_class_with_air,C-DANN-semi,learned latent PCA,air,target,target_domain,Period_II,Day 14,14,air\air_33.csv,6.120108186797122,-7.914551689468698
S7_train_I_D1_3_val_D4_5,three_class_with_air,C-DANN-semi,learned latent PCA,air,target,target_domain,Period_II,Day 14,14,air\air_34.csv,4.924659527943657,-10.522548950393194
S7_train_I_D1_3_val_D4_5,three_class_with_air,C-DANN-semi,learned latent PCA,air,target,target_domain,Period_II,Day 15,15,air\air_35.csv,5.544166919130932,-7.425287144401983
S7_train_I_D1_3_val_D4_5,three_class_with_air,C-DANN-semi,learned latent PCA,air,target,target_domain,Period_II,Day 15,15,air\air_36.csv,7.341995120337496,-2.4762430385865275
S7_train_I_D1_3_val_D4_5,three_class_with_air,C-DANN-semi,learned latent PCA,air,target,target_domain,Period_II,Day 15,15,air\air_37.csv,4.6010844987007955,-9.610909820626464
S7_train_I_D1_3_val_D4_5,three_class_with_air,C-DANN-semi,learned latent PCA,air,target,target_domain,Period_II,Day 15,15,air\air_38.csv,5.568475215652799,-8.000411957815103
S7_train_I_D1_3_val_D4_5,three_class_with_air,C-DANN-semi,learned latent PCA,air,target,target_domain,Period_II,Day 15,15,air\air_39.csv,4.412473238231113,-9.1916616706602
S7_train_I_D1_3_val_D4_5,three_class_with_air,C-DANN-semi,learned latent PCA,air,target,target_domain,Period_II,Day 15,15,air\air_40.csv,5.64524828471105,-7.685167489091334
S7_train_I_D1_3_val_D4_5,three_class_with_air,C-DANN-semi,learned latent PCA,air,target,target_domain,Period_II,Day 16,16,air\air_41.csv,8.64675684370994,4.139253907248984
S7_train_I_D1_3_val_D4_5,three_class_with_air,C-DANN-semi,learned latent PCA,air,target,target_domain,Period_II,Day 16,16,air\air_42.csv,5.422712178511863,-7.922706878589855
S7_train_I_D1_3_val_D4_5,three_class_with_air,C-DANN-semi,learned latent PCA,air,target,target_domain,Period_II,Day 16,16,air\air_43.csv,8.413312849314812,2.1321800956206003
S7_train_I_D1_3_val_D4_5,three_class_with_air,C-DANN-semi,learned latent PCA,air,target,target_domain,Period_II,Day 16,16,air\air_44.csv,4.7338314547694695,-9.76726100678977
S7_train_I_D1_3_val_D4_5,three_class_with_air,C-DANN-semi,learned latent PCA,air,target,target_domain,Period_II,Day 17,17,air\air_45.csv,5.105444248015956,-10.349027669249013
S7_train_I_D1_3_val_D4_5,three_class_with_air,C-DANN-semi,learned latent PCA,air,target,target_domain,Period_II,Day 17,17,air\air_46.csv,8.331845590301217,-0.6179098900786482
S7_train_I_D1_3_val_D4_5,three_class_with_air,C-DANN-semi,learned latent PCA,air,target,target_domain,Period_II,Day 17,17,air\air_47.csv,6.6880655838413885,-5.555171331005793
S7_train_I_D1_3_val_D4_5,three_class_with_air,C-DANN-semi,learned latent PCA,air,target,target_domain,Period_II,Day 17,17,air\air_48.csv,5.806144921758343,-7.8251144495663185
S7_train_I_D1_3_val_D4_5,three_class_with_air,C-DANN-semi,learned latent PCA,alcohol,target,target_domain,Period_II,Day 10,10,alcohol\alcohol_44.csv,5.51244416672769,5.2210524137275005
S7_train_I_D1_3_val_D4_5,three_class_with_air,C-DANN-semi,learned latent PCA,alcohol,target,target_domain,Period_II,Day 10,10,alcohol\alcohol_45.csv,8.758522772543863,4.0020095328124174
S7_train_I_D1_3_val_D4_5,three_class_with_air,C-DANN-semi,learned latent PCA,alcohol,target,target_domain,Period_II,Day 10,10,alcohol\alcohol_46.csv,8.877570775626971,4.1098931840139645
S7_train_I_D1_3_val_D4_5,three_class_with_air,C-DANN-semi,learned latent PCA,alcohol,target,target_domain,Period_II,Day 10,10,alcohol\alcohol_47.csv,7.516583575682754,4.499358803564625
S7_train_I_D1_3_val_D4_5,three_class_with_air,C-DANN-semi,learned latent PCA,alcohol,target,target_domain,Period_II,Day 11,11,alcohol\alcohol_48.csv,8.379595229470377,4.17535549425465
S7_train_I_D1_3_val_D4_5,three_class_with_air,C-DANN-semi,learned latent PCA,alcohol,target,target_domain,Period_II,Day 11,11,alcohol\alcohol_49.csv,8.19245003730275,4.248439163662597
S7_train_I_D1_3_val_D4_5,three_class_with_air,C-DANN-semi,learned latent PCA,alcohol,target,target_domain,Period_II,Day 11,11,alcohol\alcohol_50.csv,8.41175795685897,4.2064183482301365
S7_train_I_D1_3_val_D4_5,three_class_with_air,C-DANN-semi,learned latent PCA,alcohol,target,target_domain,Period_II,Day 11,11,alcohol\alcohol_51.csv,8.973230066213679,2.5204283725421366
S7_train_I_D1_3_val_D4_5,three_class_with_air,C-DANN-semi,learned latent PCA,alcohol,target,target_domain,Period_II,Day 12,12,alcohol\alcohol_52.csv,7.755944566842941,2.634612724214049
S7_train_I_D1_3_val_D4_5,three_class_with_air,C-DANN-semi,learned latent PCA,alcohol,target,target_domain,Period_II,Day 12,12,alcohol\alcohol_53.csv,8.900834528725852,4.084341635370713
S7_train_I_D1_3_val_D4_5,three_class_with_air,C-DANN-semi,learned latent PCA,alcohol,target,target_domain,Period_II,Day 12,12,alcohol\alcohol_54.csv,3.7868499631230645,0.9460219313736475
S7_train_I_D1_3_val_D4_5,three_class_with_air,C-DANN-semi,learned latent PCA,alcohol,target,target_domain,Period_II,Day 12,12,alcohol\alcohol_55.csv,8.735925525747785,3.7704479155573805
S7_train_I_D1_3_val_D4_5,three_class_with_air,C-DANN-semi,learned latent PCA,alcohol,target,target_domain,Period_II,Day 13,13,alcohol\alcohol_56.csv,7.110454688120698,2.762403143761254
S7_train_I_D1_3_val_D4_5,three_class_with_air,C-DANN-semi,learned latent PCA,alcohol,target,target_domain,Period_II,Day 13,13,alcohol\alcohol_57.csv,7.969555999091424,3.092925589929437
S7_train_I_D1_3_val_D4_5,three_class_with_air,C-DANN-semi,learned latent PCA,alcohol,target,target_domain,Period_II,Day 14,14,alcohol\alcohol_58.csv,8.570211126508173,3.89596646091201
S7_train_I_D1_3_val_D4_5,three_class_with_air,C-DANN-semi,learned latent PCA,alcohol,target,target_domain,Period_II,Day 14,14,alcohol\alcohol_59.csv,6.524810875032027,3.8574483352410374
S7_train_I_D1_3_val_D4_5,three_class_with_air,C-DANN-semi,learned latent PCA,alcohol,target,target_domain,Period_II,Day 14,14,alcohol\alcohol_60.csv,5.319978167413555,5.279479785033439
S7_train_I_D1_3_val_D4_5,three_class_with_air,C-DANN-semi,learned latent PCA,alcohol,target,target_domain,Period_II,Day 15,15,alcohol\alcohol_61.csv,8.542635755212151,3.17407327154907
S7_train_I_D1_3_val_D4_5,three_class_with_air,C-DANN-semi,learned latent PCA,alcohol,target,target_domain,Period_II,Day 15,15,alcohol\alcohol_62.csv,8.400095819841685,3.5832992172141713
S7_train_I_D1_3_val_D4_5,three_class_with_air,C-DANN-semi,learned latent PCA,alcohol,target,target_domain,Period_II,Day 15,15,alcohol\alcohol_63.csv,8.577433402737833,3.9600103671898372
S7_train_I_D1_3_val_D4_5,three_class_with_air,C-DANN-semi,learned latent PCA,alcohol,target,target_domain,Period_II,Day 17,17,alcohol\alcohol_64.csv,8.63813225196126,3.279084534418099
S7_train_I_D1_3_val_D4_5,three_class_with_air,C-DANN-semi,learned latent PCA,alcohol,target,target_domain,Period_II,Day 17,17,alcohol\alcohol_65.csv,8.510772993145068,3.6365973789257695
S7_train_I_D1_3_val_D4_5,three_class_with_air,C-DANN-semi,learned latent PCA,alcohol,target,target_domain,Period_II,Day 17,17,alcohol\alcohol_66.csv,8.729222503281369,2.6738092467722243
S7_train_I_D1_3_val_D4_5,three_class_with_air,C-DANN-semi,learned latent PCA,alcohol,target,target_domain,Period_II,Day 17,17,alcohol\alcohol_67.csv,8.412744789573514,4.079274231945822
S7_train_I_D1_3_val_D4_5,three_class_with_air,C-DANN-semi,learned latent PCA,alcohol,target,target_domain,Period_II,Day 17,17,alcohol\alcohol_68.csv,8.203860211751026,4.074739397108788
S7_train_I_D1_3_val_D4_5,three_class_with_air,C-DANN-semi,learned latent PCA,acetone,target,target_domain,Period_III,Day 18,18,acetone\acetone_69.csv,-1.432705749281889,3.318518158915614
S7_train_I_D1_3_val_D4_5,three_class_with_air,C-DANN-semi,learned latent PCA,acetone,target,target_domain,Period_III,Day 18,18,acetone\acetone_70.csv,-10.809540796078466,3.9031332922635795
S7_train_I_D1_3_val_D4_5,three_class_with_air,C-DANN-semi,learned latent PCA,acetone,target,target_domain,Period_III,Day 18,18,acetone\acetone_71.csv,-26.785784195212667,2.5577075893446732
S7_train_I_D1_3_val_D4_5,three_class_with_air,C-DANN-semi,learned latent PCA,acetone,target,target_domain,Period_III,Day 18,18,acetone\acetone_72.csv,-3.1901450504013495,3.9947026934081076
S7_train_I_D1_3_val_D4_5,three_class_with_air,C-DANN-semi,learned latent PCA,acetone,target,target_domain,Period_III,Day 18,18,acetone\acetone_73.csv,-3.0037188854127446,4.028372209915502
S7_train_I_D1_3_val_D4_5,three_class_with_air,C-DANN-semi,learned latent PCA,acetone,target,target_domain,Period_III,Day 19,19,acetone\acetone_74.csv,-13.435044089910114,4.374059695227452
S7_train_I_D1_3_val_D4_5,three_class_with_air,C-DANN-semi,learned latent PCA,acetone,target,target_domain,Period_III,Day 19,19,acetone\acetone_75.csv,-23.329383400760225,3.460653897627302
S7_train_I_D1_3_val_D4_5,three_class_with_air,C-DANN-semi,learned latent PCA,acetone,target,target_domain,Period_III,Day 19,19,acetone\acetone_76.csv,-31.78265871343178,2.5662599780652693
S7_train_I_D1_3_val_D4_5,three_class_with_air,C-DANN-semi,learned latent PCA,acetone,target,target_domain,Period_III,Day 20,20,acetone\acetone_77.csv,-39.825115101383815,1.3394338587447692
S7_train_I_D1_3_val_D4_5,three_class_with_air,C-DANN-semi,learned latent PCA,acetone,target,target_domain,Period_III,Day 20,20,acetone\acetone_78.csv,-34.03297676045393,2.4884256342379607
S7_train_I_D1_3_val_D4_5,three_class_with_air,C-DANN-semi,learned latent PCA,acetone,target,target_domain,Period_III,Day 20,20,acetone\acetone_79.csv,-13.916208037607477,3.6997704970694576
S7_train_I_D1_3_val_D4_5,three_class_with_air,C-DANN-semi,learned latent PCA,acetone,target,target_domain,Period_III,Day 20,20,acetone\acetone_80.csv,-27.212675334592852,2.7592392482765575
S7_train_I_D1_3_val_D4_5,three_class_with_air,C-DANN-semi,learned latent PCA,acetone,target,target_domain,Period_III,Day 21,21,acetone\acetone_81.csv,-28.954918709295068,2.1810770854994055
S7_train_I_D1_3_val_D4_5,three_class_with_air,C-DANN-semi,learned latent PCA,acetone,target,target_domain,Period_III,Day 21,21,acetone\acetone_82.csv,-14.302811904536133,1.9355672761099358
S7_train_I_D1_3_val_D4_5,three_class_with_air,C-DANN-semi,learned latent PCA,acetone,target,target_domain,Period_III,Day 21,21,acetone\acetone_83.csv,-40.312549778716395,1.0414421362518083
S7_train_I_D1_3_val_D4_5,three_class_with_air,C-DANN-semi,learned latent PCA,acetone,target,target_domain,Period_III,Day 21,21,acetone\acetone_84.csv,-54.083526773309515,0.4925678859596496
S7_train_I_D1_3_val_D4_5,three_class_with_air,C-DANN-semi,learned latent PCA,air,target,target_domain,Period_III,Day 18,18,air\air_49.csv,4.964118773732653,-8.659470125953558
S7_train_I_D1_3_val_D4_5,three_class_with_air,C-DANN-semi,learned latent PCA,air,target,target_domain,Period_III,Day 18,18,air\air_50.csv,5.113525451814175,-8.853134717461034
S7_train_I_D1_3_val_D4_5,three_class_with_air,C-DANN-semi,learned latent PCA,air,target,target_domain,Period_III,Day 18,18,air\air_51.csv,4.985271298696333,-9.0706760083949
S7_train_I_D1_3_val_D4_5,three_class_with_air,C-DANN-semi,learned latent PCA,air,target,target_domain,Period_III,Day 18,18,air\air_52.csv,4.893837336964409,-9.037475088341482
S7_train_I_D1_3_val_D4_5,three_class_with_air,C-DANN-semi,learned latent PCA,air,target,target_domain,Period_III,Day 19,19,air\air_53.csv,8.015475649899466,-0.05125400994141261
S7_train_I_D1_3_val_D4_5,three_class_with_air,C-DANN-semi,learned latent PCA,air,target,target_domain,Period_III,Day 19,19,air\air_54.csv,4.944454812857584,-7.451715521755953
S7_train_I_D1_3_val_D4_5,three_class_with_air,C-DANN-semi,learned latent PCA,air,target,target_domain,Period_III,Day 20,20,air\air_55.csv,4.7754304426281715,-9.091482422455588
S7_train_I_D1_3_val_D4_5,three_class_with_air,C-DANN-semi,learned latent PCA,air,target,target_domain,Period_III,Day 20,20,air\air_56.csv,7.7685535020544885,-1.4752979220094171
S7_train_I_D1_3_val_D4_5,three_class_with_air,C-DANN-semi,learned latent PCA,air,target,target_domain,Period_III,Day 20,20,air\air_57.csv,4.05498465285943,-13.291769091413817
S7_train_I_D1_3_val_D4_5,three_class_with_air,C-DANN-semi,learned latent PCA,air,target,target_domain,Period_III,Day 20,20,air\air_58.csv,5.779562337511633,-6.492557671561833
S7_train_I_D1_3_val_D4_5,three_class_with_air,C-DANN-semi,learned latent PCA,air,target,target_domain,Period_III,Day 21,21,air\air_59.csv,8.80253273852577,3.6810510867147133
S7_train_I_D1_3_val_D4_5,three_class_with_air,C-DANN-semi,learned latent PCA,air,target,target_domain,Period_III,Day 21,21,air\air_60.csv,4.668961457178132,-10.568707990805393
S7_train_I_D1_3_val_D4_5,three_class_with_air,C-DANN-semi,learned latent PCA,air,target,target_domain,Period_III,Day 21,21,air\air_61.csv,4.898434709518587,-9.00164538852961
S7_train_I_D1_3_val_D4_5,three_class_with_air,C-DANN-semi,learned latent PCA,air,target,target_domain,Period_III,Day 21,21,air\air_62.csv,5.406631566874147,-6.988660510656495
S7_train_I_D1_3_val_D4_5,three_class_with_air,C-DANN-semi,learned latent PCA,alcohol,target,target_domain,Period_III,Day 18,18,alcohol\alcohol_69.csv,8.885425629475769,3.6379138807966314
S7_train_I_D1_3_val_D4_5,three_class_with_air,C-DANN-semi,learned latent PCA,alcohol,target,target_domain,Period_III,Day 18,18,alcohol\alcohol_70.csv,6.441134026473191,4.94730964938314
S7_train_I_D1_3_val_D4_5,three_class_with_air,C-DANN-semi,learned latent PCA,alcohol,target,target_domain,Period_III,Day 18,18,alcohol\alcohol_71.csv,8.367816765237741,3.9699959271941845
S7_train_I_D1_3_val_D4_5,three_class_with_air,C-DANN-semi,learned latent PCA,alcohol,target,target_domain,Period_III,Day 18,18,alcohol\alcohol_72.csv,8.39231341321924,3.8658680306179094
S7_train_I_D1_3_val_D4_5,three_class_with_air,C-DANN-semi,learned latent PCA,alcohol,target,target_domain,Period_III,Day 18,18,alcohol\alcohol_73.csv,6.9989329764507415,4.561108299847704
S7_train_I_D1_3_val_D4_5,three_class_with_air,C-DANN-semi,learned latent PCA,alcohol,target,target_domain,Period_III,Day 19,19,alcohol\alcohol_74.csv,8.654341498787383,3.9807891250869694
S7_train_I_D1_3_val_D4_5,three_class_with_air,C-DANN-semi,learned latent PCA,alcohol,target,target_domain,Period_III,Day 19,19,alcohol\alcohol_75.csv,8.46731724921282,3.888740324256604
S7_train_I_D1_3_val_D4_5,three_class_with_air,C-DANN-semi,learned latent PCA,alcohol,target,target_domain,Period_III,Day 19,19,alcohol\alcohol_76.csv,8.272231505546735,4.0635619538216
S7_train_I_D1_3_val_D4_5,three_class_with_air,C-DANN-semi,learned latent PCA,alcohol,target,target_domain,Period_III,Day 20,20,alcohol\alcohol_77.csv,6.7009864562692725,4.744304114910003
S7_train_I_D1_3_val_D4_5,three_class_with_air,C-DANN-semi,learned latent PCA,alcohol,target,target_domain,Period_III,Day 20,20,alcohol\alcohol_78.csv,7.7943512973062345,4.044054525283842
S7_train_I_D1_3_val_D4_5,three_class_with_air,C-DANN-semi,learned latent PCA,alcohol,target,target_domain,Period_III,Day 20,20,alcohol\alcohol_79.csv,7.011552775213664,4.707919365953824
S7_train_I_D1_3_val_D4_5,three_class_with_air,C-DANN-semi,learned latent PCA,alcohol,target,target_domain,Period_III,Day 20,20,alcohol\alcohol_80.csv,7.184398708479755,4.689831010958852
S7_train_I_D1_3_val_D4_5,three_class_with_air,C-DANN-semi,learned latent PCA,alcohol,target,target_domain,Period_III,Day 21,21,alcohol\alcohol_81.csv,8.170107694193092,3.2626109359513578
S7_train_I_D1_3_val_D4_5,three_class_with_air,C-DANN-semi,learned latent PCA,alcohol,target,target_domain,Period_III,Day 21,21,alcohol\alcohol_82.csv,8.40686689872888,3.9104708437787274
S7_train_I_D1_3_val_D4_5,three_class_with_air,C-DANN-semi,learned latent PCA,alcohol,target,target_domain,Period_III,Day 21,21,alcohol\alcohol_83.csv,8.23890571091166,3.9477877043404894
S7_train_I_D1_3_val_D4_5,three_class_with_air,C-DANN-semi,learned latent PCA,alcohol,target,target_domain,Period_III,Day 21,21,alcohol\alcohol_84.csv,5.543293405810015,5.274972401564691
S7_train_I_D1_3_val_D4_5,three_class_with_air,C-DANN-semi,learned latent PCA,acetone,target,target_domain,Period_IV,Day 22,22,acetone\acetone_85.csv,9.12476969044529,3.4062249345380042
S7_train_I_D1_3_val_D4_5,three_class_with_air,C-DANN-semi,learned latent PCA,acetone,target,target_domain,Period_IV,Day 22,22,acetone\acetone_86.csv,8.50055130043302,4.024526568195247
S7_train_I_D1_3_val_D4_5,three_class_with_air,C-DANN-semi,learned latent PCA,acetone,target,target_domain,Period_IV,Day 22,22,acetone\acetone_87.csv,3.1508608169693986,5.085090938086541
S7_train_I_D1_3_val_D4_5,three_class_with_air,C-DANN-semi,learned latent PCA,acetone,target,target_domain,Period_IV,Day 22,22,acetone\acetone_88.csv,-13.169925537802376,4.025900735164675
S7_train_I_D1_3_val_D4_5,three_class_with_air,C-DANN-semi,learned latent PCA,acetone,target,target_domain,Period_IV,Day 23,23,acetone\acetone_89.csv,-19.42621780122647,3.667975349907238
S7_train_I_D1_3_val_D4_5,three_class_with_air,C-DANN-semi,learned latent PCA,acetone,target,target_domain,Period_IV,Day 23,23,acetone\acetone_90.csv,-13.289746494255748,3.7746854230251605
S7_train_I_D1_3_val_D4_5,three_class_with_air,C-DANN-semi,learned latent PCA,acetone,target,target_domain,Period_IV,Day 23,23,acetone\acetone_91.csv,-29.456764612791858,2.814460738998482
S7_train_I_D1_3_val_D4_5,three_class_with_air,C-DANN-semi,learned latent PCA,acetone,target,target_domain,Period_IV,Day 23,23,acetone\acetone_92.csv,-33.17435191482065,2.587830875619655
S7_train_I_D1_3_val_D4_5,three_class_with_air,C-DANN-semi,learned latent PCA,acetone,target,target_domain,Period_IV,Day 24,24,acetone\acetone_93.csv,-13.645973666232482,3.4068971333828113
S7_train_I_D1_3_val_D4_5,three_class_with_air,C-DANN-semi,learned latent PCA,acetone,target,target_domain,Period_IV,Day 24,24,acetone\acetone_94.csv,-5.330982235345593,3.9220393765627244
S7_train_I_D1_3_val_D4_5,three_class_with_air,C-DANN-semi,learned latent PCA,acetone,target,target_domain,Period_IV,Day 24,24,acetone\acetone_95.csv,-17.753506079740056,3.739080369904594
S7_train_I_D1_3_val_D4_5,three_class_with_air,C-DANN-semi,learned latent PCA,acetone,target,target_domain,Period_IV,Day 24,24,acetone\acetone_96.csv,-9.532272468221933,4.193780798186776
S7_train_I_D1_3_val_D4_5,three_class_with_air,C-DANN-semi,learned latent PCA,air,target,target_domain,Period_IV,Day 22,22,air\air_63.csv,5.385656040892549,-10.522340753015207
S7_train_I_D1_3_val_D4_5,three_class_with_air,C-DANN-semi,learned latent PCA,air,target,target_domain,Period_IV,Day 22,22,air\air_64.csv,5.501465404867663,-9.439587478006201
S7_train_I_D1_3_val_D4_5,three_class_with_air,C-DANN-semi,learned latent PCA,air,target,target_domain,Period_IV,Day 22,22,air\air_65.csv,8.76422685913688,3.641097381924437
S7_train_I_D1_3_val_D4_5,three_class_with_air,C-DANN-semi,learned latent PCA,air,target,target_domain,Period_IV,Day 23,23,air\air_66.csv,5.858147570461045,-4.926912891995984
S7_train_I_D1_3_val_D4_5,three_class_with_air,C-DANN-semi,learned latent PCA,air,target,target_domain,Period_IV,Day 23,23,air\air_67.csv,4.905144496331671,-8.822287378725681
S7_train_I_D1_3_val_D4_5,three_class_with_air,C-DANN-semi,learned latent PCA,air,target,target_domain,Period_IV,Day 23,23,air\air_68.csv,4.427679029288048,-9.489131325063996
S7_train_I_D1_3_val_D4_5,three_class_with_air,C-DANN-semi,learned latent PCA,air,target,target_domain,Period_IV,Day 23,23,air\air_69.csv,5.569074371008339,-8.045687899602106
S7_train_I_D1_3_val_D4_5,three_class_with_air,C-DANN-semi,learned latent PCA,air,target,target_domain,Period_IV,Day 24,24,air\air_70.csv,4.648676730589565,-9.751596195104042
S7_train_I_D1_3_val_D4_5,three_class_with_air,C-DANN-semi,learned latent PCA,air,target,target_domain,Period_IV,Day 24,24,air\air_71.csv,6.063387223955903,-5.918788353066972
S7_train_I_D1_3_val_D4_5,three_class_with_air,C-DANN-semi,learned latent PCA,air,target,target_domain,Period_IV,Day 24,24,air\air_72.csv,5.381030418119711,-8.710326096125256
S7_train_I_D1_3_val_D4_5,three_class_with_air,C-DANN-semi,learned latent PCA,alcohol,target,target_domain,Period_IV,Day 22,22,alcohol\alcohol_85.csv,7.973659072787263,3.3371245826992464
S7_train_I_D1_3_val_D4_5,three_class_with_air,C-DANN-semi,learned latent PCA,alcohol,target,target_domain,Period_IV,Day 22,22,alcohol\alcohol_86.csv,6.086759845828058,1.076851166359113
S7_train_I_D1_3_val_D4_5,three_class_with_air,C-DANN-semi,learned latent PCA,alcohol,target,target_domain,Period_IV,Day 22,22,alcohol\alcohol_87.csv,8.070090267566151,3.2769804840762373
S7_train_I_D1_3_val_D4_5,three_class_with_air,C-DANN-semi,learned latent PCA,alcohol,target,target_domain,Period_IV,Day 22,22,alcohol\alcohol_88.csv,7.091109510008606,4.716687423811968
S7_train_I_D1_3_val_D4_5,three_class_with_air,C-DANN-semi,learned latent PCA,alcohol,target,target_domain,Period_IV,Day 23,23,alcohol\alcohol_89.csv,8.423856558545923,4.192505338078415
S7_train_I_D1_3_val_D4_5,three_class_with_air,C-DANN-semi,learned latent PCA,alcohol,target,target_domain,Period_IV,Day 23,23,alcohol\alcohol_90.csv,8.258021160733838,4.124883476334968
S7_train_I_D1_3_val_D4_5,three_class_with_air,C-DANN-semi,learned latent PCA,alcohol,target,target_domain,Period_IV,Day 23,23,alcohol\alcohol_91.csv,8.432656227389266,4.031493553816772
S7_train_I_D1_3_val_D4_5,three_class_with_air,C-DANN-semi,learned latent PCA,alcohol,target,target_domain,Period_IV,Day 23,23,alcohol\alcohol_92.csv,8.067869363849251,4.061392403396108
S7_train_I_D1_3_val_D4_5,three_class_with_air,C-DANN-semi,learned latent PCA,alcohol,target,target_domain,Period_IV,Day 24,24,alcohol\alcohol_93.csv,8.360025773125454,3.99102603509039
S7_train_I_D1_3_val_D4_5,three_class_with_air,C-DANN-semi,learned latent PCA,alcohol,target,target_domain,Period_IV,Day 24,24,alcohol\alcohol_94.csv,8.43437801268191,3.9572202596160704
S7_train_I_D1_3_val_D4_5,three_class_with_air,C-DANN-semi,learned latent PCA,alcohol,target,target_domain,Period_IV,Day 24,24,alcohol\alcohol_95.csv,8.784720237193302,3.9446396216334296
S7_train_I_D1_3_val_D4_5,three_class_with_air,C-DANN-semi,learned latent PCA,alcohol,target,target_domain,Period_IV,Day 24,24,alcohol\alcohol_96.csv,7.757150293109058,4.079015827738858
