epoch,class_loss,domain_loss,total_loss,train_accuracy,validation_accuracy,test_accuracy,domain_discriminator_accuracy,split,task,variant,lambda,seed
1,1.1652212142944336,0.0,1.1652212142944336,0.4,0.4,0.5374449339207048,0.44357976653696496,D1_transductive_target_all,three_class_with_air,MLP source only,0.0,11
5,0.7963988184928894,0.0,0.7963988184928894,0.5666666666666667,0.5666666666666667,0.6167400881057269,0.29961089494163423,D1_transductive_target_all,three_class_with_air,MLP source only,0.0,11
10,0.5253804922103882,0.0,0.5253804922103882,0.8666666666666667,0.8666666666666667,0.7136563876651982,0.45136186770428016,D1_transductive_target_all,three_class_with_air,MLP source only,0.0,11
15,0.29123538732528687,0.0,0.29123538732528687,0.9333333333333333,0.9333333333333333,0.762114537444934,0.5175097276264592,D1_transductive_target_all,three_class_with_air,MLP source only,0.0,11
20,0.11410259455442429,0.0,0.11410259455442429,1.0,1.0,0.748898678414097,0.5525291828793775,D1_transductive_target_all,three_class_with_air,MLP source only,0.0,11
25,0.030284155160188675,0.0,0.030284155160188675,1.0,1.0,0.762114537444934,0.5642023346303502,D1_transductive_target_all,three_class_with_air,MLP source only,0.0,11
30,0.00626461673527956,0.0,0.00626461673527956,1.0,1.0,0.788546255506608,0.5447470817120622,D1_transductive_target_all,three_class_with_air,MLP source only,0.0,11
35,0.025195715948939323,0.0,0.025195715948939323,1.0,1.0,0.7973568281938326,0.5642023346303502,D1_transductive_target_all,three_class_with_air,MLP source only,0.0,11
40,0.0007711212965659797,0.0,0.0007711212965659797,1.0,1.0,0.801762114537445,0.5719844357976653,D1_transductive_target_all,three_class_with_air,MLP source only,0.0,11
45,0.000924112624488771,0.0,0.000924112624488771,1.0,1.0,0.8105726872246696,0.5369649805447471,D1_transductive_target_all,three_class_with_air,MLP source only,0.0,11
50,0.00033586545032449067,0.0,0.00033586545032449067,1.0,1.0,0.7973568281938326,0.5408560311284046,D1_transductive_target_all,three_class_with_air,MLP source only,0.0,11
55,0.00013797385327052325,0.0,0.00013797385327052325,1.0,1.0,0.7973568281938326,0.5758754863813229,D1_transductive_target_all,three_class_with_air,MLP source only,0.0,11
60,8.064381836447865e-05,0.0,8.064381836447865e-05,1.0,1.0,0.7973568281938326,0.5758754863813229,D1_transductive_target_all,three_class_with_air,MLP source only,0.0,11
65,8.772415458224714e-05,0.0,8.772415458224714e-05,1.0,1.0,0.7973568281938326,0.5758754863813229,D1_transductive_target_all,three_class_with_air,MLP source only,0.0,11
70,0.00017017927893903106,0.0,0.00017017927893903106,1.0,1.0,0.801762114537445,0.5603112840466926,D1_transductive_target_all,three_class_with_air,MLP source only,0.0,11
75,0.00017768442921806127,0.0,0.00017768442921806127,1.0,1.0,0.801762114537445,0.5525291828793775,D1_transductive_target_all,three_class_with_air,MLP source only,0.0,11
80,0.0002446828002575785,0.0,0.0002446828002575785,1.0,1.0,0.801762114537445,0.556420233463035,D1_transductive_target_all,three_class_with_air,MLP source only,0.0,11
85,7.622302655363455e-05,0.0,7.622302655363455e-05,1.0,1.0,0.801762114537445,0.5603112840466926,D1_transductive_target_all,three_class_with_air,MLP source only,0.0,11
90,5.159851934877224e-05,0.0,5.159851934877224e-05,1.0,1.0,0.8061674008810573,0.5797665369649806,D1_transductive_target_all,three_class_with_air,MLP source only,0.0,11
95,3.263352482463233e-05,0.0,3.263352482463233e-05,1.0,1.0,0.801762114537445,0.5836575875486382,D1_transductive_target_all,three_class_with_air,MLP source only,0.0,11
100,5.0081798690371215e-05,0.0,5.0081798690371215e-05,1.0,1.0,0.801762114537445,0.5836575875486382,D1_transductive_target_all,three_class_with_air,MLP source only,0.0,11
105,1.666508433117997e-05,0.0,1.666508433117997e-05,1.0,1.0,0.801762114537445,0.5875486381322957,D1_transductive_target_all,three_class_with_air,MLP source only,0.0,11
110,2.207772013207432e-05,0.0,2.207772013207432e-05,1.0,1.0,0.801762114537445,0.5875486381322957,D1_transductive_target_all,three_class_with_air,MLP source only,0.0,11
115,1.6801117453724146e-05,0.0,1.6801117453724146e-05,1.0,1.0,0.801762114537445,0.5875486381322957,D1_transductive_target_all,three_class_with_air,MLP source only,0.0,11
120,0.00010998125071637332,0.0,0.00010998125071637332,1.0,1.0,0.7973568281938326,0.5797665369649806,D1_transductive_target_all,three_class_with_air,MLP source only,0.0,11
125,0.00025579260545782745,0.0,0.00025579260545782745,1.0,1.0,0.7973568281938326,0.5797665369649806,D1_transductive_target_all,three_class_with_air,MLP source only,0.0,11
130,3.121070403722115e-05,0.0,3.121070403722115e-05,1.0,1.0,0.7973568281938326,0.5797665369649806,D1_transductive_target_all,three_class_with_air,MLP source only,0.0,11
135,0.00027040549321100116,0.0,0.00027040549321100116,1.0,1.0,0.8061674008810573,0.5836575875486382,D1_transductive_target_all,three_class_with_air,MLP source only,0.0,11
140,0.00019826147763524204,0.0,0.00019826147763524204,1.0,1.0,0.8061674008810573,0.5875486381322957,D1_transductive_target_all,three_class_with_air,MLP source only,0.0,11
145,2.7415620934334584e-05,0.0,2.7415620934334584e-05,1.0,1.0,0.8061674008810573,0.5875486381322957,D1_transductive_target_all,three_class_with_air,MLP source only,0.0,11
150,2.7550389859243296e-05,0.0,2.7550389859243296e-05,1.0,1.0,0.7973568281938326,0.5875486381322957,D1_transductive_target_all,three_class_with_air,MLP source only,0.0,11
155,9.30210662772879e-05,0.0,9.30210662772879e-05,1.0,1.0,0.801762114537445,0.5914396887159533,D1_transductive_target_all,three_class_with_air,MLP source only,0.0,11
160,0.00024040979042183608,0.0,0.00024040979042183608,1.0,1.0,0.801762114537445,0.5992217898832685,D1_transductive_target_all,three_class_with_air,MLP source only,0.0,11
165,0.00046267249854281545,0.0,0.00046267249854281545,1.0,1.0,0.7797356828193832,0.6186770428015564,D1_transductive_target_all,three_class_with_air,MLP source only,0.0,11
170,0.0029418966732919216,0.0,0.0029418966732919216,1.0,1.0,0.7797356828193832,0.5914396887159533,D1_transductive_target_all,three_class_with_air,MLP source only,0.0,11
175,0.0042729671113193035,0.0,0.0042729671113193035,1.0,1.0,0.7929515418502202,0.556420233463035,D1_transductive_target_all,three_class_with_air,MLP source only,0.0,11
180,0.0009885485051199794,0.0,0.0009885485051199794,1.0,1.0,0.7709251101321586,0.5875486381322957,D1_transductive_target_all,three_class_with_air,MLP source only,0.0,11
185,0.00026950519531965256,0.0,0.00026950519531965256,1.0,1.0,0.775330396475771,0.6070038910505836,D1_transductive_target_all,three_class_with_air,MLP source only,0.0,11
190,0.0010438014287501574,0.0,0.0010438014287501574,1.0,1.0,0.7709251101321586,0.5992217898832685,D1_transductive_target_all,three_class_with_air,MLP source only,0.0,11
195,0.00020325309014879167,0.0,0.00020325309014879167,1.0,1.0,0.7709251101321586,0.5953307392996109,D1_transductive_target_all,three_class_with_air,MLP source only,0.0,11
200,0.00011990110215265304,0.0,0.00011990110215265304,1.0,1.0,0.775330396475771,0.5953307392996109,D1_transductive_target_all,three_class_with_air,MLP source only,0.0,11
205,4.138774238526821e-05,0.0,4.138774238526821e-05,1.0,1.0,0.775330396475771,0.5992217898832685,D1_transductive_target_all,three_class_with_air,MLP source only,0.0,11
210,1.5701718439231627e-05,0.0,1.5701718439231627e-05,1.0,1.0,0.7709251101321586,0.603112840466926,D1_transductive_target_all,three_class_with_air,MLP source only,0.0,11
215,2.6238700229441747e-05,0.0,2.6238700229441747e-05,1.0,1.0,0.7709251101321586,0.603112840466926,D1_transductive_target_all,three_class_with_air,MLP source only,0.0,11
220,2.190307895943988e-05,0.0,2.190307895943988e-05,1.0,1.0,0.775330396475771,0.5992217898832685,D1_transductive_target_all,three_class_with_air,MLP source only,0.0,11
225,4.578056905302219e-05,0.0,4.578056905302219e-05,1.0,1.0,0.775330396475771,0.5992217898832685,D1_transductive_target_all,three_class_with_air,MLP source only,0.0,11
230,4.070256545674056e-05,0.0,4.070256545674056e-05,1.0,1.0,0.775330396475771,0.5992217898832685,D1_transductive_target_all,three_class_with_air,MLP source only,0.0,11
235,1.7422238670405932e-05,0.0,1.7422238670405932e-05,1.0,1.0,0.7841409691629956,0.5992217898832685,D1_transductive_target_all,three_class_with_air,MLP source only,0.0,11
240,3.190463030477986e-05,0.0,3.190463030477986e-05,1.0,1.0,0.775330396475771,0.5992217898832685,D1_transductive_target_all,three_class_with_air,MLP source only,0.0,11
245,6.0056107031414285e-05,0.0,6.0056107031414285e-05,1.0,1.0,0.775330396475771,0.5992217898832685,D1_transductive_target_all,three_class_with_air,MLP source only,0.0,11
250,4.4095264456700534e-05,0.0,4.4095264456700534e-05,1.0,1.0,0.7797356828193832,0.5953307392996109,D1_transductive_target_all,three_class_with_air,MLP source only,0.0,11
255,6.322164699668065e-05,0.0,6.322164699668065e-05,1.0,1.0,0.7797356828193832,0.5914396887159533,D1_transductive_target_all,three_class_with_air,MLP source only,0.0,11
260,3.6741992516908795e-05,0.0,3.6741992516908795e-05,1.0,1.0,0.7797356828193832,0.5914396887159533,D1_transductive_target_all,three_class_with_air,MLP source only,0.0,11
265,5.9514029999263585e-05,0.0,5.9514029999263585e-05,1.0,1.0,0.7841409691629956,0.5914396887159533,D1_transductive_target_all,three_class_with_air,MLP source only,0.0,11
270,3.811262649833225e-05,0.0,3.811262649833225e-05,1.0,1.0,0.788546255506608,0.5875486381322957,D1_transductive_target_all,three_class_with_air,MLP source only,0.0,11
275,2.7308084099786356e-05,0.0,2.7308084099786356e-05,1.0,1.0,0.788546255506608,0.5875486381322957,D1_transductive_target_all,three_class_with_air,MLP source only,0.0,11
280,0.00024489255156368017,0.0,0.00024489255156368017,1.0,1.0,0.788546255506608,0.5836575875486382,D1_transductive_target_all,three_class_with_air,MLP source only,0.0,11
285,8.000645902939141e-05,0.0,8.000645902939141e-05,1.0,1.0,0.788546255506608,0.5797665369649806,D1_transductive_target_all,three_class_with_air,MLP source only,0.0,11
290,8.838481153361499e-05,0.0,8.838481153361499e-05,1.0,1.0,0.7929515418502202,0.5797665369649806,D1_transductive_target_all,three_class_with_air,MLP source only,0.0,11
295,2.5684499632916413e-05,0.0,2.5684499632916413e-05,1.0,1.0,0.7929515418502202,0.5836575875486382,D1_transductive_target_all,three_class_with_air,MLP source only,0.0,11
300,2.0160621716058813e-05,0.0,2.0160621716058813e-05,1.0,1.0,0.7973568281938326,0.5836575875486382,D1_transductive_target_all,three_class_with_air,MLP source only,0.0,11
305,3.647386620286852e-05,0.0,3.647386620286852e-05,1.0,1.0,0.801762114537445,0.5875486381322957,D1_transductive_target_all,three_class_with_air,MLP source only,0.0,11
310,2.394971852481831e-05,0.0,2.394971852481831e-05,1.0,1.0,0.801762114537445,0.5914396887159533,D1_transductive_target_all,three_class_with_air,MLP source only,0.0,11
315,4.10326974815689e-05,0.0,4.10326974815689e-05,1.0,1.0,0.7973568281938326,0.5875486381322957,D1_transductive_target_all,three_class_with_air,MLP source only,0.0,11
320,1.5271169104380533e-05,0.0,1.5271169104380533e-05,1.0,1.0,0.7929515418502202,0.5875486381322957,D1_transductive_target_all,three_class_with_air,MLP source only,0.0,11
325,0.00036324135726317763,0.0,0.00036324135726317763,1.0,1.0,0.7973568281938326,0.5836575875486382,D1_transductive_target_all,three_class_with_air,MLP source only,0.0,11
330,2.2078857000451535e-05,0.0,2.2078857000451535e-05,1.0,1.0,0.801762114537445,0.5875486381322957,D1_transductive_target_all,three_class_with_air,MLP source only,0.0,11
335,4.3738182284869254e-05,0.0,4.3738182284869254e-05,1.0,1.0,0.801762114537445,0.5836575875486382,D1_transductive_target_all,three_class_with_air,MLP source only,0.0,11
340,0.00010405722423456609,0.0,0.00010405722423456609,1.0,1.0,0.801762114537445,0.5836575875486382,D1_transductive_target_all,three_class_with_air,MLP source only,0.0,11
345,1.9804079784080386e-05,0.0,1.9804079784080386e-05,1.0,1.0,0.801762114537445,0.5836575875486382,D1_transductive_target_all,three_class_with_air,MLP source only,0.0,11
350,1.8863798686652444e-05,0.0,1.8863798686652444e-05,1.0,1.0,0.801762114537445,0.5797665369649806,D1_transductive_target_all,three_class_with_air,MLP source only,0.0,11
355,4.9985017540166155e-05,0.0,4.9985017540166155e-05,1.0,1.0,0.801762114537445,0.5797665369649806,D1_transductive_target_all,three_class_with_air,MLP source only,0.0,11
360,3.7737696402473375e-05,0.0,3.7737696402473375e-05,1.0,1.0,0.801762114537445,0.5797665369649806,D1_transductive_target_all,three_class_with_air,MLP source only,0.0,11
365,8.05852105258964e-05,0.0,8.05852105258964e-05,1.0,1.0,0.801762114537445,0.5797665369649806,D1_transductive_target_all,three_class_with_air,MLP source only,0.0,11
370,8.99749284144491e-05,0.0,8.99749284144491e-05,1.0,1.0,0.801762114537445,0.5797665369649806,D1_transductive_target_all,three_class_with_air,MLP source only,0.0,11
375,0.00023530599719379097,0.0,0.00023530599719379097,1.0,1.0,0.7973568281938326,0.5836575875486382,D1_transductive_target_all,three_class_with_air,MLP source only,0.0,11
380,9.745870920596644e-05,0.0,9.745870920596644e-05,1.0,1.0,0.7929515418502202,0.5797665369649806,D1_transductive_target_all,three_class_with_air,MLP source only,0.0,11
385,0.0001375207502860576,0.0,0.0001375207502860576,1.0,1.0,0.7929515418502202,0.5719844357976653,D1_transductive_target_all,three_class_with_air,MLP source only,0.0,11
390,9.234383469447494e-05,0.0,9.234383469447494e-05,1.0,1.0,0.7929515418502202,0.5719844357976653,D1_transductive_target_all,three_class_with_air,MLP source only,0.0,11
395,3.325401121401228e-05,0.0,3.325401121401228e-05,1.0,1.0,0.7929515418502202,0.5758754863813229,D1_transductive_target_all,three_class_with_air,MLP source only,0.0,11
400,0.00018211537098977715,0.0,0.00018211537098977715,1.0,1.0,0.7973568281938326,0.5758754863813229,D1_transductive_target_all,three_class_with_air,MLP source only,0.0,11
1,1.1652212142944336,0.6920324563980103,1.8572536706924438,0.4,0.4,0.5330396475770925,0.8715953307392996,D1_transductive_target_all,three_class_with_air,DANN-UDA,0.05,11
5,0.8205824494361877,0.5359376072883606,1.3565200567245483,0.5333333333333333,0.5333333333333333,0.6211453744493393,0.8832684824902723,D1_transductive_target_all,three_class_with_air,DANN-UDA,0.05,11
10,0.5695195198059082,0.49902719259262085,1.0685467720031738,0.8,0.8,0.7048458149779736,0.8832684824902723,D1_transductive_target_all,three_class_with_air,DANN-UDA,0.05,11
15,0.30952754616737366,0.4693622589111328,0.7788897752761841,0.9333333333333333,0.9333333333333333,0.7577092511013216,0.8832684824902723,D1_transductive_target_all,three_class_with_air,DANN-UDA,0.05,11
20,0.20386973023414612,0.438254177570343,0.6421239376068115,0.9666666666666667,0.9666666666666667,0.7400881057268722,0.8832684824902723,D1_transductive_target_all,three_class_with_air,DANN-UDA,0.05,11
25,0.05168319121003151,0.4099203944206238,0.461603581905365,1.0,1.0,0.7400881057268722,0.8832684824902723,D1_transductive_target_all,three_class_with_air,DANN-UDA,0.05,11
30,0.018449310213327408,0.3892245292663574,0.40767383575439453,1.0,1.0,0.775330396475771,0.8832684824902723,D1_transductive_target_all,three_class_with_air,DANN-UDA,0.05,11
35,0.007783081848174334,0.34317123889923096,0.3509543240070343,1.0,1.0,0.7709251101321586,0.8871595330739299,D1_transductive_target_all,three_class_with_air,DANN-UDA,0.05,11
40,0.0020075661595910788,0.3234493136405945,0.3254568874835968,1.0,1.0,0.7973568281938326,0.8910505836575876,D1_transductive_target_all,three_class_with_air,DANN-UDA,0.05,11
45,0.0034014505799859762,0.2820802927017212,0.2854817509651184,1.0,1.0,0.801762114537445,0.8949416342412452,D1_transductive_target_all,three_class_with_air,DANN-UDA,0.05,11
50,0.002259528962895274,0.2763832211494446,0.2786427438259125,1.0,1.0,0.7973568281938326,0.8988326848249028,D1_transductive_target_all,three_class_with_air,DANN-UDA,0.05,11
55,0.00043851954978890717,0.25774309039115906,0.2581816017627716,1.0,1.0,0.7973568281938326,0.9105058365758755,D1_transductive_target_all,three_class_with_air,DANN-UDA,0.05,11
60,0.00038284968468360603,0.2698846459388733,0.2702674865722656,1.0,1.0,0.7973568281938326,0.8988326848249028,D1_transductive_target_all,three_class_with_air,DANN-UDA,0.05,11
65,0.0004321575106587261,0.26869240403175354,0.2691245675086975,1.0,1.0,0.801762114537445,0.914396887159533,D1_transductive_target_all,three_class_with_air,DANN-UDA,0.05,11
70,0.0006785045261494815,0.2741345167160034,0.2748130261898041,1.0,1.0,0.801762114537445,0.9066147859922179,D1_transductive_target_all,three_class_with_air,DANN-UDA,0.05,11
75,0.00021368058514781296,0.3044780492782593,0.30469173192977905,1.0,1.0,0.8061674008810573,0.8949416342412452,D1_transductive_target_all,three_class_with_air,DANN-UDA,0.05,11
80,0.00020692507678177208,0.30820268392562866,0.30840960144996643,1.0,1.0,0.8061674008810573,0.8871595330739299,D1_transductive_target_all,three_class_with_air,DANN-UDA,0.05,11
85,0.0004785490455105901,0.30692416429519653,0.30740270018577576,1.0,1.0,0.8061674008810573,0.8832684824902723,D1_transductive_target_all,three_class_with_air,DANN-UDA,0.05,11
90,0.0006744218990206718,0.3315431773662567,0.33221760392189026,1.0,1.0,0.8149779735682819,0.8832684824902723,D1_transductive_target_all,three_class_with_air,DANN-UDA,0.05,11
95,0.001955135492607951,0.32562023401260376,0.32757535576820374,1.0,1.0,0.8061674008810573,0.8793774319066148,D1_transductive_target_all,three_class_with_air,DANN-UDA,0.05,11
100,0.00034085303195752203,0.31488335132598877,0.31522420048713684,1.0,1.0,0.8061674008810573,0.8793774319066148,D1_transductive_target_all,three_class_with_air,DANN-UDA,0.05,11
105,0.00024628991377539933,0.316307932138443,0.3165542185306549,1.0,1.0,0.801762114537445,0.8793774319066148,D1_transductive_target_all,three_class_with_air,DANN-UDA,0.05,11
110,0.0019394520204514265,0.2957089841365814,0.29764842987060547,1.0,1.0,0.801762114537445,0.8832684824902723,D1_transductive_target_all,three_class_with_air,DANN-UDA,0.05,11
115,0.0003899400180671364,0.28295138478279114,0.28334131836891174,1.0,1.0,0.8061674008810573,0.8793774319066148,D1_transductive_target_all,three_class_with_air,DANN-UDA,0.05,11
120,0.00013919401681050658,0.2765110731124878,0.2766502797603607,1.0,1.0,0.8105726872246696,0.8793774319066148,D1_transductive_target_all,three_class_with_air,DANN-UDA,0.05,11
125,0.00020552644855342805,0.27833661437034607,0.2785421311855316,1.0,1.0,0.8149779735682819,0.8949416342412452,D1_transductive_target_all,three_class_with_air,DANN-UDA,0.05,11
130,0.0001650678605074063,0.2860030233860016,0.28616809844970703,1.0,1.0,0.8149779735682819,0.8949416342412452,D1_transductive_target_all,three_class_with_air,DANN-UDA,0.05,11
135,0.00026628555497154593,0.33277618885040283,0.3330424726009369,1.0,1.0,0.8105726872246696,0.9066147859922179,D1_transductive_target_all,three_class_with_air,DANN-UDA,0.05,11
140,0.00025573582388460636,0.3390827775001526,0.3393385112285614,1.0,1.0,0.8105726872246696,0.9027237354085603,D1_transductive_target_all,three_class_with_air,DANN-UDA,0.05,11
145,0.0011509190080687404,0.31324854493141174,0.31439945101737976,1.0,1.0,0.8061674008810573,0.8949416342412452,D1_transductive_target_all,three_class_with_air,DANN-UDA,0.05,11
150,0.0013355681439861655,0.2882990539073944,0.2896346151828766,1.0,1.0,0.8149779735682819,0.8793774319066148,D1_transductive_target_all,three_class_with_air,DANN-UDA,0.05,11
155,0.00019626677385531366,0.2827930152416229,0.2829892933368683,1.0,1.0,0.8061674008810573,0.8910505836575876,D1_transductive_target_all,three_class_with_air,DANN-UDA,0.05,11
160,0.00037737502134405077,0.27565985918045044,0.2760372459888458,1.0,1.0,0.8061674008810573,0.8949416342412452,D1_transductive_target_all,three_class_with_air,DANN-UDA,0.05,11
165,0.00027216534363105893,0.2771989703178406,0.277471125125885,1.0,1.0,0.801762114537445,0.8988326848249028,D1_transductive_target_all,three_class_with_air,DANN-UDA,0.05,11
170,0.00013855204451829195,0.303691029548645,0.3038295805454254,1.0,1.0,0.8105726872246696,0.8949416342412452,D1_transductive_target_all,three_class_with_air,DANN-UDA,0.05,11
175,0.00011325665400363505,0.3013857901096344,0.30149903893470764,1.0,1.0,0.8193832599118943,0.8910505836575876,D1_transductive_target_all,three_class_with_air,DANN-UDA,0.05,11
180,0.00015072395035531372,0.3168547451496124,0.317005455493927,1.0,1.0,0.8193832599118943,0.8910505836575876,D1_transductive_target_all,three_class_with_air,DANN-UDA,0.05,11
185,0.0003664833784569055,0.32629066705703735,0.32665714621543884,1.0,1.0,0.8237885462555066,0.8871595330739299,D1_transductive_target_all,three_class_with_air,DANN-UDA,0.05,11
190,0.00022553677263204008,0.34802931547164917,0.34825485944747925,1.0,1.0,0.8193832599118943,0.8715953307392996,D1_transductive_target_all,three_class_with_air,DANN-UDA,0.05,11
195,0.00019448844250291586,0.34344884753227234,0.34364333748817444,1.0,1.0,0.8149779735682819,0.8793774319066148,D1_transductive_target_all,three_class_with_air,DANN-UDA,0.05,11
200,0.003499887650832534,0.33495181798934937,0.33845171332359314,1.0,1.0,0.8149779735682819,0.8793774319066148,D1_transductive_target_all,three_class_with_air,DANN-UDA,0.05,11
205,0.00017335920711047947,0.3100147247314453,0.31018808484077454,1.0,1.0,0.8237885462555066,0.8832684824902723,D1_transductive_target_all,three_class_with_air,DANN-UDA,0.05,11
210,0.0008131247595883906,0.29394999146461487,0.29476311802864075,1.0,1.0,0.8281938325991189,0.8871595330739299,D1_transductive_target_all,three_class_with_air,DANN-UDA,0.05,11
215,0.00013750788639299572,0.30462655425071716,0.304764062166214,1.0,1.0,0.8281938325991189,0.8871595330739299,D1_transductive_target_all,three_class_with_air,DANN-UDA,0.05,11
220,8.486743899993598e-05,0.3118896484375,0.31197452545166016,1.0,1.0,0.8370044052863436,0.8793774319066148,D1_transductive_target_all,three_class_with_air,DANN-UDA,0.05,11
225,0.0007132280734367669,0.3133116662502289,0.3140248954296112,1.0,1.0,0.8237885462555066,0.8793774319066148,D1_transductive_target_all,three_class_with_air,DANN-UDA,0.05,11
230,0.000313709257170558,0.3344520926475525,0.33476579189300537,1.0,1.0,0.8237885462555066,0.8832684824902723,D1_transductive_target_all,three_class_with_air,DANN-UDA,0.05,11
235,0.00044495263136923313,0.346529483795166,0.3469744324684143,1.0,1.0,0.8237885462555066,0.867704280155642,D1_transductive_target_all,three_class_with_air,DANN-UDA,0.05,11
240,0.00017788269906304777,0.36090710759162903,0.3610849976539612,1.0,1.0,0.8281938325991189,0.8715953307392996,D1_transductive_target_all,three_class_with_air,DANN-UDA,0.05,11
245,0.0002868897281587124,0.35378605127334595,0.3540729284286499,1.0,1.0,0.8325991189427313,0.8754863813229572,D1_transductive_target_all,three_class_with_air,DANN-UDA,0.05,11
250,0.00013976515037938952,0.34649786353111267,0.34663763642311096,1.0,1.0,0.8325991189427313,0.8871595330739299,D1_transductive_target_all,three_class_with_air,DANN-UDA,0.05,11
255,0.0002590145741123706,0.3235899806022644,0.32384899258613586,1.0,1.0,0.8370044052863436,0.8871595330739299,D1_transductive_target_all,three_class_with_air,DANN-UDA,0.05,11
260,0.0002543180889915675,0.3231079578399658,0.3233622610569,1.0,1.0,0.8281938325991189,0.8910505836575876,D1_transductive_target_all,three_class_with_air,DANN-UDA,0.05,11
265,0.00014562057913281024,0.3220430612564087,0.32218867540359497,1.0,1.0,0.8281938325991189,0.8871595330739299,D1_transductive_target_all,three_class_with_air,DANN-UDA,0.05,11
270,0.00037566100945696235,0.3385199010372162,0.3388955593109131,1.0,1.0,0.8458149779735683,0.8910505836575876,D1_transductive_target_all,three_class_with_air,DANN-UDA,0.05,11
275,0.00025769692729227245,0.3259894847869873,0.3262471854686737,1.0,1.0,0.8458149779735683,0.8832684824902723,D1_transductive_target_all,three_class_with_air,DANN-UDA,0.05,11
280,0.00012266419071238488,0.3227939307689667,0.32291659712791443,1.0,1.0,0.8458149779735683,0.8793774319066148,D1_transductive_target_all,three_class_with_air,DANN-UDA,0.05,11
285,0.000149128696648404,0.3184696435928345,0.3186187744140625,1.0,1.0,0.8458149779735683,0.8793774319066148,D1_transductive_target_all,three_class_with_air,DANN-UDA,0.05,11
290,8.702730701770633e-05,0.3244331181049347,0.32452014088630676,1.0,1.0,0.8414096916299559,0.8754863813229572,D1_transductive_target_all,three_class_with_air,DANN-UDA,0.05,11
295,0.0006400014390237629,0.3288860023021698,0.32952600717544556,1.0,1.0,0.8414096916299559,0.8793774319066148,D1_transductive_target_all,three_class_with_air,DANN-UDA,0.05,11
300,0.00017398512864019722,0.3353070616722107,0.33548104763031006,1.0,1.0,0.8325991189427313,0.8871595330739299,D1_transductive_target_all,three_class_with_air,DANN-UDA,0.05,11
305,0.0001614279462955892,0.34248512983322144,0.3426465690135956,1.0,1.0,0.8414096916299559,0.8910505836575876,D1_transductive_target_all,three_class_with_air,DANN-UDA,0.05,11
310,0.010881509631872177,0.3457391560077667,0.3566206693649292,1.0,1.0,0.8502202643171806,0.8871595330739299,D1_transductive_target_all,three_class_with_air,DANN-UDA,0.05,11
315,0.003982405178248882,0.33610716462135315,0.3400895595550537,1.0,1.0,0.8414096916299559,0.8910505836575876,D1_transductive_target_all,three_class_with_air,DANN-UDA,0.05,11
320,0.0011418977519497275,0.3551514148712158,0.35629332065582275,1.0,1.0,0.8325991189427313,0.8871595330739299,D1_transductive_target_all,three_class_with_air,DANN-UDA,0.05,11
325,0.0007393370615318418,0.3415060043334961,0.34224534034729004,1.0,1.0,0.8458149779735683,0.8871595330739299,D1_transductive_target_all,three_class_with_air,DANN-UDA,0.05,11
330,0.0002569993957877159,0.4027748703956604,0.4030318558216095,1.0,1.0,0.8281938325991189,0.8832684824902723,D1_transductive_target_all,three_class_with_air,DANN-UDA,0.05,11
335,0.005238115321844816,0.397830605506897,0.4030687212944031,1.0,1.0,0.8325991189427313,0.8754863813229572,D1_transductive_target_all,three_class_with_air,DANN-UDA,0.05,11
340,0.0001860224874690175,0.37150734663009644,0.37169337272644043,1.0,1.0,0.8281938325991189,0.8832684824902723,D1_transductive_target_all,three_class_with_air,DANN-UDA,0.05,11
345,0.00048495756345801055,0.3615020215511322,0.3619869649410248,1.0,1.0,0.8193832599118943,0.8793774319066148,D1_transductive_target_all,three_class_with_air,DANN-UDA,0.05,11
350,0.00016401326865889132,0.3649109899997711,0.3650749921798706,1.0,1.0,0.7929515418502202,0.8871595330739299,D1_transductive_target_all,three_class_with_air,DANN-UDA,0.05,11
355,0.0003087971708737314,0.33955055475234985,0.33985936641693115,1.0,1.0,0.7973568281938326,0.8871595330739299,D1_transductive_target_all,three_class_with_air,DANN-UDA,0.05,11
360,7.101228402461857e-05,0.3305949568748474,0.3306659758090973,1.0,1.0,0.8061674008810573,0.8910505836575876,D1_transductive_target_all,three_class_with_air,DANN-UDA,0.05,11
365,0.00033348792931064963,0.33228805661201477,0.3326215445995331,1.0,1.0,0.801762114537445,0.8910505836575876,D1_transductive_target_all,three_class_with_air,DANN-UDA,0.05,11
370,3.412241494515911e-05,0.3448471128940582,0.34488123655319214,1.0,1.0,0.8105726872246696,0.8871595330739299,D1_transductive_target_all,three_class_with_air,DANN-UDA,0.05,11
375,0.0004470057610888034,0.35409992933273315,0.3545469343662262,1.0,1.0,0.8061674008810573,0.8871595330739299,D1_transductive_target_all,three_class_with_air,DANN-UDA,0.05,11
380,5.039942334406078e-05,0.3361068367958069,0.3361572325229645,1.0,1.0,0.8061674008810573,0.8871595330739299,D1_transductive_target_all,three_class_with_air,DANN-UDA,0.05,11
385,0.00021852381178177893,0.34585779905319214,0.3460763096809387,1.0,1.0,0.8105726872246696,0.8832684824902723,D1_transductive_target_all,three_class_with_air,DANN-UDA,0.05,11
390,4.6281937102321535e-05,0.3300429582595825,0.3300892412662506,1.0,1.0,0.8149779735682819,0.8832684824902723,D1_transductive_target_all,three_class_with_air,DANN-UDA,0.05,11
395,4.174107016297057e-05,0.34503474831581116,0.3450765013694763,1.0,1.0,0.8149779735682819,0.8832684824902723,D1_transductive_target_all,three_class_with_air,DANN-UDA,0.05,11
400,0.0003045251651201397,0.3481048047542572,0.3484093248844147,1.0,1.0,0.8237885462555066,0.8871595330739299,D1_transductive_target_all,three_class_with_air,DANN-UDA,0.05,11
1,0.6922407746315002,0.0,0.6922407746315002,0.8333333333333334,0.8333333333333334,0.5875,0.125,D1_transductive_target_all,binary_without_air,MLP source only,0.0,7
5,0.3588829040527344,0.0,0.3588829040527344,0.875,0.875,0.675,0.27717391304347827,D1_transductive_target_all,binary_without_air,MLP source only,0.0,7
10,0.19251303374767303,0.0,0.19251303374767303,0.9583333333333334,0.9583333333333334,0.71875,0.358695652173913,D1_transductive_target_all,binary_without_air,MLP source only,0.0,7
15,0.10598257929086685,0.0,0.10598257929086685,1.0,1.0,0.76875,0.483695652173913,D1_transductive_target_all,binary_without_air,MLP source only,0.0,7
20,0.020629120990633965,0.0,0.020629120990633965,1.0,1.0,0.8,0.532608695652174,D1_transductive_target_all,binary_without_air,MLP source only,0.0,7
25,0.0020076057408005,0.0,0.0020076057408005,1.0,1.0,0.8125,0.5489130434782609,D1_transductive_target_all,binary_without_air,MLP source only,0.0,7
30,0.0005186274065636098,0.0,0.0005186274065636098,1.0,1.0,0.81875,0.5543478260869565,D1_transductive_target_all,binary_without_air,MLP source only,0.0,7
35,0.00015514178085140884,0.0,0.00015514178085140884,1.0,1.0,0.825,0.532608695652174,D1_transductive_target_all,binary_without_air,MLP source only,0.0,7
40,0.00013881285849492997,0.0,0.00013881285849492997,1.0,1.0,0.81875,0.5380434782608695,D1_transductive_target_all,binary_without_air,MLP source only,0.0,7
45,0.00014447983994614333,0.0,0.00014447983994614333,1.0,1.0,0.825,0.5434782608695652,D1_transductive_target_all,binary_without_air,MLP source only,0.0,7
50,0.00012837836402468383,0.0,0.00012837836402468383,1.0,1.0,0.825,0.5380434782608695,D1_transductive_target_all,binary_without_air,MLP source only,0.0,7
55,4.922028165310621e-05,0.0,4.922028165310621e-05,1.0,1.0,0.83125,0.5489130434782609,D1_transductive_target_all,binary_without_air,MLP source only,0.0,7
60,0.0011857958743348718,0.0,0.0011857958743348718,1.0,1.0,0.84375,0.5434782608695652,D1_transductive_target_all,binary_without_air,MLP source only,0.0,7
65,7.996899512363598e-05,0.0,7.996899512363598e-05,1.0,1.0,0.8375,0.5543478260869565,D1_transductive_target_all,binary_without_air,MLP source only,0.0,7
70,1.5362404155894183e-05,0.0,1.5362404155894183e-05,1.0,1.0,0.84375,0.5434782608695652,D1_transductive_target_all,binary_without_air,MLP source only,0.0,7
75,7.350545638473704e-05,0.0,7.350545638473704e-05,1.0,1.0,0.84375,0.5543478260869565,D1_transductive_target_all,binary_without_air,MLP source only,0.0,7
80,0.0001857928727986291,0.0,0.0001857928727986291,1.0,1.0,0.8375,0.5597826086956522,D1_transductive_target_all,binary_without_air,MLP source only,0.0,7
85,2.4287088308483362e-05,0.0,2.4287088308483362e-05,1.0,1.0,0.8375,0.5597826086956522,D1_transductive_target_all,binary_without_air,MLP source only,0.0,7
90,2.072553434118163e-05,0.0,2.072553434118163e-05,1.0,1.0,0.83125,0.5597826086956522,D1_transductive_target_all,binary_without_air,MLP source only,0.0,7
95,0.005701947491616011,0.0,0.005701947491616011,1.0,1.0,0.8375,0.5543478260869565,D1_transductive_target_all,binary_without_air,MLP source only,0.0,7
100,0.000925418920814991,0.0,0.000925418920814991,1.0,1.0,0.85,0.5489130434782609,D1_transductive_target_all,binary_without_air,MLP source only,0.0,7
105,0.00042977367411367595,0.0,0.00042977367411367595,1.0,1.0,0.85,0.5489130434782609,D1_transductive_target_all,binary_without_air,MLP source only,0.0,7
110,0.00013074516027700156,0.0,0.00013074516027700156,1.0,1.0,0.84375,0.5652173913043478,D1_transductive_target_all,binary_without_air,MLP source only,0.0,7
115,2.9529546736739576e-05,0.0,2.9529546736739576e-05,1.0,1.0,0.85,0.5706521739130435,D1_transductive_target_all,binary_without_air,MLP source only,0.0,7
120,7.086683763191104e-05,0.0,7.086683763191104e-05,1.0,1.0,0.84375,0.5815217391304348,D1_transductive_target_all,binary_without_air,MLP source only,0.0,7
125,1.7627067791181616e-05,0.0,1.7627067791181616e-05,1.0,1.0,0.84375,0.5869565217391305,D1_transductive_target_all,binary_without_air,MLP source only,0.0,7
130,0.00015719306247774512,0.0,0.00015719306247774512,1.0,1.0,0.84375,0.5815217391304348,D1_transductive_target_all,binary_without_air,MLP source only,0.0,7
135,2.5012108380906284e-05,0.0,2.5012108380906284e-05,1.0,1.0,0.84375,0.5815217391304348,D1_transductive_target_all,binary_without_air,MLP source only,0.0,7
140,2.2151414668769576e-05,0.0,2.2151414668769576e-05,1.0,1.0,0.84375,0.5760869565217391,D1_transductive_target_all,binary_without_air,MLP source only,0.0,7
145,9.913936992234085e-06,0.0,9.913936992234085e-06,1.0,1.0,0.85,0.5706521739130435,D1_transductive_target_all,binary_without_air,MLP source only,0.0,7
150,7.986873242771253e-06,0.0,7.986873242771253e-06,1.0,1.0,0.85625,0.5652173913043478,D1_transductive_target_all,binary_without_air,MLP source only,0.0,7
155,1.9668423192342743e-05,0.0,1.9668423192342743e-05,1.0,1.0,0.85625,0.5652173913043478,D1_transductive_target_all,binary_without_air,MLP source only,0.0,7
160,4.706408071797341e-05,0.0,4.706408071797341e-05,1.0,1.0,0.85625,0.5434782608695652,D1_transductive_target_all,binary_without_air,MLP source only,0.0,7
165,0.014210454188287258,0.0,0.014210454188287258,1.0,1.0,0.875,0.5489130434782609,D1_transductive_target_all,binary_without_air,MLP source only,0.0,7
170,0.003844027640298009,0.0,0.003844027640298009,1.0,1.0,0.8375,0.5760869565217391,D1_transductive_target_all,binary_without_air,MLP source only,0.0,7
175,0.00010251266212435439,0.0,0.00010251266212435439,1.0,1.0,0.8375,0.5706521739130435,D1_transductive_target_all,binary_without_air,MLP source only,0.0,7
180,0.00034326172317378223,0.0,0.00034326172317378223,1.0,1.0,0.8375,0.5597826086956522,D1_transductive_target_all,binary_without_air,MLP source only,0.0,7
185,2.9610731871798635e-05,0.0,2.9610731871798635e-05,1.0,1.0,0.85,0.5489130434782609,D1_transductive_target_all,binary_without_air,MLP source only,0.0,7
190,0.00010456254676682875,0.0,0.00010456254676682875,1.0,1.0,0.84375,0.5543478260869565,D1_transductive_target_all,binary_without_air,MLP source only,0.0,7
195,6.051901800674386e-05,0.0,6.051901800674386e-05,1.0,1.0,0.85,0.5543478260869565,D1_transductive_target_all,binary_without_air,MLP source only,0.0,7
200,2.569612297520507e-05,0.0,2.569612297520507e-05,1.0,1.0,0.84375,0.5652173913043478,D1_transductive_target_all,binary_without_air,MLP source only,0.0,7
205,7.276601536432281e-06,0.0,7.276601536432281e-06,1.0,1.0,0.85,0.5652173913043478,D1_transductive_target_all,binary_without_air,MLP source only,0.0,7
210,3.196537363692187e-05,0.0,3.196537363692187e-05,1.0,1.0,0.85,0.5760869565217391,D1_transductive_target_all,binary_without_air,MLP source only,0.0,7
215,1.821748992369976e-05,0.0,1.821748992369976e-05,1.0,1.0,0.85,0.5815217391304348,D1_transductive_target_all,binary_without_air,MLP source only,0.0,7
220,7.584541435790015e-06,0.0,7.584541435790015e-06,1.0,1.0,0.85,0.5815217391304348,D1_transductive_target_all,binary_without_air,MLP source only,0.0,7
225,4.22753109887708e-05,0.0,4.22753109887708e-05,1.0,1.0,0.85,0.5869565217391305,D1_transductive_target_all,binary_without_air,MLP source only,0.0,7
230,0.00010645028669387102,0.0,0.00010645028669387102,1.0,1.0,0.85,0.5869565217391305,D1_transductive_target_all,binary_without_air,MLP source only,0.0,7
235,9.238397069566417e-06,0.0,9.238397069566417e-06,1.0,1.0,0.85,0.5869565217391305,D1_transductive_target_all,binary_without_air,MLP source only,0.0,7
240,1.645408156036865e-05,0.0,1.645408156036865e-05,1.0,1.0,0.85,0.592391304347826,D1_transductive_target_all,binary_without_air,MLP source only,0.0,7
245,1.4805894352321047e-05,0.0,1.4805894352321047e-05,1.0,1.0,0.85,0.6086956521739131,D1_transductive_target_all,binary_without_air,MLP source only,0.0,7
250,4.0981918573379517e-05,0.0,4.0981918573379517e-05,1.0,1.0,0.85,0.6086956521739131,D1_transductive_target_all,binary_without_air,MLP source only,0.0,7
255,3.869236388709396e-05,0.0,3.869236388709396e-05,1.0,1.0,0.84375,0.6195652173913043,D1_transductive_target_all,binary_without_air,MLP source only,0.0,7
260,4.245388845447451e-05,0.0,4.245388845447451e-05,1.0,1.0,0.84375,0.6141304347826086,D1_transductive_target_all,binary_without_air,MLP source only,0.0,7
265,2.532954931666609e-05,0.0,2.532954931666609e-05,1.0,1.0,0.85,0.6032608695652174,D1_transductive_target_all,binary_without_air,MLP source only,0.0,7
270,2.3294041966437362e-05,0.0,2.3294041966437362e-05,1.0,1.0,0.85,0.592391304347826,D1_transductive_target_all,binary_without_air,MLP source only,0.0,7
275,5.160072760190815e-05,0.0,5.160072760190815e-05,1.0,1.0,0.85,0.5760869565217391,D1_transductive_target_all,binary_without_air,MLP source only,0.0,7
280,2.0695804778370075e-05,0.0,2.0695804778370075e-05,1.0,1.0,0.85,0.5815217391304348,D1_transductive_target_all,binary_without_air,MLP source only,0.0,7
285,1.6221356418100186e-05,0.0,1.6221356418100186e-05,1.0,1.0,0.85,0.5815217391304348,D1_transductive_target_all,binary_without_air,MLP source only,0.0,7
290,1.7398262571077794e-05,0.0,1.7398262571077794e-05,1.0,1.0,0.85,0.5815217391304348,D1_transductive_target_all,binary_without_air,MLP source only,0.0,7
295,1.9950957721448503e-05,0.0,1.9950957721448503e-05,1.0,1.0,0.85,0.5815217391304348,D1_transductive_target_all,binary_without_air,MLP source only,0.0,7
300,2.3288681404665112e-05,0.0,2.3288681404665112e-05,1.0,1.0,0.85,0.5815217391304348,D1_transductive_target_all,binary_without_air,MLP source only,0.0,7
305,3.782451312872581e-05,0.0,3.782451312872581e-05,1.0,1.0,0.85,0.5815217391304348,D1_transductive_target_all,binary_without_air,MLP source only,0.0,7
310,1.3862269952369388e-05,0.0,1.3862269952369388e-05,1.0,1.0,0.85,0.5815217391304348,D1_transductive_target_all,binary_without_air,MLP source only,0.0,7
315,1.3887181012250949e-05,0.0,1.3887181012250949e-05,1.0,1.0,0.85,0.5760869565217391,D1_transductive_target_all,binary_without_air,MLP source only,0.0,7
320,7.331222150241956e-06,0.0,7.331222150241956e-06,1.0,1.0,0.85,0.5652173913043478,D1_transductive_target_all,binary_without_air,MLP source only,0.0,7
325,2.4544708139728755e-05,0.0,2.4544708139728755e-05,1.0,1.0,0.85,0.5652173913043478,D1_transductive_target_all,binary_without_air,MLP source only,0.0,7
330,1.6102507288451307e-05,0.0,1.6102507288451307e-05,1.0,1.0,0.85,0.5760869565217391,D1_transductive_target_all,binary_without_air,MLP source only,0.0,7
335,3.1993986340239644e-05,0.0,3.1993986340239644e-05,1.0,1.0,0.85,0.5760869565217391,D1_transductive_target_all,binary_without_air,MLP source only,0.0,7
340,5.19029563292861e-05,0.0,5.19029563292861e-05,1.0,1.0,0.85,0.5760869565217391,D1_transductive_target_all,binary_without_air,MLP source only,0.0,7
345,0.00010008041863329709,0.0,0.00010008041863329709,1.0,1.0,0.85,0.5760869565217391,D1_transductive_target_all,binary_without_air,MLP source only,0.0,7
350,2.825711817422416e-05,0.0,2.825711817422416e-05,1.0,1.0,0.85,0.5815217391304348,D1_transductive_target_all,binary_without_air,MLP source only,0.0,7
355,8.582900591136422e-06,0.0,8.582900591136422e-06,1.0,1.0,0.85,0.5815217391304348,D1_transductive_target_all,binary_without_air,MLP source only,0.0,7
360,4.101029480807483e-05,0.0,4.101029480807483e-05,1.0,1.0,0.85,0.5760869565217391,D1_transductive_target_all,binary_without_air,MLP source only,0.0,7
365,6.403769657481462e-05,0.0,6.403769657481462e-05,1.0,1.0,0.85,0.5706521739130435,D1_transductive_target_all,binary_without_air,MLP source only,0.0,7
370,2.073009090963751e-05,0.0,2.073009090963751e-05,1.0,1.0,0.85,0.5706521739130435,D1_transductive_target_all,binary_without_air,MLP source only,0.0,7
375,3.451358134043403e-05,0.0,3.451358134043403e-05,1.0,1.0,0.85,0.5706521739130435,D1_transductive_target_all,binary_without_air,MLP source only,0.0,7
380,4.584773341775872e-05,0.0,4.584773341775872e-05,1.0,1.0,0.85,0.5760869565217391,D1_transductive_target_all,binary_without_air,MLP source only,0.0,7
385,2.413792572042439e-05,0.0,2.413792572042439e-05,1.0,1.0,0.83125,0.592391304347826,D1_transductive_target_all,binary_without_air,MLP source only,0.0,7
390,0.03955342620611191,0.0,0.03955342620611191,1.0,1.0,0.8375,0.5869565217391305,D1_transductive_target_all,binary_without_air,MLP source only,0.0,7
395,0.00016815518029034138,0.0,0.00016815518029034138,1.0,1.0,0.8875,0.5652173913043478,D1_transductive_target_all,binary_without_air,MLP source only,0.0,7
400,9.954963024938479e-05,0.0,9.954963024938479e-05,1.0,1.0,0.86875,0.5815217391304348,D1_transductive_target_all,binary_without_air,MLP source only,0.0,7
1,0.6922407746315002,0.7266374826431274,1.4188783168792725,0.8333333333333334,0.8333333333333334,0.5875,0.1956521739130435,D1_transductive_target_all,binary_without_air,DANN-UDA,0.5,7
5,0.36860501766204834,0.6331846117973328,1.0017895698547363,0.875,0.875,0.65625,0.8695652173913043,D1_transductive_target_all,binary_without_air,DANN-UDA,0.5,7
10,0.18959318101406097,0.6056790947914124,0.7952722907066345,0.9583333333333334,0.9583333333333334,0.7125,0.8695652173913043,D1_transductive_target_all,binary_without_air,DANN-UDA,0.5,7
15,0.12079951912164688,0.5733681321144104,0.6941676735877991,0.9583333333333334,0.9583333333333334,0.73125,0.8695652173913043,D1_transductive_target_all,binary_without_air,DANN-UDA,0.5,7
20,0.06762886792421341,0.5077309608459473,0.5753598213195801,0.9583333333333334,0.9583333333333334,0.7625,0.8695652173913043,D1_transductive_target_all,binary_without_air,DANN-UDA,0.5,7
25,0.02974828891456127,0.4351080060005188,0.4648562967777252,1.0,1.0,0.79375,0.8695652173913043,D1_transductive_target_all,binary_without_air,DANN-UDA,0.5,7
30,0.017744852229952812,0.3880573809146881,0.4058022201061249,1.0,1.0,0.8125,0.8695652173913043,D1_transductive_target_all,binary_without_air,DANN-UDA,0.5,7
35,0.00953364185988903,0.38299572467803955,0.39252936840057373,1.0,1.0,0.81875,0.8858695652173914,D1_transductive_target_all,binary_without_air,DANN-UDA,0.5,7
40,0.0016743922606110573,0.4267176389694214,0.4283920228481293,1.0,1.0,0.80625,0.8913043478260869,D1_transductive_target_all,binary_without_air,DANN-UDA,0.5,7
45,0.0007828312809579074,0.4502002000808716,0.4509830176830292,1.0,1.0,0.8125,0.875,D1_transductive_target_all,binary_without_air,DANN-UDA,0.5,7
50,0.002760146511718631,0.46295031905174255,0.46571046113967896,1.0,1.0,0.8125,0.8695652173913043,D1_transductive_target_all,binary_without_air,DANN-UDA,0.5,7
55,0.0013888319954276085,0.4515255093574524,0.4529143273830414,1.0,1.0,0.81875,0.875,D1_transductive_target_all,binary_without_air,DANN-UDA,0.5,7
60,0.0004764086625073105,0.4480815827846527,0.4485580027103424,1.0,1.0,0.81875,0.8804347826086957,D1_transductive_target_all,binary_without_air,DANN-UDA,0.5,7
65,0.037670787423849106,0.4317249655723572,0.4693957567214966,1.0,1.0,0.80625,0.8858695652173914,D1_transductive_target_all,binary_without_air,DANN-UDA,0.5,7
70,0.003623765194788575,0.42718467116355896,0.430808424949646,0.9583333333333334,0.9583333333333334,0.81875,0.875,D1_transductive_target_all,binary_without_air,DANN-UDA,0.5,7
75,0.001293547567911446,0.4091845452785492,0.4104780852794647,1.0,1.0,0.81875,0.8804347826086957,D1_transductive_target_all,binary_without_air,DANN-UDA,0.5,7
80,6.430064240703359e-05,0.38558462262153625,0.3856489360332489,1.0,1.0,0.79375,0.8804347826086957,D1_transductive_target_all,binary_without_air,DANN-UDA,0.5,7
85,0.030064398422837257,0.3818961977958679,0.4119606018066406,1.0,1.0,0.78125,0.8641304347826086,D1_transductive_target_all,binary_without_air,DANN-UDA,0.5,7
90,0.0004092514282092452,0.3691103458404541,0.36951959133148193,1.0,1.0,0.7875,0.8695652173913043,D1_transductive_target_all,binary_without_air,DANN-UDA,0.5,7
95,3.9182050386443734e-05,0.38065463304519653,0.38069382309913635,1.0,1.0,0.7875,0.8695652173913043,D1_transductive_target_all,binary_without_air,DANN-UDA,0.5,7
100,9.833628428168595e-05,0.384329617023468,0.3844279646873474,1.0,1.0,0.79375,0.8695652173913043,D1_transductive_target_all,binary_without_air,DANN-UDA,0.5,7
105,0.0015771441394463181,0.363642156124115,0.3652192950248718,1.0,1.0,0.7875,0.8695652173913043,D1_transductive_target_all,binary_without_air,DANN-UDA,0.5,7
110,5.587619307334535e-05,0.3568357825279236,0.3568916618824005,1.0,1.0,0.80625,0.8695652173913043,D1_transductive_target_all,binary_without_air,DANN-UDA,0.5,7
115,0.00021872464276384562,0.3369726538658142,0.3371913731098175,1.0,1.0,0.80625,0.8641304347826086,D1_transductive_target_all,binary_without_air,DANN-UDA,0.5,7
120,0.0325041189789772,0.35780537128448486,0.39030948281288147,1.0,1.0,0.8,0.8641304347826086,D1_transductive_target_all,binary_without_air,DANN-UDA,0.5,7
125,0.0010324778268113732,0.3511529266834259,0.3521853983402252,1.0,1.0,0.80625,0.8695652173913043,D1_transductive_target_all,binary_without_air,DANN-UDA,0.5,7
130,0.00018464622553437948,0.3543369174003601,0.35452157258987427,1.0,1.0,0.8125,0.8641304347826086,D1_transductive_target_all,binary_without_air,DANN-UDA,0.5,7
135,0.0029727246146649122,0.3798398971557617,0.38281261920928955,1.0,1.0,0.81875,0.8695652173913043,D1_transductive_target_all,binary_without_air,DANN-UDA,0.5,7
140,8.480430551571772e-05,0.3816714882850647,0.3817563056945801,1.0,1.0,0.84375,0.8695652173913043,D1_transductive_target_all,binary_without_air,DANN-UDA,0.5,7
145,8.755199814913794e-05,0.39244383573532104,0.3925313949584961,1.0,1.0,0.85,0.8695652173913043,D1_transductive_target_all,binary_without_air,DANN-UDA,0.5,7
150,0.0006744528654962778,0.3805071711540222,0.38118162751197815,1.0,1.0,0.85625,0.8695652173913043,D1_transductive_target_all,binary_without_air,DANN-UDA,0.5,7
155,2.773958840407431e-05,0.37442323565483093,0.3744509816169739,1.0,1.0,0.85625,0.8695652173913043,D1_transductive_target_all,binary_without_air,DANN-UDA,0.5,7
160,4.0940078179119155e-05,0.3783237338066101,0.3783646821975708,1.0,1.0,0.8625,0.8695652173913043,D1_transductive_target_all,binary_without_air,DANN-UDA,0.5,7
165,1.740619700285606e-05,0.37763461470603943,0.37765201926231384,1.0,1.0,0.85625,0.875,D1_transductive_target_all,binary_without_air,DANN-UDA,0.5,7
170,1.5803505448275246e-05,0.3792174756526947,0.3792332708835602,1.0,1.0,0.875,0.8695652173913043,D1_transductive_target_all,binary_without_air,DANN-UDA,0.5,7
175,7.370902039838256e-06,0.37407153844833374,0.3740788996219635,1.0,1.0,0.8875,0.8695652173913043,D1_transductive_target_all,binary_without_air,DANN-UDA,0.5,7
180,1.008245180855738e-05,0.37152865529060364,0.3715387284755707,1.0,1.0,0.90625,0.8695652173913043,D1_transductive_target_all,binary_without_air,DANN-UDA,0.5,7
185,1.6270891137537546e-05,0.3687979578971863,0.36881422996520996,1.0,1.0,0.9125,0.8695652173913043,D1_transductive_target_all,binary_without_air,DANN-UDA,0.5,7
190,1.0191911314905155e-05,0.3571038544178009,0.3571140468120575,1.0,1.0,0.91875,0.875,D1_transductive_target_all,binary_without_air,DANN-UDA,0.5,7
195,3.1067982490640134e-05,0.35423001646995544,0.3542610704898834,1.0,1.0,0.925,0.8695652173913043,D1_transductive_target_all,binary_without_air,DANN-UDA,0.5,7
200,1.0539632057771087e-05,0.3643018901348114,0.36431244015693665,1.0,1.0,0.925,0.8695652173913043,D1_transductive_target_all,binary_without_air,DANN-UDA,0.5,7
205,8.110654744086787e-05,0.3682006895542145,0.3682817816734314,1.0,1.0,0.91875,0.8695652173913043,D1_transductive_target_all,binary_without_air,DANN-UDA,0.5,7
210,1.4969930816732813e-05,0.37939009070396423,0.37940505146980286,1.0,1.0,0.91875,0.8695652173913043,D1_transductive_target_all,binary_without_air,DANN-UDA,0.5,7
215,9.094797860598192e-05,0.3998814821243286,0.39997243881225586,1.0,1.0,0.91875,0.8695652173913043,D1_transductive_target_all,binary_without_air,DANN-UDA,0.5,7
220,7.828631351003423e-05,0.408758282661438,0.40883657336235046,1.0,1.0,0.925,0.8695652173913043,D1_transductive_target_all,binary_without_air,DANN-UDA,0.5,7
225,7.97256943769753e-05,0.4039141535758972,0.4039938747882843,1.0,1.0,0.925,0.8695652173913043,D1_transductive_target_all,binary_without_air,DANN-UDA,0.5,7
230,0.000345718115568161,0.391679972410202,0.3920256793498993,1.0,1.0,0.91875,0.8695652173913043,D1_transductive_target_all,binary_without_air,DANN-UDA,0.5,7
235,0.001208437024615705,0.3893090486526489,0.3905174732208252,1.0,1.0,0.91875,0.8695652173913043,D1_transductive_target_all,binary_without_air,DANN-UDA,0.5,7
240,0.0022251035552471876,0.38793185353279114,0.39015695452690125,1.0,1.0,0.91875,0.8695652173913043,D1_transductive_target_all,binary_without_air,DANN-UDA,0.5,7
245,8.867268479662016e-05,0.3848821818828583,0.38497084379196167,1.0,1.0,0.91875,0.8695652173913043,D1_transductive_target_all,binary_without_air,DANN-UDA,0.5,7
250,2.3079772290657274e-05,0.38498350977897644,0.3850065767765045,1.0,1.0,0.925,0.8695652173913043,D1_transductive_target_all,binary_without_air,DANN-UDA,0.5,7
255,0.00021520214795600623,0.3847970962524414,0.38501229882240295,1.0,1.0,0.925,0.8695652173913043,D1_transductive_target_all,binary_without_air,DANN-UDA,0.5,7
260,0.00012991281982976943,0.3827987611293793,0.38292866945266724,1.0,1.0,0.925,0.8695652173913043,D1_transductive_target_all,binary_without_air,DANN-UDA,0.5,7
265,4.142816396779381e-05,0.3836154043674469,0.3836568295955658,1.0,1.0,0.925,0.8695652173913043,D1_transductive_target_all,binary_without_air,DANN-UDA,0.5,7
270,1.09266902654781e-05,0.386945903301239,0.3869568407535553,1.0,1.0,0.925,0.8695652173913043,D1_transductive_target_all,binary_without_air,DANN-UDA,0.5,7
275,7.200136315077543e-05,0.3863255977630615,0.3863976001739502,1.0,1.0,0.93125,0.8695652173913043,D1_transductive_target_all,binary_without_air,DANN-UDA,0.5,7
280,1.0012787242885679e-05,0.3850785493850708,0.38508856296539307,1.0,1.0,0.925,0.8695652173913043,D1_transductive_target_all,binary_without_air,DANN-UDA,0.5,7
285,1.0161807040276472e-05,0.3902563154697418,0.390266478061676,1.0,1.0,0.925,0.8695652173913043,D1_transductive_target_all,binary_without_air,DANN-UDA,0.5,7
290,3.232285598642193e-05,0.3896002471446991,0.38963258266448975,1.0,1.0,0.925,0.8695652173913043,D1_transductive_target_all,binary_without_air,DANN-UDA,0.5,7
295,6.5959643507085275e-06,0.38771018385887146,0.38771677017211914,1.0,1.0,0.925,0.8695652173913043,D1_transductive_target_all,binary_without_air,DANN-UDA,0.5,7
300,1.1284383617748972e-05,0.38800346851348877,0.3880147635936737,1.0,1.0,0.925,0.8695652173913043,D1_transductive_target_all,binary_without_air,DANN-UDA,0.5,7
305,5.464040077640675e-05,0.3879290521144867,0.38798367977142334,1.0,1.0,0.925,0.8695652173913043,D1_transductive_target_all,binary_without_air,DANN-UDA,0.5,7
310,2.781074908853043e-05,0.3876629173755646,0.3876907229423523,1.0,1.0,0.925,0.8695652173913043,D1_transductive_target_all,binary_without_air,DANN-UDA,0.5,7
315,1.981671630346682e-05,0.3871622085571289,0.3871820271015167,1.0,1.0,0.925,0.8695652173913043,D1_transductive_target_all,binary_without_air,DANN-UDA,0.5,7
320,9.52625214267755e-06,0.3873116075992584,0.3873211443424225,1.0,1.0,0.925,0.8695652173913043,D1_transductive_target_all,binary_without_air,DANN-UDA,0.5,7
325,7.15704845788423e-06,0.3868289291858673,0.38683608174324036,1.0,1.0,0.925,0.8695652173913043,D1_transductive_target_all,binary_without_air,DANN-UDA,0.5,7
330,8.339176019944716e-06,0.3872172236442566,0.38722556829452515,1.0,1.0,0.925,0.8695652173913043,D1_transductive_target_all,binary_without_air,DANN-UDA,0.5,7
335,8.428600267507136e-06,0.3877914547920227,0.3877998888492584,1.0,1.0,0.925,0.8695652173913043,D1_transductive_target_all,binary_without_air,DANN-UDA,0.5,7
340,1.4001292583998293e-05,0.3874058425426483,0.38741984963417053,1.0,1.0,0.925,0.8695652173913043,D1_transductive_target_all,binary_without_air,DANN-UDA,0.5,7
345,1.3707889593206346e-05,0.3876855969429016,0.38769930601119995,1.0,1.0,0.925,0.8695652173913043,D1_transductive_target_all,binary_without_air,DANN-UDA,0.5,7
350,2.3784776203683577e-05,0.38788193464279175,0.38790571689605713,1.0,1.0,0.925,0.8695652173913043,D1_transductive_target_all,binary_without_air,DANN-UDA,0.5,7
355,1.696051003818866e-05,0.3882363438606262,0.3882533013820648,1.0,1.0,0.925,0.8695652173913043,D1_transductive_target_all,binary_without_air,DANN-UDA,0.5,7
360,7.634013854840305e-06,0.3873887360095978,0.38739636540412903,1.0,1.0,0.925,0.8695652173913043,D1_transductive_target_all,binary_without_air,DANN-UDA,0.5,7
365,8.910113137972075e-06,0.38709577918052673,0.38710469007492065,1.0,1.0,0.925,0.8695652173913043,D1_transductive_target_all,binary_without_air,DANN-UDA,0.5,7
370,7.5643060881702695e-06,0.3871263563632965,0.387133926153183,1.0,1.0,0.91875,0.8695652173913043,D1_transductive_target_all,binary_without_air,DANN-UDA,0.5,7
375,0.0002591822121758014,0.38692647218704224,0.387185662984848,1.0,1.0,0.91875,0.8695652173913043,D1_transductive_target_all,binary_without_air,DANN-UDA,0.5,7
380,1.4686374925076962e-05,0.3873519003391266,0.3873665928840637,1.0,1.0,0.91875,0.8695652173913043,D1_transductive_target_all,binary_without_air,DANN-UDA,0.5,7
385,6.849159490229795e-06,0.38725483417510986,0.38726168870925903,1.0,1.0,0.91875,0.8695652173913043,D1_transductive_target_all,binary_without_air,DANN-UDA,0.5,7
390,8.781245014688466e-06,0.3869919180870056,0.38700070977211,1.0,1.0,0.91875,0.8695652173913043,D1_transductive_target_all,binary_without_air,DANN-UDA,0.5,7
395,4.593125413521193e-05,0.3873087763786316,0.38735470175743103,1.0,1.0,0.91875,0.8695652173913043,D1_transductive_target_all,binary_without_air,DANN-UDA,0.5,7
400,3.352898056618869e-05,0.3871324062347412,0.38716593384742737,1.0,1.0,0.93125,0.8695652173913043,D1_transductive_target_all,binary_without_air,DANN-UDA,0.5,7
1,1.1583143472671509,0.0,1.1583143472671509,0.4,0.2,0.4977973568281938,0.5119047619047619,D2_source_holdout_target_all,three_class_with_air,MLP source only,0.0,11
5,0.7639374136924744,0.0,0.7639374136924744,0.52,0.4,0.6079295154185022,0.7420634920634921,D2_source_holdout_target_all,three_class_with_air,MLP source only,0.0,11
10,0.45498695969581604,0.0,0.45498695969581604,0.88,0.8,0.7180616740088106,0.75,D2_source_holdout_target_all,three_class_with_air,MLP source only,0.0,11
15,0.2220211923122406,0.0,0.2220211923122406,0.96,0.8,0.7533039647577092,0.5158730158730159,D2_source_holdout_target_all,three_class_with_air,MLP source only,0.0,11
20,0.09976772964000702,0.0,0.09976772964000702,1.0,0.8,0.7709251101321586,0.5436507936507936,D2_source_holdout_target_all,three_class_with_air,MLP source only,0.0,11
25,0.04784272238612175,0.0,0.04784272238612175,1.0,0.8,0.7841409691629956,0.5595238095238095,D2_source_holdout_target_all,three_class_with_air,MLP source only,0.0,11
30,0.014269440434873104,0.0,0.014269440434873104,1.0,0.8,0.788546255506608,0.5912698412698413,D2_source_holdout_target_all,three_class_with_air,MLP source only,0.0,11
35,0.004688251297920942,0.0,0.004688251297920942,1.0,0.8,0.8061674008810573,0.5753968253968254,D2_source_holdout_target_all,three_class_with_air,MLP source only,0.0,11
40,0.0028643719851970673,0.0,0.0028643719851970673,1.0,0.8,0.8325991189427313,0.5595238095238095,D2_source_holdout_target_all,three_class_with_air,MLP source only,0.0,11
45,0.00948366429656744,0.0,0.00948366429656744,1.0,0.8,0.801762114537445,0.5674603174603174,D2_source_holdout_target_all,three_class_with_air,MLP source only,0.0,11
50,0.0012871461221948266,0.0,0.0012871461221948266,1.0,0.8,0.8237885462555066,0.5396825396825397,D2_source_holdout_target_all,three_class_with_air,MLP source only,0.0,11
55,0.005028780084103346,0.0,0.005028780084103346,1.0,0.8,0.8237885462555066,0.5357142857142857,D2_source_holdout_target_all,three_class_with_air,MLP source only,0.0,11
60,0.00043157077743671834,0.0,0.00043157077743671834,1.0,0.8,0.8458149779735683,0.5436507936507936,D2_source_holdout_target_all,three_class_with_air,MLP source only,0.0,11
65,0.00045316669275052845,0.0,0.00045316669275052845,1.0,0.8,0.8325991189427313,0.5436507936507936,D2_source_holdout_target_all,three_class_with_air,MLP source only,0.0,11
70,0.0001952560560312122,0.0,0.0001952560560312122,1.0,0.8,0.8325991189427313,0.5476190476190477,D2_source_holdout_target_all,three_class_with_air,MLP source only,0.0,11
75,0.00016710151976440102,0.0,0.00016710151976440102,1.0,0.8,0.8325991189427313,0.5476190476190477,D2_source_holdout_target_all,three_class_with_air,MLP source only,0.0,11
80,0.00011212193203391507,0.0,0.00011212193203391507,1.0,0.8,0.8281938325991189,0.5476190476190477,D2_source_holdout_target_all,three_class_with_air,MLP source only,0.0,11
85,0.0002627840149216354,0.0,0.0002627840149216354,1.0,0.8,0.8281938325991189,0.5476190476190477,D2_source_holdout_target_all,three_class_with_air,MLP source only,0.0,11
90,0.000298300787108019,0.0,0.000298300787108019,1.0,0.8,0.8281938325991189,0.5476190476190477,D2_source_holdout_target_all,three_class_with_air,MLP source only,0.0,11
95,0.0004159549134783447,0.0,0.0004159549134783447,1.0,0.8,0.8281938325991189,0.5436507936507936,D2_source_holdout_target_all,three_class_with_air,MLP source only,0.0,11
100,7.068999548209831e-05,0.0,7.068999548209831e-05,1.0,0.8,0.8325991189427313,0.5476190476190477,D2_source_holdout_target_all,three_class_with_air,MLP source only,0.0,11
105,0.00037683284608647227,0.0,0.00037683284608647227,1.0,0.6,0.8370044052863436,0.5436507936507936,D2_source_holdout_target_all,three_class_with_air,MLP source only,0.0,11
110,0.000173974854988046,0.0,0.000173974854988046,1.0,0.6,0.8370044052863436,0.5436507936507936,D2_source_holdout_target_all,three_class_with_air,MLP source only,0.0,11
115,0.000199940477614291,0.0,0.000199940477614291,1.0,0.6,0.8370044052863436,0.5436507936507936,D2_source_holdout_target_all,three_class_with_air,MLP source only,0.0,11
120,0.00033655556035228074,0.0,0.00033655556035228074,1.0,0.6,0.8370044052863436,0.5436507936507936,D2_source_holdout_target_all,three_class_with_air,MLP source only,0.0,11
125,0.00022429940872825682,0.0,0.00022429940872825682,1.0,0.6,0.8370044052863436,0.5436507936507936,D2_source_holdout_target_all,three_class_with_air,MLP source only,0.0,11
130,0.00015232792065944523,0.0,0.00015232792065944523,1.0,0.6,0.8370044052863436,0.5436507936507936,D2_source_holdout_target_all,three_class_with_air,MLP source only,0.0,11
135,0.0001662333233980462,0.0,0.0001662333233980462,1.0,0.6,0.8370044052863436,0.5436507936507936,D2_source_holdout_target_all,three_class_with_air,MLP source only,0.0,11
140,9.6594711067155e-05,0.0,9.6594711067155e-05,1.0,0.6,0.8370044052863436,0.5436507936507936,D2_source_holdout_target_all,three_class_with_air,MLP source only,0.0,11
145,4.18001291109249e-05,0.0,4.18001291109249e-05,1.0,0.6,0.8370044052863436,0.5396825396825397,D2_source_holdout_target_all,three_class_with_air,MLP source only,0.0,11
150,3.876550545101054e-05,0.0,3.876550545101054e-05,1.0,0.6,0.8325991189427313,0.5436507936507936,D2_source_holdout_target_all,three_class_with_air,MLP source only,0.0,11
155,3.991861376562156e-05,0.0,3.991861376562156e-05,1.0,0.6,0.8370044052863436,0.5436507936507936,D2_source_holdout_target_all,three_class_with_air,MLP source only,0.0,11
160,9.778986714081839e-05,0.0,9.778986714081839e-05,1.0,0.6,0.8370044052863436,0.5436507936507936,D2_source_holdout_target_all,three_class_with_air,MLP source only,0.0,11
165,0.0001860311022028327,0.0,0.0001860311022028327,1.0,0.8,0.8414096916299559,0.5436507936507936,D2_source_holdout_target_all,three_class_with_air,MLP source only,0.0,11
170,6.08592017670162e-05,0.0,6.08592017670162e-05,1.0,0.8,0.8414096916299559,0.5436507936507936,D2_source_holdout_target_all,three_class_with_air,MLP source only,0.0,11
175,0.0013146797427907586,0.0,0.0013146797427907586,1.0,0.8,0.8414096916299559,0.5436507936507936,D2_source_holdout_target_all,three_class_with_air,MLP source only,0.0,11
180,0.0006686796550638974,0.0,0.0006686796550638974,1.0,0.6,0.8458149779735683,0.5436507936507936,D2_source_holdout_target_all,three_class_with_air,MLP source only,0.0,11
185,9.275972843170166e-05,0.0,9.275972843170166e-05,1.0,0.6,0.8458149779735683,0.5476190476190477,D2_source_holdout_target_all,three_class_with_air,MLP source only,0.0,11
190,5.842591053806245e-05,0.0,5.842591053806245e-05,1.0,0.6,0.8458149779735683,0.5476190476190477,D2_source_holdout_target_all,three_class_with_air,MLP source only,0.0,11
195,6.312262848950922e-05,0.0,6.312262848950922e-05,1.0,0.6,0.8458149779735683,0.5436507936507936,D2_source_holdout_target_all,three_class_with_air,MLP source only,0.0,11
200,0.00019516197789926082,0.0,0.00019516197789926082,1.0,0.6,0.8370044052863436,0.5436507936507936,D2_source_holdout_target_all,three_class_with_air,MLP source only,0.0,11
205,4.3888227082788944e-05,0.0,4.3888227082788944e-05,1.0,0.6,0.8414096916299559,0.5436507936507936,D2_source_holdout_target_all,three_class_with_air,MLP source only,0.0,11
210,9.384834993397817e-05,0.0,9.384834993397817e-05,1.0,0.6,0.8370044052863436,0.5436507936507936,D2_source_holdout_target_all,three_class_with_air,MLP source only,0.0,11
215,4.5577329728985205e-05,0.0,4.5577329728985205e-05,1.0,0.6,0.8370044052863436,0.5436507936507936,D2_source_holdout_target_all,three_class_with_air,MLP source only,0.0,11
220,0.0006265945266932249,0.0,0.0006265945266932249,1.0,0.6,0.8370044052863436,0.5396825396825397,D2_source_holdout_target_all,three_class_with_air,MLP source only,0.0,11
225,2.444019992253743e-05,0.0,2.444019992253743e-05,1.0,0.6,0.8325991189427313,0.5436507936507936,D2_source_holdout_target_all,three_class_with_air,MLP source only,0.0,11
230,3.347493475303054e-05,0.0,3.347493475303054e-05,1.0,0.6,0.8281938325991189,0.5476190476190477,D2_source_holdout_target_all,three_class_with_air,MLP source only,0.0,11
235,0.00028923124773427844,0.0,0.00028923124773427844,1.0,0.6,0.8281938325991189,0.5436507936507936,D2_source_holdout_target_all,three_class_with_air,MLP source only,0.0,11
240,0.00010177790682064369,0.0,0.00010177790682064369,1.0,0.6,0.8370044052863436,0.5436507936507936,D2_source_holdout_target_all,three_class_with_air,MLP source only,0.0,11
245,3.6240169720258564e-05,0.0,3.6240169720258564e-05,1.0,0.8,0.8370044052863436,0.5317460317460317,D2_source_holdout_target_all,three_class_with_air,MLP source only,0.0,11
250,0.0001293893001275137,0.0,0.0001293893001275137,1.0,0.8,0.8325991189427313,0.5317460317460317,D2_source_holdout_target_all,three_class_with_air,MLP source only,0.0,11
255,0.00021999565069563687,0.0,0.00021999565069563687,1.0,0.8,0.8325991189427313,0.5317460317460317,D2_source_holdout_target_all,three_class_with_air,MLP source only,0.0,11
260,6.869202479720116e-05,0.0,6.869202479720116e-05,1.0,0.8,0.8370044052863436,0.5277777777777778,D2_source_holdout_target_all,three_class_with_air,MLP source only,0.0,11
265,9.654762834543362e-05,0.0,9.654762834543362e-05,1.0,0.8,0.8414096916299559,0.5238095238095238,D2_source_holdout_target_all,three_class_with_air,MLP source only,0.0,11
270,0.0037976293824613094,0.0,0.0037976293824613094,1.0,0.6,0.8458149779735683,0.5396825396825397,D2_source_holdout_target_all,three_class_with_air,MLP source only,0.0,11
275,0.0005573851522058249,0.0,0.0005573851522058249,1.0,0.8,0.8281938325991189,0.5634920634920635,D2_source_holdout_target_all,three_class_with_air,MLP source only,0.0,11
280,0.009376879781484604,0.0,0.009376879781484604,1.0,0.8,0.8281938325991189,0.5595238095238095,D2_source_holdout_target_all,three_class_with_air,MLP source only,0.0,11
285,4.7288689529523253e-05,0.0,4.7288689529523253e-05,1.0,0.8,0.8325991189427313,0.5476190476190477,D2_source_holdout_target_all,three_class_with_air,MLP source only,0.0,11
290,0.00021805291180498898,0.0,0.00021805291180498898,1.0,0.8,0.8590308370044053,0.5357142857142857,D2_source_holdout_target_all,three_class_with_air,MLP source only,0.0,11
295,0.0011969777988269925,0.0,0.0011969777988269925,1.0,0.6,0.8458149779735683,0.5277777777777778,D2_source_holdout_target_all,three_class_with_air,MLP source only,0.0,11
300,5.119111301610246e-05,0.0,5.119111301610246e-05,1.0,0.8,0.8237885462555066,0.5476190476190477,D2_source_holdout_target_all,three_class_with_air,MLP source only,0.0,11
305,0.0005106460303068161,0.0,0.0005106460303068161,1.0,0.8,0.8193832599118943,0.5634920634920635,D2_source_holdout_target_all,three_class_with_air,MLP source only,0.0,11
310,0.00013494536688085645,0.0,0.00013494536688085645,1.0,0.8,0.8105726872246696,0.5515873015873016,D2_source_holdout_target_all,three_class_with_air,MLP source only,0.0,11
315,3.987386298831552e-05,0.0,3.987386298831552e-05,1.0,0.6,0.8237885462555066,0.5277777777777778,D2_source_holdout_target_all,three_class_with_air,MLP source only,0.0,11
320,0.0010691062780097127,0.0,0.0010691062780097127,1.0,0.6,0.8237885462555066,0.5198412698412699,D2_source_holdout_target_all,three_class_with_air,MLP source only,0.0,11
325,0.00041570543544366956,0.0,0.00041570543544366956,1.0,0.6,0.8281938325991189,0.5238095238095238,D2_source_holdout_target_all,three_class_with_air,MLP source only,0.0,11
330,7.022841600701213e-05,0.0,7.022841600701213e-05,1.0,0.6,0.8281938325991189,0.5317460317460317,D2_source_holdout_target_all,three_class_with_air,MLP source only,0.0,11
335,7.707325130468234e-05,0.0,7.707325130468234e-05,1.0,0.6,0.8237885462555066,0.5277777777777778,D2_source_holdout_target_all,three_class_with_air,MLP source only,0.0,11
340,3.9526046748505905e-05,0.0,3.9526046748505905e-05,1.0,0.6,0.8237885462555066,0.5277777777777778,D2_source_holdout_target_all,three_class_with_air,MLP source only,0.0,11
345,3.061777897528373e-05,0.0,3.061777897528373e-05,1.0,0.6,0.8237885462555066,0.5198412698412699,D2_source_holdout_target_all,three_class_with_air,MLP source only,0.0,11
350,2.351763214392122e-05,0.0,2.351763214392122e-05,1.0,0.6,0.8237885462555066,0.5198412698412699,D2_source_holdout_target_all,three_class_with_air,MLP source only,0.0,11
355,0.00010751106310635805,0.0,0.00010751106310635805,1.0,0.6,0.8193832599118943,0.5198412698412699,D2_source_holdout_target_all,three_class_with_air,MLP source only,0.0,11
360,5.397208587964997e-05,0.0,5.397208587964997e-05,1.0,0.6,0.8193832599118943,0.5198412698412699,D2_source_holdout_target_all,three_class_with_air,MLP source only,0.0,11
365,2.0387009499245323e-05,0.0,2.0387009499245323e-05,1.0,0.6,0.8193832599118943,0.5198412698412699,D2_source_holdout_target_all,three_class_with_air,MLP source only,0.0,11
370,0.0002765455574262887,0.0,0.0002765455574262887,1.0,0.6,0.8458149779735683,0.5238095238095238,D2_source_holdout_target_all,three_class_with_air,MLP source only,0.0,11
375,0.0012830374762415886,0.0,0.0012830374762415886,1.0,0.6,0.8458149779735683,0.5277777777777778,D2_source_holdout_target_all,three_class_with_air,MLP source only,0.0,11
380,4.2890907934634015e-05,0.0,4.2890907934634015e-05,1.0,0.6,0.8414096916299559,0.5357142857142857,D2_source_holdout_target_all,three_class_with_air,MLP source only,0.0,11
385,6.127125379862264e-05,0.0,6.127125379862264e-05,1.0,0.6,0.8370044052863436,0.5396825396825397,D2_source_holdout_target_all,three_class_with_air,MLP source only,0.0,11
390,9.555419092066586e-05,0.0,9.555419092066586e-05,1.0,0.6,0.8370044052863436,0.5396825396825397,D2_source_holdout_target_all,three_class_with_air,MLP source only,0.0,11
395,2.4932771339081228e-05,0.0,2.4932771339081228e-05,1.0,0.6,0.8370044052863436,0.5476190476190477,D2_source_holdout_target_all,three_class_with_air,MLP source only,0.0,11
400,0.00026633322704583406,0.0,0.00026633322704583406,1.0,0.8,0.8370044052863436,0.5555555555555556,D2_source_holdout_target_all,three_class_with_air,MLP source only,0.0,11
1,1.0579646825790405,0.7134398818016052,1.771404504776001,0.52,0.4,0.5066079295154186,0.6547619047619048,D2_source_holdout_target_all,three_class_with_air,DANN-UDA,0.05,23
5,0.7476289868354797,0.5890962481498718,1.3367252349853516,0.76,0.6,0.5947136563876652,0.9007936507936508,D2_source_holdout_target_all,three_class_with_air,DANN-UDA,0.05,23
10,0.4927867650985718,0.4530716836452484,0.9458584785461426,0.84,0.8,0.6916299559471366,0.9007936507936508,D2_source_holdout_target_all,three_class_with_air,DANN-UDA,0.05,23
15,0.2605362832546234,0.4509733021259308,0.7115095853805542,0.96,0.8,0.7268722466960352,0.9047619047619048,D2_source_holdout_target_all,three_class_with_air,DANN-UDA,0.05,23
20,0.10541166365146637,0.4185229241847992,0.5239346027374268,1.0,0.8,0.7797356828193832,0.9007936507936508,D2_source_holdout_target_all,three_class_with_air,DANN-UDA,0.05,23
25,0.03618834167718887,0.36709776520729065,0.4032860994338989,1.0,0.8,0.8105726872246696,0.9007936507936508,D2_source_holdout_target_all,three_class_with_air,DANN-UDA,0.05,23
30,0.005467523820698261,0.34404832124710083,0.3495158553123474,1.0,0.6,0.8325991189427313,0.9007936507936508,D2_source_holdout_target_all,three_class_with_air,DANN-UDA,0.05,23
35,0.002199713373556733,0.3012756407260895,0.30347535014152527,1.0,0.6,0.8325991189427313,0.9087301587301587,D2_source_holdout_target_all,three_class_with_air,DANN-UDA,0.05,23
40,0.0003633639425970614,0.30058008432388306,0.30094343423843384,1.0,0.8,0.8458149779735683,0.9007936507936508,D2_source_holdout_target_all,three_class_with_air,DANN-UDA,0.05,23
45,0.00024887057952582836,0.29896044731140137,0.299209326505661,1.0,0.8,0.8458149779735683,0.9047619047619048,D2_source_holdout_target_all,three_class_with_air,DANN-UDA,0.05,23
50,0.00013524122186936438,0.30712926387786865,0.307264506816864,1.0,0.8,0.8458149779735683,0.9007936507936508,D2_source_holdout_target_all,three_class_with_air,DANN-UDA,0.05,23
55,0.025609593838453293,0.29880934953689575,0.32441893219947815,1.0,0.8,0.8370044052863436,0.9007936507936508,D2_source_holdout_target_all,three_class_with_air,DANN-UDA,0.05,23
60,0.008844321593642235,0.285323828458786,0.2941681444644928,1.0,1.0,0.8458149779735683,0.9007936507936508,D2_source_holdout_target_all,three_class_with_air,DANN-UDA,0.05,23
65,0.00019971826986875385,0.25046223402023315,0.2506619393825531,1.0,0.8,0.8458149779735683,0.9087301587301587,D2_source_holdout_target_all,three_class_with_air,DANN-UDA,0.05,23
70,0.0003284383565187454,0.25431182980537415,0.25464028120040894,1.0,0.8,0.8414096916299559,0.9047619047619048,D2_source_holdout_target_all,three_class_with_air,DANN-UDA,0.05,23
75,0.00040986776002682745,0.25444144010543823,0.2548513114452362,1.0,0.8,0.8325991189427313,0.9007936507936508,D2_source_holdout_target_all,three_class_with_air,DANN-UDA,0.05,23
80,0.0004316476406529546,0.2524580657482147,0.2528897225856781,1.0,0.8,0.8281938325991189,0.9087301587301587,D2_source_holdout_target_all,three_class_with_air,DANN-UDA,0.05,23
85,0.00018650588754098862,0.27191948890686035,0.27210599184036255,1.0,0.8,0.8502202643171806,0.9047619047619048,D2_source_holdout_target_all,three_class_with_air,DANN-UDA,0.05,23
90,0.0005160337896086276,0.26928871870040894,0.2698047459125519,1.0,0.8,0.8502202643171806,0.9047619047619048,D2_source_holdout_target_all,three_class_with_air,DANN-UDA,0.05,23
95,0.0004253647057339549,0.2557032108306885,0.25612857937812805,1.0,0.8,0.8590308370044053,0.9087301587301587,D2_source_holdout_target_all,three_class_with_air,DANN-UDA,0.05,23
100,0.0003096768632531166,0.2515939176082611,0.25190359354019165,1.0,0.8,0.8590308370044053,0.9087301587301587,D2_source_holdout_target_all,three_class_with_air,DANN-UDA,0.05,23
105,5.099226473248564e-05,0.2702447175979614,0.2702957093715668,1.0,0.8,0.8502202643171806,0.9087301587301587,D2_source_holdout_target_all,three_class_with_air,DANN-UDA,0.05,23
110,6.714339542668313e-05,0.29180607199668884,0.2918732166290283,1.0,0.8,0.8502202643171806,0.8968253968253969,D2_source_holdout_target_all,three_class_with_air,DANN-UDA,0.05,23
115,0.00011471478501334786,0.3134491741657257,0.31356388330459595,1.0,0.8,0.8502202643171806,0.8928571428571429,D2_source_holdout_target_all,three_class_with_air,DANN-UDA,0.05,23
120,4.5093256630934775e-05,0.33198678493499756,0.33203187584877014,1.0,0.8,0.8502202643171806,0.8849206349206349,D2_source_holdout_target_all,three_class_with_air,DANN-UDA,0.05,23
125,0.0009459047578275204,0.3250722289085388,0.3260181248188019,1.0,0.8,0.8502202643171806,0.8928571428571429,D2_source_holdout_target_all,three_class_with_air,DANN-UDA,0.05,23
130,2.603685061330907e-05,0.2697461247444153,0.26977217197418213,1.0,0.8,0.8458149779735683,0.9087301587301587,D2_source_holdout_target_all,three_class_with_air,DANN-UDA,0.05,23
135,0.00011613918468356133,0.26457008719444275,0.2646862268447876,1.0,0.8,0.8458149779735683,0.9087301587301587,D2_source_holdout_target_all,three_class_with_air,DANN-UDA,0.05,23
140,0.00020708603551611304,0.288478285074234,0.2886853814125061,1.0,0.8,0.8502202643171806,0.9126984126984127,D2_source_holdout_target_all,three_class_with_air,DANN-UDA,0.05,23
145,5.580500510404818e-05,0.28613531589508057,0.2861911356449127,1.0,0.8,0.8502202643171806,0.9126984126984127,D2_source_holdout_target_all,three_class_with_air,DANN-UDA,0.05,23
150,8.22498623165302e-05,0.32485342025756836,0.3249356746673584,1.0,0.8,0.8502202643171806,0.8968253968253969,D2_source_holdout_target_all,three_class_with_air,DANN-UDA,0.05,23
155,8.930145850172266e-05,0.40331992506980896,0.4034092128276825,1.0,0.8,0.8502202643171806,0.873015873015873,D2_source_holdout_target_all,three_class_with_air,DANN-UDA,0.05,23
160,0.0001101983361877501,0.43324795365333557,0.43335816264152527,1.0,0.8,0.8370044052863436,0.873015873015873,D2_source_holdout_target_all,three_class_with_air,DANN-UDA,0.05,23
165,4.709169297711924e-05,0.39083006978034973,0.3908771574497223,1.0,0.8,0.8414096916299559,0.8928571428571429,D2_source_holdout_target_all,three_class_with_air,DANN-UDA,0.05,23
170,0.0007575627532787621,0.3601958751678467,0.3609534502029419,1.0,0.8,0.8281938325991189,0.9007936507936508,D2_source_holdout_target_all,three_class_with_air,DANN-UDA,0.05,23
175,0.0003197193727828562,0.33070108294487,0.3310208022594452,1.0,0.8,0.8237885462555066,0.9007936507936508,D2_source_holdout_target_all,three_class_with_air,DANN-UDA,0.05,23
180,0.0005851854220964015,0.2758605480194092,0.27644574642181396,1.0,0.6,0.8281938325991189,0.9087301587301587,D2_source_holdout_target_all,three_class_with_air,DANN-UDA,0.05,23
185,7.887678657425568e-05,0.27497896552085876,0.275057852268219,1.0,0.6,0.8458149779735683,0.9007936507936508,D2_source_holdout_target_all,three_class_with_air,DANN-UDA,0.05,23
190,6.386228778865188e-05,0.2816167175769806,0.2816805839538574,1.0,0.6,0.8590308370044053,0.9007936507936508,D2_source_holdout_target_all,three_class_with_air,DANN-UDA,0.05,23
195,0.0001688268966972828,0.2948263883590698,0.2949952185153961,1.0,0.6,0.8590308370044053,0.9047619047619048,D2_source_holdout_target_all,three_class_with_air,DANN-UDA,0.05,23
200,7.644582365173846e-05,0.28070712089538574,0.2807835638523102,1.0,0.6,0.8414096916299559,0.9087301587301587,D2_source_holdout_target_all,three_class_with_air,DANN-UDA,0.05,23
205,0.003138879546895623,0.27463772892951965,0.2777765989303589,1.0,0.6,0.801762114537445,0.9126984126984127,D2_source_holdout_target_all,three_class_with_air,DANN-UDA,0.05,23
210,0.005463769193738699,0.27010196447372437,0.2755657434463501,1.0,0.6,0.7709251101321586,0.9047619047619048,D2_source_holdout_target_all,three_class_with_air,DANN-UDA,0.05,23
215,0.00017680216114968061,0.26829344034194946,0.26847022771835327,1.0,0.6,0.7533039647577092,0.9007936507936508,D2_source_holdout_target_all,three_class_with_air,DANN-UDA,0.05,23
220,0.0010383832268416882,0.27555617690086365,0.2765945494174957,1.0,0.6,0.748898678414097,0.8968253968253969,D2_source_holdout_target_all,three_class_with_air,DANN-UDA,0.05,23
225,0.000157546965056099,0.27256688475608826,0.2727244198322296,1.0,0.6,0.762114537444934,0.9047619047619048,D2_source_holdout_target_all,three_class_with_air,DANN-UDA,0.05,23
230,0.00019713830261025578,0.26864221692085266,0.26883935928344727,1.0,0.6,0.762114537444934,0.9007936507936508,D2_source_holdout_target_all,three_class_with_air,DANN-UDA,0.05,23
235,0.0006053293473087251,0.27159762382507324,0.2722029387950897,1.0,0.6,0.775330396475771,0.9087301587301587,D2_source_holdout_target_all,three_class_with_air,DANN-UDA,0.05,23
240,9.022104495670646e-05,0.27085134387016296,0.2709415555000305,1.0,0.6,0.7929515418502202,0.9087301587301587,D2_source_holdout_target_all,three_class_with_air,DANN-UDA,0.05,23
245,0.0001778567529981956,0.2679532468318939,0.2681311070919037,1.0,0.6,0.8149779735682819,0.9047619047619048,D2_source_holdout_target_all,three_class_with_air,DANN-UDA,0.05,23
250,0.003958577755838633,0.2854219675064087,0.2893805503845215,1.0,0.6,0.8149779735682819,0.9047619047619048,D2_source_holdout_target_all,three_class_with_air,DANN-UDA,0.05,23
255,0.00012816686648875475,0.2800635099411011,0.28019168972969055,1.0,0.6,0.8061674008810573,0.9047619047619048,D2_source_holdout_target_all,three_class_with_air,DANN-UDA,0.05,23
260,0.0011797173647210002,0.2804998755455017,0.28167960047721863,1.0,0.8,0.801762114537445,0.9047619047619048,D2_source_holdout_target_all,three_class_with_air,DANN-UDA,0.05,23
265,0.00016253982903435826,0.29435622692108154,0.29451876878738403,1.0,0.8,0.7973568281938326,0.9007936507936508,D2_source_holdout_target_all,three_class_with_air,DANN-UDA,0.05,23
270,0.01200419757515192,0.2724737524986267,0.28447794914245605,1.0,0.8,0.7929515418502202,0.9007936507936508,D2_source_holdout_target_all,three_class_with_air,DANN-UDA,0.05,23
275,0.00032157148234546185,0.27760833501815796,0.2779299020767212,1.0,0.6,0.8149779735682819,0.8968253968253969,D2_source_holdout_target_all,three_class_with_air,DANN-UDA,0.05,23
280,0.007240359205752611,0.27056100964546204,0.27780136466026306,1.0,0.6,0.8149779735682819,0.9047619047619048,D2_source_holdout_target_all,three_class_with_air,DANN-UDA,0.05,23
285,0.00016821376630105078,0.27222558856010437,0.2723937928676605,1.0,0.6,0.8193832599118943,0.9007936507936508,D2_source_holdout_target_all,three_class_with_air,DANN-UDA,0.05,23
290,9.376366506330669e-05,0.2919337749481201,0.2920275330543518,1.0,0.6,0.8149779735682819,0.9126984126984127,D2_source_holdout_target_all,three_class_with_air,DANN-UDA,0.05,23
295,0.0003037797287106514,0.2716748118400574,0.27197858691215515,1.0,0.6,0.8237885462555066,0.9047619047619048,D2_source_holdout_target_all,three_class_with_air,DANN-UDA,0.05,23
300,0.0003019486030098051,0.2792227864265442,0.2795247435569763,1.0,0.6,0.8237885462555066,0.9126984126984127,D2_source_holdout_target_all,three_class_with_air,DANN-UDA,0.05,23
305,2.208387195423711e-05,0.3046691417694092,0.30469122529029846,1.0,0.6,0.8149779735682819,0.9285714285714286,D2_source_holdout_target_all,three_class_with_air,DANN-UDA,0.05,23
310,4.9914116971194744e-05,0.32703420519828796,0.32708412408828735,1.0,0.6,0.8193832599118943,0.9047619047619048,D2_source_holdout_target_all,three_class_with_air,DANN-UDA,0.05,23
315,6.128057430032641e-05,0.3365793824195862,0.3366406559944153,1.0,0.6,0.8193832599118943,0.8888888888888888,D2_source_holdout_target_all,three_class_with_air,DANN-UDA,0.05,23
320,3.4867531212512404e-05,0.31836405396461487,0.31839892268180847,1.0,0.6,0.8193832599118943,0.8968253968253969,D2_source_holdout_target_all,three_class_with_air,DANN-UDA,0.05,23
325,0.0005361211369745433,0.3298592269420624,0.33039534091949463,1.0,0.6,0.8237885462555066,0.9007936507936508,D2_source_holdout_target_all,three_class_with_air,DANN-UDA,0.05,23
330,0.0009900572476908565,0.3080788552761078,0.3090689182281494,1.0,0.6,0.8281938325991189,0.9007936507936508,D2_source_holdout_target_all,three_class_with_air,DANN-UDA,0.05,23
335,0.0008419462246820331,0.3085949122905731,0.3094368577003479,1.0,0.6,0.8325991189427313,0.8968253968253969,D2_source_holdout_target_all,three_class_with_air,DANN-UDA,0.05,23
340,7.883510988904163e-06,0.3029598593711853,0.30296775698661804,1.0,0.6,0.8325991189427313,0.8968253968253969,D2_source_holdout_target_all,three_class_with_air,DANN-UDA,0.05,23
345,6.488806775450939e-06,0.28556185960769653,0.28556835651397705,1.0,0.6,0.8370044052863436,0.8968253968253969,D2_source_holdout_target_all,three_class_with_air,DANN-UDA,0.05,23
350,1.3362745448830537e-05,0.28701916337013245,0.28703251481056213,1.0,0.6,0.8325991189427313,0.8928571428571429,D2_source_holdout_target_all,three_class_with_air,DANN-UDA,0.05,23
355,1.8040702343569137e-05,0.280498206615448,0.28051623702049255,1.0,0.6,0.8325991189427313,0.8928571428571429,D2_source_holdout_target_all,three_class_with_air,DANN-UDA,0.05,23
360,1.4133584954834078e-05,0.29648882150650024,0.296502947807312,1.0,0.6,0.8325991189427313,0.8968253968253969,D2_source_holdout_target_all,three_class_with_air,DANN-UDA,0.05,23
365,3.484160697553307e-05,0.28024742007255554,0.28028225898742676,1.0,0.6,0.8325991189427313,0.9007936507936508,D2_source_holdout_target_all,three_class_with_air,DANN-UDA,0.05,23
370,7.124189869500697e-05,0.28343701362609863,0.2835082411766052,1.0,0.6,0.8325991189427313,0.9007936507936508,D2_source_holdout_target_all,three_class_with_air,DANN-UDA,0.05,23
375,1.636261549720075e-05,0.2865971326828003,0.28661349415779114,1.0,0.6,0.8325991189427313,0.8928571428571429,D2_source_holdout_target_all,three_class_with_air,DANN-UDA,0.05,23
380,1.7049553207471035e-05,0.27526184916496277,0.27527889609336853,1.0,0.6,0.8370044052863436,0.9047619047619048,D2_source_holdout_target_all,three_class_with_air,DANN-UDA,0.05,23
385,2.0850973669439554e-05,0.28848209977149963,0.288502961397171,1.0,0.6,0.8370044052863436,0.9047619047619048,D2_source_holdout_target_all,three_class_with_air,DANN-UDA,0.05,23
390,0.04653630778193474,0.2990061938762665,0.3455424904823303,1.0,0.6,0.7400881057268722,0.9007936507936508,D2_source_holdout_target_all,three_class_with_air,DANN-UDA,0.05,23
395,0.003882155753672123,0.3071626126766205,0.3110447824001312,1.0,0.6,0.7533039647577092,0.8968253968253969,D2_source_holdout_target_all,three_class_with_air,DANN-UDA,0.05,23
400,0.00011293496208963916,0.3557478189468384,0.35586073994636536,1.0,0.6,0.73568281938326,0.9007936507936508,D2_source_holdout_target_all,three_class_with_air,DANN-UDA,0.05,23
1,0.6941266059875488,0.0,0.6941266059875488,0.85,0.75,0.60625,0.10555555555555556,D2_source_holdout_target_all,binary_without_air,MLP source only,0.0,7
5,0.3573654592037201,0.0,0.3573654592037201,0.9,0.75,0.65625,0.17222222222222222,D2_source_holdout_target_all,binary_without_air,MLP source only,0.0,7
10,0.19290822744369507,0.0,0.19290822744369507,0.9,0.75,0.74375,0.25,D2_source_holdout_target_all,binary_without_air,MLP source only,0.0,7
15,0.0992664024233818,0.0,0.0992664024233818,0.95,0.75,0.78125,0.31666666666666665,D2_source_holdout_target_all,binary_without_air,MLP source only,0.0,7
20,0.04098436236381531,0.0,0.04098436236381531,1.0,0.75,0.8,0.3333333333333333,D2_source_holdout_target_all,binary_without_air,MLP source only,0.0,7
25,0.008775651454925537,0.0,0.008775651454925537,1.0,0.75,0.8,0.36666666666666664,D2_source_holdout_target_all,binary_without_air,MLP source only,0.0,7
30,0.0013260326813906431,0.0,0.0013260326813906431,1.0,1.0,0.80625,0.4777777777777778,D2_source_holdout_target_all,binary_without_air,MLP source only,0.0,7
35,0.0002303324145032093,0.0,0.0002303324145032093,1.0,1.0,0.83125,0.55,D2_source_holdout_target_all,binary_without_air,MLP source only,0.0,7
40,0.0013323203893378377,0.0,0.0013323203893378377,1.0,1.0,0.83125,0.5777777777777777,D2_source_holdout_target_all,binary_without_air,MLP source only,0.0,7
45,0.00010860907059395686,0.0,0.00010860907059395686,1.0,1.0,0.83125,0.6111111111111112,D2_source_holdout_target_all,binary_without_air,MLP source only,0.0,7
50,0.0010424047941341996,0.0,0.0010424047941341996,1.0,1.0,0.83125,0.6111111111111112,D2_source_holdout_target_all,binary_without_air,MLP source only,0.0,7
55,6.788882274122443e-06,0.0,6.788882274122443e-06,1.0,1.0,0.8375,0.6111111111111112,D2_source_holdout_target_all,binary_without_air,MLP source only,0.0,7
60,1.2128962225688156e-05,0.0,1.2128962225688156e-05,1.0,1.0,0.8375,0.6166666666666667,D2_source_holdout_target_all,binary_without_air,MLP source only,0.0,7
65,2.816355845425278e-05,0.0,2.816355845425278e-05,1.0,1.0,0.8375,0.6222222222222222,D2_source_holdout_target_all,binary_without_air,MLP source only,0.0,7
70,7.25867721484974e-05,0.0,7.25867721484974e-05,1.0,1.0,0.8375,0.6222222222222222,D2_source_holdout_target_all,binary_without_air,MLP source only,0.0,7
75,5.1654245908139274e-05,0.0,5.1654245908139274e-05,1.0,1.0,0.8375,0.6222222222222222,D2_source_holdout_target_all,binary_without_air,MLP source only,0.0,7
80,0.000749993312638253,0.0,0.000749993312638253,1.0,1.0,0.8375,0.6222222222222222,D2_source_holdout_target_all,binary_without_air,MLP source only,0.0,7
85,3.331879725010367e-06,0.0,3.331879725010367e-06,1.0,1.0,0.8375,0.6055555555555555,D2_source_holdout_target_all,binary_without_air,MLP source only,0.0,7
90,1.3356240742723458e-05,0.0,1.3356240742723458e-05,1.0,1.0,0.83125,0.6055555555555555,D2_source_holdout_target_all,binary_without_air,MLP source only,0.0,7
95,8.689993410371244e-05,0.0,8.689993410371244e-05,1.0,1.0,0.8375,0.6055555555555555,D2_source_holdout_target_all,binary_without_air,MLP source only,0.0,7
100,7.426509000652004e-06,0.0,7.426509000652004e-06,1.0,1.0,0.84375,0.6055555555555555,D2_source_holdout_target_all,binary_without_air,MLP source only,0.0,7
105,0.016718385741114616,0.0,0.016718385741114616,1.0,1.0,0.84375,0.6055555555555555,D2_source_holdout_target_all,binary_without_air,MLP source only,0.0,7
110,0.0005419467343017459,0.0,0.0005419467343017459,1.0,1.0,0.8625,0.5666666666666667,D2_source_holdout_target_all,binary_without_air,MLP source only,0.0,7
115,0.00013571624003816396,0.0,0.00013571624003816396,1.0,0.75,0.83125,0.6,D2_source_holdout_target_all,binary_without_air,MLP source only,0.0,7
120,4.4125372369308025e-05,0.0,4.4125372369308025e-05,1.0,1.0,0.84375,0.4888888888888889,D2_source_holdout_target_all,binary_without_air,MLP source only,0.0,7
125,0.044787220656871796,0.0,0.044787220656871796,1.0,1.0,0.875,0.42777777777777776,D2_source_holdout_target_all,binary_without_air,MLP source only,0.0,7
130,6.517152360174805e-05,0.0,6.517152360174805e-05,1.0,0.75,0.85,0.4777777777777778,D2_source_holdout_target_all,binary_without_air,MLP source only,0.0,7
135,0.0004452904686331749,0.0,0.0004452904686331749,1.0,0.75,0.84375,0.49444444444444446,D2_source_holdout_target_all,binary_without_air,MLP source only,0.0,7
140,0.003666737349703908,0.0,0.003666737349703908,1.0,0.75,0.85,0.5277777777777778,D2_source_holdout_target_all,binary_without_air,MLP source only,0.0,7
145,0.0011077418457716703,0.0,0.0011077418457716703,1.0,0.75,0.84375,0.5444444444444444,D2_source_holdout_target_all,binary_without_air,MLP source only,0.0,7
150,9.065509948413819e-05,0.0,9.065509948413819e-05,1.0,0.75,0.84375,0.5666666666666667,D2_source_holdout_target_all,binary_without_air,MLP source only,0.0,7
155,0.00016247609164565802,0.0,0.00016247609164565802,1.0,0.75,0.84375,0.5666666666666667,D2_source_holdout_target_all,binary_without_air,MLP source only,0.0,7
160,2.0293646230129525e-05,0.0,2.0293646230129525e-05,1.0,0.75,0.84375,0.5722222222222222,D2_source_holdout_target_all,binary_without_air,MLP source only,0.0,7
165,7.133821054594591e-05,0.0,7.133821054594591e-05,1.0,0.75,0.84375,0.5777777777777777,D2_source_holdout_target_all,binary_without_air,MLP source only,0.0,7
170,6.0935351939406246e-05,0.0,6.0935351939406246e-05,1.0,0.75,0.85,0.5833333333333334,D2_source_holdout_target_all,binary_without_air,MLP source only,0.0,7
175,0.004544143099337816,0.0,0.004544143099337816,1.0,0.75,0.85,0.5777777777777777,D2_source_holdout_target_all,binary_without_air,MLP source only,0.0,7
180,6.592078079847852e-06,0.0,6.592078079847852e-06,1.0,0.75,0.8375,0.5666666666666667,D2_source_holdout_target_all,binary_without_air,MLP source only,0.0,7
185,1.5883346350165084e-05,0.0,1.5883346350165084e-05,1.0,0.75,0.83125,0.5611111111111111,D2_source_holdout_target_all,binary_without_air,MLP source only,0.0,7
190,3.741887121577747e-05,0.0,3.741887121577747e-05,1.0,0.75,0.83125,0.55,D2_source_holdout_target_all,binary_without_air,MLP source only,0.0,7
195,3.614440720411949e-05,0.0,3.614440720411949e-05,1.0,0.75,0.8375,0.5388888888888889,D2_source_holdout_target_all,binary_without_air,MLP source only,0.0,7
200,2.7323612812324427e-05,0.0,2.7323612812324427e-05,1.0,0.75,0.8375,0.5388888888888889,D2_source_holdout_target_all,binary_without_air,MLP source only,0.0,7
205,8.743517537368461e-05,0.0,8.743517537368461e-05,1.0,0.75,0.83125,0.5388888888888889,D2_source_holdout_target_all,binary_without_air,MLP source only,0.0,7
210,1.3326828593562823e-05,0.0,1.3326828593562823e-05,1.0,1.0,0.85625,0.5777777777777777,D2_source_holdout_target_all,binary_without_air,MLP source only,0.0,7
215,0.0003674631880130619,0.0,0.0003674631880130619,1.0,1.0,0.88125,0.6,D2_source_holdout_target_all,binary_without_air,MLP source only,0.0,7
220,0.0007779126754030585,0.0,0.0007779126754030585,1.0,1.0,0.88125,0.6,D2_source_holdout_target_all,binary_without_air,MLP source only,0.0,7
225,4.8525653255637735e-05,0.0,4.8525653255637735e-05,1.0,1.0,0.86875,0.5722222222222222,D2_source_holdout_target_all,binary_without_air,MLP source only,0.0,7
230,1.4459003978117835e-05,0.0,1.4459003978117835e-05,1.0,1.0,0.86875,0.5388888888888889,D2_source_holdout_target_all,binary_without_air,MLP source only,0.0,7
235,1.0871446647797711e-05,0.0,1.0871446647797711e-05,1.0,1.0,0.85625,0.5333333333333333,D2_source_holdout_target_all,binary_without_air,MLP source only,0.0,7
240,1.6187370420084335e-05,0.0,1.6187370420084335e-05,1.0,0.75,0.83125,0.5388888888888889,D2_source_holdout_target_all,binary_without_air,MLP source only,0.0,7
245,7.468309831892839e-06,0.0,7.468309831892839e-06,1.0,1.0,0.8875,0.55,D2_source_holdout_target_all,binary_without_air,MLP source only,0.0,7
250,8.205116319004446e-05,0.0,8.205116319004446e-05,1.0,1.0,0.88125,0.55,D2_source_holdout_target_all,binary_without_air,MLP source only,0.0,7
255,0.0014334991574287415,0.0,0.0014334991574287415,1.0,1.0,0.88125,0.5666666666666667,D2_source_holdout_target_all,binary_without_air,MLP source only,0.0,7
260,6.764077988918871e-05,0.0,6.764077988918871e-05,1.0,1.0,0.89375,0.6166666666666667,D2_source_holdout_target_all,binary_without_air,MLP source only,0.0,7
265,3.177062171744183e-05,0.0,3.177062171744183e-05,1.0,0.75,0.8375,0.6055555555555555,D2_source_holdout_target_all,binary_without_air,MLP source only,0.0,7
270,0.0013543618842959404,0.0,0.0013543618842959404,1.0,0.75,0.8,0.6333333333333333,D2_source_holdout_target_all,binary_without_air,MLP source only,0.0,7
275,0.00016567368584219366,0.0,0.00016567368584219366,1.0,0.75,0.80625,0.6444444444444445,D2_source_holdout_target_all,binary_without_air,MLP source only,0.0,7
280,0.0005218593869358301,0.0,0.0005218593869358301,1.0,0.75,0.8,0.65,D2_source_holdout_target_all,binary_without_air,MLP source only,0.0,7
285,0.0003439969732426107,0.0,0.0003439969732426107,1.0,0.75,0.80625,0.65,D2_source_holdout_target_all,binary_without_air,MLP source only,0.0,7
290,0.0001114459810196422,0.0,0.0001114459810196422,1.0,0.75,0.825,0.6666666666666666,D2_source_holdout_target_all,binary_without_air,MLP source only,0.0,7
295,8.952210191637278e-05,0.0,8.952210191637278e-05,1.0,0.75,0.8375,0.6611111111111111,D2_source_holdout_target_all,binary_without_air,MLP source only,0.0,7
300,4.808715311810374e-05,0.0,4.808715311810374e-05,1.0,0.75,0.84375,0.6611111111111111,D2_source_holdout_target_all,binary_without_air,MLP source only,0.0,7
305,2.3200967916636728e-05,0.0,2.3200967916636728e-05,1.0,0.75,0.84375,0.6555555555555556,D2_source_holdout_target_all,binary_without_air,MLP source only,0.0,7
310,3.3213502319995314e-05,0.0,3.3213502319995314e-05,1.0,0.75,0.84375,0.6555555555555556,D2_source_holdout_target_all,binary_without_air,MLP source only,0.0,7
315,2.2570238797925413e-05,0.0,2.2570238797925413e-05,1.0,0.75,0.84375,0.6611111111111111,D2_source_holdout_target_all,binary_without_air,MLP source only,0.0,7
320,1.8029128113994375e-05,0.0,1.8029128113994375e-05,1.0,0.75,0.84375,0.6611111111111111,D2_source_holdout_target_all,binary_without_air,MLP source only,0.0,7
325,1.4328090401249938e-05,0.0,1.4328090401249938e-05,1.0,0.75,0.84375,0.6611111111111111,D2_source_holdout_target_all,binary_without_air,MLP source only,0.0,7
330,0.0003826193860732019,0.0,0.0003826193860732019,1.0,0.75,0.84375,0.6555555555555556,D2_source_holdout_target_all,binary_without_air,MLP source only,0.0,7
335,3.2043310056906193e-05,0.0,3.2043310056906193e-05,1.0,0.75,0.84375,0.65,D2_source_holdout_target_all,binary_without_air,MLP source only,0.0,7
340,1.1890642781509086e-05,0.0,1.1890642781509086e-05,1.0,0.75,0.84375,0.6444444444444445,D2_source_holdout_target_all,binary_without_air,MLP source only,0.0,7
345,8.18351600173628e-06,0.0,8.18351600173628e-06,1.0,0.75,0.84375,0.6444444444444445,D2_source_holdout_target_all,binary_without_air,MLP source only,0.0,7
350,2.7431640774011612e-05,0.0,2.7431640774011612e-05,1.0,0.75,0.84375,0.6388888888888888,D2_source_holdout_target_all,binary_without_air,MLP source only,0.0,7
355,6.575470615644008e-05,0.0,6.575470615644008e-05,1.0,1.0,0.84375,0.6333333333333333,D2_source_holdout_target_all,binary_without_air,MLP source only,0.0,7
360,0.0005544199957512319,0.0,0.0005544199957512319,1.0,1.0,0.8375,0.6388888888888888,D2_source_holdout_target_all,binary_without_air,MLP source only,0.0,7
365,0.00013375036360230297,0.0,0.00013375036360230297,1.0,1.0,0.84375,0.6333333333333333,D2_source_holdout_target_all,binary_without_air,MLP source only,0.0,7
370,0.00012952684483025223,0.0,0.00012952684483025223,1.0,1.0,0.85,0.6333333333333333,D2_source_holdout_target_all,binary_without_air,MLP source only,0.0,7
375,1.233725379279349e-05,0.0,1.233725379279349e-05,1.0,1.0,0.84375,0.6333333333333333,D2_source_holdout_target_all,binary_without_air,MLP source only,0.0,7
380,4.222028292133473e-05,0.0,4.222028292133473e-05,1.0,1.0,0.84375,0.6333333333333333,D2_source_holdout_target_all,binary_without_air,MLP source only,0.0,7
385,8.690064532856923e-06,0.0,8.690064532856923e-06,1.0,1.0,0.84375,0.6277777777777778,D2_source_holdout_target_all,binary_without_air,MLP source only,0.0,7
390,5.471632903208956e-06,0.0,5.471632903208956e-06,1.0,1.0,0.8375,0.6277777777777778,D2_source_holdout_target_all,binary_without_air,MLP source only,0.0,7
395,5.340479674487142e-06,0.0,5.340479674487142e-06,1.0,1.0,0.8375,0.6222222222222222,D2_source_holdout_target_all,binary_without_air,MLP source only,0.0,7
400,0.00014106240996625274,0.0,0.00014106240996625274,1.0,1.0,0.83125,0.6222222222222222,D2_source_holdout_target_all,binary_without_air,MLP source only,0.0,7
1,0.7008092403411865,0.8345690369606018,1.5353782176971436,0.75,0.75,0.575,0.1111111111111111,D2_source_holdout_target_all,binary_without_air,DANN-UDA,0.05,23
5,0.38256508111953735,0.6651883721351624,1.0477534532546997,0.9,0.75,0.65,0.8833333333333333,D2_source_holdout_target_all,binary_without_air,DANN-UDA,0.05,23
10,0.23160214722156525,0.5758355259895325,0.8074376583099365,0.9,0.75,0.74375,0.8888888888888888,D2_source_holdout_target_all,binary_without_air,DANN-UDA,0.05,23
15,0.14160361886024475,0.49599888920783997,0.6376025080680847,0.95,0.75,0.8,0.8888888888888888,D2_source_holdout_target_all,binary_without_air,DANN-UDA,0.05,23
20,0.03754100576043129,0.4737544059753418,0.5112954378128052,1.0,0.75,0.81875,0.8888888888888888,D2_source_holdout_target_all,binary_without_air,DANN-UDA,0.05,23
25,0.010699791833758354,0.4438565671443939,0.45455634593963623,1.0,0.75,0.8,0.8833333333333333,D2_source_holdout_target_all,binary_without_air,DANN-UDA,0.05,23
30,0.0028118337504565716,0.44546809792518616,0.4482799172401428,1.0,0.75,0.80625,0.8888888888888888,D2_source_holdout_target_all,binary_without_air,DANN-UDA,0.05,23
35,0.00804152898490429,0.40952029824256897,0.4175618290901184,1.0,0.75,0.81875,0.8777777777777778,D2_source_holdout_target_all,binary_without_air,DANN-UDA,0.05,23
40,0.0007005595834925771,0.3560481667518616,0.3567487299442291,1.0,1.0,0.8375,0.8833333333333333,D2_source_holdout_target_all,binary_without_air,DANN-UDA,0.05,23
45,0.0035086616408079863,0.2977929413318634,0.30130159854888916,1.0,1.0,0.85625,0.8944444444444445,D2_source_holdout_target_all,binary_without_air,DANN-UDA,0.05,23
50,0.0002915940131060779,0.25693479180336,0.2572263777256012,1.0,1.0,0.825,0.9055555555555556,D2_source_holdout_target_all,binary_without_air,DANN-UDA,0.05,23
55,0.000262752320850268,0.262253075838089,0.2625158429145813,1.0,0.75,0.83125,0.9111111111111111,D2_source_holdout_target_all,binary_without_air,DANN-UDA,0.05,23
60,5.5308577429968864e-05,0.32670822739601135,0.3267635405063629,1.0,0.75,0.825,0.9055555555555556,D2_source_holdout_target_all,binary_without_air,DANN-UDA,0.05,23
65,0.005408133380115032,0.3240213692188263,0.3294295072555542,1.0,1.0,0.8625,0.8888888888888888,D2_source_holdout_target_all,binary_without_air,DANN-UDA,0.05,23
70,3.0613016861025244e-05,0.3031025826931,0.30313318967819214,1.0,1.0,0.83125,0.8888888888888888,D2_source_holdout_target_all,binary_without_air,DANN-UDA,0.05,23
75,5.164152753422968e-05,0.31457751989364624,0.3146291673183441,1.0,0.75,0.8125,0.8888888888888888,D2_source_holdout_target_all,binary_without_air,DANN-UDA,0.05,23
80,0.0008976473473012447,0.3407450318336487,0.34164267778396606,1.0,0.75,0.8,0.8722222222222222,D2_source_holdout_target_all,binary_without_air,DANN-UDA,0.05,23
85,6.662334635620937e-05,0.36105918884277344,0.3611258268356323,1.0,1.0,0.80625,0.8833333333333333,D2_source_holdout_target_all,binary_without_air,DANN-UDA,0.05,23
90,2.6854255338548683e-05,0.40521612763404846,0.4052429795265198,1.0,1.0,0.80625,0.8888888888888888,D2_source_holdout_target_all,binary_without_air,DANN-UDA,0.05,23
95,1.1842896128655411e-05,0.38101479411125183,0.38102662563323975,1.0,1.0,0.8,0.9,D2_source_holdout_target_all,binary_without_air,DANN-UDA,0.05,23
100,3.1931878766044974e-05,0.3516445457935333,0.35167646408081055,1.0,1.0,0.8,0.8944444444444445,D2_source_holdout_target_all,binary_without_air,DANN-UDA,0.05,23
105,0.014928233809769154,0.30893149971961975,0.32385972142219543,1.0,1.0,0.8,0.9,D2_source_holdout_target_all,binary_without_air,DANN-UDA,0.05,23
110,0.00055382598657161,0.28173238039016724,0.2822861969470978,1.0,1.0,0.7875,0.8833333333333333,D2_source_holdout_target_all,binary_without_air,DANN-UDA,0.05,23
115,0.000363194034434855,0.2641504108905792,0.26451361179351807,1.0,1.0,0.7875,0.9166666666666666,D2_source_holdout_target_all,binary_without_air,DANN-UDA,0.05,23
120,3.7669694847863866e-06,0.2515741288661957,0.25157788395881653,1.0,1.0,0.8,0.9166666666666666,D2_source_holdout_target_all,binary_without_air,DANN-UDA,0.05,23
125,0.02081129141151905,0.23296937346458435,0.25378066301345825,1.0,1.0,0.84375,0.9,D2_source_holdout_target_all,binary_without_air,DANN-UDA,0.05,23
130,0.0006347895250655711,0.24460135400295258,0.24523614346981049,1.0,1.0,0.825,0.9055555555555556,D2_source_holdout_target_all,binary_without_air,DANN-UDA,0.05,23
135,4.766073834616691e-05,0.28312522172927856,0.2831728756427765,1.0,1.0,0.8125,0.8611111111111112,D2_source_holdout_target_all,binary_without_air,DANN-UDA,0.05,23
140,0.01943233795464039,0.3685523569583893,0.3879846930503845,1.0,0.75,0.78125,0.8444444444444444,D2_source_holdout_target_all,binary_without_air,DANN-UDA,0.05,23
145,0.006268972996622324,0.4324294626712799,0.4386984407901764,1.0,0.75,0.78125,0.8333333333333334,D2_source_holdout_target_all,binary_without_air,DANN-UDA,0.05,23
150,0.00025982572697103024,0.4591325521469116,0.45939236879348755,1.0,1.0,0.80625,0.85,D2_source_holdout_target_all,binary_without_air,DANN-UDA,0.05,23
155,5.260173202259466e-05,0.4360520541667938,0.4361046552658081,1.0,1.0,0.8125,0.8722222222222222,D2_source_holdout_target_all,binary_without_air,DANN-UDA,0.05,23
160,2.7058276828029193e-05,0.3813250660896301,0.38135212659835815,1.0,1.0,0.8125,0.9,D2_source_holdout_target_all,binary_without_air,DANN-UDA,0.05,23
165,4.638565224013291e-05,0.3520714342594147,0.3521178066730499,1.0,1.0,0.81875,0.9055555555555556,D2_source_holdout_target_all,binary_without_air,DANN-UDA,0.05,23
170,9.61401474341983e-06,0.3411467373371124,0.34115636348724365,1.0,1.0,0.81875,0.8888888888888888,D2_source_holdout_target_all,binary_without_air,DANN-UDA,0.05,23
175,4.333168362791184e-06,0.3379385471343994,0.33794286847114563,1.0,1.0,0.81875,0.8944444444444445,D2_source_holdout_target_all,binary_without_air,DANN-UDA,0.05,23
180,8.433649782091379e-05,0.3530980348587036,0.3531823754310608,1.0,1.0,0.81875,0.8833333333333333,D2_source_holdout_target_all,binary_without_air,DANN-UDA,0.05,23
185,7.885972445365041e-05,0.34712496399879456,0.3472038209438324,1.0,1.0,0.7875,0.9,D2_source_holdout_target_all,binary_without_air,DANN-UDA,0.05,23
190,6.778734677936882e-05,0.3415270149707794,0.3415948152542114,1.0,0.75,0.78125,0.8944444444444445,D2_source_holdout_target_all,binary_without_air,DANN-UDA,0.05,23
195,0.0005927637685090303,0.3458828926086426,0.34647566080093384,1.0,0.75,0.775,0.8888888888888888,D2_source_holdout_target_all,binary_without_air,DANN-UDA,0.05,23
200,0.0012823843862861395,0.34120893478393555,0.3424913287162781,1.0,0.75,0.775,0.8944444444444445,D2_source_holdout_target_all,binary_without_air,DANN-UDA,0.05,23
205,2.339230377401691e-05,0.34698086977005005,0.3470042645931244,1.0,0.75,0.775,0.8888888888888888,D2_source_holdout_target_all,binary_without_air,DANN-UDA,0.05,23
210,4.941122369928053e-06,0.33467724919319153,0.3346821963787079,1.0,1.0,0.8,0.8888888888888888,D2_source_holdout_target_all,binary_without_air,DANN-UDA,0.05,23
215,1.370157679048134e-05,0.34268903732299805,0.3427027463912964,1.0,1.0,0.8125,0.8944444444444445,D2_source_holdout_target_all,binary_without_air,DANN-UDA,0.05,23
220,2.616623078210978e-06,0.32306936383247375,0.32307198643684387,1.0,1.0,0.8125,0.8944444444444445,D2_source_holdout_target_all,binary_without_air,DANN-UDA,0.05,23
225,9.179096878142445e-07,0.32242873311042786,0.3224296569824219,1.0,1.0,0.81875,0.8944444444444445,D2_source_holdout_target_all,binary_without_air,DANN-UDA,0.05,23
230,4.136503321205964e-06,0.31985941529273987,0.31986355781555176,1.0,1.0,0.81875,0.8833333333333333,D2_source_holdout_target_all,binary_without_air,DANN-UDA,0.05,23
235,7.432394340867177e-06,0.326410174369812,0.32641759514808655,1.0,1.0,0.81875,0.8833333333333333,D2_source_holdout_target_all,binary_without_air,DANN-UDA,0.05,23
240,9.607740139472298e-06,0.31794360280036926,0.3179531991481781,1.0,1.0,0.81875,0.8833333333333333,D2_source_holdout_target_all,binary_without_air,DANN-UDA,0.05,23
245,2.4676130578882294e-06,0.31803619861602783,0.318038672208786,1.0,1.0,0.81875,0.8777777777777778,D2_source_holdout_target_all,binary_without_air,DANN-UDA,0.05,23
250,3.313984052510932e-06,0.3219030201435089,0.32190632820129395,1.0,1.0,0.81875,0.8888888888888888,D2_source_holdout_target_all,binary_without_air,DANN-UDA,0.05,23
255,2.3007178242551163e-06,0.32731831073760986,0.3273206055164337,1.0,1.0,0.81875,0.8944444444444445,D2_source_holdout_target_all,binary_without_air,DANN-UDA,0.05,23
260,6.174908776301891e-06,0.33893898129463196,0.3389451503753662,1.0,1.0,0.825,0.8888888888888888,D2_source_holdout_target_all,binary_without_air,DANN-UDA,0.05,23
265,1.931182623593486e-06,0.34633854031562805,0.34634047746658325,1.0,1.0,0.825,0.9,D2_source_holdout_target_all,binary_without_air,DANN-UDA,0.05,23
270,2.117613621521741e-05,0.34077057242393494,0.3407917618751526,1.0,1.0,0.83125,0.8944444444444445,D2_source_holdout_target_all,binary_without_air,DANN-UDA,0.05,23
275,7.670762897760142e-06,0.32627207040786743,0.32627972960472107,1.0,1.0,0.83125,0.8833333333333333,D2_source_holdout_target_all,binary_without_air,DANN-UDA,0.05,23
280,1.966940089914715e-06,0.3068614900112152,0.3068634569644928,1.0,1.0,0.8375,0.8833333333333333,D2_source_holdout_target_all,binary_without_air,DANN-UDA,0.05,23
285,2.945032247225754e-05,0.3052408993244171,0.30527034401893616,1.0,1.0,0.8375,0.8888888888888888,D2_source_holdout_target_all,binary_without_air,DANN-UDA,0.05,23
290,2.2205436835065484e-05,0.30641624331474304,0.3064384460449219,1.0,1.0,0.8375,0.8944444444444445,D2_source_holdout_target_all,binary_without_air,DANN-UDA,0.05,23
295,2.5571182050043717e-05,0.31808221340179443,0.3181077837944031,1.0,1.0,0.83125,0.8944444444444445,D2_source_holdout_target_all,binary_without_air,DANN-UDA,0.05,23
300,0.0005487736198119819,0.31777089834213257,0.3183196783065796,1.0,1.0,0.83125,0.9,D2_source_holdout_target_all,binary_without_air,DANN-UDA,0.05,23
305,2.123016383848153e-05,0.3156393766403198,0.31566059589385986,1.0,1.0,0.8375,0.8944444444444445,D2_source_holdout_target_all,binary_without_air,DANN-UDA,0.05,23
310,2.2677848392049782e-05,0.3173392117023468,0.31736189126968384,1.0,1.0,0.8375,0.8888888888888888,D2_source_holdout_target_all,binary_without_air,DANN-UDA,0.05,23
315,0.0001438890612917021,0.318776935338974,0.3189208209514618,1.0,1.0,0.84375,0.8944444444444445,D2_source_holdout_target_all,binary_without_air,DANN-UDA,0.05,23
320,3.257547359680757e-05,0.32133543491363525,0.321368008852005,1.0,1.0,0.84375,0.8944444444444445,D2_source_holdout_target_all,binary_without_air,DANN-UDA,0.05,23
325,1.5913445167825557e-05,0.3162904679775238,0.31630638241767883,1.0,1.0,0.84375,0.9,D2_source_holdout_target_all,binary_without_air,DANN-UDA,0.05,23
330,3.3523225283715874e-05,0.3305695056915283,0.3306030333042145,1.0,1.0,0.8375,0.8944444444444445,D2_source_holdout_target_all,binary_without_air,DANN-UDA,0.05,23
335,2.9471126254065894e-05,0.33079442381858826,0.3308238983154297,1.0,1.0,0.8375,0.8888888888888888,D2_source_holdout_target_all,binary_without_air,DANN-UDA,0.05,23
340,8.63521418068558e-05,0.3294350802898407,0.32952141761779785,1.0,1.0,0.84375,0.8888888888888888,D2_source_holdout_target_all,binary_without_air,DANN-UDA,0.05,23
345,2.73085170192644e-05,0.3471268117427826,0.3471541106700897,1.0,1.0,0.84375,0.8888888888888888,D2_source_holdout_target_all,binary_without_air,DANN-UDA,0.05,23
350,1.5758381778141484e-05,0.36386507749557495,0.36388084292411804,1.0,1.0,0.84375,0.8888888888888888,D2_source_holdout_target_all,binary_without_air,DANN-UDA,0.05,23
355,9.666814730735496e-05,0.3472713530063629,0.3473680317401886,1.0,1.0,0.8375,0.8888888888888888,D2_source_holdout_target_all,binary_without_air,DANN-UDA,0.05,23
360,1.6837724615470506e-05,0.3346056640148163,0.33462250232696533,1.0,1.0,0.8375,0.8888888888888888,D2_source_holdout_target_all,binary_without_air,DANN-UDA,0.05,23
365,1.3386663340497762e-05,0.33321037888526917,0.33322376012802124,1.0,1.0,0.8375,0.8944444444444445,D2_source_holdout_target_all,binary_without_air,DANN-UDA,0.05,23
370,1.154496112576453e-05,0.32622185349464417,0.3262333869934082,1.0,1.0,0.8375,0.8944444444444445,D2_source_holdout_target_all,binary_without_air,DANN-UDA,0.05,23
375,2.5679200916783884e-05,0.31952524185180664,0.31955093145370483,1.0,1.0,0.8375,0.9,D2_source_holdout_target_all,binary_without_air,DANN-UDA,0.05,23
380,2.0520177713478915e-05,0.3195233643054962,0.31954389810562134,1.0,1.0,0.8375,0.9,D2_source_holdout_target_all,binary_without_air,DANN-UDA,0.05,23
385,7.396788078040117e-06,0.3096175789833069,0.30962496995925903,1.0,1.0,0.8375,0.9,D2_source_holdout_target_all,binary_without_air,DANN-UDA,0.05,23
390,1.6425638023065403e-05,0.3106624484062195,0.3106788694858551,1.0,1.0,0.8375,0.8944444444444445,D2_source_holdout_target_all,binary_without_air,DANN-UDA,0.05,23
395,1.880271520349197e-05,0.3218310475349426,0.32184985280036926,1.0,1.0,0.84375,0.8888888888888888,D2_source_holdout_target_all,binary_without_air,DANN-UDA,0.05,23
400,1.45785643326235e-05,0.3431929349899292,0.3432075083255768,1.0,1.0,0.84375,0.8944444444444445,D2_source_holdout_target_all,binary_without_air,DANN-UDA,0.05,23
1,1.1422375440597534,0.0,1.1422375440597534,0.5666666666666667,0.46153846153846156,0.5405405405405406,0.5434782608695652,D3_uda_day1_val_day2_3,three_class_with_air,MLP source only,0.0,7
5,0.8065504431724548,0.0,0.8065504431724548,0.4666666666666667,0.5384615384615384,0.4972972972972973,0.2826086956521739,D3_uda_day1_val_day2_3,three_class_with_air,MLP source only,0.0,7
10,0.6411291360855103,0.0,0.6411291360855103,0.8333333333333334,0.6923076923076923,0.6486486486486487,0.3695652173913043,D3_uda_day1_val_day2_3,three_class_with_air,MLP source only,0.0,7
15,0.4459090828895569,0.0,0.4459090828895569,0.8333333333333334,0.7692307692307693,0.6702702702702703,0.3695652173913043,D3_uda_day1_val_day2_3,three_class_with_air,MLP source only,0.0,7
20,0.27405303716659546,0.0,0.27405303716659546,0.9,0.8076923076923077,0.7027027027027027,0.41304347826086957,D3_uda_day1_val_day2_3,three_class_with_air,MLP source only,0.0,7
25,0.1339975744485855,0.0,0.1339975744485855,0.9666666666666667,0.6923076923076923,0.7081081081081081,0.41304347826086957,D3_uda_day1_val_day2_3,three_class_with_air,MLP source only,0.0,7
30,0.07926885783672333,0.0,0.07926885783672333,1.0,0.6923076923076923,0.7135135135135136,0.41304347826086957,D3_uda_day1_val_day2_3,three_class_with_air,MLP source only,0.0,7
35,0.02761315368115902,0.0,0.02761315368115902,1.0,0.6923076923076923,0.7135135135135136,0.3695652173913043,D3_uda_day1_val_day2_3,three_class_with_air,MLP source only,0.0,7
40,0.009325225837528706,0.0,0.009325225837528706,1.0,0.6923076923076923,0.7243243243243244,0.391304347826087,D3_uda_day1_val_day2_3,three_class_with_air,MLP source only,0.0,7
45,0.004891932476311922,0.0,0.004891932476311922,1.0,0.7307692307692307,0.7243243243243244,0.41304347826086957,D3_uda_day1_val_day2_3,three_class_with_air,MLP source only,0.0,7
50,0.013298694044351578,0.0,0.013298694044351578,1.0,0.7692307692307693,0.7243243243243244,0.32608695652173914,D3_uda_day1_val_day2_3,three_class_with_air,MLP source only,0.0,7
55,0.032985951751470566,0.0,0.032985951751470566,1.0,0.8076923076923077,0.7675675675675676,0.34782608695652173,D3_uda_day1_val_day2_3,three_class_with_air,MLP source only,0.0,7
60,0.013375976122915745,0.0,0.013375976122915745,1.0,0.6923076923076923,0.7189189189189189,0.3695652173913043,D3_uda_day1_val_day2_3,three_class_with_air,MLP source only,0.0,7
65,0.0016194740310311317,0.0,0.0016194740310311317,1.0,0.7307692307692307,0.7567567567567568,0.41304347826086957,D3_uda_day1_val_day2_3,three_class_with_air,MLP source only,0.0,7
70,0.005780790001153946,0.0,0.005780790001153946,1.0,0.7692307692307693,0.7837837837837838,0.3695652173913043,D3_uda_day1_val_day2_3,three_class_with_air,MLP source only,0.0,7
75,0.007960762828588486,0.0,0.007960762828588486,1.0,0.7307692307692307,0.745945945945946,0.391304347826087,D3_uda_day1_val_day2_3,three_class_with_air,MLP source only,0.0,7
80,0.0005407053977251053,0.0,0.0005407053977251053,1.0,0.7307692307692307,0.7297297297297297,0.3695652173913043,D3_uda_day1_val_day2_3,three_class_with_air,MLP source only,0.0,7
85,0.0038044899702072144,0.0,0.0038044899702072144,1.0,0.7307692307692307,0.7297297297297297,0.3695652173913043,D3_uda_day1_val_day2_3,three_class_with_air,MLP source only,0.0,7
90,0.0004202120180707425,0.0,0.0004202120180707425,1.0,0.7307692307692307,0.7405405405405405,0.3695652173913043,D3_uda_day1_val_day2_3,three_class_with_air,MLP source only,0.0,7
95,0.0005063081043772399,0.0,0.0005063081043772399,1.0,0.7307692307692307,0.745945945945946,0.3695652173913043,D3_uda_day1_val_day2_3,three_class_with_air,MLP source only,0.0,7
100,0.01349104568362236,0.0,0.01349104568362236,1.0,0.7307692307692307,0.7405405405405405,0.391304347826087,D3_uda_day1_val_day2_3,three_class_with_air,MLP source only,0.0,7
105,0.0019448145758360624,0.0,0.0019448145758360624,1.0,0.7307692307692307,0.7135135135135136,0.3695652173913043,D3_uda_day1_val_day2_3,three_class_with_air,MLP source only,0.0,7
110,0.0015881180297583342,0.0,0.0015881180297583342,1.0,0.7307692307692307,0.7243243243243244,0.34782608695652173,D3_uda_day1_val_day2_3,three_class_with_air,MLP source only,0.0,7
115,0.0027784807607531548,0.0,0.0027784807607531548,1.0,0.7692307692307693,0.7621621621621621,0.391304347826087,D3_uda_day1_val_day2_3,three_class_with_air,MLP source only,0.0,7
120,0.0026756019797176123,0.0,0.0026756019797176123,1.0,0.7307692307692307,0.7567567567567568,0.391304347826087,D3_uda_day1_val_day2_3,three_class_with_air,MLP source only,0.0,7
125,0.0010595570784062147,0.0,0.0010595570784062147,1.0,0.7307692307692307,0.7621621621621621,0.391304347826087,D3_uda_day1_val_day2_3,three_class_with_air,MLP source only,0.0,7
130,0.0009518463630229235,0.0,0.0009518463630229235,1.0,0.7307692307692307,0.745945945945946,0.391304347826087,D3_uda_day1_val_day2_3,three_class_with_air,MLP source only,0.0,7
135,0.00033773950417526066,0.0,0.00033773950417526066,1.0,0.7307692307692307,0.7513513513513513,0.3695652173913043,D3_uda_day1_val_day2_3,three_class_with_air,MLP source only,0.0,7
140,0.0003996054292656481,0.0,0.0003996054292656481,1.0,0.7307692307692307,0.7513513513513513,0.3695652173913043,D3_uda_day1_val_day2_3,three_class_with_air,MLP source only,0.0,7
145,0.0004531277809292078,0.0,0.0004531277809292078,1.0,0.7307692307692307,0.7513513513513513,0.3695652173913043,D3_uda_day1_val_day2_3,three_class_with_air,MLP source only,0.0,7
150,0.00019090098794549704,0.0,0.00019090098794549704,1.0,0.7307692307692307,0.7513513513513513,0.391304347826087,D3_uda_day1_val_day2_3,three_class_with_air,MLP source only,0.0,7
155,0.0001816808944568038,0.0,0.0001816808944568038,1.0,0.7307692307692307,0.745945945945946,0.391304347826087,D3_uda_day1_val_day2_3,three_class_with_air,MLP source only,0.0,7
160,0.00013602478429675102,0.0,0.00013602478429675102,1.0,0.7692307692307693,0.7351351351351352,0.391304347826087,D3_uda_day1_val_day2_3,three_class_with_air,MLP source only,0.0,7
165,0.0033063094597309828,0.0,0.0033063094597309828,1.0,0.7692307692307693,0.7243243243243244,0.391304347826087,D3_uda_day1_val_day2_3,three_class_with_air,MLP source only,0.0,7
170,0.00044742244062945247,0.0,0.00044742244062945247,1.0,0.8076923076923077,0.7243243243243244,0.391304347826087,D3_uda_day1_val_day2_3,three_class_with_air,MLP source only,0.0,7
175,0.00013926622341386974,0.0,0.00013926622341386974,1.0,0.8076923076923077,0.7243243243243244,0.391304347826087,D3_uda_day1_val_day2_3,three_class_with_air,MLP source only,0.0,7
180,0.0002038304810412228,0.0,0.0002038304810412228,1.0,0.7692307692307693,0.7243243243243244,0.391304347826087,D3_uda_day1_val_day2_3,three_class_with_air,MLP source only,0.0,7
185,0.0002215572021668777,0.0,0.0002215572021668777,1.0,0.7692307692307693,0.7189189189189189,0.391304347826087,D3_uda_day1_val_day2_3,three_class_with_air,MLP source only,0.0,7
190,0.00036368047585710883,0.0,0.00036368047585710883,1.0,0.7692307692307693,0.7243243243243244,0.391304347826087,D3_uda_day1_val_day2_3,three_class_with_air,MLP source only,0.0,7
195,0.00014389125863090158,0.0,0.00014389125863090158,1.0,0.8076923076923077,0.7243243243243244,0.391304347826087,D3_uda_day1_val_day2_3,three_class_with_air,MLP source only,0.0,7
200,0.0018490910297259688,0.0,0.0018490910297259688,1.0,0.7692307692307693,0.7243243243243244,0.391304347826087,D3_uda_day1_val_day2_3,three_class_with_air,MLP source only,0.0,7
205,0.00017504504648968577,0.0,0.00017504504648968577,1.0,0.7307692307692307,0.7135135135135136,0.34782608695652173,D3_uda_day1_val_day2_3,three_class_with_air,MLP source only,0.0,7
210,0.00046098241000436246,0.0,0.00046098241000436246,1.0,0.7307692307692307,0.7189189189189189,0.391304347826087,D3_uda_day1_val_day2_3,three_class_with_air,MLP source only,0.0,7
215,0.00044088714639656246,0.0,0.00044088714639656246,1.0,0.7307692307692307,0.7297297297297297,0.391304347826087,D3_uda_day1_val_day2_3,three_class_with_air,MLP source only,0.0,7
220,0.00024419970577582717,0.0,0.00024419970577582717,1.0,0.7307692307692307,0.7243243243243244,0.391304347826087,D3_uda_day1_val_day2_3,three_class_with_air,MLP source only,0.0,7
225,9.646926628192887e-05,0.0,9.646926628192887e-05,1.0,0.7307692307692307,0.7243243243243244,0.391304347826087,D3_uda_day1_val_day2_3,three_class_with_air,MLP source only,0.0,7
230,0.001644879812374711,0.0,0.001644879812374711,1.0,0.7307692307692307,0.7243243243243244,0.391304347826087,D3_uda_day1_val_day2_3,three_class_with_air,MLP source only,0.0,7
235,0.00010553123865975067,0.0,0.00010553123865975067,1.0,0.7307692307692307,0.7243243243243244,0.391304347826087,D3_uda_day1_val_day2_3,three_class_with_air,MLP source only,0.0,7
240,0.00015009338676463813,0.0,0.00015009338676463813,1.0,0.7307692307692307,0.7297297297297297,0.391304347826087,D3_uda_day1_val_day2_3,three_class_with_air,MLP source only,0.0,7
245,0.0003807850880548358,0.0,0.0003807850880548358,1.0,0.7307692307692307,0.7297297297297297,0.391304347826087,D3_uda_day1_val_day2_3,three_class_with_air,MLP source only,0.0,7
250,0.00013889108959119767,0.0,0.00013889108959119767,1.0,0.7307692307692307,0.7405405405405405,0.391304347826087,D3_uda_day1_val_day2_3,three_class_with_air,MLP source only,0.0,7
255,0.00033165409695357084,0.0,0.00033165409695357084,1.0,0.7307692307692307,0.7405405405405405,0.391304347826087,D3_uda_day1_val_day2_3,three_class_with_air,MLP source only,0.0,7
260,8.246768993558362e-05,0.0,8.246768993558362e-05,1.0,0.7307692307692307,0.7405405405405405,0.391304347826087,D3_uda_day1_val_day2_3,three_class_with_air,MLP source only,0.0,7
265,0.0066795386373996735,0.0,0.0066795386373996735,1.0,0.7307692307692307,0.7405405405405405,0.391304347826087,D3_uda_day1_val_day2_3,three_class_with_air,MLP source only,0.0,7
270,0.000302278931485489,0.0,0.000302278931485489,1.0,0.8076923076923077,0.7297297297297297,0.391304347826087,D3_uda_day1_val_day2_3,three_class_with_air,MLP source only,0.0,7
275,0.00011728482058970258,0.0,0.00011728482058970258,1.0,0.8076923076923077,0.7405405405405405,0.391304347826087,D3_uda_day1_val_day2_3,three_class_with_air,MLP source only,0.0,7
280,0.00029172931681387126,0.0,0.00029172931681387126,1.0,0.8076923076923077,0.7513513513513513,0.391304347826087,D3_uda_day1_val_day2_3,three_class_with_air,MLP source only,0.0,7
285,0.00015872214862611145,0.0,0.00015872214862611145,1.0,0.8076923076923077,0.745945945945946,0.391304347826087,D3_uda_day1_val_day2_3,three_class_with_air,MLP source only,0.0,7
290,0.0002641732571646571,0.0,0.0002641732571646571,1.0,0.8076923076923077,0.7405405405405405,0.391304347826087,D3_uda_day1_val_day2_3,three_class_with_air,MLP source only,0.0,7
295,9.339834650745615e-05,0.0,9.339834650745615e-05,1.0,0.8076923076923077,0.745945945945946,0.391304347826087,D3_uda_day1_val_day2_3,three_class_with_air,MLP source only,0.0,7
300,0.00014444759290199727,0.0,0.00014444759290199727,1.0,0.8076923076923077,0.745945945945946,0.391304347826087,D3_uda_day1_val_day2_3,three_class_with_air,MLP source only,0.0,7
305,0.00011302338680252433,0.0,0.00011302338680252433,1.0,0.8076923076923077,0.7405405405405405,0.391304347826087,D3_uda_day1_val_day2_3,three_class_with_air,MLP source only,0.0,7
310,0.00011020368401659653,0.0,0.00011020368401659653,1.0,0.8076923076923077,0.7351351351351352,0.391304347826087,D3_uda_day1_val_day2_3,three_class_with_air,MLP source only,0.0,7
315,0.00014366308460012078,0.0,0.00014366308460012078,1.0,0.8076923076923077,0.7405405405405405,0.391304347826087,D3_uda_day1_val_day2_3,three_class_with_air,MLP source only,0.0,7
320,4.95425883855205e-05,0.0,4.95425883855205e-05,1.0,0.8076923076923077,0.7405405405405405,0.391304347826087,D3_uda_day1_val_day2_3,three_class_with_air,MLP source only,0.0,7
325,7.190761243691668e-05,0.0,7.190761243691668e-05,1.0,0.8076923076923077,0.745945945945946,0.391304347826087,D3_uda_day1_val_day2_3,three_class_with_air,MLP source only,0.0,7
330,0.00016140395018737763,0.0,0.00016140395018737763,1.0,0.7692307692307693,0.745945945945946,0.391304347826087,D3_uda_day1_val_day2_3,three_class_with_air,MLP source only,0.0,7
335,4.4002495997119695e-05,0.0,4.4002495997119695e-05,1.0,0.7307692307692307,0.7567567567567568,0.391304347826087,D3_uda_day1_val_day2_3,three_class_with_air,MLP source only,0.0,7
340,0.00015569293464068323,0.0,0.00015569293464068323,1.0,0.7307692307692307,0.7513513513513513,0.391304347826087,D3_uda_day1_val_day2_3,three_class_with_air,MLP source only,0.0,7
345,5.0225291488459334e-05,0.0,5.0225291488459334e-05,1.0,0.7307692307692307,0.7513513513513513,0.391304347826087,D3_uda_day1_val_day2_3,three_class_with_air,MLP source only,0.0,7
350,0.00015863969747442752,0.0,0.00015863969747442752,1.0,0.7307692307692307,0.7513513513513513,0.391304347826087,D3_uda_day1_val_day2_3,three_class_with_air,MLP source only,0.0,7
355,9.800536645343527e-05,0.0,9.800536645343527e-05,1.0,0.7692307692307693,0.7513513513513513,0.391304347826087,D3_uda_day1_val_day2_3,three_class_with_air,MLP source only,0.0,7
360,0.0002890950709115714,0.0,0.0002890950709115714,1.0,0.7692307692307693,0.7567567567567568,0.391304347826087,D3_uda_day1_val_day2_3,three_class_with_air,MLP source only,0.0,7
365,0.0002806160191539675,0.0,0.0002806160191539675,1.0,0.7692307692307693,0.7513513513513513,0.391304347826087,D3_uda_day1_val_day2_3,three_class_with_air,MLP source only,0.0,7
370,4.48826867796015e-05,0.0,4.48826867796015e-05,1.0,0.7692307692307693,0.7513513513513513,0.391304347826087,D3_uda_day1_val_day2_3,three_class_with_air,MLP source only,0.0,7
375,4.304991671233438e-05,0.0,4.304991671233438e-05,1.0,0.7692307692307693,0.7567567567567568,0.391304347826087,D3_uda_day1_val_day2_3,three_class_with_air,MLP source only,0.0,7
380,0.00027790258172899485,0.0,0.00027790258172899485,1.0,0.7692307692307693,0.7513513513513513,0.391304347826087,D3_uda_day1_val_day2_3,three_class_with_air,MLP source only,0.0,7
385,6.983820640016347e-05,0.0,6.983820640016347e-05,1.0,0.7692307692307693,0.7513513513513513,0.391304347826087,D3_uda_day1_val_day2_3,three_class_with_air,MLP source only,0.0,7
390,9.06638742890209e-05,0.0,9.06638742890209e-05,1.0,0.7692307692307693,0.7513513513513513,0.391304347826087,D3_uda_day1_val_day2_3,three_class_with_air,MLP source only,0.0,7
395,9.565612708684057e-05,0.0,9.565612708684057e-05,1.0,0.7692307692307693,0.7513513513513513,0.391304347826087,D3_uda_day1_val_day2_3,three_class_with_air,MLP source only,0.0,7
400,0.0001474184828111902,0.0,0.0001474184828111902,1.0,0.7692307692307693,0.7513513513513513,0.391304347826087,D3_uda_day1_val_day2_3,three_class_with_air,MLP source only,0.0,7
1,1.080717921257019,0.6864708662033081,1.7671887874603271,0.43333333333333335,0.38461538461538464,0.34054054054054056,0.6521739130434783,D3_uda_day1_val_day2_3,three_class_with_air,DANN-UDA,0.2,23
5,0.8051355481147766,0.6504760980606079,1.4556117057800293,0.5333333333333333,0.46153846153846156,0.4540540540540541,0.6521739130434783,D3_uda_day1_val_day2_3,three_class_with_air,DANN-UDA,0.2,23
10,0.640313982963562,0.6358475089073181,1.2761614322662354,0.7666666666666667,0.6923076923076923,0.6162162162162163,0.6521739130434783,D3_uda_day1_val_day2_3,three_class_with_air,DANN-UDA,0.2,23
15,0.4587535262107849,0.6364346742630005,1.0951881408691406,0.8,0.7692307692307693,0.6810810810810811,0.5869565217391305,D3_uda_day1_val_day2_3,three_class_with_air,DANN-UDA,0.2,23
20,0.2846561372280121,0.623645544052124,0.9083017110824585,0.8333333333333334,0.8076923076923077,0.7405405405405405,0.6521739130434783,D3_uda_day1_val_day2_3,three_class_with_air,DANN-UDA,0.2,23
25,0.1409136950969696,0.603752076625824,0.7446657419204712,1.0,0.8461538461538461,0.772972972972973,0.6739130434782609,D3_uda_day1_val_day2_3,three_class_with_air,DANN-UDA,0.2,23
30,0.08093291521072388,0.5829644799232483,0.6638973951339722,1.0,0.8076923076923077,0.7675675675675676,0.7391304347826086,D3_uda_day1_val_day2_3,three_class_with_air,DANN-UDA,0.2,23
35,0.032339587807655334,0.6340932250022888,0.666432797908783,1.0,0.7692307692307693,0.7783783783783784,0.6521739130434783,D3_uda_day1_val_day2_3,three_class_with_air,DANN-UDA,0.2,23
40,0.050193220376968384,0.6807205080986023,0.7309137582778931,1.0,0.7692307692307693,0.8,0.6086956521739131,D3_uda_day1_val_day2_3,three_class_with_air,DANN-UDA,0.2,23
45,0.008845172822475433,0.6646660566329956,0.6735112071037292,1.0,0.7692307692307693,0.7783783783783784,0.5869565217391305,D3_uda_day1_val_day2_3,three_class_with_air,DANN-UDA,0.2,23
50,0.009717274457216263,0.6225463151931763,0.6322636008262634,1.0,0.8076923076923077,0.8108108108108109,0.6739130434782609,D3_uda_day1_val_day2_3,three_class_with_air,DANN-UDA,0.2,23
55,0.009560201317071915,0.5140606760978699,0.5236209034919739,1.0,0.8461538461538461,0.8,0.782608695652174,D3_uda_day1_val_day2_3,three_class_with_air,DANN-UDA,0.2,23
60,0.0034263948909938335,0.5039969086647034,0.5074232816696167,1.0,0.8076923076923077,0.7675675675675676,0.7391304347826086,D3_uda_day1_val_day2_3,three_class_with_air,DANN-UDA,0.2,23
65,0.010313183069229126,0.5253123044967651,0.5356254577636719,1.0,0.8461538461538461,0.772972972972973,0.6956521739130435,D3_uda_day1_val_day2_3,three_class_with_air,DANN-UDA,0.2,23
70,0.009450066834688187,0.7835121154785156,0.7929621934890747,1.0,0.8461538461538461,0.7945945945945946,0.5434782608695652,D3_uda_day1_val_day2_3,three_class_with_air,DANN-UDA,0.2,23
75,0.0018014333909377456,0.9870343208312988,0.9888357520103455,1.0,0.8461538461538461,0.7783783783783784,0.45652173913043476,D3_uda_day1_val_day2_3,three_class_with_air,DANN-UDA,0.2,23
80,0.0016465119551867247,0.7402321100234985,0.7418786287307739,1.0,0.8076923076923077,0.7675675675675676,0.6086956521739131,D3_uda_day1_val_day2_3,three_class_with_air,DANN-UDA,0.2,23
85,0.0011770852142944932,0.565273106098175,0.5664501786231995,1.0,0.8076923076923077,0.7621621621621621,0.6956521739130435,D3_uda_day1_val_day2_3,three_class_with_air,DANN-UDA,0.2,23
90,0.01450684480369091,0.46977129578590393,0.48427814245224,1.0,0.8076923076923077,0.7567567567567568,0.7391304347826086,D3_uda_day1_val_day2_3,three_class_with_air,DANN-UDA,0.2,23
95,0.0029125355649739504,0.5230153203010559,0.5259278416633606,1.0,0.8076923076923077,0.7297297297297297,0.717391304347826,D3_uda_day1_val_day2_3,three_class_with_air,DANN-UDA,0.2,23
100,0.0013348888605833054,0.5471467971801758,0.5484817028045654,1.0,0.7692307692307693,0.7405405405405405,0.6739130434782609,D3_uda_day1_val_day2_3,three_class_with_air,DANN-UDA,0.2,23
105,0.0005556982941925526,0.5342022180557251,0.5347579121589661,1.0,0.8076923076923077,0.7621621621621621,0.6739130434782609,D3_uda_day1_val_day2_3,three_class_with_air,DANN-UDA,0.2,23
110,0.0007863646023906767,0.6667374968528748,0.6675238609313965,1.0,0.8076923076923077,0.7621621621621621,0.6956521739130435,D3_uda_day1_val_day2_3,three_class_with_air,DANN-UDA,0.2,23
115,0.0003743399865925312,0.7402453422546387,0.7406196594238281,1.0,0.8076923076923077,0.7675675675675676,0.6739130434782609,D3_uda_day1_val_day2_3,three_class_with_air,DANN-UDA,0.2,23
120,0.0016281615244224668,0.7685746550559998,0.7702028155326843,1.0,0.7692307692307693,0.7621621621621621,0.6304347826086957,D3_uda_day1_val_day2_3,three_class_with_air,DANN-UDA,0.2,23
125,0.00042667853995226324,0.6674004793167114,0.6678271293640137,1.0,0.7692307692307693,0.7621621621621621,0.6739130434782609,D3_uda_day1_val_day2_3,three_class_with_air,DANN-UDA,0.2,23
130,0.00019022273772861809,0.6486721038818359,0.6488623023033142,1.0,0.8076923076923077,0.7783783783783784,0.7391304347826086,D3_uda_day1_val_day2_3,three_class_with_air,DANN-UDA,0.2,23
135,0.000383251637686044,0.5941810011863708,0.5945642590522766,1.0,0.8461538461538461,0.8054054054054054,0.7608695652173914,D3_uda_day1_val_day2_3,three_class_with_air,DANN-UDA,0.2,23
140,0.0011556983226910233,0.563127338886261,0.564283013343811,1.0,0.8461538461538461,0.7945945945945946,0.7391304347826086,D3_uda_day1_val_day2_3,three_class_with_air,DANN-UDA,0.2,23
145,0.00010588033910607919,0.5271896123886108,0.5272954702377319,1.0,0.8461538461538461,0.7837837837837838,0.7391304347826086,D3_uda_day1_val_day2_3,three_class_with_air,DANN-UDA,0.2,23
150,7.91245765867643e-05,0.5521746873855591,0.552253782749176,1.0,0.8076923076923077,0.7351351351351352,0.7391304347826086,D3_uda_day1_val_day2_3,three_class_with_air,DANN-UDA,0.2,23
155,0.0007926708203740418,0.6092077493667603,0.6100004315376282,1.0,0.8846153846153846,0.745945945945946,0.6086956521739131,D3_uda_day1_val_day2_3,three_class_with_air,DANN-UDA,0.2,23
160,0.001112882629968226,0.6664355397224426,0.667548418045044,1.0,0.8846153846153846,0.7567567567567568,0.5869565217391305,D3_uda_day1_val_day2_3,three_class_with_air,DANN-UDA,0.2,23
165,0.003399869427084923,0.7300033569335938,0.733403205871582,1.0,0.8076923076923077,0.745945945945946,0.5434782608695652,D3_uda_day1_val_day2_3,three_class_with_air,DANN-UDA,0.2,23
170,7.721512520220131e-05,0.7050490975379944,0.7051262855529785,1.0,0.8461538461538461,0.7675675675675676,0.5869565217391305,D3_uda_day1_val_day2_3,three_class_with_air,DANN-UDA,0.2,23
175,0.015772314742207527,0.6877130270004272,0.703485369682312,1.0,0.8846153846153846,0.7783783783783784,0.6739130434782609,D3_uda_day1_val_day2_3,three_class_with_air,DANN-UDA,0.2,23
180,5.691456681233831e-05,0.6477210521697998,0.6477779746055603,1.0,0.8846153846153846,0.7837837837837838,0.6739130434782609,D3_uda_day1_val_day2_3,three_class_with_air,DANN-UDA,0.2,23
185,8.492977940477431e-05,0.6235744953155518,0.6236594319343567,1.0,0.9230769230769231,0.7783783783783784,0.6739130434782609,D3_uda_day1_val_day2_3,three_class_with_air,DANN-UDA,0.2,23
190,0.2926309108734131,0.6096558570861816,0.9022867679595947,1.0,0.8846153846153846,0.7405405405405405,0.6956521739130435,D3_uda_day1_val_day2_3,three_class_with_air,DANN-UDA,0.2,23
195,0.002006172202527523,0.6042765974998474,0.6062827706336975,1.0,0.8461538461538461,0.745945945945946,0.717391304347826,D3_uda_day1_val_day2_3,three_class_with_air,DANN-UDA,0.2,23
200,0.0004953117459081113,0.5937361717224121,0.5942314863204956,1.0,0.9230769230769231,0.772972972972973,0.717391304347826,D3_uda_day1_val_day2_3,three_class_with_air,DANN-UDA,0.2,23
205,0.00041135685751214623,0.5962124466896057,0.5966237783432007,1.0,0.9230769230769231,0.7945945945945946,0.6304347826086957,D3_uda_day1_val_day2_3,three_class_with_air,DANN-UDA,0.2,23
210,0.0005807742127217352,0.6038780808448792,0.6044588685035706,1.0,0.9230769230769231,0.8324324324324325,0.6521739130434783,D3_uda_day1_val_day2_3,three_class_with_air,DANN-UDA,0.2,23
215,9.460069122724235e-05,0.6150415539741516,0.6151361465454102,1.0,0.9230769230769231,0.8432432432432433,0.6521739130434783,D3_uda_day1_val_day2_3,three_class_with_air,DANN-UDA,0.2,23
220,0.00012494920520111918,0.5971298813819885,0.5972548127174377,1.0,0.9615384615384616,0.8648648648648649,0.6521739130434783,D3_uda_day1_val_day2_3,three_class_with_air,DANN-UDA,0.2,23
225,0.00026934637571685016,0.5860269665718079,0.5862963199615479,1.0,0.9615384615384616,0.8648648648648649,0.6739130434782609,D3_uda_day1_val_day2_3,three_class_with_air,DANN-UDA,0.2,23
230,0.00011670391540974379,0.5795133709907532,0.5796300768852234,1.0,0.9615384615384616,0.8486486486486486,0.6739130434782609,D3_uda_day1_val_day2_3,three_class_with_air,DANN-UDA,0.2,23
235,0.0001225024607265368,0.5744569301605225,0.5745794177055359,1.0,0.8846153846153846,0.8324324324324325,0.6956521739130435,D3_uda_day1_val_day2_3,three_class_with_air,DANN-UDA,0.2,23
240,2.112231231876649e-05,0.5890244245529175,0.589045524597168,1.0,0.8461538461538461,0.8108108108108109,0.6521739130434783,D3_uda_day1_val_day2_3,three_class_with_air,DANN-UDA,0.2,23
245,0.00152445281855762,0.6169800758361816,0.618504524230957,1.0,0.8461538461538461,0.7945945945945946,0.6521739130434783,D3_uda_day1_val_day2_3,three_class_with_air,DANN-UDA,0.2,23
250,0.0012943270849063993,0.6428933143615723,0.6441876292228699,1.0,0.8461538461538461,0.7891891891891892,0.6739130434782609,D3_uda_day1_val_day2_3,three_class_with_air,DANN-UDA,0.2,23
255,0.00047207725583575666,0.5988554954528809,0.599327564239502,1.0,0.8461538461538461,0.8054054054054054,0.6956521739130435,D3_uda_day1_val_day2_3,three_class_with_air,DANN-UDA,0.2,23
260,0.0009003879386000335,0.6227973699569702,0.6236977577209473,1.0,0.9230769230769231,0.827027027027027,0.6956521739130435,D3_uda_day1_val_day2_3,three_class_with_air,DANN-UDA,0.2,23
265,0.0006243893294595182,0.6282962560653687,0.6289206743240356,1.0,0.9230769230769231,0.8324324324324325,0.6521739130434783,D3_uda_day1_val_day2_3,three_class_with_air,DANN-UDA,0.2,23
270,9.347612649435177e-05,0.6500537395477295,0.6501471996307373,1.0,0.8461538461538461,0.8216216216216217,0.6521739130434783,D3_uda_day1_val_day2_3,three_class_with_air,DANN-UDA,0.2,23
275,2.4709665012778714e-05,0.6882621645927429,0.6882869005203247,1.0,0.8461538461538461,0.8162162162162162,0.5869565217391305,D3_uda_day1_val_day2_3,three_class_with_air,DANN-UDA,0.2,23
280,6.28112320555374e-05,0.6630886793136597,0.6631515026092529,1.0,0.7692307692307693,0.7837837837837838,0.6304347826086957,D3_uda_day1_val_day2_3,three_class_with_air,DANN-UDA,0.2,23
285,0.002638856414705515,0.6553177833557129,0.6579566597938538,1.0,0.7692307692307693,0.7567567567567568,0.6304347826086957,D3_uda_day1_val_day2_3,three_class_with_air,DANN-UDA,0.2,23
290,0.0004931084695272148,0.6382498741149902,0.638742983341217,1.0,0.8846153846153846,0.8324324324324325,0.6086956521739131,D3_uda_day1_val_day2_3,three_class_with_air,DANN-UDA,0.2,23
295,0.0008042570552788675,0.6250008344650269,0.6258050799369812,1.0,0.8846153846153846,0.8594594594594595,0.6304347826086957,D3_uda_day1_val_day2_3,three_class_with_air,DANN-UDA,0.2,23
300,0.0007992574828676879,0.6257154941558838,0.626514732837677,1.0,0.8846153846153846,0.8486486486486486,0.6304347826086957,D3_uda_day1_val_day2_3,three_class_with_air,DANN-UDA,0.2,23
305,0.0003804382577072829,0.6307620406150818,0.6311424970626831,1.0,0.8846153846153846,0.8432432432432433,0.6304347826086957,D3_uda_day1_val_day2_3,three_class_with_air,DANN-UDA,0.2,23
310,0.0004942626692354679,0.6459215879440308,0.6464158296585083,1.0,0.8076923076923077,0.7189189189189189,0.6521739130434783,D3_uda_day1_val_day2_3,three_class_with_air,DANN-UDA,0.2,23
315,0.00033638745662756264,0.639143168926239,0.6394795775413513,1.0,0.8846153846153846,0.8432432432432433,0.6521739130434783,D3_uda_day1_val_day2_3,three_class_with_air,DANN-UDA,0.2,23
320,0.02348337136209011,0.6462265849113464,0.6697099804878235,1.0,0.8846153846153846,0.8162162162162162,0.6304347826086957,D3_uda_day1_val_day2_3,three_class_with_air,DANN-UDA,0.2,23
325,0.05082348361611366,0.6410080194473267,0.6918315291404724,1.0,0.8846153846153846,0.8108108108108109,0.6521739130434783,D3_uda_day1_val_day2_3,three_class_with_air,DANN-UDA,0.2,23
330,0.0005846296553499997,0.629343569278717,0.6299281716346741,1.0,0.8076923076923077,0.7891891891891892,0.6521739130434783,D3_uda_day1_val_day2_3,three_class_with_air,DANN-UDA,0.2,23
335,0.000216598084080033,0.6247203946113586,0.6249369978904724,1.0,0.8461538461538461,0.7945945945945946,0.6304347826086957,D3_uda_day1_val_day2_3,three_class_with_air,DANN-UDA,0.2,23
340,0.07330567389726639,0.6339393854141235,0.7072450518608093,1.0,0.8846153846153846,0.7891891891891892,0.6521739130434783,D3_uda_day1_val_day2_3,three_class_with_air,DANN-UDA,0.2,23
345,0.00023728418454993516,0.6236605644226074,0.6238978505134583,1.0,0.8846153846153846,0.7891891891891892,0.6304347826086957,D3_uda_day1_val_day2_3,three_class_with_air,DANN-UDA,0.2,23
350,0.028716005384922028,0.6259903311729431,0.6547063589096069,1.0,0.8846153846153846,0.7837837837837838,0.6521739130434783,D3_uda_day1_val_day2_3,three_class_with_air,DANN-UDA,0.2,23
355,0.010318872518837452,0.6271371245384216,0.6374559998512268,1.0,0.8846153846153846,0.7837837837837838,0.6521739130434783,D3_uda_day1_val_day2_3,three_class_with_air,DANN-UDA,0.2,23
360,0.001708947354927659,0.6147701144218445,0.6164790391921997,1.0,0.8846153846153846,0.7945945945945946,0.6739130434782609,D3_uda_day1_val_day2_3,three_class_with_air,DANN-UDA,0.2,23
365,0.001050299033522606,0.6012539863586426,0.6023042798042297,1.0,0.9615384615384616,0.7891891891891892,0.6956521739130435,D3_uda_day1_val_day2_3,three_class_with_air,DANN-UDA,0.2,23
370,0.004366812761873007,0.5962141156196594,0.6005809307098389,1.0,0.9615384615384616,0.8054054054054054,0.6956521739130435,D3_uda_day1_val_day2_3,three_class_with_air,DANN-UDA,0.2,23
375,0.00011252419790253043,0.585637629032135,0.585750162601471,1.0,0.9615384615384616,0.8,0.6739130434782609,D3_uda_day1_val_day2_3,three_class_with_air,DANN-UDA,0.2,23
380,0.0001857783063314855,0.5665139555931091,0.566699743270874,1.0,0.9615384615384616,0.772972972972973,0.717391304347826,D3_uda_day1_val_day2_3,three_class_with_air,DANN-UDA,0.2,23
385,0.0024310462176799774,0.5526474714279175,0.5550785064697266,1.0,0.9615384615384616,0.7621621621621621,0.717391304347826,D3_uda_day1_val_day2_3,three_class_with_air,DANN-UDA,0.2,23
390,3.1260267860488966e-05,0.6288779973983765,0.6289092302322388,1.0,0.9615384615384616,0.8,0.6521739130434783,D3_uda_day1_val_day2_3,three_class_with_air,DANN-UDA,0.2,23
395,0.0002732813300099224,0.7753246426582336,0.7755979299545288,1.0,0.9615384615384616,0.8108108108108109,0.6521739130434783,D3_uda_day1_val_day2_3,three_class_with_air,DANN-UDA,0.2,23
400,0.08889953047037125,0.6782187819480896,0.7671183347702026,1.0,0.9615384615384616,0.8324324324324325,0.6521739130434783,D3_uda_day1_val_day2_3,three_class_with_air,DANN-UDA,0.2,23
1,0.6966328024864197,0.0,0.6966328024864197,0.875,0.5,0.6076923076923076,0.6764705882352942,D3_uda_day1_val_day2_3,binary_without_air,MLP source only,0.0,7
5,0.43914994597435,0.0,0.43914994597435,0.7916666666666666,0.5,0.676923076923077,0.38235294117647056,D3_uda_day1_val_day2_3,binary_without_air,MLP source only,0.0,7
10,0.26973289251327515,0.0,0.26973289251327515,0.9583333333333334,0.65,0.8153846153846154,0.4117647058823529,D3_uda_day1_val_day2_3,binary_without_air,MLP source only,0.0,7
15,0.15067265927791595,0.0,0.15067265927791595,0.9583333333333334,0.8,0.8461538461538461,0.5588235294117647,D3_uda_day1_val_day2_3,binary_without_air,MLP source only,0.0,7
20,0.1086861714720726,0.0,0.1086861714720726,1.0,0.7,0.8076923076923077,0.5294117647058824,D3_uda_day1_val_day2_3,binary_without_air,MLP source only,0.0,7
25,0.012826425023376942,0.0,0.012826425023376942,1.0,0.8,0.8076923076923077,0.4117647058823529,D3_uda_day1_val_day2_3,binary_without_air,MLP source only,0.0,7
30,0.004643980413675308,0.0,0.004643980413675308,1.0,0.95,0.9,0.3235294117647059,D3_uda_day1_val_day2_3,binary_without_air,MLP source only,0.0,7
35,0.0018735346384346485,0.0,0.0018735346384346485,1.0,0.95,0.8923076923076924,0.35294117647058826,D3_uda_day1_val_day2_3,binary_without_air,MLP source only,0.0,7
40,0.0007801837637089193,0.0,0.0007801837637089193,1.0,0.95,0.8923076923076924,0.38235294117647056,D3_uda_day1_val_day2_3,binary_without_air,MLP source only,0.0,7
45,0.0003854637034237385,0.0,0.0003854637034237385,1.0,0.95,0.9,0.4117647058823529,D3_uda_day1_val_day2_3,binary_without_air,MLP source only,0.0,7
50,0.0002895667857956141,0.0,0.0002895667857956141,1.0,0.95,0.9,0.38235294117647056,D3_uda_day1_val_day2_3,binary_without_air,MLP source only,0.0,7
55,0.006689830217510462,0.0,0.006689830217510462,1.0,0.95,0.9307692307692308,0.5294117647058824,D3_uda_day1_val_day2_3,binary_without_air,MLP source only,0.0,7
60,0.00032117715454660356,0.0,0.00032117715454660356,1.0,0.95,0.8692307692307693,0.4117647058823529,D3_uda_day1_val_day2_3,binary_without_air,MLP source only,0.0,7
65,0.00031056394800543785,0.0,0.00031056394800543785,1.0,0.95,0.8538461538461538,0.35294117647058826,D3_uda_day1_val_day2_3,binary_without_air,MLP source only,0.0,7
70,0.0005900331307202578,0.0,0.0005900331307202578,1.0,0.95,0.8615384615384616,0.35294117647058826,D3_uda_day1_val_day2_3,binary_without_air,MLP source only,0.0,7
75,0.04159707948565483,0.0,0.04159707948565483,1.0,0.95,0.8615384615384616,0.35294117647058826,D3_uda_day1_val_day2_3,binary_without_air,MLP source only,0.0,7
80,0.0483301542699337,0.0,0.0483301542699337,1.0,1.0,0.9153846153846154,0.3235294117647059,D3_uda_day1_val_day2_3,binary_without_air,MLP source only,0.0,7
85,0.0008014558698050678,0.0,0.0008014558698050678,1.0,1.0,0.8615384615384616,0.35294117647058826,D3_uda_day1_val_day2_3,binary_without_air,MLP source only,0.0,7
90,0.0003349317703396082,0.0,0.0003349317703396082,1.0,1.0,0.8538461538461538,0.3235294117647059,D3_uda_day1_val_day2_3,binary_without_air,MLP source only,0.0,7
95,0.0008959621773101389,0.0,0.0008959621773101389,1.0,1.0,0.8692307692307693,0.3235294117647059,D3_uda_day1_val_day2_3,binary_without_air,MLP source only,0.0,7
100,0.0011075566289946437,0.0,0.0011075566289946437,1.0,1.0,0.8846153846153846,0.3235294117647059,D3_uda_day1_val_day2_3,binary_without_air,MLP source only,0.0,7
105,0.001959638437256217,0.0,0.001959638437256217,1.0,1.0,0.9461538461538461,0.29411764705882354,D3_uda_day1_val_day2_3,binary_without_air,MLP source only,0.0,7
110,0.000606250949203968,0.0,0.000606250949203968,1.0,1.0,0.9538461538461539,0.29411764705882354,D3_uda_day1_val_day2_3,binary_without_air,MLP source only,0.0,7
115,0.00327837816439569,0.0,0.00327837816439569,1.0,1.0,0.9538461538461539,0.29411764705882354,D3_uda_day1_val_day2_3,binary_without_air,MLP source only,0.0,7
120,0.0002603977045509964,0.0,0.0002603977045509964,1.0,1.0,0.8846153846153846,0.3235294117647059,D3_uda_day1_val_day2_3,binary_without_air,MLP source only,0.0,7
125,0.0001166226647910662,0.0,0.0001166226647910662,1.0,0.95,0.8615384615384616,0.3235294117647059,D3_uda_day1_val_day2_3,binary_without_air,MLP source only,0.0,7
130,0.00018473819363862276,0.0,0.00018473819363862276,1.0,0.95,0.8615384615384616,0.38235294117647056,D3_uda_day1_val_day2_3,binary_without_air,MLP source only,0.0,7
135,8.329209958901629e-05,0.0,8.329209958901629e-05,1.0,0.95,0.8538461538461538,0.38235294117647056,D3_uda_day1_val_day2_3,binary_without_air,MLP source only,0.0,7
140,0.00020018381474073976,0.0,0.00020018381474073976,1.0,0.95,0.8615384615384616,0.35294117647058826,D3_uda_day1_val_day2_3,binary_without_air,MLP source only,0.0,7
145,3.277422729297541e-05,0.0,3.277422729297541e-05,1.0,0.95,0.8615384615384616,0.35294117647058826,D3_uda_day1_val_day2_3,binary_without_air,MLP source only,0.0,7
150,3.5610188206192106e-05,0.0,3.5610188206192106e-05,1.0,0.95,0.8615384615384616,0.38235294117647056,D3_uda_day1_val_day2_3,binary_without_air,MLP source only,0.0,7
155,6.0125908930785954e-05,0.0,6.0125908930785954e-05,1.0,0.95,0.8615384615384616,0.38235294117647056,D3_uda_day1_val_day2_3,binary_without_air,MLP source only,0.0,7
160,0.00010350273078074679,0.0,0.00010350273078074679,1.0,0.95,0.8846153846153846,0.35294117647058826,D3_uda_day1_val_day2_3,binary_without_air,MLP source only,0.0,7
165,0.00464747054502368,0.0,0.00464747054502368,1.0,0.95,0.9076923076923077,0.47058823529411764,D3_uda_day1_val_day2_3,binary_without_air,MLP source only,0.0,7
170,9.061204764293507e-05,0.0,9.061204764293507e-05,1.0,0.95,0.8846153846153846,0.47058823529411764,D3_uda_day1_val_day2_3,binary_without_air,MLP source only,0.0,7
175,0.00021054460376035422,0.0,0.00021054460376035422,1.0,0.95,0.8615384615384616,0.35294117647058826,D3_uda_day1_val_day2_3,binary_without_air,MLP source only,0.0,7
180,0.00013232376659289002,0.0,0.00013232376659289002,1.0,0.95,0.8615384615384616,0.35294117647058826,D3_uda_day1_val_day2_3,binary_without_air,MLP source only,0.0,7
185,0.00013760750880464911,0.0,0.00013760750880464911,1.0,0.95,0.8615384615384616,0.35294117647058826,D3_uda_day1_val_day2_3,binary_without_air,MLP source only,0.0,7
190,0.0001275459653697908,0.0,0.0001275459653697908,1.0,0.95,0.8615384615384616,0.35294117647058826,D3_uda_day1_val_day2_3,binary_without_air,MLP source only,0.0,7
195,0.0001508296118117869,0.0,0.0001508296118117869,1.0,0.95,0.8615384615384616,0.35294117647058826,D3_uda_day1_val_day2_3,binary_without_air,MLP source only,0.0,7
200,5.087469980935566e-05,0.0,5.087469980935566e-05,1.0,0.95,0.8615384615384616,0.35294117647058826,D3_uda_day1_val_day2_3,binary_without_air,MLP source only,0.0,7
205,3.0191164114512503e-05,0.0,3.0191164114512503e-05,1.0,0.95,0.8846153846153846,0.35294117647058826,D3_uda_day1_val_day2_3,binary_without_air,MLP source only,0.0,7
210,3.7604524550260976e-05,0.0,3.7604524550260976e-05,1.0,0.95,0.8923076923076924,0.3235294117647059,D3_uda_day1_val_day2_3,binary_without_air,MLP source only,0.0,7
215,3.0922525183996186e-05,0.0,3.0922525183996186e-05,1.0,0.95,0.9,0.3235294117647059,D3_uda_day1_val_day2_3,binary_without_air,MLP source only,0.0,7
220,1.4920434296072926e-05,0.0,1.4920434296072926e-05,1.0,0.95,0.9,0.3235294117647059,D3_uda_day1_val_day2_3,binary_without_air,MLP source only,0.0,7
225,0.00010265165474265814,0.0,0.00010265165474265814,1.0,0.95,0.9,0.3235294117647059,D3_uda_day1_val_day2_3,binary_without_air,MLP source only,0.0,7
230,2.1172289052628912e-05,0.0,2.1172289052628912e-05,1.0,0.95,0.9,0.29411764705882354,D3_uda_day1_val_day2_3,binary_without_air,MLP source only,0.0,7
235,1.4066237781662494e-05,0.0,1.4066237781662494e-05,1.0,0.95,0.9,0.29411764705882354,D3_uda_day1_val_day2_3,binary_without_air,MLP source only,0.0,7
240,3.892070890287869e-05,0.0,3.892070890287869e-05,1.0,0.95,0.9,0.29411764705882354,D3_uda_day1_val_day2_3,binary_without_air,MLP source only,0.0,7
245,0.00013300149294082075,0.0,0.00013300149294082075,1.0,0.95,0.9,0.29411764705882354,D3_uda_day1_val_day2_3,binary_without_air,MLP source only,0.0,7
250,0.00013929972192272544,0.0,0.00013929972192272544,1.0,0.95,0.8923076923076924,0.3235294117647059,D3_uda_day1_val_day2_3,binary_without_air,MLP source only,0.0,7
255,1.2938751751789823e-05,0.0,1.2938751751789823e-05,1.0,0.95,0.8846153846153846,0.3235294117647059,D3_uda_day1_val_day2_3,binary_without_air,MLP source only,0.0,7
260,1.676801184657961e-05,0.0,1.676801184657961e-05,1.0,0.95,0.8846153846153846,0.3235294117647059,D3_uda_day1_val_day2_3,binary_without_air,MLP source only,0.0,7
265,4.283021917217411e-05,0.0,4.283021917217411e-05,1.0,0.95,0.8692307692307693,0.3235294117647059,D3_uda_day1_val_day2_3,binary_without_air,MLP source only,0.0,7
270,4.274925959180109e-05,0.0,4.274925959180109e-05,1.0,0.95,0.8692307692307693,0.3235294117647059,D3_uda_day1_val_day2_3,binary_without_air,MLP source only,0.0,7
275,2.7504147510626353e-05,0.0,2.7504147510626353e-05,1.0,0.95,0.8692307692307693,0.3235294117647059,D3_uda_day1_val_day2_3,binary_without_air,MLP source only,0.0,7
280,1.654463994782418e-05,0.0,1.654463994782418e-05,1.0,0.95,0.8692307692307693,0.3235294117647059,D3_uda_day1_val_day2_3,binary_without_air,MLP source only,0.0,7
285,1.823206912376918e-05,0.0,1.823206912376918e-05,1.0,0.95,0.8615384615384616,0.29411764705882354,D3_uda_day1_val_day2_3,binary_without_air,MLP source only,0.0,7
290,1.2317878827161621e-05,0.0,1.2317878827161621e-05,1.0,0.95,0.8461538461538461,0.29411764705882354,D3_uda_day1_val_day2_3,binary_without_air,MLP source only,0.0,7
295,1.63957283803029e-05,0.0,1.63957283803029e-05,1.0,0.95,0.8461538461538461,0.29411764705882354,D3_uda_day1_val_day2_3,binary_without_air,MLP source only,0.0,7
300,7.386307697743177e-05,0.0,7.386307697743177e-05,1.0,0.95,0.8538461538461538,0.29411764705882354,D3_uda_day1_val_day2_3,binary_without_air,MLP source only,0.0,7
305,2.5498695322312415e-05,0.0,2.5498695322312415e-05,1.0,0.95,0.8615384615384616,0.29411764705882354,D3_uda_day1_val_day2_3,binary_without_air,MLP source only,0.0,7
310,1.0460343219165225e-05,0.0,1.0460343219165225e-05,1.0,0.95,0.8615384615384616,0.29411764705882354,D3_uda_day1_val_day2_3,binary_without_air,MLP source only,0.0,7
315,3.800366903305985e-05,0.0,3.800366903305985e-05,1.0,0.95,0.8615384615384616,0.29411764705882354,D3_uda_day1_val_day2_3,binary_without_air,MLP source only,0.0,7
320,1.2298092769924551e-05,0.0,1.2298092769924551e-05,1.0,0.95,0.8615384615384616,0.3235294117647059,D3_uda_day1_val_day2_3,binary_without_air,MLP source only,0.0,7
325,3.701996320160106e-05,0.0,3.701996320160106e-05,1.0,0.95,0.8615384615384616,0.3235294117647059,D3_uda_day1_val_day2_3,binary_without_air,MLP source only,0.0,7
330,1.909273305500392e-05,0.0,1.909273305500392e-05,1.0,0.95,0.8692307692307693,0.35294117647058826,D3_uda_day1_val_day2_3,binary_without_air,MLP source only,0.0,7
335,7.327087951125577e-05,0.0,7.327087951125577e-05,1.0,0.95,0.8692307692307693,0.35294117647058826,D3_uda_day1_val_day2_3,binary_without_air,MLP source only,0.0,7
340,4.4815318688051775e-05,0.0,4.4815318688051775e-05,1.0,0.95,0.8692307692307693,0.35294117647058826,D3_uda_day1_val_day2_3,binary_without_air,MLP source only,0.0,7
345,4.123459802940488e-05,0.0,4.123459802940488e-05,1.0,0.95,0.8692307692307693,0.35294117647058826,D3_uda_day1_val_day2_3,binary_without_air,MLP source only,0.0,7
350,1.2372584933473263e-05,0.0,1.2372584933473263e-05,1.0,0.95,0.8692307692307693,0.35294117647058826,D3_uda_day1_val_day2_3,binary_without_air,MLP source only,0.0,7
355,1.92168154171668e-05,0.0,1.92168154171668e-05,1.0,0.95,0.8615384615384616,0.35294117647058826,D3_uda_day1_val_day2_3,binary_without_air,MLP source only,0.0,7
360,0.00013223913265392184,0.0,0.00013223913265392184,1.0,0.95,0.8615384615384616,0.3235294117647059,D3_uda_day1_val_day2_3,binary_without_air,MLP source only,0.0,7
365,0.05218315124511719,0.0,0.05218315124511719,1.0,1.0,0.9,0.35294117647058826,D3_uda_day1_val_day2_3,binary_without_air,MLP source only,0.0,7
370,0.0009733524057082832,0.0,0.0009733524057082832,1.0,0.85,0.7846153846153846,0.29411764705882354,D3_uda_day1_val_day2_3,binary_without_air,MLP source only,0.0,7
375,0.00026304213679395616,0.0,0.00026304213679395616,1.0,0.8,0.8,0.29411764705882354,D3_uda_day1_val_day2_3,binary_without_air,MLP source only,0.0,7
380,0.00032167803146876395,0.0,0.00032167803146876395,1.0,0.85,0.8153846153846154,0.29411764705882354,D3_uda_day1_val_day2_3,binary_without_air,MLP source only,0.0,7
385,0.007112388964742422,0.0,0.007112388964742422,1.0,0.65,0.7230769230769231,0.29411764705882354,D3_uda_day1_val_day2_3,binary_without_air,MLP source only,0.0,7
390,0.010976512916386127,0.0,0.010976512916386127,1.0,0.9,0.8,0.29411764705882354,D3_uda_day1_val_day2_3,binary_without_air,MLP source only,0.0,7
395,0.00016466231318190694,0.0,0.00016466231318190694,1.0,0.95,0.823076923076923,0.35294117647058826,D3_uda_day1_val_day2_3,binary_without_air,MLP source only,0.0,7
400,3.5122149711241946e-05,0.0,3.5122149711241946e-05,1.0,1.0,0.8615384615384616,0.35294117647058826,D3_uda_day1_val_day2_3,binary_without_air,MLP source only,0.0,7
1,0.6966328024864197,0.6745131611824036,1.3711459636688232,0.875,0.45,0.5307692307692308,0.7058823529411765,D3_uda_day1_val_day2_3,binary_without_air,DANN-UDA,0.5,7
5,0.4381413757801056,0.6238881945610046,1.0620296001434326,0.7916666666666666,0.55,0.6692307692307692,0.7058823529411765,D3_uda_day1_val_day2_3,binary_without_air,DANN-UDA,0.5,7
10,0.24381108582019806,0.5474881529808044,0.7912992238998413,0.9583333333333334,0.75,0.8153846153846154,0.7058823529411765,D3_uda_day1_val_day2_3,binary_without_air,DANN-UDA,0.5,7
15,0.10751274973154068,0.6003439426422119,0.7078567147254944,0.9583333333333334,0.7,0.7923076923076923,0.6764705882352942,D3_uda_day1_val_day2_3,binary_without_air,DANN-UDA,0.5,7
20,0.06770499050617218,0.7144810557365417,0.7821860313415527,1.0,0.8,0.7923076923076923,0.6764705882352942,D3_uda_day1_val_day2_3,binary_without_air,DANN-UDA,0.5,7
25,0.0135783851146698,0.6571634411811829,0.6707417964935303,1.0,0.95,0.9307692307692308,0.6470588235294118,D3_uda_day1_val_day2_3,binary_without_air,DANN-UDA,0.5,7
30,0.051521044224500656,0.9352562427520752,0.9867773056030273,1.0,0.85,0.8,0.47058823529411764,D3_uda_day1_val_day2_3,binary_without_air,DANN-UDA,0.5,7
35,0.002818063134327531,0.7202398180961609,0.7230578660964966,1.0,0.85,0.823076923076923,0.7058823529411765,D3_uda_day1_val_day2_3,binary_without_air,DANN-UDA,0.5,7
40,0.0007148406584747136,0.6890464425086975,0.6897612810134888,1.0,0.85,0.823076923076923,0.5882352941176471,D3_uda_day1_val_day2_3,binary_without_air,DANN-UDA,0.5,7
45,0.0017988901818171144,0.6808478832244873,0.6826467514038086,1.0,0.8,0.8076923076923077,0.6764705882352942,D3_uda_day1_val_day2_3,binary_without_air,DANN-UDA,0.5,7
50,0.0021066220942884684,0.6229146718978882,0.6250212788581848,1.0,0.8,0.7923076923076923,0.8235294117647058,D3_uda_day1_val_day2_3,binary_without_air,DANN-UDA,0.5,7
55,0.003268561325967312,0.5351565480232239,0.538425087928772,1.0,0.8,0.7923076923076923,0.8823529411764706,D3_uda_day1_val_day2_3,binary_without_air,DANN-UDA,0.5,7
60,0.005087691824883223,0.6206561923027039,0.6257438659667969,1.0,0.8,0.7923076923076923,0.7352941176470589,D3_uda_day1_val_day2_3,binary_without_air,DANN-UDA,0.5,7
65,0.0015106600476428866,0.7102950215339661,0.7118057012557983,1.0,0.85,0.8,0.6176470588235294,D3_uda_day1_val_day2_3,binary_without_air,DANN-UDA,0.5,7
70,0.011250164359807968,0.9183377027511597,0.9295878410339355,1.0,0.9,0.7923076923076923,0.6176470588235294,D3_uda_day1_val_day2_3,binary_without_air,DANN-UDA,0.5,7
75,0.03834310173988342,1.0487070083618164,1.0870500802993774,1.0,0.95,0.8307692307692308,0.5882352941176471,D3_uda_day1_val_day2_3,binary_without_air,DANN-UDA,0.5,7
80,0.008605170994997025,1.4954789876937866,1.5040841102600098,1.0,0.8,0.8,0.3235294117647059,D3_uda_day1_val_day2_3,binary_without_air,DANN-UDA,0.5,7
85,0.006166351493448019,1.088679313659668,1.0948456525802612,1.0,0.85,0.823076923076923,0.6470588235294118,D3_uda_day1_val_day2_3,binary_without_air,DANN-UDA,0.5,7
90,0.02147591859102249,0.4046788513660431,0.426154762506485,1.0,0.8,0.7923076923076923,0.8823529411764706,D3_uda_day1_val_day2_3,binary_without_air,DANN-UDA,0.5,7
95,0.14644034206867218,0.3302444517612457,0.4766848087310791,1.0,0.9,0.8461538461538461,0.8823529411764706,D3_uda_day1_val_day2_3,binary_without_air,DANN-UDA,0.5,7
100,0.005694899708032608,0.3533216416835785,0.3590165376663208,1.0,0.95,0.9076923076923077,0.8529411764705882,D3_uda_day1_val_day2_3,binary_without_air,DANN-UDA,0.5,7
105,0.001651895814575255,0.4683626890182495,0.4700145721435547,1.0,0.95,0.8538461538461538,0.7941176470588235,D3_uda_day1_val_day2_3,binary_without_air,DANN-UDA,0.5,7
110,0.0007464354275725782,0.4427424967288971,0.4434889256954193,1.0,0.95,0.8384615384615385,0.8529411764705882,D3_uda_day1_val_day2_3,binary_without_air,DANN-UDA,0.5,7
115,0.0007931928266771138,0.39235255122184753,0.39314574003219604,1.0,0.9,0.8307692307692308,0.7941176470588235,D3_uda_day1_val_day2_3,binary_without_air,DANN-UDA,0.5,7
120,0.0004313732497394085,0.44201236963272095,0.44244372844696045,1.0,0.85,0.823076923076923,0.7941176470588235,D3_uda_day1_val_day2_3,binary_without_air,DANN-UDA,0.5,7
125,0.004502394702285528,0.40916407108306885,0.4136664569377899,1.0,0.85,0.823076923076923,0.7941176470588235,D3_uda_day1_val_day2_3,binary_without_air,DANN-UDA,0.5,7
130,0.04577581211924553,0.4697757959365845,0.5155516266822815,1.0,0.9,0.8461538461538461,0.7058823529411765,D3_uda_day1_val_day2_3,binary_without_air,DANN-UDA,0.5,7
135,0.0029688028153032064,0.4506390392780304,0.45360782742500305,1.0,0.85,0.8307692307692308,0.7058823529411765,D3_uda_day1_val_day2_3,binary_without_air,DANN-UDA,0.5,7
140,0.00017203930474352092,0.44350123405456543,0.4436732828617096,1.0,0.8,0.8076923076923077,0.7058823529411765,D3_uda_day1_val_day2_3,binary_without_air,DANN-UDA,0.5,7
145,8.867138967616484e-05,0.426833838224411,0.4269225001335144,1.0,0.75,0.7846153846153846,0.7058823529411765,D3_uda_day1_val_day2_3,binary_without_air,DANN-UDA,0.5,7
150,0.00033729360438883305,0.41269615292549133,0.41303345561027527,1.0,0.9,0.8076923076923077,0.7058823529411765,D3_uda_day1_val_day2_3,binary_without_air,DANN-UDA,0.5,7
155,0.0003094886487815529,0.38788533210754395,0.38819482922554016,1.0,0.9,0.8307692307692308,0.7058823529411765,D3_uda_day1_val_day2_3,binary_without_air,DANN-UDA,0.5,7
160,0.00025350908981636167,0.4031279385089874,0.40338143706321716,1.0,0.9,0.8307692307692308,0.7058823529411765,D3_uda_day1_val_day2_3,binary_without_air,DANN-UDA,0.5,7
165,0.0006291490863077343,0.41955485939979553,0.42018401622772217,1.0,0.9,0.8461538461538461,0.7058823529411765,D3_uda_day1_val_day2_3,binary_without_air,DANN-UDA,0.5,7
170,0.09998437017202377,0.4168662428855896,0.5168505907058716,1.0,0.9,0.8461538461538461,0.7058823529411765,D3_uda_day1_val_day2_3,binary_without_air,DANN-UDA,0.5,7
175,0.00029624218586832285,0.4560423195362091,0.4563385546207428,1.0,0.9,0.8076923076923077,0.7058823529411765,D3_uda_day1_val_day2_3,binary_without_air,DANN-UDA,0.5,7
180,0.00011076153168687597,0.4414721429347992,0.44158291816711426,1.0,0.9,0.8307692307692308,0.7647058823529411,D3_uda_day1_val_day2_3,binary_without_air,DANN-UDA,0.5,7
185,0.0027919821441173553,0.5188393592834473,0.5216313600540161,1.0,0.9,0.8538461538461538,0.7352941176470589,D3_uda_day1_val_day2_3,binary_without_air,DANN-UDA,0.5,7
190,0.015047564171254635,0.6197965741157532,0.6348441243171692,1.0,0.85,0.8538461538461538,0.7058823529411765,D3_uda_day1_val_day2_3,binary_without_air,DANN-UDA,0.5,7
195,0.00011593109229579568,0.7076997756958008,0.7078157067298889,1.0,0.85,0.8153846153846154,0.5588235294117647,D3_uda_day1_val_day2_3,binary_without_air,DANN-UDA,0.5,7
200,0.00012194703595014289,0.7625643014907837,0.7626862525939941,1.0,0.9,0.8615384615384616,0.6764705882352942,D3_uda_day1_val_day2_3,binary_without_air,DANN-UDA,0.5,7
205,0.003304791869595647,0.7259683609008789,0.7292731404304504,1.0,0.9,0.8307692307692308,0.7058823529411765,D3_uda_day1_val_day2_3,binary_without_air,DANN-UDA,0.5,7
210,6.043063694960438e-05,0.6455185413360596,0.6455789804458618,1.0,0.85,0.8153846153846154,0.7058823529411765,D3_uda_day1_val_day2_3,binary_without_air,DANN-UDA,0.5,7
215,0.012790166772902012,0.6178507804870605,0.6306409239768982,1.0,0.8,0.7846153846153846,0.7058823529411765,D3_uda_day1_val_day2_3,binary_without_air,DANN-UDA,0.5,7
220,0.0002975596289616078,0.6219756007194519,0.6222731471061707,1.0,0.8,0.7923076923076923,0.7058823529411765,D3_uda_day1_val_day2_3,binary_without_air,DANN-UDA,0.5,7
225,0.0001935637410497293,0.6003457903862,0.6005393266677856,1.0,0.8,0.8076923076923077,0.7058823529411765,D3_uda_day1_val_day2_3,binary_without_air,DANN-UDA,0.5,7
230,0.00029138941317796707,0.5994578003883362,0.5997492074966431,1.0,0.8,0.8076923076923077,0.7058823529411765,D3_uda_day1_val_day2_3,binary_without_air,DANN-UDA,0.5,7
235,3.2729363738326356e-05,0.59892338514328,0.5989561080932617,1.0,0.8,0.8076923076923077,0.7058823529411765,D3_uda_day1_val_day2_3,binary_without_air,DANN-UDA,0.5,7
240,0.00017147416656371206,0.5990225076675415,0.5991939902305603,1.0,0.8,0.8076923076923077,0.7058823529411765,D3_uda_day1_val_day2_3,binary_without_air,DANN-UDA,0.5,7
245,0.0013157184002920985,0.5967996120452881,0.5981153249740601,1.0,0.8,0.8076923076923077,0.7058823529411765,D3_uda_day1_val_day2_3,binary_without_air,DANN-UDA,0.5,7
250,0.00010769343498395756,0.5950860381126404,0.5951937437057495,1.0,0.8,0.8076923076923077,0.7058823529411765,D3_uda_day1_val_day2_3,binary_without_air,DANN-UDA,0.5,7
255,2.5890041797538288e-05,0.5908825993537903,0.5909084677696228,1.0,0.85,0.8076923076923077,0.7058823529411765,D3_uda_day1_val_day2_3,binary_without_air,DANN-UDA,0.5,7
260,0.000571797601878643,0.5852414965629578,0.5858132839202881,1.0,0.8,0.8076923076923077,0.7058823529411765,D3_uda_day1_val_day2_3,binary_without_air,DANN-UDA,0.5,7
265,1.9607958165579475e-05,0.5788846611976624,0.5789042711257935,1.0,0.85,0.8153846153846154,0.7058823529411765,D3_uda_day1_val_day2_3,binary_without_air,DANN-UDA,0.5,7
270,0.00010669926996342838,0.5738444924354553,0.5739511847496033,1.0,0.9,0.823076923076923,0.7058823529411765,D3_uda_day1_val_day2_3,binary_without_air,DANN-UDA,0.5,7
275,8.896330109564587e-05,0.54465252161026,0.5447415113449097,1.0,0.9,0.823076923076923,0.7058823529411765,D3_uda_day1_val_day2_3,binary_without_air,DANN-UDA,0.5,7
280,0.00015499642177019268,0.5383332371711731,0.5384882092475891,1.0,0.9,0.8307692307692308,0.7058823529411765,D3_uda_day1_val_day2_3,binary_without_air,DANN-UDA,0.5,7
285,0.00026602789876051247,0.5062242746353149,0.5064902901649475,1.0,0.9,0.8538461538461538,0.7058823529411765,D3_uda_day1_val_day2_3,binary_without_air,DANN-UDA,0.5,7
290,0.00027675231103785336,0.5044152140617371,0.5046919584274292,1.0,0.9,0.8538461538461538,0.7058823529411765,D3_uda_day1_val_day2_3,binary_without_air,DANN-UDA,0.5,7
295,0.00033074282691814005,0.4555867612361908,0.45591750741004944,1.0,0.9,0.8461538461538461,0.7058823529411765,D3_uda_day1_val_day2_3,binary_without_air,DANN-UDA,0.5,7
300,7.917778566479683e-05,0.4541225731372833,0.45420175790786743,1.0,0.95,0.8384615384615385,0.7058823529411765,D3_uda_day1_val_day2_3,binary_without_air,DANN-UDA,0.5,7
305,0.0005300359334796667,0.44741135835647583,0.447941392660141,1.0,0.9,0.8307692307692308,0.7058823529411765,D3_uda_day1_val_day2_3,binary_without_air,DANN-UDA,0.5,7
310,0.00016448163660243154,0.5203055739402771,0.5204700827598572,1.0,0.9,0.8307692307692308,0.7058823529411765,D3_uda_day1_val_day2_3,binary_without_air,DANN-UDA,0.5,7
315,1.590357715031132e-05,0.5134449601173401,0.5134608745574951,1.0,0.9,0.823076923076923,0.6470588235294118,D3_uda_day1_val_day2_3,binary_without_air,DANN-UDA,0.5,7
320,0.09323693066835403,0.7463822364807129,0.8396191596984863,1.0,0.9,0.823076923076923,0.5588235294117647,D3_uda_day1_val_day2_3,binary_without_air,DANN-UDA,0.5,7
325,9.337993560620816e-07,0.6647327542304993,0.6647337079048157,1.0,0.8,0.8,0.6176470588235294,D3_uda_day1_val_day2_3,binary_without_air,DANN-UDA,0.5,7
330,0.0012824005680158734,0.6477672457695007,0.6490496397018433,1.0,0.8,0.8,0.6176470588235294,D3_uda_day1_val_day2_3,binary_without_air,DANN-UDA,0.5,7
335,4.2716456505331735e-07,0.6103077530860901,0.6103081703186035,1.0,0.95,0.8307692307692308,0.7352941176470589,D3_uda_day1_val_day2_3,binary_without_air,DANN-UDA,0.5,7
340,4.967052902316027e-08,0.5459541082382202,0.545954167842865,1.0,0.95,0.8923076923076924,0.7941176470588235,D3_uda_day1_val_day2_3,binary_without_air,DANN-UDA,0.5,7
345,3.3228450320166303e-06,0.562110424041748,0.5621137619018555,1.0,0.95,0.9230769230769231,0.7941176470588235,D3_uda_day1_val_day2_3,binary_without_air,DANN-UDA,0.5,7
350,1.5191851161944214e-05,0.5078011155128479,0.5078163146972656,1.0,0.95,0.9307692307692308,0.7941176470588235,D3_uda_day1_val_day2_3,binary_without_air,DANN-UDA,0.5,7
355,5.978560875519179e-05,0.5363461971282959,0.5364059805870056,1.0,0.95,0.9461538461538461,0.7647058823529411,D3_uda_day1_val_day2_3,binary_without_air,DANN-UDA,0.5,7
360,1.2406781024765223e-05,0.5364434123039246,0.5364558100700378,1.0,0.95,0.9538461538461539,0.7647058823529411,D3_uda_day1_val_day2_3,binary_without_air,DANN-UDA,0.5,7
365,1.3410881365416571e-06,0.5518360733985901,0.5518373847007751,1.0,1.0,0.9615384615384616,0.7058823529411765,D3_uda_day1_val_day2_3,binary_without_air,DANN-UDA,0.5,7
370,5.831120233779075e-06,0.6142799258232117,0.6142857670783997,1.0,1.0,0.9615384615384616,0.7058823529411765,D3_uda_day1_val_day2_3,binary_without_air,DANN-UDA,0.5,7
375,5.622365279123187e-06,0.6134291887283325,0.6134347915649414,1.0,1.0,0.9692307692307692,0.7058823529411765,D3_uda_day1_val_day2_3,binary_without_air,DANN-UDA,0.5,7
380,2.716891685849987e-06,0.6114950180053711,0.6114977598190308,1.0,1.0,0.9615384615384616,0.7058823529411765,D3_uda_day1_val_day2_3,binary_without_air,DANN-UDA,0.5,7
385,2.130815801137942e-06,0.6094487309455872,0.6094508767127991,1.0,1.0,0.9615384615384616,0.7058823529411765,D3_uda_day1_val_day2_3,binary_without_air,DANN-UDA,0.5,7
390,1.1722107728928677e-06,0.6078143119812012,0.6078155040740967,1.0,1.0,0.9615384615384616,0.7058823529411765,D3_uda_day1_val_day2_3,binary_without_air,DANN-UDA,0.5,7
395,4.370992883195868e-07,0.6067389249801636,0.606739342212677,1.0,1.0,0.9538461538461539,0.7058823529411765,D3_uda_day1_val_day2_3,binary_without_air,DANN-UDA,0.5,7
400,8.543295280105667e-07,0.6061484217643738,0.6061492562294006,1.0,0.95,0.9384615384615385,0.7058823529411765,D3_uda_day1_val_day2_3,binary_without_air,DANN-UDA,0.5,7
1,1.1422375440597534,0.0,1.1422375440597534,0.5666666666666667,0.46153846153846156,0.5405405405405406,0.5434782608695652,D4_semi_day1_val_day2_3,three_class_with_air,MLP source only,0.0,7
5,0.8065504431724548,0.0,0.8065504431724548,0.4666666666666667,0.5384615384615384,0.4972972972972973,0.2826086956521739,D4_semi_day1_val_day2_3,three_class_with_air,MLP source only,0.0,7
10,0.6411291360855103,0.0,0.6411291360855103,0.8333333333333334,0.6923076923076923,0.6486486486486487,0.3695652173913043,D4_semi_day1_val_day2_3,three_class_with_air,MLP source only,0.0,7
15,0.4459090828895569,0.0,0.4459090828895569,0.8333333333333334,0.7692307692307693,0.6702702702702703,0.3695652173913043,D4_semi_day1_val_day2_3,three_class_with_air,MLP source only,0.0,7
20,0.27405303716659546,0.0,0.27405303716659546,0.9,0.8076923076923077,0.7027027027027027,0.41304347826086957,D4_semi_day1_val_day2_3,three_class_with_air,MLP source only,0.0,7
25,0.1339975744485855,0.0,0.1339975744485855,0.9666666666666667,0.6923076923076923,0.7081081081081081,0.41304347826086957,D4_semi_day1_val_day2_3,three_class_with_air,MLP source only,0.0,7
30,0.07926885783672333,0.0,0.07926885783672333,1.0,0.6923076923076923,0.7135135135135136,0.41304347826086957,D4_semi_day1_val_day2_3,three_class_with_air,MLP source only,0.0,7
35,0.02761315368115902,0.0,0.02761315368115902,1.0,0.6923076923076923,0.7135135135135136,0.3695652173913043,D4_semi_day1_val_day2_3,three_class_with_air,MLP source only,0.0,7
40,0.009325225837528706,0.0,0.009325225837528706,1.0,0.6923076923076923,0.7243243243243244,0.391304347826087,D4_semi_day1_val_day2_3,three_class_with_air,MLP source only,0.0,7
45,0.004891932476311922,0.0,0.004891932476311922,1.0,0.7307692307692307,0.7243243243243244,0.41304347826086957,D4_semi_day1_val_day2_3,three_class_with_air,MLP source only,0.0,7
50,0.013298694044351578,0.0,0.013298694044351578,1.0,0.7692307692307693,0.7243243243243244,0.32608695652173914,D4_semi_day1_val_day2_3,three_class_with_air,MLP source only,0.0,7
55,0.032985951751470566,0.0,0.032985951751470566,1.0,0.8076923076923077,0.7675675675675676,0.34782608695652173,D4_semi_day1_val_day2_3,three_class_with_air,MLP source only,0.0,7
60,0.013375976122915745,0.0,0.013375976122915745,1.0,0.6923076923076923,0.7189189189189189,0.3695652173913043,D4_semi_day1_val_day2_3,three_class_with_air,MLP source only,0.0,7
65,0.0016194740310311317,0.0,0.0016194740310311317,1.0,0.7307692307692307,0.7567567567567568,0.41304347826086957,D4_semi_day1_val_day2_3,three_class_with_air,MLP source only,0.0,7
70,0.005780790001153946,0.0,0.005780790001153946,1.0,0.7692307692307693,0.7837837837837838,0.3695652173913043,D4_semi_day1_val_day2_3,three_class_with_air,MLP source only,0.0,7
75,0.007960762828588486,0.0,0.007960762828588486,1.0,0.7307692307692307,0.745945945945946,0.391304347826087,D4_semi_day1_val_day2_3,three_class_with_air,MLP source only,0.0,7
80,0.0005407053977251053,0.0,0.0005407053977251053,1.0,0.7307692307692307,0.7297297297297297,0.3695652173913043,D4_semi_day1_val_day2_3,three_class_with_air,MLP source only,0.0,7
85,0.0038044899702072144,0.0,0.0038044899702072144,1.0,0.7307692307692307,0.7297297297297297,0.3695652173913043,D4_semi_day1_val_day2_3,three_class_with_air,MLP source only,0.0,7
90,0.0004202120180707425,0.0,0.0004202120180707425,1.0,0.7307692307692307,0.7405405405405405,0.3695652173913043,D4_semi_day1_val_day2_3,three_class_with_air,MLP source only,0.0,7
95,0.0005063081043772399,0.0,0.0005063081043772399,1.0,0.7307692307692307,0.745945945945946,0.3695652173913043,D4_semi_day1_val_day2_3,three_class_with_air,MLP source only,0.0,7
100,0.01349104568362236,0.0,0.01349104568362236,1.0,0.7307692307692307,0.7405405405405405,0.391304347826087,D4_semi_day1_val_day2_3,three_class_with_air,MLP source only,0.0,7
105,0.0019448145758360624,0.0,0.0019448145758360624,1.0,0.7307692307692307,0.7135135135135136,0.3695652173913043,D4_semi_day1_val_day2_3,three_class_with_air,MLP source only,0.0,7
110,0.0015881180297583342,0.0,0.0015881180297583342,1.0,0.7307692307692307,0.7243243243243244,0.34782608695652173,D4_semi_day1_val_day2_3,three_class_with_air,MLP source only,0.0,7
115,0.0027784807607531548,0.0,0.0027784807607531548,1.0,0.7692307692307693,0.7621621621621621,0.391304347826087,D4_semi_day1_val_day2_3,three_class_with_air,MLP source only,0.0,7
120,0.0026756019797176123,0.0,0.0026756019797176123,1.0,0.7307692307692307,0.7567567567567568,0.391304347826087,D4_semi_day1_val_day2_3,three_class_with_air,MLP source only,0.0,7
125,0.0010595570784062147,0.0,0.0010595570784062147,1.0,0.7307692307692307,0.7621621621621621,0.391304347826087,D4_semi_day1_val_day2_3,three_class_with_air,MLP source only,0.0,7
130,0.0009518463630229235,0.0,0.0009518463630229235,1.0,0.7307692307692307,0.745945945945946,0.391304347826087,D4_semi_day1_val_day2_3,three_class_with_air,MLP source only,0.0,7
135,0.00033773950417526066,0.0,0.00033773950417526066,1.0,0.7307692307692307,0.7513513513513513,0.3695652173913043,D4_semi_day1_val_day2_3,three_class_with_air,MLP source only,0.0,7
140,0.0003996054292656481,0.0,0.0003996054292656481,1.0,0.7307692307692307,0.7513513513513513,0.3695652173913043,D4_semi_day1_val_day2_3,three_class_with_air,MLP source only,0.0,7
145,0.0004531277809292078,0.0,0.0004531277809292078,1.0,0.7307692307692307,0.7513513513513513,0.3695652173913043,D4_semi_day1_val_day2_3,three_class_with_air,MLP source only,0.0,7
150,0.00019090098794549704,0.0,0.00019090098794549704,1.0,0.7307692307692307,0.7513513513513513,0.391304347826087,D4_semi_day1_val_day2_3,three_class_with_air,MLP source only,0.0,7
155,0.0001816808944568038,0.0,0.0001816808944568038,1.0,0.7307692307692307,0.745945945945946,0.391304347826087,D4_semi_day1_val_day2_3,three_class_with_air,MLP source only,0.0,7
160,0.00013602478429675102,0.0,0.00013602478429675102,1.0,0.7692307692307693,0.7351351351351352,0.391304347826087,D4_semi_day1_val_day2_3,three_class_with_air,MLP source only,0.0,7
165,0.0033063094597309828,0.0,0.0033063094597309828,1.0,0.7692307692307693,0.7243243243243244,0.391304347826087,D4_semi_day1_val_day2_3,three_class_with_air,MLP source only,0.0,7
170,0.00044742244062945247,0.0,0.00044742244062945247,1.0,0.8076923076923077,0.7243243243243244,0.391304347826087,D4_semi_day1_val_day2_3,three_class_with_air,MLP source only,0.0,7
175,0.00013926622341386974,0.0,0.00013926622341386974,1.0,0.8076923076923077,0.7243243243243244,0.391304347826087,D4_semi_day1_val_day2_3,three_class_with_air,MLP source only,0.0,7
180,0.0002038304810412228,0.0,0.0002038304810412228,1.0,0.7692307692307693,0.7243243243243244,0.391304347826087,D4_semi_day1_val_day2_3,three_class_with_air,MLP source only,0.0,7
185,0.0002215572021668777,0.0,0.0002215572021668777,1.0,0.7692307692307693,0.7189189189189189,0.391304347826087,D4_semi_day1_val_day2_3,three_class_with_air,MLP source only,0.0,7
190,0.00036368047585710883,0.0,0.00036368047585710883,1.0,0.7692307692307693,0.7243243243243244,0.391304347826087,D4_semi_day1_val_day2_3,three_class_with_air,MLP source only,0.0,7
195,0.00014389125863090158,0.0,0.00014389125863090158,1.0,0.8076923076923077,0.7243243243243244,0.391304347826087,D4_semi_day1_val_day2_3,three_class_with_air,MLP source only,0.0,7
200,0.0018490910297259688,0.0,0.0018490910297259688,1.0,0.7692307692307693,0.7243243243243244,0.391304347826087,D4_semi_day1_val_day2_3,three_class_with_air,MLP source only,0.0,7
205,0.00017504504648968577,0.0,0.00017504504648968577,1.0,0.7307692307692307,0.7135135135135136,0.34782608695652173,D4_semi_day1_val_day2_3,three_class_with_air,MLP source only,0.0,7
210,0.00046098241000436246,0.0,0.00046098241000436246,1.0,0.7307692307692307,0.7189189189189189,0.391304347826087,D4_semi_day1_val_day2_3,three_class_with_air,MLP source only,0.0,7
215,0.00044088714639656246,0.0,0.00044088714639656246,1.0,0.7307692307692307,0.7297297297297297,0.391304347826087,D4_semi_day1_val_day2_3,three_class_with_air,MLP source only,0.0,7
220,0.00024419970577582717,0.0,0.00024419970577582717,1.0,0.7307692307692307,0.7243243243243244,0.391304347826087,D4_semi_day1_val_day2_3,three_class_with_air,MLP source only,0.0,7
225,9.646926628192887e-05,0.0,9.646926628192887e-05,1.0,0.7307692307692307,0.7243243243243244,0.391304347826087,D4_semi_day1_val_day2_3,three_class_with_air,MLP source only,0.0,7
230,0.001644879812374711,0.0,0.001644879812374711,1.0,0.7307692307692307,0.7243243243243244,0.391304347826087,D4_semi_day1_val_day2_3,three_class_with_air,MLP source only,0.0,7
235,0.00010553123865975067,0.0,0.00010553123865975067,1.0,0.7307692307692307,0.7243243243243244,0.391304347826087,D4_semi_day1_val_day2_3,three_class_with_air,MLP source only,0.0,7
240,0.00015009338676463813,0.0,0.00015009338676463813,1.0,0.7307692307692307,0.7297297297297297,0.391304347826087,D4_semi_day1_val_day2_3,three_class_with_air,MLP source only,0.0,7
245,0.0003807850880548358,0.0,0.0003807850880548358,1.0,0.7307692307692307,0.7297297297297297,0.391304347826087,D4_semi_day1_val_day2_3,three_class_with_air,MLP source only,0.0,7
250,0.00013889108959119767,0.0,0.00013889108959119767,1.0,0.7307692307692307,0.7405405405405405,0.391304347826087,D4_semi_day1_val_day2_3,three_class_with_air,MLP source only,0.0,7
255,0.00033165409695357084,0.0,0.00033165409695357084,1.0,0.7307692307692307,0.7405405405405405,0.391304347826087,D4_semi_day1_val_day2_3,three_class_with_air,MLP source only,0.0,7
260,8.246768993558362e-05,0.0,8.246768993558362e-05,1.0,0.7307692307692307,0.7405405405405405,0.391304347826087,D4_semi_day1_val_day2_3,three_class_with_air,MLP source only,0.0,7
265,0.0066795386373996735,0.0,0.0066795386373996735,1.0,0.7307692307692307,0.7405405405405405,0.391304347826087,D4_semi_day1_val_day2_3,three_class_with_air,MLP source only,0.0,7
270,0.000302278931485489,0.0,0.000302278931485489,1.0,0.8076923076923077,0.7297297297297297,0.391304347826087,D4_semi_day1_val_day2_3,three_class_with_air,MLP source only,0.0,7
275,0.00011728482058970258,0.0,0.00011728482058970258,1.0,0.8076923076923077,0.7405405405405405,0.391304347826087,D4_semi_day1_val_day2_3,three_class_with_air,MLP source only,0.0,7
280,0.00029172931681387126,0.0,0.00029172931681387126,1.0,0.8076923076923077,0.7513513513513513,0.391304347826087,D4_semi_day1_val_day2_3,three_class_with_air,MLP source only,0.0,7
285,0.00015872214862611145,0.0,0.00015872214862611145,1.0,0.8076923076923077,0.745945945945946,0.391304347826087,D4_semi_day1_val_day2_3,three_class_with_air,MLP source only,0.0,7
290,0.0002641732571646571,0.0,0.0002641732571646571,1.0,0.8076923076923077,0.7405405405405405,0.391304347826087,D4_semi_day1_val_day2_3,three_class_with_air,MLP source only,0.0,7
295,9.339834650745615e-05,0.0,9.339834650745615e-05,1.0,0.8076923076923077,0.745945945945946,0.391304347826087,D4_semi_day1_val_day2_3,three_class_with_air,MLP source only,0.0,7
300,0.00014444759290199727,0.0,0.00014444759290199727,1.0,0.8076923076923077,0.745945945945946,0.391304347826087,D4_semi_day1_val_day2_3,three_class_with_air,MLP source only,0.0,7
305,0.00011302338680252433,0.0,0.00011302338680252433,1.0,0.8076923076923077,0.7405405405405405,0.391304347826087,D4_semi_day1_val_day2_3,three_class_with_air,MLP source only,0.0,7
310,0.00011020368401659653,0.0,0.00011020368401659653,1.0,0.8076923076923077,0.7351351351351352,0.391304347826087,D4_semi_day1_val_day2_3,three_class_with_air,MLP source only,0.0,7
315,0.00014366308460012078,0.0,0.00014366308460012078,1.0,0.8076923076923077,0.7405405405405405,0.391304347826087,D4_semi_day1_val_day2_3,three_class_with_air,MLP source only,0.0,7
320,4.95425883855205e-05,0.0,4.95425883855205e-05,1.0,0.8076923076923077,0.7405405405405405,0.391304347826087,D4_semi_day1_val_day2_3,three_class_with_air,MLP source only,0.0,7
325,7.190761243691668e-05,0.0,7.190761243691668e-05,1.0,0.8076923076923077,0.745945945945946,0.391304347826087,D4_semi_day1_val_day2_3,three_class_with_air,MLP source only,0.0,7
330,0.00016140395018737763,0.0,0.00016140395018737763,1.0,0.7692307692307693,0.745945945945946,0.391304347826087,D4_semi_day1_val_day2_3,three_class_with_air,MLP source only,0.0,7
335,4.4002495997119695e-05,0.0,4.4002495997119695e-05,1.0,0.7307692307692307,0.7567567567567568,0.391304347826087,D4_semi_day1_val_day2_3,three_class_with_air,MLP source only,0.0,7
340,0.00015569293464068323,0.0,0.00015569293464068323,1.0,0.7307692307692307,0.7513513513513513,0.391304347826087,D4_semi_day1_val_day2_3,three_class_with_air,MLP source only,0.0,7
345,5.0225291488459334e-05,0.0,5.0225291488459334e-05,1.0,0.7307692307692307,0.7513513513513513,0.391304347826087,D4_semi_day1_val_day2_3,three_class_with_air,MLP source only,0.0,7
350,0.00015863969747442752,0.0,0.00015863969747442752,1.0,0.7307692307692307,0.7513513513513513,0.391304347826087,D4_semi_day1_val_day2_3,three_class_with_air,MLP source only,0.0,7
355,9.800536645343527e-05,0.0,9.800536645343527e-05,1.0,0.7692307692307693,0.7513513513513513,0.391304347826087,D4_semi_day1_val_day2_3,three_class_with_air,MLP source only,0.0,7
360,0.0002890950709115714,0.0,0.0002890950709115714,1.0,0.7692307692307693,0.7567567567567568,0.391304347826087,D4_semi_day1_val_day2_3,three_class_with_air,MLP source only,0.0,7
365,0.0002806160191539675,0.0,0.0002806160191539675,1.0,0.7692307692307693,0.7513513513513513,0.391304347826087,D4_semi_day1_val_day2_3,three_class_with_air,MLP source only,0.0,7
370,4.48826867796015e-05,0.0,4.48826867796015e-05,1.0,0.7692307692307693,0.7513513513513513,0.391304347826087,D4_semi_day1_val_day2_3,three_class_with_air,MLP source only,0.0,7
375,4.304991671233438e-05,0.0,4.304991671233438e-05,1.0,0.7692307692307693,0.7567567567567568,0.391304347826087,D4_semi_day1_val_day2_3,three_class_with_air,MLP source only,0.0,7
380,0.00027790258172899485,0.0,0.00027790258172899485,1.0,0.7692307692307693,0.7513513513513513,0.391304347826087,D4_semi_day1_val_day2_3,three_class_with_air,MLP source only,0.0,7
385,6.983820640016347e-05,0.0,6.983820640016347e-05,1.0,0.7692307692307693,0.7513513513513513,0.391304347826087,D4_semi_day1_val_day2_3,three_class_with_air,MLP source only,0.0,7
390,9.06638742890209e-05,0.0,9.06638742890209e-05,1.0,0.7692307692307693,0.7513513513513513,0.391304347826087,D4_semi_day1_val_day2_3,three_class_with_air,MLP source only,0.0,7
395,9.565612708684057e-05,0.0,9.565612708684057e-05,1.0,0.7692307692307693,0.7513513513513513,0.391304347826087,D4_semi_day1_val_day2_3,three_class_with_air,MLP source only,0.0,7
400,0.0001474184828111902,0.0,0.0001474184828111902,1.0,0.7692307692307693,0.7513513513513513,0.391304347826087,D4_semi_day1_val_day2_3,three_class_with_air,MLP source only,0.0,7
1,1.080717921257019,0.6864708662033081,1.7671887874603271,0.43333333333333335,0.38461538461538464,0.34054054054054056,0.6521739130434783,D4_semi_day1_val_day2_3,three_class_with_air,DANN-UDA,0.2,23
5,0.8051355481147766,0.6504760980606079,1.4556117057800293,0.5333333333333333,0.46153846153846156,0.4540540540540541,0.6521739130434783,D4_semi_day1_val_day2_3,three_class_with_air,DANN-UDA,0.2,23
10,0.640313982963562,0.6358475089073181,1.2761614322662354,0.7666666666666667,0.6923076923076923,0.6162162162162163,0.6521739130434783,D4_semi_day1_val_day2_3,three_class_with_air,DANN-UDA,0.2,23
15,0.4587535262107849,0.6364346742630005,1.0951881408691406,0.8,0.7692307692307693,0.6810810810810811,0.5869565217391305,D4_semi_day1_val_day2_3,three_class_with_air,DANN-UDA,0.2,23
20,0.2846561372280121,0.623645544052124,0.9083017110824585,0.8333333333333334,0.8076923076923077,0.7405405405405405,0.6521739130434783,D4_semi_day1_val_day2_3,three_class_with_air,DANN-UDA,0.2,23
25,0.1409136950969696,0.603752076625824,0.7446657419204712,1.0,0.8461538461538461,0.772972972972973,0.6739130434782609,D4_semi_day1_val_day2_3,three_class_with_air,DANN-UDA,0.2,23
30,0.08093291521072388,0.5829644799232483,0.6638973951339722,1.0,0.8076923076923077,0.7675675675675676,0.7391304347826086,D4_semi_day1_val_day2_3,three_class_with_air,DANN-UDA,0.2,23
35,0.032339587807655334,0.6340932250022888,0.666432797908783,1.0,0.7692307692307693,0.7783783783783784,0.6521739130434783,D4_semi_day1_val_day2_3,three_class_with_air,DANN-UDA,0.2,23
40,0.050193220376968384,0.6807205080986023,0.7309137582778931,1.0,0.7692307692307693,0.8,0.6086956521739131,D4_semi_day1_val_day2_3,three_class_with_air,DANN-UDA,0.2,23
45,0.008845172822475433,0.6646660566329956,0.6735112071037292,1.0,0.7692307692307693,0.7783783783783784,0.5869565217391305,D4_semi_day1_val_day2_3,three_class_with_air,DANN-UDA,0.2,23
50,0.009717274457216263,0.6225463151931763,0.6322636008262634,1.0,0.8076923076923077,0.8108108108108109,0.6739130434782609,D4_semi_day1_val_day2_3,three_class_with_air,DANN-UDA,0.2,23
55,0.009560201317071915,0.5140606760978699,0.5236209034919739,1.0,0.8461538461538461,0.8,0.782608695652174,D4_semi_day1_val_day2_3,three_class_with_air,DANN-UDA,0.2,23
60,0.0034263948909938335,0.5039969086647034,0.5074232816696167,1.0,0.8076923076923077,0.7675675675675676,0.7391304347826086,D4_semi_day1_val_day2_3,three_class_with_air,DANN-UDA,0.2,23
65,0.010313183069229126,0.5253123044967651,0.5356254577636719,1.0,0.8461538461538461,0.772972972972973,0.6956521739130435,D4_semi_day1_val_day2_3,three_class_with_air,DANN-UDA,0.2,23
70,0.009450066834688187,0.7835121154785156,0.7929621934890747,1.0,0.8461538461538461,0.7945945945945946,0.5434782608695652,D4_semi_day1_val_day2_3,three_class_with_air,DANN-UDA,0.2,23
75,0.0018014333909377456,0.9870343208312988,0.9888357520103455,1.0,0.8461538461538461,0.7783783783783784,0.45652173913043476,D4_semi_day1_val_day2_3,three_class_with_air,DANN-UDA,0.2,23
80,0.0016465119551867247,0.7402321100234985,0.7418786287307739,1.0,0.8076923076923077,0.7675675675675676,0.6086956521739131,D4_semi_day1_val_day2_3,three_class_with_air,DANN-UDA,0.2,23
85,0.0011770852142944932,0.565273106098175,0.5664501786231995,1.0,0.8076923076923077,0.7621621621621621,0.6956521739130435,D4_semi_day1_val_day2_3,three_class_with_air,DANN-UDA,0.2,23
90,0.01450684480369091,0.46977129578590393,0.48427814245224,1.0,0.8076923076923077,0.7567567567567568,0.7391304347826086,D4_semi_day1_val_day2_3,three_class_with_air,DANN-UDA,0.2,23
95,0.0029125355649739504,0.5230153203010559,0.5259278416633606,1.0,0.8076923076923077,0.7297297297297297,0.717391304347826,D4_semi_day1_val_day2_3,three_class_with_air,DANN-UDA,0.2,23
100,0.0013348888605833054,0.5471467971801758,0.5484817028045654,1.0,0.7692307692307693,0.7405405405405405,0.6739130434782609,D4_semi_day1_val_day2_3,three_class_with_air,DANN-UDA,0.2,23
105,0.0005556982941925526,0.5342022180557251,0.5347579121589661,1.0,0.8076923076923077,0.7621621621621621,0.6739130434782609,D4_semi_day1_val_day2_3,three_class_with_air,DANN-UDA,0.2,23
110,0.0007863646023906767,0.6667374968528748,0.6675238609313965,1.0,0.8076923076923077,0.7621621621621621,0.6956521739130435,D4_semi_day1_val_day2_3,three_class_with_air,DANN-UDA,0.2,23
115,0.0003743399865925312,0.7402453422546387,0.7406196594238281,1.0,0.8076923076923077,0.7675675675675676,0.6739130434782609,D4_semi_day1_val_day2_3,three_class_with_air,DANN-UDA,0.2,23
120,0.0016281615244224668,0.7685746550559998,0.7702028155326843,1.0,0.7692307692307693,0.7621621621621621,0.6304347826086957,D4_semi_day1_val_day2_3,three_class_with_air,DANN-UDA,0.2,23
125,0.00042667853995226324,0.6674004793167114,0.6678271293640137,1.0,0.7692307692307693,0.7621621621621621,0.6739130434782609,D4_semi_day1_val_day2_3,three_class_with_air,DANN-UDA,0.2,23
130,0.00019022273772861809,0.6486721038818359,0.6488623023033142,1.0,0.8076923076923077,0.7783783783783784,0.7391304347826086,D4_semi_day1_val_day2_3,three_class_with_air,DANN-UDA,0.2,23
135,0.000383251637686044,0.5941810011863708,0.5945642590522766,1.0,0.8461538461538461,0.8054054054054054,0.7608695652173914,D4_semi_day1_val_day2_3,three_class_with_air,DANN-UDA,0.2,23
140,0.0011556983226910233,0.563127338886261,0.564283013343811,1.0,0.8461538461538461,0.7945945945945946,0.7391304347826086,D4_semi_day1_val_day2_3,three_class_with_air,DANN-UDA,0.2,23
145,0.00010588033910607919,0.5271896123886108,0.5272954702377319,1.0,0.8461538461538461,0.7837837837837838,0.7391304347826086,D4_semi_day1_val_day2_3,three_class_with_air,DANN-UDA,0.2,23
150,7.91245765867643e-05,0.5521746873855591,0.552253782749176,1.0,0.8076923076923077,0.7351351351351352,0.7391304347826086,D4_semi_day1_val_day2_3,three_class_with_air,DANN-UDA,0.2,23
155,0.0007926708203740418,0.6092077493667603,0.6100004315376282,1.0,0.8846153846153846,0.745945945945946,0.6086956521739131,D4_semi_day1_val_day2_3,three_class_with_air,DANN-UDA,0.2,23
160,0.001112882629968226,0.6664355397224426,0.667548418045044,1.0,0.8846153846153846,0.7567567567567568,0.5869565217391305,D4_semi_day1_val_day2_3,three_class_with_air,DANN-UDA,0.2,23
165,0.003399869427084923,0.7300033569335938,0.733403205871582,1.0,0.8076923076923077,0.745945945945946,0.5434782608695652,D4_semi_day1_val_day2_3,three_class_with_air,DANN-UDA,0.2,23
170,7.721512520220131e-05,0.7050490975379944,0.7051262855529785,1.0,0.8461538461538461,0.7675675675675676,0.5869565217391305,D4_semi_day1_val_day2_3,three_class_with_air,DANN-UDA,0.2,23
175,0.015772314742207527,0.6877130270004272,0.703485369682312,1.0,0.8846153846153846,0.7783783783783784,0.6739130434782609,D4_semi_day1_val_day2_3,three_class_with_air,DANN-UDA,0.2,23
180,5.691456681233831e-05,0.6477210521697998,0.6477779746055603,1.0,0.8846153846153846,0.7837837837837838,0.6739130434782609,D4_semi_day1_val_day2_3,three_class_with_air,DANN-UDA,0.2,23
185,8.492977940477431e-05,0.6235744953155518,0.6236594319343567,1.0,0.9230769230769231,0.7783783783783784,0.6739130434782609,D4_semi_day1_val_day2_3,three_class_with_air,DANN-UDA,0.2,23
190,0.2926309108734131,0.6096558570861816,0.9022867679595947,1.0,0.8846153846153846,0.7405405405405405,0.6956521739130435,D4_semi_day1_val_day2_3,three_class_with_air,DANN-UDA,0.2,23
195,0.002006172202527523,0.6042765974998474,0.6062827706336975,1.0,0.8461538461538461,0.745945945945946,0.717391304347826,D4_semi_day1_val_day2_3,three_class_with_air,DANN-UDA,0.2,23
200,0.0004953117459081113,0.5937361717224121,0.5942314863204956,1.0,0.9230769230769231,0.772972972972973,0.717391304347826,D4_semi_day1_val_day2_3,three_class_with_air,DANN-UDA,0.2,23
205,0.00041135685751214623,0.5962124466896057,0.5966237783432007,1.0,0.9230769230769231,0.7945945945945946,0.6304347826086957,D4_semi_day1_val_day2_3,three_class_with_air,DANN-UDA,0.2,23
210,0.0005807742127217352,0.6038780808448792,0.6044588685035706,1.0,0.9230769230769231,0.8324324324324325,0.6521739130434783,D4_semi_day1_val_day2_3,three_class_with_air,DANN-UDA,0.2,23
215,9.460069122724235e-05,0.6150415539741516,0.6151361465454102,1.0,0.9230769230769231,0.8432432432432433,0.6521739130434783,D4_semi_day1_val_day2_3,three_class_with_air,DANN-UDA,0.2,23
220,0.00012494920520111918,0.5971298813819885,0.5972548127174377,1.0,0.9615384615384616,0.8648648648648649,0.6521739130434783,D4_semi_day1_val_day2_3,three_class_with_air,DANN-UDA,0.2,23
225,0.00026934637571685016,0.5860269665718079,0.5862963199615479,1.0,0.9615384615384616,0.8648648648648649,0.6739130434782609,D4_semi_day1_val_day2_3,three_class_with_air,DANN-UDA,0.2,23
230,0.00011670391540974379,0.5795133709907532,0.5796300768852234,1.0,0.9615384615384616,0.8486486486486486,0.6739130434782609,D4_semi_day1_val_day2_3,three_class_with_air,DANN-UDA,0.2,23
235,0.0001225024607265368,0.5744569301605225,0.5745794177055359,1.0,0.8846153846153846,0.8324324324324325,0.6956521739130435,D4_semi_day1_val_day2_3,three_class_with_air,DANN-UDA,0.2,23
240,2.112231231876649e-05,0.5890244245529175,0.589045524597168,1.0,0.8461538461538461,0.8108108108108109,0.6521739130434783,D4_semi_day1_val_day2_3,three_class_with_air,DANN-UDA,0.2,23
245,0.00152445281855762,0.6169800758361816,0.618504524230957,1.0,0.8461538461538461,0.7945945945945946,0.6521739130434783,D4_semi_day1_val_day2_3,three_class_with_air,DANN-UDA,0.2,23
250,0.0012943270849063993,0.6428933143615723,0.6441876292228699,1.0,0.8461538461538461,0.7891891891891892,0.6739130434782609,D4_semi_day1_val_day2_3,three_class_with_air,DANN-UDA,0.2,23
255,0.00047207725583575666,0.5988554954528809,0.599327564239502,1.0,0.8461538461538461,0.8054054054054054,0.6956521739130435,D4_semi_day1_val_day2_3,three_class_with_air,DANN-UDA,0.2,23
260,0.0009003879386000335,0.6227973699569702,0.6236977577209473,1.0,0.9230769230769231,0.827027027027027,0.6956521739130435,D4_semi_day1_val_day2_3,three_class_with_air,DANN-UDA,0.2,23
265,0.0006243893294595182,0.6282962560653687,0.6289206743240356,1.0,0.9230769230769231,0.8324324324324325,0.6521739130434783,D4_semi_day1_val_day2_3,three_class_with_air,DANN-UDA,0.2,23
270,9.347612649435177e-05,0.6500537395477295,0.6501471996307373,1.0,0.8461538461538461,0.8216216216216217,0.6521739130434783,D4_semi_day1_val_day2_3,three_class_with_air,DANN-UDA,0.2,23
275,2.4709665012778714e-05,0.6882621645927429,0.6882869005203247,1.0,0.8461538461538461,0.8162162162162162,0.5869565217391305,D4_semi_day1_val_day2_3,three_class_with_air,DANN-UDA,0.2,23
280,6.28112320555374e-05,0.6630886793136597,0.6631515026092529,1.0,0.7692307692307693,0.7837837837837838,0.6304347826086957,D4_semi_day1_val_day2_3,three_class_with_air,DANN-UDA,0.2,23
285,0.002638856414705515,0.6553177833557129,0.6579566597938538,1.0,0.7692307692307693,0.7567567567567568,0.6304347826086957,D4_semi_day1_val_day2_3,three_class_with_air,DANN-UDA,0.2,23
290,0.0004931084695272148,0.6382498741149902,0.638742983341217,1.0,0.8846153846153846,0.8324324324324325,0.6086956521739131,D4_semi_day1_val_day2_3,three_class_with_air,DANN-UDA,0.2,23
295,0.0008042570552788675,0.6250008344650269,0.6258050799369812,1.0,0.8846153846153846,0.8594594594594595,0.6304347826086957,D4_semi_day1_val_day2_3,three_class_with_air,DANN-UDA,0.2,23
300,0.0007992574828676879,0.6257154941558838,0.626514732837677,1.0,0.8846153846153846,0.8486486486486486,0.6304347826086957,D4_semi_day1_val_day2_3,three_class_with_air,DANN-UDA,0.2,23
305,0.0003804382577072829,0.6307620406150818,0.6311424970626831,1.0,0.8846153846153846,0.8432432432432433,0.6304347826086957,D4_semi_day1_val_day2_3,three_class_with_air,DANN-UDA,0.2,23
310,0.0004942626692354679,0.6459215879440308,0.6464158296585083,1.0,0.8076923076923077,0.7189189189189189,0.6521739130434783,D4_semi_day1_val_day2_3,three_class_with_air,DANN-UDA,0.2,23
315,0.00033638745662756264,0.639143168926239,0.6394795775413513,1.0,0.8846153846153846,0.8432432432432433,0.6521739130434783,D4_semi_day1_val_day2_3,three_class_with_air,DANN-UDA,0.2,23
320,0.02348337136209011,0.6462265849113464,0.6697099804878235,1.0,0.8846153846153846,0.8162162162162162,0.6304347826086957,D4_semi_day1_val_day2_3,three_class_with_air,DANN-UDA,0.2,23
325,0.05082348361611366,0.6410080194473267,0.6918315291404724,1.0,0.8846153846153846,0.8108108108108109,0.6521739130434783,D4_semi_day1_val_day2_3,three_class_with_air,DANN-UDA,0.2,23
330,0.0005846296553499997,0.629343569278717,0.6299281716346741,1.0,0.8076923076923077,0.7891891891891892,0.6521739130434783,D4_semi_day1_val_day2_3,three_class_with_air,DANN-UDA,0.2,23
335,0.000216598084080033,0.6247203946113586,0.6249369978904724,1.0,0.8461538461538461,0.7945945945945946,0.6304347826086957,D4_semi_day1_val_day2_3,three_class_with_air,DANN-UDA,0.2,23
340,0.07330567389726639,0.6339393854141235,0.7072450518608093,1.0,0.8846153846153846,0.7891891891891892,0.6521739130434783,D4_semi_day1_val_day2_3,three_class_with_air,DANN-UDA,0.2,23
345,0.00023728418454993516,0.6236605644226074,0.6238978505134583,1.0,0.8846153846153846,0.7891891891891892,0.6304347826086957,D4_semi_day1_val_day2_3,three_class_with_air,DANN-UDA,0.2,23
350,0.028716005384922028,0.6259903311729431,0.6547063589096069,1.0,0.8846153846153846,0.7837837837837838,0.6521739130434783,D4_semi_day1_val_day2_3,three_class_with_air,DANN-UDA,0.2,23
355,0.010318872518837452,0.6271371245384216,0.6374559998512268,1.0,0.8846153846153846,0.7837837837837838,0.6521739130434783,D4_semi_day1_val_day2_3,three_class_with_air,DANN-UDA,0.2,23
360,0.001708947354927659,0.6147701144218445,0.6164790391921997,1.0,0.8846153846153846,0.7945945945945946,0.6739130434782609,D4_semi_day1_val_day2_3,three_class_with_air,DANN-UDA,0.2,23
365,0.001050299033522606,0.6012539863586426,0.6023042798042297,1.0,0.9615384615384616,0.7891891891891892,0.6956521739130435,D4_semi_day1_val_day2_3,three_class_with_air,DANN-UDA,0.2,23
370,0.004366812761873007,0.5962141156196594,0.6005809307098389,1.0,0.9615384615384616,0.8054054054054054,0.6956521739130435,D4_semi_day1_val_day2_3,three_class_with_air,DANN-UDA,0.2,23
375,0.00011252419790253043,0.585637629032135,0.585750162601471,1.0,0.9615384615384616,0.8,0.6739130434782609,D4_semi_day1_val_day2_3,three_class_with_air,DANN-UDA,0.2,23
380,0.0001857783063314855,0.5665139555931091,0.566699743270874,1.0,0.9615384615384616,0.772972972972973,0.717391304347826,D4_semi_day1_val_day2_3,three_class_with_air,DANN-UDA,0.2,23
385,0.0024310462176799774,0.5526474714279175,0.5550785064697266,1.0,0.9615384615384616,0.7621621621621621,0.717391304347826,D4_semi_day1_val_day2_3,three_class_with_air,DANN-UDA,0.2,23
390,3.1260267860488966e-05,0.6288779973983765,0.6289092302322388,1.0,0.9615384615384616,0.8,0.6521739130434783,D4_semi_day1_val_day2_3,three_class_with_air,DANN-UDA,0.2,23
395,0.0002732813300099224,0.7753246426582336,0.7755979299545288,1.0,0.9615384615384616,0.8108108108108109,0.6521739130434783,D4_semi_day1_val_day2_3,three_class_with_air,DANN-UDA,0.2,23
400,0.08889953047037125,0.6782187819480896,0.7671183347702026,1.0,0.9615384615384616,0.8324324324324325,0.6521739130434783,D4_semi_day1_val_day2_3,three_class_with_air,DANN-UDA,0.2,23
1,1.0810282230377197,0.0,1.0810282230377197,0.5434782608695652,0.34615384615384615,0.3891891891891892,0.6086956521739131,D4_semi_day1_val_day2_3,three_class_with_air,MLP source + target labels,0.0,23
5,0.7824807167053223,0.0,0.7824807167053223,0.5652173913043478,0.4230769230769231,0.4702702702702703,0.6739130434782609,D4_semi_day1_val_day2_3,three_class_with_air,MLP source + target labels,0.0,23
10,0.5480205416679382,0.0,0.5480205416679382,0.7608695652173914,0.7307692307692307,0.6432432432432432,0.5652173913043478,D4_semi_day1_val_day2_3,three_class_with_air,MLP source + target labels,0.0,23
15,0.36723560094833374,0.0,0.36723560094833374,0.8695652173913043,0.9230769230769231,0.8162162162162162,0.5652173913043478,D4_semi_day1_val_day2_3,three_class_with_air,MLP source + target labels,0.0,23
20,0.20442014932632446,0.0,0.20442014932632446,0.9130434782608695,0.9615384615384616,0.8486486486486486,0.6304347826086957,D4_semi_day1_val_day2_3,three_class_with_air,MLP source + target labels,0.0,23
25,0.12598316371440887,0.0,0.12598316371440887,0.9782608695652174,0.9615384615384616,0.8594594594594595,0.6086956521739131,D4_semi_day1_val_day2_3,three_class_with_air,MLP source + target labels,0.0,23
30,0.06552054733037949,0.0,0.06552054733037949,1.0,0.9615384615384616,0.8432432432432433,0.5217391304347826,D4_semi_day1_val_day2_3,three_class_with_air,MLP source + target labels,0.0,23
35,0.02307344228029251,0.0,0.02307344228029251,1.0,0.9615384615384616,0.8324324324324325,0.43478260869565216,D4_semi_day1_val_day2_3,three_class_with_air,MLP source + target labels,0.0,23
40,0.013496085070073605,0.0,0.013496085070073605,1.0,0.9230769230769231,0.8162162162162162,0.43478260869565216,D4_semi_day1_val_day2_3,three_class_with_air,MLP source + target labels,0.0,23
45,0.019238274544477463,0.0,0.019238274544477463,1.0,0.8846153846153846,0.8054054054054054,0.391304347826087,D4_semi_day1_val_day2_3,three_class_with_air,MLP source + target labels,0.0,23
50,0.0023504833225160837,0.0,0.0023504833225160837,1.0,0.8846153846153846,0.7945945945945946,0.43478260869565216,D4_semi_day1_val_day2_3,three_class_with_air,MLP source + target labels,0.0,23
55,0.011215758509933949,0.0,0.011215758509933949,1.0,0.8846153846153846,0.7891891891891892,0.391304347826087,D4_semi_day1_val_day2_3,three_class_with_air,MLP source + target labels,0.0,23
60,0.0014111354248598218,0.0,0.0014111354248598218,1.0,0.8846153846153846,0.8,0.391304347826087,D4_semi_day1_val_day2_3,three_class_with_air,MLP source + target labels,0.0,23
65,0.0009522440377622843,0.0,0.0009522440377622843,1.0,0.8846153846153846,0.7891891891891892,0.41304347826086957,D4_semi_day1_val_day2_3,three_class_with_air,MLP source + target labels,0.0,23
70,0.008596634492278099,0.0,0.008596634492278099,1.0,0.8846153846153846,0.7945945945945946,0.41304347826086957,D4_semi_day1_val_day2_3,three_class_with_air,MLP source + target labels,0.0,23
75,0.005954842083156109,0.0,0.005954842083156109,1.0,0.8846153846153846,0.8162162162162162,0.45652173913043476,D4_semi_day1_val_day2_3,three_class_with_air,MLP source + target labels,0.0,23
80,0.03818808123469353,0.0,0.03818808123469353,1.0,0.8846153846153846,0.8108108108108109,0.43478260869565216,D4_semi_day1_val_day2_3,three_class_with_air,MLP source + target labels,0.0,23
85,0.006567667238414288,0.0,0.006567667238414288,1.0,0.9230769230769231,0.8,0.3695652173913043,D4_semi_day1_val_day2_3,three_class_with_air,MLP source + target labels,0.0,23
90,0.0039045079611241817,0.0,0.0039045079611241817,1.0,0.9230769230769231,0.8,0.41304347826086957,D4_semi_day1_val_day2_3,three_class_with_air,MLP source + target labels,0.0,23
95,0.003906585276126862,0.0,0.003906585276126862,1.0,0.8846153846153846,0.7945945945945946,0.41304347826086957,D4_semi_day1_val_day2_3,three_class_with_air,MLP source + target labels,0.0,23
100,0.000997793860733509,0.0,0.000997793860733509,1.0,0.8461538461538461,0.7945945945945946,0.391304347826087,D4_semi_day1_val_day2_3,three_class_with_air,MLP source + target labels,0.0,23
105,0.0022106636315584183,0.0,0.0022106636315584183,1.0,0.9230769230769231,0.8,0.391304347826087,D4_semi_day1_val_day2_3,three_class_with_air,MLP source + target labels,0.0,23
110,0.0009346414590254426,0.0,0.0009346414590254426,1.0,0.9230769230769231,0.8108108108108109,0.391304347826087,D4_semi_day1_val_day2_3,three_class_with_air,MLP source + target labels,0.0,23
115,0.00027876737294718623,0.0,0.00027876737294718623,1.0,0.9230769230769231,0.7945945945945946,0.3695652173913043,D4_semi_day1_val_day2_3,three_class_with_air,MLP source + target labels,0.0,23
120,0.0005679088644683361,0.0,0.0005679088644683361,1.0,0.9230769230769231,0.7891891891891892,0.3695652173913043,D4_semi_day1_val_day2_3,three_class_with_air,MLP source + target labels,0.0,23
125,0.00019902843632735312,0.0,0.00019902843632735312,1.0,0.9230769230769231,0.7945945945945946,0.3695652173913043,D4_semi_day1_val_day2_3,three_class_with_air,MLP source + target labels,0.0,23
130,0.00031867556390352547,0.0,0.00031867556390352547,1.0,0.9230769230769231,0.7945945945945946,0.3695652173913043,D4_semi_day1_val_day2_3,three_class_with_air,MLP source + target labels,0.0,23
135,7.807677320670336e-05,0.0,7.807677320670336e-05,1.0,0.9230769230769231,0.7945945945945946,0.3695652173913043,D4_semi_day1_val_day2_3,three_class_with_air,MLP source + target labels,0.0,23
140,0.00045367208076640964,0.0,0.00045367208076640964,1.0,0.9230769230769231,0.7945945945945946,0.3695652173913043,D4_semi_day1_val_day2_3,three_class_with_air,MLP source + target labels,0.0,23
145,0.0005841320962645113,0.0,0.0005841320962645113,1.0,0.9230769230769231,0.7891891891891892,0.3695652173913043,D4_semi_day1_val_day2_3,three_class_with_air,MLP source + target labels,0.0,23
150,0.0005611594533547759,0.0,0.0005611594533547759,1.0,0.9230769230769231,0.7891891891891892,0.3695652173913043,D4_semi_day1_val_day2_3,three_class_with_air,MLP source + target labels,0.0,23
155,0.0004219774855300784,0.0,0.0004219774855300784,1.0,0.9230769230769231,0.8,0.391304347826087,D4_semi_day1_val_day2_3,three_class_with_air,MLP source + target labels,0.0,23
160,0.0006411988870240748,0.0,0.0006411988870240748,1.0,0.8846153846153846,0.7945945945945946,0.3695652173913043,D4_semi_day1_val_day2_3,three_class_with_air,MLP source + target labels,0.0,23
165,0.001016325200907886,0.0,0.001016325200907886,1.0,0.8461538461538461,0.7945945945945946,0.3695652173913043,D4_semi_day1_val_day2_3,three_class_with_air,MLP source + target labels,0.0,23
170,0.0005807575071230531,0.0,0.0005807575071230531,1.0,0.8461538461538461,0.7891891891891892,0.3695652173913043,D4_semi_day1_val_day2_3,three_class_with_air,MLP source + target labels,0.0,23
175,0.0004575644852593541,0.0,0.0004575644852593541,1.0,0.8076923076923077,0.7891891891891892,0.3695652173913043,D4_semi_day1_val_day2_3,three_class_with_air,MLP source + target labels,0.0,23
180,0.0005069533945061266,0.0,0.0005069533945061266,1.0,0.8461538461538461,0.7891891891891892,0.391304347826087,D4_semi_day1_val_day2_3,three_class_with_air,MLP source + target labels,0.0,23
185,0.00024109554942697287,0.0,0.00024109554942697287,1.0,0.8461538461538461,0.7891891891891892,0.41304347826086957,D4_semi_day1_val_day2_3,three_class_with_air,MLP source + target labels,0.0,23
190,0.0003918198053725064,0.0,0.0003918198053725064,1.0,0.8461538461538461,0.7891891891891892,0.41304347826086957,D4_semi_day1_val_day2_3,three_class_with_air,MLP source + target labels,0.0,23
195,7.093199383234605e-05,0.0,7.093199383234605e-05,1.0,0.8846153846153846,0.7891891891891892,0.41304347826086957,D4_semi_day1_val_day2_3,three_class_with_air,MLP source + target labels,0.0,23
200,0.0014397911727428436,0.0,0.0014397911727428436,1.0,0.9230769230769231,0.7945945945945946,0.41304347826086957,D4_semi_day1_val_day2_3,three_class_with_air,MLP source + target labels,0.0,23
205,0.0006523523479700089,0.0,0.0006523523479700089,1.0,0.9615384615384616,0.8108108108108109,0.41304347826086957,D4_semi_day1_val_day2_3,three_class_with_air,MLP source + target labels,0.0,23
210,0.0005443872651085258,0.0,0.0005443872651085258,1.0,0.9615384615384616,0.7891891891891892,0.391304347826087,D4_semi_day1_val_day2_3,three_class_with_air,MLP source + target labels,0.0,23
215,0.0008361897780559957,0.0,0.0008361897780559957,1.0,0.9230769230769231,0.8,0.391304347826087,D4_semi_day1_val_day2_3,three_class_with_air,MLP source + target labels,0.0,23
220,0.0003187194524798542,0.0,0.0003187194524798542,1.0,0.9230769230769231,0.8162162162162162,0.3695652173913043,D4_semi_day1_val_day2_3,three_class_with_air,MLP source + target labels,0.0,23
225,0.0001894401211757213,0.0,0.0001894401211757213,1.0,0.9615384615384616,0.8216216216216217,0.3695652173913043,D4_semi_day1_val_day2_3,three_class_with_air,MLP source + target labels,0.0,23
230,0.0003066807985305786,0.0,0.0003066807985305786,1.0,0.9615384615384616,0.8216216216216217,0.3695652173913043,D4_semi_day1_val_day2_3,three_class_with_air,MLP source + target labels,0.0,23
235,0.01021141279488802,0.0,0.01021141279488802,1.0,0.8461538461538461,0.7891891891891892,0.43478260869565216,D4_semi_day1_val_day2_3,three_class_with_air,MLP source + target labels,0.0,23
240,0.00018309321603737772,0.0,0.00018309321603737772,1.0,0.8461538461538461,0.8054054054054054,0.391304347826087,D4_semi_day1_val_day2_3,three_class_with_air,MLP source + target labels,0.0,23
245,0.0002326137328054756,0.0,0.0002326137328054756,1.0,0.8461538461538461,0.8108108108108109,0.391304347826087,D4_semi_day1_val_day2_3,three_class_with_air,MLP source + target labels,0.0,23
250,7.436170562868938e-05,0.0,7.436170562868938e-05,1.0,0.8461538461538461,0.8054054054054054,0.391304347826087,D4_semi_day1_val_day2_3,three_class_with_air,MLP source + target labels,0.0,23
255,0.0015348322922363877,0.0,0.0015348322922363877,1.0,0.8461538461538461,0.8,0.3695652173913043,D4_semi_day1_val_day2_3,three_class_with_air,MLP source + target labels,0.0,23
260,0.000648158136755228,0.0,0.000648158136755228,1.0,0.8076923076923077,0.8,0.391304347826087,D4_semi_day1_val_day2_3,three_class_with_air,MLP source + target labels,0.0,23
265,8.46517868922092e-05,0.0,8.46517868922092e-05,1.0,0.8076923076923077,0.7945945945945946,0.391304347826087,D4_semi_day1_val_day2_3,three_class_with_air,MLP source + target labels,0.0,23
270,0.0011900209356099367,0.0,0.0011900209356099367,1.0,0.8076923076923077,0.7891891891891892,0.391304347826087,D4_semi_day1_val_day2_3,three_class_with_air,MLP source + target labels,0.0,23
275,0.0004082754603587091,0.0,0.0004082754603587091,1.0,0.8076923076923077,0.7891891891891892,0.391304347826087,D4_semi_day1_val_day2_3,three_class_with_air,MLP source + target labels,0.0,23
280,7.634635403519496e-05,0.0,7.634635403519496e-05,1.0,0.8076923076923077,0.7837837837837838,0.391304347826087,D4_semi_day1_val_day2_3,three_class_with_air,MLP source + target labels,0.0,23
285,0.003226671600714326,0.0,0.003226671600714326,1.0,0.8076923076923077,0.7783783783783784,0.3695652173913043,D4_semi_day1_val_day2_3,three_class_with_air,MLP source + target labels,0.0,23
290,7.514763274230063e-05,0.0,7.514763274230063e-05,1.0,0.8846153846153846,0.8,0.391304347826087,D4_semi_day1_val_day2_3,three_class_with_air,MLP source + target labels,0.0,23
295,0.00031660194508731365,0.0,0.00031660194508731365,1.0,0.8846153846153846,0.8108108108108109,0.391304347826087,D4_semi_day1_val_day2_3,three_class_with_air,MLP source + target labels,0.0,23
300,8.843690011417493e-05,0.0,8.843690011417493e-05,1.0,0.9230769230769231,0.8054054054054054,0.391304347826087,D4_semi_day1_val_day2_3,three_class_with_air,MLP source + target labels,0.0,23
305,3.331743573653512e-05,0.0,3.331743573653512e-05,1.0,0.8461538461538461,0.7837837837837838,0.3695652173913043,D4_semi_day1_val_day2_3,three_class_with_air,MLP source + target labels,0.0,23
310,0.00043992933933623135,0.0,0.00043992933933623135,1.0,0.8846153846153846,0.7837837837837838,0.3695652173913043,D4_semi_day1_val_day2_3,three_class_with_air,MLP source + target labels,0.0,23
315,0.0003988918906543404,0.0,0.0003988918906543404,1.0,0.8846153846153846,0.7837837837837838,0.3695652173913043,D4_semi_day1_val_day2_3,three_class_with_air,MLP source + target labels,0.0,23
320,0.0001867132232291624,0.0,0.0001867132232291624,1.0,0.8846153846153846,0.7891891891891892,0.391304347826087,D4_semi_day1_val_day2_3,three_class_with_air,MLP source + target labels,0.0,23
325,8.2391758041922e-05,0.0,8.2391758041922e-05,1.0,0.8846153846153846,0.8,0.41304347826086957,D4_semi_day1_val_day2_3,three_class_with_air,MLP source + target labels,0.0,23
330,0.0012811239575967193,0.0,0.0012811239575967193,1.0,0.8846153846153846,0.8108108108108109,0.41304347826086957,D4_semi_day1_val_day2_3,three_class_with_air,MLP source + target labels,0.0,23
335,0.0003743366978596896,0.0,0.0003743366978596896,1.0,0.8461538461538461,0.8,0.41304347826086957,D4_semi_day1_val_day2_3,three_class_with_air,MLP source + target labels,0.0,23
340,2.293226498295553e-05,0.0,2.293226498295553e-05,1.0,0.8461538461538461,0.7945945945945946,0.391304347826087,D4_semi_day1_val_day2_3,three_class_with_air,MLP source + target labels,0.0,23
345,0.0018793630879372358,0.0,0.0018793630879372358,1.0,0.8461538461538461,0.7945945945945946,0.391304347826087,D4_semi_day1_val_day2_3,three_class_with_air,MLP source + target labels,0.0,23
350,0.0004887892282567918,0.0,0.0004887892282567918,1.0,0.8461538461538461,0.7945945945945946,0.391304347826087,D4_semi_day1_val_day2_3,three_class_with_air,MLP source + target labels,0.0,23
355,6.112217670306563e-05,0.0,6.112217670306563e-05,1.0,0.8461538461538461,0.7891891891891892,0.391304347826087,D4_semi_day1_val_day2_3,three_class_with_air,MLP source + target labels,0.0,23
360,2.073879113595467e-05,0.0,2.073879113595467e-05,1.0,0.8461538461538461,0.7891891891891892,0.391304347826087,D4_semi_day1_val_day2_3,three_class_with_air,MLP source + target labels,0.0,23
365,2.3665361368330196e-05,0.0,2.3665361368330196e-05,1.0,0.8461538461538461,0.7891891891891892,0.391304347826087,D4_semi_day1_val_day2_3,three_class_with_air,MLP source + target labels,0.0,23
370,2.216516077169217e-05,0.0,2.216516077169217e-05,1.0,0.8461538461538461,0.7945945945945946,0.391304347826087,D4_semi_day1_val_day2_3,three_class_with_air,MLP source + target labels,0.0,23
375,1.9744442397495732e-05,0.0,1.9744442397495732e-05,1.0,0.8461538461538461,0.8,0.391304347826087,D4_semi_day1_val_day2_3,three_class_with_air,MLP source + target labels,0.0,23
380,0.00016993768804240972,0.0,0.00016993768804240972,1.0,0.8461538461538461,0.7837837837837838,0.391304347826087,D4_semi_day1_val_day2_3,three_class_with_air,MLP source + target labels,0.0,23
385,0.0002084102452499792,0.0,0.0002084102452499792,1.0,0.9615384615384616,0.8540540540540541,0.43478260869565216,D4_semi_day1_val_day2_3,three_class_with_air,MLP source + target labels,0.0,23
390,0.017761796712875366,0.0,0.017761796712875366,1.0,0.8846153846153846,0.827027027027027,0.391304347826087,D4_semi_day1_val_day2_3,three_class_with_air,MLP source + target labels,0.0,23
395,0.00013857462909072638,0.0,0.00013857462909072638,1.0,0.6923076923076923,0.7513513513513513,0.391304347826087,D4_semi_day1_val_day2_3,three_class_with_air,MLP source + target labels,0.0,23
400,0.0005193086108192801,0.0,0.0005193086108192801,1.0,0.6923076923076923,0.7297297297297297,0.3695652173913043,D4_semi_day1_val_day2_3,three_class_with_air,MLP source + target labels,0.0,23
1,1.0810282230377197,0.6865841150283813,1.767612338066101,0.5434782608695652,0.34615384615384615,0.3891891891891892,0.6521739130434783,D4_semi_day1_val_day2_3,three_class_with_air,DANN-semi,0.2,23
5,0.7836534976959229,0.6534324884414673,1.4370859861373901,0.5869565217391305,0.4230769230769231,0.4648648648648649,0.6521739130434783,D4_semi_day1_val_day2_3,three_class_with_air,DANN-semi,0.2,23
10,0.5614067912101746,0.6434351205825806,1.2048418521881104,0.7608695652173914,0.6923076923076923,0.6378378378378379,0.6521739130434783,D4_semi_day1_val_day2_3,three_class_with_air,DANN-semi,0.2,23
15,0.38077569007873535,0.620609700679779,1.0013854503631592,0.9130434782608695,0.9230769230769231,0.827027027027027,0.7608695652173914,D4_semi_day1_val_day2_3,three_class_with_air,DANN-semi,0.2,23
20,0.19800998270511627,0.6368811726570129,0.834891140460968,0.9565217391304348,0.9615384615384616,0.8540540540540541,0.6304347826086957,D4_semi_day1_val_day2_3,three_class_with_air,DANN-semi,0.2,23
25,0.09578675031661987,0.6294999122619629,0.7252866625785828,1.0,0.9615384615384616,0.8216216216216217,0.6521739130434783,D4_semi_day1_val_day2_3,three_class_with_air,DANN-semi,0.2,23
30,0.047078825533390045,0.628828227519989,0.6759070754051208,1.0,0.9230769230769231,0.8162162162162162,0.5869565217391305,D4_semi_day1_val_day2_3,three_class_with_air,DANN-semi,0.2,23
35,0.014934159815311432,0.6183723211288452,0.6333065032958984,1.0,0.9230769230769231,0.7945945945945946,0.6521739130434783,D4_semi_day1_val_day2_3,three_class_with_air,DANN-semi,0.2,23
40,0.0073559703305363655,0.6206119656562805,0.6279679536819458,1.0,0.9230769230769231,0.7783783783783784,0.6956521739130435,D4_semi_day1_val_day2_3,three_class_with_air,DANN-semi,0.2,23
45,0.004160347394645214,0.5914410352706909,0.5956013798713684,1.0,0.9230769230769231,0.7675675675675676,0.6956521739130435,D4_semi_day1_val_day2_3,three_class_with_air,DANN-semi,0.2,23
50,0.026301169767975807,0.5170626640319824,0.5433638095855713,1.0,0.8461538461538461,0.7621621621621621,0.717391304347826,D4_semi_day1_val_day2_3,three_class_with_air,DANN-semi,0.2,23
55,0.011302130296826363,0.5296573042869568,0.5409594178199768,1.0,0.8846153846153846,0.8,0.782608695652174,D4_semi_day1_val_day2_3,three_class_with_air,DANN-semi,0.2,23
60,0.018910154700279236,0.5066079497337341,0.5255181193351746,1.0,0.9230769230769231,0.7945945945945946,0.717391304347826,D4_semi_day1_val_day2_3,three_class_with_air,DANN-semi,0.2,23
65,0.0012964626075699925,0.638144314289093,0.6394407749176025,1.0,0.8076923076923077,0.7567567567567568,0.717391304347826,D4_semi_day1_val_day2_3,three_class_with_air,DANN-semi,0.2,23
70,0.00496731186285615,0.830971896648407,0.8359392285346985,1.0,0.9615384615384616,0.8216216216216217,0.6956521739130435,D4_semi_day1_val_day2_3,three_class_with_air,DANN-semi,0.2,23
75,0.0023544628638774157,0.8907870650291443,0.893141508102417,1.0,0.9615384615384616,0.8918918918918919,0.6739130434782609,D4_semi_day1_val_day2_3,three_class_with_air,DANN-semi,0.2,23
80,0.002972082234919071,0.7573163509368896,0.760288417339325,1.0,0.9615384615384616,0.9135135135135135,0.5869565217391305,D4_semi_day1_val_day2_3,three_class_with_air,DANN-semi,0.2,23
85,0.005128816701471806,0.6696113348007202,0.6747401356697083,1.0,1.0,0.8540540540540541,0.6739130434782609,D4_semi_day1_val_day2_3,three_class_with_air,DANN-semi,0.2,23
90,0.000978776253759861,0.5657436847686768,0.5667224526405334,1.0,0.9615384615384616,0.8702702702702703,0.7391304347826086,D4_semi_day1_val_day2_3,three_class_with_air,DANN-semi,0.2,23
95,0.001804057159461081,0.5710247159004211,0.5728287696838379,1.0,0.9615384615384616,0.8702702702702703,0.717391304347826,D4_semi_day1_val_day2_3,three_class_with_air,DANN-semi,0.2,23
100,0.0033598069567233324,0.528727650642395,0.5320874452590942,1.0,0.9615384615384616,0.8594594594594595,0.7608695652173914,D4_semi_day1_val_day2_3,three_class_with_air,DANN-semi,0.2,23
105,0.0016813274705782533,0.5483196377754211,0.5500009655952454,1.0,0.9615384615384616,0.8594594594594595,0.7608695652173914,D4_semi_day1_val_day2_3,three_class_with_air,DANN-semi,0.2,23
110,0.0007594159687869251,0.6041272878646851,0.6048867106437683,1.0,0.9615384615384616,0.8648648648648649,0.6739130434782609,D4_semi_day1_val_day2_3,three_class_with_air,DANN-semi,0.2,23
115,0.0011597078992053866,0.7273884415626526,0.7285481691360474,1.0,1.0,0.8702702702702703,0.6304347826086957,D4_semi_day1_val_day2_3,three_class_with_air,DANN-semi,0.2,23
120,0.003797153476625681,0.7416861057281494,0.7454832792282104,1.0,1.0,0.8702702702702703,0.6521739130434783,D4_semi_day1_val_day2_3,three_class_with_air,DANN-semi,0.2,23
125,0.011602649465203285,0.6313310861587524,0.64293372631073,1.0,1.0,0.8648648648648649,0.5869565217391305,D4_semi_day1_val_day2_3,three_class_with_air,DANN-semi,0.2,23
130,0.0008673493866808712,0.6298179030418396,0.6306852698326111,1.0,1.0,0.8756756756756757,0.5869565217391305,D4_semi_day1_val_day2_3,three_class_with_air,DANN-semi,0.2,23
135,0.013478076085448265,0.6232398152351379,0.6367179155349731,1.0,0.9615384615384616,0.918918918918919,0.6521739130434783,D4_semi_day1_val_day2_3,three_class_with_air,DANN-semi,0.2,23
140,0.0010131911840289831,0.6075552105903625,0.6085684299468994,1.0,1.0,0.8648648648648649,0.5869565217391305,D4_semi_day1_val_day2_3,three_class_with_air,DANN-semi,0.2,23
145,0.0021012567449361086,0.6072102189064026,0.6093114614486694,1.0,0.9615384615384616,0.8162162162162162,0.6739130434782609,D4_semi_day1_val_day2_3,three_class_with_air,DANN-semi,0.2,23
150,0.06294343620538712,0.5865439176559448,0.6494873762130737,1.0,0.9615384615384616,0.8486486486486486,0.717391304347826,D4_semi_day1_val_day2_3,three_class_with_air,DANN-semi,0.2,23
155,0.0033741709776222706,0.5621605515480042,0.5655347108840942,1.0,0.9615384615384616,0.8702702702702703,0.6739130434782609,D4_semi_day1_val_day2_3,three_class_with_air,DANN-semi,0.2,23
160,0.004654296208173037,0.5712489485740662,0.5759032368659973,1.0,0.8846153846153846,0.8378378378378378,0.6739130434782609,D4_semi_day1_val_day2_3,three_class_with_air,DANN-semi,0.2,23
165,0.0020723436027765274,0.5729255676269531,0.5749979019165039,1.0,0.8846153846153846,0.827027027027027,0.6956521739130435,D4_semi_day1_val_day2_3,three_class_with_air,DANN-semi,0.2,23
170,5.5607590184081346e-05,0.6400790810585022,0.6401346921920776,1.0,0.8461538461538461,0.8108108108108109,0.6739130434782609,D4_semi_day1_val_day2_3,three_class_with_air,DANN-semi,0.2,23
175,0.005506073124706745,0.7084997296333313,0.7140058279037476,1.0,0.8846153846153846,0.7891891891891892,0.6739130434782609,D4_semi_day1_val_day2_3,three_class_with_air,DANN-semi,0.2,23
180,0.07320118695497513,0.6503117084503174,0.7235128879547119,1.0,0.9230769230769231,0.8486486486486486,0.6956521739130435,D4_semi_day1_val_day2_3,three_class_with_air,DANN-semi,0.2,23
185,0.011210404336452484,0.5858888030052185,0.5970991849899292,1.0,0.9615384615384616,0.8486486486486486,0.7608695652173914,D4_semi_day1_val_day2_3,three_class_with_air,DANN-semi,0.2,23
190,8.287887612823397e-05,0.6394405364990234,0.6395233869552612,1.0,0.9615384615384616,0.8432432432432433,0.6956521739130435,D4_semi_day1_val_day2_3,three_class_with_air,DANN-semi,0.2,23
195,0.0009494080441072583,0.6373733878135681,0.6383227705955505,1.0,0.9230769230769231,0.7891891891891892,0.6521739130434783,D4_semi_day1_val_day2_3,three_class_with_air,DANN-semi,0.2,23
200,0.0001909786806209013,0.6671310663223267,0.667322039604187,1.0,0.8846153846153846,0.8162162162162162,0.5652173913043478,D4_semi_day1_val_day2_3,three_class_with_air,DANN-semi,0.2,23
205,7.613904745085165e-05,0.7228035926818848,0.7228797078132629,1.0,0.8461538461538461,0.8054054054054054,0.6739130434782609,D4_semi_day1_val_day2_3,three_class_with_air,DANN-semi,0.2,23
210,7.844381616450846e-05,0.6503151059150696,0.650393545627594,1.0,0.8076923076923077,0.8,0.6956521739130435,D4_semi_day1_val_day2_3,three_class_with_air,DANN-semi,0.2,23
215,7.175489008659497e-05,0.6351283192634583,0.6352000832557678,1.0,0.8076923076923077,0.7945945945945946,0.717391304347826,D4_semi_day1_val_day2_3,three_class_with_air,DANN-semi,0.2,23
220,0.00031462256447412074,0.575396716594696,0.5757113099098206,1.0,0.8076923076923077,0.7675675675675676,0.717391304347826,D4_semi_day1_val_day2_3,three_class_with_air,DANN-semi,0.2,23
225,2.83845656667836e-05,0.5850570797920227,0.5850854516029358,1.0,0.8076923076923077,0.7675675675675676,0.6956521739130435,D4_semi_day1_val_day2_3,three_class_with_air,DANN-semi,0.2,23
230,0.001701434375718236,0.548873245716095,0.5505746603012085,1.0,0.8076923076923077,0.7621621621621621,0.7391304347826086,D4_semi_day1_val_day2_3,three_class_with_air,DANN-semi,0.2,23
235,0.000563642883207649,0.5373045206069946,0.5378681421279907,1.0,0.9615384615384616,0.8594594594594595,0.6956521739130435,D4_semi_day1_val_day2_3,three_class_with_air,DANN-semi,0.2,23
240,0.0004293031815905124,0.5644745230674744,0.5649038553237915,1.0,0.9230769230769231,0.8702702702702703,0.6956521739130435,D4_semi_day1_val_day2_3,three_class_with_air,DANN-semi,0.2,23
245,0.0005298410542309284,0.5658804178237915,0.5664102435112,1.0,0.8846153846153846,0.8702702702702703,0.7391304347826086,D4_semi_day1_val_day2_3,three_class_with_air,DANN-semi,0.2,23
250,0.0016226291190832853,0.5595099329948425,0.561132550239563,1.0,0.9615384615384616,0.8810810810810811,0.6956521739130435,D4_semi_day1_val_day2_3,three_class_with_air,DANN-semi,0.2,23
255,0.00012103004701202735,0.5909783840179443,0.5910994410514832,1.0,0.9230769230769231,0.8432432432432433,0.6739130434782609,D4_semi_day1_val_day2_3,three_class_with_air,DANN-semi,0.2,23
260,0.0016614880878478289,0.6572140455245972,0.6588755249977112,1.0,0.9230769230769231,0.7891891891891892,0.6086956521739131,D4_semi_day1_val_day2_3,three_class_with_air,DANN-semi,0.2,23
265,0.0028386118356138468,0.6453275084495544,0.6481661200523376,1.0,0.8846153846153846,0.8162162162162162,0.6086956521739131,D4_semi_day1_val_day2_3,three_class_with_air,DANN-semi,0.2,23
270,0.00038040365325286984,0.7009251713752747,0.7013055682182312,1.0,0.8846153846153846,0.8216216216216217,0.6086956521739131,D4_semi_day1_val_day2_3,three_class_with_air,DANN-semi,0.2,23
275,0.00019254846847616136,0.7112679481506348,0.7114604711532593,1.0,0.8076923076923077,0.8324324324324325,0.5434782608695652,D4_semi_day1_val_day2_3,three_class_with_air,DANN-semi,0.2,23
280,0.007428907323628664,0.7174767851829529,0.7249056696891785,1.0,0.8076923076923077,0.8324324324324325,0.6739130434782609,D4_semi_day1_val_day2_3,three_class_with_air,DANN-semi,0.2,23
285,2.820168992911931e-05,0.6194137334823608,0.6194419264793396,1.0,0.8076923076923077,0.8,0.6521739130434783,D4_semi_day1_val_day2_3,three_class_with_air,DANN-semi,0.2,23
290,0.0013485091039910913,0.5789386630058289,0.5802871584892273,1.0,0.8076923076923077,0.7945945945945946,0.6304347826086957,D4_semi_day1_val_day2_3,three_class_with_air,DANN-semi,0.2,23
295,6.571430276380852e-06,0.5768214464187622,0.5768280029296875,1.0,0.8076923076923077,0.8216216216216217,0.7608695652173914,D4_semi_day1_val_day2_3,three_class_with_air,DANN-semi,0.2,23
300,4.53291941084899e-05,0.5714826583862305,0.5715279579162598,1.0,0.8076923076923077,0.7945945945945946,0.717391304347826,D4_semi_day1_val_day2_3,three_class_with_air,DANN-semi,0.2,23
305,3.3257010727538727e-06,0.5506793856620789,0.5506827235221863,1.0,0.7692307692307693,0.7945945945945946,0.717391304347826,D4_semi_day1_val_day2_3,three_class_with_air,DANN-semi,0.2,23
310,0.11435516923666,0.5626623034477234,0.6770174503326416,1.0,0.6923076923076923,0.7675675675675676,0.7608695652173914,D4_semi_day1_val_day2_3,three_class_with_air,DANN-semi,0.2,23
315,0.00019308393530081958,0.5523799061775208,0.5525729656219482,1.0,0.7307692307692307,0.772972972972973,0.782608695652174,D4_semi_day1_val_day2_3,three_class_with_air,DANN-semi,0.2,23
320,0.0014516263036057353,0.6302873492240906,0.6317389607429504,1.0,0.6923076923076923,0.772972972972973,0.6956521739130435,D4_semi_day1_val_day2_3,three_class_with_air,DANN-semi,0.2,23
325,0.0010385725181549788,0.6281450986862183,0.6291836500167847,1.0,0.6923076923076923,0.7837837837837838,0.6739130434782609,D4_semi_day1_val_day2_3,three_class_with_air,DANN-semi,0.2,23
330,0.0003905028570443392,0.6460014581680298,0.6463919878005981,1.0,0.7692307692307693,0.7891891891891892,0.6304347826086957,D4_semi_day1_val_day2_3,three_class_with_air,DANN-semi,0.2,23
335,0.0813307836651802,0.6360518932342529,0.7173826694488525,1.0,0.8461538461538461,0.772972972972973,0.6304347826086957,D4_semi_day1_val_day2_3,three_class_with_air,DANN-semi,0.2,23
340,0.00041738475556485355,0.6305827498435974,0.6310001611709595,1.0,0.8461538461538461,0.7405405405405405,0.6521739130434783,D4_semi_day1_val_day2_3,three_class_with_air,DANN-semi,0.2,23
345,0.00010924763046205044,0.6288632750511169,0.6289725303649902,1.0,0.8461538461538461,0.8324324324324325,0.6086956521739131,D4_semi_day1_val_day2_3,three_class_with_air,DANN-semi,0.2,23
350,6.083701737225056e-05,0.5718264579772949,0.5718873143196106,1.0,0.9230769230769231,0.8432432432432433,0.717391304347826,D4_semi_day1_val_day2_3,three_class_with_air,DANN-semi,0.2,23
355,0.00031695302459411323,0.560823917388916,0.5611408948898315,1.0,0.9615384615384616,0.8486486486486486,0.6521739130434783,D4_semi_day1_val_day2_3,three_class_with_air,DANN-semi,0.2,23
360,0.0002451077743899077,0.554568886756897,0.5548139810562134,1.0,0.9615384615384616,0.8486486486486486,0.6956521739130435,D4_semi_day1_val_day2_3,three_class_with_air,DANN-semi,0.2,23
365,1.0226480299024843e-05,0.5492407083511353,0.5492509603500366,1.0,0.9615384615384616,0.8594594594594595,0.6739130434782609,D4_semi_day1_val_day2_3,three_class_with_air,DANN-semi,0.2,23
370,1.907501973619219e-05,0.5820370316505432,0.5820561051368713,1.0,0.9615384615384616,0.8702702702702703,0.6739130434782609,D4_semi_day1_val_day2_3,three_class_with_air,DANN-semi,0.2,23
375,7.277873464772711e-06,0.5867003798484802,0.5867076516151428,1.0,0.9615384615384616,0.8810810810810811,0.6086956521739131,D4_semi_day1_val_day2_3,three_class_with_air,DANN-semi,0.2,23
380,8.59386709635146e-05,0.6195802688598633,0.6196662187576294,1.0,0.9615384615384616,0.8810810810810811,0.6304347826086957,D4_semi_day1_val_day2_3,three_class_with_air,DANN-semi,0.2,23
385,1.8980585082317702e-05,0.6574119329452515,0.65743088722229,1.0,0.9615384615384616,0.8810810810810811,0.6086956521739131,D4_semi_day1_val_day2_3,three_class_with_air,DANN-semi,0.2,23
390,7.397860463242978e-05,0.6942965984344482,0.6943705677986145,1.0,1.0,0.8756756756756757,0.5869565217391305,D4_semi_day1_val_day2_3,three_class_with_air,DANN-semi,0.2,23
395,4.0153350710170344e-05,0.703656017780304,0.7036961913108826,1.0,1.0,0.8756756756756757,0.6304347826086957,D4_semi_day1_val_day2_3,three_class_with_air,DANN-semi,0.2,23
400,5.8232195442542434e-05,0.6655561923980713,0.6656144261360168,1.0,1.0,0.8810810810810811,0.6739130434782609,D4_semi_day1_val_day2_3,three_class_with_air,DANN-semi,0.2,23
1,0.6966328024864197,0.0,0.6966328024864197,0.875,0.5,0.6076923076923076,0.6764705882352942,D4_semi_day1_val_day2_3,binary_without_air,MLP source only,0.0,7
5,0.43914994597435,0.0,0.43914994597435,0.7916666666666666,0.5,0.676923076923077,0.38235294117647056,D4_semi_day1_val_day2_3,binary_without_air,MLP source only,0.0,7
10,0.26973289251327515,0.0,0.26973289251327515,0.9583333333333334,0.65,0.8153846153846154,0.4117647058823529,D4_semi_day1_val_day2_3,binary_without_air,MLP source only,0.0,7
15,0.15067265927791595,0.0,0.15067265927791595,0.9583333333333334,0.8,0.8461538461538461,0.5588235294117647,D4_semi_day1_val_day2_3,binary_without_air,MLP source only,0.0,7
20,0.1086861714720726,0.0,0.1086861714720726,1.0,0.7,0.8076923076923077,0.5294117647058824,D4_semi_day1_val_day2_3,binary_without_air,MLP source only,0.0,7
25,0.012826425023376942,0.0,0.012826425023376942,1.0,0.8,0.8076923076923077,0.4117647058823529,D4_semi_day1_val_day2_3,binary_without_air,MLP source only,0.0,7
30,0.004643980413675308,0.0,0.004643980413675308,1.0,0.95,0.9,0.3235294117647059,D4_semi_day1_val_day2_3,binary_without_air,MLP source only,0.0,7
35,0.0018735346384346485,0.0,0.0018735346384346485,1.0,0.95,0.8923076923076924,0.35294117647058826,D4_semi_day1_val_day2_3,binary_without_air,MLP source only,0.0,7
40,0.0007801837637089193,0.0,0.0007801837637089193,1.0,0.95,0.8923076923076924,0.38235294117647056,D4_semi_day1_val_day2_3,binary_without_air,MLP source only,0.0,7
45,0.0003854637034237385,0.0,0.0003854637034237385,1.0,0.95,0.9,0.4117647058823529,D4_semi_day1_val_day2_3,binary_without_air,MLP source only,0.0,7
50,0.0002895667857956141,0.0,0.0002895667857956141,1.0,0.95,0.9,0.38235294117647056,D4_semi_day1_val_day2_3,binary_without_air,MLP source only,0.0,7
55,0.006689830217510462,0.0,0.006689830217510462,1.0,0.95,0.9307692307692308,0.5294117647058824,D4_semi_day1_val_day2_3,binary_without_air,MLP source only,0.0,7
60,0.00032117715454660356,0.0,0.00032117715454660356,1.0,0.95,0.8692307692307693,0.4117647058823529,D4_semi_day1_val_day2_3,binary_without_air,MLP source only,0.0,7
65,0.00031056394800543785,0.0,0.00031056394800543785,1.0,0.95,0.8538461538461538,0.35294117647058826,D4_semi_day1_val_day2_3,binary_without_air,MLP source only,0.0,7
70,0.0005900331307202578,0.0,0.0005900331307202578,1.0,0.95,0.8615384615384616,0.35294117647058826,D4_semi_day1_val_day2_3,binary_without_air,MLP source only,0.0,7
75,0.04159707948565483,0.0,0.04159707948565483,1.0,0.95,0.8615384615384616,0.35294117647058826,D4_semi_day1_val_day2_3,binary_without_air,MLP source only,0.0,7
80,0.0483301542699337,0.0,0.0483301542699337,1.0,1.0,0.9153846153846154,0.3235294117647059,D4_semi_day1_val_day2_3,binary_without_air,MLP source only,0.0,7
85,0.0008014558698050678,0.0,0.0008014558698050678,1.0,1.0,0.8615384615384616,0.35294117647058826,D4_semi_day1_val_day2_3,binary_without_air,MLP source only,0.0,7
90,0.0003349317703396082,0.0,0.0003349317703396082,1.0,1.0,0.8538461538461538,0.3235294117647059,D4_semi_day1_val_day2_3,binary_without_air,MLP source only,0.0,7
95,0.0008959621773101389,0.0,0.0008959621773101389,1.0,1.0,0.8692307692307693,0.3235294117647059,D4_semi_day1_val_day2_3,binary_without_air,MLP source only,0.0,7
100,0.0011075566289946437,0.0,0.0011075566289946437,1.0,1.0,0.8846153846153846,0.3235294117647059,D4_semi_day1_val_day2_3,binary_without_air,MLP source only,0.0,7
105,0.001959638437256217,0.0,0.001959638437256217,1.0,1.0,0.9461538461538461,0.29411764705882354,D4_semi_day1_val_day2_3,binary_without_air,MLP source only,0.0,7
110,0.000606250949203968,0.0,0.000606250949203968,1.0,1.0,0.9538461538461539,0.29411764705882354,D4_semi_day1_val_day2_3,binary_without_air,MLP source only,0.0,7
115,0.00327837816439569,0.0,0.00327837816439569,1.0,1.0,0.9538461538461539,0.29411764705882354,D4_semi_day1_val_day2_3,binary_without_air,MLP source only,0.0,7
120,0.0002603977045509964,0.0,0.0002603977045509964,1.0,1.0,0.8846153846153846,0.3235294117647059,D4_semi_day1_val_day2_3,binary_without_air,MLP source only,0.0,7
125,0.0001166226647910662,0.0,0.0001166226647910662,1.0,0.95,0.8615384615384616,0.3235294117647059,D4_semi_day1_val_day2_3,binary_without_air,MLP source only,0.0,7
130,0.00018473819363862276,0.0,0.00018473819363862276,1.0,0.95,0.8615384615384616,0.38235294117647056,D4_semi_day1_val_day2_3,binary_without_air,MLP source only,0.0,7
135,8.329209958901629e-05,0.0,8.329209958901629e-05,1.0,0.95,0.8538461538461538,0.38235294117647056,D4_semi_day1_val_day2_3,binary_without_air,MLP source only,0.0,7
140,0.00020018381474073976,0.0,0.00020018381474073976,1.0,0.95,0.8615384615384616,0.35294117647058826,D4_semi_day1_val_day2_3,binary_without_air,MLP source only,0.0,7
145,3.277422729297541e-05,0.0,3.277422729297541e-05,1.0,0.95,0.8615384615384616,0.35294117647058826,D4_semi_day1_val_day2_3,binary_without_air,MLP source only,0.0,7
150,3.5610188206192106e-05,0.0,3.5610188206192106e-05,1.0,0.95,0.8615384615384616,0.38235294117647056,D4_semi_day1_val_day2_3,binary_without_air,MLP source only,0.0,7
155,6.0125908930785954e-05,0.0,6.0125908930785954e-05,1.0,0.95,0.8615384615384616,0.38235294117647056,D4_semi_day1_val_day2_3,binary_without_air,MLP source only,0.0,7
160,0.00010350273078074679,0.0,0.00010350273078074679,1.0,0.95,0.8846153846153846,0.35294117647058826,D4_semi_day1_val_day2_3,binary_without_air,MLP source only,0.0,7
165,0.00464747054502368,0.0,0.00464747054502368,1.0,0.95,0.9076923076923077,0.47058823529411764,D4_semi_day1_val_day2_3,binary_without_air,MLP source only,0.0,7
170,9.061204764293507e-05,0.0,9.061204764293507e-05,1.0,0.95,0.8846153846153846,0.47058823529411764,D4_semi_day1_val_day2_3,binary_without_air,MLP source only,0.0,7
175,0.00021054460376035422,0.0,0.00021054460376035422,1.0,0.95,0.8615384615384616,0.35294117647058826,D4_semi_day1_val_day2_3,binary_without_air,MLP source only,0.0,7
180,0.00013232376659289002,0.0,0.00013232376659289002,1.0,0.95,0.8615384615384616,0.35294117647058826,D4_semi_day1_val_day2_3,binary_without_air,MLP source only,0.0,7
185,0.00013760750880464911,0.0,0.00013760750880464911,1.0,0.95,0.8615384615384616,0.35294117647058826,D4_semi_day1_val_day2_3,binary_without_air,MLP source only,0.0,7
190,0.0001275459653697908,0.0,0.0001275459653697908,1.0,0.95,0.8615384615384616,0.35294117647058826,D4_semi_day1_val_day2_3,binary_without_air,MLP source only,0.0,7
195,0.0001508296118117869,0.0,0.0001508296118117869,1.0,0.95,0.8615384615384616,0.35294117647058826,D4_semi_day1_val_day2_3,binary_without_air,MLP source only,0.0,7
200,5.087469980935566e-05,0.0,5.087469980935566e-05,1.0,0.95,0.8615384615384616,0.35294117647058826,D4_semi_day1_val_day2_3,binary_without_air,MLP source only,0.0,7
205,3.0191164114512503e-05,0.0,3.0191164114512503e-05,1.0,0.95,0.8846153846153846,0.35294117647058826,D4_semi_day1_val_day2_3,binary_without_air,MLP source only,0.0,7
210,3.7604524550260976e-05,0.0,3.7604524550260976e-05,1.0,0.95,0.8923076923076924,0.3235294117647059,D4_semi_day1_val_day2_3,binary_without_air,MLP source only,0.0,7
215,3.0922525183996186e-05,0.0,3.0922525183996186e-05,1.0,0.95,0.9,0.3235294117647059,D4_semi_day1_val_day2_3,binary_without_air,MLP source only,0.0,7
220,1.4920434296072926e-05,0.0,1.4920434296072926e-05,1.0,0.95,0.9,0.3235294117647059,D4_semi_day1_val_day2_3,binary_without_air,MLP source only,0.0,7
225,0.00010265165474265814,0.0,0.00010265165474265814,1.0,0.95,0.9,0.3235294117647059,D4_semi_day1_val_day2_3,binary_without_air,MLP source only,0.0,7
230,2.1172289052628912e-05,0.0,2.1172289052628912e-05,1.0,0.95,0.9,0.29411764705882354,D4_semi_day1_val_day2_3,binary_without_air,MLP source only,0.0,7
235,1.4066237781662494e-05,0.0,1.4066237781662494e-05,1.0,0.95,0.9,0.29411764705882354,D4_semi_day1_val_day2_3,binary_without_air,MLP source only,0.0,7
240,3.892070890287869e-05,0.0,3.892070890287869e-05,1.0,0.95,0.9,0.29411764705882354,D4_semi_day1_val_day2_3,binary_without_air,MLP source only,0.0,7
245,0.00013300149294082075,0.0,0.00013300149294082075,1.0,0.95,0.9,0.29411764705882354,D4_semi_day1_val_day2_3,binary_without_air,MLP source only,0.0,7
250,0.00013929972192272544,0.0,0.00013929972192272544,1.0,0.95,0.8923076923076924,0.3235294117647059,D4_semi_day1_val_day2_3,binary_without_air,MLP source only,0.0,7
255,1.2938751751789823e-05,0.0,1.2938751751789823e-05,1.0,0.95,0.8846153846153846,0.3235294117647059,D4_semi_day1_val_day2_3,binary_without_air,MLP source only,0.0,7
260,1.676801184657961e-05,0.0,1.676801184657961e-05,1.0,0.95,0.8846153846153846,0.3235294117647059,D4_semi_day1_val_day2_3,binary_without_air,MLP source only,0.0,7
265,4.283021917217411e-05,0.0,4.283021917217411e-05,1.0,0.95,0.8692307692307693,0.3235294117647059,D4_semi_day1_val_day2_3,binary_without_air,MLP source only,0.0,7
270,4.274925959180109e-05,0.0,4.274925959180109e-05,1.0,0.95,0.8692307692307693,0.3235294117647059,D4_semi_day1_val_day2_3,binary_without_air,MLP source only,0.0,7
275,2.7504147510626353e-05,0.0,2.7504147510626353e-05,1.0,0.95,0.8692307692307693,0.3235294117647059,D4_semi_day1_val_day2_3,binary_without_air,MLP source only,0.0,7
280,1.654463994782418e-05,0.0,1.654463994782418e-05,1.0,0.95,0.8692307692307693,0.3235294117647059,D4_semi_day1_val_day2_3,binary_without_air,MLP source only,0.0,7
285,1.823206912376918e-05,0.0,1.823206912376918e-05,1.0,0.95,0.8615384615384616,0.29411764705882354,D4_semi_day1_val_day2_3,binary_without_air,MLP source only,0.0,7
290,1.2317878827161621e-05,0.0,1.2317878827161621e-05,1.0,0.95,0.8461538461538461,0.29411764705882354,D4_semi_day1_val_day2_3,binary_without_air,MLP source only,0.0,7
295,1.63957283803029e-05,0.0,1.63957283803029e-05,1.0,0.95,0.8461538461538461,0.29411764705882354,D4_semi_day1_val_day2_3,binary_without_air,MLP source only,0.0,7
300,7.386307697743177e-05,0.0,7.386307697743177e-05,1.0,0.95,0.8538461538461538,0.29411764705882354,D4_semi_day1_val_day2_3,binary_without_air,MLP source only,0.0,7
305,2.5498695322312415e-05,0.0,2.5498695322312415e-05,1.0,0.95,0.8615384615384616,0.29411764705882354,D4_semi_day1_val_day2_3,binary_without_air,MLP source only,0.0,7
310,1.0460343219165225e-05,0.0,1.0460343219165225e-05,1.0,0.95,0.8615384615384616,0.29411764705882354,D4_semi_day1_val_day2_3,binary_without_air,MLP source only,0.0,7
315,3.800366903305985e-05,0.0,3.800366903305985e-05,1.0,0.95,0.8615384615384616,0.29411764705882354,D4_semi_day1_val_day2_3,binary_without_air,MLP source only,0.0,7
320,1.2298092769924551e-05,0.0,1.2298092769924551e-05,1.0,0.95,0.8615384615384616,0.3235294117647059,D4_semi_day1_val_day2_3,binary_without_air,MLP source only,0.0,7
325,3.701996320160106e-05,0.0,3.701996320160106e-05,1.0,0.95,0.8615384615384616,0.3235294117647059,D4_semi_day1_val_day2_3,binary_without_air,MLP source only,0.0,7
330,1.909273305500392e-05,0.0,1.909273305500392e-05,1.0,0.95,0.8692307692307693,0.35294117647058826,D4_semi_day1_val_day2_3,binary_without_air,MLP source only,0.0,7
335,7.327087951125577e-05,0.0,7.327087951125577e-05,1.0,0.95,0.8692307692307693,0.35294117647058826,D4_semi_day1_val_day2_3,binary_without_air,MLP source only,0.0,7
340,4.4815318688051775e-05,0.0,4.4815318688051775e-05,1.0,0.95,0.8692307692307693,0.35294117647058826,D4_semi_day1_val_day2_3,binary_without_air,MLP source only,0.0,7
345,4.123459802940488e-05,0.0,4.123459802940488e-05,1.0,0.95,0.8692307692307693,0.35294117647058826,D4_semi_day1_val_day2_3,binary_without_air,MLP source only,0.0,7
350,1.2372584933473263e-05,0.0,1.2372584933473263e-05,1.0,0.95,0.8692307692307693,0.35294117647058826,D4_semi_day1_val_day2_3,binary_without_air,MLP source only,0.0,7
355,1.92168154171668e-05,0.0,1.92168154171668e-05,1.0,0.95,0.8615384615384616,0.35294117647058826,D4_semi_day1_val_day2_3,binary_without_air,MLP source only,0.0,7
360,0.00013223913265392184,0.0,0.00013223913265392184,1.0,0.95,0.8615384615384616,0.3235294117647059,D4_semi_day1_val_day2_3,binary_without_air,MLP source only,0.0,7
365,0.05218315124511719,0.0,0.05218315124511719,1.0,1.0,0.9,0.35294117647058826,D4_semi_day1_val_day2_3,binary_without_air,MLP source only,0.0,7
370,0.0009733524057082832,0.0,0.0009733524057082832,1.0,0.85,0.7846153846153846,0.29411764705882354,D4_semi_day1_val_day2_3,binary_without_air,MLP source only,0.0,7
375,0.00026304213679395616,0.0,0.00026304213679395616,1.0,0.8,0.8,0.29411764705882354,D4_semi_day1_val_day2_3,binary_without_air,MLP source only,0.0,7
380,0.00032167803146876395,0.0,0.00032167803146876395,1.0,0.85,0.8153846153846154,0.29411764705882354,D4_semi_day1_val_day2_3,binary_without_air,MLP source only,0.0,7
385,0.007112388964742422,0.0,0.007112388964742422,1.0,0.65,0.7230769230769231,0.29411764705882354,D4_semi_day1_val_day2_3,binary_without_air,MLP source only,0.0,7
390,0.010976512916386127,0.0,0.010976512916386127,1.0,0.9,0.8,0.29411764705882354,D4_semi_day1_val_day2_3,binary_without_air,MLP source only,0.0,7
395,0.00016466231318190694,0.0,0.00016466231318190694,1.0,0.95,0.823076923076923,0.35294117647058826,D4_semi_day1_val_day2_3,binary_without_air,MLP source only,0.0,7
400,3.5122149711241946e-05,0.0,3.5122149711241946e-05,1.0,1.0,0.8615384615384616,0.35294117647058826,D4_semi_day1_val_day2_3,binary_without_air,MLP source only,0.0,7
1,0.6966328024864197,0.6745131611824036,1.3711459636688232,0.875,0.45,0.5307692307692308,0.7058823529411765,D4_semi_day1_val_day2_3,binary_without_air,DANN-UDA,0.5,7
5,0.4381413757801056,0.6238881945610046,1.0620296001434326,0.7916666666666666,0.55,0.6692307692307692,0.7058823529411765,D4_semi_day1_val_day2_3,binary_without_air,DANN-UDA,0.5,7
10,0.24381108582019806,0.5474881529808044,0.7912992238998413,0.9583333333333334,0.75,0.8153846153846154,0.7058823529411765,D4_semi_day1_val_day2_3,binary_without_air,DANN-UDA,0.5,7
15,0.10751274973154068,0.6003439426422119,0.7078567147254944,0.9583333333333334,0.7,0.7923076923076923,0.6764705882352942,D4_semi_day1_val_day2_3,binary_without_air,DANN-UDA,0.5,7
20,0.06770499050617218,0.7144810557365417,0.7821860313415527,1.0,0.8,0.7923076923076923,0.6764705882352942,D4_semi_day1_val_day2_3,binary_without_air,DANN-UDA,0.5,7
25,0.0135783851146698,0.6571634411811829,0.6707417964935303,1.0,0.95,0.9307692307692308,0.6470588235294118,D4_semi_day1_val_day2_3,binary_without_air,DANN-UDA,0.5,7
30,0.051521044224500656,0.9352562427520752,0.9867773056030273,1.0,0.85,0.8,0.47058823529411764,D4_semi_day1_val_day2_3,binary_without_air,DANN-UDA,0.5,7
35,0.002818063134327531,0.7202398180961609,0.7230578660964966,1.0,0.85,0.823076923076923,0.7058823529411765,D4_semi_day1_val_day2_3,binary_without_air,DANN-UDA,0.5,7
40,0.0007148406584747136,0.6890464425086975,0.6897612810134888,1.0,0.85,0.823076923076923,0.5882352941176471,D4_semi_day1_val_day2_3,binary_without_air,DANN-UDA,0.5,7
45,0.0017988901818171144,0.6808478832244873,0.6826467514038086,1.0,0.8,0.8076923076923077,0.6764705882352942,D4_semi_day1_val_day2_3,binary_without_air,DANN-UDA,0.5,7
50,0.0021066220942884684,0.6229146718978882,0.6250212788581848,1.0,0.8,0.7923076923076923,0.8235294117647058,D4_semi_day1_val_day2_3,binary_without_air,DANN-UDA,0.5,7
55,0.003268561325967312,0.5351565480232239,0.538425087928772,1.0,0.8,0.7923076923076923,0.8823529411764706,D4_semi_day1_val_day2_3,binary_without_air,DANN-UDA,0.5,7
60,0.005087691824883223,0.6206561923027039,0.6257438659667969,1.0,0.8,0.7923076923076923,0.7352941176470589,D4_semi_day1_val_day2_3,binary_without_air,DANN-UDA,0.5,7
65,0.0015106600476428866,0.7102950215339661,0.7118057012557983,1.0,0.85,0.8,0.6176470588235294,D4_semi_day1_val_day2_3,binary_without_air,DANN-UDA,0.5,7
70,0.011250164359807968,0.9183377027511597,0.9295878410339355,1.0,0.9,0.7923076923076923,0.6176470588235294,D4_semi_day1_val_day2_3,binary_without_air,DANN-UDA,0.5,7
75,0.03834310173988342,1.0487070083618164,1.0870500802993774,1.0,0.95,0.8307692307692308,0.5882352941176471,D4_semi_day1_val_day2_3,binary_without_air,DANN-UDA,0.5,7
80,0.008605170994997025,1.4954789876937866,1.5040841102600098,1.0,0.8,0.8,0.3235294117647059,D4_semi_day1_val_day2_3,binary_without_air,DANN-UDA,0.5,7
85,0.006166351493448019,1.088679313659668,1.0948456525802612,1.0,0.85,0.823076923076923,0.6470588235294118,D4_semi_day1_val_day2_3,binary_without_air,DANN-UDA,0.5,7
90,0.02147591859102249,0.4046788513660431,0.426154762506485,1.0,0.8,0.7923076923076923,0.8823529411764706,D4_semi_day1_val_day2_3,binary_without_air,DANN-UDA,0.5,7
95,0.14644034206867218,0.3302444517612457,0.4766848087310791,1.0,0.9,0.8461538461538461,0.8823529411764706,D4_semi_day1_val_day2_3,binary_without_air,DANN-UDA,0.5,7
100,0.005694899708032608,0.3533216416835785,0.3590165376663208,1.0,0.95,0.9076923076923077,0.8529411764705882,D4_semi_day1_val_day2_3,binary_without_air,DANN-UDA,0.5,7
105,0.001651895814575255,0.4683626890182495,0.4700145721435547,1.0,0.95,0.8538461538461538,0.7941176470588235,D4_semi_day1_val_day2_3,binary_without_air,DANN-UDA,0.5,7
110,0.0007464354275725782,0.4427424967288971,0.4434889256954193,1.0,0.95,0.8384615384615385,0.8529411764705882,D4_semi_day1_val_day2_3,binary_without_air,DANN-UDA,0.5,7
115,0.0007931928266771138,0.39235255122184753,0.39314574003219604,1.0,0.9,0.8307692307692308,0.7941176470588235,D4_semi_day1_val_day2_3,binary_without_air,DANN-UDA,0.5,7
120,0.0004313732497394085,0.44201236963272095,0.44244372844696045,1.0,0.85,0.823076923076923,0.7941176470588235,D4_semi_day1_val_day2_3,binary_without_air,DANN-UDA,0.5,7
125,0.004502394702285528,0.40916407108306885,0.4136664569377899,1.0,0.85,0.823076923076923,0.7941176470588235,D4_semi_day1_val_day2_3,binary_without_air,DANN-UDA,0.5,7
130,0.04577581211924553,0.4697757959365845,0.5155516266822815,1.0,0.9,0.8461538461538461,0.7058823529411765,D4_semi_day1_val_day2_3,binary_without_air,DANN-UDA,0.5,7
135,0.0029688028153032064,0.4506390392780304,0.45360782742500305,1.0,0.85,0.8307692307692308,0.7058823529411765,D4_semi_day1_val_day2_3,binary_without_air,DANN-UDA,0.5,7
140,0.00017203930474352092,0.44350123405456543,0.4436732828617096,1.0,0.8,0.8076923076923077,0.7058823529411765,D4_semi_day1_val_day2_3,binary_without_air,DANN-UDA,0.5,7
145,8.867138967616484e-05,0.426833838224411,0.4269225001335144,1.0,0.75,0.7846153846153846,0.7058823529411765,D4_semi_day1_val_day2_3,binary_without_air,DANN-UDA,0.5,7
150,0.00033729360438883305,0.41269615292549133,0.41303345561027527,1.0,0.9,0.8076923076923077,0.7058823529411765,D4_semi_day1_val_day2_3,binary_without_air,DANN-UDA,0.5,7
155,0.0003094886487815529,0.38788533210754395,0.38819482922554016,1.0,0.9,0.8307692307692308,0.7058823529411765,D4_semi_day1_val_day2_3,binary_without_air,DANN-UDA,0.5,7
160,0.00025350908981636167,0.4031279385089874,0.40338143706321716,1.0,0.9,0.8307692307692308,0.7058823529411765,D4_semi_day1_val_day2_3,binary_without_air,DANN-UDA,0.5,7
165,0.0006291490863077343,0.41955485939979553,0.42018401622772217,1.0,0.9,0.8461538461538461,0.7058823529411765,D4_semi_day1_val_day2_3,binary_without_air,DANN-UDA,0.5,7
170,0.09998437017202377,0.4168662428855896,0.5168505907058716,1.0,0.9,0.8461538461538461,0.7058823529411765,D4_semi_day1_val_day2_3,binary_without_air,DANN-UDA,0.5,7
175,0.00029624218586832285,0.4560423195362091,0.4563385546207428,1.0,0.9,0.8076923076923077,0.7058823529411765,D4_semi_day1_val_day2_3,binary_without_air,DANN-UDA,0.5,7
180,0.00011076153168687597,0.4414721429347992,0.44158291816711426,1.0,0.9,0.8307692307692308,0.7647058823529411,D4_semi_day1_val_day2_3,binary_without_air,DANN-UDA,0.5,7
185,0.0027919821441173553,0.5188393592834473,0.5216313600540161,1.0,0.9,0.8538461538461538,0.7352941176470589,D4_semi_day1_val_day2_3,binary_without_air,DANN-UDA,0.5,7
190,0.015047564171254635,0.6197965741157532,0.6348441243171692,1.0,0.85,0.8538461538461538,0.7058823529411765,D4_semi_day1_val_day2_3,binary_without_air,DANN-UDA,0.5,7
195,0.00011593109229579568,0.7076997756958008,0.7078157067298889,1.0,0.85,0.8153846153846154,0.5588235294117647,D4_semi_day1_val_day2_3,binary_without_air,DANN-UDA,0.5,7
200,0.00012194703595014289,0.7625643014907837,0.7626862525939941,1.0,0.9,0.8615384615384616,0.6764705882352942,D4_semi_day1_val_day2_3,binary_without_air,DANN-UDA,0.5,7
205,0.003304791869595647,0.7259683609008789,0.7292731404304504,1.0,0.9,0.8307692307692308,0.7058823529411765,D4_semi_day1_val_day2_3,binary_without_air,DANN-UDA,0.5,7
210,6.043063694960438e-05,0.6455185413360596,0.6455789804458618,1.0,0.85,0.8153846153846154,0.7058823529411765,D4_semi_day1_val_day2_3,binary_without_air,DANN-UDA,0.5,7
215,0.012790166772902012,0.6178507804870605,0.6306409239768982,1.0,0.8,0.7846153846153846,0.7058823529411765,D4_semi_day1_val_day2_3,binary_without_air,DANN-UDA,0.5,7
220,0.0002975596289616078,0.6219756007194519,0.6222731471061707,1.0,0.8,0.7923076923076923,0.7058823529411765,D4_semi_day1_val_day2_3,binary_without_air,DANN-UDA,0.5,7
225,0.0001935637410497293,0.6003457903862,0.6005393266677856,1.0,0.8,0.8076923076923077,0.7058823529411765,D4_semi_day1_val_day2_3,binary_without_air,DANN-UDA,0.5,7
230,0.00029138941317796707,0.5994578003883362,0.5997492074966431,1.0,0.8,0.8076923076923077,0.7058823529411765,D4_semi_day1_val_day2_3,binary_without_air,DANN-UDA,0.5,7
235,3.2729363738326356e-05,0.59892338514328,0.5989561080932617,1.0,0.8,0.8076923076923077,0.7058823529411765,D4_semi_day1_val_day2_3,binary_without_air,DANN-UDA,0.5,7
240,0.00017147416656371206,0.5990225076675415,0.5991939902305603,1.0,0.8,0.8076923076923077,0.7058823529411765,D4_semi_day1_val_day2_3,binary_without_air,DANN-UDA,0.5,7
245,0.0013157184002920985,0.5967996120452881,0.5981153249740601,1.0,0.8,0.8076923076923077,0.7058823529411765,D4_semi_day1_val_day2_3,binary_without_air,DANN-UDA,0.5,7
250,0.00010769343498395756,0.5950860381126404,0.5951937437057495,1.0,0.8,0.8076923076923077,0.7058823529411765,D4_semi_day1_val_day2_3,binary_without_air,DANN-UDA,0.5,7
255,2.5890041797538288e-05,0.5908825993537903,0.5909084677696228,1.0,0.85,0.8076923076923077,0.7058823529411765,D4_semi_day1_val_day2_3,binary_without_air,DANN-UDA,0.5,7
260,0.000571797601878643,0.5852414965629578,0.5858132839202881,1.0,0.8,0.8076923076923077,0.7058823529411765,D4_semi_day1_val_day2_3,binary_without_air,DANN-UDA,0.5,7
265,1.9607958165579475e-05,0.5788846611976624,0.5789042711257935,1.0,0.85,0.8153846153846154,0.7058823529411765,D4_semi_day1_val_day2_3,binary_without_air,DANN-UDA,0.5,7
270,0.00010669926996342838,0.5738444924354553,0.5739511847496033,1.0,0.9,0.823076923076923,0.7058823529411765,D4_semi_day1_val_day2_3,binary_without_air,DANN-UDA,0.5,7
275,8.896330109564587e-05,0.54465252161026,0.5447415113449097,1.0,0.9,0.823076923076923,0.7058823529411765,D4_semi_day1_val_day2_3,binary_without_air,DANN-UDA,0.5,7
280,0.00015499642177019268,0.5383332371711731,0.5384882092475891,1.0,0.9,0.8307692307692308,0.7058823529411765,D4_semi_day1_val_day2_3,binary_without_air,DANN-UDA,0.5,7
285,0.00026602789876051247,0.5062242746353149,0.5064902901649475,1.0,0.9,0.8538461538461538,0.7058823529411765,D4_semi_day1_val_day2_3,binary_without_air,DANN-UDA,0.5,7
290,0.00027675231103785336,0.5044152140617371,0.5046919584274292,1.0,0.9,0.8538461538461538,0.7058823529411765,D4_semi_day1_val_day2_3,binary_without_air,DANN-UDA,0.5,7
295,0.00033074282691814005,0.4555867612361908,0.45591750741004944,1.0,0.9,0.8461538461538461,0.7058823529411765,D4_semi_day1_val_day2_3,binary_without_air,DANN-UDA,0.5,7
300,7.917778566479683e-05,0.4541225731372833,0.45420175790786743,1.0,0.95,0.8384615384615385,0.7058823529411765,D4_semi_day1_val_day2_3,binary_without_air,DANN-UDA,0.5,7
305,0.0005300359334796667,0.44741135835647583,0.447941392660141,1.0,0.9,0.8307692307692308,0.7058823529411765,D4_semi_day1_val_day2_3,binary_without_air,DANN-UDA,0.5,7
310,0.00016448163660243154,0.5203055739402771,0.5204700827598572,1.0,0.9,0.8307692307692308,0.7058823529411765,D4_semi_day1_val_day2_3,binary_without_air,DANN-UDA,0.5,7
315,1.590357715031132e-05,0.5134449601173401,0.5134608745574951,1.0,0.9,0.823076923076923,0.6470588235294118,D4_semi_day1_val_day2_3,binary_without_air,DANN-UDA,0.5,7
320,0.09323693066835403,0.7463822364807129,0.8396191596984863,1.0,0.9,0.823076923076923,0.5588235294117647,D4_semi_day1_val_day2_3,binary_without_air,DANN-UDA,0.5,7
325,9.337993560620816e-07,0.6647327542304993,0.6647337079048157,1.0,0.8,0.8,0.6176470588235294,D4_semi_day1_val_day2_3,binary_without_air,DANN-UDA,0.5,7
330,0.0012824005680158734,0.6477672457695007,0.6490496397018433,1.0,0.8,0.8,0.6176470588235294,D4_semi_day1_val_day2_3,binary_without_air,DANN-UDA,0.5,7
335,4.2716456505331735e-07,0.6103077530860901,0.6103081703186035,1.0,0.95,0.8307692307692308,0.7352941176470589,D4_semi_day1_val_day2_3,binary_without_air,DANN-UDA,0.5,7
340,4.967052902316027e-08,0.5459541082382202,0.545954167842865,1.0,0.95,0.8923076923076924,0.7941176470588235,D4_semi_day1_val_day2_3,binary_without_air,DANN-UDA,0.5,7
345,3.3228450320166303e-06,0.562110424041748,0.5621137619018555,1.0,0.95,0.9230769230769231,0.7941176470588235,D4_semi_day1_val_day2_3,binary_without_air,DANN-UDA,0.5,7
350,1.5191851161944214e-05,0.5078011155128479,0.5078163146972656,1.0,0.95,0.9307692307692308,0.7941176470588235,D4_semi_day1_val_day2_3,binary_without_air,DANN-UDA,0.5,7
355,5.978560875519179e-05,0.5363461971282959,0.5364059805870056,1.0,0.95,0.9461538461538461,0.7647058823529411,D4_semi_day1_val_day2_3,binary_without_air,DANN-UDA,0.5,7
360,1.2406781024765223e-05,0.5364434123039246,0.5364558100700378,1.0,0.95,0.9538461538461539,0.7647058823529411,D4_semi_day1_val_day2_3,binary_without_air,DANN-UDA,0.5,7
365,1.3410881365416571e-06,0.5518360733985901,0.5518373847007751,1.0,1.0,0.9615384615384616,0.7058823529411765,D4_semi_day1_val_day2_3,binary_without_air,DANN-UDA,0.5,7
370,5.831120233779075e-06,0.6142799258232117,0.6142857670783997,1.0,1.0,0.9615384615384616,0.7058823529411765,D4_semi_day1_val_day2_3,binary_without_air,DANN-UDA,0.5,7
375,5.622365279123187e-06,0.6134291887283325,0.6134347915649414,1.0,1.0,0.9692307692307692,0.7058823529411765,D4_semi_day1_val_day2_3,binary_without_air,DANN-UDA,0.5,7
380,2.716891685849987e-06,0.6114950180053711,0.6114977598190308,1.0,1.0,0.9615384615384616,0.7058823529411765,D4_semi_day1_val_day2_3,binary_without_air,DANN-UDA,0.5,7
385,2.130815801137942e-06,0.6094487309455872,0.6094508767127991,1.0,1.0,0.9615384615384616,0.7058823529411765,D4_semi_day1_val_day2_3,binary_without_air,DANN-UDA,0.5,7
390,1.1722107728928677e-06,0.6078143119812012,0.6078155040740967,1.0,1.0,0.9615384615384616,0.7058823529411765,D4_semi_day1_val_day2_3,binary_without_air,DANN-UDA,0.5,7
395,4.370992883195868e-07,0.6067389249801636,0.606739342212677,1.0,1.0,0.9538461538461539,0.7058823529411765,D4_semi_day1_val_day2_3,binary_without_air,DANN-UDA,0.5,7
400,8.543295280105667e-07,0.6061484217643738,0.6061492562294006,1.0,0.95,0.9384615384615385,0.7058823529411765,D4_semi_day1_val_day2_3,binary_without_air,DANN-UDA,0.5,7
1,0.7444543838500977,0.0,0.7444543838500977,0.8529411764705882,0.7,0.6846153846153846,0.29411764705882354,D4_semi_day1_val_day2_3,binary_without_air,MLP source + target labels,0.0,11
5,0.48232802748680115,0.0,0.48232802748680115,0.9117647058823529,0.75,0.6923076923076923,0.29411764705882354,D4_semi_day1_val_day2_3,binary_without_air,MLP source + target labels,0.0,11
10,0.24890299141407013,0.0,0.24890299141407013,0.9117647058823529,0.75,0.8384615384615385,0.29411764705882354,D4_semi_day1_val_day2_3,binary_without_air,MLP source + target labels,0.0,11
15,0.13145411014556885,0.0,0.13145411014556885,0.9705882352941176,0.8,0.8307692307692308,0.2647058823529412,D4_semi_day1_val_day2_3,binary_without_air,MLP source + target labels,0.0,11
20,0.055622827261686325,0.0,0.055622827261686325,1.0,0.9,0.8307692307692308,0.29411764705882354,D4_semi_day1_val_day2_3,binary_without_air,MLP source + target labels,0.0,11
25,0.03188752755522728,0.0,0.03188752755522728,1.0,0.85,0.8076923076923077,0.38235294117647056,D4_semi_day1_val_day2_3,binary_without_air,MLP source + target labels,0.0,11
30,0.0030314575415104628,0.0,0.0030314575415104628,1.0,0.8,0.7538461538461538,0.4411764705882353,D4_semi_day1_val_day2_3,binary_without_air,MLP source + target labels,0.0,11
35,0.0017252557445317507,0.0,0.0017252557445317507,1.0,0.85,0.7615384615384615,0.47058823529411764,D4_semi_day1_val_day2_3,binary_without_air,MLP source + target labels,0.0,11
40,0.00033322256058454514,0.0,0.00033322256058454514,1.0,0.9,0.8153846153846154,0.5588235294117647,D4_semi_day1_val_day2_3,binary_without_air,MLP source + target labels,0.0,11
45,0.0004000163753516972,0.0,0.0004000163753516972,1.0,0.95,0.823076923076923,0.6176470588235294,D4_semi_day1_val_day2_3,binary_without_air,MLP source + target labels,0.0,11
50,0.005710903089493513,0.0,0.005710903089493513,1.0,0.95,0.8461538461538461,0.6176470588235294,D4_semi_day1_val_day2_3,binary_without_air,MLP source + target labels,0.0,11
55,4.485561657929793e-05,0.0,4.485561657929793e-05,1.0,0.9,0.8076923076923077,0.6176470588235294,D4_semi_day1_val_day2_3,binary_without_air,MLP source + target labels,0.0,11
60,6.84168771840632e-05,0.0,6.84168771840632e-05,1.0,0.95,0.8384615384615385,0.5294117647058824,D4_semi_day1_val_day2_3,binary_without_air,MLP source + target labels,0.0,11
65,0.000327487476170063,0.0,0.000327487476170063,1.0,0.95,0.8461538461538461,0.5294117647058824,D4_semi_day1_val_day2_3,binary_without_air,MLP source + target labels,0.0,11
70,0.0002602497988846153,0.0,0.0002602497988846153,1.0,0.95,0.8461538461538461,0.5294117647058824,D4_semi_day1_val_day2_3,binary_without_air,MLP source + target labels,0.0,11
75,5.115075327921659e-05,0.0,5.115075327921659e-05,1.0,0.95,0.8461538461538461,0.5,D4_semi_day1_val_day2_3,binary_without_air,MLP source + target labels,0.0,11
80,0.00033100356813520193,0.0,0.00033100356813520193,1.0,0.95,0.8538461538461538,0.5,D4_semi_day1_val_day2_3,binary_without_air,MLP source + target labels,0.0,11
85,0.003314423142001033,0.0,0.003314423142001033,1.0,0.9,0.7923076923076923,0.47058823529411764,D4_semi_day1_val_day2_3,binary_without_air,MLP source + target labels,0.0,11
90,7.985823322087526e-05,0.0,7.985823322087526e-05,1.0,0.9,0.7769230769230769,0.47058823529411764,D4_semi_day1_val_day2_3,binary_without_air,MLP source + target labels,0.0,11
95,0.00013199450040701777,0.0,0.00013199450040701777,1.0,0.9,0.7846153846153846,0.4411764705882353,D4_semi_day1_val_day2_3,binary_without_air,MLP source + target labels,0.0,11
100,0.00015267965500243008,0.0,0.00015267965500243008,1.0,0.9,0.7846153846153846,0.4411764705882353,D4_semi_day1_val_day2_3,binary_without_air,MLP source + target labels,0.0,11
105,4.694030212704092e-05,0.0,4.694030212704092e-05,1.0,0.9,0.7846153846153846,0.4411764705882353,D4_semi_day1_val_day2_3,binary_without_air,MLP source + target labels,0.0,11
110,0.00023445161059498787,0.0,0.00023445161059498787,1.0,0.9,0.7846153846153846,0.4117647058823529,D4_semi_day1_val_day2_3,binary_without_air,MLP source + target labels,0.0,11
115,0.0003340341500006616,0.0,0.0003340341500006616,1.0,1.0,0.9153846153846154,0.38235294117647056,D4_semi_day1_val_day2_3,binary_without_air,MLP source + target labels,0.0,11
120,0.0002599265717435628,0.0,0.0002599265717435628,1.0,1.0,0.9307692307692308,0.38235294117647056,D4_semi_day1_val_day2_3,binary_without_air,MLP source + target labels,0.0,11
125,0.00018327846191823483,0.0,0.00018327846191823483,1.0,1.0,0.9230769230769231,0.35294117647058826,D4_semi_day1_val_day2_3,binary_without_air,MLP source + target labels,0.0,11
130,0.002337678801268339,0.0,0.002337678801268339,1.0,1.0,0.9307692307692308,0.35294117647058826,D4_semi_day1_val_day2_3,binary_without_air,MLP source + target labels,0.0,11
135,0.0004943948006257415,0.0,0.0004943948006257415,1.0,1.0,0.9076923076923077,0.35294117647058826,D4_semi_day1_val_day2_3,binary_without_air,MLP source + target labels,0.0,11
140,0.00013589664013125002,0.0,0.00013589664013125002,1.0,1.0,0.8846153846153846,0.35294117647058826,D4_semi_day1_val_day2_3,binary_without_air,MLP source + target labels,0.0,11
145,6.859638961032033e-05,0.0,6.859638961032033e-05,1.0,1.0,0.8846153846153846,0.35294117647058826,D4_semi_day1_val_day2_3,binary_without_air,MLP source + target labels,0.0,11
150,5.337129550753161e-05,0.0,5.337129550753161e-05,1.0,1.0,0.8692307692307693,0.3235294117647059,D4_semi_day1_val_day2_3,binary_without_air,MLP source + target labels,0.0,11
155,1.8213400835520588e-05,0.0,1.8213400835520588e-05,1.0,0.9,0.8615384615384616,0.3235294117647059,D4_semi_day1_val_day2_3,binary_without_air,MLP source + target labels,0.0,11
160,4.02658261009492e-05,0.0,4.02658261009492e-05,1.0,0.9,0.8615384615384616,0.3235294117647059,D4_semi_day1_val_day2_3,binary_without_air,MLP source + target labels,0.0,11
165,4.471304782782681e-05,0.0,4.471304782782681e-05,1.0,0.9,0.8615384615384616,0.3235294117647059,D4_semi_day1_val_day2_3,binary_without_air,MLP source + target labels,0.0,11
170,2.9264463591971435e-05,0.0,2.9264463591971435e-05,1.0,0.9,0.8615384615384616,0.3235294117647059,D4_semi_day1_val_day2_3,binary_without_air,MLP source + target labels,0.0,11
175,2.1645286324201152e-05,0.0,2.1645286324201152e-05,1.0,0.9,0.8615384615384616,0.3235294117647059,D4_semi_day1_val_day2_3,binary_without_air,MLP source + target labels,0.0,11
180,1.3985469195176847e-05,0.0,1.3985469195176847e-05,1.0,0.9,0.8615384615384616,0.3235294117647059,D4_semi_day1_val_day2_3,binary_without_air,MLP source + target labels,0.0,11
185,1.4118800208962057e-05,0.0,1.4118800208962057e-05,1.0,0.9,0.8615384615384616,0.3235294117647059,D4_semi_day1_val_day2_3,binary_without_air,MLP source + target labels,0.0,11
190,0.00043487048242241144,0.0,0.00043487048242241144,1.0,0.9,0.8615384615384616,0.3235294117647059,D4_semi_day1_val_day2_3,binary_without_air,MLP source + target labels,0.0,11
195,0.00012612497084774077,0.0,0.00012612497084774077,1.0,0.9,0.8615384615384616,0.3235294117647059,D4_semi_day1_val_day2_3,binary_without_air,MLP source + target labels,0.0,11
200,1.6744272215873934e-05,0.0,1.6744272215873934e-05,1.0,0.9,0.8615384615384616,0.3235294117647059,D4_semi_day1_val_day2_3,binary_without_air,MLP source + target labels,0.0,11
205,1.6225794752244838e-05,0.0,1.6225794752244838e-05,1.0,0.9,0.8615384615384616,0.3235294117647059,D4_semi_day1_val_day2_3,binary_without_air,MLP source + target labels,0.0,11
210,1.4444780390476808e-05,0.0,1.4444780390476808e-05,1.0,0.9,0.8615384615384616,0.3235294117647059,D4_semi_day1_val_day2_3,binary_without_air,MLP source + target labels,0.0,11
215,1.3144083823135588e-05,0.0,1.3144083823135588e-05,1.0,0.9,0.8615384615384616,0.3235294117647059,D4_semi_day1_val_day2_3,binary_without_air,MLP source + target labels,0.0,11
220,3.428921991144307e-05,0.0,3.428921991144307e-05,1.0,0.9,0.8615384615384616,0.3235294117647059,D4_semi_day1_val_day2_3,binary_without_air,MLP source + target labels,0.0,11
225,7.705407915636897e-05,0.0,7.705407915636897e-05,1.0,0.9,0.8615384615384616,0.3235294117647059,D4_semi_day1_val_day2_3,binary_without_air,MLP source + target labels,0.0,11
230,1.3136981579009444e-05,0.0,1.3136981579009444e-05,1.0,0.9,0.8615384615384616,0.3235294117647059,D4_semi_day1_val_day2_3,binary_without_air,MLP source + target labels,0.0,11
235,1.108614287659293e-05,0.0,1.108614287659293e-05,1.0,0.9,0.8615384615384616,0.3235294117647059,D4_semi_day1_val_day2_3,binary_without_air,MLP source + target labels,0.0,11
240,3.5187647881684825e-05,0.0,3.5187647881684825e-05,1.0,0.9,0.8615384615384616,0.3235294117647059,D4_semi_day1_val_day2_3,binary_without_air,MLP source + target labels,0.0,11
245,2.2122490918263793e-05,0.0,2.2122490918263793e-05,1.0,0.9,0.8615384615384616,0.3235294117647059,D4_semi_day1_val_day2_3,binary_without_air,MLP source + target labels,0.0,11
250,4.981726306141354e-05,0.0,4.981726306141354e-05,1.0,0.9,0.8615384615384616,0.3235294117647059,D4_semi_day1_val_day2_3,binary_without_air,MLP source + target labels,0.0,11
255,1.3687620594282635e-05,0.0,1.3687620594282635e-05,1.0,0.9,0.8615384615384616,0.3235294117647059,D4_semi_day1_val_day2_3,binary_without_air,MLP source + target labels,0.0,11
260,1.247785894520348e-05,0.0,1.247785894520348e-05,1.0,0.9,0.8615384615384616,0.3235294117647059,D4_semi_day1_val_day2_3,binary_without_air,MLP source + target labels,0.0,11
265,0.00010269349149893969,0.0,0.00010269349149893969,1.0,0.9,0.8615384615384616,0.3235294117647059,D4_semi_day1_val_day2_3,binary_without_air,MLP source + target labels,0.0,11
270,3.3539934520376846e-05,0.0,3.3539934520376846e-05,1.0,0.9,0.8538461538461538,0.3235294117647059,D4_semi_day1_val_day2_3,binary_without_air,MLP source + target labels,0.0,11
275,2.1093699615448713e-05,0.0,2.1093699615448713e-05,1.0,0.9,0.8538461538461538,0.29411764705882354,D4_semi_day1_val_day2_3,binary_without_air,MLP source + target labels,0.0,11
280,0.00018457170517649502,0.0,0.00018457170517649502,1.0,0.9,0.8615384615384616,0.29411764705882354,D4_semi_day1_val_day2_3,binary_without_air,MLP source + target labels,0.0,11
285,1.5738443835289218e-05,0.0,1.5738443835289218e-05,1.0,0.9,0.8769230769230769,0.29411764705882354,D4_semi_day1_val_day2_3,binary_without_air,MLP source + target labels,0.0,11
290,2.805013173201587e-05,0.0,2.805013173201587e-05,1.0,0.9,0.8846153846153846,0.3235294117647059,D4_semi_day1_val_day2_3,binary_without_air,MLP source + target labels,0.0,11
295,1.2439373676897958e-05,0.0,1.2439373676897958e-05,1.0,1.0,0.8846153846153846,0.3235294117647059,D4_semi_day1_val_day2_3,binary_without_air,MLP source + target labels,0.0,11
300,2.297078026458621e-05,0.0,2.297078026458621e-05,1.0,1.0,0.8846153846153846,0.29411764705882354,D4_semi_day1_val_day2_3,binary_without_air,MLP source + target labels,0.0,11
305,1.7684224076219834e-05,0.0,1.7684224076219834e-05,1.0,1.0,0.8846153846153846,0.29411764705882354,D4_semi_day1_val_day2_3,binary_without_air,MLP source + target labels,0.0,11
310,1.957022504939232e-05,0.0,1.957022504939232e-05,1.0,1.0,0.8846153846153846,0.29411764705882354,D4_semi_day1_val_day2_3,binary_without_air,MLP source + target labels,0.0,11
315,1.5853751392569393e-05,0.0,1.5853751392569393e-05,1.0,1.0,0.8769230769230769,0.29411764705882354,D4_semi_day1_val_day2_3,binary_without_air,MLP source + target labels,0.0,11
320,8.24759918032214e-05,0.0,8.24759918032214e-05,1.0,1.0,0.8769230769230769,0.29411764705882354,D4_semi_day1_val_day2_3,binary_without_air,MLP source + target labels,0.0,11
325,1.6870873878360726e-05,0.0,1.6870873878360726e-05,1.0,0.95,0.8769230769230769,0.29411764705882354,D4_semi_day1_val_day2_3,binary_without_air,MLP source + target labels,0.0,11
330,3.787336390814744e-05,0.0,3.787336390814744e-05,1.0,0.9,0.8692307692307693,0.29411764705882354,D4_semi_day1_val_day2_3,binary_without_air,MLP source + target labels,0.0,11
335,0.00021075952099636197,0.0,0.00021075952099636197,1.0,0.95,0.8769230769230769,0.2647058823529412,D4_semi_day1_val_day2_3,binary_without_air,MLP source + target labels,0.0,11
340,1.4301192095445003e-05,0.0,1.4301192095445003e-05,1.0,1.0,0.8769230769230769,0.2647058823529412,D4_semi_day1_val_day2_3,binary_without_air,MLP source + target labels,0.0,11
345,2.799712456180714e-05,0.0,2.799712456180714e-05,1.0,1.0,0.8846153846153846,0.2647058823529412,D4_semi_day1_val_day2_3,binary_without_air,MLP source + target labels,0.0,11
350,7.362060568993911e-05,0.0,7.362060568993911e-05,1.0,1.0,0.8846153846153846,0.29411764705882354,D4_semi_day1_val_day2_3,binary_without_air,MLP source + target labels,0.0,11
355,2.827521166182123e-05,0.0,2.827521166182123e-05,1.0,1.0,0.8846153846153846,0.29411764705882354,D4_semi_day1_val_day2_3,binary_without_air,MLP source + target labels,0.0,11
360,3.518298763083294e-05,0.0,3.518298763083294e-05,1.0,1.0,0.8846153846153846,0.29411764705882354,D4_semi_day1_val_day2_3,binary_without_air,MLP source + target labels,0.0,11
365,7.538797217421234e-05,0.0,7.538797217421234e-05,1.0,0.9,0.8846153846153846,0.29411764705882354,D4_semi_day1_val_day2_3,binary_without_air,MLP source + target labels,0.0,11
370,4.2448227759450674e-05,0.0,4.2448227759450674e-05,1.0,0.9,0.8846153846153846,0.29411764705882354,D4_semi_day1_val_day2_3,binary_without_air,MLP source + target labels,0.0,11
375,2.879130988731049e-05,0.0,2.879130988731049e-05,1.0,0.9,0.8769230769230769,0.29411764705882354,D4_semi_day1_val_day2_3,binary_without_air,MLP source + target labels,0.0,11
380,0.00028651722823269665,0.0,0.00028651722823269665,1.0,0.9,0.8769230769230769,0.29411764705882354,D4_semi_day1_val_day2_3,binary_without_air,MLP source + target labels,0.0,11
385,1.487245117459679e-05,0.0,1.487245117459679e-05,1.0,0.9,0.8846153846153846,0.29411764705882354,D4_semi_day1_val_day2_3,binary_without_air,MLP source + target labels,0.0,11
390,7.539110083598644e-05,0.0,7.539110083598644e-05,1.0,0.9,0.8846153846153846,0.29411764705882354,D4_semi_day1_val_day2_3,binary_without_air,MLP source + target labels,0.0,11
395,3.466856651357375e-05,0.0,3.466856651357375e-05,1.0,0.95,0.8846153846153846,0.29411764705882354,D4_semi_day1_val_day2_3,binary_without_air,MLP source + target labels,0.0,11
400,1.608201455383096e-05,0.0,1.608201455383096e-05,1.0,0.95,0.8846153846153846,0.29411764705882354,D4_semi_day1_val_day2_3,binary_without_air,MLP source + target labels,0.0,11
1,0.6995959281921387,0.6740040183067322,1.3736000061035156,0.7647058823529411,0.5,0.6230769230769231,0.7058823529411765,D4_semi_day1_val_day2_3,binary_without_air,DANN-semi,0.2,7
5,0.4226033091545105,0.6124745011329651,1.0350778102874756,0.8529411764705882,0.55,0.676923076923077,0.7058823529411765,D4_semi_day1_val_day2_3,binary_without_air,DANN-semi,0.2,7
10,0.19965612888336182,0.5865262746810913,0.7861824035644531,0.9411764705882353,0.9,0.9153846153846154,0.7058823529411765,D4_semi_day1_val_day2_3,binary_without_air,DANN-semi,0.2,7
15,0.0874638557434082,0.5934944748878479,0.6809583306312561,1.0,0.95,0.8461538461538461,0.7058823529411765,D4_semi_day1_val_day2_3,binary_without_air,DANN-semi,0.2,7
20,0.018205370754003525,0.543045699596405,0.5612510442733765,1.0,0.95,0.823076923076923,0.7647058823529411,D4_semi_day1_val_day2_3,binary_without_air,DANN-semi,0.2,7
25,0.003862048266455531,0.6662805676460266,0.6701425909996033,1.0,0.95,0.8538461538461538,0.7647058823529411,D4_semi_day1_val_day2_3,binary_without_air,DANN-semi,0.2,7
30,0.0030600971076637506,0.6529384255409241,0.6559985280036926,1.0,0.95,0.8615384615384616,0.6470588235294118,D4_semi_day1_val_day2_3,binary_without_air,DANN-semi,0.2,7
35,0.005322437733411789,0.7042157649993896,0.7095382213592529,1.0,0.95,0.9,0.6470588235294118,D4_semi_day1_val_day2_3,binary_without_air,DANN-semi,0.2,7
40,0.0413602814078331,0.702486515045166,0.7438467741012573,1.0,0.95,0.8076923076923077,0.7058823529411765,D4_semi_day1_val_day2_3,binary_without_air,DANN-semi,0.2,7
45,0.0014489645836874843,0.5555046200752258,0.5569536089897156,1.0,0.95,0.8923076923076924,0.7647058823529411,D4_semi_day1_val_day2_3,binary_without_air,DANN-semi,0.2,7
50,0.010008201003074646,0.45222723484039307,0.4622354507446289,1.0,0.95,0.8923076923076924,0.8529411764705882,D4_semi_day1_val_day2_3,binary_without_air,DANN-semi,0.2,7
55,0.0010740406578406692,0.4199397563934326,0.42101380228996277,1.0,0.95,0.823076923076923,0.8823529411764706,D4_semi_day1_val_day2_3,binary_without_air,DANN-semi,0.2,7
60,0.0004087781417183578,0.47147953510284424,0.47188830375671387,1.0,0.95,0.8615384615384616,0.7647058823529411,D4_semi_day1_val_day2_3,binary_without_air,DANN-semi,0.2,7
65,0.0012938996078446507,0.6326443552970886,0.6339382529258728,1.0,0.95,0.8384615384615385,0.7647058823529411,D4_semi_day1_val_day2_3,binary_without_air,DANN-semi,0.2,7
70,0.002915184013545513,0.9401899576187134,0.943105161190033,1.0,0.95,0.823076923076923,0.4411764705882353,D4_semi_day1_val_day2_3,binary_without_air,DANN-semi,0.2,7
75,0.0018224503146484494,1.215889573097229,1.2177120447158813,1.0,0.95,0.8923076923076924,0.3235294117647059,D4_semi_day1_val_day2_3,binary_without_air,DANN-semi,0.2,7
80,0.007516021374613047,0.7055121064186096,0.7130281329154968,1.0,0.95,0.8846153846153846,0.6764705882352942,D4_semi_day1_val_day2_3,binary_without_air,DANN-semi,0.2,7
85,0.06230068951845169,0.6996306777000427,0.7619313597679138,1.0,0.9,0.8153846153846154,0.7058823529411765,D4_semi_day1_val_day2_3,binary_without_air,DANN-semi,0.2,7
90,0.003328031860291958,0.4144566059112549,0.4177846312522888,1.0,0.9,0.8,0.7647058823529411,D4_semi_day1_val_day2_3,binary_without_air,DANN-semi,0.2,7
95,0.0048232185654342175,0.4247252941131592,0.4295485019683838,1.0,0.8,0.7615384615384615,0.8235294117647058,D4_semi_day1_val_day2_3,binary_without_air,DANN-semi,0.2,7
100,0.005281338933855295,0.39162594079971313,0.3969072699546814,1.0,0.8,0.7846153846153846,0.7941176470588235,D4_semi_day1_val_day2_3,binary_without_air,DANN-semi,0.2,7
105,0.013955401256680489,0.33936306834220886,0.3533184826374054,1.0,0.95,0.8384615384615385,0.8235294117647058,D4_semi_day1_val_day2_3,binary_without_air,DANN-semi,0.2,7
110,0.00016854966816026717,0.3638751208782196,0.3640436828136444,1.0,0.9,0.823076923076923,0.8235294117647058,D4_semi_day1_val_day2_3,binary_without_air,DANN-semi,0.2,7
115,0.00014114270743448287,0.4111202657222748,0.4112614095211029,1.0,0.9,0.7923076923076923,0.7647058823529411,D4_semi_day1_val_day2_3,binary_without_air,DANN-semi,0.2,7
120,0.0006813841755501926,0.47251173853874207,0.47319310903549194,1.0,0.9,0.7846153846153846,0.7647058823529411,D4_semi_day1_val_day2_3,binary_without_air,DANN-semi,0.2,7
125,7.689514313824475e-05,0.5090427994728088,0.5091196894645691,1.0,0.9,0.7846153846153846,0.7352941176470589,D4_semi_day1_val_day2_3,binary_without_air,DANN-semi,0.2,7
130,7.915062451502308e-05,0.5139163732528687,0.5139955282211304,1.0,0.9,0.7923076923076923,0.7647058823529411,D4_semi_day1_val_day2_3,binary_without_air,DANN-semi,0.2,7
135,1.5754192645545118e-05,0.48755672574043274,0.48757249116897583,1.0,0.95,0.8,0.7647058823529411,D4_semi_day1_val_day2_3,binary_without_air,DANN-semi,0.2,7
140,6.482694971055025e-06,0.5744230151176453,0.5744295120239258,1.0,0.95,0.8307692307692308,0.7647058823529411,D4_semi_day1_val_day2_3,binary_without_air,DANN-semi,0.2,7
145,4.896682730759494e-05,0.7001357078552246,0.70018470287323,1.0,0.95,0.8384615384615385,0.7352941176470589,D4_semi_day1_val_day2_3,binary_without_air,DANN-semi,0.2,7
150,0.00037251750472933054,0.5626342296600342,0.5630067586898804,1.0,0.9,0.8307692307692308,0.7647058823529411,D4_semi_day1_val_day2_3,binary_without_air,DANN-semi,0.2,7
155,0.004924606531858444,0.5884764194488525,0.5934010148048401,1.0,0.9,0.8307692307692308,0.7647058823529411,D4_semi_day1_val_day2_3,binary_without_air,DANN-semi,0.2,7
160,0.0058723557740449905,0.527313232421875,0.533185601234436,1.0,0.95,0.8692307692307693,0.7647058823529411,D4_semi_day1_val_day2_3,binary_without_air,DANN-semi,0.2,7
165,0.00022454472491517663,0.4854345917701721,0.485659122467041,1.0,0.95,0.8692307692307693,0.7647058823529411,D4_semi_day1_val_day2_3,binary_without_air,DANN-semi,0.2,7
170,0.00013397782458923757,0.47521281242370605,0.47534680366516113,1.0,0.95,0.8692307692307693,0.8235294117647058,D4_semi_day1_val_day2_3,binary_without_air,DANN-semi,0.2,7
175,1.0598286280583125e-05,0.49638786911964417,0.4963984787464142,1.0,0.95,0.8846153846153846,0.7352941176470589,D4_semi_day1_val_day2_3,binary_without_air,DANN-semi,0.2,7
180,5.101176611788105e-06,0.48324674367904663,0.4832518398761749,1.0,0.95,0.8692307692307693,0.7941176470588235,D4_semi_day1_val_day2_3,binary_without_air,DANN-semi,0.2,7
185,0.09451669454574585,0.534345805644989,0.6288625001907349,1.0,0.95,0.8615384615384616,0.7352941176470589,D4_semi_day1_val_day2_3,binary_without_air,DANN-semi,0.2,7
190,0.07969766855239868,0.5122121572494507,0.5919098258018494,1.0,1.0,0.9153846153846154,0.7058823529411765,D4_semi_day1_val_day2_3,binary_without_air,DANN-semi,0.2,7
195,0.12128578871488571,0.6030263304710388,0.7243121266365051,0.9705882352941176,0.95,0.8153846153846154,0.7647058823529411,D4_semi_day1_val_day2_3,binary_without_air,DANN-semi,0.2,7
200,7.572827598778531e-06,0.6395437121391296,0.6395512819290161,1.0,0.95,0.8615384615384616,0.6764705882352942,D4_semi_day1_val_day2_3,binary_without_air,DANN-semi,0.2,7
205,1.725012452880037e-06,0.6929449439048767,0.6929466724395752,1.0,0.85,0.7923076923076923,0.6470588235294118,D4_semi_day1_val_day2_3,binary_without_air,DANN-semi,0.2,7
210,0.015455533750355244,0.8360505104064941,0.8515060544013977,1.0,0.8,0.7538461538461538,0.6176470588235294,D4_semi_day1_val_day2_3,binary_without_air,DANN-semi,0.2,7
215,0.00036633049603551626,0.796335756778717,0.7967020869255066,1.0,0.85,0.7846153846153846,0.6470588235294118,D4_semi_day1_val_day2_3,binary_without_air,DANN-semi,0.2,7
220,1.1905954124813434e-05,0.6734026074409485,0.6734145283699036,1.0,1.0,0.8153846153846154,0.6176470588235294,D4_semi_day1_val_day2_3,binary_without_air,DANN-semi,0.2,7
225,0.00023143015278037637,0.5557323694229126,0.5559638142585754,1.0,1.0,0.8153846153846154,0.7647058823529411,D4_semi_day1_val_day2_3,binary_without_air,DANN-semi,0.2,7
230,7.076421024976298e-05,0.48737093806266785,0.48744168877601624,1.0,1.0,0.8153846153846154,0.7941176470588235,D4_semi_day1_val_day2_3,binary_without_air,DANN-semi,0.2,7
235,1.7219615983776748e-05,0.48605620861053467,0.48607343435287476,1.0,1.0,0.8846153846153846,0.8235294117647058,D4_semi_day1_val_day2_3,binary_without_air,DANN-semi,0.2,7
240,0.0007750072982162237,0.4560689926147461,0.4568440020084381,1.0,1.0,0.8923076923076924,0.8235294117647058,D4_semi_day1_val_day2_3,binary_without_air,DANN-semi,0.2,7
245,0.019174696877598763,0.5040328502655029,0.5232075452804565,1.0,1.0,0.9230769230769231,0.8235294117647058,D4_semi_day1_val_day2_3,binary_without_air,DANN-semi,0.2,7
250,3.7900856568739982e-06,0.473907470703125,0.47391125559806824,1.0,1.0,0.8538461538461538,0.8235294117647058,D4_semi_day1_val_day2_3,binary_without_air,DANN-semi,0.2,7
255,0.18115322291851044,0.5075902938842773,0.688743531703949,0.9705882352941176,0.95,0.8384615384615385,0.7941176470588235,D4_semi_day1_val_day2_3,binary_without_air,DANN-semi,0.2,7
260,5.101313490740722e-06,0.5458429455757141,0.5458480715751648,1.0,1.0,0.8692307692307693,0.7941176470588235,D4_semi_day1_val_day2_3,binary_without_air,DANN-semi,0.2,7
265,0.0003945342905353755,0.673073947429657,0.6734684705734253,1.0,1.0,0.8923076923076924,0.7647058823529411,D4_semi_day1_val_day2_3,binary_without_air,DANN-semi,0.2,7
270,0.0017037434736266732,0.736633837223053,0.7383375763893127,1.0,1.0,0.8846153846153846,0.7058823529411765,D4_semi_day1_val_day2_3,binary_without_air,DANN-semi,0.2,7
275,0.00011753309809137136,0.7548173666000366,0.7549349069595337,1.0,0.95,0.8769230769230769,0.7058823529411765,D4_semi_day1_val_day2_3,binary_without_air,DANN-semi,0.2,7
280,9.786550072021782e-05,0.6919304132461548,0.692028284072876,1.0,0.95,0.8692307692307693,0.7058823529411765,D4_semi_day1_val_day2_3,binary_without_air,DANN-semi,0.2,7
285,0.0018481172155588865,0.619295060634613,0.6211431622505188,1.0,0.95,0.8461538461538461,0.7058823529411765,D4_semi_day1_val_day2_3,binary_without_air,DANN-semi,0.2,7
290,0.0033193151466548443,0.5719733238220215,0.5752926468849182,1.0,0.95,0.8461538461538461,0.7058823529411765,D4_semi_day1_val_day2_3,binary_without_air,DANN-semi,0.2,7
295,3.004722202604171e-06,0.5328574180603027,0.5328603982925415,1.0,0.95,0.8846153846153846,0.7647058823529411,D4_semi_day1_val_day2_3,binary_without_air,DANN-semi,0.2,7
300,0.024480896070599556,0.4769567549228668,0.5014376640319824,1.0,1.0,0.8923076923076924,0.7941176470588235,D4_semi_day1_val_day2_3,binary_without_air,DANN-semi,0.2,7
305,8.975719651971303e-07,0.4464574456214905,0.4464583396911621,1.0,0.95,0.8538461538461538,0.7647058823529411,D4_semi_day1_val_day2_3,binary_without_air,DANN-semi,0.2,7
310,8.536268069292419e-06,0.4106534421443939,0.4106619656085968,1.0,0.95,0.823076923076923,0.7941176470588235,D4_semi_day1_val_day2_3,binary_without_air,DANN-semi,0.2,7
315,3.3061428439395968e-06,0.4002993106842041,0.40030261874198914,1.0,0.95,0.8307692307692308,0.7941176470588235,D4_semi_day1_val_day2_3,binary_without_air,DANN-semi,0.2,7
320,4.312540795581299e-07,0.48153799772262573,0.48153841495513916,1.0,0.95,0.8307692307692308,0.7941176470588235,D4_semi_day1_val_day2_3,binary_without_air,DANN-semi,0.2,7
325,5.609843611864562e-08,0.42506512999534607,0.42506518959999084,1.0,0.95,0.823076923076923,0.7647058823529411,D4_semi_day1_val_day2_3,binary_without_air,DANN-semi,0.2,7
330,3.5061546554970846e-08,0.48110508918762207,0.48110511898994446,1.0,1.0,0.8307692307692308,0.7941176470588235,D4_semi_day1_val_day2_3,binary_without_air,DANN-semi,0.2,7
335,5.29424823980662e-07,0.5220443606376648,0.5220448970794678,1.0,1.0,0.8461538461538461,0.7647058823529411,D4_semi_day1_val_day2_3,binary_without_air,DANN-semi,0.2,7
340,1.0518466098119461e-08,0.6024094223976135,0.6024094223976135,1.0,1.0,0.8615384615384616,0.7352941176470589,D4_semi_day1_val_day2_3,binary_without_air,DANN-semi,0.2,7
345,3.5061553660398204e-09,0.5830806493759155,0.5830806493759155,1.0,1.0,0.8615384615384616,0.7352941176470589,D4_semi_day1_val_day2_3,binary_without_air,DANN-semi,0.2,7
350,0.0,0.7963706851005554,0.7963706851005554,1.0,1.0,0.8692307692307693,0.6764705882352942,D4_semi_day1_val_day2_3,binary_without_air,DANN-semi,0.2,7
355,5.925347750235233e-07,0.6527283787727356,0.6527289748191833,1.0,1.0,0.8692307692307693,0.6764705882352942,D4_semi_day1_val_day2_3,binary_without_air,DANN-semi,0.2,7
360,3.5061553660398204e-09,0.6190842390060425,0.6190842390060425,1.0,1.0,0.8846153846153846,0.6764705882352942,D4_semi_day1_val_day2_3,binary_without_air,DANN-semi,0.2,7
365,5.2592302068887875e-08,0.6184965968132019,0.6184966564178467,1.0,1.0,0.8846153846153846,0.7058823529411765,D4_semi_day1_val_day2_3,binary_without_air,DANN-semi,0.2,7
370,7.012310732079641e-09,0.6040611863136292,0.6040611863136292,1.0,1.0,0.8846153846153846,0.7058823529411765,D4_semi_day1_val_day2_3,binary_without_air,DANN-semi,0.2,7
375,0.0,0.605830729007721,0.605830729007721,1.0,1.0,0.8846153846153846,0.7058823529411765,D4_semi_day1_val_day2_3,binary_without_air,DANN-semi,0.2,7
380,4.712043391918996e-06,0.6114544868469238,0.6114591956138611,1.0,1.0,0.8846153846153846,0.7058823529411765,D4_semi_day1_val_day2_3,binary_without_air,DANN-semi,0.2,7
385,1.1570302405061739e-07,0.6085066795349121,0.6085067987442017,1.0,1.0,0.8846153846153846,0.7058823529411765,D4_semi_day1_val_day2_3,binary_without_air,DANN-semi,0.2,7
390,1.0518466098119461e-08,0.6118569374084473,0.6118569374084473,1.0,1.0,0.8846153846153846,0.7058823529411765,D4_semi_day1_val_day2_3,binary_without_air,DANN-semi,0.2,7
395,2.4543078680494546e-08,0.6104228496551514,0.6104228496551514,1.0,1.0,0.8846153846153846,0.7058823529411765,D4_semi_day1_val_day2_3,binary_without_air,DANN-semi,0.2,7
400,1.7530773277485423e-08,0.6088157892227173,0.6088157892227173,1.0,1.0,0.8846153846153846,0.7058823529411765,D4_semi_day1_val_day2_3,binary_without_air,DANN-semi,0.2,7
1,1.0781645774841309,0.0,1.0781645774841309,0.4666666666666667,0.3,0.3836477987421384,0.4827586206896552,D5_semi_day1_2_val_day3_5,three_class_with_air,MLP source only,0.0,23
5,0.809596836566925,0.0,0.809596836566925,0.4666666666666667,0.35,0.44654088050314467,0.5862068965517241,D5_semi_day1_2_val_day3_5,three_class_with_air,MLP source only,0.0,23
10,0.6378670334815979,0.0,0.6378670334815979,0.8,0.625,0.6289308176100629,0.5,D5_semi_day1_2_val_day3_5,three_class_with_air,MLP source only,0.0,23
15,0.45298632979393005,0.0,0.45298632979393005,0.8,0.775,0.6792452830188679,0.5,D5_semi_day1_2_val_day3_5,three_class_with_air,MLP source only,0.0,23
20,0.30259978771209717,0.0,0.30259978771209717,0.8666666666666667,0.825,0.6855345911949685,0.4482758620689655,D5_semi_day1_2_val_day3_5,three_class_with_air,MLP source only,0.0,23
25,0.16624511778354645,0.0,0.16624511778354645,0.9666666666666667,0.775,0.7358490566037735,0.4482758620689655,D5_semi_day1_2_val_day3_5,three_class_with_air,MLP source only,0.0,23
30,0.07620246708393097,0.0,0.07620246708393097,1.0,0.75,0.710691823899371,0.43103448275862066,D5_semi_day1_2_val_day3_5,three_class_with_air,MLP source only,0.0,23
35,0.04564128816127777,0.0,0.04564128816127777,1.0,0.725,0.7295597484276729,0.41379310344827586,D5_semi_day1_2_val_day3_5,three_class_with_air,MLP source only,0.0,23
40,0.02657504193484783,0.0,0.02657504193484783,1.0,0.7,0.7358490566037735,0.39655172413793105,D5_semi_day1_2_val_day3_5,three_class_with_air,MLP source only,0.0,23
45,0.006944937631487846,0.0,0.006944937631487846,1.0,0.7,0.7547169811320755,0.41379310344827586,D5_semi_day1_2_val_day3_5,three_class_with_air,MLP source only,0.0,23
50,0.023668166249990463,0.0,0.023668166249990463,1.0,0.7,0.7547169811320755,0.41379310344827586,D5_semi_day1_2_val_day3_5,three_class_with_air,MLP source only,0.0,23
55,0.0042536091059446335,0.0,0.0042536091059446335,1.0,0.7,0.7547169811320755,0.41379310344827586,D5_semi_day1_2_val_day3_5,three_class_with_air,MLP source only,0.0,23
60,0.000935841933824122,0.0,0.000935841933824122,1.0,0.725,0.7547169811320755,0.41379310344827586,D5_semi_day1_2_val_day3_5,three_class_with_air,MLP source only,0.0,23
65,0.053768340498209,0.0,0.053768340498209,1.0,0.725,0.7610062893081762,0.43103448275862066,D5_semi_day1_2_val_day3_5,three_class_with_air,MLP source only,0.0,23
70,0.0012731085298582911,0.0,0.0012731085298582911,1.0,0.7,0.7672955974842768,0.43103448275862066,D5_semi_day1_2_val_day3_5,three_class_with_air,MLP source only,0.0,23
75,0.007918711751699448,0.0,0.007918711751699448,1.0,0.7,0.7610062893081762,0.43103448275862066,D5_semi_day1_2_val_day3_5,three_class_with_air,MLP source only,0.0,23
80,0.0011297843884676695,0.0,0.0011297843884676695,1.0,0.7,0.7421383647798742,0.43103448275862066,D5_semi_day1_2_val_day3_5,three_class_with_air,MLP source only,0.0,23
85,0.00631690863519907,0.0,0.00631690863519907,1.0,0.7,0.7358490566037735,0.4827586206896552,D5_semi_day1_2_val_day3_5,three_class_with_air,MLP source only,0.0,23
90,0.004538815468549728,0.0,0.004538815468549728,1.0,0.7,0.7547169811320755,0.46551724137931033,D5_semi_day1_2_val_day3_5,three_class_with_air,MLP source only,0.0,23
95,0.037140101194381714,0.0,0.037140101194381714,1.0,0.675,0.7358490566037735,0.46551724137931033,D5_semi_day1_2_val_day3_5,three_class_with_air,MLP source only,0.0,23
100,0.007853574119508266,0.0,0.007853574119508266,1.0,0.675,0.7232704402515723,0.4482758620689655,D5_semi_day1_2_val_day3_5,three_class_with_air,MLP source only,0.0,23
105,0.00016941076319199055,0.0,0.00016941076319199055,1.0,0.675,0.710691823899371,0.4482758620689655,D5_semi_day1_2_val_day3_5,three_class_with_air,MLP source only,0.0,23
110,0.0045112669467926025,0.0,0.0045112669467926025,1.0,0.675,0.7169811320754716,0.4482758620689655,D5_semi_day1_2_val_day3_5,three_class_with_air,MLP source only,0.0,23
115,0.00020785260130651295,0.0,0.00020785260130651295,1.0,0.675,0.7358490566037735,0.4482758620689655,D5_semi_day1_2_val_day3_5,three_class_with_air,MLP source only,0.0,23
120,0.0011559509439393878,0.0,0.0011559509439393878,1.0,0.7,0.7358490566037735,0.43103448275862066,D5_semi_day1_2_val_day3_5,three_class_with_air,MLP source only,0.0,23
125,0.002295837737619877,0.0,0.002295837737619877,1.0,0.7,0.7295597484276729,0.43103448275862066,D5_semi_day1_2_val_day3_5,three_class_with_air,MLP source only,0.0,23
130,0.006793492939323187,0.0,0.006793492939323187,1.0,0.7,0.7295597484276729,0.46551724137931033,D5_semi_day1_2_val_day3_5,three_class_with_air,MLP source only,0.0,23
135,0.0007251958013512194,0.0,0.0007251958013512194,1.0,0.7,0.7358490566037735,0.41379310344827586,D5_semi_day1_2_val_day3_5,three_class_with_air,MLP source only,0.0,23
140,0.0003435410908423364,0.0,0.0003435410908423364,1.0,0.7,0.7421383647798742,0.41379310344827586,D5_semi_day1_2_val_day3_5,three_class_with_air,MLP source only,0.0,23
145,4.961594095220789e-05,0.0,4.961594095220789e-05,1.0,0.7,0.7295597484276729,0.41379310344827586,D5_semi_day1_2_val_day3_5,three_class_with_air,MLP source only,0.0,23
150,0.00045870745088905096,0.0,0.00045870745088905096,1.0,0.7,0.7421383647798742,0.43103448275862066,D5_semi_day1_2_val_day3_5,three_class_with_air,MLP source only,0.0,23
155,0.0004652208590414375,0.0,0.0004652208590414375,1.0,0.7,0.7421383647798742,0.43103448275862066,D5_semi_day1_2_val_day3_5,three_class_with_air,MLP source only,0.0,23
160,3.147885581711307e-05,0.0,3.147885581711307e-05,1.0,0.725,0.7421383647798742,0.4482758620689655,D5_semi_day1_2_val_day3_5,three_class_with_air,MLP source only,0.0,23
165,5.785694156656973e-05,0.0,5.785694156656973e-05,1.0,0.725,0.7295597484276729,0.46551724137931033,D5_semi_day1_2_val_day3_5,three_class_with_air,MLP source only,0.0,23
170,0.00027725312975235283,0.0,0.00027725312975235283,1.0,0.725,0.7421383647798742,0.46551724137931033,D5_semi_day1_2_val_day3_5,three_class_with_air,MLP source only,0.0,23
175,0.0010029327822849154,0.0,0.0010029327822849154,1.0,0.725,0.7295597484276729,0.46551724137931033,D5_semi_day1_2_val_day3_5,three_class_with_air,MLP source only,0.0,23
180,9.027273335959762e-05,0.0,9.027273335959762e-05,1.0,0.725,0.7295597484276729,0.4827586206896552,D5_semi_day1_2_val_day3_5,three_class_with_air,MLP source only,0.0,23
185,0.00011877396173076704,0.0,0.00011877396173076704,1.0,0.7,0.7358490566037735,0.4827586206896552,D5_semi_day1_2_val_day3_5,three_class_with_air,MLP source only,0.0,23
190,0.00016560242511332035,0.0,0.00016560242511332035,1.0,0.7,0.7358490566037735,0.4827586206896552,D5_semi_day1_2_val_day3_5,three_class_with_air,MLP source only,0.0,23
195,4.359192098490894e-05,0.0,4.359192098490894e-05,1.0,0.7,0.7358490566037735,0.4827586206896552,D5_semi_day1_2_val_day3_5,three_class_with_air,MLP source only,0.0,23
200,0.00010545022814767435,0.0,0.00010545022814767435,1.0,0.7,0.7358490566037735,0.4827586206896552,D5_semi_day1_2_val_day3_5,three_class_with_air,MLP source only,0.0,23
205,0.00023909643641673028,0.0,0.00023909643641673028,1.0,0.7,0.7358490566037735,0.4827586206896552,D5_semi_day1_2_val_day3_5,three_class_with_air,MLP source only,0.0,23
210,0.00010812095570145175,0.0,0.00010812095570145175,1.0,0.7,0.7358490566037735,0.46551724137931033,D5_semi_day1_2_val_day3_5,three_class_with_air,MLP source only,0.0,23
215,0.00015228809206746519,0.0,0.00015228809206746519,1.0,0.7,0.7421383647798742,0.46551724137931033,D5_semi_day1_2_val_day3_5,three_class_with_air,MLP source only,0.0,23
220,0.00015047346823848784,0.0,0.00015047346823848784,1.0,0.7,0.7484276729559748,0.46551724137931033,D5_semi_day1_2_val_day3_5,three_class_with_air,MLP source only,0.0,23
225,0.001058861380442977,0.0,0.001058861380442977,1.0,0.7,0.7484276729559748,0.46551724137931033,D5_semi_day1_2_val_day3_5,three_class_with_air,MLP source only,0.0,23
230,0.0001611346087884158,0.0,0.0001611346087884158,1.0,0.7,0.7547169811320755,0.4827586206896552,D5_semi_day1_2_val_day3_5,three_class_with_air,MLP source only,0.0,23
235,0.0007108091958798468,0.0,0.0007108091958798468,1.0,0.7,0.7547169811320755,0.4827586206896552,D5_semi_day1_2_val_day3_5,three_class_with_air,MLP source only,0.0,23
240,9.784347639651969e-05,0.0,9.784347639651969e-05,1.0,0.7,0.7547169811320755,0.4827586206896552,D5_semi_day1_2_val_day3_5,three_class_with_air,MLP source only,0.0,23
245,4.870386692346074e-05,0.0,4.870386692346074e-05,1.0,0.7,0.7484276729559748,0.46551724137931033,D5_semi_day1_2_val_day3_5,three_class_with_air,MLP source only,0.0,23
250,5.414526094682515e-05,0.0,5.414526094682515e-05,1.0,0.7,0.7421383647798742,0.46551724137931033,D5_semi_day1_2_val_day3_5,three_class_with_air,MLP source only,0.0,23
255,0.00036224807263351977,0.0,0.00036224807263351977,1.0,0.725,0.7484276729559748,0.4482758620689655,D5_semi_day1_2_val_day3_5,three_class_with_air,MLP source only,0.0,23
260,4.304152389522642e-05,0.0,4.304152389522642e-05,1.0,0.725,0.7547169811320755,0.4482758620689655,D5_semi_day1_2_val_day3_5,three_class_with_air,MLP source only,0.0,23
265,0.00010328688222216442,0.0,0.00010328688222216442,1.0,0.725,0.7484276729559748,0.4482758620689655,D5_semi_day1_2_val_day3_5,three_class_with_air,MLP source only,0.0,23
270,0.00010615038627292961,0.0,0.00010615038627292961,1.0,0.725,0.7547169811320755,0.4482758620689655,D5_semi_day1_2_val_day3_5,three_class_with_air,MLP source only,0.0,23
275,0.0002463665441609919,0.0,0.0002463665441609919,1.0,0.75,0.7484276729559748,0.4482758620689655,D5_semi_day1_2_val_day3_5,three_class_with_air,MLP source only,0.0,23
280,0.00028005550848320127,0.0,0.00028005550848320127,1.0,0.75,0.7484276729559748,0.4482758620689655,D5_semi_day1_2_val_day3_5,three_class_with_air,MLP source only,0.0,23
285,4.704136154032312e-05,0.0,4.704136154032312e-05,1.0,0.75,0.7484276729559748,0.4482758620689655,D5_semi_day1_2_val_day3_5,three_class_with_air,MLP source only,0.0,23
290,0.006729001644998789,0.0,0.006729001644998789,1.0,0.725,0.7672955974842768,0.46551724137931033,D5_semi_day1_2_val_day3_5,three_class_with_air,MLP source only,0.0,23
295,0.0007405547075904906,0.0,0.0007405547075904906,1.0,0.725,0.7358490566037735,0.4482758620689655,D5_semi_day1_2_val_day3_5,three_class_with_air,MLP source only,0.0,23
300,0.17323899269104004,0.0,0.17323899269104004,1.0,0.725,0.7358490566037735,0.46551724137931033,D5_semi_day1_2_val_day3_5,three_class_with_air,MLP source only,0.0,23
305,0.0327586904168129,0.0,0.0327586904168129,1.0,0.725,0.7295597484276729,0.5,D5_semi_day1_2_val_day3_5,three_class_with_air,MLP source only,0.0,23
310,0.056874100118875504,0.0,0.056874100118875504,1.0,0.7,0.7295597484276729,0.46551724137931033,D5_semi_day1_2_val_day3_5,three_class_with_air,MLP source only,0.0,23
315,0.014918469823896885,0.0,0.014918469823896885,1.0,0.675,0.7484276729559748,0.4482758620689655,D5_semi_day1_2_val_day3_5,three_class_with_air,MLP source only,0.0,23
320,0.0011480997782200575,0.0,0.0011480997782200575,1.0,0.65,0.7358490566037735,0.39655172413793105,D5_semi_day1_2_val_day3_5,three_class_with_air,MLP source only,0.0,23
325,0.0006628994597122073,0.0,0.0006628994597122073,1.0,0.675,0.7295597484276729,0.41379310344827586,D5_semi_day1_2_val_day3_5,three_class_with_air,MLP source only,0.0,23
330,0.00036699589691124856,0.0,0.00036699589691124856,1.0,0.675,0.7232704402515723,0.41379310344827586,D5_semi_day1_2_val_day3_5,three_class_with_air,MLP source only,0.0,23
335,0.0016550672007724643,0.0,0.0016550672007724643,1.0,0.675,0.7232704402515723,0.41379310344827586,D5_semi_day1_2_val_day3_5,three_class_with_air,MLP source only,0.0,23
340,0.0003305737627670169,0.0,0.0003305737627670169,1.0,0.675,0.7232704402515723,0.39655172413793105,D5_semi_day1_2_val_day3_5,three_class_with_air,MLP source only,0.0,23
345,0.0006966451765038073,0.0,0.0006966451765038073,1.0,0.7,0.7232704402515723,0.39655172413793105,D5_semi_day1_2_val_day3_5,three_class_with_air,MLP source only,0.0,23
350,3.394334271433763e-05,0.0,3.394334271433763e-05,1.0,0.7,0.7295597484276729,0.39655172413793105,D5_semi_day1_2_val_day3_5,three_class_with_air,MLP source only,0.0,23
355,0.0001276875991607085,0.0,0.0001276875991607085,1.0,0.675,0.7358490566037735,0.39655172413793105,D5_semi_day1_2_val_day3_5,three_class_with_air,MLP source only,0.0,23
360,4.0172850276576355e-05,0.0,4.0172850276576355e-05,1.0,0.65,0.7358490566037735,0.41379310344827586,D5_semi_day1_2_val_day3_5,three_class_with_air,MLP source only,0.0,23
365,0.0010925255483016372,0.0,0.0010925255483016372,1.0,0.6,0.7610062893081762,0.43103448275862066,D5_semi_day1_2_val_day3_5,three_class_with_air,MLP source only,0.0,23
370,0.0005965953459963202,0.0,0.0005965953459963202,1.0,0.65,0.7484276729559748,0.43103448275862066,D5_semi_day1_2_val_day3_5,three_class_with_air,MLP source only,0.0,23
375,0.00027209718246012926,0.0,0.00027209718246012926,1.0,0.65,0.7547169811320755,0.43103448275862066,D5_semi_day1_2_val_day3_5,three_class_with_air,MLP source only,0.0,23
380,0.0007937487098388374,0.0,0.0007937487098388374,1.0,0.675,0.7421383647798742,0.43103448275862066,D5_semi_day1_2_val_day3_5,three_class_with_air,MLP source only,0.0,23
385,2.0753412172780372e-05,0.0,2.0753412172780372e-05,1.0,0.65,0.7232704402515723,0.43103448275862066,D5_semi_day1_2_val_day3_5,three_class_with_air,MLP source only,0.0,23
390,0.00013885721273254603,0.0,0.00013885721273254603,1.0,0.675,0.7295597484276729,0.41379310344827586,D5_semi_day1_2_val_day3_5,three_class_with_air,MLP source only,0.0,23
395,2.1091951566631906e-05,0.0,2.1091951566631906e-05,1.0,0.7,0.7169811320754716,0.41379310344827586,D5_semi_day1_2_val_day3_5,three_class_with_air,MLP source only,0.0,23
400,2.4415738153038546e-05,0.0,2.4415738153038546e-05,1.0,0.675,0.7232704402515723,0.41379310344827586,D5_semi_day1_2_val_day3_5,three_class_with_air,MLP source only,0.0,23
1,1.1357855796813965,0.6945967674255371,1.8303823471069336,0.4,0.55,0.559748427672956,0.5172413793103449,D5_semi_day1_2_val_day3_5,three_class_with_air,DANN-UDA,0.05,11
5,0.8349671363830566,0.683634340763092,1.518601417541504,0.5,0.325,0.49056603773584906,0.5517241379310345,D5_semi_day1_2_val_day3_5,three_class_with_air,DANN-UDA,0.05,11
10,0.6398414969444275,0.6476485133171082,1.2874900102615356,0.8333333333333334,0.65,0.6792452830188679,0.6379310344827587,D5_semi_day1_2_val_day3_5,three_class_with_air,DANN-UDA,0.05,11
15,0.4522611200809479,0.6310805678367615,1.0833417177200317,0.8333333333333334,0.7,0.6729559748427673,0.5862068965517241,D5_semi_day1_2_val_day3_5,three_class_with_air,DANN-UDA,0.05,11
20,0.2641325891017914,0.6330382823944092,0.897170901298523,0.9,0.725,0.7232704402515723,0.6724137931034483,D5_semi_day1_2_val_day3_5,three_class_with_air,DANN-UDA,0.05,11
25,0.1483287215232849,0.6106415390968323,0.7589702606201172,1.0,0.725,0.7358490566037735,0.6724137931034483,D5_semi_day1_2_val_day3_5,three_class_with_air,DANN-UDA,0.05,11
30,0.08488007634878159,0.6051716208457947,0.6900516748428345,1.0,0.725,0.7610062893081762,0.6896551724137931,D5_semi_day1_2_val_day3_5,three_class_with_air,DANN-UDA,0.05,11
35,0.03828928992152214,0.608502209186554,0.6467915177345276,1.0,0.725,0.7610062893081762,0.6551724137931034,D5_semi_day1_2_val_day3_5,three_class_with_air,DANN-UDA,0.05,11
40,0.039991773664951324,0.6300317645072937,0.6700235605239868,1.0,0.65,0.7547169811320755,0.6724137931034483,D5_semi_day1_2_val_day3_5,three_class_with_air,DANN-UDA,0.05,11
45,0.004820438101887703,0.6506657600402832,0.6554862260818481,1.0,0.7,0.7672955974842768,0.5862068965517241,D5_semi_day1_2_val_day3_5,three_class_with_air,DANN-UDA,0.05,11
50,0.05539292097091675,0.6414676904678345,0.6968606114387512,1.0,0.65,0.7547169811320755,0.603448275862069,D5_semi_day1_2_val_day3_5,three_class_with_air,DANN-UDA,0.05,11
55,0.014853687956929207,0.6597594618797302,0.6746131777763367,1.0,0.6,0.7295597484276729,0.603448275862069,D5_semi_day1_2_val_day3_5,three_class_with_air,DANN-UDA,0.05,11
60,0.0032604525331407785,0.6368388533592224,0.640099287033081,1.0,0.625,0.7358490566037735,0.6379310344827587,D5_semi_day1_2_val_day3_5,three_class_with_air,DANN-UDA,0.05,11
65,0.009575432166457176,0.5686426758766174,0.5782181024551392,1.0,0.675,0.710691823899371,0.7068965517241379,D5_semi_day1_2_val_day3_5,three_class_with_air,DANN-UDA,0.05,11
70,0.005881637334823608,0.5726335048675537,0.5785151720046997,1.0,0.625,0.7044025157232704,0.7758620689655172,D5_semi_day1_2_val_day3_5,three_class_with_air,DANN-UDA,0.05,11
75,0.002714915666729212,0.5314216613769531,0.5341365933418274,1.0,0.625,0.7169811320754716,0.7931034482758621,D5_semi_day1_2_val_day3_5,three_class_with_air,DANN-UDA,0.05,11
80,0.0031487238593399525,0.5554499626159668,0.5585986971855164,1.0,0.575,0.7232704402515723,0.7758620689655172,D5_semi_day1_2_val_day3_5,three_class_with_air,DANN-UDA,0.05,11
85,0.0011724797077476978,0.5400659441947937,0.5412384271621704,1.0,0.65,0.7295597484276729,0.7758620689655172,D5_semi_day1_2_val_day3_5,three_class_with_air,DANN-UDA,0.05,11
90,0.0015707139391452074,0.6012880206108093,0.6028587222099304,1.0,0.7,0.7358490566037735,0.6551724137931034,D5_semi_day1_2_val_day3_5,three_class_with_air,DANN-UDA,0.05,11
95,0.0005462608532980084,0.5772765874862671,0.5778228640556335,1.0,0.7,0.7232704402515723,0.6206896551724138,D5_semi_day1_2_val_day3_5,three_class_with_air,DANN-UDA,0.05,11
100,0.001677349559031427,0.7490788698196411,0.7507562041282654,1.0,0.7,0.7358490566037735,0.5689655172413793,D5_semi_day1_2_val_day3_5,three_class_with_air,DANN-UDA,0.05,11
105,0.0014747298555448651,0.7353366613388062,0.7368113994598389,1.0,0.625,0.7232704402515723,0.6206896551724138,D5_semi_day1_2_val_day3_5,three_class_with_air,DANN-UDA,0.05,11
110,0.0022491919808089733,0.6230674386024475,0.6253166198730469,1.0,0.625,0.7232704402515723,0.6551724137931034,D5_semi_day1_2_val_day3_5,three_class_with_air,DANN-UDA,0.05,11
115,0.02790692076086998,0.5761788487434387,0.6040857434272766,1.0,0.7,0.7295597484276729,0.6551724137931034,D5_semi_day1_2_val_day3_5,three_class_with_air,DANN-UDA,0.05,11
120,0.0014087604358792305,0.5716539621353149,0.5730627179145813,1.0,0.675,0.7295597484276729,0.7413793103448276,D5_semi_day1_2_val_day3_5,three_class_with_air,DANN-UDA,0.05,11
125,0.0007838277379050851,0.5086446404457092,0.5094284415245056,1.0,0.7,0.7547169811320755,0.7758620689655172,D5_semi_day1_2_val_day3_5,three_class_with_air,DANN-UDA,0.05,11
130,0.00029876764165237546,0.47351667284965515,0.4738154411315918,1.0,0.75,0.7735849056603774,0.7931034482758621,D5_semi_day1_2_val_day3_5,three_class_with_air,DANN-UDA,0.05,11
135,0.00024614937137812376,0.4760516583919525,0.4762977957725525,1.0,0.725,0.7610062893081762,0.7758620689655172,D5_semi_day1_2_val_day3_5,three_class_with_air,DANN-UDA,0.05,11
140,0.002558118663728237,0.4540136158466339,0.4565717279911041,1.0,0.675,0.7421383647798742,0.7586206896551724,D5_semi_day1_2_val_day3_5,three_class_with_air,DANN-UDA,0.05,11
145,0.0005495639052242041,0.4616704285144806,0.4622199833393097,1.0,0.725,0.7547169811320755,0.7068965517241379,D5_semi_day1_2_val_day3_5,three_class_with_air,DANN-UDA,0.05,11
150,0.0013261946151033044,0.6764538288116455,0.677780032157898,1.0,0.75,0.7735849056603774,0.6551724137931034,D5_semi_day1_2_val_day3_5,three_class_with_air,DANN-UDA,0.05,11
155,0.00047103356337174773,0.6970712542533875,0.6975423097610474,1.0,0.775,0.7735849056603774,0.5344827586206896,D5_semi_day1_2_val_day3_5,three_class_with_air,DANN-UDA,0.05,11
160,0.0008527634781785309,0.7718860507011414,0.7727388143539429,1.0,0.75,0.7421383647798742,0.5689655172413793,D5_semi_day1_2_val_day3_5,three_class_with_air,DANN-UDA,0.05,11
165,0.007264310959726572,0.7335339784622192,0.74079829454422,1.0,0.7,0.710691823899371,0.6379310344827587,D5_semi_day1_2_val_day3_5,three_class_with_air,DANN-UDA,0.05,11
170,0.0005386920529417694,0.6959503293037415,0.6964890360832214,1.0,0.725,0.7610062893081762,0.5517241379310345,D5_semi_day1_2_val_day3_5,three_class_with_air,DANN-UDA,0.05,11
175,0.004968596622347832,0.676919162273407,0.6818877458572388,1.0,0.8,0.7924528301886793,0.6379310344827587,D5_semi_day1_2_val_day3_5,three_class_with_air,DANN-UDA,0.05,11
180,0.00240462739020586,0.6008656620979309,0.6032702922821045,1.0,0.775,0.8176100628930818,0.6724137931034483,D5_semi_day1_2_val_day3_5,three_class_with_air,DANN-UDA,0.05,11
185,0.0022579883225262165,0.5514658689498901,0.5537238717079163,1.0,0.8,0.8113207547169812,0.7758620689655172,D5_semi_day1_2_val_day3_5,three_class_with_air,DANN-UDA,0.05,11
190,0.00022335366520565003,0.5211555361747742,0.5213788747787476,1.0,0.825,0.8364779874213837,0.8103448275862069,D5_semi_day1_2_val_day3_5,three_class_with_air,DANN-UDA,0.05,11
195,0.00017971344641409814,0.5916170477867126,0.5917967557907104,1.0,0.825,0.8427672955974843,0.7586206896551724,D5_semi_day1_2_val_day3_5,three_class_with_air,DANN-UDA,0.05,11
200,0.00012804199650418013,0.6484304666519165,0.648558497428894,1.0,0.875,0.8490566037735849,0.7241379310344828,D5_semi_day1_2_val_day3_5,three_class_with_air,DANN-UDA,0.05,11
205,4.428459578775801e-05,0.6521363854408264,0.6521806716918945,1.0,0.875,0.8616352201257862,0.6206896551724138,D5_semi_day1_2_val_day3_5,three_class_with_air,DANN-UDA,0.05,11
210,0.00021878098777960986,0.7100505232810974,0.7102693319320679,1.0,0.9,0.8679245283018868,0.6206896551724138,D5_semi_day1_2_val_day3_5,three_class_with_air,DANN-UDA,0.05,11
215,8.050321048358455e-05,0.6947827935218811,0.6948633193969727,1.0,0.9,0.8679245283018868,0.5689655172413793,D5_semi_day1_2_val_day3_5,three_class_with_air,DANN-UDA,0.05,11
220,0.00022467882081400603,0.6770421862602234,0.6772668361663818,1.0,0.9,0.8616352201257862,0.5862068965517241,D5_semi_day1_2_val_day3_5,three_class_with_air,DANN-UDA,0.05,11
225,0.00027180599863640964,0.6439383029937744,0.6442101001739502,1.0,0.9,0.8679245283018868,0.6724137931034483,D5_semi_day1_2_val_day3_5,three_class_with_air,DANN-UDA,0.05,11
230,0.0012902523158118129,0.6332035064697266,0.6344937682151794,1.0,0.9,0.8616352201257862,0.6551724137931034,D5_semi_day1_2_val_day3_5,three_class_with_air,DANN-UDA,0.05,11
235,0.0006084921187721193,0.6581604480743408,0.6587689518928528,1.0,0.875,0.8679245283018868,0.603448275862069,D5_semi_day1_2_val_day3_5,three_class_with_air,DANN-UDA,0.05,11
240,0.05909967049956322,0.6517417430877686,0.7108414173126221,1.0,0.875,0.8616352201257862,0.6724137931034483,D5_semi_day1_2_val_day3_5,three_class_with_air,DANN-UDA,0.05,11
245,0.0012486904161050916,0.5667836666107178,0.5680323839187622,1.0,0.8,0.8238993710691824,0.7586206896551724,D5_semi_day1_2_val_day3_5,three_class_with_air,DANN-UDA,0.05,11
250,0.0007978296489454806,0.564333975315094,0.5651317834854126,1.0,0.825,0.8176100628930818,0.6896551724137931,D5_semi_day1_2_val_day3_5,three_class_with_air,DANN-UDA,0.05,11
255,0.0014463468687608838,0.608588695526123,0.6100350618362427,1.0,0.8,0.8113207547169812,0.6896551724137931,D5_semi_day1_2_val_day3_5,three_class_with_air,DANN-UDA,0.05,11
260,0.0067046997137367725,0.6290560364723206,0.6357607245445251,1.0,0.75,0.779874213836478,0.7586206896551724,D5_semi_day1_2_val_day3_5,three_class_with_air,DANN-UDA,0.05,11
265,0.004929309710860252,0.6768482327461243,0.6817775368690491,1.0,0.8,0.7861635220125787,0.6724137931034483,D5_semi_day1_2_val_day3_5,three_class_with_air,DANN-UDA,0.05,11
270,0.0005751744611188769,0.6626922488212585,0.6632674336433411,1.0,0.775,0.8113207547169812,0.6379310344827587,D5_semi_day1_2_val_day3_5,three_class_with_air,DANN-UDA,0.05,11
275,0.007611033506691456,0.742610514163971,0.7502215504646301,1.0,0.775,0.8050314465408805,0.4827586206896552,D5_semi_day1_2_val_day3_5,three_class_with_air,DANN-UDA,0.05,11
280,0.0002632920804899186,0.8146369457244873,0.8149002194404602,1.0,0.75,0.7924528301886793,0.5,D5_semi_day1_2_val_day3_5,three_class_with_air,DANN-UDA,0.05,11
285,6.99512311257422e-05,0.7940710783004761,0.7941410541534424,1.0,0.75,0.7861635220125787,0.4827586206896552,D5_semi_day1_2_val_day3_5,three_class_with_air,DANN-UDA,0.05,11
290,0.00021460354037117213,0.7056928277015686,0.70590740442276,1.0,0.75,0.7924528301886793,0.5172413793103449,D5_semi_day1_2_val_day3_5,three_class_with_air,DANN-UDA,0.05,11
295,0.04023567959666252,0.694179117679596,0.73441481590271,1.0,0.725,0.7924528301886793,0.5862068965517241,D5_semi_day1_2_val_day3_5,three_class_with_air,DANN-UDA,0.05,11
300,0.001550680841319263,0.6480427384376526,0.6495934128761292,1.0,0.7,0.7924528301886793,0.6206896551724138,D5_semi_day1_2_val_day3_5,three_class_with_air,DANN-UDA,0.05,11
305,6.26497421762906e-05,0.6548655033111572,0.6549281477928162,1.0,0.725,0.7484276729559748,0.6206896551724138,D5_semi_day1_2_val_day3_5,three_class_with_air,DANN-UDA,0.05,11
310,0.0006279441295191646,0.6554940342903137,0.6561219692230225,1.0,0.675,0.7610062893081762,0.6206896551724138,D5_semi_day1_2_val_day3_5,three_class_with_air,DANN-UDA,0.05,11
315,0.0010069658746942878,0.6553467512130737,0.6563537120819092,1.0,0.675,0.7610062893081762,0.6379310344827587,D5_semi_day1_2_val_day3_5,three_class_with_air,DANN-UDA,0.05,11
320,7.281969737960026e-05,0.6385810971260071,0.6386539340019226,1.0,0.725,0.7735849056603774,0.5689655172413793,D5_semi_day1_2_val_day3_5,three_class_with_air,DANN-UDA,0.05,11
325,0.0002726487291511148,0.638733446598053,0.6390060782432556,1.0,0.75,0.7861635220125787,0.6379310344827587,D5_semi_day1_2_val_day3_5,three_class_with_air,DANN-UDA,0.05,11
330,0.0014780076453462243,0.6351765990257263,0.6366546154022217,1.0,0.75,0.7987421383647799,0.6206896551724138,D5_semi_day1_2_val_day3_5,three_class_with_air,DANN-UDA,0.05,11
335,6.0459497035481036e-05,0.6499043107032776,0.6499647498130798,1.0,0.75,0.7987421383647799,0.603448275862069,D5_semi_day1_2_val_day3_5,three_class_with_air,DANN-UDA,0.05,11
340,0.00014474979252554476,0.6237764954566956,0.6239212155342102,1.0,0.75,0.8050314465408805,0.6379310344827587,D5_semi_day1_2_val_day3_5,three_class_with_air,DANN-UDA,0.05,11
345,0.00010599000233924016,0.633510410785675,0.6336163878440857,1.0,0.75,0.7987421383647799,0.6724137931034483,D5_semi_day1_2_val_day3_5,three_class_with_air,DANN-UDA,0.05,11
350,7.689453195780516e-05,0.6313529014587402,0.6314297914505005,1.0,0.75,0.7861635220125787,0.7068965517241379,D5_semi_day1_2_val_day3_5,three_class_with_air,DANN-UDA,0.05,11
355,0.001657351036556065,0.6513534188270569,0.6530107855796814,1.0,0.75,0.7735849056603774,0.6724137931034483,D5_semi_day1_2_val_day3_5,three_class_with_air,DANN-UDA,0.05,11
360,9.208998380927369e-05,0.64003986120224,0.640131950378418,1.0,0.75,0.7672955974842768,0.603448275862069,D5_semi_day1_2_val_day3_5,three_class_with_air,DANN-UDA,0.05,11
365,0.00015521894965786487,0.6505124568939209,0.650667667388916,1.0,0.75,0.779874213836478,0.6206896551724138,D5_semi_day1_2_val_day3_5,three_class_with_air,DANN-UDA,0.05,11
370,0.00017907230358105153,0.6763132810592651,0.6764923334121704,1.0,0.75,0.779874213836478,0.5862068965517241,D5_semi_day1_2_val_day3_5,three_class_with_air,DANN-UDA,0.05,11
375,0.00024532005772925913,0.6924382448196411,0.6926835775375366,1.0,0.75,0.779874213836478,0.5862068965517241,D5_semi_day1_2_val_day3_5,three_class_with_air,DANN-UDA,0.05,11
380,7.940788054838777e-05,0.7126619219779968,0.7127413153648376,1.0,0.775,0.7861635220125787,0.5344827586206896,D5_semi_day1_2_val_day3_5,three_class_with_air,DANN-UDA,0.05,11
385,3.113011553068645e-05,0.6917102336883545,0.6917413473129272,1.0,0.775,0.7861635220125787,0.5172413793103449,D5_semi_day1_2_val_day3_5,three_class_with_air,DANN-UDA,0.05,11
390,3.700184970512055e-05,0.6784482598304749,0.6784852743148804,1.0,0.775,0.7924528301886793,0.5517241379310345,D5_semi_day1_2_val_day3_5,three_class_with_air,DANN-UDA,0.05,11
395,4.1518345824442804e-05,0.6622726321220398,0.6623141765594482,1.0,0.775,0.7924528301886793,0.603448275862069,D5_semi_day1_2_val_day3_5,three_class_with_air,DANN-UDA,0.05,11
400,0.0001985559065360576,0.6824901700019836,0.6826887130737305,1.0,0.75,0.7924528301886793,0.603448275862069,D5_semi_day1_2_val_day3_5,three_class_with_air,DANN-UDA,0.05,11
1,1.0794093608856201,0.0,1.0794093608856201,0.5344827586206896,0.325,0.4025157232704403,0.5,D5_semi_day1_2_val_day3_5,three_class_with_air,MLP source + target labels,0.0,23
5,0.7666380405426025,0.0,0.7666380405426025,0.6724137931034483,0.375,0.5660377358490566,0.5862068965517241,D5_semi_day1_2_val_day3_5,three_class_with_air,MLP source + target labels,0.0,23
10,0.5080974698066711,0.0,0.5080974698066711,0.7758620689655172,0.65,0.7232704402515723,0.5,D5_semi_day1_2_val_day3_5,three_class_with_air,MLP source + target labels,0.0,23
15,0.30545011162757874,0.0,0.30545011162757874,0.8793103448275862,0.9,0.8616352201257862,0.4827586206896552,D5_semi_day1_2_val_day3_5,three_class_with_air,MLP source + target labels,0.0,23
20,0.21088075637817383,0.0,0.21088075637817383,0.9482758620689655,0.9,0.8742138364779874,0.5862068965517241,D5_semi_day1_2_val_day3_5,three_class_with_air,MLP source + target labels,0.0,23
25,0.09451710432767868,0.0,0.09451710432767868,0.9655172413793104,0.9,0.8427672955974843,0.6379310344827587,D5_semi_day1_2_val_day3_5,three_class_with_air,MLP source + target labels,0.0,23
30,0.030985290184617043,0.0,0.030985290184617043,1.0,0.925,0.8364779874213837,0.5689655172413793,D5_semi_day1_2_val_day3_5,three_class_with_air,MLP source + target labels,0.0,23
35,0.04603629931807518,0.0,0.04603629931807518,1.0,0.925,0.8364779874213837,0.5517241379310345,D5_semi_day1_2_val_day3_5,three_class_with_air,MLP source + target labels,0.0,23
40,0.009806789457798004,0.0,0.009806789457798004,1.0,0.875,0.8301886792452831,0.5,D5_semi_day1_2_val_day3_5,three_class_with_air,MLP source + target labels,0.0,23
45,0.010751183144748211,0.0,0.010751183144748211,1.0,0.85,0.7924528301886793,0.43103448275862066,D5_semi_day1_2_val_day3_5,three_class_with_air,MLP source + target labels,0.0,23
50,0.0036942576989531517,0.0,0.0036942576989531517,1.0,0.85,0.8176100628930818,0.4827586206896552,D5_semi_day1_2_val_day3_5,three_class_with_air,MLP source + target labels,0.0,23
55,0.0017845098627731204,0.0,0.0017845098627731204,1.0,0.8,0.8113207547169812,0.4827586206896552,D5_semi_day1_2_val_day3_5,three_class_with_air,MLP source + target labels,0.0,23
60,0.0025691387709230185,0.0,0.0025691387709230185,1.0,0.825,0.8113207547169812,0.4482758620689655,D5_semi_day1_2_val_day3_5,three_class_with_air,MLP source + target labels,0.0,23
65,0.0014114018995314837,0.0,0.0014114018995314837,1.0,0.825,0.8050314465408805,0.43103448275862066,D5_semi_day1_2_val_day3_5,three_class_with_air,MLP source + target labels,0.0,23
70,0.0015033448580652475,0.0,0.0015033448580652475,1.0,0.825,0.7987421383647799,0.43103448275862066,D5_semi_day1_2_val_day3_5,three_class_with_air,MLP source + target labels,0.0,23
75,0.026461564004421234,0.0,0.026461564004421234,1.0,0.825,0.7924528301886793,0.43103448275862066,D5_semi_day1_2_val_day3_5,three_class_with_air,MLP source + target labels,0.0,23
80,0.001913577551022172,0.0,0.001913577551022172,1.0,0.8,0.7861635220125787,0.4482758620689655,D5_semi_day1_2_val_day3_5,three_class_with_air,MLP source + target labels,0.0,23
85,0.001245307270437479,0.0,0.001245307270437479,1.0,0.8,0.7861635220125787,0.4482758620689655,D5_semi_day1_2_val_day3_5,three_class_with_air,MLP source + target labels,0.0,23
90,0.00039810172165744007,0.0,0.00039810172165744007,1.0,0.8,0.7924528301886793,0.46551724137931033,D5_semi_day1_2_val_day3_5,three_class_with_air,MLP source + target labels,0.0,23
95,0.00047455119783990085,0.0,0.00047455119783990085,1.0,0.775,0.7861635220125787,0.4482758620689655,D5_semi_day1_2_val_day3_5,three_class_with_air,MLP source + target labels,0.0,23
100,0.00022630130115430802,0.0,0.00022630130115430802,1.0,0.775,0.7987421383647799,0.4482758620689655,D5_semi_day1_2_val_day3_5,three_class_with_air,MLP source + target labels,0.0,23
105,0.00017243869660887867,0.0,0.00017243869660887867,1.0,0.775,0.8050314465408805,0.4482758620689655,D5_semi_day1_2_val_day3_5,three_class_with_air,MLP source + target labels,0.0,23
110,0.001858365722000599,0.0,0.001858365722000599,1.0,0.775,0.8050314465408805,0.43103448275862066,D5_semi_day1_2_val_day3_5,three_class_with_air,MLP source + target labels,0.0,23
115,0.0002841803361661732,0.0,0.0002841803361661732,1.0,0.85,0.8238993710691824,0.4482758620689655,D5_semi_day1_2_val_day3_5,three_class_with_air,MLP source + target labels,0.0,23
120,0.0005666572833433747,0.0,0.0005666572833433747,1.0,0.875,0.8176100628930818,0.4482758620689655,D5_semi_day1_2_val_day3_5,three_class_with_air,MLP source + target labels,0.0,23
125,0.050019655376672745,0.0,0.050019655376672745,1.0,0.875,0.8113207547169812,0.43103448275862066,D5_semi_day1_2_val_day3_5,three_class_with_air,MLP source + target labels,0.0,23
130,0.0036405581049621105,0.0,0.0036405581049621105,1.0,0.825,0.8301886792452831,0.4827586206896552,D5_semi_day1_2_val_day3_5,three_class_with_air,MLP source + target labels,0.0,23
135,0.0015902223531156778,0.0,0.0015902223531156778,1.0,0.85,0.8238993710691824,0.4827586206896552,D5_semi_day1_2_val_day3_5,three_class_with_air,MLP source + target labels,0.0,23
140,0.0038317712023854256,0.0,0.0038317712023854256,1.0,0.825,0.8176100628930818,0.4827586206896552,D5_semi_day1_2_val_day3_5,three_class_with_air,MLP source + target labels,0.0,23
145,0.0012147047091275454,0.0,0.0012147047091275454,1.0,0.85,0.8176100628930818,0.46551724137931033,D5_semi_day1_2_val_day3_5,three_class_with_air,MLP source + target labels,0.0,23
150,0.00032140122493728995,0.0,0.00032140122493728995,1.0,0.85,0.8176100628930818,0.4827586206896552,D5_semi_day1_2_val_day3_5,three_class_with_air,MLP source + target labels,0.0,23
155,0.000512807397171855,0.0,0.000512807397171855,1.0,0.85,0.8238993710691824,0.46551724137931033,D5_semi_day1_2_val_day3_5,three_class_with_air,MLP source + target labels,0.0,23
160,0.0004922436201013625,0.0,0.0004922436201013625,1.0,0.825,0.8176100628930818,0.4827586206896552,D5_semi_day1_2_val_day3_5,three_class_with_air,MLP source + target labels,0.0,23
165,0.0011804616078734398,0.0,0.0011804616078734398,1.0,0.825,0.8176100628930818,0.4827586206896552,D5_semi_day1_2_val_day3_5,three_class_with_air,MLP source + target labels,0.0,23
170,0.0014985561138018966,0.0,0.0014985561138018966,1.0,0.825,0.8113207547169812,0.46551724137931033,D5_semi_day1_2_val_day3_5,three_class_with_air,MLP source + target labels,0.0,23
175,0.004694345407187939,0.0,0.004694345407187939,1.0,0.85,0.8113207547169812,0.4482758620689655,D5_semi_day1_2_val_day3_5,three_class_with_air,MLP source + target labels,0.0,23
180,0.0027489466592669487,0.0,0.0027489466592669487,1.0,0.85,0.8113207547169812,0.46551724137931033,D5_semi_day1_2_val_day3_5,three_class_with_air,MLP source + target labels,0.0,23
185,0.0007613087655045092,0.0,0.0007613087655045092,1.0,0.825,0.8113207547169812,0.46551724137931033,D5_semi_day1_2_val_day3_5,three_class_with_air,MLP source + target labels,0.0,23
190,0.0013599322410300374,0.0,0.0013599322410300374,1.0,0.825,0.8238993710691824,0.46551724137931033,D5_semi_day1_2_val_day3_5,three_class_with_air,MLP source + target labels,0.0,23
195,0.0003020060539711267,0.0,0.0003020060539711267,1.0,0.825,0.8176100628930818,0.4482758620689655,D5_semi_day1_2_val_day3_5,three_class_with_air,MLP source + target labels,0.0,23
200,0.000694400689098984,0.0,0.000694400689098984,1.0,0.825,0.8113207547169812,0.4482758620689655,D5_semi_day1_2_val_day3_5,three_class_with_air,MLP source + target labels,0.0,23
205,7.168557931436226e-05,0.0,7.168557931436226e-05,1.0,0.825,0.8050314465408805,0.4482758620689655,D5_semi_day1_2_val_day3_5,three_class_with_air,MLP source + target labels,0.0,23
210,0.0001089127836166881,0.0,0.0001089127836166881,1.0,0.825,0.7924528301886793,0.43103448275862066,D5_semi_day1_2_val_day3_5,three_class_with_air,MLP source + target labels,0.0,23
215,9.632594446884468e-05,0.0,9.632594446884468e-05,1.0,0.8,0.7861635220125787,0.4482758620689655,D5_semi_day1_2_val_day3_5,three_class_with_air,MLP source + target labels,0.0,23
220,0.00012676126789301634,0.0,0.00012676126789301634,1.0,0.8,0.779874213836478,0.4482758620689655,D5_semi_day1_2_val_day3_5,three_class_with_air,MLP source + target labels,0.0,23
225,8.093551878118888e-05,0.0,8.093551878118888e-05,1.0,0.8,0.7735849056603774,0.4482758620689655,D5_semi_day1_2_val_day3_5,three_class_with_air,MLP source + target labels,0.0,23
230,0.00016479547775816172,0.0,0.00016479547775816172,1.0,0.8,0.7672955974842768,0.4482758620689655,D5_semi_day1_2_val_day3_5,three_class_with_air,MLP source + target labels,0.0,23
235,0.00021684322564397007,0.0,0.00021684322564397007,1.0,0.8,0.7672955974842768,0.4482758620689655,D5_semi_day1_2_val_day3_5,three_class_with_air,MLP source + target labels,0.0,23
240,0.00010672189091565087,0.0,0.00010672189091565087,1.0,0.8,0.7672955974842768,0.4482758620689655,D5_semi_day1_2_val_day3_5,three_class_with_air,MLP source + target labels,0.0,23
245,0.00014447195280808955,0.0,0.00014447195280808955,1.0,0.8,0.779874213836478,0.4482758620689655,D5_semi_day1_2_val_day3_5,three_class_with_air,MLP source + target labels,0.0,23
250,0.00019302246801089495,0.0,0.00019302246801089495,1.0,0.8,0.779874213836478,0.4482758620689655,D5_semi_day1_2_val_day3_5,three_class_with_air,MLP source + target labels,0.0,23
255,6.60372752463445e-05,0.0,6.60372752463445e-05,1.0,0.8,0.779874213836478,0.4482758620689655,D5_semi_day1_2_val_day3_5,three_class_with_air,MLP source + target labels,0.0,23
260,0.0007617721566930413,0.0,0.0007617721566930413,1.0,0.8,0.779874213836478,0.4482758620689655,D5_semi_day1_2_val_day3_5,three_class_with_air,MLP source + target labels,0.0,23
265,0.00016923915245570242,0.0,0.00016923915245570242,1.0,0.8,0.7735849056603774,0.43103448275862066,D5_semi_day1_2_val_day3_5,three_class_with_air,MLP source + target labels,0.0,23
270,0.00036218881723470986,0.0,0.00036218881723470986,1.0,0.8,0.7735849056603774,0.43103448275862066,D5_semi_day1_2_val_day3_5,three_class_with_air,MLP source + target labels,0.0,23
275,0.00016027624951675534,0.0,0.00016027624951675534,1.0,0.8,0.7672955974842768,0.43103448275862066,D5_semi_day1_2_val_day3_5,three_class_with_air,MLP source + target labels,0.0,23
280,0.0002310692216269672,0.0,0.0002310692216269672,1.0,0.8,0.7672955974842768,0.43103448275862066,D5_semi_day1_2_val_day3_5,three_class_with_air,MLP source + target labels,0.0,23
285,0.00021263802773319185,0.0,0.00021263802773319185,1.0,0.8,0.7735849056603774,0.43103448275862066,D5_semi_day1_2_val_day3_5,three_class_with_air,MLP source + target labels,0.0,23
290,0.00011160441499669105,0.0,0.00011160441499669105,1.0,0.8,0.7735849056603774,0.43103448275862066,D5_semi_day1_2_val_day3_5,three_class_with_air,MLP source + target labels,0.0,23
295,0.00015153772255871445,0.0,0.00015153772255871445,1.0,0.8,0.7735849056603774,0.43103448275862066,D5_semi_day1_2_val_day3_5,three_class_with_air,MLP source + target labels,0.0,23
300,9.077748109120876e-05,0.0,9.077748109120876e-05,1.0,0.8,0.779874213836478,0.43103448275862066,D5_semi_day1_2_val_day3_5,three_class_with_air,MLP source + target labels,0.0,23
305,5.27262563991826e-05,0.0,5.27262563991826e-05,1.0,0.8,0.7735849056603774,0.43103448275862066,D5_semi_day1_2_val_day3_5,three_class_with_air,MLP source + target labels,0.0,23
310,4.148601510678418e-05,0.0,4.148601510678418e-05,1.0,0.8,0.7735849056603774,0.43103448275862066,D5_semi_day1_2_val_day3_5,three_class_with_air,MLP source + target labels,0.0,23
315,0.0038865976966917515,0.0,0.0038865976966917515,1.0,0.8,0.7735849056603774,0.43103448275862066,D5_semi_day1_2_val_day3_5,three_class_with_air,MLP source + target labels,0.0,23
320,0.00047294332762248814,0.0,0.00047294332762248814,1.0,0.8,0.779874213836478,0.4482758620689655,D5_semi_day1_2_val_day3_5,three_class_with_air,MLP source + target labels,0.0,23
325,0.00022989964054431766,0.0,0.00022989964054431766,1.0,0.8,0.779874213836478,0.4482758620689655,D5_semi_day1_2_val_day3_5,three_class_with_air,MLP source + target labels,0.0,23
330,5.2371746278367937e-05,0.0,5.2371746278367937e-05,1.0,0.8,0.7735849056603774,0.4482758620689655,D5_semi_day1_2_val_day3_5,three_class_with_air,MLP source + target labels,0.0,23
335,0.00014217174611985683,0.0,0.00014217174611985683,1.0,0.8,0.779874213836478,0.43103448275862066,D5_semi_day1_2_val_day3_5,three_class_with_air,MLP source + target labels,0.0,23
340,8.839922520564869e-05,0.0,8.839922520564869e-05,1.0,0.8,0.7861635220125787,0.43103448275862066,D5_semi_day1_2_val_day3_5,three_class_with_air,MLP source + target labels,0.0,23
345,0.00030368889565579593,0.0,0.00030368889565579593,1.0,0.8,0.7924528301886793,0.4482758620689655,D5_semi_day1_2_val_day3_5,three_class_with_air,MLP source + target labels,0.0,23
350,0.00020785625383723527,0.0,0.00020785625383723527,1.0,0.8,0.7924528301886793,0.4482758620689655,D5_semi_day1_2_val_day3_5,three_class_with_air,MLP source + target labels,0.0,23
355,0.0001382206828566268,0.0,0.0001382206828566268,1.0,0.85,0.7924528301886793,0.4482758620689655,D5_semi_day1_2_val_day3_5,three_class_with_air,MLP source + target labels,0.0,23
360,0.0001833069691201672,0.0,0.0001833069691201672,1.0,0.85,0.7861635220125787,0.43103448275862066,D5_semi_day1_2_val_day3_5,three_class_with_air,MLP source + target labels,0.0,23
365,0.002048920141533017,0.0,0.002048920141533017,1.0,0.8,0.7735849056603774,0.46551724137931033,D5_semi_day1_2_val_day3_5,three_class_with_air,MLP source + target labels,0.0,23
370,0.0014893931802362204,0.0,0.0014893931802362204,1.0,0.8,0.779874213836478,0.43103448275862066,D5_semi_day1_2_val_day3_5,three_class_with_air,MLP source + target labels,0.0,23
375,0.0008018860826268792,0.0,0.0008018860826268792,1.0,0.8,0.7924528301886793,0.43103448275862066,D5_semi_day1_2_val_day3_5,three_class_with_air,MLP source + target labels,0.0,23
380,0.018876776099205017,0.0,0.018876776099205017,1.0,0.75,0.8050314465408805,0.4482758620689655,D5_semi_day1_2_val_day3_5,three_class_with_air,MLP source + target labels,0.0,23
385,0.0023510402534157038,0.0,0.0023510402534157038,1.0,0.875,0.8050314465408805,0.43103448275862066,D5_semi_day1_2_val_day3_5,three_class_with_air,MLP source + target labels,0.0,23
390,0.0010722168954089284,0.0,0.0010722168954089284,1.0,0.85,0.7924528301886793,0.43103448275862066,D5_semi_day1_2_val_day3_5,three_class_with_air,MLP source + target labels,0.0,23
395,0.0018783301347866654,0.0,0.0018783301347866654,1.0,0.85,0.7924528301886793,0.43103448275862066,D5_semi_day1_2_val_day3_5,three_class_with_air,MLP source + target labels,0.0,23
400,0.002166230231523514,0.0,0.002166230231523514,1.0,0.85,0.7987421383647799,0.43103448275862066,D5_semi_day1_2_val_day3_5,three_class_with_air,MLP source + target labels,0.0,23
1,1.1412609815597534,0.697053849697113,1.8383147716522217,0.46551724137931033,0.525,0.5534591194968553,0.5,D5_semi_day1_2_val_day3_5,three_class_with_air,DANN-semi,0.5,11
5,0.8139213919639587,0.6844392418861389,1.4983606338500977,0.603448275862069,0.325,0.5220125786163522,0.5172413793103449,D5_semi_day1_2_val_day3_5,three_class_with_air,DANN-semi,0.5,11
10,0.5848203301429749,0.658191442489624,1.243011713027954,0.8448275862068966,0.625,0.7358490566037735,0.6379310344827587,D5_semi_day1_2_val_day3_5,three_class_with_air,DANN-semi,0.5,11
15,0.3750847280025482,0.6476970911026001,1.0227818489074707,0.8448275862068966,0.75,0.7924528301886793,0.603448275862069,D5_semi_day1_2_val_day3_5,three_class_with_air,DANN-semi,0.5,11
20,0.1997523009777069,0.6665890216827393,0.8663413524627686,0.9482758620689655,0.85,0.8113207547169812,0.5,D5_semi_day1_2_val_day3_5,three_class_with_air,DANN-semi,0.5,11
25,0.116204172372818,0.8280153870582581,0.9442195892333984,0.9482758620689655,0.85,0.7861635220125787,0.43103448275862066,D5_semi_day1_2_val_day3_5,three_class_with_air,DANN-semi,0.5,11
30,0.11123984307050705,0.8008319139480591,0.9120717644691467,1.0,0.8,0.7924528301886793,0.4482758620689655,D5_semi_day1_2_val_day3_5,three_class_with_air,DANN-semi,0.5,11
35,0.045066650956869125,0.6527081727981567,0.6977748274803162,1.0,0.8,0.7861635220125787,0.7413793103448276,D5_semi_day1_2_val_day3_5,three_class_with_air,DANN-semi,0.5,11
40,0.03913261368870735,0.6387380361557007,0.6778706312179565,1.0,0.8,0.7735849056603774,0.7068965517241379,D5_semi_day1_2_val_day3_5,three_class_with_air,DANN-semi,0.5,11
45,0.027448385953903198,0.6789319515228271,0.7063803672790527,1.0,0.775,0.7861635220125787,0.6724137931034483,D5_semi_day1_2_val_day3_5,three_class_with_air,DANN-semi,0.5,11
50,0.026579642668366432,0.6927911043167114,0.7193707227706909,1.0,0.8,0.7861635220125787,0.5517241379310345,D5_semi_day1_2_val_day3_5,three_class_with_air,DANN-semi,0.5,11
55,0.019654344767332077,0.652837336063385,0.6724916696548462,1.0,0.775,0.8050314465408805,0.6379310344827587,D5_semi_day1_2_val_day3_5,three_class_with_air,DANN-semi,0.5,11
60,0.054669465869665146,0.6802630424499512,0.7349324822425842,1.0,0.875,0.8238993710691824,0.603448275862069,D5_semi_day1_2_val_day3_5,three_class_with_air,DANN-semi,0.5,11
65,0.02490314282476902,0.7050686478614807,0.7299717664718628,1.0,0.85,0.8050314465408805,0.5344827586206896,D5_semi_day1_2_val_day3_5,three_class_with_air,DANN-semi,0.5,11
70,0.048503465950489044,0.6738258004188538,0.7223292589187622,1.0,0.85,0.8238993710691824,0.5517241379310345,D5_semi_day1_2_val_day3_5,three_class_with_air,DANN-semi,0.5,11
75,0.004610606003552675,0.6899640560150146,0.6945746541023254,1.0,0.85,0.8176100628930818,0.5689655172413793,D5_semi_day1_2_val_day3_5,three_class_with_air,DANN-semi,0.5,11
80,0.030338583514094353,0.6813878417015076,0.7117264270782471,1.0,0.825,0.8176100628930818,0.6551724137931034,D5_semi_day1_2_val_day3_5,three_class_with_air,DANN-semi,0.5,11
85,0.003725150367245078,0.6828426718711853,0.6865678429603577,1.0,0.875,0.8113207547169812,0.6551724137931034,D5_semi_day1_2_val_day3_5,three_class_with_air,DANN-semi,0.5,11
90,0.003884592792019248,0.7073829174041748,0.7112675309181213,1.0,0.875,0.8301886792452831,0.5689655172413793,D5_semi_day1_2_val_day3_5,three_class_with_air,DANN-semi,0.5,11
95,0.0017238989239558578,0.70518958568573,0.7069134712219238,1.0,0.875,0.8113207547169812,0.5689655172413793,D5_semi_day1_2_val_day3_5,three_class_with_air,DANN-semi,0.5,11
100,0.003691492136567831,0.6981953978538513,0.7018868923187256,1.0,0.9,0.8050314465408805,0.5862068965517241,D5_semi_day1_2_val_day3_5,three_class_with_air,DANN-semi,0.5,11
105,0.026145128533244133,0.6635702252388,0.6897153258323669,1.0,0.925,0.8553459119496856,0.6724137931034483,D5_semi_day1_2_val_day3_5,three_class_with_air,DANN-semi,0.5,11
110,0.0009942459873855114,0.6146074533462524,0.6156017184257507,1.0,0.875,0.7987421383647799,0.6379310344827587,D5_semi_day1_2_val_day3_5,three_class_with_air,DANN-semi,0.5,11
115,0.016885582357645035,0.6469470858573914,0.6638326644897461,1.0,0.9,0.8364779874213837,0.6206896551724138,D5_semi_day1_2_val_day3_5,three_class_with_air,DANN-semi,0.5,11
120,0.0053506758995354176,0.683959424495697,0.6893100738525391,1.0,0.9,0.8176100628930818,0.603448275862069,D5_semi_day1_2_val_day3_5,three_class_with_air,DANN-semi,0.5,11
125,0.006158644799143076,0.6900105476379395,0.6961691975593567,1.0,0.75,0.7861635220125787,0.5689655172413793,D5_semi_day1_2_val_day3_5,three_class_with_air,DANN-semi,0.5,11
130,0.014015456661581993,0.6485468745231628,0.6625623106956482,1.0,0.775,0.8113207547169812,0.6896551724137931,D5_semi_day1_2_val_day3_5,three_class_with_air,DANN-semi,0.5,11
135,0.009087725542485714,0.6447337865829468,0.6538215279579163,1.0,0.775,0.8113207547169812,0.5862068965517241,D5_semi_day1_2_val_day3_5,three_class_with_air,DANN-semi,0.5,11
140,0.0003590721753425896,0.7173487544059753,0.7177078127861023,1.0,0.775,0.8176100628930818,0.5862068965517241,D5_semi_day1_2_val_day3_5,three_class_with_air,DANN-semi,0.5,11
145,0.055884335190057755,0.8200987577438354,0.8759831190109253,1.0,0.775,0.8176100628930818,0.46551724137931033,D5_semi_day1_2_val_day3_5,three_class_with_air,DANN-semi,0.5,11
150,0.001365652191452682,0.759916365146637,0.7612820267677307,1.0,0.825,0.8364779874213837,0.5172413793103449,D5_semi_day1_2_val_day3_5,three_class_with_air,DANN-semi,0.5,11
155,0.0010217776289209723,0.6898283362388611,0.6908501386642456,1.0,0.825,0.8301886792452831,0.6206896551724138,D5_semi_day1_2_val_day3_5,three_class_with_air,DANN-semi,0.5,11
160,0.000960483739618212,0.6486283540725708,0.6495888233184814,1.0,0.825,0.8301886792452831,0.6379310344827587,D5_semi_day1_2_val_day3_5,three_class_with_air,DANN-semi,0.5,11
165,0.025519829243421555,0.6026703119277954,0.6281901597976685,1.0,0.825,0.8238993710691824,0.6551724137931034,D5_semi_day1_2_val_day3_5,three_class_with_air,DANN-semi,0.5,11
170,0.0010238185059279203,0.6603773236274719,0.6614011526107788,1.0,0.8,0.7861635220125787,0.7068965517241379,D5_semi_day1_2_val_day3_5,three_class_with_air,DANN-semi,0.5,11
175,0.001009689411148429,0.6486209630966187,0.6496306657791138,0.9827586206896551,0.8,0.8238993710691824,0.6206896551724138,D5_semi_day1_2_val_day3_5,three_class_with_air,DANN-semi,0.5,11
180,0.00015420812997035682,0.6918179988861084,0.6919721961021423,1.0,0.8,0.8113207547169812,0.6379310344827587,D5_semi_day1_2_val_day3_5,three_class_with_air,DANN-semi,0.5,11
185,0.03186557814478874,0.637657880783081,0.6695234775543213,1.0,0.8,0.7987421383647799,0.5862068965517241,D5_semi_day1_2_val_day3_5,three_class_with_air,DANN-semi,0.5,11
190,0.026745183393359184,0.6189463138580322,0.6456915140151978,1.0,0.825,0.8364779874213837,0.6379310344827587,D5_semi_day1_2_val_day3_5,three_class_with_air,DANN-semi,0.5,11
195,0.008125970140099525,0.6522132158279419,0.6603391766548157,1.0,0.85,0.8364779874213837,0.603448275862069,D5_semi_day1_2_val_day3_5,three_class_with_air,DANN-semi,0.5,11
200,0.007089933846145868,0.6294314861297607,0.6365213990211487,1.0,0.85,0.8490566037735849,0.6206896551724138,D5_semi_day1_2_val_day3_5,three_class_with_air,DANN-semi,0.5,11
205,7.908137195045128e-05,0.6200334429740906,0.6201125383377075,1.0,0.925,0.8679245283018868,0.6206896551724138,D5_semi_day1_2_val_day3_5,three_class_with_air,DANN-semi,0.5,11
210,0.03134410083293915,0.6420460939407349,0.6733902096748352,1.0,0.925,0.8742138364779874,0.6206896551724138,D5_semi_day1_2_val_day3_5,three_class_with_air,DANN-semi,0.5,11
215,0.002512411680072546,0.6513373851776123,0.6538497805595398,1.0,0.925,0.8679245283018868,0.6206896551724138,D5_semi_day1_2_val_day3_5,three_class_with_air,DANN-semi,0.5,11
220,0.0022074198350310326,0.6590202450752258,0.6612276434898376,1.0,0.9,0.8805031446540881,0.5689655172413793,D5_semi_day1_2_val_day3_5,three_class_with_air,DANN-semi,0.5,11
225,0.0001059557544067502,0.6746259331703186,0.6747319102287292,1.0,0.925,0.8742138364779874,0.6206896551724138,D5_semi_day1_2_val_day3_5,three_class_with_air,DANN-semi,0.5,11
230,0.0027470835484564304,0.6660312414169312,0.6687783002853394,1.0,0.875,0.8679245283018868,0.603448275862069,D5_semi_day1_2_val_day3_5,three_class_with_air,DANN-semi,0.5,11
235,0.0005334447487257421,0.6867284178733826,0.6872618794441223,1.0,0.875,0.8364779874213837,0.5862068965517241,D5_semi_day1_2_val_day3_5,three_class_with_air,DANN-semi,0.5,11
240,0.028984861448407173,0.6604418754577637,0.6894267201423645,1.0,0.9,0.8427672955974843,0.5862068965517241,D5_semi_day1_2_val_day3_5,three_class_with_air,DANN-semi,0.5,11
245,0.004778013564646244,0.6553078293800354,0.6600858569145203,1.0,0.85,0.8490566037735849,0.6379310344827587,D5_semi_day1_2_val_day3_5,three_class_with_air,DANN-semi,0.5,11
250,3.048137114092242e-05,0.6438489556312561,0.6438794136047363,1.0,0.825,0.8176100628930818,0.6379310344827587,D5_semi_day1_2_val_day3_5,three_class_with_air,DANN-semi,0.5,11
255,0.01094062253832817,0.6466218829154968,0.6575624942779541,1.0,0.8,0.7924528301886793,0.5862068965517241,D5_semi_day1_2_val_day3_5,three_class_with_air,DANN-semi,0.5,11
260,0.00038950174348428845,0.6259945631027222,0.6263840794563293,1.0,0.825,0.8050314465408805,0.6379310344827587,D5_semi_day1_2_val_day3_5,three_class_with_air,DANN-semi,0.5,11
265,0.00013102915545459837,0.6309065222740173,0.6310375332832336,1.0,0.825,0.8050314465408805,0.5689655172413793,D5_semi_day1_2_val_day3_5,three_class_with_air,DANN-semi,0.5,11
270,0.00029977422673255205,0.6305917501449585,0.6308915019035339,1.0,0.8,0.7987421383647799,0.6551724137931034,D5_semi_day1_2_val_day3_5,three_class_with_air,DANN-semi,0.5,11
275,0.0007996429922059178,0.6609755754470825,0.6617752313613892,1.0,0.8,0.8238993710691824,0.5344827586206896,D5_semi_day1_2_val_day3_5,three_class_with_air,DANN-semi,0.5,11
280,0.0010916872415691614,0.6603444814682007,0.661436140537262,1.0,0.85,0.8238993710691824,0.5172413793103449,D5_semi_day1_2_val_day3_5,three_class_with_air,DANN-semi,0.5,11
285,0.00024551834212616086,0.6893166303634644,0.6895621418952942,1.0,0.875,0.8238993710691824,0.5344827586206896,D5_semi_day1_2_val_day3_5,three_class_with_air,DANN-semi,0.5,11
290,0.00014457521319855005,0.6940867900848389,0.694231390953064,1.0,0.85,0.8113207547169812,0.5862068965517241,D5_semi_day1_2_val_day3_5,three_class_with_air,DANN-semi,0.5,11
295,0.0022844939958304167,0.6848999261856079,0.6871843934059143,1.0,0.85,0.8301886792452831,0.5517241379310345,D5_semi_day1_2_val_day3_5,three_class_with_air,DANN-semi,0.5,11
300,0.0024350385647267103,0.6908787488937378,0.6933137774467468,1.0,0.875,0.8427672955974843,0.5517241379310345,D5_semi_day1_2_val_day3_5,three_class_with_air,DANN-semi,0.5,11
305,0.0005483283894136548,0.6838496923446655,0.6843979954719543,1.0,0.875,0.8301886792452831,0.5517241379310345,D5_semi_day1_2_val_day3_5,three_class_with_air,DANN-semi,0.5,11
310,0.0005204787012189627,0.6968689560890198,0.6973894238471985,1.0,0.85,0.8301886792452831,0.5517241379310345,D5_semi_day1_2_val_day3_5,three_class_with_air,DANN-semi,0.5,11
315,0.012737313285470009,0.7021775245666504,0.714914858341217,1.0,0.85,0.8301886792452831,0.5689655172413793,D5_semi_day1_2_val_day3_5,three_class_with_air,DANN-semi,0.5,11
320,0.00047979585360735655,0.6928448677062988,0.6933246850967407,1.0,0.875,0.8238993710691824,0.5344827586206896,D5_semi_day1_2_val_day3_5,three_class_with_air,DANN-semi,0.5,11
325,5.563584636547603e-05,0.6937562823295593,0.6938118934631348,1.0,0.875,0.8176100628930818,0.5,D5_semi_day1_2_val_day3_5,three_class_with_air,DANN-semi,0.5,11
330,0.0015564189525321126,0.6959499716758728,0.6975063681602478,1.0,0.9,0.8238993710691824,0.5517241379310345,D5_semi_day1_2_val_day3_5,three_class_with_air,DANN-semi,0.5,11
335,0.007762701250612736,0.7064334750175476,0.7141962051391602,1.0,0.925,0.8553459119496856,0.4827586206896552,D5_semi_day1_2_val_day3_5,three_class_with_air,DANN-semi,0.5,11
340,0.0001435523445252329,0.6761226058006287,0.6762661337852478,1.0,0.875,0.8364779874213837,0.5,D5_semi_day1_2_val_day3_5,three_class_with_air,DANN-semi,0.5,11
345,0.005373852327466011,0.6881805062294006,0.6935543417930603,1.0,0.9,0.8427672955974843,0.5344827586206896,D5_semi_day1_2_val_day3_5,three_class_with_air,DANN-semi,0.5,11
350,0.000193989893887192,0.6820929050445557,0.6822869181632996,1.0,0.925,0.8805031446540881,0.5344827586206896,D5_semi_day1_2_val_day3_5,three_class_with_air,DANN-semi,0.5,11
355,0.0005163579480722547,0.67888343334198,0.6793997883796692,1.0,0.925,0.9119496855345912,0.5517241379310345,D5_semi_day1_2_val_day3_5,three_class_with_air,DANN-semi,0.5,11
360,0.0004987308057025075,0.669527530670166,0.6700262427330017,1.0,0.925,0.8930817610062893,0.5172413793103449,D5_semi_day1_2_val_day3_5,three_class_with_air,DANN-semi,0.5,11
365,0.004222658928483725,0.685123860836029,0.6893464922904968,1.0,0.925,0.8805031446540881,0.5172413793103449,D5_semi_day1_2_val_day3_5,three_class_with_air,DANN-semi,0.5,11
370,0.0010218857787549496,0.6980427503585815,0.6990646123886108,1.0,0.925,0.8616352201257862,0.5344827586206896,D5_semi_day1_2_val_day3_5,three_class_with_air,DANN-semi,0.5,11
375,0.0007748439675197005,0.6764018535614014,0.6771767139434814,1.0,0.95,0.89937106918239,0.5344827586206896,D5_semi_day1_2_val_day3_5,three_class_with_air,DANN-semi,0.5,11
380,0.0017696429276838899,0.6750022768974304,0.6767719388008118,1.0,0.925,0.9245283018867925,0.5344827586206896,D5_semi_day1_2_val_day3_5,three_class_with_air,DANN-semi,0.5,11
385,0.00897744670510292,0.7214837074279785,0.7304611802101135,1.0,0.925,0.9245283018867925,0.5517241379310345,D5_semi_day1_2_val_day3_5,three_class_with_air,DANN-semi,0.5,11
390,0.002690183464437723,0.6913575530052185,0.694047749042511,1.0,0.925,0.9245283018867925,0.5344827586206896,D5_semi_day1_2_val_day3_5,three_class_with_air,DANN-semi,0.5,11
395,0.01630406081676483,0.6705716252326965,0.6868757009506226,1.0,0.95,0.9182389937106918,0.5862068965517241,D5_semi_day1_2_val_day3_5,three_class_with_air,DANN-semi,0.5,11
400,0.014036357402801514,0.6784947514533997,0.6925311088562012,1.0,0.95,0.9245283018867925,0.5344827586206896,D5_semi_day1_2_val_day3_5,three_class_with_air,DANN-semi,0.5,11
1,0.693993866443634,0.0,0.693993866443634,0.8333333333333334,0.6,0.5909090909090909,0.5454545454545454,D5_semi_day1_2_val_day3_5,binary_without_air,MLP source only,0.0,7
5,0.42653343081474304,0.0,0.42653343081474304,0.8333333333333334,0.5666666666666667,0.6545454545454545,0.3181818181818182,D5_semi_day1_2_val_day3_5,binary_without_air,MLP source only,0.0,7
10,0.24551838636398315,0.0,0.24551838636398315,0.9166666666666666,0.7666666666666667,0.7636363636363637,0.3409090909090909,D5_semi_day1_2_val_day3_5,binary_without_air,MLP source only,0.0,7
15,0.12906935811042786,0.0,0.12906935811042786,0.9583333333333334,0.7333333333333333,0.7909090909090909,0.38636363636363635,D5_semi_day1_2_val_day3_5,binary_without_air,MLP source only,0.0,7
20,0.07603538781404495,0.0,0.07603538781404495,1.0,0.6666666666666666,0.8090909090909091,0.4090909090909091,D5_semi_day1_2_val_day3_5,binary_without_air,MLP source only,0.0,7
25,0.006022630259394646,0.0,0.006022630259394646,1.0,0.6666666666666666,0.7818181818181819,0.4318181818181818,D5_semi_day1_2_val_day3_5,binary_without_air,MLP source only,0.0,7
30,0.001940757967531681,0.0,0.001940757967531681,1.0,0.7333333333333333,0.8545454545454545,0.5454545454545454,D5_semi_day1_2_val_day3_5,binary_without_air,MLP source only,0.0,7
35,0.0010822998592630029,0.0,0.0010822998592630029,1.0,0.7333333333333333,0.8454545454545455,0.5909090909090909,D5_semi_day1_2_val_day3_5,binary_without_air,MLP source only,0.0,7
40,0.004627452697604895,0.0,0.004627452697604895,1.0,0.7,0.8181818181818182,0.5,D5_semi_day1_2_val_day3_5,binary_without_air,MLP source only,0.0,7
45,0.0013199279783293605,0.0,0.0013199279783293605,1.0,0.7,0.8090909090909091,0.4772727272727273,D5_semi_day1_2_val_day3_5,binary_without_air,MLP source only,0.0,7
50,0.0004955442273057997,0.0,0.0004955442273057997,1.0,0.7333333333333333,0.8454545454545455,0.5,D5_semi_day1_2_val_day3_5,binary_without_air,MLP source only,0.0,7
55,0.0006963712512515485,0.0,0.0006963712512515485,1.0,0.7666666666666667,0.8818181818181818,0.5454545454545454,D5_semi_day1_2_val_day3_5,binary_without_air,MLP source only,0.0,7
60,0.0006571694393642247,0.0,0.0006571694393642247,1.0,0.7666666666666667,0.8818181818181818,0.5454545454545454,D5_semi_day1_2_val_day3_5,binary_without_air,MLP source only,0.0,7
65,0.00010126418055733666,0.0,0.00010126418055733666,1.0,0.7333333333333333,0.8272727272727273,0.5227272727272727,D5_semi_day1_2_val_day3_5,binary_without_air,MLP source only,0.0,7
70,6.466371269198135e-05,0.0,6.466371269198135e-05,1.0,0.7,0.8,0.5,D5_semi_day1_2_val_day3_5,binary_without_air,MLP source only,0.0,7
75,0.002544741379097104,0.0,0.002544741379097104,1.0,0.7,0.8,0.4772727272727273,D5_semi_day1_2_val_day3_5,binary_without_air,MLP source only,0.0,7
80,0.00019469582184683532,0.0,0.00019469582184683532,1.0,0.7,0.8,0.5,D5_semi_day1_2_val_day3_5,binary_without_air,MLP source only,0.0,7
85,0.00045873006456531584,0.0,0.00045873006456531584,1.0,0.7,0.8,0.5,D5_semi_day1_2_val_day3_5,binary_without_air,MLP source only,0.0,7
90,0.0001450714044040069,0.0,0.0001450714044040069,1.0,0.8333333333333334,0.9090909090909091,0.5227272727272727,D5_semi_day1_2_val_day3_5,binary_without_air,MLP source only,0.0,7
95,0.0011669917730614543,0.0,0.0011669917730614543,1.0,0.8666666666666667,0.9454545454545454,0.5,D5_semi_day1_2_val_day3_5,binary_without_air,MLP source only,0.0,7
100,0.0007346555939875543,0.0,0.0007346555939875543,1.0,0.8666666666666667,0.9363636363636364,0.5,D5_semi_day1_2_val_day3_5,binary_without_air,MLP source only,0.0,7
105,0.00036376866046339273,0.0,0.00036376866046339273,1.0,0.8333333333333334,0.9181818181818182,0.5,D5_semi_day1_2_val_day3_5,binary_without_air,MLP source only,0.0,7
110,0.0008584370370954275,0.0,0.0008584370370954275,1.0,0.8333333333333334,0.9090909090909091,0.5,D5_semi_day1_2_val_day3_5,binary_without_air,MLP source only,0.0,7
115,0.001097937230952084,0.0,0.001097937230952084,1.0,0.8333333333333334,0.9090909090909091,0.5,D5_semi_day1_2_val_day3_5,binary_without_air,MLP source only,0.0,7
120,0.0004226345627103001,0.0,0.0004226345627103001,1.0,0.8333333333333334,0.9,0.5,D5_semi_day1_2_val_day3_5,binary_without_air,MLP source only,0.0,7
125,0.0001336782588623464,0.0,0.0001336782588623464,1.0,0.8333333333333334,0.8909090909090909,0.5,D5_semi_day1_2_val_day3_5,binary_without_air,MLP source only,0.0,7
130,0.00015998209710232913,0.0,0.00015998209710232913,1.0,0.8333333333333334,0.8909090909090909,0.5,D5_semi_day1_2_val_day3_5,binary_without_air,MLP source only,0.0,7
135,7.585577986901626e-05,0.0,7.585577986901626e-05,1.0,0.8333333333333334,0.8909090909090909,0.5,D5_semi_day1_2_val_day3_5,binary_without_air,MLP source only,0.0,7
140,0.00013132872118148953,0.0,0.00013132872118148953,1.0,0.8333333333333334,0.8909090909090909,0.5,D5_semi_day1_2_val_day3_5,binary_without_air,MLP source only,0.0,7
145,6.78200667607598e-05,0.0,6.78200667607598e-05,1.0,0.8333333333333334,0.8909090909090909,0.5,D5_semi_day1_2_val_day3_5,binary_without_air,MLP source only,0.0,7
150,5.40407927474007e-05,0.0,5.40407927474007e-05,1.0,0.8333333333333334,0.8909090909090909,0.5,D5_semi_day1_2_val_day3_5,binary_without_air,MLP source only,0.0,7
155,0.00010865405783988535,0.0,0.00010865405783988535,1.0,0.8333333333333334,0.8909090909090909,0.5,D5_semi_day1_2_val_day3_5,binary_without_air,MLP source only,0.0,7
160,0.0001991227181861177,0.0,0.0001991227181861177,1.0,0.8666666666666667,0.9272727272727272,0.5,D5_semi_day1_2_val_day3_5,binary_without_air,MLP source only,0.0,7
165,0.0025791677180677652,0.0,0.0025791677180677652,1.0,0.8666666666666667,0.9181818181818182,0.5,D5_semi_day1_2_val_day3_5,binary_without_air,MLP source only,0.0,7
170,0.0002204941847594455,0.0,0.0002204941847594455,1.0,0.8333333333333334,0.9,0.5227272727272727,D5_semi_day1_2_val_day3_5,binary_without_air,MLP source only,0.0,7
175,0.0014992993092164397,0.0,0.0014992993092164397,1.0,0.8,0.8818181818181818,0.4772727272727273,D5_semi_day1_2_val_day3_5,binary_without_air,MLP source only,0.0,7
180,0.0003755115030799061,0.0,0.0003755115030799061,1.0,0.8,0.8818181818181818,0.4772727272727273,D5_semi_day1_2_val_day3_5,binary_without_air,MLP source only,0.0,7
185,9.693033643998206e-05,0.0,9.693033643998206e-05,1.0,0.8,0.8909090909090909,0.4772727272727273,D5_semi_day1_2_val_day3_5,binary_without_air,MLP source only,0.0,7
190,6.410069181583822e-05,0.0,6.410069181583822e-05,1.0,0.8,0.9,0.5,D5_semi_day1_2_val_day3_5,binary_without_air,MLP source only,0.0,7
195,5.1357241318328306e-05,0.0,5.1357241318328306e-05,1.0,0.8,0.9,0.5,D5_semi_day1_2_val_day3_5,binary_without_air,MLP source only,0.0,7
200,3.354100408614613e-05,0.0,3.354100408614613e-05,1.0,0.8,0.9,0.5,D5_semi_day1_2_val_day3_5,binary_without_air,MLP source only,0.0,7
205,3.362480492796749e-05,0.0,3.362480492796749e-05,1.0,0.8333333333333334,0.9,0.5227272727272727,D5_semi_day1_2_val_day3_5,binary_without_air,MLP source only,0.0,7
210,5.0285481847822666e-05,0.0,5.0285481847822666e-05,1.0,0.8333333333333334,0.9,0.5227272727272727,D5_semi_day1_2_val_day3_5,binary_without_air,MLP source only,0.0,7
215,3.586844832170755e-05,0.0,3.586844832170755e-05,1.0,0.8,0.9,0.5227272727272727,D5_semi_day1_2_val_day3_5,binary_without_air,MLP source only,0.0,7
220,2.6651483494788408e-05,0.0,2.6651483494788408e-05,1.0,0.8,0.8909090909090909,0.5227272727272727,D5_semi_day1_2_val_day3_5,binary_without_air,MLP source only,0.0,7
225,0.0002929563634097576,0.0,0.0002929563634097576,1.0,0.8,0.8909090909090909,0.5227272727272727,D5_semi_day1_2_val_day3_5,binary_without_air,MLP source only,0.0,7
230,2.7555584892979823e-05,0.0,2.7555584892979823e-05,1.0,0.8,0.8909090909090909,0.5227272727272727,D5_semi_day1_2_val_day3_5,binary_without_air,MLP source only,0.0,7
235,2.0776518795173615e-05,0.0,2.0776518795173615e-05,1.0,0.8,0.8909090909090909,0.5227272727272727,D5_semi_day1_2_val_day3_5,binary_without_air,MLP source only,0.0,7
240,3.757920421776362e-05,0.0,3.757920421776362e-05,1.0,0.8,0.8909090909090909,0.5227272727272727,D5_semi_day1_2_val_day3_5,binary_without_air,MLP source only,0.0,7
245,9.033558308146894e-05,0.0,9.033558308146894e-05,1.0,0.8,0.8909090909090909,0.5227272727272727,D5_semi_day1_2_val_day3_5,binary_without_air,MLP source only,0.0,7
250,0.00023752462584525347,0.0,0.00023752462584525347,1.0,0.8,0.8909090909090909,0.5227272727272727,D5_semi_day1_2_val_day3_5,binary_without_air,MLP source only,0.0,7
255,1.5213602637231816e-05,0.0,1.5213602637231816e-05,1.0,0.8,0.8909090909090909,0.5227272727272727,D5_semi_day1_2_val_day3_5,binary_without_air,MLP source only,0.0,7
260,2.1540947273024358e-05,0.0,2.1540947273024358e-05,1.0,0.8,0.8909090909090909,0.5227272727272727,D5_semi_day1_2_val_day3_5,binary_without_air,MLP source only,0.0,7
265,2.3016096747596748e-05,0.0,2.3016096747596748e-05,1.0,0.8,0.8909090909090909,0.5227272727272727,D5_semi_day1_2_val_day3_5,binary_without_air,MLP source only,0.0,7
270,0.00013495213352143764,0.0,0.00013495213352143764,1.0,0.8,0.8909090909090909,0.5227272727272727,D5_semi_day1_2_val_day3_5,binary_without_air,MLP source only,0.0,7
275,8.980661368696019e-05,0.0,8.980661368696019e-05,1.0,0.8,0.8909090909090909,0.5227272727272727,D5_semi_day1_2_val_day3_5,binary_without_air,MLP source only,0.0,7
280,1.5248407180479262e-05,0.0,1.5248407180479262e-05,1.0,0.8,0.8909090909090909,0.5227272727272727,D5_semi_day1_2_val_day3_5,binary_without_air,MLP source only,0.0,7
285,1.1418992471590172e-05,0.0,1.1418992471590172e-05,1.0,0.8,0.8909090909090909,0.5227272727272727,D5_semi_day1_2_val_day3_5,binary_without_air,MLP source only,0.0,7
290,1.2238519957463723e-05,0.0,1.2238519957463723e-05,1.0,0.8,0.8909090909090909,0.5227272727272727,D5_semi_day1_2_val_day3_5,binary_without_air,MLP source only,0.0,7
295,1.7036471035680734e-05,0.0,1.7036471035680734e-05,1.0,0.8,0.8909090909090909,0.5227272727272727,D5_semi_day1_2_val_day3_5,binary_without_air,MLP source only,0.0,7
300,0.00011262390034971759,0.0,0.00011262390034971759,1.0,0.8,0.8909090909090909,0.5454545454545454,D5_semi_day1_2_val_day3_5,binary_without_air,MLP source only,0.0,7
305,2.7802159820566885e-05,0.0,2.7802159820566885e-05,1.0,0.8,0.8909090909090909,0.5227272727272727,D5_semi_day1_2_val_day3_5,binary_without_air,MLP source only,0.0,7
310,1.1423988325987011e-05,0.0,1.1423988325987011e-05,1.0,0.8,0.8909090909090909,0.5227272727272727,D5_semi_day1_2_val_day3_5,binary_without_air,MLP source only,0.0,7
315,4.57139867648948e-05,0.0,4.57139867648948e-05,1.0,0.8,0.8909090909090909,0.5227272727272727,D5_semi_day1_2_val_day3_5,binary_without_air,MLP source only,0.0,7
320,1.7597447367734276e-05,0.0,1.7597447367734276e-05,1.0,0.8,0.8909090909090909,0.5227272727272727,D5_semi_day1_2_val_day3_5,binary_without_air,MLP source only,0.0,7
325,2.9179189368733205e-05,0.0,2.9179189368733205e-05,1.0,0.8,0.8909090909090909,0.5227272727272727,D5_semi_day1_2_val_day3_5,binary_without_air,MLP source only,0.0,7
330,2.0463558030314744e-05,0.0,2.0463558030314744e-05,1.0,0.8,0.8909090909090909,0.5227272727272727,D5_semi_day1_2_val_day3_5,binary_without_air,MLP source only,0.0,7
335,0.00014005560660734773,0.0,0.00014005560660734773,1.0,0.8,0.8909090909090909,0.5,D5_semi_day1_2_val_day3_5,binary_without_air,MLP source only,0.0,7
340,0.00011505818838486448,0.0,0.00011505818838486448,1.0,0.8,0.8909090909090909,0.5,D5_semi_day1_2_val_day3_5,binary_without_air,MLP source only,0.0,7
345,0.00015798573440406471,0.0,0.00015798573440406471,1.0,0.8,0.8909090909090909,0.5,D5_semi_day1_2_val_day3_5,binary_without_air,MLP source only,0.0,7
350,1.6892454368644394e-05,0.0,1.6892454368644394e-05,1.0,0.8,0.8909090909090909,0.5,D5_semi_day1_2_val_day3_5,binary_without_air,MLP source only,0.0,7
355,1.2789893844455946e-05,0.0,1.2789893844455946e-05,1.0,0.8,0.8909090909090909,0.5,D5_semi_day1_2_val_day3_5,binary_without_air,MLP source only,0.0,7
360,0.00017434141773264855,0.0,0.00017434141773264855,1.0,0.8,0.8909090909090909,0.5,D5_semi_day1_2_val_day3_5,binary_without_air,MLP source only,0.0,7
365,7.093459862517193e-05,0.0,7.093459862517193e-05,1.0,0.8,0.8909090909090909,0.5,D5_semi_day1_2_val_day3_5,binary_without_air,MLP source only,0.0,7
370,1.0400804058008362e-05,0.0,1.0400804058008362e-05,1.0,0.8,0.8909090909090909,0.5,D5_semi_day1_2_val_day3_5,binary_without_air,MLP source only,0.0,7
375,2.6556901502772234e-05,0.0,2.6556901502772234e-05,1.0,0.8,0.8909090909090909,0.5,D5_semi_day1_2_val_day3_5,binary_without_air,MLP source only,0.0,7
380,0.00010928135452559218,0.0,0.00010928135452559218,1.0,0.8,0.8909090909090909,0.5,D5_semi_day1_2_val_day3_5,binary_without_air,MLP source only,0.0,7
385,3.218927304260433e-05,0.0,3.218927304260433e-05,1.0,0.8,0.8909090909090909,0.5,D5_semi_day1_2_val_day3_5,binary_without_air,MLP source only,0.0,7
390,0.002463702578097582,0.0,0.002463702578097582,1.0,0.8,0.8909090909090909,0.5,D5_semi_day1_2_val_day3_5,binary_without_air,MLP source only,0.0,7
395,2.9303824703674763e-05,0.0,2.9303824703674763e-05,1.0,0.8,0.8909090909090909,0.5,D5_semi_day1_2_val_day3_5,binary_without_air,MLP source only,0.0,7
400,4.42330892838072e-05,0.0,4.42330892838072e-05,1.0,0.8333333333333334,0.9,0.5,D5_semi_day1_2_val_day3_5,binary_without_air,MLP source only,0.0,7
1,0.693993866443634,0.6862639784812927,1.3802578449249268,0.8333333333333334,0.6,0.5909090909090909,0.5454545454545454,D5_semi_day1_2_val_day3_5,binary_without_air,DANN-UDA,0.2,7
5,0.4174206256866455,0.6774312853813171,1.0948519706726074,0.8333333333333334,0.5666666666666667,0.6363636363636364,0.5227272727272727,D5_semi_day1_2_val_day3_5,binary_without_air,DANN-UDA,0.2,7
10,0.24601519107818604,0.6543325781822205,0.9003477692604065,0.9583333333333334,0.8,0.7454545454545455,0.5454545454545454,D5_semi_day1_2_val_day3_5,binary_without_air,DANN-UDA,0.2,7
15,0.13428093492984772,0.6694136261940002,0.8036945462226868,0.9583333333333334,0.7333333333333333,0.7636363636363637,0.5681818181818182,D5_semi_day1_2_val_day3_5,binary_without_air,DANN-UDA,0.2,7
20,0.06621913611888885,0.6559978127479553,0.7222169637680054,1.0,0.6333333333333333,0.7272727272727273,0.6590909090909091,D5_semi_day1_2_val_day3_5,binary_without_air,DANN-UDA,0.2,7
25,0.01415460929274559,0.648091733455658,0.6622463464736938,1.0,0.6666666666666666,0.8,0.5227272727272727,D5_semi_day1_2_val_day3_5,binary_without_air,DANN-UDA,0.2,7
30,0.0045203715562820435,0.6354414224624634,0.6399617791175842,1.0,0.6666666666666666,0.8272727272727273,0.5681818181818182,D5_semi_day1_2_val_day3_5,binary_without_air,DANN-UDA,0.2,7
35,0.0016546212136745453,0.6295177936553955,0.6311724185943604,1.0,0.7333333333333333,0.8727272727272727,0.6136363636363636,D5_semi_day1_2_val_day3_5,binary_without_air,DANN-UDA,0.2,7
40,0.0007274234085343778,0.7132092714309692,0.7139366865158081,1.0,0.7666666666666667,0.8818181818181818,0.5909090909090909,D5_semi_day1_2_val_day3_5,binary_without_air,DANN-UDA,0.2,7
45,0.002665153471753001,0.7929802536964417,0.7956454157829285,1.0,0.7666666666666667,0.9272727272727272,0.45454545454545453,D5_semi_day1_2_val_day3_5,binary_without_air,DANN-UDA,0.2,7
50,0.0015729294391348958,0.8766621947288513,0.8782351016998291,1.0,0.9,0.9818181818181818,0.29545454545454547,D5_semi_day1_2_val_day3_5,binary_without_air,DANN-UDA,0.2,7
55,0.0013731805374845862,0.8097067475318909,0.8110799193382263,1.0,0.9,0.990909090909091,0.4318181818181818,D5_semi_day1_2_val_day3_5,binary_without_air,DANN-UDA,0.2,7
60,0.004370375070720911,0.6163538098335266,0.6207242012023926,1.0,0.9,0.9818181818181818,0.7954545454545454,D5_semi_day1_2_val_day3_5,binary_without_air,DANN-UDA,0.2,7
65,0.0005264299688860774,0.5019842982292175,0.5025107264518738,1.0,0.8666666666666667,0.9545454545454546,0.8181818181818182,D5_semi_day1_2_val_day3_5,binary_without_air,DANN-UDA,0.2,7
70,0.002268028911203146,0.5239190459251404,0.5261870622634888,1.0,0.8,0.9272727272727272,0.8181818181818182,D5_semi_day1_2_val_day3_5,binary_without_air,DANN-UDA,0.2,7
75,0.0012802690034732223,0.5703977942466736,0.5716780424118042,1.0,0.8,0.9181818181818182,0.6818181818181818,D5_semi_day1_2_val_day3_5,binary_without_air,DANN-UDA,0.2,7
80,0.004190563689917326,0.8312157988548279,0.8354063630104065,1.0,0.8333333333333334,0.9363636363636364,0.4090909090909091,D5_semi_day1_2_val_day3_5,binary_without_air,DANN-UDA,0.2,7
85,0.0018451953073963523,1.4795769453048706,1.4814221858978271,1.0,0.9,0.9454545454545454,0.36363636363636365,D5_semi_day1_2_val_day3_5,binary_without_air,DANN-UDA,0.2,7
90,0.0008915016078390181,1.1004564762115479,1.1013479232788086,1.0,0.9333333333333333,0.9363636363636364,0.3409090909090909,D5_semi_day1_2_val_day3_5,binary_without_air,DANN-UDA,0.2,7
95,0.00014409814320970327,0.7221431136131287,0.7222872376441956,1.0,0.7666666666666667,0.8636363636363636,0.5227272727272727,D5_semi_day1_2_val_day3_5,binary_without_air,DANN-UDA,0.2,7
100,0.002958928467705846,0.6977457404136658,0.7007046937942505,1.0,0.7666666666666667,0.8818181818181818,0.5454545454545454,D5_semi_day1_2_val_day3_5,binary_without_air,DANN-UDA,0.2,7
105,0.03096640855073929,0.6854907870292664,0.716457188129425,1.0,0.7,0.8272727272727273,0.5909090909090909,D5_semi_day1_2_val_day3_5,binary_without_air,DANN-UDA,0.2,7
110,0.001221615937538445,0.6639774441719055,0.6651990413665771,1.0,0.8333333333333334,0.9090909090909091,0.5681818181818182,D5_semi_day1_2_val_day3_5,binary_without_air,DANN-UDA,0.2,7
115,4.8227816478174645e-06,0.6844763159751892,0.684481143951416,1.0,0.8333333333333334,0.8727272727272727,0.5681818181818182,D5_semi_day1_2_val_day3_5,binary_without_air,DANN-UDA,0.2,7
120,0.05337311699986458,0.6785021424293518,0.7318752408027649,1.0,0.7,0.8181818181818182,0.5909090909090909,D5_semi_day1_2_val_day3_5,binary_without_air,DANN-UDA,0.2,7
125,0.3551473617553711,0.666713297367096,1.0218605995178223,1.0,0.7,0.8090909090909091,0.6136363636363636,D5_semi_day1_2_val_day3_5,binary_without_air,DANN-UDA,0.2,7
130,0.0002352460433030501,0.62140953540802,0.6216447949409485,1.0,0.6,0.7909090909090909,0.6818181818181818,D5_semi_day1_2_val_day3_5,binary_without_air,DANN-UDA,0.2,7
135,1.639125599695035e-07,0.6178491115570068,0.6178492903709412,1.0,0.7,0.8181818181818182,0.7272727272727273,D5_semi_day1_2_val_day3_5,binary_without_air,DANN-UDA,0.2,7
140,1.2417625327998394e-07,0.5706372261047363,0.5706373453140259,1.0,0.7666666666666667,0.8454545454545455,0.7272727272727273,D5_semi_day1_2_val_day3_5,binary_without_air,DANN-UDA,0.2,7
145,6.606160241062753e-07,0.5699829459190369,0.5699836015701294,1.0,0.7,0.8,0.7272727272727273,D5_semi_day1_2_val_day3_5,binary_without_air,DANN-UDA,0.2,7
150,5.771330961579224e-06,0.5686045289039612,0.5686103105545044,1.0,0.6,0.7818181818181819,0.7045454545454546,D5_semi_day1_2_val_day3_5,binary_without_air,DANN-UDA,0.2,7
155,0.002076762029901147,0.5517388582229614,0.5538156032562256,1.0,0.7,0.7909090909090909,0.7045454545454546,D5_semi_day1_2_val_day3_5,binary_without_air,DANN-UDA,0.2,7
160,2.2848409741982323e-07,0.5756742358207703,0.5756744742393494,1.0,0.7,0.8272727272727273,0.6590909090909091,D5_semi_day1_2_val_day3_5,binary_without_air,DANN-UDA,0.2,7
165,3.17890822998379e-07,0.621946394443512,0.6219466924667358,1.0,0.7666666666666667,0.8272727272727273,0.6363636363636364,D5_semi_day1_2_val_day3_5,binary_without_air,DANN-UDA,0.2,7
170,4.5696697270614095e-07,0.6239525675773621,0.6239530444145203,1.0,0.7666666666666667,0.8454545454545455,0.6136363636363636,D5_semi_day1_2_val_day3_5,binary_without_air,DANN-UDA,0.2,7
175,7.450514090123761e-07,0.6648159623146057,0.664816677570343,1.0,0.7666666666666667,0.8454545454545455,0.5909090909090909,D5_semi_day1_2_val_day3_5,binary_without_air,DANN-UDA,0.2,7
180,5.811427286062099e-07,0.7645706534385681,0.7645712494850159,1.0,0.7666666666666667,0.8636363636363636,0.5227272727272727,D5_semi_day1_2_val_day3_5,binary_without_air,DANN-UDA,0.2,7
185,1.390774144738316e-07,1.039179801940918,1.0391799211502075,1.0,0.7666666666666667,0.8636363636363636,0.38636363636363635,D5_semi_day1_2_val_day3_5,binary_without_air,DANN-UDA,0.2,7
190,0.04231448844075203,0.8837071061134338,0.9260215759277344,1.0,0.7333333333333333,0.8545454545454545,0.5227272727272727,D5_semi_day1_2_val_day3_5,binary_without_air,DANN-UDA,0.2,7
195,0.001365082454867661,0.7091988921165466,0.7105639576911926,1.0,0.8,0.8636363636363636,0.5454545454545454,D5_semi_day1_2_val_day3_5,binary_without_air,DANN-UDA,0.2,7
200,5.447530929814093e-05,0.7051327228546143,0.705187201499939,1.0,0.8,0.8727272727272727,0.5454545454545454,D5_semi_day1_2_val_day3_5,binary_without_air,DANN-UDA,0.2,7
205,2.4985203708638437e-05,0.7014750242233276,0.7014999985694885,1.0,0.8,0.8636363636363636,0.5454545454545454,D5_semi_day1_2_val_day3_5,binary_without_air,DANN-UDA,0.2,7
210,1.44044392413889e-07,0.6957516670227051,0.6957517862319946,1.0,0.7,0.8545454545454545,0.5454545454545454,D5_semi_day1_2_val_day3_5,binary_without_air,DANN-UDA,0.2,7
215,2.284840689981138e-07,0.6924732327461243,0.6924734711647034,1.0,0.6666666666666666,0.8272727272727273,0.5454545454545454,D5_semi_day1_2_val_day3_5,binary_without_air,DANN-UDA,0.2,7
220,0.0,0.6883378624916077,0.6883378624916077,1.0,0.6666666666666666,0.8272727272727273,0.5454545454545454,D5_semi_day1_2_val_day3_5,binary_without_air,DANN-UDA,0.2,7
225,7.566393469460309e-05,0.6864661574363708,0.6865417957305908,1.0,0.6333333333333333,0.7727272727272727,0.5454545454545454,D5_semi_day1_2_val_day3_5,binary_without_air,DANN-UDA,0.2,7
230,7.658652066311333e-06,0.6819997429847717,0.682007372379303,1.0,0.6333333333333333,0.8,0.5454545454545454,D5_semi_day1_2_val_day3_5,binary_without_air,DANN-UDA,0.2,7
235,0.07496622204780579,0.6794863343238831,0.7544525861740112,1.0,0.7,0.8272727272727273,0.5454545454545454,D5_semi_day1_2_val_day3_5,binary_without_air,DANN-UDA,0.2,7
240,2.632535256452684e-07,0.6770298480987549,0.677030086517334,1.0,0.7,0.8,0.5454545454545454,D5_semi_day1_2_val_day3_5,binary_without_air,DANN-UDA,0.2,7
245,1.2268556019989774e-06,0.6828550100326538,0.6828562617301941,1.0,0.6333333333333333,0.7727272727272727,0.5454545454545454,D5_semi_day1_2_val_day3_5,binary_without_air,DANN-UDA,0.2,7
250,1.581849210197106e-05,0.6773137450218201,0.6773295402526855,1.0,0.6333333333333333,0.7727272727272727,0.5454545454545454,D5_semi_day1_2_val_day3_5,binary_without_air,DANN-UDA,0.2,7
255,0.0007789150695316494,0.6742070317268372,0.674985945224762,1.0,0.6666666666666666,0.8090909090909091,0.5454545454545454,D5_semi_day1_2_val_day3_5,binary_without_air,DANN-UDA,0.2,7
260,1.390774144738316e-07,0.6752280592918396,0.6752281785011292,1.0,0.7,0.8090909090909091,0.5454545454545454,D5_semi_day1_2_val_day3_5,binary_without_air,DANN-UDA,0.2,7
265,4.967052902316027e-08,0.6719880104064941,0.6719880700111389,1.0,0.7,0.8090909090909091,0.5454545454545454,D5_semi_day1_2_val_day3_5,binary_without_air,DANN-UDA,0.2,7
270,1.916851215355564e-05,0.6782267093658447,0.6782459020614624,1.0,0.7,0.8181818181818182,0.5454545454545454,D5_semi_day1_2_val_day3_5,binary_without_air,DANN-UDA,0.2,7
275,7.649219355698733e-07,0.6714122891426086,0.6714130640029907,1.0,0.7,0.8181818181818182,0.5454545454545454,D5_semi_day1_2_val_day3_5,binary_without_air,DANN-UDA,0.2,7
280,3.4769252010846685e-07,0.6792616844177246,0.6792620420455933,1.0,0.7,0.8181818181818182,0.5454545454545454,D5_semi_day1_2_val_day3_5,binary_without_air,DANN-UDA,0.2,7
285,7.013084086793242e-06,0.6853281855583191,0.6853352189064026,1.0,0.7,0.8181818181818182,0.5454545454545454,D5_semi_day1_2_val_day3_5,binary_without_air,DANN-UDA,0.2,7
290,0.00014930313045624644,0.6896609663963318,0.6898102760314941,1.0,0.7,0.8181818181818182,0.5454545454545454,D5_semi_day1_2_val_day3_5,binary_without_air,DANN-UDA,0.2,7
295,1.2417619643656508e-07,0.6852036118507385,0.6852037310600281,1.0,0.8,0.9,0.5454545454545454,D5_semi_day1_2_val_day3_5,binary_without_air,DANN-UDA,0.2,7
300,5.970267466182122e-06,0.687836766242981,0.6878427267074585,1.0,0.8666666666666667,0.9727272727272728,0.5454545454545454,D5_semi_day1_2_val_day3_5,binary_without_air,DANN-UDA,0.2,7
305,0.0660795271396637,0.6908943057060242,0.7569738626480103,1.0,0.8666666666666667,0.9818181818181818,0.5454545454545454,D5_semi_day1_2_val_day3_5,binary_without_air,DANN-UDA,0.2,7
310,8.642125612823293e-05,0.6892085075378418,0.6892949342727661,1.0,0.8,0.9090909090909091,0.5454545454545454,D5_semi_day1_2_val_day3_5,binary_without_air,DANN-UDA,0.2,7
315,8.344053640030324e-05,0.689087450504303,0.6891708970069885,1.0,0.7666666666666667,0.8818181818181818,0.5454545454545454,D5_semi_day1_2_val_day3_5,binary_without_air,DANN-UDA,0.2,7
320,1.4404433557047014e-07,0.6890254616737366,0.6890255808830261,1.0,0.8333333333333334,0.9272727272727272,0.5454545454545454,D5_semi_day1_2_val_day3_5,binary_without_air,DANN-UDA,0.2,7
325,0.000498042965773493,0.689009428024292,0.6895074844360352,1.0,0.8333333333333334,0.9363636363636364,0.5454545454545454,D5_semi_day1_2_val_day3_5,binary_without_air,DANN-UDA,0.2,7
330,0.0002240389003418386,0.6890125274658203,0.689236581325531,1.0,0.8333333333333334,0.9272727272727272,0.5454545454545454,D5_semi_day1_2_val_day3_5,binary_without_air,DANN-UDA,0.2,7
335,9.741107351146638e-05,0.6890170574188232,0.6891144514083862,1.0,0.8333333333333334,0.9090909090909091,0.5454545454545454,D5_semi_day1_2_val_day3_5,binary_without_air,DANN-UDA,0.2,7
340,1.3410982546702144e-06,0.6890172362327576,0.6890185475349426,1.0,0.8,0.8909090909090909,0.5454545454545454,D5_semi_day1_2_val_day3_5,binary_without_air,DANN-UDA,0.2,7
345,8.344625825884577e-07,0.6890144348144531,0.68901526927948,1.0,0.8,0.8636363636363636,0.5454545454545454,D5_semi_day1_2_val_day3_5,binary_without_air,DANN-UDA,0.2,7
350,0.00010040833876701072,0.6890115737915039,0.6891120076179504,1.0,0.8,0.8636363636363636,0.5454545454545454,D5_semi_day1_2_val_day3_5,binary_without_air,DANN-UDA,0.2,7
355,3.751120311790146e-05,0.6890096664428711,0.6890471577644348,1.0,0.8,0.8636363636363636,0.5454545454545454,D5_semi_day1_2_val_day3_5,binary_without_air,DANN-UDA,0.2,7
360,3.398520129849203e-05,0.6890091896057129,0.6890431642532349,1.0,0.8,0.8636363636363636,0.5454545454545454,D5_semi_day1_2_val_day3_5,binary_without_air,DANN-UDA,0.2,7
365,1.2914331648516963e-07,0.6890093684196472,0.6890094876289368,1.0,0.8,0.8636363636363636,0.5454545454545454,D5_semi_day1_2_val_day3_5,binary_without_air,DANN-UDA,0.2,7
370,2.0861587302078988e-07,0.6890095472335815,0.6890097260475159,1.0,0.8,0.8545454545454545,0.5454545454545454,D5_semi_day1_2_val_day3_5,binary_without_air,DANN-UDA,0.2,7
375,1.4901160305669237e-08,0.689009428024292,0.689009428024292,1.0,0.7666666666666667,0.8545454545454545,0.5454545454545454,D5_semi_day1_2_val_day3_5,binary_without_air,DANN-UDA,0.2,7
380,2.9802320611338473e-08,0.6890092492103577,0.6890092492103577,1.0,0.7666666666666667,0.8545454545454545,0.5454545454545454,D5_semi_day1_2_val_day3_5,binary_without_air,DANN-UDA,0.2,7
385,5.960460569554016e-08,0.689009428024292,0.6890094876289368,1.0,0.7666666666666667,0.8545454545454545,0.5454545454545454,D5_semi_day1_2_val_day3_5,binary_without_air,DANN-UDA,0.2,7
390,2.9802315282267955e-08,0.6890093088150024,0.6890093088150024,1.0,0.7666666666666667,0.8545454545454545,0.5454545454545454,D5_semi_day1_2_val_day3_5,binary_without_air,DANN-UDA,0.2,7
395,2.508298621251015e-06,0.6890091300010681,0.6890116333961487,1.0,0.7666666666666667,0.8545454545454545,0.5454545454545454,D5_semi_day1_2_val_day3_5,binary_without_air,DANN-UDA,0.2,7
400,9.934106870446158e-09,0.6890092492103577,0.6890092492103577,1.0,0.7666666666666667,0.8545454545454545,0.5454545454545454,D5_semi_day1_2_val_day3_5,binary_without_air,DANN-UDA,0.2,7
1,0.6990405917167664,0.0,0.6990405917167664,0.7272727272727273,0.6666666666666666,0.6363636363636364,0.5227272727272727,D5_semi_day1_2_val_day3_5,binary_without_air,MLP source + target labels,0.0,7
5,0.4451281428337097,0.0,0.4451281428337097,0.8636363636363636,0.6,0.7181818181818181,0.29545454545454547,D5_semi_day1_2_val_day3_5,binary_without_air,MLP source + target labels,0.0,7
10,0.20596928894519806,0.0,0.20596928894519806,0.9318181818181818,0.9,0.9454545454545454,0.38636363636363635,D5_semi_day1_2_val_day3_5,binary_without_air,MLP source + target labels,0.0,7
15,0.07653528451919556,0.0,0.07653528451919556,0.9772727272727273,0.8666666666666667,0.9545454545454546,0.4318181818181818,D5_semi_day1_2_val_day3_5,binary_without_air,MLP source + target labels,0.0,7
20,0.01345660351216793,0.0,0.01345660351216793,1.0,0.9,0.9090909090909091,0.4318181818181818,D5_semi_day1_2_val_day3_5,binary_without_air,MLP source + target labels,0.0,7
25,0.009990592487156391,0.0,0.009990592487156391,1.0,0.9333333333333333,0.9181818181818182,0.36363636363636365,D5_semi_day1_2_val_day3_5,binary_without_air,MLP source + target labels,0.0,7
30,0.048688169568777084,0.0,0.048688169568777084,1.0,0.9333333333333333,0.9272727272727272,0.38636363636363635,D5_semi_day1_2_val_day3_5,binary_without_air,MLP source + target labels,0.0,7
35,0.001475055469200015,0.0,0.001475055469200015,1.0,0.9333333333333333,0.9272727272727272,0.45454545454545453,D5_semi_day1_2_val_day3_5,binary_without_air,MLP source + target labels,0.0,7
40,0.0014100519474595785,0.0,0.0014100519474595785,1.0,0.8333333333333334,0.9,0.4772727272727273,D5_semi_day1_2_val_day3_5,binary_without_air,MLP source + target labels,0.0,7
45,0.002912899712100625,0.0,0.002912899712100625,1.0,0.8333333333333334,0.9,0.45454545454545453,D5_semi_day1_2_val_day3_5,binary_without_air,MLP source + target labels,0.0,7
50,0.00033088732743635774,0.0,0.00033088732743635774,1.0,0.8666666666666667,0.9090909090909091,0.45454545454545453,D5_semi_day1_2_val_day3_5,binary_without_air,MLP source + target labels,0.0,7
55,0.0004429311666171998,0.0,0.0004429311666171998,1.0,0.8666666666666667,0.9090909090909091,0.45454545454545453,D5_semi_day1_2_val_day3_5,binary_without_air,MLP source + target labels,0.0,7
60,0.00015857169637456536,0.0,0.00015857169637456536,1.0,0.8666666666666667,0.9090909090909091,0.4318181818181818,D5_semi_day1_2_val_day3_5,binary_without_air,MLP source + target labels,0.0,7
65,0.00013033639697823673,0.0,0.00013033639697823673,1.0,0.8666666666666667,0.9090909090909091,0.4318181818181818,D5_semi_day1_2_val_day3_5,binary_without_air,MLP source + target labels,0.0,7
70,5.207578942645341e-05,0.0,5.207578942645341e-05,1.0,0.9,0.9090909090909091,0.4318181818181818,D5_semi_day1_2_val_day3_5,binary_without_air,MLP source + target labels,0.0,7
75,0.00025335061945952475,0.0,0.00025335061945952475,1.0,0.9,0.9181818181818182,0.4318181818181818,D5_semi_day1_2_val_day3_5,binary_without_air,MLP source + target labels,0.0,7
80,5.8605961385183036e-05,0.0,5.8605961385183036e-05,1.0,0.9,0.9181818181818182,0.4318181818181818,D5_semi_day1_2_val_day3_5,binary_without_air,MLP source + target labels,0.0,7
85,2.348497582715936e-05,0.0,2.348497582715936e-05,1.0,0.9,0.9181818181818182,0.4318181818181818,D5_semi_day1_2_val_day3_5,binary_without_air,MLP source + target labels,0.0,7
90,2.7708145353244618e-05,0.0,2.7708145353244618e-05,1.0,0.8666666666666667,0.9090909090909091,0.4318181818181818,D5_semi_day1_2_val_day3_5,binary_without_air,MLP source + target labels,0.0,7
95,0.00019084964878857136,0.0,0.00019084964878857136,1.0,0.8666666666666667,0.9,0.45454545454545453,D5_semi_day1_2_val_day3_5,binary_without_air,MLP source + target labels,0.0,7
100,3.5865010431734845e-05,0.0,3.5865010431734845e-05,1.0,0.8666666666666667,0.9,0.45454545454545453,D5_semi_day1_2_val_day3_5,binary_without_air,MLP source + target labels,0.0,7
105,0.0002163455355912447,0.0,0.0002163455355912447,1.0,0.8666666666666667,0.9,0.45454545454545453,D5_semi_day1_2_val_day3_5,binary_without_air,MLP source + target labels,0.0,7
110,3.5584733268478885e-05,0.0,3.5584733268478885e-05,1.0,0.8666666666666667,0.9,0.45454545454545453,D5_semi_day1_2_val_day3_5,binary_without_air,MLP source + target labels,0.0,7
115,2.348510861338582e-05,0.0,2.348510861338582e-05,1.0,0.8666666666666667,0.9090909090909091,0.45454545454545453,D5_semi_day1_2_val_day3_5,binary_without_air,MLP source + target labels,0.0,7
120,0.00020617060363292694,0.0,0.00020617060363292694,1.0,0.8333333333333334,0.9090909090909091,0.45454545454545453,D5_semi_day1_2_val_day3_5,binary_without_air,MLP source + target labels,0.0,7
125,8.168508793460205e-05,0.0,8.168508793460205e-05,1.0,0.8333333333333334,0.9090909090909091,0.45454545454545453,D5_semi_day1_2_val_day3_5,binary_without_air,MLP source + target labels,0.0,7
130,7.769752119202167e-05,0.0,7.769752119202167e-05,1.0,0.8333333333333334,0.9090909090909091,0.4318181818181818,D5_semi_day1_2_val_day3_5,binary_without_air,MLP source + target labels,0.0,7
135,3.8489477447001263e-05,0.0,3.8489477447001263e-05,1.0,0.8333333333333334,0.9090909090909091,0.4318181818181818,D5_semi_day1_2_val_day3_5,binary_without_air,MLP source + target labels,0.0,7
140,3.327911690576002e-05,0.0,3.327911690576002e-05,1.0,0.8333333333333334,0.9090909090909091,0.4318181818181818,D5_semi_day1_2_val_day3_5,binary_without_air,MLP source + target labels,0.0,7
145,4.63362448499538e-05,0.0,4.63362448499538e-05,1.0,0.8333333333333334,0.9090909090909091,0.4318181818181818,D5_semi_day1_2_val_day3_5,binary_without_air,MLP source + target labels,0.0,7
150,1.9107550542685203e-05,0.0,1.9107550542685203e-05,1.0,0.8333333333333334,0.9090909090909091,0.4318181818181818,D5_semi_day1_2_val_day3_5,binary_without_air,MLP source + target labels,0.0,7
155,2.5576602638466284e-05,0.0,2.5576602638466284e-05,1.0,0.8333333333333334,0.9090909090909091,0.4318181818181818,D5_semi_day1_2_val_day3_5,binary_without_air,MLP source + target labels,0.0,7
160,0.00017490146274212748,0.0,0.00017490146274212748,1.0,0.8333333333333334,0.9272727272727272,0.4318181818181818,D5_semi_day1_2_val_day3_5,binary_without_air,MLP source + target labels,0.0,7
165,0.00010224234574707225,0.0,0.00010224234574707225,1.0,0.8666666666666667,0.9272727272727272,0.4318181818181818,D5_semi_day1_2_val_day3_5,binary_without_air,MLP source + target labels,0.0,7
170,2.7271975341136567e-05,0.0,2.7271975341136567e-05,1.0,0.9,0.9272727272727272,0.4318181818181818,D5_semi_day1_2_val_day3_5,binary_without_air,MLP source + target labels,0.0,7
175,3.138214015052654e-05,0.0,3.138214015052654e-05,1.0,0.9,0.9181818181818182,0.4318181818181818,D5_semi_day1_2_val_day3_5,binary_without_air,MLP source + target labels,0.0,7
180,1.847886960604228e-05,0.0,1.847886960604228e-05,1.0,0.9,0.9181818181818182,0.4318181818181818,D5_semi_day1_2_val_day3_5,binary_without_air,MLP source + target labels,0.0,7
185,6.332404882414266e-05,0.0,6.332404882414266e-05,1.0,0.9,0.9181818181818182,0.4318181818181818,D5_semi_day1_2_val_day3_5,binary_without_air,MLP source + target labels,0.0,7
190,3.40431033691857e-05,0.0,3.40431033691857e-05,1.0,0.9,0.9181818181818182,0.4318181818181818,D5_semi_day1_2_val_day3_5,binary_without_air,MLP source + target labels,0.0,7
195,1.524688286735909e-05,0.0,1.524688286735909e-05,1.0,0.9,0.9181818181818182,0.4090909090909091,D5_semi_day1_2_val_day3_5,binary_without_air,MLP source + target labels,0.0,7
200,2.0990035409340635e-05,0.0,2.0990035409340635e-05,1.0,0.8666666666666667,0.9181818181818182,0.4090909090909091,D5_semi_day1_2_val_day3_5,binary_without_air,MLP source + target labels,0.0,7
205,2.717711504374165e-05,0.0,2.717711504374165e-05,1.0,0.8666666666666667,0.9181818181818182,0.4090909090909091,D5_semi_day1_2_val_day3_5,binary_without_air,MLP source + target labels,0.0,7
210,1.46157044582651e-05,0.0,1.46157044582651e-05,1.0,0.8666666666666667,0.9181818181818182,0.4318181818181818,D5_semi_day1_2_val_day3_5,binary_without_air,MLP source + target labels,0.0,7
215,2.452149783493951e-05,0.0,2.452149783493951e-05,1.0,0.8666666666666667,0.9181818181818182,0.4318181818181818,D5_semi_day1_2_val_day3_5,binary_without_air,MLP source + target labels,0.0,7
220,3.362231655046344e-05,0.0,3.362231655046344e-05,1.0,0.8666666666666667,0.9181818181818182,0.4318181818181818,D5_semi_day1_2_val_day3_5,binary_without_air,MLP source + target labels,0.0,7
225,2.678214877960272e-05,0.0,2.678214877960272e-05,1.0,0.9,0.9181818181818182,0.4318181818181818,D5_semi_day1_2_val_day3_5,binary_without_air,MLP source + target labels,0.0,7
230,2.097312426485587e-05,0.0,2.097312426485587e-05,1.0,0.8666666666666667,0.9090909090909091,0.45454545454545453,D5_semi_day1_2_val_day3_5,binary_without_air,MLP source + target labels,0.0,7
235,2.078578654618468e-05,0.0,2.078578654618468e-05,1.0,0.8666666666666667,0.9,0.45454545454545453,D5_semi_day1_2_val_day3_5,binary_without_air,MLP source + target labels,0.0,7
240,2.394983130216133e-05,0.0,2.394983130216133e-05,1.0,0.8666666666666667,0.9090909090909091,0.45454545454545453,D5_semi_day1_2_val_day3_5,binary_without_air,MLP source + target labels,0.0,7
245,4.1121045796899125e-05,0.0,4.1121045796899125e-05,1.0,0.8666666666666667,0.9090909090909091,0.45454545454545453,D5_semi_day1_2_val_day3_5,binary_without_air,MLP source + target labels,0.0,7
250,4.5291799324331805e-05,0.0,4.5291799324331805e-05,1.0,0.8666666666666667,0.9181818181818182,0.45454545454545453,D5_semi_day1_2_val_day3_5,binary_without_air,MLP source + target labels,0.0,7
255,8.115352829918265e-05,0.0,8.115352829918265e-05,1.0,0.8666666666666667,0.9181818181818182,0.45454545454545453,D5_semi_day1_2_val_day3_5,binary_without_air,MLP source + target labels,0.0,7
260,3.172241849824786e-05,0.0,3.172241849824786e-05,1.0,0.8666666666666667,0.9090909090909091,0.45454545454545453,D5_semi_day1_2_val_day3_5,binary_without_air,MLP source + target labels,0.0,7
265,1.7806793039198965e-05,0.0,1.7806793039198965e-05,1.0,0.8666666666666667,0.9090909090909091,0.45454545454545453,D5_semi_day1_2_val_day3_5,binary_without_air,MLP source + target labels,0.0,7
270,1.8637925677467138e-05,0.0,1.8637925677467138e-05,1.0,0.8666666666666667,0.9090909090909091,0.45454545454545453,D5_semi_day1_2_val_day3_5,binary_without_air,MLP source + target labels,0.0,7
275,0.00012073538528056815,0.0,0.00012073538528056815,1.0,0.8666666666666667,0.9090909090909091,0.45454545454545453,D5_semi_day1_2_val_day3_5,binary_without_air,MLP source + target labels,0.0,7
280,1.3204338756622747e-05,0.0,1.3204338756622747e-05,1.0,0.8666666666666667,0.9090909090909091,0.4318181818181818,D5_semi_day1_2_val_day3_5,binary_without_air,MLP source + target labels,0.0,7
285,6.0840346122859046e-05,0.0,6.0840346122859046e-05,1.0,0.8666666666666667,0.9090909090909091,0.4318181818181818,D5_semi_day1_2_val_day3_5,binary_without_air,MLP source + target labels,0.0,7
290,2.672245682333596e-05,0.0,2.672245682333596e-05,1.0,0.8666666666666667,0.9090909090909091,0.4318181818181818,D5_semi_day1_2_val_day3_5,binary_without_air,MLP source + target labels,0.0,7
295,8.465139399049804e-05,0.0,8.465139399049804e-05,1.0,0.8666666666666667,0.9090909090909091,0.4318181818181818,D5_semi_day1_2_val_day3_5,binary_without_air,MLP source + target labels,0.0,7
300,7.749344513285905e-05,0.0,7.749344513285905e-05,1.0,0.8666666666666667,0.9090909090909091,0.4318181818181818,D5_semi_day1_2_val_day3_5,binary_without_air,MLP source + target labels,0.0,7
305,0.000101599442132283,0.0,0.000101599442132283,1.0,0.8666666666666667,0.9090909090909091,0.4318181818181818,D5_semi_day1_2_val_day3_5,binary_without_air,MLP source + target labels,0.0,7
310,5.601650263997726e-05,0.0,5.601650263997726e-05,1.0,0.8666666666666667,0.9090909090909091,0.45454545454545453,D5_semi_day1_2_val_day3_5,binary_without_air,MLP source + target labels,0.0,7
315,2.3171252905740403e-05,0.0,2.3171252905740403e-05,1.0,0.8666666666666667,0.9090909090909091,0.45454545454545453,D5_semi_day1_2_val_day3_5,binary_without_air,MLP source + target labels,0.0,7
320,0.00011095029185526073,0.0,0.00011095029185526073,1.0,0.8666666666666667,0.9090909090909091,0.45454545454545453,D5_semi_day1_2_val_day3_5,binary_without_air,MLP source + target labels,0.0,7
325,5.456544386106543e-05,0.0,5.456544386106543e-05,1.0,0.8666666666666667,0.9090909090909091,0.4772727272727273,D5_semi_day1_2_val_day3_5,binary_without_air,MLP source + target labels,0.0,7
330,0.000175718407263048,0.0,0.000175718407263048,1.0,0.8666666666666667,0.9090909090909091,0.4772727272727273,D5_semi_day1_2_val_day3_5,binary_without_air,MLP source + target labels,0.0,7
335,9.607225365471095e-05,0.0,9.607225365471095e-05,1.0,0.8666666666666667,0.9090909090909091,0.4772727272727273,D5_semi_day1_2_val_day3_5,binary_without_air,MLP source + target labels,0.0,7
340,4.795727727469057e-05,0.0,4.795727727469057e-05,1.0,0.8666666666666667,0.9090909090909091,0.4772727272727273,D5_semi_day1_2_val_day3_5,binary_without_air,MLP source + target labels,0.0,7
345,2.049969043582678e-05,0.0,2.049969043582678e-05,1.0,0.8666666666666667,0.9090909090909091,0.4772727272727273,D5_semi_day1_2_val_day3_5,binary_without_air,MLP source + target labels,0.0,7
350,0.00019086753309238702,0.0,0.00019086753309238702,1.0,0.8333333333333334,0.8636363636363636,0.5,D5_semi_day1_2_val_day3_5,binary_without_air,MLP source + target labels,0.0,7
355,0.0003248713619541377,0.0,0.0003248713619541377,1.0,0.8333333333333334,0.9181818181818182,0.5,D5_semi_day1_2_val_day3_5,binary_without_air,MLP source + target labels,0.0,7
360,0.0004961491795256734,0.0,0.0004961491795256734,1.0,0.8666666666666667,0.9181818181818182,0.5,D5_semi_day1_2_val_day3_5,binary_without_air,MLP source + target labels,0.0,7
365,0.0017255861312150955,0.0,0.0017255861312150955,1.0,0.8333333333333334,0.9181818181818182,0.4772727272727273,D5_semi_day1_2_val_day3_5,binary_without_air,MLP source + target labels,0.0,7
370,0.00017553186626173556,0.0,0.00017553186626173556,1.0,0.8333333333333334,0.9090909090909091,0.4772727272727273,D5_semi_day1_2_val_day3_5,binary_without_air,MLP source + target labels,0.0,7
375,9.783227142179385e-05,0.0,9.783227142179385e-05,1.0,0.8333333333333334,0.8272727272727273,0.4772727272727273,D5_semi_day1_2_val_day3_5,binary_without_air,MLP source + target labels,0.0,7
380,0.0007008436950854957,0.0,0.0007008436950854957,1.0,0.9333333333333333,0.990909090909091,0.45454545454545453,D5_semi_day1_2_val_day3_5,binary_without_air,MLP source + target labels,0.0,7
385,0.0002705527294892818,0.0,0.0002705527294892818,1.0,0.9333333333333333,0.990909090909091,0.45454545454545453,D5_semi_day1_2_val_day3_5,binary_without_air,MLP source + target labels,0.0,7
390,0.02185901440680027,0.0,0.02185901440680027,1.0,0.7333333333333333,0.8090909090909091,0.3181818181818182,D5_semi_day1_2_val_day3_5,binary_without_air,MLP source + target labels,0.0,7
395,0.00020866574777755886,0.0,0.00020866574777755886,0.9318181818181818,0.7,0.7818181818181819,0.4318181818181818,D5_semi_day1_2_val_day3_5,binary_without_air,MLP source + target labels,0.0,7
400,0.0003106167132500559,0.0,0.0003106167132500559,1.0,0.9,0.9454545454545454,0.5227272727272727,D5_semi_day1_2_val_day3_5,binary_without_air,MLP source + target labels,0.0,7
1,0.7047414779663086,0.6761742234230042,1.380915641784668,0.7727272727272727,0.7666666666666667,0.7454545454545455,0.5454545454545454,D5_semi_day1_2_val_day3_5,binary_without_air,DANN-semi,0.05,23
5,0.4841274917125702,0.714314877986908,1.1984423398971558,0.8181818181818182,0.5666666666666667,0.7090909090909091,0.3409090909090909,D5_semi_day1_2_val_day3_5,binary_without_air,DANN-semi,0.05,23
10,0.2564587891101837,0.6699672937393188,0.9264260530471802,0.9318181818181818,0.8,0.8272727272727273,0.6363636363636364,D5_semi_day1_2_val_day3_5,binary_without_air,DANN-semi,0.05,23
15,0.10240492224693298,0.6418992280960083,0.7443041801452637,0.9318181818181818,0.9,0.9363636363636364,0.6136363636363636,D5_semi_day1_2_val_day3_5,binary_without_air,DANN-semi,0.05,23
20,0.018411971628665924,0.6375699639320374,0.6559819579124451,1.0,0.9333333333333333,0.9,0.5681818181818182,D5_semi_day1_2_val_day3_5,binary_without_air,DANN-semi,0.05,23
25,0.00740334065631032,0.6142975687980652,0.6217008829116821,1.0,0.8666666666666667,0.8545454545454545,0.75,D5_semi_day1_2_val_day3_5,binary_without_air,DANN-semi,0.05,23
30,0.001355316024273634,0.6759288311004639,0.6772841215133667,1.0,0.9,0.8545454545454545,0.6136363636363636,D5_semi_day1_2_val_day3_5,binary_without_air,DANN-semi,0.05,23
35,0.0019509028643369675,0.7398828864097595,0.7418338060379028,1.0,0.8666666666666667,0.8545454545454545,0.5681818181818182,D5_semi_day1_2_val_day3_5,binary_without_air,DANN-semi,0.05,23
40,0.0013042347272858024,0.7668007016181946,0.7681049108505249,1.0,0.8333333333333334,0.8363636363636363,0.5227272727272727,D5_semi_day1_2_val_day3_5,binary_without_air,DANN-semi,0.05,23
45,0.0011669339146465063,0.8831806182861328,0.8843475580215454,1.0,0.8666666666666667,0.8545454545454545,0.4090909090909091,D5_semi_day1_2_val_day3_5,binary_without_air,DANN-semi,0.05,23
50,0.0003710853634402156,0.8019351959228516,0.8023062944412231,1.0,0.9,0.9,0.36363636363636365,D5_semi_day1_2_val_day3_5,binary_without_air,DANN-semi,0.05,23
55,0.009093133732676506,0.705394983291626,0.7144880890846252,1.0,0.9,0.8818181818181818,0.6363636363636364,D5_semi_day1_2_val_day3_5,binary_without_air,DANN-semi,0.05,23
60,0.0024111554957926273,0.6814636588096619,0.683874785900116,1.0,0.8666666666666667,0.8272727272727273,0.6590909090909091,D5_semi_day1_2_val_day3_5,binary_without_air,DANN-semi,0.05,23
65,0.00015494439867325127,0.7339100241661072,0.7340649962425232,1.0,0.9,0.8818181818181818,0.6363636363636364,D5_semi_day1_2_val_day3_5,binary_without_air,DANN-semi,0.05,23
70,0.0005816525081172585,0.6315820217132568,0.6321637034416199,1.0,0.9,0.8727272727272727,0.6818181818181818,D5_semi_day1_2_val_day3_5,binary_without_air,DANN-semi,0.05,23
75,8.094634540611878e-05,0.6019285321235657,0.6020094752311707,1.0,0.8333333333333334,0.8272727272727273,0.75,D5_semi_day1_2_val_day3_5,binary_without_air,DANN-semi,0.05,23
80,5.1443654228933156e-05,0.5530784726142883,0.5531299114227295,1.0,0.7333333333333333,0.8090909090909091,0.8636363636363636,D5_semi_day1_2_val_day3_5,binary_without_air,DANN-semi,0.05,23
85,0.0013457618188112974,0.4619091749191284,0.4632549285888672,1.0,0.7666666666666667,0.8181818181818182,0.9090909090909091,D5_semi_day1_2_val_day3_5,binary_without_air,DANN-semi,0.05,23
90,0.0006570108234882355,0.4583084285259247,0.4589654505252838,1.0,0.8666666666666667,0.8363636363636363,0.8409090909090909,D5_semi_day1_2_val_day3_5,binary_without_air,DANN-semi,0.05,23
95,3.905033372575417e-05,0.4657479226589203,0.46578696370124817,1.0,0.8666666666666667,0.8545454545454545,0.7727272727272727,D5_semi_day1_2_val_day3_5,binary_without_air,DANN-semi,0.05,23
100,0.00010827495862031356,0.6531995534896851,0.6533078551292419,1.0,0.8666666666666667,0.8727272727272727,0.6818181818181818,D5_semi_day1_2_val_day3_5,binary_without_air,DANN-semi,0.05,23
105,7.558736979262903e-05,0.9393110871315002,0.9393866658210754,1.0,0.8666666666666667,0.8363636363636363,0.4090909090909091,D5_semi_day1_2_val_day3_5,binary_without_air,DANN-semi,0.05,23
110,0.00020173103257548064,0.987615168094635,0.9878168702125549,1.0,0.8666666666666667,0.8909090909090909,0.4090909090909091,D5_semi_day1_2_val_day3_5,binary_without_air,DANN-semi,0.05,23
115,0.0004921011859551072,0.6846279501914978,0.6851200461387634,1.0,0.9,0.9181818181818182,0.6363636363636364,D5_semi_day1_2_val_day3_5,binary_without_air,DANN-semi,0.05,23
120,0.0007564570987597108,0.6900912523269653,0.6908476948738098,1.0,0.8666666666666667,0.8818181818181818,0.7272727272727273,D5_semi_day1_2_val_day3_5,binary_without_air,DANN-semi,0.05,23
125,0.00020412920275703073,0.7080277800559998,0.7082319259643555,1.0,0.8666666666666667,0.8909090909090909,0.6818181818181818,D5_semi_day1_2_val_day3_5,binary_without_air,DANN-semi,0.05,23
130,0.0017275660065934062,0.7682953476905823,0.7700229287147522,1.0,0.8666666666666667,0.8818181818181818,0.6818181818181818,D5_semi_day1_2_val_day3_5,binary_without_air,DANN-semi,0.05,23
135,0.0004601796390488744,0.7119133472442627,0.7123735547065735,1.0,0.8666666666666667,0.8181818181818182,0.6363636363636364,D5_semi_day1_2_val_day3_5,binary_without_air,DANN-semi,0.05,23
140,0.00023474426416214556,0.6927800178527832,0.6930147409439087,1.0,0.6666666666666666,0.8090909090909091,0.6590909090909091,D5_semi_day1_2_val_day3_5,binary_without_air,DANN-semi,0.05,23
145,0.0008801872027106583,0.6234819889068604,0.6243621706962585,1.0,0.9,0.8727272727272727,0.7045454545454546,D5_semi_day1_2_val_day3_5,binary_without_air,DANN-semi,0.05,23
150,0.05210275948047638,0.5806993842124939,0.6328021287918091,1.0,0.7666666666666667,0.8272727272727273,0.7045454545454546,D5_semi_day1_2_val_day3_5,binary_without_air,DANN-semi,0.05,23
155,3.896811176673509e-05,0.5372434854507446,0.5372824668884277,1.0,0.7,0.8090909090909091,0.75,D5_semi_day1_2_val_day3_5,binary_without_air,DANN-semi,0.05,23
160,0.0002497238456271589,0.6330087780952454,0.6332585215568542,1.0,0.7333333333333333,0.8090909090909091,0.7272727272727273,D5_semi_day1_2_val_day3_5,binary_without_air,DANN-semi,0.05,23
165,0.0004566331335809082,0.5877746939659119,0.5882313251495361,1.0,0.6333333333333333,0.7727272727272727,0.6818181818181818,D5_semi_day1_2_val_day3_5,binary_without_air,DANN-semi,0.05,23
170,0.0001698926353128627,0.5898103713989258,0.5899802446365356,1.0,0.8,0.8636363636363636,0.7272727272727273,D5_semi_day1_2_val_day3_5,binary_without_air,DANN-semi,0.05,23
175,9.50525063672103e-05,0.5262167453765869,0.5263118147850037,1.0,0.8666666666666667,0.8727272727272727,0.7954545454545454,D5_semi_day1_2_val_day3_5,binary_without_air,DANN-semi,0.05,23
180,0.0005023535923101008,0.5346662402153015,0.5351685881614685,1.0,0.7666666666666667,0.8090909090909091,0.75,D5_semi_day1_2_val_day3_5,binary_without_air,DANN-semi,0.05,23
185,0.0013194415951147676,0.6765897870063782,0.677909255027771,1.0,0.6333333333333333,0.7818181818181819,0.7727272727272727,D5_semi_day1_2_val_day3_5,binary_without_air,DANN-semi,0.05,23
190,0.0002768640697468072,0.5094084143638611,0.5096852779388428,1.0,0.7,0.7818181818181819,0.7727272727272727,D5_semi_day1_2_val_day3_5,binary_without_air,DANN-semi,0.05,23
195,0.0001287615014007315,0.536105751991272,0.5362344980239868,1.0,0.7333333333333333,0.8,0.7045454545454546,D5_semi_day1_2_val_day3_5,binary_without_air,DANN-semi,0.05,23
200,1.2218719120937749e-06,0.5420586466789246,0.5420598387718201,1.0,0.8666666666666667,0.8636363636363636,0.6818181818181818,D5_semi_day1_2_val_day3_5,binary_without_air,DANN-semi,0.05,23
205,0.0010712523944675922,0.6736350655555725,0.6747063398361206,1.0,0.9666666666666667,0.9818181818181818,0.7272727272727273,D5_semi_day1_2_val_day3_5,binary_without_air,DANN-semi,0.05,23
210,4.245113359502284e-06,0.6149070858955383,0.6149113178253174,1.0,0.9333333333333333,0.9545454545454546,0.6590909090909091,D5_semi_day1_2_val_day3_5,binary_without_air,DANN-semi,0.05,23
215,6.35258766124025e-06,0.6380672454833984,0.6380736231803894,1.0,0.8666666666666667,0.8909090909090909,0.6590909090909091,D5_semi_day1_2_val_day3_5,binary_without_air,DANN-semi,0.05,23
220,2.3993459763005376e-05,0.7408891916275024,0.7409132122993469,1.0,0.9666666666666667,0.9181818181818182,0.5909090909090909,D5_semi_day1_2_val_day3_5,binary_without_air,DANN-semi,0.05,23
225,2.20800711758784e-06,0.6944761276245117,0.6944783329963684,1.0,0.8666666666666667,0.8454545454545455,0.5681818181818182,D5_semi_day1_2_val_day3_5,binary_without_air,DANN-semi,0.05,23
230,0.027928339317440987,0.78583163022995,0.813759982585907,1.0,0.8,0.8272727272727273,0.5454545454545454,D5_semi_day1_2_val_day3_5,binary_without_air,DANN-semi,0.05,23
235,2.223700903414283e-05,0.6913105845451355,0.6913328170776367,1.0,0.9,0.8727272727272727,0.6136363636363636,D5_semi_day1_2_val_day3_5,binary_without_air,DANN-semi,0.05,23
240,0.0006590565317310393,0.670078694820404,0.6707377433776855,1.0,0.8666666666666667,0.8818181818181818,0.5681818181818182,D5_semi_day1_2_val_day3_5,binary_without_air,DANN-semi,0.05,23
245,0.00019806568161584437,0.6534696221351624,0.653667688369751,1.0,0.8666666666666667,0.8818181818181818,0.6136363636363636,D5_semi_day1_2_val_day3_5,binary_without_air,DANN-semi,0.05,23
250,4.097601413377561e-05,0.6845332384109497,0.6845741868019104,1.0,0.8666666666666667,0.8727272727272727,0.5909090909090909,D5_semi_day1_2_val_day3_5,binary_without_air,DANN-semi,0.05,23
255,4.765420271723997e-06,0.6568615436553955,0.6568663120269775,1.0,0.8333333333333334,0.8272727272727273,0.6136363636363636,D5_semi_day1_2_val_day3_5,binary_without_air,DANN-semi,0.05,23
260,0.0009770557517185807,0.6627312898635864,0.6637083292007446,1.0,0.8,0.8090909090909091,0.6136363636363636,D5_semi_day1_2_val_day3_5,binary_without_air,DANN-semi,0.05,23
265,3.340477405799902e-06,0.6701352596282959,0.6701385974884033,1.0,0.8,0.8181818181818182,0.5909090909090909,D5_semi_day1_2_val_day3_5,binary_without_air,DANN-semi,0.05,23
270,4.764397090184502e-05,0.6839073896408081,0.6839550137519836,1.0,0.8,0.8090909090909091,0.5454545454545454,D5_semi_day1_2_val_day3_5,binary_without_air,DANN-semi,0.05,23
275,7.65043751016492e-06,0.6878974437713623,0.6879050731658936,1.0,0.8,0.8090909090909091,0.5454545454545454,D5_semi_day1_2_val_day3_5,binary_without_air,DANN-semi,0.05,23
280,1.7448463040636852e-05,0.6926620006561279,0.6926794648170471,1.0,0.8,0.8090909090909091,0.5454545454545454,D5_semi_day1_2_val_day3_5,binary_without_air,DANN-semi,0.05,23
285,9.935850357578602e-06,0.6844964623451233,0.6845064163208008,1.0,0.8,0.8090909090909091,0.5227272727272727,D5_semi_day1_2_val_day3_5,binary_without_air,DANN-semi,0.05,23
290,0.00011687458027154207,0.6824426054954529,0.6825594902038574,1.0,0.8,0.8090909090909091,0.5454545454545454,D5_semi_day1_2_val_day3_5,binary_without_air,DANN-semi,0.05,23
295,1.1483282833069097e-05,0.670254111289978,0.6702656149864197,1.0,0.8,0.8181818181818182,0.5909090909090909,D5_semi_day1_2_val_day3_5,binary_without_air,DANN-semi,0.05,23
300,0.00026549657923169434,0.6956575512886047,0.6959230303764343,1.0,0.8,0.8181818181818182,0.5681818181818182,D5_semi_day1_2_val_day3_5,binary_without_air,DANN-semi,0.05,23
305,1.3740393114858307e-05,0.6739878058433533,0.6740015745162964,1.0,0.8,0.8181818181818182,0.5454545454545454,D5_semi_day1_2_val_day3_5,binary_without_air,DANN-semi,0.05,23
310,1.9469092876533978e-05,0.6716713309288025,0.671690821647644,1.0,0.8,0.8181818181818182,0.5681818181818182,D5_semi_day1_2_val_day3_5,binary_without_air,DANN-semi,0.05,23
315,1.0772507266665343e-05,0.6887390613555908,0.6887498497962952,1.0,0.8,0.8181818181818182,0.5681818181818182,D5_semi_day1_2_val_day3_5,binary_without_air,DANN-semi,0.05,23
320,7.425106105074519e-06,0.6610845923423767,0.6610920429229736,1.0,0.8,0.8181818181818182,0.5681818181818182,D5_semi_day1_2_val_day3_5,binary_without_air,DANN-semi,0.05,23
325,5.724143193219788e-06,0.6792809963226318,0.6792867183685303,1.0,0.8,0.8272727272727273,0.5681818181818182,D5_semi_day1_2_val_day3_5,binary_without_air,DANN-semi,0.05,23
330,4.933169293508399e-06,0.6907289028167725,0.6907338500022888,1.0,0.8,0.8272727272727273,0.5681818181818182,D5_semi_day1_2_val_day3_5,binary_without_air,DANN-semi,0.05,23
335,4.0798831832944416e-06,0.6867368221282959,0.6867408752441406,1.0,0.8,0.8272727272727273,0.5681818181818182,D5_semi_day1_2_val_day3_5,binary_without_air,DANN-semi,0.05,23
340,3.795468273892766e-06,0.6826314926147461,0.6826353073120117,1.0,0.8333333333333334,0.8272727272727273,0.5681818181818182,D5_semi_day1_2_val_day3_5,binary_without_air,DANN-semi,0.05,23
345,3.532700930009014e-06,0.6885003447532654,0.6885038614273071,1.0,0.8333333333333334,0.8272727272727273,0.5681818181818182,D5_semi_day1_2_val_day3_5,binary_without_air,DANN-semi,0.05,23
350,3.3810042623372283e-06,0.6810805201530457,0.6810839176177979,1.0,0.8666666666666667,0.8272727272727273,0.5681818181818182,D5_semi_day1_2_val_day3_5,binary_without_air,DANN-semi,0.05,23
355,2.2468284441856667e-05,0.6753389239311218,0.6753613948822021,1.0,0.8666666666666667,0.8272727272727273,0.5681818181818182,D5_semi_day1_2_val_day3_5,binary_without_air,DANN-semi,0.05,23
360,0.000994043075479567,0.6810513138771057,0.6820453405380249,1.0,0.8666666666666667,0.8454545454545455,0.5681818181818182,D5_semi_day1_2_val_day3_5,binary_without_air,DANN-semi,0.05,23
365,1.0837088666448835e-06,0.6825072765350342,0.6825083494186401,1.0,0.8666666666666667,0.8454545454545455,0.5681818181818182,D5_semi_day1_2_val_day3_5,binary_without_air,DANN-semi,0.05,23
370,1.0436904631205834e-05,0.6867373585700989,0.6867477893829346,1.0,0.8666666666666667,0.8454545454545455,0.5909090909090909,D5_semi_day1_2_val_day3_5,binary_without_air,DANN-semi,0.05,23
375,1.7610053646421875e-06,0.6873360872268677,0.6873378753662109,1.0,0.8666666666666667,0.8454545454545455,0.5681818181818182,D5_semi_day1_2_val_day3_5,binary_without_air,DANN-semi,0.05,23
380,1.197502911054471e-06,0.686686635017395,0.6866878271102905,1.0,0.8666666666666667,0.8454545454545455,0.5909090909090909,D5_semi_day1_2_val_day3_5,binary_without_air,DANN-semi,0.05,23
385,5.090313607070129e-06,0.6635464429855347,0.6635515093803406,1.0,0.8666666666666667,0.8454545454545455,0.6363636363636364,D5_semi_day1_2_val_day3_5,binary_without_air,DANN-semi,0.05,23
390,4.743749741464853e-06,0.6498521566390991,0.6498569250106812,1.0,0.8666666666666667,0.8454545454545455,0.5909090909090909,D5_semi_day1_2_val_day3_5,binary_without_air,DANN-semi,0.05,23
395,0.0009257010533474386,0.6263383030891418,0.6272640228271484,1.0,0.8666666666666667,0.8454545454545455,0.6818181818181818,D5_semi_day1_2_val_day3_5,binary_without_air,DANN-semi,0.05,23
400,4.987647571397247e-06,0.6020548939704895,0.6020599007606506,1.0,0.8666666666666667,0.8454545454545455,0.6590909090909091,D5_semi_day1_2_val_day3_5,binary_without_air,DANN-semi,0.05,23
1,1.074225902557373,0.0,1.074225902557373,0.4666666666666667,0.5833333333333334,0.5,0.717948717948718,D6_semi_day12_val_day13_14,three_class_with_air,MLP source only,0.0,23
5,0.7914963364601135,0.0,0.7914963364601135,0.6333333333333333,0.625,0.5769230769230769,0.5897435897435898,D6_semi_day12_val_day13_14,three_class_with_air,MLP source only,0.0,23
10,0.5948104858398438,0.0,0.5948104858398438,0.7,0.6666666666666666,0.6153846153846154,0.38461538461538464,D6_semi_day12_val_day13_14,three_class_with_air,MLP source only,0.0,23
15,0.42237168550491333,0.0,0.42237168550491333,0.8666666666666667,0.6666666666666666,0.6538461538461539,0.358974358974359,D6_semi_day12_val_day13_14,three_class_with_air,MLP source only,0.0,23
20,0.25059303641319275,0.0,0.25059303641319275,0.9,0.7083333333333334,0.6346153846153846,0.41025641025641024,D6_semi_day12_val_day13_14,three_class_with_air,MLP source only,0.0,23
25,0.14299531280994415,0.0,0.14299531280994415,0.9,0.7916666666666666,0.6153846153846154,0.38461538461538464,D6_semi_day12_val_day13_14,three_class_with_air,MLP source only,0.0,23
30,0.0826861560344696,0.0,0.0826861560344696,1.0,0.7916666666666666,0.6730769230769231,0.38461538461538464,D6_semi_day12_val_day13_14,three_class_with_air,MLP source only,0.0,23
35,0.03709297254681587,0.0,0.03709297254681587,1.0,0.7916666666666666,0.6923076923076923,0.358974358974359,D6_semi_day12_val_day13_14,three_class_with_air,MLP source only,0.0,23
40,0.049097850918769836,0.0,0.049097850918769836,1.0,0.7916666666666666,0.6923076923076923,0.3333333333333333,D6_semi_day12_val_day13_14,three_class_with_air,MLP source only,0.0,23
45,0.009388839825987816,0.0,0.009388839825987816,1.0,0.7916666666666666,0.6923076923076923,0.358974358974359,D6_semi_day12_val_day13_14,three_class_with_air,MLP source only,0.0,23
50,0.034964945167303085,0.0,0.034964945167303085,1.0,0.7916666666666666,0.6923076923076923,0.28205128205128205,D6_semi_day12_val_day13_14,three_class_with_air,MLP source only,0.0,23
55,0.04679134488105774,0.0,0.04679134488105774,1.0,0.8333333333333334,0.7692307692307693,0.3333333333333333,D6_semi_day12_val_day13_14,three_class_with_air,MLP source only,0.0,23
60,0.008072074502706528,0.0,0.008072074502706528,1.0,0.7916666666666666,0.7307692307692307,0.3333333333333333,D6_semi_day12_val_day13_14,three_class_with_air,MLP source only,0.0,23
65,0.005219634622335434,0.0,0.005219634622335434,1.0,0.7916666666666666,0.7115384615384616,0.3333333333333333,D6_semi_day12_val_day13_14,three_class_with_air,MLP source only,0.0,23
70,0.005799501668661833,0.0,0.005799501668661833,1.0,0.7916666666666666,0.7115384615384616,0.358974358974359,D6_semi_day12_val_day13_14,three_class_with_air,MLP source only,0.0,23
75,0.010137039236724377,0.0,0.010137039236724377,1.0,0.7916666666666666,0.8269230769230769,0.3076923076923077,D6_semi_day12_val_day13_14,three_class_with_air,MLP source only,0.0,23
80,0.0016778522403910756,0.0,0.0016778522403910756,1.0,0.7916666666666666,0.8269230769230769,0.3076923076923077,D6_semi_day12_val_day13_14,three_class_with_air,MLP source only,0.0,23
85,0.0016155110206454992,0.0,0.0016155110206454992,1.0,0.7916666666666666,0.8076923076923077,0.28205128205128205,D6_semi_day12_val_day13_14,three_class_with_air,MLP source only,0.0,23
90,0.0024447396863251925,0.0,0.0024447396863251925,1.0,0.7916666666666666,0.8076923076923077,0.3076923076923077,D6_semi_day12_val_day13_14,three_class_with_air,MLP source only,0.0,23
95,0.001248902059160173,0.0,0.001248902059160173,1.0,0.75,0.7884615384615384,0.3076923076923077,D6_semi_day12_val_day13_14,three_class_with_air,MLP source only,0.0,23
100,0.002164098434150219,0.0,0.002164098434150219,1.0,0.7916666666666666,0.7115384615384616,0.3076923076923077,D6_semi_day12_val_day13_14,three_class_with_air,MLP source only,0.0,23
105,0.003458768595010042,0.0,0.003458768595010042,1.0,0.7916666666666666,0.6730769230769231,0.3076923076923077,D6_semi_day12_val_day13_14,three_class_with_air,MLP source only,0.0,23
110,0.0009708590223453939,0.0,0.0009708590223453939,1.0,0.75,0.6730769230769231,0.3076923076923077,D6_semi_day12_val_day13_14,three_class_with_air,MLP source only,0.0,23
115,0.0006365455337800086,0.0,0.0006365455337800086,1.0,0.75,0.6730769230769231,0.3076923076923077,D6_semi_day12_val_day13_14,three_class_with_air,MLP source only,0.0,23
120,0.0004438192117959261,0.0,0.0004438192117959261,1.0,0.75,0.6730769230769231,0.3076923076923077,D6_semi_day12_val_day13_14,three_class_with_air,MLP source only,0.0,23
125,0.0014692225959151983,0.0,0.0014692225959151983,1.0,0.75,0.6730769230769231,0.3076923076923077,D6_semi_day12_val_day13_14,three_class_with_air,MLP source only,0.0,23
130,0.00031934617436490953,0.0,0.00031934617436490953,1.0,0.75,0.6730769230769231,0.28205128205128205,D6_semi_day12_val_day13_14,three_class_with_air,MLP source only,0.0,23
135,0.0016825104830786586,0.0,0.0016825104830786586,1.0,0.75,0.6730769230769231,0.2564102564102564,D6_semi_day12_val_day13_14,three_class_with_air,MLP source only,0.0,23
140,0.0004089170543011278,0.0,0.0004089170543011278,1.0,0.7916666666666666,0.6730769230769231,0.2564102564102564,D6_semi_day12_val_day13_14,three_class_with_air,MLP source only,0.0,23
145,0.0004956214688718319,0.0,0.0004956214688718319,1.0,0.7916666666666666,0.6923076923076923,0.28205128205128205,D6_semi_day12_val_day13_14,three_class_with_air,MLP source only,0.0,23
150,0.0011922325938940048,0.0,0.0011922325938940048,1.0,0.7916666666666666,0.6923076923076923,0.2564102564102564,D6_semi_day12_val_day13_14,three_class_with_air,MLP source only,0.0,23
155,0.0003088109369855374,0.0,0.0003088109369855374,1.0,0.7916666666666666,0.6923076923076923,0.2564102564102564,D6_semi_day12_val_day13_14,three_class_with_air,MLP source only,0.0,23
160,0.001168468501418829,0.0,0.001168468501418829,1.0,0.75,0.6923076923076923,0.2564102564102564,D6_semi_day12_val_day13_14,three_class_with_air,MLP source only,0.0,23
165,0.0011834502220153809,0.0,0.0011834502220153809,1.0,0.75,0.6923076923076923,0.2564102564102564,D6_semi_day12_val_day13_14,three_class_with_air,MLP source only,0.0,23
170,0.0003875259717460722,0.0,0.0003875259717460722,1.0,0.75,0.6923076923076923,0.2564102564102564,D6_semi_day12_val_day13_14,three_class_with_air,MLP source only,0.0,23
175,0.0006105807260610163,0.0,0.0006105807260610163,1.0,0.75,0.6923076923076923,0.2564102564102564,D6_semi_day12_val_day13_14,three_class_with_air,MLP source only,0.0,23
180,0.00042999687138944864,0.0,0.00042999687138944864,1.0,0.7916666666666666,0.6923076923076923,0.2564102564102564,D6_semi_day12_val_day13_14,three_class_with_air,MLP source only,0.0,23
185,9.013061935547739e-05,0.0,9.013061935547739e-05,1.0,0.7916666666666666,0.6923076923076923,0.2564102564102564,D6_semi_day12_val_day13_14,three_class_with_air,MLP source only,0.0,23
190,0.0010256983805447817,0.0,0.0010256983805447817,1.0,0.7916666666666666,0.6923076923076923,0.2564102564102564,D6_semi_day12_val_day13_14,three_class_with_air,MLP source only,0.0,23
195,6.708789442200214e-05,0.0,6.708789442200214e-05,1.0,0.7916666666666666,0.6923076923076923,0.2564102564102564,D6_semi_day12_val_day13_14,three_class_with_air,MLP source only,0.0,23
200,0.00011304816143820062,0.0,0.00011304816143820062,1.0,0.7916666666666666,0.6923076923076923,0.2564102564102564,D6_semi_day12_val_day13_14,three_class_with_air,MLP source only,0.0,23
205,0.00012627438991330564,0.0,0.00012627438991330564,1.0,0.7916666666666666,0.7115384615384616,0.2564102564102564,D6_semi_day12_val_day13_14,three_class_with_air,MLP source only,0.0,23
210,7.884289516368881e-05,0.0,7.884289516368881e-05,1.0,0.7916666666666666,0.7115384615384616,0.2564102564102564,D6_semi_day12_val_day13_14,three_class_with_air,MLP source only,0.0,23
215,0.0001446309470338747,0.0,0.0001446309470338747,1.0,0.7916666666666666,0.7115384615384616,0.2564102564102564,D6_semi_day12_val_day13_14,three_class_with_air,MLP source only,0.0,23
220,7.229430048028007e-05,0.0,7.229430048028007e-05,1.0,0.7916666666666666,0.7115384615384616,0.2564102564102564,D6_semi_day12_val_day13_14,three_class_with_air,MLP source only,0.0,23
225,0.00012614327715709805,0.0,0.00012614327715709805,1.0,0.7916666666666666,0.7307692307692307,0.2564102564102564,D6_semi_day12_val_day13_14,three_class_with_air,MLP source only,0.0,23
230,0.00023280915047507733,0.0,0.00023280915047507733,1.0,0.7916666666666666,0.7307692307692307,0.2564102564102564,D6_semi_day12_val_day13_14,three_class_with_air,MLP source only,0.0,23
235,0.0005230648093856871,0.0,0.0005230648093856871,1.0,0.7916666666666666,0.75,0.2564102564102564,D6_semi_day12_val_day13_14,three_class_with_air,MLP source only,0.0,23
240,8.073480421444401e-05,0.0,8.073480421444401e-05,1.0,0.7916666666666666,0.75,0.2564102564102564,D6_semi_day12_val_day13_14,three_class_with_air,MLP source only,0.0,23
245,7.030768028926104e-05,0.0,7.030768028926104e-05,1.0,0.7916666666666666,0.7692307692307693,0.2564102564102564,D6_semi_day12_val_day13_14,three_class_with_air,MLP source only,0.0,23
250,0.00012788179446943104,0.0,0.00012788179446943104,1.0,0.7916666666666666,0.7692307692307693,0.2564102564102564,D6_semi_day12_val_day13_14,three_class_with_air,MLP source only,0.0,23
255,9.150979167316109e-05,0.0,9.150979167316109e-05,1.0,0.7916666666666666,0.7692307692307693,0.2564102564102564,D6_semi_day12_val_day13_14,three_class_with_air,MLP source only,0.0,23
260,5.5901466112118214e-05,0.0,5.5901466112118214e-05,1.0,0.75,0.7884615384615384,0.2564102564102564,D6_semi_day12_val_day13_14,three_class_with_air,MLP source only,0.0,23
265,0.00011640816228464246,0.0,0.00011640816228464246,1.0,0.75,0.7884615384615384,0.2564102564102564,D6_semi_day12_val_day13_14,three_class_with_air,MLP source only,0.0,23
270,7.688655750826001e-05,0.0,7.688655750826001e-05,1.0,0.75,0.7884615384615384,0.2564102564102564,D6_semi_day12_val_day13_14,three_class_with_air,MLP source only,0.0,23
275,0.001543488702736795,0.0,0.001543488702736795,1.0,0.75,0.8076923076923077,0.2564102564102564,D6_semi_day12_val_day13_14,three_class_with_air,MLP source only,0.0,23
280,0.0001238656259374693,0.0,0.0001238656259374693,1.0,0.75,0.8076923076923077,0.2564102564102564,D6_semi_day12_val_day13_14,three_class_with_air,MLP source only,0.0,23
285,9.668892016634345e-05,0.0,9.668892016634345e-05,1.0,0.7916666666666666,0.8076923076923077,0.2564102564102564,D6_semi_day12_val_day13_14,three_class_with_air,MLP source only,0.0,23
290,0.00022827027714811265,0.0,0.00022827027714811265,1.0,0.7916666666666666,0.8076923076923077,0.2564102564102564,D6_semi_day12_val_day13_14,three_class_with_air,MLP source only,0.0,23
295,0.00014754977019038051,0.0,0.00014754977019038051,1.0,0.7916666666666666,0.8076923076923077,0.2564102564102564,D6_semi_day12_val_day13_14,three_class_with_air,MLP source only,0.0,23
300,0.00013578453217633069,0.0,0.00013578453217633069,1.0,0.75,0.8076923076923077,0.2564102564102564,D6_semi_day12_val_day13_14,three_class_with_air,MLP source only,0.0,23
305,8.60745640238747e-05,0.0,8.60745640238747e-05,1.0,0.75,0.8076923076923077,0.2564102564102564,D6_semi_day12_val_day13_14,three_class_with_air,MLP source only,0.0,23
310,0.00019920918566640466,0.0,0.00019920918566640466,1.0,0.75,0.8076923076923077,0.2564102564102564,D6_semi_day12_val_day13_14,three_class_with_air,MLP source only,0.0,23
315,0.0014013369800522923,0.0,0.0014013369800522923,1.0,0.75,0.8076923076923077,0.2564102564102564,D6_semi_day12_val_day13_14,three_class_with_air,MLP source only,0.0,23
320,0.00011946784798055887,0.0,0.00011946784798055887,1.0,0.75,0.8076923076923077,0.2564102564102564,D6_semi_day12_val_day13_14,three_class_with_air,MLP source only,0.0,23
325,5.1405713747953996e-05,0.0,5.1405713747953996e-05,1.0,0.75,0.8076923076923077,0.2564102564102564,D6_semi_day12_val_day13_14,three_class_with_air,MLP source only,0.0,23
330,0.0008203066536225379,0.0,0.0008203066536225379,1.0,0.75,0.8076923076923077,0.2564102564102564,D6_semi_day12_val_day13_14,three_class_with_air,MLP source only,0.0,23
335,0.0001296663685934618,0.0,0.0001296663685934618,1.0,0.75,0.8076923076923077,0.2564102564102564,D6_semi_day12_val_day13_14,three_class_with_air,MLP source only,0.0,23
340,4.4616139348363504e-05,0.0,4.4616139348363504e-05,1.0,0.7916666666666666,0.6923076923076923,0.2564102564102564,D6_semi_day12_val_day13_14,three_class_with_air,MLP source only,0.0,23
345,0.00013189758465159684,0.0,0.00013189758465159684,1.0,0.7916666666666666,0.6923076923076923,0.2564102564102564,D6_semi_day12_val_day13_14,three_class_with_air,MLP source only,0.0,23
350,5.107625838718377e-05,0.0,5.107625838718377e-05,1.0,0.7916666666666666,0.7115384615384616,0.2564102564102564,D6_semi_day12_val_day13_14,three_class_with_air,MLP source only,0.0,23
355,9.344436693936586e-05,0.0,9.344436693936586e-05,1.0,0.7916666666666666,0.7115384615384616,0.2564102564102564,D6_semi_day12_val_day13_14,three_class_with_air,MLP source only,0.0,23
360,3.744307832675986e-05,0.0,3.744307832675986e-05,1.0,0.7916666666666666,0.7115384615384616,0.2564102564102564,D6_semi_day12_val_day13_14,three_class_with_air,MLP source only,0.0,23
365,0.00019874435383826494,0.0,0.00019874435383826494,1.0,0.7916666666666666,0.7115384615384616,0.2564102564102564,D6_semi_day12_val_day13_14,three_class_with_air,MLP source only,0.0,23
370,0.0006221549701876938,0.0,0.0006221549701876938,1.0,0.7916666666666666,0.6730769230769231,0.2564102564102564,D6_semi_day12_val_day13_14,three_class_with_air,MLP source only,0.0,23
375,9.086256613954902e-05,0.0,9.086256613954902e-05,1.0,0.7916666666666666,0.6730769230769231,0.2564102564102564,D6_semi_day12_val_day13_14,three_class_with_air,MLP source only,0.0,23
380,0.00010136648779734969,0.0,0.00010136648779734969,1.0,0.7916666666666666,0.6730769230769231,0.2564102564102564,D6_semi_day12_val_day13_14,three_class_with_air,MLP source only,0.0,23
385,7.507757982239127e-05,0.0,7.507757982239127e-05,1.0,0.7916666666666666,0.6923076923076923,0.2564102564102564,D6_semi_day12_val_day13_14,three_class_with_air,MLP source only,0.0,23
390,0.0001788899680832401,0.0,0.0001788899680832401,1.0,0.7916666666666666,0.6923076923076923,0.2564102564102564,D6_semi_day12_val_day13_14,three_class_with_air,MLP source only,0.0,23
395,0.0004352235409896821,0.0,0.0004352235409896821,1.0,0.7916666666666666,0.6923076923076923,0.2564102564102564,D6_semi_day12_val_day13_14,three_class_with_air,MLP source only,0.0,23
400,0.0010698647238314152,0.0,0.0010698647238314152,1.0,0.7916666666666666,0.6923076923076923,0.2564102564102564,D6_semi_day12_val_day13_14,three_class_with_air,MLP source only,0.0,23
1,1.074225902557373,0.6772103309631348,1.7514362335205078,0.43333333333333335,0.5833333333333334,0.5192307692307693,0.7692307692307693,D6_semi_day12_val_day13_14,three_class_with_air,DANN-UDA,0.2,23
5,0.7935587167739868,0.5913327932357788,1.3848915100097656,0.6333333333333333,0.625,0.5769230769230769,0.7692307692307693,D6_semi_day12_val_day13_14,three_class_with_air,DANN-UDA,0.2,23
10,0.5910398960113525,0.5010880827903748,1.092128038406372,0.7,0.6666666666666666,0.6153846153846154,0.7692307692307693,D6_semi_day12_val_day13_14,three_class_with_air,DANN-UDA,0.2,23
15,0.4052514433860779,0.5154479146003723,0.9206993579864502,0.8666666666666667,0.7083333333333334,0.6346153846153846,0.7692307692307693,D6_semi_day12_val_day13_14,three_class_with_air,DANN-UDA,0.2,23
20,0.2384854108095169,0.5064658522605896,0.7449512481689453,0.9,0.7083333333333334,0.6346153846153846,0.7692307692307693,D6_semi_day12_val_day13_14,three_class_with_air,DANN-UDA,0.2,23
25,0.1438780426979065,0.46884816884994507,0.6127262115478516,0.9,0.75,0.6538461538461539,0.7692307692307693,D6_semi_day12_val_day13_14,three_class_with_air,DANN-UDA,0.2,23
30,0.06086781248450279,0.46096131205558777,0.5218291282653809,1.0,0.7916666666666666,0.6346153846153846,0.7692307692307693,D6_semi_day12_val_day13_14,three_class_with_air,DANN-UDA,0.2,23
35,0.030232306569814682,0.4619702100753784,0.4922025203704834,1.0,0.7916666666666666,0.6923076923076923,0.7692307692307693,D6_semi_day12_val_day13_14,three_class_with_air,DANN-UDA,0.2,23
40,0.019511636346578598,0.44022390246391296,0.45973554253578186,1.0,0.7916666666666666,0.75,0.7692307692307693,D6_semi_day12_val_day13_14,three_class_with_air,DANN-UDA,0.2,23
45,0.011443760246038437,0.4491404592990875,0.46058422327041626,1.0,0.7916666666666666,0.8269230769230769,0.7692307692307693,D6_semi_day12_val_day13_14,three_class_with_air,DANN-UDA,0.2,23
50,0.04293620213866234,0.4355218708515167,0.47845807671546936,1.0,0.8333333333333334,0.8461538461538461,0.7692307692307693,D6_semi_day12_val_day13_14,three_class_with_air,DANN-UDA,0.2,23
55,0.0032542571425437927,0.4504373073577881,0.4536915719509125,1.0,0.8333333333333334,0.8461538461538461,0.7692307692307693,D6_semi_day12_val_day13_14,three_class_with_air,DANN-UDA,0.2,23
60,0.0021411951165646315,0.46467071771621704,0.4668119251728058,1.0,0.7916666666666666,0.8076923076923077,0.7692307692307693,D6_semi_day12_val_day13_14,three_class_with_air,DANN-UDA,0.2,23
65,0.0036220743786543608,0.4668746888637543,0.4704967737197876,1.0,0.7916666666666666,0.6730769230769231,0.7692307692307693,D6_semi_day12_val_day13_14,three_class_with_air,DANN-UDA,0.2,23
70,0.003279556520283222,0.4758015275001526,0.47908109426498413,1.0,0.8333333333333334,0.6730769230769231,0.7692307692307693,D6_semi_day12_val_day13_14,three_class_with_air,DANN-UDA,0.2,23
75,0.010569462552666664,0.461942583322525,0.47251203656196594,1.0,0.8333333333333334,0.6730769230769231,0.7692307692307693,D6_semi_day12_val_day13_14,three_class_with_air,DANN-UDA,0.2,23
80,0.003549944842234254,0.44180893898010254,0.44535887241363525,1.0,0.7916666666666666,0.6730769230769231,0.7692307692307693,D6_semi_day12_val_day13_14,three_class_with_air,DANN-UDA,0.2,23
85,0.0022451109252870083,0.4394843876361847,0.44172948598861694,1.0,0.7916666666666666,0.6730769230769231,0.7692307692307693,D6_semi_day12_val_day13_14,three_class_with_air,DANN-UDA,0.2,23
90,0.002716638147830963,0.42354291677474976,0.4262595474720001,1.0,0.7916666666666666,0.6730769230769231,0.7948717948717948,D6_semi_day12_val_day13_14,three_class_with_air,DANN-UDA,0.2,23
95,0.005184829235076904,0.41815346479415894,0.42333829402923584,1.0,0.7916666666666666,0.6538461538461539,0.7948717948717948,D6_semi_day12_val_day13_14,three_class_with_air,DANN-UDA,0.2,23
100,0.0010194035712629557,0.45533403754234314,0.45635345578193665,1.0,0.7916666666666666,0.6538461538461539,0.7692307692307693,D6_semi_day12_val_day13_14,three_class_with_air,DANN-UDA,0.2,23
105,0.0035492191091179848,0.5034623742103577,0.5070115923881531,1.0,0.7916666666666666,0.6538461538461539,0.7692307692307693,D6_semi_day12_val_day13_14,three_class_with_air,DANN-UDA,0.2,23
110,0.0347478874027729,0.5493103265762329,0.5840582251548767,1.0,0.7916666666666666,0.6538461538461539,0.7692307692307693,D6_semi_day12_val_day13_14,three_class_with_air,DANN-UDA,0.2,23
115,0.012700160965323448,0.542445182800293,0.5551453232765198,1.0,0.7916666666666666,0.6730769230769231,0.7435897435897436,D6_semi_day12_val_day13_14,three_class_with_air,DANN-UDA,0.2,23
120,0.005142767447978258,0.5838484168052673,0.5889911651611328,1.0,0.75,0.6346153846153846,0.6666666666666666,D6_semi_day12_val_day13_14,three_class_with_air,DANN-UDA,0.2,23
125,0.002274142811074853,0.5163475871086121,0.5186217427253723,1.0,0.625,0.6730769230769231,0.7948717948717948,D6_semi_day12_val_day13_14,three_class_with_air,DANN-UDA,0.2,23
130,0.0021315470803529024,0.45892301201820374,0.46105456352233887,1.0,0.7916666666666666,0.6730769230769231,0.7435897435897436,D6_semi_day12_val_day13_14,three_class_with_air,DANN-UDA,0.2,23
135,0.020374342799186707,0.6138692498207092,0.6342436075210571,1.0,0.75,0.6538461538461539,0.7435897435897436,D6_semi_day12_val_day13_14,three_class_with_air,DANN-UDA,0.2,23
140,0.03220750764012337,0.45585793256759644,0.4880654513835907,1.0,0.8333333333333334,0.7115384615384616,0.7692307692307693,D6_semi_day12_val_day13_14,three_class_with_air,DANN-UDA,0.2,23
145,0.0027560326270759106,0.4362456500530243,0.4390016794204712,1.0,0.8333333333333334,0.7115384615384616,0.7692307692307693,D6_semi_day12_val_day13_14,three_class_with_air,DANN-UDA,0.2,23
150,0.05519413948059082,0.4771736264228821,0.5323677659034729,1.0,0.8333333333333334,0.7884615384615384,0.7692307692307693,D6_semi_day12_val_day13_14,three_class_with_air,DANN-UDA,0.2,23
155,0.0029028744902461767,0.42977577447891235,0.4326786398887634,1.0,0.8333333333333334,0.8076923076923077,0.7692307692307693,D6_semi_day12_val_day13_14,three_class_with_air,DANN-UDA,0.2,23
160,0.0511377714574337,0.42300429940223694,0.47414207458496094,1.0,0.875,0.8269230769230769,0.7692307692307693,D6_semi_day12_val_day13_14,three_class_with_air,DANN-UDA,0.2,23
165,0.007162207271903753,0.42392706871032715,0.43108928203582764,1.0,0.875,0.8269230769230769,0.7948717948717948,D6_semi_day12_val_day13_14,three_class_with_air,DANN-UDA,0.2,23
170,0.0001994572812691331,0.43524694442749023,0.4354464113712311,1.0,0.875,0.8269230769230769,0.7692307692307693,D6_semi_day12_val_day13_14,three_class_with_air,DANN-UDA,0.2,23
175,0.0007453378057107329,0.4695950448513031,0.470340371131897,1.0,0.875,0.8461538461538461,0.7692307692307693,D6_semi_day12_val_day13_14,three_class_with_air,DANN-UDA,0.2,23
180,0.0006527981022372842,0.5057937502861023,0.5064465403556824,1.0,0.875,0.8461538461538461,0.7435897435897436,D6_semi_day12_val_day13_14,three_class_with_air,DANN-UDA,0.2,23
185,7.472670404240489e-05,0.509679913520813,0.5097546577453613,1.0,0.8333333333333334,0.8461538461538461,0.7692307692307693,D6_semi_day12_val_day13_14,three_class_with_air,DANN-UDA,0.2,23
190,0.02626052498817444,0.5106841921806335,0.5369447469711304,1.0,0.8333333333333334,0.8461538461538461,0.7692307692307693,D6_semi_day12_val_day13_14,three_class_with_air,DANN-UDA,0.2,23
195,0.1092534288764,0.4874629080295563,0.5967163443565369,1.0,0.9166666666666666,0.8461538461538461,0.7692307692307693,D6_semi_day12_val_day13_14,three_class_with_air,DANN-UDA,0.2,23
200,1.5764491763547994e-05,0.5337421298027039,0.5337578654289246,1.0,0.9166666666666666,0.8461538461538461,0.7692307692307693,D6_semi_day12_val_day13_14,three_class_with_air,DANN-UDA,0.2,23
205,0.01718701422214508,0.5360533595085144,0.5532403588294983,1.0,0.875,0.8461538461538461,0.7692307692307693,D6_semi_day12_val_day13_14,three_class_with_air,DANN-UDA,0.2,23
210,0.0021216764580458403,0.5225639343261719,0.5246856212615967,1.0,0.875,0.8461538461538461,0.7692307692307693,D6_semi_day12_val_day13_14,three_class_with_air,DANN-UDA,0.2,23
215,0.005697540007531643,0.5281079411506653,0.5338054895401001,1.0,0.875,0.8461538461538461,0.7692307692307693,D6_semi_day12_val_day13_14,three_class_with_air,DANN-UDA,0.2,23
220,8.9073555500363e-06,0.5168886184692383,0.5168974995613098,1.0,0.875,0.8461538461538461,0.7692307692307693,D6_semi_day12_val_day13_14,three_class_with_air,DANN-UDA,0.2,23
225,1.14663553176797e-05,0.5145861506462097,0.5145975947380066,1.0,0.875,0.8653846153846154,0.7692307692307693,D6_semi_day12_val_day13_14,three_class_with_air,DANN-UDA,0.2,23
230,0.0010793356923386455,0.491750031709671,0.4928293526172638,1.0,0.8333333333333334,0.8461538461538461,0.7692307692307693,D6_semi_day12_val_day13_14,three_class_with_air,DANN-UDA,0.2,23
235,0.00011026380525436252,0.47046220302581787,0.47057247161865234,1.0,0.8333333333333334,0.8461538461538461,0.7692307692307693,D6_semi_day12_val_day13_14,three_class_with_air,DANN-UDA,0.2,23
240,0.0002218726003775373,0.4491576552391052,0.4493795335292816,1.0,0.8333333333333334,0.8461538461538461,0.7692307692307693,D6_semi_day12_val_day13_14,three_class_with_air,DANN-UDA,0.2,23
245,5.838108336320147e-05,0.4465751051902771,0.4466334879398346,1.0,0.8333333333333334,0.8461538461538461,0.7948717948717948,D6_semi_day12_val_day13_14,three_class_with_air,DANN-UDA,0.2,23
250,0.00209384155459702,0.5065866708755493,0.508680522441864,1.0,0.8333333333333334,0.8269230769230769,0.8205128205128205,D6_semi_day12_val_day13_14,three_class_with_air,DANN-UDA,0.2,23
255,4.377784352982417e-05,0.5341168642044067,0.5341606140136719,1.0,0.8333333333333334,0.8461538461538461,0.7692307692307693,D6_semi_day12_val_day13_14,three_class_with_air,DANN-UDA,0.2,23
260,3.284756894572638e-05,0.5842188596725464,0.5842517018318176,1.0,0.8333333333333334,0.8653846153846154,0.7435897435897436,D6_semi_day12_val_day13_14,three_class_with_air,DANN-UDA,0.2,23
265,4.664630614570342e-05,0.561055064201355,0.5611017346382141,1.0,0.875,0.8653846153846154,0.7692307692307693,D6_semi_day12_val_day13_14,three_class_with_air,DANN-UDA,0.2,23
270,0.0006683406536467373,0.5370004177093506,0.537668764591217,1.0,0.875,0.8269230769230769,0.7692307692307693,D6_semi_day12_val_day13_14,three_class_with_air,DANN-UDA,0.2,23
275,0.002918302547186613,0.5270312428474426,0.5299495458602905,1.0,0.875,0.8269230769230769,0.7692307692307693,D6_semi_day12_val_day13_14,three_class_with_air,DANN-UDA,0.2,23
280,3.1991021387511864e-05,0.5153341293334961,0.5153661370277405,1.0,0.875,0.8076923076923077,0.7692307692307693,D6_semi_day12_val_day13_14,three_class_with_air,DANN-UDA,0.2,23
285,7.760301377857104e-05,0.5059496760368347,0.5060272812843323,1.0,0.875,0.8076923076923077,0.7948717948717948,D6_semi_day12_val_day13_14,three_class_with_air,DANN-UDA,0.2,23
290,0.00019207687000744045,0.5233460664749146,0.5235381722450256,1.0,0.875,0.8076923076923077,0.7948717948717948,D6_semi_day12_val_day13_14,three_class_with_air,DANN-UDA,0.2,23
295,0.00026175216771662235,0.5404677391052246,0.5407294631004333,1.0,0.8333333333333334,0.8076923076923077,0.7435897435897436,D6_semi_day12_val_day13_14,three_class_with_air,DANN-UDA,0.2,23
300,0.00027767050778493285,0.5446459054946899,0.5449236035346985,1.0,0.8333333333333334,0.8076923076923077,0.7692307692307693,D6_semi_day12_val_day13_14,three_class_with_air,DANN-UDA,0.2,23
305,0.0005620496813207865,0.5200932621955872,0.5206553339958191,1.0,0.8333333333333334,0.8269230769230769,0.7692307692307693,D6_semi_day12_val_day13_14,three_class_with_air,DANN-UDA,0.2,23
310,0.0012490625958889723,0.5198935270309448,0.5211426019668579,1.0,0.7916666666666666,0.8269230769230769,0.7692307692307693,D6_semi_day12_val_day13_14,three_class_with_air,DANN-UDA,0.2,23
315,0.00018690468277782202,0.5215928554534912,0.5217797756195068,1.0,0.7916666666666666,0.8269230769230769,0.7692307692307693,D6_semi_day12_val_day13_14,three_class_with_air,DANN-UDA,0.2,23
320,0.00015866149624343961,0.523979902267456,0.5241385698318481,1.0,0.7916666666666666,0.8269230769230769,0.7692307692307693,D6_semi_day12_val_day13_14,three_class_with_air,DANN-UDA,0.2,23
325,0.00040440677548758686,0.5198872685432434,0.5202916860580444,1.0,0.7916666666666666,0.8269230769230769,0.7692307692307693,D6_semi_day12_val_day13_14,three_class_with_air,DANN-UDA,0.2,23
330,0.00935321394354105,0.518923819065094,0.5282770395278931,1.0,0.7916666666666666,0.8269230769230769,0.7692307692307693,D6_semi_day12_val_day13_14,three_class_with_air,DANN-UDA,0.2,23
335,0.0006276761996559799,0.4974345266819,0.4980621933937073,1.0,0.7916666666666666,0.8461538461538461,0.7435897435897436,D6_semi_day12_val_day13_14,three_class_with_air,DANN-UDA,0.2,23
340,0.008847394958138466,0.5052376389503479,0.514085054397583,1.0,0.8333333333333334,0.8461538461538461,0.7692307692307693,D6_semi_day12_val_day13_14,three_class_with_air,DANN-UDA,0.2,23
345,0.0001454642042517662,0.47459474205970764,0.474740207195282,1.0,0.8333333333333334,0.8461538461538461,0.7692307692307693,D6_semi_day12_val_day13_14,three_class_with_air,DANN-UDA,0.2,23
350,0.0001670198980718851,0.4661844074726105,0.4663514196872711,1.0,0.8333333333333334,0.8461538461538461,0.7692307692307693,D6_semi_day12_val_day13_14,three_class_with_air,DANN-UDA,0.2,23
355,0.006969767156988382,0.48066458106040955,0.4876343607902527,1.0,0.8333333333333334,0.8461538461538461,0.7435897435897436,D6_semi_day12_val_day13_14,three_class_with_air,DANN-UDA,0.2,23
360,0.0005490541225299239,0.4449165165424347,0.4454655647277832,1.0,0.875,0.8461538461538461,0.7692307692307693,D6_semi_day12_val_day13_14,three_class_with_air,DANN-UDA,0.2,23
365,0.0002038978273048997,0.44238853454589844,0.44259244203567505,1.0,0.875,0.8461538461538461,0.7692307692307693,D6_semi_day12_val_day13_14,three_class_with_air,DANN-UDA,0.2,23
370,0.00050285056931898,0.47442588210105896,0.47492873668670654,1.0,0.875,0.8461538461538461,0.7692307692307693,D6_semi_day12_val_day13_14,three_class_with_air,DANN-UDA,0.2,23
375,0.0008502571727149189,0.5115622282028198,0.5124124884605408,1.0,0.875,0.8653846153846154,0.7435897435897436,D6_semi_day12_val_day13_14,three_class_with_air,DANN-UDA,0.2,23
380,0.0019748234190046787,0.5381130576133728,0.540087878704071,1.0,0.875,0.8653846153846154,0.7692307692307693,D6_semi_day12_val_day13_14,three_class_with_air,DANN-UDA,0.2,23
385,0.0026186408940702677,0.5197506546974182,0.5223693251609802,1.0,0.875,0.8653846153846154,0.7435897435897436,D6_semi_day12_val_day13_14,three_class_with_air,DANN-UDA,0.2,23
390,0.0029047036077827215,0.5119346976280212,0.5148394107818604,1.0,0.875,0.8653846153846154,0.7692307692307693,D6_semi_day12_val_day13_14,three_class_with_air,DANN-UDA,0.2,23
395,0.00025277037639170885,0.5212613344192505,0.5215141177177429,1.0,0.9166666666666666,0.8461538461538461,0.7692307692307693,D6_semi_day12_val_day13_14,three_class_with_air,DANN-UDA,0.2,23
400,0.004535849206149578,0.5262659192085266,0.5308017730712891,1.0,0.9166666666666666,0.8461538461538461,0.7692307692307693,D6_semi_day12_val_day13_14,three_class_with_air,DANN-UDA,0.2,23
1,1.1557451486587524,0.0,1.1557451486587524,0.6153846153846154,0.625,0.5769230769230769,0.6923076923076923,D6_semi_day12_val_day13_14,three_class_with_air,MLP source + target labels,0.0,7
5,0.7956861853599548,0.0,0.7956861853599548,0.5384615384615384,0.6666666666666666,0.5961538461538461,0.28205128205128205,D6_semi_day12_val_day13_14,three_class_with_air,MLP source + target labels,0.0,7
10,0.6107189655303955,0.0,0.6107189655303955,0.7435897435897436,0.7083333333333334,0.6730769230769231,0.2564102564102564,D6_semi_day12_val_day13_14,three_class_with_air,MLP source + target labels,0.0,7
15,0.4306153655052185,0.0,0.4306153655052185,0.8461538461538461,0.75,0.6730769230769231,0.20512820512820512,D6_semi_day12_val_day13_14,three_class_with_air,MLP source + target labels,0.0,7
20,0.2654190957546234,0.0,0.2654190957546234,0.9743589743589743,0.7083333333333334,0.6153846153846154,0.20512820512820512,D6_semi_day12_val_day13_14,three_class_with_air,MLP source + target labels,0.0,7
25,0.11220663040876389,0.0,0.11220663040876389,1.0,0.7916666666666666,0.6346153846153846,0.20512820512820512,D6_semi_day12_val_day13_14,three_class_with_air,MLP source + target labels,0.0,7
30,0.049593180418014526,0.0,0.049593180418014526,1.0,0.75,0.6346153846153846,0.20512820512820512,D6_semi_day12_val_day13_14,three_class_with_air,MLP source + target labels,0.0,7
35,0.018939798697829247,0.0,0.018939798697829247,1.0,0.8333333333333334,0.6923076923076923,0.23076923076923078,D6_semi_day12_val_day13_14,three_class_with_air,MLP source + target labels,0.0,7
40,0.009388490580022335,0.0,0.009388490580022335,1.0,0.7916666666666666,0.6538461538461539,0.23076923076923078,D6_semi_day12_val_day13_14,three_class_with_air,MLP source + target labels,0.0,7
45,0.0024065354373306036,0.0,0.0024065354373306036,1.0,0.7916666666666666,0.6923076923076923,0.23076923076923078,D6_semi_day12_val_day13_14,three_class_with_air,MLP source + target labels,0.0,7
50,0.0039662932977080345,0.0,0.0039662932977080345,1.0,0.7916666666666666,0.6923076923076923,0.23076923076923078,D6_semi_day12_val_day13_14,three_class_with_air,MLP source + target labels,0.0,7
55,0.0014952013734728098,0.0,0.0014952013734728098,1.0,0.8333333333333334,0.6730769230769231,0.23076923076923078,D6_semi_day12_val_day13_14,three_class_with_air,MLP source + target labels,0.0,7
60,0.011419503949582577,0.0,0.011419503949582577,1.0,0.7916666666666666,0.6538461538461539,0.2564102564102564,D6_semi_day12_val_day13_14,three_class_with_air,MLP source + target labels,0.0,7
65,0.0018487441120669246,0.0,0.0018487441120669246,1.0,0.8333333333333334,0.6730769230769231,0.2564102564102564,D6_semi_day12_val_day13_14,three_class_with_air,MLP source + target labels,0.0,7
70,0.02440769597887993,0.0,0.02440769597887993,1.0,0.8333333333333334,0.6923076923076923,0.23076923076923078,D6_semi_day12_val_day13_14,three_class_with_air,MLP source + target labels,0.0,7
75,0.0024464598391205072,0.0,0.0024464598391205072,1.0,0.8333333333333334,0.6538461538461539,0.2564102564102564,D6_semi_day12_val_day13_14,three_class_with_air,MLP source + target labels,0.0,7
80,0.0004528046993073076,0.0,0.0004528046993073076,1.0,0.75,0.6346153846153846,0.23076923076923078,D6_semi_day12_val_day13_14,three_class_with_air,MLP source + target labels,0.0,7
85,0.00037739102845080197,0.0,0.00037739102845080197,1.0,0.7916666666666666,0.6730769230769231,0.2564102564102564,D6_semi_day12_val_day13_14,three_class_with_air,MLP source + target labels,0.0,7
90,0.041159410029649734,0.0,0.041159410029649734,1.0,0.8333333333333334,0.6730769230769231,0.2564102564102564,D6_semi_day12_val_day13_14,three_class_with_air,MLP source + target labels,0.0,7
95,0.0019452724372968078,0.0,0.0019452724372968078,1.0,0.7916666666666666,0.6730769230769231,0.23076923076923078,D6_semi_day12_val_day13_14,three_class_with_air,MLP source + target labels,0.0,7
100,0.0002713556750677526,0.0,0.0002713556750677526,1.0,0.7916666666666666,0.6538461538461539,0.2564102564102564,D6_semi_day12_val_day13_14,three_class_with_air,MLP source + target labels,0.0,7
105,0.0007038154290057719,0.0,0.0007038154290057719,1.0,0.7916666666666666,0.6538461538461539,0.23076923076923078,D6_semi_day12_val_day13_14,three_class_with_air,MLP source + target labels,0.0,7
110,0.0022417244035750628,0.0,0.0022417244035750628,1.0,0.75,0.6538461538461539,0.20512820512820512,D6_semi_day12_val_day13_14,three_class_with_air,MLP source + target labels,0.0,7
115,0.002060564933344722,0.0,0.002060564933344722,1.0,0.75,0.6730769230769231,0.23076923076923078,D6_semi_day12_val_day13_14,three_class_with_air,MLP source + target labels,0.0,7
120,0.0006991439149715006,0.0,0.0006991439149715006,1.0,0.7916666666666666,0.6730769230769231,0.23076923076923078,D6_semi_day12_val_day13_14,three_class_with_air,MLP source + target labels,0.0,7
125,0.00036558762076310813,0.0,0.00036558762076310813,1.0,0.7916666666666666,0.6730769230769231,0.23076923076923078,D6_semi_day12_val_day13_14,three_class_with_air,MLP source + target labels,0.0,7
130,0.0007962803356349468,0.0,0.0007962803356349468,1.0,0.7916666666666666,0.6730769230769231,0.23076923076923078,D6_semi_day12_val_day13_14,three_class_with_air,MLP source + target labels,0.0,7
135,0.0004839426255784929,0.0,0.0004839426255784929,1.0,0.7916666666666666,0.6730769230769231,0.23076923076923078,D6_semi_day12_val_day13_14,three_class_with_air,MLP source + target labels,0.0,7
140,0.0009009818895719945,0.0,0.0009009818895719945,1.0,0.7916666666666666,0.6730769230769231,0.23076923076923078,D6_semi_day12_val_day13_14,three_class_with_air,MLP source + target labels,0.0,7
145,0.00038111142930574715,0.0,0.00038111142930574715,1.0,0.7916666666666666,0.6730769230769231,0.2564102564102564,D6_semi_day12_val_day13_14,three_class_with_air,MLP source + target labels,0.0,7
150,0.00024413346545770764,0.0,0.00024413346545770764,1.0,0.75,0.6730769230769231,0.2564102564102564,D6_semi_day12_val_day13_14,three_class_with_air,MLP source + target labels,0.0,7
155,0.00041041584336198866,0.0,0.00041041584336198866,1.0,0.75,0.6730769230769231,0.2564102564102564,D6_semi_day12_val_day13_14,three_class_with_air,MLP source + target labels,0.0,7
160,0.0007200033287517726,0.0,0.0007200033287517726,1.0,0.7916666666666666,0.6730769230769231,0.2564102564102564,D6_semi_day12_val_day13_14,three_class_with_air,MLP source + target labels,0.0,7
165,0.000296247802907601,0.0,0.000296247802907601,1.0,0.7916666666666666,0.6730769230769231,0.2564102564102564,D6_semi_day12_val_day13_14,three_class_with_air,MLP source + target labels,0.0,7
170,9.900931763695553e-05,0.0,9.900931763695553e-05,1.0,0.7916666666666666,0.6730769230769231,0.2564102564102564,D6_semi_day12_val_day13_14,three_class_with_air,MLP source + target labels,0.0,7
175,0.0001486676774220541,0.0,0.0001486676774220541,1.0,0.7916666666666666,0.6730769230769231,0.2564102564102564,D6_semi_day12_val_day13_14,three_class_with_air,MLP source + target labels,0.0,7
180,7.770059164613485e-05,0.0,7.770059164613485e-05,1.0,0.7916666666666666,0.6730769230769231,0.2564102564102564,D6_semi_day12_val_day13_14,three_class_with_air,MLP source + target labels,0.0,7
185,0.00023635185789316893,0.0,0.00023635185789316893,1.0,0.7916666666666666,0.6730769230769231,0.2564102564102564,D6_semi_day12_val_day13_14,three_class_with_air,MLP source + target labels,0.0,7
190,0.00019883613276761025,0.0,0.00019883613276761025,1.0,0.7916666666666666,0.6730769230769231,0.2564102564102564,D6_semi_day12_val_day13_14,three_class_with_air,MLP source + target labels,0.0,7
195,8.321425411850214e-05,0.0,8.321425411850214e-05,1.0,0.7916666666666666,0.6538461538461539,0.2564102564102564,D6_semi_day12_val_day13_14,three_class_with_air,MLP source + target labels,0.0,7
200,0.00024233177828136832,0.0,0.00024233177828136832,1.0,0.7916666666666666,0.6538461538461539,0.2564102564102564,D6_semi_day12_val_day13_14,three_class_with_air,MLP source + target labels,0.0,7
205,0.0002460131945554167,0.0,0.0002460131945554167,1.0,0.8333333333333334,0.6538461538461539,0.2564102564102564,D6_semi_day12_val_day13_14,three_class_with_air,MLP source + target labels,0.0,7
210,0.0004902245127595961,0.0,0.0004902245127595961,1.0,0.7916666666666666,0.6538461538461539,0.2564102564102564,D6_semi_day12_val_day13_14,three_class_with_air,MLP source + target labels,0.0,7
215,0.00856397021561861,0.0,0.00856397021561861,1.0,0.8333333333333334,0.6923076923076923,0.2564102564102564,D6_semi_day12_val_day13_14,three_class_with_air,MLP source + target labels,0.0,7
220,0.0012696008197963238,0.0,0.0012696008197963238,1.0,0.8333333333333334,0.6923076923076923,0.23076923076923078,D6_semi_day12_val_day13_14,three_class_with_air,MLP source + target labels,0.0,7
225,0.0013339761644601822,0.0,0.0013339761644601822,1.0,0.7916666666666666,0.6923076923076923,0.2564102564102564,D6_semi_day12_val_day13_14,three_class_with_air,MLP source + target labels,0.0,7
230,0.0017082683043554425,0.0,0.0017082683043554425,1.0,0.75,0.6730769230769231,0.2564102564102564,D6_semi_day12_val_day13_14,three_class_with_air,MLP source + target labels,0.0,7
235,0.00042061402928084135,0.0,0.00042061402928084135,1.0,0.75,0.6730769230769231,0.2564102564102564,D6_semi_day12_val_day13_14,three_class_with_air,MLP source + target labels,0.0,7
240,0.00023351184790953994,0.0,0.00023351184790953994,1.0,0.75,0.6538461538461539,0.2564102564102564,D6_semi_day12_val_day13_14,three_class_with_air,MLP source + target labels,0.0,7
245,0.0005270808469504118,0.0,0.0005270808469504118,1.0,0.75,0.6538461538461539,0.2564102564102564,D6_semi_day12_val_day13_14,three_class_with_air,MLP source + target labels,0.0,7
250,9.964791388483718e-05,0.0,9.964791388483718e-05,1.0,0.7916666666666666,0.6730769230769231,0.2564102564102564,D6_semi_day12_val_day13_14,three_class_with_air,MLP source + target labels,0.0,7
255,0.00020175658573862165,0.0,0.00020175658573862165,1.0,0.7916666666666666,0.6730769230769231,0.2564102564102564,D6_semi_day12_val_day13_14,three_class_with_air,MLP source + target labels,0.0,7
260,0.0018505360931158066,0.0,0.0018505360931158066,1.0,0.7916666666666666,0.6730769230769231,0.23076923076923078,D6_semi_day12_val_day13_14,three_class_with_air,MLP source + target labels,0.0,7
265,0.00012372134369798005,0.0,0.00012372134369798005,1.0,0.7916666666666666,0.6730769230769231,0.23076923076923078,D6_semi_day12_val_day13_14,three_class_with_air,MLP source + target labels,0.0,7
270,0.0005106599419377744,0.0,0.0005106599419377744,1.0,0.7916666666666666,0.6730769230769231,0.23076923076923078,D6_semi_day12_val_day13_14,three_class_with_air,MLP source + target labels,0.0,7
275,6.005192335578613e-05,0.0,6.005192335578613e-05,1.0,0.7916666666666666,0.6730769230769231,0.23076923076923078,D6_semi_day12_val_day13_14,three_class_with_air,MLP source + target labels,0.0,7
280,0.0073662628419697285,0.0,0.0073662628419697285,1.0,0.75,0.6346153846153846,0.23076923076923078,D6_semi_day12_val_day13_14,three_class_with_air,MLP source + target labels,0.0,7
285,0.0014675044221803546,0.0,0.0014675044221803546,1.0,0.75,0.6346153846153846,0.2564102564102564,D6_semi_day12_val_day13_14,three_class_with_air,MLP source + target labels,0.0,7
290,0.00029017889755778015,0.0,0.00029017889755778015,1.0,0.75,0.6346153846153846,0.2564102564102564,D6_semi_day12_val_day13_14,three_class_with_air,MLP source + target labels,0.0,7
295,0.0003400301793590188,0.0,0.0003400301793590188,1.0,0.75,0.6346153846153846,0.2564102564102564,D6_semi_day12_val_day13_14,three_class_with_air,MLP source + target labels,0.0,7
300,0.0008171548251993954,0.0,0.0008171548251993954,1.0,0.7916666666666666,0.6730769230769231,0.2564102564102564,D6_semi_day12_val_day13_14,three_class_with_air,MLP source + target labels,0.0,7
305,0.00020827949629165232,0.0,0.00020827949629165232,1.0,0.7916666666666666,0.6730769230769231,0.23076923076923078,D6_semi_day12_val_day13_14,three_class_with_air,MLP source + target labels,0.0,7
310,0.004842686001211405,0.0,0.004842686001211405,1.0,0.7916666666666666,0.6730769230769231,0.23076923076923078,D6_semi_day12_val_day13_14,three_class_with_air,MLP source + target labels,0.0,7
315,0.0001419983891537413,0.0,0.0001419983891537413,1.0,0.875,0.6538461538461539,0.23076923076923078,D6_semi_day12_val_day13_14,three_class_with_air,MLP source + target labels,0.0,7
320,0.0003965256328228861,0.0,0.0003965256328228861,1.0,0.8333333333333334,0.6538461538461539,0.23076923076923078,D6_semi_day12_val_day13_14,three_class_with_air,MLP source + target labels,0.0,7
325,0.00027091894298791885,0.0,0.00027091894298791885,1.0,0.8333333333333334,0.6538461538461539,0.23076923076923078,D6_semi_day12_val_day13_14,three_class_with_air,MLP source + target labels,0.0,7
330,0.0003162110224366188,0.0,0.0003162110224366188,1.0,0.875,0.6730769230769231,0.23076923076923078,D6_semi_day12_val_day13_14,three_class_with_air,MLP source + target labels,0.0,7
335,0.00019094787421636283,0.0,0.00019094787421636283,1.0,0.8333333333333334,0.6923076923076923,0.23076923076923078,D6_semi_day12_val_day13_14,three_class_with_air,MLP source + target labels,0.0,7
340,0.0015771763864904642,0.0,0.0015771763864904642,1.0,0.8333333333333334,0.6923076923076923,0.2564102564102564,D6_semi_day12_val_day13_14,three_class_with_air,MLP source + target labels,0.0,7
345,0.0001752394309733063,0.0,0.0001752394309733063,1.0,0.8333333333333334,0.6923076923076923,0.23076923076923078,D6_semi_day12_val_day13_14,three_class_with_air,MLP source + target labels,0.0,7
350,0.0012570249382406473,0.0,0.0012570249382406473,1.0,0.8333333333333334,0.6923076923076923,0.23076923076923078,D6_semi_day12_val_day13_14,three_class_with_air,MLP source + target labels,0.0,7
355,0.00017026149726007134,0.0,0.00017026149726007134,1.0,0.8333333333333334,0.7115384615384616,0.23076923076923078,D6_semi_day12_val_day13_14,three_class_with_air,MLP source + target labels,0.0,7
360,0.00011613991227932274,0.0,0.00011613991227932274,1.0,0.8333333333333334,0.7115384615384616,0.23076923076923078,D6_semi_day12_val_day13_14,three_class_with_air,MLP source + target labels,0.0,7
365,0.00010470192501088604,0.0,0.00010470192501088604,1.0,0.8333333333333334,0.7115384615384616,0.23076923076923078,D6_semi_day12_val_day13_14,three_class_with_air,MLP source + target labels,0.0,7
370,7.520684448536485e-05,0.0,7.520684448536485e-05,1.0,0.8333333333333334,0.6923076923076923,0.23076923076923078,D6_semi_day12_val_day13_14,three_class_with_air,MLP source + target labels,0.0,7
375,0.00035414937883615494,0.0,0.00035414937883615494,1.0,0.8333333333333334,0.6923076923076923,0.23076923076923078,D6_semi_day12_val_day13_14,three_class_with_air,MLP source + target labels,0.0,7
380,0.00012073118705302477,0.0,0.00012073118705302477,1.0,0.8333333333333334,0.6730769230769231,0.23076923076923078,D6_semi_day12_val_day13_14,three_class_with_air,MLP source + target labels,0.0,7
385,8.761673961998895e-05,0.0,8.761673961998895e-05,1.0,0.8333333333333334,0.6730769230769231,0.23076923076923078,D6_semi_day12_val_day13_14,three_class_with_air,MLP source + target labels,0.0,7
390,3.0975814297562465e-05,0.0,3.0975814297562465e-05,1.0,0.8333333333333334,0.6730769230769231,0.23076923076923078,D6_semi_day12_val_day13_14,three_class_with_air,MLP source + target labels,0.0,7
395,7.409892714349553e-05,0.0,7.409892714349553e-05,1.0,0.8333333333333334,0.6730769230769231,0.23076923076923078,D6_semi_day12_val_day13_14,three_class_with_air,MLP source + target labels,0.0,7
400,5.53859026695136e-05,0.0,5.53859026695136e-05,1.0,0.8333333333333334,0.6730769230769231,0.23076923076923078,D6_semi_day12_val_day13_14,three_class_with_air,MLP source + target labels,0.0,7
1,1.0772732496261597,0.6778181791305542,1.7550914287567139,0.5128205128205128,0.5833333333333334,0.5192307692307693,0.7692307692307693,D6_semi_day12_val_day13_14,three_class_with_air,DANN-semi,0.2,23
5,0.7927006483078003,0.5934532284736633,1.3861539363861084,0.6410256410256411,0.625,0.6346153846153846,0.7692307692307693,D6_semi_day12_val_day13_14,three_class_with_air,DANN-semi,0.2,23
10,0.5813736319541931,0.5229879021644592,1.1043615341186523,0.7692307692307693,0.625,0.6346153846153846,0.7692307692307693,D6_semi_day12_val_day13_14,three_class_with_air,DANN-semi,0.2,23
15,0.4253528416156769,0.554049015045166,0.9794018268585205,0.8461538461538461,0.75,0.6346153846153846,0.7692307692307693,D6_semi_day12_val_day13_14,three_class_with_air,DANN-semi,0.2,23
20,0.28345564007759094,0.5187024474143982,0.8021581172943115,0.9487179487179487,0.75,0.6153846153846154,0.7692307692307693,D6_semi_day12_val_day13_14,three_class_with_air,DANN-semi,0.2,23
25,0.10416994243860245,0.49191948771476746,0.5960894227027893,1.0,0.7083333333333334,0.6346153846153846,0.7692307692307693,D6_semi_day12_val_day13_14,three_class_with_air,DANN-semi,0.2,23
30,0.041995495557785034,0.4828226566314697,0.5248181819915771,1.0,0.8333333333333334,0.6923076923076923,0.7692307692307693,D6_semi_day12_val_day13_14,three_class_with_air,DANN-semi,0.2,23
35,0.011853829026222229,0.4928542971611023,0.5047081112861633,1.0,0.8333333333333334,0.75,0.7692307692307693,D6_semi_day12_val_day13_14,three_class_with_air,DANN-semi,0.2,23
40,0.0027114776894450188,0.4877729117870331,0.4904843866825104,1.0,0.8333333333333334,0.7692307692307693,0.7692307692307693,D6_semi_day12_val_day13_14,three_class_with_air,DANN-semi,0.2,23
45,0.02289922535419464,0.4915407598018646,0.5144400000572205,1.0,0.8333333333333334,0.8269230769230769,0.7692307692307693,D6_semi_day12_val_day13_14,three_class_with_air,DANN-semi,0.2,23
50,0.05174315348267555,0.5296414494514465,0.5813845992088318,1.0,0.9166666666666666,0.9038461538461539,0.7692307692307693,D6_semi_day12_val_day13_14,three_class_with_air,DANN-semi,0.2,23
55,0.04412231221795082,0.5002307891845703,0.5443531274795532,1.0,0.9166666666666666,0.9038461538461539,0.7948717948717948,D6_semi_day12_val_day13_14,three_class_with_air,DANN-semi,0.2,23
60,0.0031725780572742224,0.496183842420578,0.4993564188480377,1.0,0.875,0.8076923076923077,0.7692307692307693,D6_semi_day12_val_day13_14,three_class_with_air,DANN-semi,0.2,23
65,0.004028907045722008,0.5460233092308044,0.5500522255897522,1.0,0.8333333333333334,0.7115384615384616,0.7435897435897436,D6_semi_day12_val_day13_14,three_class_with_air,DANN-semi,0.2,23
70,0.0188409723341465,0.49169304966926575,0.5105340480804443,1.0,0.8333333333333334,0.6923076923076923,0.7692307692307693,D6_semi_day12_val_day13_14,three_class_with_air,DANN-semi,0.2,23
75,0.0010639927349984646,0.503913402557373,0.5049774050712585,1.0,0.8333333333333334,0.6923076923076923,0.717948717948718,D6_semi_day12_val_day13_14,three_class_with_air,DANN-semi,0.2,23
80,0.0012906920164823532,0.5131967663764954,0.5144874453544617,1.0,0.875,0.6730769230769231,0.7692307692307693,D6_semi_day12_val_day13_14,three_class_with_air,DANN-semi,0.2,23
85,0.013566317036747932,0.5709171295166016,0.5844834446907043,1.0,0.8333333333333334,0.6923076923076923,0.717948717948718,D6_semi_day12_val_day13_14,three_class_with_air,DANN-semi,0.2,23
90,0.002440164564177394,0.5359357595443726,0.5383759140968323,1.0,0.875,0.7115384615384616,0.717948717948718,D6_semi_day12_val_day13_14,three_class_with_air,DANN-semi,0.2,23
95,0.006890872493386269,0.5812950134277344,0.5881859064102173,1.0,0.875,0.75,0.717948717948718,D6_semi_day12_val_day13_14,three_class_with_air,DANN-semi,0.2,23
100,0.00044624885777011514,0.5281211137771606,0.528567373752594,1.0,0.875,0.7307692307692307,0.7435897435897436,D6_semi_day12_val_day13_14,three_class_with_air,DANN-semi,0.2,23
105,0.002008470706641674,0.51584392786026,0.5178524255752563,1.0,0.8333333333333334,0.75,0.7435897435897436,D6_semi_day12_val_day13_14,three_class_with_air,DANN-semi,0.2,23
110,0.0008233485859818757,0.478515088558197,0.4793384373188019,1.0,0.8333333333333334,0.75,0.7692307692307693,D6_semi_day12_val_day13_14,three_class_with_air,DANN-semi,0.2,23
115,0.021552274003624916,0.4567658305168152,0.47831809520721436,1.0,0.9166666666666666,0.75,0.717948717948718,D6_semi_day12_val_day13_14,three_class_with_air,DANN-semi,0.2,23
120,0.0013994319597259164,0.5143032670021057,0.5157027244567871,1.0,0.9166666666666666,0.7115384615384616,0.7692307692307693,D6_semi_day12_val_day13_14,three_class_with_air,DANN-semi,0.2,23
125,0.0014212814858183265,0.7457781434059143,0.7471994161605835,1.0,0.875,0.7115384615384616,0.7948717948717948,D6_semi_day12_val_day13_14,three_class_with_air,DANN-semi,0.2,23
130,0.0003938059671781957,0.7001551985740662,0.7005490064620972,1.0,0.875,0.6923076923076923,0.8205128205128205,D6_semi_day12_val_day13_14,three_class_with_air,DANN-semi,0.2,23
135,0.022902481257915497,0.610194742679596,0.633097231388092,1.0,0.9166666666666666,0.6730769230769231,0.7948717948717948,D6_semi_day12_val_day13_14,three_class_with_air,DANN-semi,0.2,23
140,0.005276672542095184,0.47815078496932983,0.4834274649620056,1.0,0.875,0.6923076923076923,0.7692307692307693,D6_semi_day12_val_day13_14,three_class_with_air,DANN-semi,0.2,23
145,0.00039415774517692626,0.41065362095832825,0.4110477864742279,1.0,0.875,0.7307692307692307,0.7948717948717948,D6_semi_day12_val_day13_14,three_class_with_air,DANN-semi,0.2,23
150,0.007025368511676788,0.4120950996875763,0.4191204607486725,1.0,0.875,0.8269230769230769,0.7692307692307693,D6_semi_day12_val_day13_14,three_class_with_air,DANN-semi,0.2,23
155,0.002567784860730171,0.4702395796775818,0.472807377576828,1.0,0.875,0.8653846153846154,0.7692307692307693,D6_semi_day12_val_day13_14,three_class_with_air,DANN-semi,0.2,23
160,0.0011597423581406474,0.4823598265647888,0.4835195541381836,1.0,0.875,0.8653846153846154,0.7692307692307693,D6_semi_day12_val_day13_14,three_class_with_air,DANN-semi,0.2,23
165,0.001027402002364397,0.44905275106430054,0.45008015632629395,1.0,0.9166666666666666,0.8653846153846154,0.8205128205128205,D6_semi_day12_val_day13_14,three_class_with_air,DANN-semi,0.2,23
170,0.0009913354879245162,0.42579156160354614,0.42678290605545044,1.0,0.875,0.8653846153846154,0.8205128205128205,D6_semi_day12_val_day13_14,three_class_with_air,DANN-semi,0.2,23
175,0.00403259601444006,0.38954654335975647,0.3935791254043579,1.0,0.875,0.8653846153846154,0.8205128205128205,D6_semi_day12_val_day13_14,three_class_with_air,DANN-semi,0.2,23
180,0.0053361146710813046,0.35538190603256226,0.3607180118560791,1.0,0.875,0.8461538461538461,0.8205128205128205,D6_semi_day12_val_day13_14,three_class_with_air,DANN-semi,0.2,23
185,0.0008886189316399395,0.33777162432670593,0.33866024017333984,1.0,0.875,0.8653846153846154,0.8205128205128205,D6_semi_day12_val_day13_14,three_class_with_air,DANN-semi,0.2,23
190,0.0005745062371715903,0.3037026822566986,0.3042771816253662,1.0,0.875,0.8846153846153846,0.8461538461538461,D6_semi_day12_val_day13_14,three_class_with_air,DANN-semi,0.2,23
195,0.0007238429971039295,0.31879013776779175,0.3195139765739441,1.0,0.875,0.8846153846153846,0.8974358974358975,D6_semi_day12_val_day13_14,three_class_with_air,DANN-semi,0.2,23
200,0.006854628212749958,0.3352435231208801,0.3420981466770172,1.0,0.9166666666666666,0.8846153846153846,0.8461538461538461,D6_semi_day12_val_day13_14,three_class_with_air,DANN-semi,0.2,23
205,0.0009074527188204229,0.2773314416408539,0.2782388925552368,1.0,0.9166666666666666,0.8846153846153846,0.8974358974358975,D6_semi_day12_val_day13_14,three_class_with_air,DANN-semi,0.2,23
210,0.0015873991651460528,0.2845613956451416,0.2861487865447998,1.0,0.875,0.8653846153846154,0.8205128205128205,D6_semi_day12_val_day13_14,three_class_with_air,DANN-semi,0.2,23
215,0.0003517021832522005,0.36584678292274475,0.36619848012924194,1.0,0.9166666666666666,0.8846153846153846,0.8974358974358975,D6_semi_day12_val_day13_14,three_class_with_air,DANN-semi,0.2,23
220,0.008766492828726768,0.6229087710380554,0.6316752433776855,1.0,0.9166666666666666,0.8846153846153846,0.8205128205128205,D6_semi_day12_val_day13_14,three_class_with_air,DANN-semi,0.2,23
225,0.0025459500029683113,0.8196640014648438,0.8222099542617798,1.0,0.875,0.8846153846153846,0.7948717948717948,D6_semi_day12_val_day13_14,three_class_with_air,DANN-semi,0.2,23
230,0.052340537309646606,0.9932547211647034,1.0455952882766724,1.0,0.8333333333333334,0.8846153846153846,0.717948717948718,D6_semi_day12_val_day13_14,three_class_with_air,DANN-semi,0.2,23
235,0.0004786945355590433,0.606380820274353,0.6068595051765442,1.0,0.875,0.8846153846153846,0.7435897435897436,D6_semi_day12_val_day13_14,three_class_with_air,DANN-semi,0.2,23
240,0.004604758694767952,0.5984823107719421,0.6030870676040649,1.0,0.9583333333333334,0.9230769230769231,0.8205128205128205,D6_semi_day12_val_day13_14,three_class_with_air,DANN-semi,0.2,23
245,0.0015550038078799844,0.42341354489326477,0.42496854066848755,1.0,0.8333333333333334,0.8653846153846154,0.8461538461538461,D6_semi_day12_val_day13_14,three_class_with_air,DANN-semi,0.2,23
250,0.005949064157903194,0.3775808811187744,0.383529931306839,1.0,0.7916666666666666,0.8461538461538461,0.8205128205128205,D6_semi_day12_val_day13_14,three_class_with_air,DANN-semi,0.2,23
255,0.08170053362846375,0.49207061529159546,0.5737711191177368,1.0,0.875,0.8653846153846154,0.7692307692307693,D6_semi_day12_val_day13_14,three_class_with_air,DANN-semi,0.2,23
260,1.2258461538294796e-05,0.731139600276947,0.7311518788337708,1.0,0.9166666666666666,0.8846153846153846,0.7435897435897436,D6_semi_day12_val_day13_14,three_class_with_air,DANN-semi,0.2,23
265,2.404578117420897e-05,0.5432463884353638,0.5432704091072083,1.0,0.9166666666666666,0.9038461538461539,0.7948717948717948,D6_semi_day12_val_day13_14,three_class_with_air,DANN-semi,0.2,23
270,0.02970306947827339,0.48050054907798767,0.5102035999298096,1.0,0.9166666666666666,0.9038461538461539,0.8205128205128205,D6_semi_day12_val_day13_14,three_class_with_air,DANN-semi,0.2,23
275,0.022906111553311348,0.481967031955719,0.5048731565475464,0.9743589743589743,0.9166666666666666,0.9423076923076923,0.7692307692307693,D6_semi_day12_val_day13_14,three_class_with_air,DANN-semi,0.2,23
280,0.00022498841281048954,0.46257081627845764,0.46279579401016235,1.0,0.9166666666666666,0.9038461538461539,0.7948717948717948,D6_semi_day12_val_day13_14,three_class_with_air,DANN-semi,0.2,23
285,0.0001912181469378993,0.46102669835090637,0.4612179100513458,1.0,0.875,0.8653846153846154,0.7948717948717948,D6_semi_day12_val_day13_14,three_class_with_air,DANN-semi,0.2,23
290,0.0033297021873295307,0.4593622386455536,0.46269193291664124,1.0,0.875,0.8653846153846154,0.7692307692307693,D6_semi_day12_val_day13_14,three_class_with_air,DANN-semi,0.2,23
295,0.004608456045389175,0.4353852868080139,0.4399937391281128,1.0,0.875,0.8846153846153846,0.7692307692307693,D6_semi_day12_val_day13_14,three_class_with_air,DANN-semi,0.2,23
300,0.04214079678058624,0.4575730860233307,0.4997138977050781,1.0,0.9166666666666666,0.9038461538461539,0.7948717948717948,D6_semi_day12_val_day13_14,three_class_with_air,DANN-semi,0.2,23
305,0.00011299060133751482,0.4284766614437103,0.4285896420478821,1.0,0.9583333333333334,0.9230769230769231,0.7948717948717948,D6_semi_day12_val_day13_14,three_class_with_air,DANN-semi,0.2,23
310,0.10871263593435287,0.3939332664012909,0.5026459097862244,1.0,0.9583333333333334,0.8846153846153846,0.7948717948717948,D6_semi_day12_val_day13_14,three_class_with_air,DANN-semi,0.2,23
315,5.26011353940703e-05,0.4635353684425354,0.4635879695415497,1.0,0.9166666666666666,0.8461538461538461,0.7948717948717948,D6_semi_day12_val_day13_14,three_class_with_air,DANN-semi,0.2,23
320,1.647041608521249e-05,0.42798882722854614,0.42800530791282654,1.0,0.8333333333333334,0.8461538461538461,0.7692307692307693,D6_semi_day12_val_day13_14,three_class_with_air,DANN-semi,0.2,23
325,2.2597789211431518e-05,0.44927167892456055,0.4492942690849304,1.0,0.8333333333333334,0.8461538461538461,0.7692307692307693,D6_semi_day12_val_day13_14,three_class_with_air,DANN-semi,0.2,23
330,5.8802102103072684e-06,0.453050822019577,0.4530566930770874,1.0,0.8333333333333334,0.8461538461538461,0.7435897435897436,D6_semi_day12_val_day13_14,three_class_with_air,DANN-semi,0.2,23
335,0.000339264894137159,0.4576663374900818,0.4580056071281433,1.0,0.8333333333333334,0.8653846153846154,0.717948717948718,D6_semi_day12_val_day13_14,three_class_with_air,DANN-semi,0.2,23
340,0.0021869176998734474,0.4836764633655548,0.4858633875846863,1.0,0.875,0.8653846153846154,0.6923076923076923,D6_semi_day12_val_day13_14,three_class_with_air,DANN-semi,0.2,23
345,6.764803401893005e-05,0.5077410936355591,0.5078087449073792,1.0,0.8333333333333334,0.8653846153846154,0.717948717948718,D6_semi_day12_val_day13_14,three_class_with_air,DANN-semi,0.2,23
350,4.596487633534707e-05,0.5113357901573181,0.5113817453384399,1.0,0.8333333333333334,0.8461538461538461,0.7692307692307693,D6_semi_day12_val_day13_14,three_class_with_air,DANN-semi,0.2,23
355,0.00015289524162653834,0.4944823682308197,0.4946352541446686,1.0,0.875,0.8461538461538461,0.7692307692307693,D6_semi_day12_val_day13_14,three_class_with_air,DANN-semi,0.2,23
360,0.00038871352444402874,0.4633893668651581,0.4637780785560608,1.0,0.875,0.8461538461538461,0.7435897435897436,D6_semi_day12_val_day13_14,three_class_with_air,DANN-semi,0.2,23
365,5.344399323803373e-05,0.45271486043930054,0.4527682960033417,1.0,0.875,0.8461538461538461,0.7435897435897436,D6_semi_day12_val_day13_14,three_class_with_air,DANN-semi,0.2,23
370,0.00030247727409005165,0.448699414730072,0.44900187849998474,1.0,0.7083333333333334,0.8076923076923077,0.7948717948717948,D6_semi_day12_val_day13_14,three_class_with_air,DANN-semi,0.2,23
375,4.5535562094300985e-06,0.43778327107429504,0.43778783082962036,1.0,0.7916666666666666,0.75,0.8461538461538461,D6_semi_day12_val_day13_14,three_class_with_air,DANN-semi,0.2,23
380,0.0023451244924217463,0.45283666253089905,0.4551817774772644,1.0,0.7916666666666666,0.8076923076923077,0.7948717948717948,D6_semi_day12_val_day13_14,three_class_with_air,DANN-semi,0.2,23
385,0.0007668029866181314,0.43685755133628845,0.43762436509132385,1.0,0.875,0.8461538461538461,0.7948717948717948,D6_semi_day12_val_day13_14,three_class_with_air,DANN-semi,0.2,23
390,0.00018220781930722296,0.4345758259296417,0.4347580373287201,1.0,0.875,0.8653846153846154,0.7948717948717948,D6_semi_day12_val_day13_14,three_class_with_air,DANN-semi,0.2,23
395,0.06257688254117966,0.4415377080440521,0.50411456823349,1.0,0.9166666666666666,0.8653846153846154,0.7692307692307693,D6_semi_day12_val_day13_14,three_class_with_air,DANN-semi,0.2,23
400,2.035198667726945e-05,0.44290298223495483,0.44292333722114563,1.0,0.875,0.8653846153846154,0.7435897435897436,D6_semi_day12_val_day13_14,three_class_with_air,DANN-semi,0.2,23
1,0.6981944441795349,0.0,0.6981944441795349,0.75,0.5,0.5,0.7857142857142857,D6_semi_day12_val_day13_14,binary_without_air,MLP source only,0.0,7
5,0.4279972016811371,0.0,0.4279972016811371,0.875,0.4166666666666667,0.5588235294117647,0.42857142857142855,D6_semi_day12_val_day13_14,binary_without_air,MLP source only,0.0,7
10,0.2184850573539734,0.0,0.2184850573539734,0.9583333333333334,0.4166666666666667,0.5588235294117647,0.2857142857142857,D6_semi_day12_val_day13_14,binary_without_air,MLP source only,0.0,7
15,0.10866507887840271,0.0,0.10866507887840271,0.9583333333333334,0.5,0.5882352941176471,0.10714285714285714,D6_semi_day12_val_day13_14,binary_without_air,MLP source only,0.0,7
20,0.023597190156579018,0.0,0.023597190156579018,1.0,0.6666666666666666,0.6764705882352942,0.25,D6_semi_day12_val_day13_14,binary_without_air,MLP source only,0.0,7
25,0.0030096154659986496,0.0,0.0030096154659986496,1.0,0.75,0.7058823529411765,0.2857142857142857,D6_semi_day12_val_day13_14,binary_without_air,MLP source only,0.0,7
30,0.007581645622849464,0.0,0.007581645622849464,1.0,0.8333333333333334,0.7352941176470589,0.35714285714285715,D6_semi_day12_val_day13_14,binary_without_air,MLP source only,0.0,7
35,0.0008307716925628483,0.0,0.0008307716925628483,1.0,0.8333333333333334,0.7647058823529411,0.35714285714285715,D6_semi_day12_val_day13_14,binary_without_air,MLP source only,0.0,7
40,0.023136010393500328,0.0,0.023136010393500328,1.0,0.8333333333333334,0.7941176470588235,0.35714285714285715,D6_semi_day12_val_day13_14,binary_without_air,MLP source only,0.0,7
45,4.211266423226334e-05,0.0,4.211266423226334e-05,1.0,0.8333333333333334,0.8529411764705882,0.35714285714285715,D6_semi_day12_val_day13_14,binary_without_air,MLP source only,0.0,7
50,6.16208344581537e-05,0.0,6.16208344581537e-05,1.0,0.8333333333333334,0.8823529411764706,0.32142857142857145,D6_semi_day12_val_day13_14,binary_without_air,MLP source only,0.0,7
55,2.8409012884367257e-05,0.0,2.8409012884367257e-05,1.0,0.8333333333333334,0.8823529411764706,0.32142857142857145,D6_semi_day12_val_day13_14,binary_without_air,MLP source only,0.0,7
60,0.00017616624245420098,0.0,0.00017616624245420098,1.0,0.8333333333333334,0.8823529411764706,0.32142857142857145,D6_semi_day12_val_day13_14,binary_without_air,MLP source only,0.0,7
65,4.6891425881767645e-05,0.0,4.6891425881767645e-05,1.0,0.8333333333333334,0.8823529411764706,0.2857142857142857,D6_semi_day12_val_day13_14,binary_without_air,MLP source only,0.0,7
70,4.590763637679629e-05,0.0,4.590763637679629e-05,1.0,0.8333333333333334,0.8823529411764706,0.2857142857142857,D6_semi_day12_val_day13_14,binary_without_air,MLP source only,0.0,7
75,3.0374949346878566e-05,0.0,3.0374949346878566e-05,1.0,0.75,0.8823529411764706,0.2857142857142857,D6_semi_day12_val_day13_14,binary_without_air,MLP source only,0.0,7
80,8.566857286496088e-05,0.0,8.566857286496088e-05,1.0,0.75,0.8823529411764706,0.2857142857142857,D6_semi_day12_val_day13_14,binary_without_air,MLP source only,0.0,7
85,3.4461725590517744e-05,0.0,3.4461725590517744e-05,1.0,0.75,0.8823529411764706,0.2857142857142857,D6_semi_day12_val_day13_14,binary_without_air,MLP source only,0.0,7
90,2.5756417016964406e-05,0.0,2.5756417016964406e-05,1.0,0.75,0.9117647058823529,0.2857142857142857,D6_semi_day12_val_day13_14,binary_without_air,MLP source only,0.0,7
95,6.335608486551791e-05,0.0,6.335608486551791e-05,1.0,0.75,0.9117647058823529,0.2857142857142857,D6_semi_day12_val_day13_14,binary_without_air,MLP source only,0.0,7
100,0.0002044827415375039,0.0,0.0002044827415375039,1.0,0.75,0.9117647058823529,0.2857142857142857,D6_semi_day12_val_day13_14,binary_without_air,MLP source only,0.0,7
105,6.269193545449525e-05,0.0,6.269193545449525e-05,1.0,0.75,0.9117647058823529,0.2857142857142857,D6_semi_day12_val_day13_14,binary_without_air,MLP source only,0.0,7
110,3.730138632818125e-05,0.0,3.730138632818125e-05,1.0,0.75,0.9117647058823529,0.2857142857142857,D6_semi_day12_val_day13_14,binary_without_air,MLP source only,0.0,7
115,2.1267702322802506e-05,0.0,2.1267702322802506e-05,1.0,0.75,0.9117647058823529,0.2857142857142857,D6_semi_day12_val_day13_14,binary_without_air,MLP source only,0.0,7
120,9.055063856067136e-05,0.0,9.055063856067136e-05,1.0,0.75,0.9117647058823529,0.2857142857142857,D6_semi_day12_val_day13_14,binary_without_air,MLP source only,0.0,7
125,8.292472193716094e-05,0.0,8.292472193716094e-05,1.0,0.75,0.8823529411764706,0.2857142857142857,D6_semi_day12_val_day13_14,binary_without_air,MLP source only,0.0,7
130,3.5853012377629057e-05,0.0,3.5853012377629057e-05,1.0,0.75,0.8823529411764706,0.2857142857142857,D6_semi_day12_val_day13_14,binary_without_air,MLP source only,0.0,7
135,1.826780498959124e-05,0.0,1.826780498959124e-05,1.0,0.75,0.8823529411764706,0.2857142857142857,D6_semi_day12_val_day13_14,binary_without_air,MLP source only,0.0,7
140,3.352938438183628e-05,0.0,3.352938438183628e-05,1.0,0.75,0.8823529411764706,0.2857142857142857,D6_semi_day12_val_day13_14,binary_without_air,MLP source only,0.0,7
145,1.549161970615387e-05,0.0,1.549161970615387e-05,1.0,0.75,0.8823529411764706,0.2857142857142857,D6_semi_day12_val_day13_14,binary_without_air,MLP source only,0.0,7
150,1.4746624401595909e-05,0.0,1.4746624401595909e-05,1.0,0.75,0.8823529411764706,0.2857142857142857,D6_semi_day12_val_day13_14,binary_without_air,MLP source only,0.0,7
155,1.3261483218229841e-05,0.0,1.3261483218229841e-05,1.0,0.75,0.8823529411764706,0.2857142857142857,D6_semi_day12_val_day13_14,binary_without_air,MLP source only,0.0,7
160,0.000526034040376544,0.0,0.000526034040376544,1.0,0.8333333333333334,0.9117647058823529,0.25,D6_semi_day12_val_day13_14,binary_without_air,MLP source only,0.0,7
165,0.0003691015299409628,0.0,0.0003691015299409628,1.0,0.8333333333333334,0.8529411764705882,0.2857142857142857,D6_semi_day12_val_day13_14,binary_without_air,MLP source only,0.0,7
170,0.0001950735313585028,0.0,0.0001950735313585028,1.0,0.75,0.8529411764705882,0.17857142857142858,D6_semi_day12_val_day13_14,binary_without_air,MLP source only,0.0,7
175,0.0010929598938673735,0.0,0.0010929598938673735,1.0,0.75,0.8529411764705882,0.14285714285714285,D6_semi_day12_val_day13_14,binary_without_air,MLP source only,0.0,7
180,0.06704612076282501,0.0,0.06704612076282501,1.0,0.9166666666666666,0.9117647058823529,0.17857142857142858,D6_semi_day12_val_day13_14,binary_without_air,MLP source only,0.0,7
185,0.005335075780749321,0.0,0.005335075780749321,1.0,0.6666666666666666,0.8529411764705882,0.21428571428571427,D6_semi_day12_val_day13_14,binary_without_air,MLP source only,0.0,7
190,9.679207141743973e-05,0.0,9.679207141743973e-05,1.0,0.9166666666666666,0.8529411764705882,0.35714285714285715,D6_semi_day12_val_day13_14,binary_without_air,MLP source only,0.0,7
195,4.699101555161178e-05,0.0,4.699101555161178e-05,1.0,0.8333333333333334,0.8529411764705882,0.32142857142857145,D6_semi_day12_val_day13_14,binary_without_air,MLP source only,0.0,7
200,0.0018495842814445496,0.0,0.0018495842814445496,1.0,0.5833333333333334,0.8235294117647058,0.14285714285714285,D6_semi_day12_val_day13_14,binary_without_air,MLP source only,0.0,7
205,1.6747264453442767e-05,0.0,1.6747264453442767e-05,1.0,0.75,0.8529411764705882,0.21428571428571427,D6_semi_day12_val_day13_14,binary_without_air,MLP source only,0.0,7
210,0.0003532544069457799,0.0,0.0003532544069457799,1.0,0.8333333333333334,0.9117647058823529,0.25,D6_semi_day12_val_day13_14,binary_without_air,MLP source only,0.0,7
215,0.002680281177163124,0.0,0.002680281177163124,1.0,0.8333333333333334,0.8823529411764706,0.25,D6_semi_day12_val_day13_14,binary_without_air,MLP source only,0.0,7
220,7.892293979239184e-06,0.0,7.892293979239184e-06,1.0,0.75,0.8529411764705882,0.25,D6_semi_day12_val_day13_14,binary_without_air,MLP source only,0.0,7
225,0.00032968560117296875,0.0,0.00032968560117296875,1.0,0.6666666666666666,0.8529411764705882,0.21428571428571427,D6_semi_day12_val_day13_14,binary_without_air,MLP source only,0.0,7
230,4.458090916159563e-05,0.0,4.458090916159563e-05,1.0,0.5833333333333334,0.8529411764705882,0.17857142857142858,D6_semi_day12_val_day13_14,binary_without_air,MLP source only,0.0,7
235,4.157115108682774e-05,0.0,4.157115108682774e-05,1.0,0.5833333333333334,0.8529411764705882,0.14285714285714285,D6_semi_day12_val_day13_14,binary_without_air,MLP source only,0.0,7
240,6.46031039650552e-05,0.0,6.46031039650552e-05,1.0,0.5833333333333334,0.8529411764705882,0.14285714285714285,D6_semi_day12_val_day13_14,binary_without_air,MLP source only,0.0,7
245,0.00024232962459791452,0.0,0.00024232962459791452,1.0,0.5833333333333334,0.8529411764705882,0.14285714285714285,D6_semi_day12_val_day13_14,binary_without_air,MLP source only,0.0,7
250,2.4182152628782205e-05,0.0,2.4182152628782205e-05,1.0,0.5833333333333334,0.8529411764705882,0.14285714285714285,D6_semi_day12_val_day13_14,binary_without_air,MLP source only,0.0,7
255,7.380524039035663e-05,0.0,7.380524039035663e-05,1.0,0.5833333333333334,0.8529411764705882,0.17857142857142858,D6_semi_day12_val_day13_14,binary_without_air,MLP source only,0.0,7
260,1.1642242498055566e-05,0.0,1.1642242498055566e-05,1.0,0.5833333333333334,0.8529411764705882,0.17857142857142858,D6_semi_day12_val_day13_14,binary_without_air,MLP source only,0.0,7
265,1.5069211258378346e-05,0.0,1.5069211258378346e-05,1.0,0.5833333333333334,0.8529411764705882,0.17857142857142858,D6_semi_day12_val_day13_14,binary_without_air,MLP source only,0.0,7
270,5.3050098358653486e-05,0.0,5.3050098358653486e-05,1.0,0.5833333333333334,0.8529411764705882,0.17857142857142858,D6_semi_day12_val_day13_14,binary_without_air,MLP source only,0.0,7
275,2.0675814084825106e-05,0.0,2.0675814084825106e-05,1.0,0.5833333333333334,0.8529411764705882,0.17857142857142858,D6_semi_day12_val_day13_14,binary_without_air,MLP source only,0.0,7
280,1.1269778951827902e-05,0.0,1.1269778951827902e-05,1.0,0.5833333333333334,0.8529411764705882,0.17857142857142858,D6_semi_day12_val_day13_14,binary_without_air,MLP source only,0.0,7
285,9.158859938906971e-06,0.0,9.158859938906971e-06,1.0,0.6666666666666666,0.8529411764705882,0.17857142857142858,D6_semi_day12_val_day13_14,binary_without_air,MLP source only,0.0,7
290,7.897329851402901e-06,0.0,7.897329851402901e-06,1.0,0.6666666666666666,0.8529411764705882,0.17857142857142858,D6_semi_day12_val_day13_14,binary_without_air,MLP source only,0.0,7
295,1.0023122740676627e-05,0.0,1.0023122740676627e-05,1.0,0.6666666666666666,0.8529411764705882,0.21428571428571427,D6_semi_day12_val_day13_14,binary_without_air,MLP source only,0.0,7
300,0.00011523719877004623,0.0,0.00011523719877004623,1.0,0.6666666666666666,0.8529411764705882,0.21428571428571427,D6_semi_day12_val_day13_14,binary_without_air,MLP source only,0.0,7
305,9.446998774365056e-06,0.0,9.446998774365056e-06,1.0,0.6666666666666666,0.8529411764705882,0.21428571428571427,D6_semi_day12_val_day13_14,binary_without_air,MLP source only,0.0,7
310,4.3182681110920385e-05,0.0,4.3182681110920385e-05,1.0,0.6666666666666666,0.8529411764705882,0.21428571428571427,D6_semi_day12_val_day13_14,binary_without_air,MLP source only,0.0,7
315,7.814089622115716e-05,0.0,7.814089622115716e-05,1.0,0.75,0.8823529411764706,0.21428571428571427,D6_semi_day12_val_day13_14,binary_without_air,MLP source only,0.0,7
320,1.543516009405721e-05,0.0,1.543516009405721e-05,1.0,0.75,0.9117647058823529,0.25,D6_semi_day12_val_day13_14,binary_without_air,MLP source only,0.0,7
325,8.905582035367843e-06,0.0,8.905582035367843e-06,1.0,0.8333333333333334,0.9411764705882353,0.25,D6_semi_day12_val_day13_14,binary_without_air,MLP source only,0.0,7
330,3.0894652809365653e-06,0.0,3.0894652809365653e-06,1.0,0.8333333333333334,0.9411764705882353,0.2857142857142857,D6_semi_day12_val_day13_14,binary_without_air,MLP source only,0.0,7
335,3.859369371639332e-06,0.0,3.859369371639332e-06,1.0,0.8333333333333334,0.9705882352941176,0.2857142857142857,D6_semi_day12_val_day13_14,binary_without_air,MLP source only,0.0,7
340,2.5798975912039168e-05,0.0,2.5798975912039168e-05,1.0,0.8333333333333334,0.9705882352941176,0.2857142857142857,D6_semi_day12_val_day13_14,binary_without_air,MLP source only,0.0,7
345,4.400702437123982e-06,0.0,4.400702437123982e-06,1.0,0.8333333333333334,0.9705882352941176,0.2857142857142857,D6_semi_day12_val_day13_14,binary_without_air,MLP source only,0.0,7
350,2.324558863620041e-06,0.0,2.324558863620041e-06,1.0,0.8333333333333334,0.9705882352941176,0.2857142857142857,D6_semi_day12_val_day13_14,binary_without_air,MLP source only,0.0,7
355,5.324592621036572e-06,0.0,5.324592621036572e-06,1.0,0.8333333333333334,0.9705882352941176,0.2857142857142857,D6_semi_day12_val_day13_14,binary_without_air,MLP source only,0.0,7
360,3.89358501706738e-05,0.0,3.89358501706738e-05,1.0,0.8333333333333334,0.9705882352941176,0.2857142857142857,D6_semi_day12_val_day13_14,binary_without_air,MLP source only,0.0,7
365,2.286470407852903e-05,0.0,2.286470407852903e-05,1.0,0.8333333333333334,0.9705882352941176,0.2857142857142857,D6_semi_day12_val_day13_14,binary_without_air,MLP source only,0.0,7
370,2.1606481368507957e-06,0.0,2.1606481368507957e-06,1.0,0.8333333333333334,0.9705882352941176,0.2857142857142857,D6_semi_day12_val_day13_14,binary_without_air,MLP source only,0.0,7
375,1.2739300473185722e-05,0.0,1.2739300473185722e-05,1.0,0.8333333333333334,0.9705882352941176,0.2857142857142857,D6_semi_day12_val_day13_14,binary_without_air,MLP source only,0.0,7
380,3.7947713735775324e-06,0.0,3.7947713735775324e-06,1.0,0.8333333333333334,0.9705882352941176,0.2857142857142857,D6_semi_day12_val_day13_14,binary_without_air,MLP source only,0.0,7
385,2.478533360772417e-06,0.0,2.478533360772417e-06,1.0,0.8333333333333334,0.9705882352941176,0.2857142857142857,D6_semi_day12_val_day13_14,binary_without_air,MLP source only,0.0,7
390,0.00013418692105915397,0.0,0.00013418692105915397,1.0,0.8333333333333334,0.9705882352941176,0.2857142857142857,D6_semi_day12_val_day13_14,binary_without_air,MLP source only,0.0,7
395,5.359335773391649e-06,0.0,5.359335773391649e-06,1.0,0.8333333333333334,0.9705882352941176,0.2857142857142857,D6_semi_day12_val_day13_14,binary_without_air,MLP source only,0.0,7
400,2.1854848455404863e-06,0.0,2.1854848455404863e-06,1.0,0.8333333333333334,0.9705882352941176,0.2857142857142857,D6_semi_day12_val_day13_14,binary_without_air,MLP source only,0.0,7
1,0.7001096606254578,0.5761154294013977,1.2762250900268555,0.7083333333333334,0.4166666666666667,0.5588235294117647,0.8571428571428571,D6_semi_day12_val_day13_14,binary_without_air,DANN-UDA,0.2,23
5,0.4539009630680084,0.4650299549102783,0.9189308881759644,0.8333333333333334,0.5,0.5,0.8571428571428571,D6_semi_day12_val_day13_14,binary_without_air,DANN-UDA,0.2,23
10,0.2821040451526642,0.3282255530357361,0.6103296279907227,0.875,0.5833333333333334,0.5588235294117647,0.8571428571428571,D6_semi_day12_val_day13_14,binary_without_air,DANN-UDA,0.2,23
15,0.14125923812389374,0.4034710228443146,0.5447302460670471,0.9583333333333334,0.6666666666666666,0.5882352941176471,0.8571428571428571,D6_semi_day12_val_day13_14,binary_without_air,DANN-UDA,0.2,23
20,0.046638768166303635,0.46386680006980896,0.5105055570602417,1.0,0.6666666666666666,0.6176470588235294,0.8571428571428571,D6_semi_day12_val_day13_14,binary_without_air,DANN-UDA,0.2,23
25,0.023395977914333344,0.49573835730552673,0.5191343426704407,1.0,0.75,0.6764705882352942,0.8571428571428571,D6_semi_day12_val_day13_14,binary_without_air,DANN-UDA,0.2,23
30,0.0017793327569961548,0.4234934449195862,0.42527276277542114,1.0,0.75,0.7647058823529411,0.8571428571428571,D6_semi_day12_val_day13_14,binary_without_air,DANN-UDA,0.2,23
35,0.0002305306843481958,0.466580867767334,0.4668113887310028,1.0,0.75,0.7647058823529411,0.8571428571428571,D6_semi_day12_val_day13_14,binary_without_air,DANN-UDA,0.2,23
40,5.463280467665754e-05,0.4632148742675781,0.46326950192451477,1.0,0.75,0.7941176470588235,0.8571428571428571,D6_semi_day12_val_day13_14,binary_without_air,DANN-UDA,0.2,23
45,0.0005426713614724576,0.5187562108039856,0.5192989110946655,1.0,0.8333333333333334,0.8235294117647058,0.8571428571428571,D6_semi_day12_val_day13_14,binary_without_air,DANN-UDA,0.2,23
50,0.0007724988390691578,0.507188618183136,0.507961094379425,1.0,0.8333333333333334,0.8823529411764706,0.8571428571428571,D6_semi_day12_val_day13_14,binary_without_air,DANN-UDA,0.2,23
55,7.469971751561388e-05,0.5007454752922058,0.5008201599121094,1.0,0.8333333333333334,0.9411764705882353,0.8571428571428571,D6_semi_day12_val_day13_14,binary_without_air,DANN-UDA,0.2,23
60,0.00019983081438113004,0.4694896340370178,0.4696894586086273,1.0,0.8333333333333334,0.9411764705882353,0.8571428571428571,D6_semi_day12_val_day13_14,binary_without_air,DANN-UDA,0.2,23
65,0.0004940998624078929,0.43872031569480896,0.43921440839767456,1.0,0.8333333333333334,0.9411764705882353,0.8571428571428571,D6_semi_day12_val_day13_14,binary_without_air,DANN-UDA,0.2,23
70,0.0005318298353813589,0.39327168464660645,0.39380350708961487,1.0,0.9166666666666666,0.9705882352941176,0.8928571428571429,D6_semi_day12_val_day13_14,binary_without_air,DANN-UDA,0.2,23
75,0.0008516018860973418,0.3730083107948303,0.3738599121570587,1.0,0.9166666666666666,0.9705882352941176,0.9285714285714286,D6_semi_day12_val_day13_14,binary_without_air,DANN-UDA,0.2,23
80,0.0002520016860216856,0.372317373752594,0.37256938219070435,1.0,0.9166666666666666,0.9411764705882353,0.9285714285714286,D6_semi_day12_val_day13_14,binary_without_air,DANN-UDA,0.2,23
85,0.001661205547861755,0.40432217717170715,0.4059833884239197,1.0,0.9166666666666666,0.9705882352941176,0.8571428571428571,D6_semi_day12_val_day13_14,binary_without_air,DANN-UDA,0.2,23
90,0.0002830780576914549,0.5235703587532043,0.5238534212112427,1.0,0.9166666666666666,0.9411764705882353,0.8571428571428571,D6_semi_day12_val_day13_14,binary_without_air,DANN-UDA,0.2,23
95,0.00033644618815742433,0.45631590485572815,0.45665234327316284,1.0,0.8333333333333334,0.9117647058823529,0.8571428571428571,D6_semi_day12_val_day13_14,binary_without_air,DANN-UDA,0.2,23
100,0.0004191551124677062,0.42200708389282227,0.4224262535572052,1.0,0.75,0.8529411764705882,0.8571428571428571,D6_semi_day12_val_day13_14,binary_without_air,DANN-UDA,0.2,23
105,0.00012269581202417612,0.3597297668457031,0.35985246300697327,1.0,0.75,0.8529411764705882,0.8928571428571429,D6_semi_day12_val_day13_14,binary_without_air,DANN-UDA,0.2,23
110,0.002029536059126258,0.2997731864452362,0.30180272459983826,1.0,0.75,0.8529411764705882,0.9285714285714286,D6_semi_day12_val_day13_14,binary_without_air,DANN-UDA,0.2,23
115,0.0003279584052506834,0.2880212366580963,0.2883491814136505,1.0,0.75,0.8235294117647058,0.8571428571428571,D6_semi_day12_val_day13_14,binary_without_air,DANN-UDA,0.2,23
120,0.0002230249810963869,0.39916858077049255,0.3993915915489197,1.0,0.75,0.8235294117647058,0.8928571428571429,D6_semi_day12_val_day13_14,binary_without_air,DANN-UDA,0.2,23
125,0.0009921520249918103,0.383436918258667,0.38442906737327576,1.0,0.75,0.8823529411764706,0.8571428571428571,D6_semi_day12_val_day13_14,binary_without_air,DANN-UDA,0.2,23
130,0.000480779999634251,0.3754425644874573,0.3759233355522156,1.0,0.75,0.8823529411764706,0.8571428571428571,D6_semi_day12_val_day13_14,binary_without_air,DANN-UDA,0.2,23
135,0.0019771072547882795,0.35766932368278503,0.35964643955230713,1.0,0.9166666666666666,0.9117647058823529,0.8571428571428571,D6_semi_day12_val_day13_14,binary_without_air,DANN-UDA,0.2,23
140,3.493454642011784e-05,0.3428769111633301,0.34291183948516846,1.0,0.75,0.8823529411764706,0.8571428571428571,D6_semi_day12_val_day13_14,binary_without_air,DANN-UDA,0.2,23
145,3.2473155442858115e-05,0.3495025634765625,0.3495350480079651,1.0,0.75,0.8529411764705882,0.8571428571428571,D6_semi_day12_val_day13_14,binary_without_air,DANN-UDA,0.2,23
150,0.0001203254796564579,0.3414463698863983,0.34156668186187744,1.0,0.75,0.8529411764705882,0.8571428571428571,D6_semi_day12_val_day13_14,binary_without_air,DANN-UDA,0.2,23
155,0.0015295949997380376,0.328431636095047,0.32996124029159546,1.0,0.9166666666666666,0.9705882352941176,0.8571428571428571,D6_semi_day12_val_day13_14,binary_without_air,DANN-UDA,0.2,23
160,0.0016740703722462058,0.32562845945358276,0.3273025155067444,1.0,0.6666666666666666,0.8235294117647058,0.8571428571428571,D6_semi_day12_val_day13_14,binary_without_air,DANN-UDA,0.2,23
165,6.155850132927299e-05,0.3300379812717438,0.33009955286979675,1.0,0.75,0.8235294117647058,0.8571428571428571,D6_semi_day12_val_day13_14,binary_without_air,DANN-UDA,0.2,23
170,0.0003496786521282047,0.34596213698387146,0.3463118076324463,1.0,0.75,0.8235294117647058,0.8571428571428571,D6_semi_day12_val_day13_14,binary_without_air,DANN-UDA,0.2,23
175,1.1046230611100327e-05,0.3662181496620178,0.36622920632362366,1.0,0.9166666666666666,0.9117647058823529,0.8571428571428571,D6_semi_day12_val_day13_14,binary_without_air,DANN-UDA,0.2,23
180,5.265809886623174e-05,0.41368505358695984,0.4137377142906189,1.0,0.9166666666666666,0.9411764705882353,0.8214285714285714,D6_semi_day12_val_day13_14,binary_without_air,DANN-UDA,0.2,23
185,7.180513784987852e-05,0.4775010645389557,0.47757285833358765,1.0,0.9166666666666666,0.9705882352941176,0.8214285714285714,D6_semi_day12_val_day13_14,binary_without_air,DANN-UDA,0.2,23
190,0.17014048993587494,0.5176436305046082,0.6877841353416443,1.0,1.0,1.0,0.75,D6_semi_day12_val_day13_14,binary_without_air,DANN-UDA,0.2,23
195,0.006717537064105272,0.3324706256389618,0.3391881585121155,1.0,0.8333333333333334,0.9705882352941176,0.8571428571428571,D6_semi_day12_val_day13_14,binary_without_air,DANN-UDA,0.2,23
200,0.0025221931282430887,0.2696820795536041,0.27220427989959717,1.0,0.8333333333333334,0.9411764705882353,0.9285714285714286,D6_semi_day12_val_day13_14,binary_without_air,DANN-UDA,0.2,23
205,0.00022557670308742672,0.26376867294311523,0.2639942467212677,1.0,0.8333333333333334,0.9117647058823529,0.9285714285714286,D6_semi_day12_val_day13_14,binary_without_air,DANN-UDA,0.2,23
210,4.5582983148051426e-05,0.2745448648929596,0.27459046244621277,1.0,0.8333333333333334,0.9705882352941176,0.8928571428571429,D6_semi_day12_val_day13_14,binary_without_air,DANN-UDA,0.2,23
215,3.168929424646194e-06,0.2703693211078644,0.2703724801540375,1.0,0.8333333333333334,0.9117647058823529,0.8928571428571429,D6_semi_day12_val_day13_14,binary_without_air,DANN-UDA,0.2,23
220,0.0002588000788819045,0.2952874004840851,0.29554620385169983,1.0,0.8333333333333334,0.8823529411764706,0.9285714285714286,D6_semi_day12_val_day13_14,binary_without_air,DANN-UDA,0.2,23
225,0.0005652955151163042,0.302662193775177,0.3032274842262268,1.0,0.8333333333333334,0.8529411764705882,0.8571428571428571,D6_semi_day12_val_day13_14,binary_without_air,DANN-UDA,0.2,23
230,0.0032061722595244646,0.41001397371292114,0.4132201373577118,1.0,0.8333333333333334,0.8823529411764706,0.8214285714285714,D6_semi_day12_val_day13_14,binary_without_air,DANN-UDA,0.2,23
235,0.0042152428068220615,0.436200350522995,0.4404155910015106,1.0,0.8333333333333334,0.9117647058823529,0.8571428571428571,D6_semi_day12_val_day13_14,binary_without_air,DANN-UDA,0.2,23
240,5.6666391174076125e-05,0.419769287109375,0.419825941324234,1.0,0.75,0.9411764705882353,0.8571428571428571,D6_semi_day12_val_day13_14,binary_without_air,DANN-UDA,0.2,23
245,8.693945710547268e-05,0.37149834632873535,0.37158527970314026,1.0,0.8333333333333334,0.9705882352941176,0.8571428571428571,D6_semi_day12_val_day13_14,binary_without_air,DANN-UDA,0.2,23
250,3.665613121484057e-06,0.3308091461658478,0.33081281185150146,1.0,0.8333333333333334,0.9705882352941176,0.8571428571428571,D6_semi_day12_val_day13_14,binary_without_air,DANN-UDA,0.2,23
255,1.374197472614469e-05,0.3099629878997803,0.309976726770401,1.0,0.6666666666666666,0.8235294117647058,0.8571428571428571,D6_semi_day12_val_day13_14,binary_without_air,DANN-UDA,0.2,23
260,1.1225459957131534e-06,0.28502342104911804,0.2850245535373688,1.0,0.8333333333333334,0.8235294117647058,0.8214285714285714,D6_semi_day12_val_day13_14,binary_without_air,DANN-UDA,0.2,23
265,0.10379093885421753,0.2722069323062897,0.3759978711605072,0.9583333333333334,0.5833333333333334,0.7352941176470589,0.8928571428571429,D6_semi_day12_val_day13_14,binary_without_air,DANN-UDA,0.2,23
270,4.5199979581411753e-07,0.2621091306209564,0.26210957765579224,1.0,0.6666666666666666,0.9117647058823529,0.8928571428571429,D6_semi_day12_val_day13_14,binary_without_air,DANN-UDA,0.2,23
275,9.387681529915426e-07,0.2803993821144104,0.2804003059864044,1.0,0.75,0.9117647058823529,0.8928571428571429,D6_semi_day12_val_day13_14,binary_without_air,DANN-UDA,0.2,23
280,2.9751665806543315e-06,0.598136842250824,0.5981398224830627,1.0,0.8333333333333334,0.9411764705882353,0.8214285714285714,D6_semi_day12_val_day13_14,binary_without_air,DANN-UDA,0.2,23
285,5.9016459999838844e-05,0.5732592344284058,0.5733182430267334,1.0,0.75,0.9411764705882353,0.8571428571428571,D6_semi_day12_val_day13_14,binary_without_air,DANN-UDA,0.2,23
290,2.272967503813561e-05,0.8109135031700134,0.8109362125396729,1.0,0.8333333333333334,0.8529411764705882,0.8571428571428571,D6_semi_day12_val_day13_14,binary_without_air,DANN-UDA,0.2,23
295,0.017111947759985924,0.793077826499939,0.8101897835731506,1.0,0.8333333333333334,0.8823529411764706,0.8571428571428571,D6_semi_day12_val_day13_14,binary_without_air,DANN-UDA,0.2,23
300,0.0,0.6179285645484924,0.6179285645484924,1.0,0.8333333333333334,0.8529411764705882,0.8571428571428571,D6_semi_day12_val_day13_14,binary_without_air,DANN-UDA,0.2,23
305,0.0,0.43153616786003113,0.43153616786003113,1.0,0.75,0.8235294117647058,0.8571428571428571,D6_semi_day12_val_day13_14,binary_without_air,DANN-UDA,0.2,23
310,5.46375531484955e-08,0.3742199242115021,0.37421998381614685,1.0,0.75,0.8235294117647058,0.8571428571428571,D6_semi_day12_val_day13_14,binary_without_air,DANN-UDA,0.2,23
315,9.934105982267738e-09,0.3686281740665436,0.3686281740665436,1.0,0.6666666666666666,0.8235294117647058,0.8571428571428571,D6_semi_day12_val_day13_14,binary_without_air,DANN-UDA,0.2,23
320,0.0,0.36894911527633667,0.36894911527633667,1.0,0.75,0.8235294117647058,0.8571428571428571,D6_semi_day12_val_day13_14,binary_without_air,DANN-UDA,0.2,23
325,5.761383818025934e-06,0.3705287575721741,0.3705345094203949,1.0,0.75,0.8235294117647058,0.8571428571428571,D6_semi_day12_val_day13_14,binary_without_air,DANN-UDA,0.2,23
330,0.0005955157685093582,0.3710010051727295,0.3715965151786804,1.0,0.8333333333333334,0.8235294117647058,0.8571428571428571,D6_semi_day12_val_day13_14,binary_without_air,DANN-UDA,0.2,23
335,6.904147653585824e-07,0.36541813611984253,0.36541882157325745,1.0,0.75,0.8529411764705882,0.8571428571428571,D6_semi_day12_val_day13_14,binary_without_air,DANN-UDA,0.2,23
340,0.0,0.36920055747032166,0.36920055747032166,1.0,0.75,0.8823529411764706,0.8571428571428571,D6_semi_day12_val_day13_14,binary_without_air,DANN-UDA,0.2,23
345,0.0,0.373028039932251,0.373028039932251,1.0,0.75,0.8823529411764706,0.8571428571428571,D6_semi_day12_val_day13_14,binary_without_air,DANN-UDA,0.2,23
350,0.0,0.36652904748916626,0.36652904748916626,1.0,0.75,0.8823529411764706,0.8571428571428571,D6_semi_day12_val_day13_14,binary_without_air,DANN-UDA,0.2,23
355,0.0,0.36489906907081604,0.36489906907081604,1.0,0.75,0.8823529411764706,0.8571428571428571,D6_semi_day12_val_day13_14,binary_without_air,DANN-UDA,0.2,23
360,0.0,0.3631112277507782,0.3631112277507782,1.0,0.75,0.8823529411764706,0.8571428571428571,D6_semi_day12_val_day13_14,binary_without_air,DANN-UDA,0.2,23
365,0.0,0.3704998195171356,0.3704998195171356,1.0,0.75,0.8823529411764706,0.8571428571428571,D6_semi_day12_val_day13_14,binary_without_air,DANN-UDA,0.2,23
370,0.0,0.373635470867157,0.373635470867157,1.0,0.75,0.8823529411764706,0.8571428571428571,D6_semi_day12_val_day13_14,binary_without_air,DANN-UDA,0.2,23
375,0.0,0.37531471252441406,0.37531471252441406,1.0,0.75,0.8823529411764706,0.8571428571428571,D6_semi_day12_val_day13_14,binary_without_air,DANN-UDA,0.2,23
380,6.953816864552209e-07,0.37729763984680176,0.3772983253002167,1.0,0.75,0.8823529411764706,0.8571428571428571,D6_semi_day12_val_day13_14,binary_without_air,DANN-UDA,0.2,23
385,0.0,0.3820340633392334,0.3820340633392334,1.0,0.75,0.8823529411764706,0.8571428571428571,D6_semi_day12_val_day13_14,binary_without_air,DANN-UDA,0.2,23
390,0.0,0.3854201138019562,0.3854201138019562,1.0,0.75,0.8823529411764706,0.8571428571428571,D6_semi_day12_val_day13_14,binary_without_air,DANN-UDA,0.2,23
395,0.0,0.3782636225223541,0.3782636225223541,1.0,0.75,0.8823529411764706,0.8571428571428571,D6_semi_day12_val_day13_14,binary_without_air,DANN-UDA,0.2,23
400,0.0,0.3881010115146637,0.3881010115146637,1.0,0.75,0.8823529411764706,0.8571428571428571,D6_semi_day12_val_day13_14,binary_without_air,DANN-UDA,0.2,23
1,0.6968360543251038,0.0,0.6968360543251038,0.6785714285714286,0.5,0.5588235294117647,0.8571428571428571,D6_semi_day12_val_day13_14,binary_without_air,MLP source + target labels,0.0,23
5,0.4625672698020935,0.0,0.4625672698020935,0.8571428571428571,0.5,0.5,0.75,D6_semi_day12_val_day13_14,binary_without_air,MLP source + target labels,0.0,23
10,0.28306880593299866,0.0,0.28306880593299866,0.8928571428571429,0.5,0.5588235294117647,0.6071428571428571,D6_semi_day12_val_day13_14,binary_without_air,MLP source + target labels,0.0,23
15,0.13445349037647247,0.0,0.13445349037647247,1.0,0.5833333333333334,0.5882352941176471,0.7857142857142857,D6_semi_day12_val_day13_14,binary_without_air,MLP source + target labels,0.0,23
20,0.025494659319519997,0.0,0.025494659319519997,1.0,0.6666666666666666,0.6470588235294118,0.6428571428571429,D6_semi_day12_val_day13_14,binary_without_air,MLP source + target labels,0.0,23
25,0.004216406960040331,0.0,0.004216406960040331,1.0,0.6666666666666666,0.7352941176470589,0.5,D6_semi_day12_val_day13_14,binary_without_air,MLP source + target labels,0.0,23
30,0.000910841568838805,0.0,0.000910841568838805,1.0,0.6666666666666666,0.7352941176470589,0.5,D6_semi_day12_val_day13_14,binary_without_air,MLP source + target labels,0.0,23
35,0.0003216269542463124,0.0,0.0003216269542463124,1.0,0.75,0.7941176470588235,0.5,D6_semi_day12_val_day13_14,binary_without_air,MLP source + target labels,0.0,23
40,0.0008194064721465111,0.0,0.0008194064721465111,1.0,0.75,0.8823529411764706,0.5,D6_semi_day12_val_day13_14,binary_without_air,MLP source + target labels,0.0,23
45,0.0020394830498844385,0.0,0.0020394830498844385,1.0,0.75,0.8529411764705882,0.5,D6_semi_day12_val_day13_14,binary_without_air,MLP source + target labels,0.0,23
50,1.922945557453204e-05,0.0,1.922945557453204e-05,1.0,0.75,0.7941176470588235,0.5,D6_semi_day12_val_day13_14,binary_without_air,MLP source + target labels,0.0,23
55,3.428730269661173e-05,0.0,3.428730269661173e-05,1.0,0.75,0.7941176470588235,0.5,D6_semi_day12_val_day13_14,binary_without_air,MLP source + target labels,0.0,23
60,6.105077773099765e-06,0.0,6.105077773099765e-06,1.0,0.75,0.7941176470588235,0.5,D6_semi_day12_val_day13_14,binary_without_air,MLP source + target labels,0.0,23
65,2.941847697002231e-06,0.0,2.941847697002231e-06,1.0,0.75,0.7941176470588235,0.5,D6_semi_day12_val_day13_14,binary_without_air,MLP source + target labels,0.0,23
70,3.895505415130174e-06,0.0,3.895505415130174e-06,1.0,0.75,0.7941176470588235,0.5,D6_semi_day12_val_day13_14,binary_without_air,MLP source + target labels,0.0,23
75,1.9142757082590833e-05,0.0,1.9142757082590833e-05,1.0,0.75,0.7941176470588235,0.5,D6_semi_day12_val_day13_14,binary_without_air,MLP source + target labels,0.0,23
80,3.0908811368135503e-06,0.0,3.0908811368135503e-06,1.0,0.75,0.7941176470588235,0.5,D6_semi_day12_val_day13_14,binary_without_air,MLP source + target labels,0.0,23
85,1.2523624718596693e-05,0.0,1.2523624718596693e-05,1.0,0.75,0.7941176470588235,0.5,D6_semi_day12_val_day13_14,binary_without_air,MLP source + target labels,0.0,23
90,3.861963705276139e-05,0.0,3.861963705276139e-05,1.0,0.75,0.7941176470588235,0.5,D6_semi_day12_val_day13_14,binary_without_air,MLP source + target labels,0.0,23
95,1.014936151477741e-05,0.0,1.014936151477741e-05,1.0,0.75,0.7941176470588235,0.5,D6_semi_day12_val_day13_14,binary_without_air,MLP source + target labels,0.0,23
100,1.7113337889895774e-05,0.0,1.7113337889895774e-05,1.0,0.75,0.7941176470588235,0.5,D6_semi_day12_val_day13_14,binary_without_air,MLP source + target labels,0.0,23
105,3.622575241024606e-05,0.0,3.622575241024606e-05,1.0,0.75,0.7941176470588235,0.5,D6_semi_day12_val_day13_14,binary_without_air,MLP source + target labels,0.0,23
110,1.938614877872169e-05,0.0,1.938614877872169e-05,1.0,0.75,0.7941176470588235,0.5,D6_semi_day12_val_day13_14,binary_without_air,MLP source + target labels,0.0,23
115,6.0037833463866264e-05,0.0,6.0037833463866264e-05,1.0,0.75,0.7941176470588235,0.5,D6_semi_day12_val_day13_14,binary_without_air,MLP source + target labels,0.0,23
120,3.30376155943668e-06,0.0,3.30376155943668e-06,1.0,0.75,0.7941176470588235,0.5,D6_semi_day12_val_day13_14,binary_without_air,MLP source + target labels,0.0,23
125,1.0336661944165826e-05,0.0,1.0336661944165826e-05,1.0,0.75,0.7941176470588235,0.5,D6_semi_day12_val_day13_14,binary_without_air,MLP source + target labels,0.0,23
130,4.150980203121435e-06,0.0,4.150980203121435e-06,1.0,0.75,0.7941176470588235,0.5,D6_semi_day12_val_day13_14,binary_without_air,MLP source + target labels,0.0,23
135,1.0885819392569829e-05,0.0,1.0885819392569829e-05,1.0,0.75,0.7941176470588235,0.5,D6_semi_day12_val_day13_14,binary_without_air,MLP source + target labels,0.0,23
140,3.93292611988727e-05,0.0,3.93292611988727e-05,1.0,0.75,0.7941176470588235,0.5,D6_semi_day12_val_day13_14,binary_without_air,MLP source + target labels,0.0,23
145,8.765916390984785e-06,0.0,8.765916390984785e-06,1.0,0.75,0.7941176470588235,0.5,D6_semi_day12_val_day13_14,binary_without_air,MLP source + target labels,0.0,23
150,3.977009328082204e-05,0.0,3.977009328082204e-05,1.0,0.75,0.7941176470588235,0.5,D6_semi_day12_val_day13_14,binary_without_air,MLP source + target labels,0.0,23
155,1.2733495168504305e-05,0.0,1.2733495168504305e-05,1.0,0.75,0.7941176470588235,0.5,D6_semi_day12_val_day13_14,binary_without_air,MLP source + target labels,0.0,23
160,5.391586819314398e-05,0.0,5.391586819314398e-05,1.0,0.75,0.7941176470588235,0.5,D6_semi_day12_val_day13_14,binary_without_air,MLP source + target labels,0.0,23
165,9.459867214900441e-06,0.0,9.459867214900441e-06,1.0,0.75,0.7941176470588235,0.5,D6_semi_day12_val_day13_14,binary_without_air,MLP source + target labels,0.0,23
170,6.361109990393743e-05,0.0,6.361109990393743e-05,1.0,0.75,0.7941176470588235,0.5,D6_semi_day12_val_day13_14,binary_without_air,MLP source + target labels,0.0,23
175,4.4198935938766226e-05,0.0,4.4198935938766226e-05,1.0,0.75,0.7941176470588235,0.5,D6_semi_day12_val_day13_14,binary_without_air,MLP source + target labels,0.0,23
180,0.00010830654355231673,0.0,0.00010830654355231673,1.0,0.75,0.7941176470588235,0.5,D6_semi_day12_val_day13_14,binary_without_air,MLP source + target labels,0.0,23
185,9.922252502292395e-05,0.0,9.922252502292395e-05,1.0,0.75,0.8529411764705882,0.5,D6_semi_day12_val_day13_14,binary_without_air,MLP source + target labels,0.0,23
190,2.6152556529268622e-05,0.0,2.6152556529268622e-05,1.0,0.75,0.9117647058823529,0.5,D6_semi_day12_val_day13_14,binary_without_air,MLP source + target labels,0.0,23
195,1.0634802492859308e-05,0.0,1.0634802492859308e-05,1.0,0.75,0.9117647058823529,0.5,D6_semi_day12_val_day13_14,binary_without_air,MLP source + target labels,0.0,23
200,2.3641985535505228e-05,0.0,2.3641985535505228e-05,1.0,0.75,0.9117647058823529,0.5,D6_semi_day12_val_day13_14,binary_without_air,MLP source + target labels,0.0,23
205,8.484938007313758e-06,0.0,8.484938007313758e-06,1.0,0.75,0.9117647058823529,0.5,D6_semi_day12_val_day13_14,binary_without_air,MLP source + target labels,0.0,23
210,7.927259503048845e-06,0.0,7.927259503048845e-06,1.0,0.75,0.9117647058823529,0.5,D6_semi_day12_val_day13_14,binary_without_air,MLP source + target labels,0.0,23
215,5.291960405884311e-06,0.0,5.291960405884311e-06,1.0,0.75,0.9117647058823529,0.5,D6_semi_day12_val_day13_14,binary_without_air,MLP source + target labels,0.0,23
220,9.953704648069106e-06,0.0,9.953704648069106e-06,1.0,0.75,0.9117647058823529,0.5,D6_semi_day12_val_day13_14,binary_without_air,MLP source + target labels,0.0,23
225,6.096333163441159e-05,0.0,6.096333163441159e-05,1.0,0.75,0.9117647058823529,0.5,D6_semi_day12_val_day13_14,binary_without_air,MLP source + target labels,0.0,23
230,3.322035263408907e-05,0.0,3.322035263408907e-05,1.0,0.75,0.9117647058823529,0.5,D6_semi_day12_val_day13_14,binary_without_air,MLP source + target labels,0.0,23
235,4.531234662863426e-05,0.0,4.531234662863426e-05,1.0,0.75,0.9117647058823529,0.5,D6_semi_day12_val_day13_14,binary_without_air,MLP source + target labels,0.0,23
240,0.0001784278138075024,0.0,0.0001784278138075024,1.0,0.75,0.9117647058823529,0.5,D6_semi_day12_val_day13_14,binary_without_air,MLP source + target labels,0.0,23
245,2.957797005365137e-05,0.0,2.957797005365137e-05,1.0,0.75,0.9117647058823529,0.5,D6_semi_day12_val_day13_14,binary_without_air,MLP source + target labels,0.0,23
250,9.928150575433392e-06,0.0,9.928150575433392e-06,1.0,0.75,0.9117647058823529,0.5,D6_semi_day12_val_day13_14,binary_without_air,MLP source + target labels,0.0,23
255,6.541058246511966e-05,0.0,6.541058246511966e-05,1.0,0.75,0.9117647058823529,0.5,D6_semi_day12_val_day13_14,binary_without_air,MLP source + target labels,0.0,23
260,7.651782652828842e-05,0.0,7.651782652828842e-05,1.0,0.75,0.9117647058823529,0.5,D6_semi_day12_val_day13_14,binary_without_air,MLP source + target labels,0.0,23
265,4.914903547614813e-05,0.0,4.914903547614813e-05,1.0,0.75,0.9117647058823529,0.5,D6_semi_day12_val_day13_14,binary_without_air,MLP source + target labels,0.0,23
270,1.5756144421175122e-05,0.0,1.5756144421175122e-05,1.0,0.75,0.9117647058823529,0.5,D6_semi_day12_val_day13_14,binary_without_air,MLP source + target labels,0.0,23
275,2.325716195628047e-05,0.0,2.325716195628047e-05,1.0,0.75,0.9117647058823529,0.5,D6_semi_day12_val_day13_14,binary_without_air,MLP source + target labels,0.0,23
280,6.765935540897772e-05,0.0,6.765935540897772e-05,1.0,0.6666666666666666,0.9117647058823529,0.5,D6_semi_day12_val_day13_14,binary_without_air,MLP source + target labels,0.0,23
285,0.0013521427754312754,0.0,0.0013521427754312754,1.0,0.75,0.9117647058823529,0.5,D6_semi_day12_val_day13_14,binary_without_air,MLP source + target labels,0.0,23
290,0.0023291450925171375,0.0,0.0023291450925171375,1.0,0.9166666666666666,0.9117647058823529,0.5714285714285714,D6_semi_day12_val_day13_14,binary_without_air,MLP source + target labels,0.0,23
295,0.00044548287405632436,0.0,0.00044548287405632436,1.0,0.8333333333333334,0.9117647058823529,0.5,D6_semi_day12_val_day13_14,binary_without_air,MLP source + target labels,0.0,23
300,0.00023289446835406125,0.0,0.00023289446835406125,1.0,0.8333333333333334,0.9117647058823529,0.5,D6_semi_day12_val_day13_14,binary_without_air,MLP source + target labels,0.0,23
305,9.473038517171517e-05,0.0,9.473038517171517e-05,1.0,0.8333333333333334,0.9117647058823529,0.5,D6_semi_day12_val_day13_14,binary_without_air,MLP source + target labels,0.0,23
310,0.00014536075468640774,0.0,0.00014536075468640774,1.0,0.8333333333333334,0.9117647058823529,0.5,D6_semi_day12_val_day13_14,binary_without_air,MLP source + target labels,0.0,23
315,0.00045033422065898776,0.0,0.00045033422065898776,1.0,0.8333333333333334,0.9117647058823529,0.5,D6_semi_day12_val_day13_14,binary_without_air,MLP source + target labels,0.0,23
320,3.546810694388114e-05,0.0,3.546810694388114e-05,1.0,0.8333333333333334,0.9117647058823529,0.5,D6_semi_day12_val_day13_14,binary_without_air,MLP source + target labels,0.0,23
325,3.330487379571423e-05,0.0,3.330487379571423e-05,1.0,0.8333333333333334,0.9117647058823529,0.5,D6_semi_day12_val_day13_14,binary_without_air,MLP source + target labels,0.0,23
330,1.401895315211732e-05,0.0,1.401895315211732e-05,1.0,0.8333333333333334,0.9117647058823529,0.5,D6_semi_day12_val_day13_14,binary_without_air,MLP source + target labels,0.0,23
335,1.5777404769323766e-05,0.0,1.5777404769323766e-05,1.0,0.8333333333333334,0.9117647058823529,0.5,D6_semi_day12_val_day13_14,binary_without_air,MLP source + target labels,0.0,23
340,1.9292110664537176e-05,0.0,1.9292110664537176e-05,1.0,0.8333333333333334,0.9117647058823529,0.5,D6_semi_day12_val_day13_14,binary_without_air,MLP source + target labels,0.0,23
345,1.601931217010133e-05,0.0,1.601931217010133e-05,1.0,0.8333333333333334,0.9117647058823529,0.5,D6_semi_day12_val_day13_14,binary_without_air,MLP source + target labels,0.0,23
350,2.3038333893055096e-05,0.0,2.3038333893055096e-05,1.0,0.8333333333333334,0.9117647058823529,0.5,D6_semi_day12_val_day13_14,binary_without_air,MLP source + target labels,0.0,23
355,1.257158237422118e-05,0.0,1.257158237422118e-05,1.0,0.8333333333333334,0.9117647058823529,0.5,D6_semi_day12_val_day13_14,binary_without_air,MLP source + target labels,0.0,23
360,6.1902455854578875e-06,0.0,6.1902455854578875e-06,1.0,0.8333333333333334,0.9117647058823529,0.5,D6_semi_day12_val_day13_14,binary_without_air,MLP source + target labels,0.0,23
365,0.00010353446850785986,0.0,0.00010353446850785986,1.0,0.8333333333333334,0.9117647058823529,0.5,D6_semi_day12_val_day13_14,binary_without_air,MLP source + target labels,0.0,23
370,0.001865504658780992,0.0,0.001865504658780992,1.0,0.8333333333333334,0.9117647058823529,0.5,D6_semi_day12_val_day13_14,binary_without_air,MLP source + target labels,0.0,23
375,4.3392970837885514e-05,0.0,4.3392970837885514e-05,1.0,0.75,0.9117647058823529,0.5,D6_semi_day12_val_day13_14,binary_without_air,MLP source + target labels,0.0,23
380,1.4440628547163215e-05,0.0,1.4440628547163215e-05,1.0,0.75,0.7941176470588235,0.5,D6_semi_day12_val_day13_14,binary_without_air,MLP source + target labels,0.0,23
385,6.711866444675252e-05,0.0,6.711866444675252e-05,1.0,0.6666666666666666,0.7941176470588235,0.5,D6_semi_day12_val_day13_14,binary_without_air,MLP source + target labels,0.0,23
390,8.565409370930865e-05,0.0,8.565409370930865e-05,1.0,0.6666666666666666,0.7647058823529411,0.5,D6_semi_day12_val_day13_14,binary_without_air,MLP source + target labels,0.0,23
395,4.290262586437166e-05,0.0,4.290262586437166e-05,1.0,0.6666666666666666,0.7647058823529411,0.5,D6_semi_day12_val_day13_14,binary_without_air,MLP source + target labels,0.0,23
400,9.749182027007919e-06,0.0,9.749182027007919e-06,1.0,0.6666666666666666,0.7647058823529411,0.5,D6_semi_day12_val_day13_14,binary_without_air,MLP source + target labels,0.0,23
1,0.6964536905288696,0.6654707193374634,1.361924409866333,0.6785714285714286,0.5,0.5,0.8571428571428571,D6_semi_day12_val_day13_14,binary_without_air,DANN-semi,0.05,7
5,0.43024614453315735,0.51825350522995,0.9484996795654297,0.8214285714285714,0.4166666666666667,0.5294117647058824,0.8571428571428571,D6_semi_day12_val_day13_14,binary_without_air,DANN-semi,0.05,7
10,0.22279857099056244,0.34658074378967285,0.5693793296813965,0.9642857142857143,0.5,0.5882352941176471,0.8571428571428571,D6_semi_day12_val_day13_14,binary_without_air,DANN-semi,0.05,7
15,0.06326689571142197,0.4116067588329315,0.4748736619949341,1.0,0.6666666666666666,0.5882352941176471,0.8571428571428571,D6_semi_day12_val_day13_14,binary_without_air,DANN-semi,0.05,7
20,0.018171751871705055,0.40182918310165405,0.42000094056129456,1.0,0.8333333333333334,0.7058823529411765,0.8571428571428571,D6_semi_day12_val_day13_14,binary_without_air,DANN-semi,0.05,7
25,0.0012626232346519828,0.36279574036598206,0.36405837535858154,1.0,0.8333333333333334,0.7352941176470589,0.8571428571428571,D6_semi_day12_val_day13_14,binary_without_air,DANN-semi,0.05,7
30,0.00027775103808380663,0.3783780038356781,0.3786557614803314,1.0,0.8333333333333334,0.7941176470588235,0.8571428571428571,D6_semi_day12_val_day13_14,binary_without_air,DANN-semi,0.05,7
35,0.00015360326506197453,0.3758554458618164,0.3760090470314026,1.0,0.8333333333333334,0.8235294117647058,0.8571428571428571,D6_semi_day12_val_day13_14,binary_without_air,DANN-semi,0.05,7
40,2.087310167553369e-05,0.3717547357082367,0.3717755973339081,1.0,0.8333333333333334,0.7941176470588235,0.8571428571428571,D6_semi_day12_val_day13_14,binary_without_air,DANN-semi,0.05,7
45,0.00013415838475339115,0.3686695098876953,0.3688036799430847,1.0,0.8333333333333334,0.7941176470588235,0.8571428571428571,D6_semi_day12_val_day13_14,binary_without_air,DANN-semi,0.05,7
50,3.933084008167498e-05,0.3609108030796051,0.36095014214515686,1.0,0.8333333333333334,0.7941176470588235,0.8214285714285714,D6_semi_day12_val_day13_14,binary_without_air,DANN-semi,0.05,7
55,5.133065133122727e-05,0.3837822377681732,0.38383355736732483,1.0,0.8333333333333334,0.8529411764705882,0.75,D6_semi_day12_val_day13_14,binary_without_air,DANN-semi,0.05,7
60,6.522399780806154e-05,0.39883342385292053,0.3988986611366272,1.0,0.8333333333333334,0.8529411764705882,0.75,D6_semi_day12_val_day13_14,binary_without_air,DANN-semi,0.05,7
65,0.00024111529637593776,0.4425859749317169,0.4428270757198334,1.0,0.8333333333333334,0.8529411764705882,0.75,D6_semi_day12_val_day13_14,binary_without_air,DANN-semi,0.05,7
70,0.0005403450923040509,0.4411986470222473,0.4417389929294586,1.0,0.8333333333333334,0.9117647058823529,0.75,D6_semi_day12_val_day13_14,binary_without_air,DANN-semi,0.05,7
75,0.003726168302819133,0.4306471645832062,0.43437331914901733,1.0,0.8333333333333334,0.8823529411764706,0.8571428571428571,D6_semi_day12_val_day13_14,binary_without_air,DANN-semi,0.05,7
80,5.848245564266108e-05,0.4217396676540375,0.42179813981056213,1.0,0.8333333333333334,0.9117647058823529,0.8571428571428571,D6_semi_day12_val_day13_14,binary_without_air,DANN-semi,0.05,7
85,8.552342478651553e-05,0.43309134244918823,0.4331768751144409,1.0,0.8333333333333334,0.9411764705882353,0.8571428571428571,D6_semi_day12_val_day13_14,binary_without_air,DANN-semi,0.05,7
90,1.8748001821222715e-05,0.41362953186035156,0.4136482775211334,1.0,0.8333333333333334,0.9411764705882353,0.8571428571428571,D6_semi_day12_val_day13_14,binary_without_air,DANN-semi,0.05,7
95,1.587064252817072e-05,0.3717191219329834,0.37173500657081604,1.0,0.8333333333333334,0.9411764705882353,0.8928571428571429,D6_semi_day12_val_day13_14,binary_without_air,DANN-semi,0.05,7
100,3.789100446738303e-05,0.35123372077941895,0.3512715995311737,1.0,0.8333333333333334,0.9411764705882353,0.8928571428571429,D6_semi_day12_val_day13_14,binary_without_air,DANN-semi,0.05,7
105,5.019352465751581e-05,0.36884111166000366,0.36889129877090454,1.0,0.8333333333333334,0.9705882352941176,0.8928571428571429,D6_semi_day12_val_day13_14,binary_without_air,DANN-semi,0.05,7
110,0.00013327966735232621,0.39838656783103943,0.3985198438167572,1.0,0.8333333333333334,0.9705882352941176,0.8571428571428571,D6_semi_day12_val_day13_14,binary_without_air,DANN-semi,0.05,7
115,0.00037444429472088814,0.44051888585090637,0.4408933222293854,1.0,0.8333333333333334,0.9705882352941176,0.8571428571428571,D6_semi_day12_val_day13_14,binary_without_air,DANN-semi,0.05,7
120,0.00011593720410019159,0.4733845889568329,0.473500519990921,1.0,0.8333333333333334,0.9705882352941176,0.8571428571428571,D6_semi_day12_val_day13_14,binary_without_air,DANN-semi,0.05,7
125,0.00035946405841968954,0.47251325845718384,0.4728727340698242,1.0,0.8333333333333334,0.9411764705882353,0.8571428571428571,D6_semi_day12_val_day13_14,binary_without_air,DANN-semi,0.05,7
130,0.00017279331223107874,0.7614511847496033,0.7616239786148071,1.0,0.8333333333333334,0.9705882352941176,0.8571428571428571,D6_semi_day12_val_day13_14,binary_without_air,DANN-semi,0.05,7
135,0.0001303878816543147,0.7850618958473206,0.7851923108100891,1.0,0.8333333333333334,0.9705882352941176,0.8571428571428571,D6_semi_day12_val_day13_14,binary_without_air,DANN-semi,0.05,7
140,0.001637267880141735,0.5128394961357117,0.5144767761230469,1.0,0.9166666666666666,0.9705882352941176,0.8571428571428571,D6_semi_day12_val_day13_14,binary_without_air,DANN-semi,0.05,7
145,9.881167898129206e-06,0.3731679320335388,0.37317782640457153,1.0,0.9166666666666666,0.9705882352941176,0.8214285714285714,D6_semi_day12_val_day13_14,binary_without_air,DANN-semi,0.05,7
150,5.74313480683486e-06,0.3871510922908783,0.3871568441390991,1.0,0.9166666666666666,0.9705882352941176,0.8214285714285714,D6_semi_day12_val_day13_14,binary_without_air,DANN-semi,0.05,7
155,5.0475606258260086e-05,0.4380727708339691,0.43812325596809387,1.0,0.9166666666666666,0.9705882352941176,0.7857142857142857,D6_semi_day12_val_day13_14,binary_without_air,DANN-semi,0.05,7
160,0.007755385246127844,0.39607125520706177,0.40382665395736694,1.0,0.9166666666666666,0.9705882352941176,0.8214285714285714,D6_semi_day12_val_day13_14,binary_without_air,DANN-semi,0.05,7
165,1.6135757050506072e-06,0.34875795245170593,0.34875956177711487,1.0,0.9166666666666666,0.9117647058823529,0.8928571428571429,D6_semi_day12_val_day13_14,binary_without_air,DANN-semi,0.05,7
170,1.2175894880783744e-05,0.3262436091899872,0.32625579833984375,1.0,0.9166666666666666,0.9117647058823529,0.8928571428571429,D6_semi_day12_val_day13_14,binary_without_air,DANN-semi,0.05,7
175,0.0007259858539327979,0.32806137204170227,0.32878735661506653,1.0,0.9166666666666666,0.8823529411764706,0.8928571428571429,D6_semi_day12_val_day13_14,binary_without_air,DANN-semi,0.05,7
180,0.00016806570056360215,0.3512657582759857,0.35143381357192993,1.0,0.9166666666666666,0.9411764705882353,0.8928571428571429,D6_semi_day12_val_day13_14,binary_without_air,DANN-semi,0.05,7
185,5.253600193100283e-06,0.3850802779197693,0.3850855231285095,1.0,0.9166666666666666,0.9117647058823529,0.8928571428571429,D6_semi_day12_val_day13_14,binary_without_air,DANN-semi,0.05,7
190,0.00029498146614059806,0.3701266348361969,0.3704216182231903,1.0,0.8333333333333334,0.9117647058823529,0.8928571428571429,D6_semi_day12_val_day13_14,binary_without_air,DANN-semi,0.05,7
195,0.00022806855849921703,0.34828945994377136,0.3485175371170044,1.0,0.9166666666666666,0.9411764705882353,0.8928571428571429,D6_semi_day12_val_day13_14,binary_without_air,DANN-semi,0.05,7
200,0.0027745843399316072,0.3308562636375427,0.33363085985183716,1.0,0.75,0.9411764705882353,0.8571428571428571,D6_semi_day12_val_day13_14,binary_without_air,DANN-semi,0.05,7
205,0.005063396878540516,0.32063189148902893,0.325695276260376,1.0,0.75,0.9117647058823529,0.8571428571428571,D6_semi_day12_val_day13_14,binary_without_air,DANN-semi,0.05,7
210,0.0021263102535158396,0.33119601011276245,0.33332231640815735,1.0,0.75,0.9117647058823529,0.8571428571428571,D6_semi_day12_val_day13_14,binary_without_air,DANN-semi,0.05,7
215,0.000842041801661253,0.3130808472633362,0.3139228820800781,1.0,0.75,0.8529411764705882,0.8928571428571429,D6_semi_day12_val_day13_14,binary_without_air,DANN-semi,0.05,7
220,1.5411854974445305e-06,0.27182573080062866,0.2718272805213928,1.0,0.9166666666666666,0.8529411764705882,0.8571428571428571,D6_semi_day12_val_day13_14,binary_without_air,DANN-semi,0.05,7
225,0.0002506322634872049,0.30423906445503235,0.30448970198631287,1.0,0.9166666666666666,0.9117647058823529,0.8928571428571429,D6_semi_day12_val_day13_14,binary_without_air,DANN-semi,0.05,7
230,2.6438560780661646e-06,0.26917535066604614,0.26917800307273865,1.0,0.9166666666666666,0.9117647058823529,0.8928571428571429,D6_semi_day12_val_day13_14,binary_without_air,DANN-semi,0.05,7
235,0.003014335874468088,0.2741800844669342,0.27719441056251526,1.0,0.9166666666666666,0.9117647058823529,0.8571428571428571,D6_semi_day12_val_day13_14,binary_without_air,DANN-semi,0.05,7
240,9.26347820495721e-06,0.30446138978004456,0.30447065830230713,1.0,0.9166666666666666,0.9117647058823529,0.8928571428571429,D6_semi_day12_val_day13_14,binary_without_air,DANN-semi,0.05,7
245,1.387922566209454e-06,0.2980930805206299,0.2980944812297821,1.0,0.9166666666666666,0.9117647058823529,0.8928571428571429,D6_semi_day12_val_day13_14,binary_without_air,DANN-semi,0.05,7
250,7.46242149034515e-05,0.2901271879673004,0.2902018129825592,1.0,0.9166666666666666,0.9117647058823529,0.8214285714285714,D6_semi_day12_val_day13_14,binary_without_air,DANN-semi,0.05,7
255,1.336825903308636e-06,0.339806467294693,0.33980780839920044,1.0,0.9166666666666666,0.9117647058823529,0.8928571428571429,D6_semi_day12_val_day13_14,binary_without_air,DANN-semi,0.05,7
260,5.960462701182223e-08,0.3400867283344269,0.34008678793907166,1.0,0.9166666666666666,0.9117647058823529,0.8571428571428571,D6_semi_day12_val_day13_14,binary_without_air,DANN-semi,0.05,7
265,2.682204467419069e-07,0.3454431891441345,0.345443457365036,1.0,0.9166666666666666,0.9117647058823529,0.8571428571428571,D6_semi_day12_val_day13_14,binary_without_air,DANN-semi,0.05,7
270,1.0345572718506446e-06,0.3624511659145355,0.3624522089958191,1.0,0.9166666666666666,0.9117647058823529,0.8571428571428571,D6_semi_day12_val_day13_14,binary_without_air,DANN-semi,0.05,7
275,4.044590298235562e-07,0.39478999376296997,0.3947904109954834,1.0,0.9166666666666666,0.9117647058823529,0.8571428571428571,D6_semi_day12_val_day13_14,binary_without_air,DANN-semi,0.05,7
280,1.2389126595735434e-06,0.37904712557792664,0.3790483772754669,1.0,0.9166666666666666,0.9117647058823529,0.8571428571428571,D6_semi_day12_val_day13_14,binary_without_air,DANN-semi,0.05,7
285,4.742633336718427e-06,0.4877539277076721,0.48775866627693176,1.0,0.9166666666666666,0.9117647058823529,0.8571428571428571,D6_semi_day12_val_day13_14,binary_without_air,DANN-semi,0.05,7
290,8.17431725863571e-07,0.4705394208431244,0.47054022550582886,1.0,0.9166666666666666,0.9117647058823529,0.8571428571428571,D6_semi_day12_val_day13_14,binary_without_air,DANN-semi,0.05,7
295,1.506491480540717e-05,0.41065049171447754,0.4106655418872833,1.0,0.9166666666666666,0.9117647058823529,0.8571428571428571,D6_semi_day12_val_day13_14,binary_without_air,DANN-semi,0.05,7
300,5.917868861615716e-07,0.3829912543296814,0.38299185037612915,1.0,0.9166666666666666,0.9117647058823529,0.8571428571428571,D6_semi_day12_val_day13_14,binary_without_air,DANN-semi,0.05,7
305,6.579040928045288e-05,0.3888048827648163,0.3888706862926483,1.0,0.9166666666666666,0.9117647058823529,0.8571428571428571,D6_semi_day12_val_day13_14,binary_without_air,DANN-semi,0.05,7
310,1.5028756479296135e-06,0.40378379821777344,0.4037852883338928,1.0,0.9166666666666666,0.9117647058823529,0.8571428571428571,D6_semi_day12_val_day13_14,binary_without_air,DANN-semi,0.05,7
315,4.0916675061453134e-05,0.4021187126636505,0.4021596312522888,1.0,0.9166666666666666,0.9117647058823529,0.8571428571428571,D6_semi_day12_val_day13_14,binary_without_air,DANN-semi,0.05,7
320,1.0941646451101406e-06,0.39328262209892273,0.3932837247848511,1.0,0.9166666666666666,0.9117647058823529,0.8571428571428571,D6_semi_day12_val_day13_14,binary_without_air,DANN-semi,0.05,7
325,1.3538649454858387e-06,0.400482714176178,0.4004840552806854,1.0,0.9166666666666666,0.9117647058823529,0.8571428571428571,D6_semi_day12_val_day13_14,binary_without_air,DANN-semi,0.05,7
330,1.4685540008940734e-05,0.3960004150867462,0.39601510763168335,1.0,0.9166666666666666,0.9117647058823529,0.8571428571428571,D6_semi_day12_val_day13_14,binary_without_air,DANN-semi,0.05,7
335,7.364527846220881e-05,0.40281400084495544,0.40288764238357544,1.0,0.9166666666666666,0.9117647058823529,0.8571428571428571,D6_semi_day12_val_day13_14,binary_without_air,DANN-semi,0.05,7
340,4.159385298407869e-06,0.40374165773391724,0.4037458300590515,1.0,0.9166666666666666,0.9117647058823529,0.8571428571428571,D6_semi_day12_val_day13_14,binary_without_air,DANN-semi,0.05,7
345,4.2700398807937745e-06,0.4037816524505615,0.40378591418266296,1.0,0.9166666666666666,0.9117647058823529,0.8571428571428571,D6_semi_day12_val_day13_14,binary_without_air,DANN-semi,0.05,7
350,8.046585548981966e-07,0.40002354979515076,0.4000243544578552,1.0,0.9166666666666666,0.9117647058823529,0.8571428571428571,D6_semi_day12_val_day13_14,binary_without_air,DANN-semi,0.05,7
355,6.428770689126395e-07,0.40707144141197205,0.4070720970630646,1.0,0.9166666666666666,0.9117647058823529,0.8571428571428571,D6_semi_day12_val_day13_14,binary_without_air,DANN-semi,0.05,7
360,1.6348578810720937e-06,0.40466776490211487,0.4046694040298462,1.0,0.9166666666666666,0.9117647058823529,0.8571428571428571,D6_semi_day12_val_day13_14,binary_without_air,DANN-semi,0.05,7
365,3.9168662624433637e-07,0.40033403038978577,0.4003344178199768,1.0,0.9166666666666666,0.9117647058823529,0.8571428571428571,D6_semi_day12_val_day13_14,binary_without_air,DANN-semi,0.05,7
370,4.576508672471391e-06,0.4091472625732422,0.4091518521308899,1.0,0.9166666666666666,0.9117647058823529,0.8571428571428571,D6_semi_day12_val_day13_14,binary_without_air,DANN-semi,0.05,7
375,4.0445925719723164e-07,0.4033069312572479,0.40330734848976135,1.0,0.9166666666666666,0.9117647058823529,0.8571428571428571,D6_semi_day12_val_day13_14,binary_without_air,DANN-semi,0.05,7
380,6.428751362363982e-07,0.40448352694511414,0.40448418259620667,1.0,0.9166666666666666,0.9117647058823529,0.8571428571428571,D6_semi_day12_val_day13_14,binary_without_air,DANN-semi,0.05,7
385,2.511838829377666e-06,0.40926575660705566,0.40926826000213623,1.0,0.9166666666666666,0.9117647058823529,0.8571428571428571,D6_semi_day12_val_day13_14,binary_without_air,DANN-semi,0.05,7
390,1.8307127902517095e-07,0.4090133011341095,0.4090134799480438,1.0,0.9166666666666666,0.9117647058823529,0.8571428571428571,D6_semi_day12_val_day13_14,binary_without_air,DANN-semi,0.05,7
395,7.10996118868934e-07,0.40805748105049133,0.40805819630622864,1.0,0.9166666666666666,0.9117647058823529,0.8571428571428571,D6_semi_day12_val_day13_14,binary_without_air,DANN-semi,0.05,7
400,1.7881383485018887e-07,0.4079959988594055,0.40799617767333984,1.0,0.9166666666666666,0.9117647058823529,0.8571428571428571,D6_semi_day12_val_day13_14,binary_without_air,DANN-semi,0.05,7
