split,task,partition,target_file,label,period,day,day_num,day_label,batch,sample_id
S1_train_I_test_all,three_class_with_air,train,acetone\acetone_o1.csv,acetone,Period_I,Day 1 afternoon,1,Period I Day 1 afternoon,source,acetone_o1
S1_train_I_test_all,three_class_with_air,train,acetone\acetone_o2.csv,acetone,Period_I,Day 1 afternoon,1,Period I Day 1 afternoon,source,acetone_o2
S1_train_I_test_all,three_class_with_air,train,acetone\acetone_o3.csv,acetone,Period_I,Day 1 afternoon,1,Period I Day 1 afternoon,source,acetone_o3
S1_train_I_test_all,three_class_with_air,train,acetone\acetone_o4.csv,acetone,Period_I,Day 2 noon,2,Period I Day 2 noon,source,acetone_o4
S1_train_I_test_all,three_class_with_air,train,acetone\acetone_o5.csv,acetone,Period_I,Day 2 noon,2,Period I Day 2 noon,source,acetone_o5
S1_train_I_test_all,three_class_with_air,train,acetone\acetone_o6.csv,acetone,Period_I,Day 2 noon,2,Period I Day 2 noon,source,acetone_o6
S1_train_I_test_all,three_class_with_air,train,acetone\acetone_o7.csv,acetone,Period_I,Day 2 afternoon,2,Period I Day 2 afternoon,source,acetone_o7
S1_train_I_test_all,three_class_with_air,train,acetone\acetone_o8.csv,acetone,Period_I,Day 2 afternoon,2,Period I Day 2 afternoon,source,acetone_o8
S1_train_I_test_all,three_class_with_air,train,acetone\acetone_o9.csv,acetone,Period_I,Day 2 afternoon,2,Period I Day 2 afternoon,source,acetone_o9
S1_train_I_test_all,three_class_with_air,train,acetone\acetone_o10.csv,acetone,Period_I,Day 3 noon,3,Period I Day 3 noon,source,acetone_o10
S1_train_I_test_all,three_class_with_air,train,acetone\acetone_o11.csv,acetone,Period_I,Day 3 noon,3,Period I Day 3 noon,source,acetone_o11
S1_train_I_test_all,three_class_with_air,train,acetone\acetone_o12.csv,acetone,Period_I,Day 3 noon,3,Period I Day 3 noon,source,acetone_o12
S1_train_I_test_all,three_class_with_air,train,air\baseline_1.csv,air,Period_I,baseline,0,Period I baseline,source,baseline_1
S1_train_I_test_all,three_class_with_air,train,air\baseline_3.csv,air,Period_I,baseline,0,Period I baseline,source,baseline_3
S1_train_I_test_all,three_class_with_air,train,air\baseline_4.csv,air,Period_I,baseline,0,Period I baseline,source,baseline_4
S1_train_I_test_all,three_class_with_air,train,air\baseline_5.csv,air,Period_I,baseline,0,Period I baseline,source,baseline_5
S1_train_I_test_all,three_class_with_air,train,air\baseline_6.csv,air,Period_I,baseline,0,Period I baseline,source,baseline_6
S1_train_I_test_all,three_class_with_air,train,air\baseline_7.csv,air,Period_I,baseline,0,Period I baseline,source,baseline_7
S1_train_I_test_all,three_class_with_air,train,alcohol\alcohol_o1.csv,alcohol,Period_I,Day 1 afternoon,1,Period I Day 1 afternoon,source,alcohol_o1
S1_train_I_test_all,three_class_with_air,train,alcohol\alcohol_o2.csv,alcohol,Period_I,Day 1 afternoon,1,Period I Day 1 afternoon,source,alcohol_o2
S1_train_I_test_all,three_class_with_air,train,alcohol\alcohol_o3.csv,alcohol,Period_I,Day 1 afternoon,1,Period I Day 1 afternoon,source,alcohol_o3
S1_train_I_test_all,three_class_with_air,train,alcohol\alcohol_o4.csv,alcohol,Period_I,Day 2 noon,2,Period I Day 2 noon,source,alcohol_o4
S1_train_I_test_all,three_class_with_air,train,alcohol\alcohol_o5.csv,alcohol,Period_I,Day 2 noon,2,Period I Day 2 noon,source,alcohol_o5
S1_train_I_test_all,three_class_with_air,train,alcohol\alcohol_o6.csv,alcohol,Period_I,Day 2 noon,2,Period I Day 2 noon,source,alcohol_o6
S1_train_I_test_all,three_class_with_air,train,alcohol\alcohol_o7.csv,alcohol,Period_I,Day 2 afternoon,2,Period I Day 2 afternoon,source,alcohol_o7
S1_train_I_test_all,three_class_with_air,train,alcohol\alcohol_o8.csv,alcohol,Period_I,Day 2 afternoon,2,Period I Day 2 afternoon,source,alcohol_o8
S1_train_I_test_all,three_class_with_air,train,alcohol\alcohol_o9.csv,alcohol,Period_I,Day 2 afternoon,2,Period I Day 2 afternoon,source,alcohol_o9
S1_train_I_test_all,three_class_with_air,train,alcohol\alcohol_o10.csv,alcohol,Period_I,Day 3 noon,3,Period I Day 3 noon,source,alcohol_o10
S1_train_I_test_all,three_class_with_air,train,alcohol\alcohol_o11.csv,alcohol,Period_I,Day 3 noon,3,Period I Day 3 noon,source,alcohol_o11
S1_train_I_test_all,three_class_with_air,train,alcohol\alcohol_o12.csv,alcohol,Period_I,Day 3 noon,3,Period I Day 3 noon,source,alcohol_o12
S1_train_I_test_all,three_class_with_air,test,acetone\acetone_1.csv,acetone,Period_II,Day 1,1,Period II Day 1,batch1,acetone_1
S1_train_I_test_all,three_class_with_air,test,acetone\acetone_2.csv,acetone,Period_II,Day 1,1,Period II Day 1,batch1,acetone_2
S1_train_I_test_all,three_class_with_air,test,acetone\acetone_3.csv,acetone,Period_II,Day 1,1,Period II Day 1,batch1,acetone_3
S1_train_I_test_all,three_class_with_air,test,acetone\acetone_4.csv,acetone,Period_II,Day 1,1,Period II Day 1,batch1,acetone_4
S1_train_I_test_all,three_class_with_air,test,acetone\acetone_5.csv,acetone,Period_II,Day 1,1,Period II Day 1,batch1,acetone_5
S1_train_I_test_all,three_class_with_air,test,acetone\acetone_6.csv,acetone,Period_II,Day 2,2,Period II Day 2,batch1,acetone_6
S1_train_I_test_all,three_class_with_air,test,acetone\acetone_7.csv,acetone,Period_II,Day 2,2,Period II Day 2,batch1,acetone_7
S1_train_I_test_all,three_class_with_air,test,acetone\acetone_8.csv,acetone,Period_II,Day 2,2,Period II Day 2,batch1,acetone_8
S1_train_I_test_all,three_class_with_air,test,acetone\acetone_9.csv,acetone,Period_II,Day 2,2,Period II Day 2,batch1,acetone_9
S1_train_I_test_all,three_class_with_air,test,acetone\acetone_10.csv,acetone,Period_II,Day 2,2,Period II Day 2,batch1,acetone_10
S1_train_I_test_all,three_class_with_air,test,acetone\acetone_11.csv,acetone,Period_II,Day 3,3,Period II Day 3,batch2,acetone_11
S1_train_I_test_all,three_class_with_air,test,acetone\acetone_12.csv,acetone,Period_II,Day 3,3,Period II Day 3,batch2,acetone_12
S1_train_I_test_all,three_class_with_air,test,acetone\acetone_13.csv,acetone,Period_II,Day 3,3,Period II Day 3,batch2,acetone_13
S1_train_I_test_all,three_class_with_air,test,acetone\acetone_14.csv,acetone,Period_II,Day 3,3,Period II Day 3,batch2,acetone_14
S1_train_I_test_all,three_class_with_air,test,acetone\acetone_15.csv,acetone,Period_II,Day 3,3,Period II Day 3,batch2,acetone_15
S1_train_I_test_all,three_class_with_air,test,acetone\acetone_16.csv,acetone,Period_II,Day 4,4,Period II Day 4,batch2,acetone_16
S1_train_I_test_all,three_class_with_air,test,acetone\acetone_17.csv,acetone,Period_II,Day 4,4,Period II Day 4,batch2,acetone_17
S1_train_I_test_all,three_class_with_air,test,acetone\acetone_18.csv,acetone,Period_II,Day 4,4,Period II Day 4,batch2,acetone_18
S1_train_I_test_all,three_class_with_air,test,acetone\acetone_19.csv,acetone,Period_II,Day 4,4,Period II Day 4,batch2,acetone_19
S1_train_I_test_all,three_class_with_air,test,acetone\acetone_20.csv,acetone,Period_II,Day 4,4,Period II Day 4,batch2,acetone_20
S1_train_I_test_all,three_class_with_air,test,acetone\acetone_21.csv,acetone,Period_II,Day 5,5,Period II Day 5,batch2,acetone_21
S1_train_I_test_all,three_class_with_air,test,acetone\acetone_22.csv,acetone,Period_II,Day 5,5,Period II Day 5,batch2,acetone_22
S1_train_I_test_all,three_class_with_air,test,acetone\acetone_23.csv,acetone,Period_II,Day 5,5,Period II Day 5,batch2,acetone_23
S1_train_I_test_all,three_class_with_air,test,acetone\acetone_24.csv,acetone,Period_II,Day 5,5,Period II Day 5,batch2,acetone_24
S1_train_I_test_all,three_class_with_air,test,acetone\acetone_25.csv,acetone,Period_II,Day 5,5,Period II Day 5,batch2,acetone_25
S1_train_I_test_all,three_class_with_air,test,acetone\acetone_26.csv,acetone,Period_II,Day 6,6,Period II Day 6,batch2,acetone_26
S1_train_I_test_all,three_class_with_air,test,acetone\acetone_27.csv,acetone,Period_II,Day 6,6,Period II Day 6,batch2,acetone_27
S1_train_I_test_all,three_class_with_air,test,acetone\acetone_28.csv,acetone,Period_II,Day 6,6,Period II Day 6,batch2,acetone_28
S1_train_I_test_all,three_class_with_air,test,acetone\acetone_29.csv,acetone,Period_II,Day 6,6,Period II Day 6,batch2,acetone_29
S1_train_I_test_all,three_class_with_air,test,acetone\acetone_30.csv,acetone,Period_II,Day 6,6,Period II Day 6,batch2,acetone_30
S1_train_I_test_all,three_class_with_air,test,acetone\acetone_31.csv,acetone,Period_II,Day 6,6,Period II Day 6,batch2,acetone_31
S1_train_I_test_all,three_class_with_air,test,acetone\acetone_32.csv,acetone,Period_II,Day 6,6,Period II Day 6,batch2,acetone_32
S1_train_I_test_all,three_class_with_air,test,acetone\acetone_33.csv,acetone,Period_II,Day 7,7,Period II Day 7,batch2,acetone_33
S1_train_I_test_all,three_class_with_air,test,acetone\acetone_34.csv,acetone,Period_II,Day 7,7,Period II Day 7,batch2,acetone_34
S1_train_I_test_all,three_class_with_air,test,acetone\acetone_35.csv,acetone,Period_II,Day 7,7,Period II Day 7,batch2,acetone_35
S1_train_I_test_all,three_class_with_air,test,acetone\acetone_36.csv,acetone,Period_II,Day 8,8,Period II Day 8,batch2,acetone_36
S1_train_I_test_all,three_class_with_air,test,acetone\acetone_37.csv,acetone,Period_II,Day 8,8,Period II Day 8,batch2,acetone_37
S1_train_I_test_all,three_class_with_air,test,acetone\acetone_38.csv,acetone,Period_II,Day 8,8,Period II Day 8,batch2,acetone_38
S1_train_I_test_all,three_class_with_air,test,acetone\acetone_39.csv,acetone,Period_II,Day 9,9,Period II Day 9,batch2,acetone_39
S1_train_I_test_all,three_class_with_air,test,acetone\acetone_40.csv,acetone,Period_II,Day 9,9,Period II Day 9,batch2,acetone_40
S1_train_I_test_all,three_class_with_air,test,acetone\acetone_41.csv,acetone,Period_II,Day 9,9,Period II Day 9,batch2,acetone_41
S1_train_I_test_all,three_class_with_air,test,acetone\acetone_42.csv,acetone,Period_II,Day 9,9,Period II Day 9,batch2,acetone_42
S1_train_I_test_all,three_class_with_air,test,acetone\acetone_43.csv,acetone,Period_II,Day 9,9,Period II Day 9,batch2,acetone_43
S1_train_I_test_all,three_class_with_air,test,acetone\acetone_44.csv,acetone,Period_II,Day 10,10,Period II Day 10,batch3,acetone_44
S1_train_I_test_all,three_class_with_air,test,acetone\acetone_45.csv,acetone,Period_II,Day 10,10,Period II Day 10,batch3,acetone_45
S1_train_I_test_all,three_class_with_air,test,acetone\acetone_46.csv,acetone,Period_II,Day 10,10,Period II Day 10,batch3,acetone_46
S1_train_I_test_all,three_class_with_air,test,acetone\acetone_47.csv,acetone,Period_II,Day 10,10,Period II Day 10,batch3,acetone_47
S1_train_I_test_all,three_class_with_air,test,acetone\acetone_48.csv,acetone,Period_II,Day 11,11,Period II Day 11,batch3,acetone_48
S1_train_I_test_all,three_class_with_air,test,acetone\acetone_49.csv,acetone,Period_II,Day 11,11,Period II Day 11,batch3,acetone_49
S1_train_I_test_all,three_class_with_air,test,acetone\acetone_50.csv,acetone,Period_II,Day 11,11,Period II Day 11,batch3,acetone_50
S1_train_I_test_all,three_class_with_air,test,acetone\acetone_51.csv,acetone,Period_II,Day 11,11,Period II Day 11,batch3,acetone_51
S1_train_I_test_all,three_class_with_air,test,acetone\acetone_52.csv,acetone,Period_II,Day 12,12,Period II Day 12,batch3,acetone_52
S1_train_I_test_all,three_class_with_air,test,acetone\acetone_53.csv,acetone,Period_II,Day 12,12,Period II Day 12,batch3,acetone_53
S1_train_I_test_all,three_class_with_air,test,acetone\acetone_54.csv,acetone,Period_II,Day 12,12,Period II Day 12,batch3,acetone_54
S1_train_I_test_all,three_class_with_air,test,acetone\acetone_55.csv,acetone,Period_II,Day 12,12,Period II Day 12,batch3,acetone_55
S1_train_I_test_all,three_class_with_air,test,acetone\acetone_56.csv,acetone,Period_II,Day 13,13,Period II Day 13,batch3,acetone_56
S1_train_I_test_all,three_class_with_air,test,acetone\acetone_57.csv,acetone,Period_II,Day 13,13,Period II Day 13,batch3,acetone_57
S1_train_I_test_all,three_class_with_air,test,acetone\acetone_58.csv,acetone,Period_II,Day 14,14,Period II Day 14,batch3,acetone_58
S1_train_I_test_all,three_class_with_air,test,acetone\acetone_59.csv,acetone,Period_II,Day 14,14,Period II Day 14,batch3,acetone_59
S1_train_I_test_all,three_class_with_air,test,acetone\acetone_60.csv,acetone,Period_II,Day 14,14,Period II Day 14,batch3,acetone_60
S1_train_I_test_all,three_class_with_air,test,acetone\acetone_61.csv,acetone,Period_II,Day 15,15,Period II Day 15,batch3,acetone_61
S1_train_I_test_all,three_class_with_air,test,acetone\acetone_62.csv,acetone,Period_II,Day 15,15,Period II Day 15,batch3,acetone_62
S1_train_I_test_all,three_class_with_air,test,acetone\acetone_63.csv,acetone,Period_II,Day 15,15,Period II Day 15,batch3,acetone_63
S1_train_I_test_all,three_class_with_air,test,acetone\acetone_64.csv,acetone,Period_II,Day 17,17,Period II Day 17,batch3,acetone_64
S1_train_I_test_all,three_class_with_air,test,acetone\acetone_65.csv,acetone,Period_II,Day 17,17,Period II Day 17,batch3,acetone_65
S1_train_I_test_all,three_class_with_air,test,acetone\acetone_66.csv,acetone,Period_II,Day 17,17,Period II Day 17,batch3,acetone_66
S1_train_I_test_all,three_class_with_air,test,acetone\acetone_67.csv,acetone,Period_II,Day 17,17,Period II Day 17,batch3,acetone_67
S1_train_I_test_all,three_class_with_air,test,acetone\acetone_68.csv,acetone,Period_II,Day 17,17,Period II Day 17,batch3,acetone_68
S1_train_I_test_all,three_class_with_air,test,acetone\acetone_69.csv,acetone,Period_III,Day 18,18,Period III Day 18,batch4,acetone_69
S1_train_I_test_all,three_class_with_air,test,acetone\acetone_70.csv,acetone,Period_III,Day 18,18,Period III Day 18,batch4,acetone_70
S1_train_I_test_all,three_class_with_air,test,acetone\acetone_71.csv,acetone,Period_III,Day 18,18,Period III Day 18,batch4,acetone_71
S1_train_I_test_all,three_class_with_air,test,acetone\acetone_72.csv,acetone,Period_III,Day 18,18,Period III Day 18,batch4,acetone_72
S1_train_I_test_all,three_class_with_air,test,acetone\acetone_73.csv,acetone,Period_III,Day 18,18,Period III Day 18,batch4,acetone_73
S1_train_I_test_all,three_class_with_air,test,acetone\acetone_74.csv,acetone,Period_III,Day 19,19,Period III Day 19,batch4,acetone_74
S1_train_I_test_all,three_class_with_air,test,acetone\acetone_75.csv,acetone,Period_III,Day 19,19,Period III Day 19,batch4,acetone_75
S1_train_I_test_all,three_class_with_air,test,acetone\acetone_76.csv,acetone,Period_III,Day 19,19,Period III Day 19,batch4,acetone_76
S1_train_I_test_all,three_class_with_air,test,acetone\acetone_77.csv,acetone,Period_III,Day 20,20,Period III Day 20,batch4,acetone_77
S1_train_I_test_all,three_class_with_air,test,acetone\acetone_78.csv,acetone,Period_III,Day 20,20,Period III Day 20,batch4,acetone_78
S1_train_I_test_all,three_class_with_air,test,acetone\acetone_79.csv,acetone,Period_III,Day 20,20,Period III Day 20,batch4,acetone_79
S1_train_I_test_all,three_class_with_air,test,acetone\acetone_80.csv,acetone,Period_III,Day 20,20,Period III Day 20,batch4,acetone_80
S1_train_I_test_all,three_class_with_air,test,acetone\acetone_81.csv,acetone,Period_III,Day 21,21,Period III Day 21,batch4,acetone_81
S1_train_I_test_all,three_class_with_air,test,acetone\acetone_82.csv,acetone,Period_III,Day 21,21,Period III Day 21,batch4,acetone_82
S1_train_I_test_all,three_class_with_air,test,acetone\acetone_83.csv,acetone,Period_III,Day 21,21,Period III Day 21,batch4,acetone_83
S1_train_I_test_all,three_class_with_air,test,acetone\acetone_84.csv,acetone,Period_III,Day 21,21,Period III Day 21,batch4,acetone_84
S1_train_I_test_all,three_class_with_air,test,acetone\acetone_85.csv,acetone,Period_IV,Day 22,22,Period IV Day 22,batch5,acetone_85
S1_train_I_test_all,three_class_with_air,test,acetone\acetone_86.csv,acetone,Period_IV,Day 22,22,Period IV Day 22,batch5,acetone_86
S1_train_I_test_all,three_class_with_air,test,acetone\acetone_87.csv,acetone,Period_IV,Day 22,22,Period IV Day 22,batch5,acetone_87
S1_train_I_test_all,three_class_with_air,test,acetone\acetone_88.csv,acetone,Period_IV,Day 22,22,Period IV Day 22,batch5,acetone_88
S1_train_I_test_all,three_class_with_air,test,acetone\acetone_89.csv,acetone,Period_IV,Day 23,23,Period IV Day 23,batch5,acetone_89
S1_train_I_test_all,three_class_with_air,test,acetone\acetone_90.csv,acetone,Period_IV,Day 23,23,Period IV Day 23,batch5,acetone_90
S1_train_I_test_all,three_class_with_air,test,acetone\acetone_91.csv,acetone,Period_IV,Day 23,23,Period IV Day 23,batch5,acetone_91
S1_train_I_test_all,three_class_with_air,test,acetone\acetone_92.csv,acetone,Period_IV,Day 23,23,Period IV Day 23,batch5,acetone_92
S1_train_I_test_all,three_class_with_air,test,acetone\acetone_93.csv,acetone,Period_IV,Day 24,24,Period IV Day 24,batch5,acetone_93
S1_train_I_test_all,three_class_with_air,test,acetone\acetone_94.csv,acetone,Period_IV,Day 24,24,Period IV Day 24,batch5,acetone_94
S1_train_I_test_all,three_class_with_air,test,acetone\acetone_95.csv,acetone,Period_IV,Day 24,24,Period IV Day 24,batch5,acetone_95
S1_train_I_test_all,three_class_with_air,test,acetone\acetone_96.csv,acetone,Period_IV,Day 24,24,Period IV Day 24,batch5,acetone_96
S1_train_I_test_all,three_class_with_air,test,air\air_1.csv,air,Period_II,Day 1,1,Period II Day 1,batch1,air_1
S1_train_I_test_all,three_class_with_air,test,air\air_2.csv,air,Period_II,Day 1,1,Period II Day 1,batch1,air_2
S1_train_I_test_all,three_class_with_air,test,air\air_3.csv,air,Period_II,Day 2,2,Period II Day 2,batch1,air_3
S1_train_I_test_all,three_class_with_air,test,air\air_4.csv,air,Period_II,Day 2,2,Period II Day 2,batch1,air_4
S1_train_I_test_all,three_class_with_air,test,air\air_5.csv,air,Period_II,Day 3,3,Period II Day 3,batch2,air_5
S1_train_I_test_all,three_class_with_air,test,air\air_6.csv,air,Period_II,Day 3,3,Period II Day 3,batch2,air_6
S1_train_I_test_all,three_class_with_air,test,air\air_7.csv,air,Period_II,Day 4,4,Period II Day 4,batch2,air_7
S1_train_I_test_all,three_class_with_air,test,air\air_8.csv,air,Period_II,Day 4,4,Period II Day 4,batch2,air_8
S1_train_I_test_all,three_class_with_air,test,air\air_9.csv,air,Period_II,Day 5,5,Period II Day 5,batch2,air_9
S1_train_I_test_all,three_class_with_air,test,air\air_10.csv,air,Period_II,Day 5,5,Period II Day 5,batch2,air_10
S1_train_I_test_all,three_class_with_air,test,air\air_11.csv,air,Period_II,Day 6,6,Period II Day 6,batch2,air_11
S1_train_I_test_all,three_class_with_air,test,air\air_12.csv,air,Period_II,Day 6,6,Period II Day 6,batch2,air_12
S1_train_I_test_all,three_class_with_air,test,air\air_13.csv,air,Period_II,Day 6,6,Period II Day 6,batch2,air_13
S1_train_I_test_all,three_class_with_air,test,air\air_14.csv,air,Period_II,Day 8,8,Period II Day 8,batch2,air_14
S1_train_I_test_all,three_class_with_air,test,air\air_15.csv,air,Period_II,Day 8,8,Period II Day 8,batch2,air_15
S1_train_I_test_all,three_class_with_air,test,air\air_16.csv,air,Period_II,Day 9,9,Period II Day 9,batch2,air_16
S1_train_I_test_all,three_class_with_air,test,air\air_17.csv,air,Period_II,Day 9,9,Period II Day 9,batch2,air_17
S1_train_I_test_all,three_class_with_air,test,air\air_18.csv,air,Period_II,Day 10,10,Period II Day 10,batch3,air_18
S1_train_I_test_all,three_class_with_air,test,air\air_19.csv,air,Period_II,Day 10,10,Period II Day 10,batch3,air_19
S1_train_I_test_all,three_class_with_air,test,air\air_20.csv,air,Period_II,Day 11,11,Period II Day 11,batch3,air_20
S1_train_I_test_all,three_class_with_air,test,air\air_21.csv,air,Period_II,Day 11,11,Period II Day 11,batch3,air_21
S1_train_I_test_all,three_class_with_air,test,air\air_22.csv,air,Period_II,Day 12,12,Period II Day 12,batch3,air_22
S1_train_I_test_all,three_class_with_air,test,air\air_23.csv,air,Period_II,Day 12,12,Period II Day 12,batch3,air_23
S1_train_I_test_all,three_class_with_air,test,air\air_24.csv,air,Period_II,Day 13,13,Period II Day 13,batch3,air_24
S1_train_I_test_all,three_class_with_air,test,air\air_25.csv,air,Period_II,Day 13,13,Period II Day 13,batch3,air_25
S1_train_I_test_all,three_class_with_air,test,air\air_26.csv,air,Period_II,Day 13,13,Period II Day 13,batch3,air_26
S1_train_I_test_all,three_class_with_air,test,air\air_27.csv,air,Period_II,Day 13,13,Period II Day 13,batch3,air_27
S1_train_I_test_all,three_class_with_air,test,air\air_28.csv,air,Period_II,Day 13,13,Period II Day 13,batch3,air_28
S1_train_I_test_all,three_class_with_air,test,air\air_29.csv,air,Period_II,Day 14,14,Period II Day 14,batch3,air_29
S1_train_I_test_all,three_class_with_air,test,air\air_30.csv,air,Period_II,Day 14,14,Period II Day 14,batch3,air_30
S1_train_I_test_all,three_class_with_air,test,air\air_31.csv,air,Period_II,Day 14,14,Period II Day 14,batch3,air_31
S1_train_I_test_all,three_class_with_air,test,air\air_32.csv,air,Period_II,Day 14,14,Period II Day 14,batch3,air_32
S1_train_I_test_all,three_class_with_air,test,air\air_33.csv,air,Period_II,Day 14,14,Period II Day 14,batch3,air_33
S1_train_I_test_all,three_class_with_air,test,air\air_34.csv,air,Period_II,Day 14,14,Period II Day 14,batch3,air_34
S1_train_I_test_all,three_class_with_air,test,air\air_35.csv,air,Period_II,Day 15,15,Period II Day 15,batch3,air_35
S1_train_I_test_all,three_class_with_air,test,air\air_36.csv,air,Period_II,Day 15,15,Period II Day 15,batch3,air_36
S1_train_I_test_all,three_class_with_air,test,air\air_37.csv,air,Period_II,Day 15,15,Period II Day 15,batch3,air_37
S1_train_I_test_all,three_class_with_air,test,air\air_38.csv,air,Period_II,Day 15,15,Period II Day 15,batch3,air_38
S1_train_I_test_all,three_class_with_air,test,air\air_39.csv,air,Period_II,Day 15,15,Period II Day 15,batch3,air_39
S1_train_I_test_all,three_class_with_air,test,air\air_40.csv,air,Period_II,Day 15,15,Period II Day 15,batch3,air_40
S1_train_I_test_all,three_class_with_air,test,air\air_41.csv,air,Period_II,Day 16,16,Period II Day 16,batch3,air_41
S1_train_I_test_all,three_class_with_air,test,air\air_42.csv,air,Period_II,Day 16,16,Period II Day 16,batch3,air_42
S1_train_I_test_all,three_class_with_air,test,air\air_43.csv,air,Period_II,Day 16,16,Period II Day 16,batch3,air_43
S1_train_I_test_all,three_class_with_air,test,air\air_44.csv,air,Period_II,Day 16,16,Period II Day 16,batch3,air_44
S1_train_I_test_all,three_class_with_air,test,air\air_45.csv,air,Period_II,Day 17,17,Period II Day 17,batch3,air_45
S1_train_I_test_all,three_class_with_air,test,air\air_46.csv,air,Period_II,Day 17,17,Period II Day 17,batch3,air_46
S1_train_I_test_all,three_class_with_air,test,air\air_47.csv,air,Period_II,Day 17,17,Period II Day 17,batch3,air_47
S1_train_I_test_all,three_class_with_air,test,air\air_48.csv,air,Period_II,Day 17,17,Period II Day 17,batch3,air_48
S1_train_I_test_all,three_class_with_air,test,air\air_49.csv,air,Period_III,Day 18,18,Period III Day 18,batch4,air_49
S1_train_I_test_all,three_class_with_air,test,air\air_50.csv,air,Period_III,Day 18,18,Period III Day 18,batch4,air_50
S1_train_I_test_all,three_class_with_air,test,air\air_51.csv,air,Period_III,Day 18,18,Period III Day 18,batch4,air_51
S1_train_I_test_all,three_class_with_air,test,air\air_52.csv,air,Period_III,Day 18,18,Period III Day 18,batch4,air_52
S1_train_I_test_all,three_class_with_air,test,air\air_53.csv,air,Period_III,Day 19,19,Period III Day 19,batch4,air_53
S1_train_I_test_all,three_class_with_air,test,air\air_54.csv,air,Period_III,Day 19,19,Period III Day 19,batch4,air_54
S1_train_I_test_all,three_class_with_air,test,air\air_55.csv,air,Period_III,Day 20,20,Period III Day 20,batch4,air_55
S1_train_I_test_all,three_class_with_air,test,air\air_56.csv,air,Period_III,Day 20,20,Period III Day 20,batch4,air_56
S1_train_I_test_all,three_class_with_air,test,air\air_57.csv,air,Period_III,Day 20,20,Period III Day 20,batch4,air_57
S1_train_I_test_all,three_class_with_air,test,air\air_58.csv,air,Period_III,Day 20,20,Period III Day 20,batch4,air_58
S1_train_I_test_all,three_class_with_air,test,air\air_59.csv,air,Period_III,Day 21,21,Period III Day 21,batch4,air_59
S1_train_I_test_all,three_class_with_air,test,air\air_60.csv,air,Period_III,Day 21,21,Period III Day 21,batch4,air_60
S1_train_I_test_all,three_class_with_air,test,air\air_61.csv,air,Period_III,Day 21,21,Period III Day 21,batch4,air_61
S1_train_I_test_all,three_class_with_air,test,air\air_62.csv,air,Period_III,Day 21,21,Period III Day 21,batch4,air_62
S1_train_I_test_all,three_class_with_air,test,air\air_63.csv,air,Period_IV,Day 22,22,Period IV Day 22,batch5,air_63
S1_train_I_test_all,three_class_with_air,test,air\air_64.csv,air,Period_IV,Day 22,22,Period IV Day 22,batch5,air_64
S1_train_I_test_all,three_class_with_air,test,air\air_65.csv,air,Period_IV,Day 22,22,Period IV Day 22,batch5,air_65
S1_train_I_test_all,three_class_with_air,test,air\air_66.csv,air,Period_IV,Day 23,23,Period IV Day 23,batch5,air_66
S1_train_I_test_all,three_class_with_air,test,air\air_67.csv,air,Period_IV,Day 23,23,Period IV Day 23,batch5,air_67
S1_train_I_test_all,three_class_with_air,test,air\air_68.csv,air,Period_IV,Day 23,23,Period IV Day 23,batch5,air_68
S1_train_I_test_all,three_class_with_air,test,air\air_69.csv,air,Period_IV,Day 23,23,Period IV Day 23,batch5,air_69
S1_train_I_test_all,three_class_with_air,test,air\air_70.csv,air,Period_IV,Day 24,24,Period IV Day 24,batch5,air_70
S1_train_I_test_all,three_class_with_air,test,air\air_71.csv,air,Period_IV,Day 24,24,Period IV Day 24,batch5,air_71
S1_train_I_test_all,three_class_with_air,test,air\air_72.csv,air,Period_IV,Day 24,24,Period IV Day 24,batch5,air_72
S1_train_I_test_all,three_class_with_air,test,air\reference_1.csv,air,Period_II,Day 1,1,Period II Day 1,batch1,reference_1
S1_train_I_test_all,three_class_with_air,test,air\reference_2.csv,air,Period_II,Day 1,1,Period II Day 1,batch1,reference_2
S1_train_I_test_all,three_class_with_air,test,air\reference_3.csv,air,Period_II,Day 1,1,Period II Day 1,batch1,reference_3
S1_train_I_test_all,three_class_with_air,test,air\reference_4.csv,air,Period_II,Day 1,1,Period II Day 1,batch1,reference_4
S1_train_I_test_all,three_class_with_air,test,air\reference_5.csv,air,Period_II,Day 3,3,Period II Day 3,batch2,reference_5
S1_train_I_test_all,three_class_with_air,test,air\reference_6.csv,air,Period_II,Day 3,3,Period II Day 3,batch2,reference_6
S1_train_I_test_all,three_class_with_air,test,air\reference_7.csv,air,Period_II,Day 4,4,Period II Day 4,batch2,reference_7
S1_train_I_test_all,three_class_with_air,test,air\reference_8.csv,air,Period_II,Day 4,4,Period II Day 4,batch2,reference_8
S1_train_I_test_all,three_class_with_air,test,air\reference_9.csv,air,Period_II,Day 8,8,Period II Day 8,batch2,reference_9
S1_train_I_test_all,three_class_with_air,test,alcohol\alcohol_1.csv,alcohol,Period_II,Day 1,1,Period II Day 1,batch1,alcohol_1
S1_train_I_test_all,three_class_with_air,test,alcohol\alcohol_2.csv,alcohol,Period_II,Day 1,1,Period II Day 1,batch1,alcohol_2
S1_train_I_test_all,three_class_with_air,test,alcohol\alcohol_3.csv,alcohol,Period_II,Day 1,1,Period II Day 1,batch1,alcohol_3
S1_train_I_test_all,three_class_with_air,test,alcohol\alcohol_4.csv,alcohol,Period_II,Day 1,1,Period II Day 1,batch1,alcohol_4
S1_train_I_test_all,three_class_with_air,test,alcohol\alcohol_5.csv,alcohol,Period_II,Day 1,1,Period II Day 1,batch1,alcohol_5
S1_train_I_test_all,three_class_with_air,test,alcohol\alcohol_6.csv,alcohol,Period_II,Day 2,2,Period II Day 2,batch1,alcohol_6
S1_train_I_test_all,three_class_with_air,test,alcohol\alcohol_7.csv,alcohol,Period_II,Day 2,2,Period II Day 2,batch1,alcohol_7
S1_train_I_test_all,three_class_with_air,test,alcohol\alcohol_8.csv,alcohol,Period_II,Day 2,2,Period II Day 2,batch1,alcohol_8
S1_train_I_test_all,three_class_with_air,test,alcohol\alcohol_9.csv,alcohol,Period_II,Day 2,2,Period II Day 2,batch1,alcohol_9
S1_train_I_test_all,three_class_with_air,test,alcohol\alcohol_10.csv,alcohol,Period_II,Day 2,2,Period II Day 2,batch1,alcohol_10
S1_train_I_test_all,three_class_with_air,test,alcohol\alcohol_11.csv,alcohol,Period_II,Day 3,3,Period II Day 3,batch2,alcohol_11
S1_train_I_test_all,three_class_with_air,test,alcohol\alcohol_12.csv,alcohol,Period_II,Day 3,3,Period II Day 3,batch2,alcohol_12
S1_train_I_test_all,three_class_with_air,test,alcohol\alcohol_13.csv,alcohol,Period_II,Day 3,3,Period II Day 3,batch2,alcohol_13
S1_train_I_test_all,three_class_with_air,test,alcohol\alcohol_14.csv,alcohol,Period_II,Day 3,3,Period II Day 3,batch2,alcohol_14
S1_train_I_test_all,three_class_with_air,test,alcohol\alcohol_15.csv,alcohol,Period_II,Day 3,3,Period II Day 3,batch2,alcohol_15
S1_train_I_test_all,three_class_with_air,test,alcohol\alcohol_16.csv,alcohol,Period_II,Day 4,4,Period II Day 4,batch2,alcohol_16
S1_train_I_test_all,three_class_with_air,test,alcohol\alcohol_17.csv,alcohol,Period_II,Day 4,4,Period II Day 4,batch2,alcohol_17
S1_train_I_test_all,three_class_with_air,test,alcohol\alcohol_18.csv,alcohol,Period_II,Day 4,4,Period II Day 4,batch2,alcohol_18
S1_train_I_test_all,three_class_with_air,test,alcohol\alcohol_19.csv,alcohol,Period_II,Day 4,4,Period II Day 4,batch2,alcohol_19
S1_train_I_test_all,three_class_with_air,test,alcohol\alcohol_20.csv,alcohol,Period_II,Day 4,4,Period II Day 4,batch2,alcohol_20
S1_train_I_test_all,three_class_with_air,test,alcohol\alcohol_21.csv,alcohol,Period_II,Day 5,5,Period II Day 5,batch2,alcohol_21
S1_train_I_test_all,three_class_with_air,test,alcohol\alcohol_22.csv,alcohol,Period_II,Day 5,5,Period II Day 5,batch2,alcohol_22
S1_train_I_test_all,three_class_with_air,test,alcohol\alcohol_23.csv,alcohol,Period_II,Day 5,5,Period II Day 5,batch2,alcohol_23
S1_train_I_test_all,three_class_with_air,test,alcohol\alcohol_24.csv,alcohol,Period_II,Day 5,5,Period II Day 5,batch2,alcohol_24
S1_train_I_test_all,three_class_with_air,test,alcohol\alcohol_25.csv,alcohol,Period_II,Day 5,5,Period II Day 5,batch2,alcohol_25
S1_train_I_test_all,three_class_with_air,test,alcohol\alcohol_26.csv,alcohol,Period_II,Day 6,6,Period II Day 6,batch2,alcohol_26
S1_train_I_test_all,three_class_with_air,test,alcohol\alcohol_27.csv,alcohol,Period_II,Day 6,6,Period II Day 6,batch2,alcohol_27
S1_train_I_test_all,three_class_with_air,test,alcohol\alcohol_28.csv,alcohol,Period_II,Day 6,6,Period II Day 6,batch2,alcohol_28
S1_train_I_test_all,three_class_with_air,test,alcohol\alcohol_29.csv,alcohol,Period_II,Day 6,6,Period II Day 6,batch2,alcohol_29
S1_train_I_test_all,three_class_with_air,test,alcohol\alcohol_30.csv,alcohol,Period_II,Day 6,6,Period II Day 6,batch2,alcohol_30
S1_train_I_test_all,three_class_with_air,test,alcohol\alcohol_31.csv,alcohol,Period_II,Day 6,6,Period II Day 6,batch2,alcohol_31
S1_train_I_test_all,three_class_with_air,test,alcohol\alcohol_32.csv,alcohol,Period_II,Day 6,6,Period II Day 6,batch2,alcohol_32
S1_train_I_test_all,three_class_with_air,test,alcohol\alcohol_33.csv,alcohol,Period_II,Day 7,7,Period II Day 7,batch2,alcohol_33
S1_train_I_test_all,three_class_with_air,test,alcohol\alcohol_34.csv,alcohol,Period_II,Day 7,7,Period II Day 7,batch2,alcohol_34
S1_train_I_test_all,three_class_with_air,test,alcohol\alcohol_35.csv,alcohol,Period_II,Day 7,7,Period II Day 7,batch2,alcohol_35
S1_train_I_test_all,three_class_with_air,test,alcohol\alcohol_36.csv,alcohol,Period_II,Day 8,8,Period II Day 8,batch2,alcohol_36
S1_train_I_test_all,three_class_with_air,test,alcohol\alcohol_37.csv,alcohol,Period_II,Day 8,8,Period II Day 8,batch2,alcohol_37
S1_train_I_test_all,three_class_with_air,test,alcohol\alcohol_38.csv,alcohol,Period_II,Day 8,8,Period II Day 8,batch2,alcohol_38
S1_train_I_test_all,three_class_with_air,test,alcohol\alcohol_39.csv,alcohol,Period_II,Day 9,9,Period II Day 9,batch2,alcohol_39
S1_train_I_test_all,three_class_with_air,test,alcohol\alcohol_40.csv,alcohol,Period_II,Day 9,9,Period II Day 9,batch2,alcohol_40
S1_train_I_test_all,three_class_with_air,test,alcohol\alcohol_41.csv,alcohol,Period_II,Day 9,9,Period II Day 9,batch2,alcohol_41
S1_train_I_test_all,three_class_with_air,test,alcohol\alcohol_42.csv,alcohol,Period_II,Day 9,9,Period II Day 9,batch2,alcohol_42
S1_train_I_test_all,three_class_with_air,test,alcohol\alcohol_43.csv,alcohol,Period_II,Day 9,9,Period II Day 9,batch2,alcohol_43
S1_train_I_test_all,three_class_with_air,test,alcohol\alcohol_44.csv,alcohol,Period_II,Day 10,10,Period II Day 10,batch3,alcohol_44
S1_train_I_test_all,three_class_with_air,test,alcohol\alcohol_45.csv,alcohol,Period_II,Day 10,10,Period II Day 10,batch3,alcohol_45
S1_train_I_test_all,three_class_with_air,test,alcohol\alcohol_46.csv,alcohol,Period_II,Day 10,10,Period II Day 10,batch3,alcohol_46
S1_train_I_test_all,three_class_with_air,test,alcohol\alcohol_47.csv,alcohol,Period_II,Day 10,10,Period II Day 10,batch3,alcohol_47
S1_train_I_test_all,three_class_with_air,test,alcohol\alcohol_48.csv,alcohol,Period_II,Day 11,11,Period II Day 11,batch3,alcohol_48
S1_train_I_test_all,three_class_with_air,test,alcohol\alcohol_49.csv,alcohol,Period_II,Day 11,11,Period II Day 11,batch3,alcohol_49
S1_train_I_test_all,three_class_with_air,test,alcohol\alcohol_50.csv,alcohol,Period_II,Day 11,11,Period II Day 11,batch3,alcohol_50
S1_train_I_test_all,three_class_with_air,test,alcohol\alcohol_51.csv,alcohol,Period_II,Day 11,11,Period II Day 11,batch3,alcohol_51
S1_train_I_test_all,three_class_with_air,test,alcohol\alcohol_52.csv,alcohol,Period_II,Day 12,12,Period II Day 12,batch3,alcohol_52
S1_train_I_test_all,three_class_with_air,test,alcohol\alcohol_53.csv,alcohol,Period_II,Day 12,12,Period II Day 12,batch3,alcohol_53
S1_train_I_test_all,three_class_with_air,test,alcohol\alcohol_54.csv,alcohol,Period_II,Day 12,12,Period II Day 12,batch3,alcohol_54
S1_train_I_test_all,three_class_with_air,test,alcohol\alcohol_55.csv,alcohol,Period_II,Day 12,12,Period II Day 12,batch3,alcohol_55
S1_train_I_test_all,three_class_with_air,test,alcohol\alcohol_56.csv,alcohol,Period_II,Day 13,13,Period II Day 13,batch3,alcohol_56
S1_train_I_test_all,three_class_with_air,test,alcohol\alcohol_57.csv,alcohol,Period_II,Day 13,13,Period II Day 13,batch3,alcohol_57
S1_train_I_test_all,three_class_with_air,test,alcohol\alcohol_58.csv,alcohol,Period_II,Day 14,14,Period II Day 14,batch3,alcohol_58
S1_train_I_test_all,three_class_with_air,test,alcohol\alcohol_59.csv,alcohol,Period_II,Day 14,14,Period II Day 14,batch3,alcohol_59
S1_train_I_test_all,three_class_with_air,test,alcohol\alcohol_60.csv,alcohol,Period_II,Day 14,14,Period II Day 14,batch3,alcohol_60
S1_train_I_test_all,three_class_with_air,test,alcohol\alcohol_61.csv,alcohol,Period_II,Day 15,15,Period II Day 15,batch3,alcohol_61
S1_train_I_test_all,three_class_with_air,test,alcohol\alcohol_62.csv,alcohol,Period_II,Day 15,15,Period II Day 15,batch3,alcohol_62
S1_train_I_test_all,three_class_with_air,test,alcohol\alcohol_63.csv,alcohol,Period_II,Day 15,15,Period II Day 15,batch3,alcohol_63
S1_train_I_test_all,three_class_with_air,test,alcohol\alcohol_64.csv,alcohol,Period_II,Day 17,17,Period II Day 17,batch3,alcohol_64
S1_train_I_test_all,three_class_with_air,test,alcohol\alcohol_65.csv,alcohol,Period_II,Day 17,17,Period II Day 17,batch3,alcohol_65
S1_train_I_test_all,three_class_with_air,test,alcohol\alcohol_66.csv,alcohol,Period_II,Day 17,17,Period II Day 17,batch3,alcohol_66
S1_train_I_test_all,three_class_with_air,test,alcohol\alcohol_67.csv,alcohol,Period_II,Day 17,17,Period II Day 17,batch3,alcohol_67
S1_train_I_test_all,three_class_with_air,test,alcohol\alcohol_68.csv,alcohol,Period_II,Day 17,17,Period II Day 17,batch3,alcohol_68
S1_train_I_test_all,three_class_with_air,test,alcohol\alcohol_69.csv,alcohol,Period_III,Day 18,18,Period III Day 18,batch4,alcohol_69
S1_train_I_test_all,three_class_with_air,test,alcohol\alcohol_70.csv,alcohol,Period_III,Day 18,18,Period III Day 18,batch4,alcohol_70
S1_train_I_test_all,three_class_with_air,test,alcohol\alcohol_71.csv,alcohol,Period_III,Day 18,18,Period III Day 18,batch4,alcohol_71
S1_train_I_test_all,three_class_with_air,test,alcohol\alcohol_72.csv,alcohol,Period_III,Day 18,18,Period III Day 18,batch4,alcohol_72
S1_train_I_test_all,three_class_with_air,test,alcohol\alcohol_73.csv,alcohol,Period_III,Day 18,18,Period III Day 18,batch4,alcohol_73
S1_train_I_test_all,three_class_with_air,test,alcohol\alcohol_74.csv,alcohol,Period_III,Day 19,19,Period III Day 19,batch4,alcohol_74
S1_train_I_test_all,three_class_with_air,test,alcohol\alcohol_75.csv,alcohol,Period_III,Day 19,19,Period III Day 19,batch4,alcohol_75
S1_train_I_test_all,three_class_with_air,test,alcohol\alcohol_76.csv,alcohol,Period_III,Day 19,19,Period III Day 19,batch4,alcohol_76
S1_train_I_test_all,three_class_with_air,test,alcohol\alcohol_77.csv,alcohol,Period_III,Day 20,20,Period III Day 20,batch4,alcohol_77
S1_train_I_test_all,three_class_with_air,test,alcohol\alcohol_78.csv,alcohol,Period_III,Day 20,20,Period III Day 20,batch4,alcohol_78
S1_train_I_test_all,three_class_with_air,test,alcohol\alcohol_79.csv,alcohol,Period_III,Day 20,20,Period III Day 20,batch4,alcohol_79
S1_train_I_test_all,three_class_with_air,test,alcohol\alcohol_80.csv,alcohol,Period_III,Day 20,20,Period III Day 20,batch4,alcohol_80
S1_train_I_test_all,three_class_with_air,test,alcohol\alcohol_81.csv,alcohol,Period_III,Day 21,21,Period III Day 21,batch4,alcohol_81
S1_train_I_test_all,three_class_with_air,test,alcohol\alcohol_82.csv,alcohol,Period_III,Day 21,21,Period III Day 21,batch4,alcohol_82
S1_train_I_test_all,three_class_with_air,test,alcohol\alcohol_83.csv,alcohol,Period_III,Day 21,21,Period III Day 21,batch4,alcohol_83
S1_train_I_test_all,three_class_with_air,test,alcohol\alcohol_84.csv,alcohol,Period_III,Day 21,21,Period III Day 21,batch4,alcohol_84
S1_train_I_test_all,three_class_with_air,test,alcohol\alcohol_85.csv,alcohol,Period_IV,Day 22,22,Period IV Day 22,batch5,alcohol_85
S1_train_I_test_all,three_class_with_air,test,alcohol\alcohol_86.csv,alcohol,Period_IV,Day 22,22,Period IV Day 22,batch5,alcohol_86
S1_train_I_test_all,three_class_with_air,test,alcohol\alcohol_87.csv,alcohol,Period_IV,Day 22,22,Period IV Day 22,batch5,alcohol_87
S1_train_I_test_all,three_class_with_air,test,alcohol\alcohol_88.csv,alcohol,Period_IV,Day 22,22,Period IV Day 22,batch5,alcohol_88
S1_train_I_test_all,three_class_with_air,test,alcohol\alcohol_89.csv,alcohol,Period_IV,Day 23,23,Period IV Day 23,batch5,alcohol_89
S1_train_I_test_all,three_class_with_air,test,alcohol\alcohol_90.csv,alcohol,Period_IV,Day 23,23,Period IV Day 23,batch5,alcohol_90
S1_train_I_test_all,three_class_with_air,test,alcohol\alcohol_91.csv,alcohol,Period_IV,Day 23,23,Period IV Day 23,batch5,alcohol_91
S1_train_I_test_all,three_class_with_air,test,alcohol\alcohol_92.csv,alcohol,Period_IV,Day 23,23,Period IV Day 23,batch5,alcohol_92
S1_train_I_test_all,three_class_with_air,test,alcohol\alcohol_93.csv,alcohol,Period_IV,Day 24,24,Period IV Day 24,batch5,alcohol_93
S1_train_I_test_all,three_class_with_air,test,alcohol\alcohol_94.csv,alcohol,Period_IV,Day 24,24,Period IV Day 24,batch5,alcohol_94
S1_train_I_test_all,three_class_with_air,test,alcohol\alcohol_95.csv,alcohol,Period_IV,Day 24,24,Period IV Day 24,batch5,alcohol_95
S1_train_I_test_all,three_class_with_air,test,alcohol\alcohol_96.csv,alcohol,Period_IV,Day 24,24,Period IV Day 24,batch5,alcohol_96
S2_train_I_internal_val_test_all,three_class_with_air,train,acetone\acetone_o1.csv,acetone,Period_I,Day 1 afternoon,1,Period I Day 1 afternoon,source,acetone_o1
S2_train_I_internal_val_test_all,three_class_with_air,train,acetone\acetone_o3.csv,acetone,Period_I,Day 1 afternoon,1,Period I Day 1 afternoon,source,acetone_o3
S2_train_I_internal_val_test_all,three_class_with_air,train,acetone\acetone_o5.csv,acetone,Period_I,Day 2 noon,2,Period I Day 2 noon,source,acetone_o5
S2_train_I_internal_val_test_all,three_class_with_air,train,acetone\acetone_o6.csv,acetone,Period_I,Day 2 noon,2,Period I Day 2 noon,source,acetone_o6
S2_train_I_internal_val_test_all,three_class_with_air,train,acetone\acetone_o7.csv,acetone,Period_I,Day 2 afternoon,2,Period I Day 2 afternoon,source,acetone_o7
S2_train_I_internal_val_test_all,three_class_with_air,train,acetone\acetone_o8.csv,acetone,Period_I,Day 2 afternoon,2,Period I Day 2 afternoon,source,acetone_o8
S2_train_I_internal_val_test_all,three_class_with_air,train,acetone\acetone_o9.csv,acetone,Period_I,Day 2 afternoon,2,Period I Day 2 afternoon,source,acetone_o9
S2_train_I_internal_val_test_all,three_class_with_air,train,acetone\acetone_o10.csv,acetone,Period_I,Day 3 noon,3,Period I Day 3 noon,source,acetone_o10
S2_train_I_internal_val_test_all,three_class_with_air,train,acetone\acetone_o11.csv,acetone,Period_I,Day 3 noon,3,Period I Day 3 noon,source,acetone_o11
S2_train_I_internal_val_test_all,three_class_with_air,train,acetone\acetone_o12.csv,acetone,Period_I,Day 3 noon,3,Period I Day 3 noon,source,acetone_o12
S2_train_I_internal_val_test_all,three_class_with_air,train,air\baseline_1.csv,air,Period_I,baseline,0,Period I baseline,source,baseline_1
S2_train_I_internal_val_test_all,three_class_with_air,train,air\baseline_3.csv,air,Period_I,baseline,0,Period I baseline,source,baseline_3
S2_train_I_internal_val_test_all,three_class_with_air,train,air\baseline_4.csv,air,Period_I,baseline,0,Period I baseline,source,baseline_4
S2_train_I_internal_val_test_all,three_class_with_air,train,air\baseline_5.csv,air,Period_I,baseline,0,Period I baseline,source,baseline_5
S2_train_I_internal_val_test_all,three_class_with_air,train,air\baseline_6.csv,air,Period_I,baseline,0,Period I baseline,source,baseline_6
S2_train_I_internal_val_test_all,three_class_with_air,train,alcohol\alcohol_o1.csv,alcohol,Period_I,Day 1 afternoon,1,Period I Day 1 afternoon,source,alcohol_o1
S2_train_I_internal_val_test_all,three_class_with_air,train,alcohol\alcohol_o2.csv,alcohol,Period_I,Day 1 afternoon,1,Period I Day 1 afternoon,source,alcohol_o2
S2_train_I_internal_val_test_all,three_class_with_air,train,alcohol\alcohol_o3.csv,alcohol,Period_I,Day 1 afternoon,1,Period I Day 1 afternoon,source,alcohol_o3
S2_train_I_internal_val_test_all,three_class_with_air,train,alcohol\alcohol_o5.csv,alcohol,Period_I,Day 2 noon,2,Period I Day 2 noon,source,alcohol_o5
S2_train_I_internal_val_test_all,three_class_with_air,train,alcohol\alcohol_o6.csv,alcohol,Period_I,Day 2 noon,2,Period I Day 2 noon,source,alcohol_o6
S2_train_I_internal_val_test_all,three_class_with_air,train,alcohol\alcohol_o7.csv,alcohol,Period_I,Day 2 afternoon,2,Period I Day 2 afternoon,source,alcohol_o7
S2_train_I_internal_val_test_all,three_class_with_air,train,alcohol\alcohol_o8.csv,alcohol,Period_I,Day 2 afternoon,2,Period I Day 2 afternoon,source,alcohol_o8
S2_train_I_internal_val_test_all,three_class_with_air,train,alcohol\alcohol_o9.csv,alcohol,Period_I,Day 2 afternoon,2,Period I Day 2 afternoon,source,alcohol_o9
S2_train_I_internal_val_test_all,three_class_with_air,train,alcohol\alcohol_o10.csv,alcohol,Period_I,Day 3 noon,3,Period I Day 3 noon,source,alcohol_o10
S2_train_I_internal_val_test_all,three_class_with_air,train,alcohol\alcohol_o12.csv,alcohol,Period_I,Day 3 noon,3,Period I Day 3 noon,source,alcohol_o12
S2_train_I_internal_val_test_all,three_class_with_air,validation,acetone\acetone_o2.csv,acetone,Period_I,Day 1 afternoon,1,Period I Day 1 afternoon,source,acetone_o2
S2_train_I_internal_val_test_all,three_class_with_air,validation,acetone\acetone_o4.csv,acetone,Period_I,Day 2 noon,2,Period I Day 2 noon,source,acetone_o4
S2_train_I_internal_val_test_all,three_class_with_air,validation,air\baseline_7.csv,air,Period_I,baseline,0,Period I baseline,source,baseline_7
S2_train_I_internal_val_test_all,three_class_with_air,validation,alcohol\alcohol_o4.csv,alcohol,Period_I,Day 2 noon,2,Period I Day 2 noon,source,alcohol_o4
S2_train_I_internal_val_test_all,three_class_with_air,validation,alcohol\alcohol_o11.csv,alcohol,Period_I,Day 3 noon,3,Period I Day 3 noon,source,alcohol_o11
S2_train_I_internal_val_test_all,three_class_with_air,test,acetone\acetone_1.csv,acetone,Period_II,Day 1,1,Period II Day 1,batch1,acetone_1
S2_train_I_internal_val_test_all,three_class_with_air,test,acetone\acetone_2.csv,acetone,Period_II,Day 1,1,Period II Day 1,batch1,acetone_2
S2_train_I_internal_val_test_all,three_class_with_air,test,acetone\acetone_3.csv,acetone,Period_II,Day 1,1,Period II Day 1,batch1,acetone_3
S2_train_I_internal_val_test_all,three_class_with_air,test,acetone\acetone_4.csv,acetone,Period_II,Day 1,1,Period II Day 1,batch1,acetone_4
S2_train_I_internal_val_test_all,three_class_with_air,test,acetone\acetone_5.csv,acetone,Period_II,Day 1,1,Period II Day 1,batch1,acetone_5
S2_train_I_internal_val_test_all,three_class_with_air,test,acetone\acetone_6.csv,acetone,Period_II,Day 2,2,Period II Day 2,batch1,acetone_6
S2_train_I_internal_val_test_all,three_class_with_air,test,acetone\acetone_7.csv,acetone,Period_II,Day 2,2,Period II Day 2,batch1,acetone_7
S2_train_I_internal_val_test_all,three_class_with_air,test,acetone\acetone_8.csv,acetone,Period_II,Day 2,2,Period II Day 2,batch1,acetone_8
S2_train_I_internal_val_test_all,three_class_with_air,test,acetone\acetone_9.csv,acetone,Period_II,Day 2,2,Period II Day 2,batch1,acetone_9
S2_train_I_internal_val_test_all,three_class_with_air,test,acetone\acetone_10.csv,acetone,Period_II,Day 2,2,Period II Day 2,batch1,acetone_10
S2_train_I_internal_val_test_all,three_class_with_air,test,acetone\acetone_11.csv,acetone,Period_II,Day 3,3,Period II Day 3,batch2,acetone_11
S2_train_I_internal_val_test_all,three_class_with_air,test,acetone\acetone_12.csv,acetone,Period_II,Day 3,3,Period II Day 3,batch2,acetone_12
S2_train_I_internal_val_test_all,three_class_with_air,test,acetone\acetone_13.csv,acetone,Period_II,Day 3,3,Period II Day 3,batch2,acetone_13
S2_train_I_internal_val_test_all,three_class_with_air,test,acetone\acetone_14.csv,acetone,Period_II,Day 3,3,Period II Day 3,batch2,acetone_14
S2_train_I_internal_val_test_all,three_class_with_air,test,acetone\acetone_15.csv,acetone,Period_II,Day 3,3,Period II Day 3,batch2,acetone_15
S2_train_I_internal_val_test_all,three_class_with_air,test,acetone\acetone_16.csv,acetone,Period_II,Day 4,4,Period II Day 4,batch2,acetone_16
S2_train_I_internal_val_test_all,three_class_with_air,test,acetone\acetone_17.csv,acetone,Period_II,Day 4,4,Period II Day 4,batch2,acetone_17
S2_train_I_internal_val_test_all,three_class_with_air,test,acetone\acetone_18.csv,acetone,Period_II,Day 4,4,Period II Day 4,batch2,acetone_18
S2_train_I_internal_val_test_all,three_class_with_air,test,acetone\acetone_19.csv,acetone,Period_II,Day 4,4,Period II Day 4,batch2,acetone_19
S2_train_I_internal_val_test_all,three_class_with_air,test,acetone\acetone_20.csv,acetone,Period_II,Day 4,4,Period II Day 4,batch2,acetone_20
S2_train_I_internal_val_test_all,three_class_with_air,test,acetone\acetone_21.csv,acetone,Period_II,Day 5,5,Period II Day 5,batch2,acetone_21
S2_train_I_internal_val_test_all,three_class_with_air,test,acetone\acetone_22.csv,acetone,Period_II,Day 5,5,Period II Day 5,batch2,acetone_22
S2_train_I_internal_val_test_all,three_class_with_air,test,acetone\acetone_23.csv,acetone,Period_II,Day 5,5,Period II Day 5,batch2,acetone_23
S2_train_I_internal_val_test_all,three_class_with_air,test,acetone\acetone_24.csv,acetone,Period_II,Day 5,5,Period II Day 5,batch2,acetone_24
S2_train_I_internal_val_test_all,three_class_with_air,test,acetone\acetone_25.csv,acetone,Period_II,Day 5,5,Period II Day 5,batch2,acetone_25
S2_train_I_internal_val_test_all,three_class_with_air,test,acetone\acetone_26.csv,acetone,Period_II,Day 6,6,Period II Day 6,batch2,acetone_26
S2_train_I_internal_val_test_all,three_class_with_air,test,acetone\acetone_27.csv,acetone,Period_II,Day 6,6,Period II Day 6,batch2,acetone_27
S2_train_I_internal_val_test_all,three_class_with_air,test,acetone\acetone_28.csv,acetone,Period_II,Day 6,6,Period II Day 6,batch2,acetone_28
S2_train_I_internal_val_test_all,three_class_with_air,test,acetone\acetone_29.csv,acetone,Period_II,Day 6,6,Period II Day 6,batch2,acetone_29
S2_train_I_internal_val_test_all,three_class_with_air,test,acetone\acetone_30.csv,acetone,Period_II,Day 6,6,Period II Day 6,batch2,acetone_30
S2_train_I_internal_val_test_all,three_class_with_air,test,acetone\acetone_31.csv,acetone,Period_II,Day 6,6,Period II Day 6,batch2,acetone_31
S2_train_I_internal_val_test_all,three_class_with_air,test,acetone\acetone_32.csv,acetone,Period_II,Day 6,6,Period II Day 6,batch2,acetone_32
S2_train_I_internal_val_test_all,three_class_with_air,test,acetone\acetone_33.csv,acetone,Period_II,Day 7,7,Period II Day 7,batch2,acetone_33
S2_train_I_internal_val_test_all,three_class_with_air,test,acetone\acetone_34.csv,acetone,Period_II,Day 7,7,Period II Day 7,batch2,acetone_34
S2_train_I_internal_val_test_all,three_class_with_air,test,acetone\acetone_35.csv,acetone,Period_II,Day 7,7,Period II Day 7,batch2,acetone_35
S2_train_I_internal_val_test_all,three_class_with_air,test,acetone\acetone_36.csv,acetone,Period_II,Day 8,8,Period II Day 8,batch2,acetone_36
S2_train_I_internal_val_test_all,three_class_with_air,test,acetone\acetone_37.csv,acetone,Period_II,Day 8,8,Period II Day 8,batch2,acetone_37
S2_train_I_internal_val_test_all,three_class_with_air,test,acetone\acetone_38.csv,acetone,Period_II,Day 8,8,Period II Day 8,batch2,acetone_38
S2_train_I_internal_val_test_all,three_class_with_air,test,acetone\acetone_39.csv,acetone,Period_II,Day 9,9,Period II Day 9,batch2,acetone_39
S2_train_I_internal_val_test_all,three_class_with_air,test,acetone\acetone_40.csv,acetone,Period_II,Day 9,9,Period II Day 9,batch2,acetone_40
S2_train_I_internal_val_test_all,three_class_with_air,test,acetone\acetone_41.csv,acetone,Period_II,Day 9,9,Period II Day 9,batch2,acetone_41
S2_train_I_internal_val_test_all,three_class_with_air,test,acetone\acetone_42.csv,acetone,Period_II,Day 9,9,Period II Day 9,batch2,acetone_42
S2_train_I_internal_val_test_all,three_class_with_air,test,acetone\acetone_43.csv,acetone,Period_II,Day 9,9,Period II Day 9,batch2,acetone_43
S2_train_I_internal_val_test_all,three_class_with_air,test,acetone\acetone_44.csv,acetone,Period_II,Day 10,10,Period II Day 10,batch3,acetone_44
S2_train_I_internal_val_test_all,three_class_with_air,test,acetone\acetone_45.csv,acetone,Period_II,Day 10,10,Period II Day 10,batch3,acetone_45
S2_train_I_internal_val_test_all,three_class_with_air,test,acetone\acetone_46.csv,acetone,Period_II,Day 10,10,Period II Day 10,batch3,acetone_46
S2_train_I_internal_val_test_all,three_class_with_air,test,acetone\acetone_47.csv,acetone,Period_II,Day 10,10,Period II Day 10,batch3,acetone_47
S2_train_I_internal_val_test_all,three_class_with_air,test,acetone\acetone_48.csv,acetone,Period_II,Day 11,11,Period II Day 11,batch3,acetone_48
S2_train_I_internal_val_test_all,three_class_with_air,test,acetone\acetone_49.csv,acetone,Period_II,Day 11,11,Period II Day 11,batch3,acetone_49
S2_train_I_internal_val_test_all,three_class_with_air,test,acetone\acetone_50.csv,acetone,Period_II,Day 11,11,Period II Day 11,batch3,acetone_50
S2_train_I_internal_val_test_all,three_class_with_air,test,acetone\acetone_51.csv,acetone,Period_II,Day 11,11,Period II Day 11,batch3,acetone_51
S2_train_I_internal_val_test_all,three_class_with_air,test,acetone\acetone_52.csv,acetone,Period_II,Day 12,12,Period II Day 12,batch3,acetone_52
S2_train_I_internal_val_test_all,three_class_with_air,test,acetone\acetone_53.csv,acetone,Period_II,Day 12,12,Period II Day 12,batch3,acetone_53
S2_train_I_internal_val_test_all,three_class_with_air,test,acetone\acetone_54.csv,acetone,Period_II,Day 12,12,Period II Day 12,batch3,acetone_54
S2_train_I_internal_val_test_all,three_class_with_air,test,acetone\acetone_55.csv,acetone,Period_II,Day 12,12,Period II Day 12,batch3,acetone_55
S2_train_I_internal_val_test_all,three_class_with_air,test,acetone\acetone_56.csv,acetone,Period_II,Day 13,13,Period II Day 13,batch3,acetone_56
S2_train_I_internal_val_test_all,three_class_with_air,test,acetone\acetone_57.csv,acetone,Period_II,Day 13,13,Period II Day 13,batch3,acetone_57
S2_train_I_internal_val_test_all,three_class_with_air,test,acetone\acetone_58.csv,acetone,Period_II,Day 14,14,Period II Day 14,batch3,acetone_58
S2_train_I_internal_val_test_all,three_class_with_air,test,acetone\acetone_59.csv,acetone,Period_II,Day 14,14,Period II Day 14,batch3,acetone_59
S2_train_I_internal_val_test_all,three_class_with_air,test,acetone\acetone_60.csv,acetone,Period_II,Day 14,14,Period II Day 14,batch3,acetone_60
S2_train_I_internal_val_test_all,three_class_with_air,test,acetone\acetone_61.csv,acetone,Period_II,Day 15,15,Period II Day 15,batch3,acetone_61
S2_train_I_internal_val_test_all,three_class_with_air,test,acetone\acetone_62.csv,acetone,Period_II,Day 15,15,Period II Day 15,batch3,acetone_62
S2_train_I_internal_val_test_all,three_class_with_air,test,acetone\acetone_63.csv,acetone,Period_II,Day 15,15,Period II Day 15,batch3,acetone_63
S2_train_I_internal_val_test_all,three_class_with_air,test,acetone\acetone_64.csv,acetone,Period_II,Day 17,17,Period II Day 17,batch3,acetone_64
S2_train_I_internal_val_test_all,three_class_with_air,test,acetone\acetone_65.csv,acetone,Period_II,Day 17,17,Period II Day 17,batch3,acetone_65
S2_train_I_internal_val_test_all,three_class_with_air,test,acetone\acetone_66.csv,acetone,Period_II,Day 17,17,Period II Day 17,batch3,acetone_66
S2_train_I_internal_val_test_all,three_class_with_air,test,acetone\acetone_67.csv,acetone,Period_II,Day 17,17,Period II Day 17,batch3,acetone_67
S2_train_I_internal_val_test_all,three_class_with_air,test,acetone\acetone_68.csv,acetone,Period_II,Day 17,17,Period II Day 17,batch3,acetone_68
S2_train_I_internal_val_test_all,three_class_with_air,test,acetone\acetone_69.csv,acetone,Period_III,Day 18,18,Period III Day 18,batch4,acetone_69
S2_train_I_internal_val_test_all,three_class_with_air,test,acetone\acetone_70.csv,acetone,Period_III,Day 18,18,Period III Day 18,batch4,acetone_70
S2_train_I_internal_val_test_all,three_class_with_air,test,acetone\acetone_71.csv,acetone,Period_III,Day 18,18,Period III Day 18,batch4,acetone_71
S2_train_I_internal_val_test_all,three_class_with_air,test,acetone\acetone_72.csv,acetone,Period_III,Day 18,18,Period III Day 18,batch4,acetone_72
S2_train_I_internal_val_test_all,three_class_with_air,test,acetone\acetone_73.csv,acetone,Period_III,Day 18,18,Period III Day 18,batch4,acetone_73
S2_train_I_internal_val_test_all,three_class_with_air,test,acetone\acetone_74.csv,acetone,Period_III,Day 19,19,Period III Day 19,batch4,acetone_74
S2_train_I_internal_val_test_all,three_class_with_air,test,acetone\acetone_75.csv,acetone,Period_III,Day 19,19,Period III Day 19,batch4,acetone_75
S2_train_I_internal_val_test_all,three_class_with_air,test,acetone\acetone_76.csv,acetone,Period_III,Day 19,19,Period III Day 19,batch4,acetone_76
S2_train_I_internal_val_test_all,three_class_with_air,test,acetone\acetone_77.csv,acetone,Period_III,Day 20,20,Period III Day 20,batch4,acetone_77
S2_train_I_internal_val_test_all,three_class_with_air,test,acetone\acetone_78.csv,acetone,Period_III,Day 20,20,Period III Day 20,batch4,acetone_78
S2_train_I_internal_val_test_all,three_class_with_air,test,acetone\acetone_79.csv,acetone,Period_III,Day 20,20,Period III Day 20,batch4,acetone_79
S2_train_I_internal_val_test_all,three_class_with_air,test,acetone\acetone_80.csv,acetone,Period_III,Day 20,20,Period III Day 20,batch4,acetone_80
S2_train_I_internal_val_test_all,three_class_with_air,test,acetone\acetone_81.csv,acetone,Period_III,Day 21,21,Period III Day 21,batch4,acetone_81
S2_train_I_internal_val_test_all,three_class_with_air,test,acetone\acetone_82.csv,acetone,Period_III,Day 21,21,Period III Day 21,batch4,acetone_82
S2_train_I_internal_val_test_all,three_class_with_air,test,acetone\acetone_83.csv,acetone,Period_III,Day 21,21,Period III Day 21,batch4,acetone_83
S2_train_I_internal_val_test_all,three_class_with_air,test,acetone\acetone_84.csv,acetone,Period_III,Day 21,21,Period III Day 21,batch4,acetone_84
S2_train_I_internal_val_test_all,three_class_with_air,test,acetone\acetone_85.csv,acetone,Period_IV,Day 22,22,Period IV Day 22,batch5,acetone_85
S2_train_I_internal_val_test_all,three_class_with_air,test,acetone\acetone_86.csv,acetone,Period_IV,Day 22,22,Period IV Day 22,batch5,acetone_86
S2_train_I_internal_val_test_all,three_class_with_air,test,acetone\acetone_87.csv,acetone,Period_IV,Day 22,22,Period IV Day 22,batch5,acetone_87
S2_train_I_internal_val_test_all,three_class_with_air,test,acetone\acetone_88.csv,acetone,Period_IV,Day 22,22,Period IV Day 22,batch5,acetone_88
S2_train_I_internal_val_test_all,three_class_with_air,test,acetone\acetone_89.csv,acetone,Period_IV,Day 23,23,Period IV Day 23,batch5,acetone_89
S2_train_I_internal_val_test_all,three_class_with_air,test,acetone\acetone_90.csv,acetone,Period_IV,Day 23,23,Period IV Day 23,batch5,acetone_90
S2_train_I_internal_val_test_all,three_class_with_air,test,acetone\acetone_91.csv,acetone,Period_IV,Day 23,23,Period IV Day 23,batch5,acetone_91
S2_train_I_internal_val_test_all,three_class_with_air,test,acetone\acetone_92.csv,acetone,Period_IV,Day 23,23,Period IV Day 23,batch5,acetone_92
S2_train_I_internal_val_test_all,three_class_with_air,test,acetone\acetone_93.csv,acetone,Period_IV,Day 24,24,Period IV Day 24,batch5,acetone_93
S2_train_I_internal_val_test_all,three_class_with_air,test,acetone\acetone_94.csv,acetone,Period_IV,Day 24,24,Period IV Day 24,batch5,acetone_94
S2_train_I_internal_val_test_all,three_class_with_air,test,acetone\acetone_95.csv,acetone,Period_IV,Day 24,24,Period IV Day 24,batch5,acetone_95
S2_train_I_internal_val_test_all,three_class_with_air,test,acetone\acetone_96.csv,acetone,Period_IV,Day 24,24,Period IV Day 24,batch5,acetone_96
S2_train_I_internal_val_test_all,three_class_with_air,test,air\air_1.csv,air,Period_II,Day 1,1,Period II Day 1,batch1,air_1
S2_train_I_internal_val_test_all,three_class_with_air,test,air\air_2.csv,air,Period_II,Day 1,1,Period II Day 1,batch1,air_2
S2_train_I_internal_val_test_all,three_class_with_air,test,air\air_3.csv,air,Period_II,Day 2,2,Period II Day 2,batch1,air_3
S2_train_I_internal_val_test_all,three_class_with_air,test,air\air_4.csv,air,Period_II,Day 2,2,Period II Day 2,batch1,air_4
S2_train_I_internal_val_test_all,three_class_with_air,test,air\air_5.csv,air,Period_II,Day 3,3,Period II Day 3,batch2,air_5
S2_train_I_internal_val_test_all,three_class_with_air,test,air\air_6.csv,air,Period_II,Day 3,3,Period II Day 3,batch2,air_6
S2_train_I_internal_val_test_all,three_class_with_air,test,air\air_7.csv,air,Period_II,Day 4,4,Period II Day 4,batch2,air_7
S2_train_I_internal_val_test_all,three_class_with_air,test,air\air_8.csv,air,Period_II,Day 4,4,Period II Day 4,batch2,air_8
S2_train_I_internal_val_test_all,three_class_with_air,test,air\air_9.csv,air,Period_II,Day 5,5,Period II Day 5,batch2,air_9
S2_train_I_internal_val_test_all,three_class_with_air,test,air\air_10.csv,air,Period_II,Day 5,5,Period II Day 5,batch2,air_10
S2_train_I_internal_val_test_all,three_class_with_air,test,air\air_11.csv,air,Period_II,Day 6,6,Period II Day 6,batch2,air_11
S2_train_I_internal_val_test_all,three_class_with_air,test,air\air_12.csv,air,Period_II,Day 6,6,Period II Day 6,batch2,air_12
S2_train_I_internal_val_test_all,three_class_with_air,test,air\air_13.csv,air,Period_II,Day 6,6,Period II Day 6,batch2,air_13
S2_train_I_internal_val_test_all,three_class_with_air,test,air\air_14.csv,air,Period_II,Day 8,8,Period II Day 8,batch2,air_14
S2_train_I_internal_val_test_all,three_class_with_air,test,air\air_15.csv,air,Period_II,Day 8,8,Period II Day 8,batch2,air_15
S2_train_I_internal_val_test_all,three_class_with_air,test,air\air_16.csv,air,Period_II,Day 9,9,Period II Day 9,batch2,air_16
S2_train_I_internal_val_test_all,three_class_with_air,test,air\air_17.csv,air,Period_II,Day 9,9,Period II Day 9,batch2,air_17
S2_train_I_internal_val_test_all,three_class_with_air,test,air\air_18.csv,air,Period_II,Day 10,10,Period II Day 10,batch3,air_18
S2_train_I_internal_val_test_all,three_class_with_air,test,air\air_19.csv,air,Period_II,Day 10,10,Period II Day 10,batch3,air_19
S2_train_I_internal_val_test_all,three_class_with_air,test,air\air_20.csv,air,Period_II,Day 11,11,Period II Day 11,batch3,air_20
S2_train_I_internal_val_test_all,three_class_with_air,test,air\air_21.csv,air,Period_II,Day 11,11,Period II Day 11,batch3,air_21
S2_train_I_internal_val_test_all,three_class_with_air,test,air\air_22.csv,air,Period_II,Day 12,12,Period II Day 12,batch3,air_22
S2_train_I_internal_val_test_all,three_class_with_air,test,air\air_23.csv,air,Period_II,Day 12,12,Period II Day 12,batch3,air_23
S2_train_I_internal_val_test_all,three_class_with_air,test,air\air_24.csv,air,Period_II,Day 13,13,Period II Day 13,batch3,air_24
S2_train_I_internal_val_test_all,three_class_with_air,test,air\air_25.csv,air,Period_II,Day 13,13,Period II Day 13,batch3,air_25
S2_train_I_internal_val_test_all,three_class_with_air,test,air\air_26.csv,air,Period_II,Day 13,13,Period II Day 13,batch3,air_26
S2_train_I_internal_val_test_all,three_class_with_air,test,air\air_27.csv,air,Period_II,Day 13,13,Period II Day 13,batch3,air_27
S2_train_I_internal_val_test_all,three_class_with_air,test,air\air_28.csv,air,Period_II,Day 13,13,Period II Day 13,batch3,air_28
S2_train_I_internal_val_test_all,three_class_with_air,test,air\air_29.csv,air,Period_II,Day 14,14,Period II Day 14,batch3,air_29
S2_train_I_internal_val_test_all,three_class_with_air,test,air\air_30.csv,air,Period_II,Day 14,14,Period II Day 14,batch3,air_30
S2_train_I_internal_val_test_all,three_class_with_air,test,air\air_31.csv,air,Period_II,Day 14,14,Period II Day 14,batch3,air_31
S2_train_I_internal_val_test_all,three_class_with_air,test,air\air_32.csv,air,Period_II,Day 14,14,Period II Day 14,batch3,air_32
S2_train_I_internal_val_test_all,three_class_with_air,test,air\air_33.csv,air,Period_II,Day 14,14,Period II Day 14,batch3,air_33
S2_train_I_internal_val_test_all,three_class_with_air,test,air\air_34.csv,air,Period_II,Day 14,14,Period II Day 14,batch3,air_34
S2_train_I_internal_val_test_all,three_class_with_air,test,air\air_35.csv,air,Period_II,Day 15,15,Period II Day 15,batch3,air_35
S2_train_I_internal_val_test_all,three_class_with_air,test,air\air_36.csv,air,Period_II,Day 15,15,Period II Day 15,batch3,air_36
S2_train_I_internal_val_test_all,three_class_with_air,test,air\air_37.csv,air,Period_II,Day 15,15,Period II Day 15,batch3,air_37
S2_train_I_internal_val_test_all,three_class_with_air,test,air\air_38.csv,air,Period_II,Day 15,15,Period II Day 15,batch3,air_38
S2_train_I_internal_val_test_all,three_class_with_air,test,air\air_39.csv,air,Period_II,Day 15,15,Period II Day 15,batch3,air_39
S2_train_I_internal_val_test_all,three_class_with_air,test,air\air_40.csv,air,Period_II,Day 15,15,Period II Day 15,batch3,air_40
S2_train_I_internal_val_test_all,three_class_with_air,test,air\air_41.csv,air,Period_II,Day 16,16,Period II Day 16,batch3,air_41
S2_train_I_internal_val_test_all,three_class_with_air,test,air\air_42.csv,air,Period_II,Day 16,16,Period II Day 16,batch3,air_42
S2_train_I_internal_val_test_all,three_class_with_air,test,air\air_43.csv,air,Period_II,Day 16,16,Period II Day 16,batch3,air_43
S2_train_I_internal_val_test_all,three_class_with_air,test,air\air_44.csv,air,Period_II,Day 16,16,Period II Day 16,batch3,air_44
S2_train_I_internal_val_test_all,three_class_with_air,test,air\air_45.csv,air,Period_II,Day 17,17,Period II Day 17,batch3,air_45
S2_train_I_internal_val_test_all,three_class_with_air,test,air\air_46.csv,air,Period_II,Day 17,17,Period II Day 17,batch3,air_46
S2_train_I_internal_val_test_all,three_class_with_air,test,air\air_47.csv,air,Period_II,Day 17,17,Period II Day 17,batch3,air_47
S2_train_I_internal_val_test_all,three_class_with_air,test,air\air_48.csv,air,Period_II,Day 17,17,Period II Day 17,batch3,air_48
S2_train_I_internal_val_test_all,three_class_with_air,test,air\air_49.csv,air,Period_III,Day 18,18,Period III Day 18,batch4,air_49
S2_train_I_internal_val_test_all,three_class_with_air,test,air\air_50.csv,air,Period_III,Day 18,18,Period III Day 18,batch4,air_50
S2_train_I_internal_val_test_all,three_class_with_air,test,air\air_51.csv,air,Period_III,Day 18,18,Period III Day 18,batch4,air_51
S2_train_I_internal_val_test_all,three_class_with_air,test,air\air_52.csv,air,Period_III,Day 18,18,Period III Day 18,batch4,air_52
S2_train_I_internal_val_test_all,three_class_with_air,test,air\air_53.csv,air,Period_III,Day 19,19,Period III Day 19,batch4,air_53
S2_train_I_internal_val_test_all,three_class_with_air,test,air\air_54.csv,air,Period_III,Day 19,19,Period III Day 19,batch4,air_54
S2_train_I_internal_val_test_all,three_class_with_air,test,air\air_55.csv,air,Period_III,Day 20,20,Period III Day 20,batch4,air_55
S2_train_I_internal_val_test_all,three_class_with_air,test,air\air_56.csv,air,Period_III,Day 20,20,Period III Day 20,batch4,air_56
S2_train_I_internal_val_test_all,three_class_with_air,test,air\air_57.csv,air,Period_III,Day 20,20,Period III Day 20,batch4,air_57
S2_train_I_internal_val_test_all,three_class_with_air,test,air\air_58.csv,air,Period_III,Day 20,20,Period III Day 20,batch4,air_58
S2_train_I_internal_val_test_all,three_class_with_air,test,air\air_59.csv,air,Period_III,Day 21,21,Period III Day 21,batch4,air_59
S2_train_I_internal_val_test_all,three_class_with_air,test,air\air_60.csv,air,Period_III,Day 21,21,Period III Day 21,batch4,air_60
S2_train_I_internal_val_test_all,three_class_with_air,test,air\air_61.csv,air,Period_III,Day 21,21,Period III Day 21,batch4,air_61
S2_train_I_internal_val_test_all,three_class_with_air,test,air\air_62.csv,air,Period_III,Day 21,21,Period III Day 21,batch4,air_62
S2_train_I_internal_val_test_all,three_class_with_air,test,air\air_63.csv,air,Period_IV,Day 22,22,Period IV Day 22,batch5,air_63
S2_train_I_internal_val_test_all,three_class_with_air,test,air\air_64.csv,air,Period_IV,Day 22,22,Period IV Day 22,batch5,air_64
S2_train_I_internal_val_test_all,three_class_with_air,test,air\air_65.csv,air,Period_IV,Day 22,22,Period IV Day 22,batch5,air_65
S2_train_I_internal_val_test_all,three_class_with_air,test,air\air_66.csv,air,Period_IV,Day 23,23,Period IV Day 23,batch5,air_66
S2_train_I_internal_val_test_all,three_class_with_air,test,air\air_67.csv,air,Period_IV,Day 23,23,Period IV Day 23,batch5,air_67
S2_train_I_internal_val_test_all,three_class_with_air,test,air\air_68.csv,air,Period_IV,Day 23,23,Period IV Day 23,batch5,air_68
S2_train_I_internal_val_test_all,three_class_with_air,test,air\air_69.csv,air,Period_IV,Day 23,23,Period IV Day 23,batch5,air_69
S2_train_I_internal_val_test_all,three_class_with_air,test,air\air_70.csv,air,Period_IV,Day 24,24,Period IV Day 24,batch5,air_70
S2_train_I_internal_val_test_all,three_class_with_air,test,air\air_71.csv,air,Period_IV,Day 24,24,Period IV Day 24,batch5,air_71
S2_train_I_internal_val_test_all,three_class_with_air,test,air\air_72.csv,air,Period_IV,Day 24,24,Period IV Day 24,batch5,air_72
S2_train_I_internal_val_test_all,three_class_with_air,test,air\reference_1.csv,air,Period_II,Day 1,1,Period II Day 1,batch1,reference_1
S2_train_I_internal_val_test_all,three_class_with_air,test,air\reference_2.csv,air,Period_II,Day 1,1,Period II Day 1,batch1,reference_2
S2_train_I_internal_val_test_all,three_class_with_air,test,air\reference_3.csv,air,Period_II,Day 1,1,Period II Day 1,batch1,reference_3
S2_train_I_internal_val_test_all,three_class_with_air,test,air\reference_4.csv,air,Period_II,Day 1,1,Period II Day 1,batch1,reference_4
S2_train_I_internal_val_test_all,three_class_with_air,test,air\reference_5.csv,air,Period_II,Day 3,3,Period II Day 3,batch2,reference_5
S2_train_I_internal_val_test_all,three_class_with_air,test,air\reference_6.csv,air,Period_II,Day 3,3,Period II Day 3,batch2,reference_6
S2_train_I_internal_val_test_all,three_class_with_air,test,air\reference_7.csv,air,Period_II,Day 4,4,Period II Day 4,batch2,reference_7
S2_train_I_internal_val_test_all,three_class_with_air,test,air\reference_8.csv,air,Period_II,Day 4,4,Period II Day 4,batch2,reference_8
S2_train_I_internal_val_test_all,three_class_with_air,test,air\reference_9.csv,air,Period_II,Day 8,8,Period II Day 8,batch2,reference_9
S2_train_I_internal_val_test_all,three_class_with_air,test,alcohol\alcohol_1.csv,alcohol,Period_II,Day 1,1,Period II Day 1,batch1,alcohol_1
S2_train_I_internal_val_test_all,three_class_with_air,test,alcohol\alcohol_2.csv,alcohol,Period_II,Day 1,1,Period II Day 1,batch1,alcohol_2
S2_train_I_internal_val_test_all,three_class_with_air,test,alcohol\alcohol_3.csv,alcohol,Period_II,Day 1,1,Period II Day 1,batch1,alcohol_3
S2_train_I_internal_val_test_all,three_class_with_air,test,alcohol\alcohol_4.csv,alcohol,Period_II,Day 1,1,Period II Day 1,batch1,alcohol_4
S2_train_I_internal_val_test_all,three_class_with_air,test,alcohol\alcohol_5.csv,alcohol,Period_II,Day 1,1,Period II Day 1,batch1,alcohol_5
S2_train_I_internal_val_test_all,three_class_with_air,test,alcohol\alcohol_6.csv,alcohol,Period_II,Day 2,2,Period II Day 2,batch1,alcohol_6
S2_train_I_internal_val_test_all,three_class_with_air,test,alcohol\alcohol_7.csv,alcohol,Period_II,Day 2,2,Period II Day 2,batch1,alcohol_7
S2_train_I_internal_val_test_all,three_class_with_air,test,alcohol\alcohol_8.csv,alcohol,Period_II,Day 2,2,Period II Day 2,batch1,alcohol_8
S2_train_I_internal_val_test_all,three_class_with_air,test,alcohol\alcohol_9.csv,alcohol,Period_II,Day 2,2,Period II Day 2,batch1,alcohol_9
S2_train_I_internal_val_test_all,three_class_with_air,test,alcohol\alcohol_10.csv,alcohol,Period_II,Day 2,2,Period II Day 2,batch1,alcohol_10
S2_train_I_internal_val_test_all,three_class_with_air,test,alcohol\alcohol_11.csv,alcohol,Period_II,Day 3,3,Period II Day 3,batch2,alcohol_11
S2_train_I_internal_val_test_all,three_class_with_air,test,alcohol\alcohol_12.csv,alcohol,Period_II,Day 3,3,Period II Day 3,batch2,alcohol_12
S2_train_I_internal_val_test_all,three_class_with_air,test,alcohol\alcohol_13.csv,alcohol,Period_II,Day 3,3,Period II Day 3,batch2,alcohol_13
S2_train_I_internal_val_test_all,three_class_with_air,test,alcohol\alcohol_14.csv,alcohol,Period_II,Day 3,3,Period II Day 3,batch2,alcohol_14
S2_train_I_internal_val_test_all,three_class_with_air,test,alcohol\alcohol_15.csv,alcohol,Period_II,Day 3,3,Period II Day 3,batch2,alcohol_15
S2_train_I_internal_val_test_all,three_class_with_air,test,alcohol\alcohol_16.csv,alcohol,Period_II,Day 4,4,Period II Day 4,batch2,alcohol_16
S2_train_I_internal_val_test_all,three_class_with_air,test,alcohol\alcohol_17.csv,alcohol,Period_II,Day 4,4,Period II Day 4,batch2,alcohol_17
S2_train_I_internal_val_test_all,three_class_with_air,test,alcohol\alcohol_18.csv,alcohol,Period_II,Day 4,4,Period II Day 4,batch2,alcohol_18
S2_train_I_internal_val_test_all,three_class_with_air,test,alcohol\alcohol_19.csv,alcohol,Period_II,Day 4,4,Period II Day 4,batch2,alcohol_19
S2_train_I_internal_val_test_all,three_class_with_air,test,alcohol\alcohol_20.csv,alcohol,Period_II,Day 4,4,Period II Day 4,batch2,alcohol_20
S2_train_I_internal_val_test_all,three_class_with_air,test,alcohol\alcohol_21.csv,alcohol,Period_II,Day 5,5,Period II Day 5,batch2,alcohol_21
S2_train_I_internal_val_test_all,three_class_with_air,test,alcohol\alcohol_22.csv,alcohol,Period_II,Day 5,5,Period II Day 5,batch2,alcohol_22
S2_train_I_internal_val_test_all,three_class_with_air,test,alcohol\alcohol_23.csv,alcohol,Period_II,Day 5,5,Period II Day 5,batch2,alcohol_23
S2_train_I_internal_val_test_all,three_class_with_air,test,alcohol\alcohol_24.csv,alcohol,Period_II,Day 5,5,Period II Day 5,batch2,alcohol_24
S2_train_I_internal_val_test_all,three_class_with_air,test,alcohol\alcohol_25.csv,alcohol,Period_II,Day 5,5,Period II Day 5,batch2,alcohol_25
S2_train_I_internal_val_test_all,three_class_with_air,test,alcohol\alcohol_26.csv,alcohol,Period_II,Day 6,6,Period II Day 6,batch2,alcohol_26
S2_train_I_internal_val_test_all,three_class_with_air,test,alcohol\alcohol_27.csv,alcohol,Period_II,Day 6,6,Period II Day 6,batch2,alcohol_27
S2_train_I_internal_val_test_all,three_class_with_air,test,alcohol\alcohol_28.csv,alcohol,Period_II,Day 6,6,Period II Day 6,batch2,alcohol_28
S2_train_I_internal_val_test_all,three_class_with_air,test,alcohol\alcohol_29.csv,alcohol,Period_II,Day 6,6,Period II Day 6,batch2,alcohol_29
S2_train_I_internal_val_test_all,three_class_with_air,test,alcohol\alcohol_30.csv,alcohol,Period_II,Day 6,6,Period II Day 6,batch2,alcohol_30
S2_train_I_internal_val_test_all,three_class_with_air,test,alcohol\alcohol_31.csv,alcohol,Period_II,Day 6,6,Period II Day 6,batch2,alcohol_31
S2_train_I_internal_val_test_all,three_class_with_air,test,alcohol\alcohol_32.csv,alcohol,Period_II,Day 6,6,Period II Day 6,batch2,alcohol_32
S2_train_I_internal_val_test_all,three_class_with_air,test,alcohol\alcohol_33.csv,alcohol,Period_II,Day 7,7,Period II Day 7,batch2,alcohol_33
S2_train_I_internal_val_test_all,three_class_with_air,test,alcohol\alcohol_34.csv,alcohol,Period_II,Day 7,7,Period II Day 7,batch2,alcohol_34
S2_train_I_internal_val_test_all,three_class_with_air,test,alcohol\alcohol_35.csv,alcohol,Period_II,Day 7,7,Period II Day 7,batch2,alcohol_35
S2_train_I_internal_val_test_all,three_class_with_air,test,alcohol\alcohol_36.csv,alcohol,Period_II,Day 8,8,Period II Day 8,batch2,alcohol_36
S2_train_I_internal_val_test_all,three_class_with_air,test,alcohol\alcohol_37.csv,alcohol,Period_II,Day 8,8,Period II Day 8,batch2,alcohol_37
S2_train_I_internal_val_test_all,three_class_with_air,test,alcohol\alcohol_38.csv,alcohol,Period_II,Day 8,8,Period II Day 8,batch2,alcohol_38
S2_train_I_internal_val_test_all,three_class_with_air,test,alcohol\alcohol_39.csv,alcohol,Period_II,Day 9,9,Period II Day 9,batch2,alcohol_39
S2_train_I_internal_val_test_all,three_class_with_air,test,alcohol\alcohol_40.csv,alcohol,Period_II,Day 9,9,Period II Day 9,batch2,alcohol_40
S2_train_I_internal_val_test_all,three_class_with_air,test,alcohol\alcohol_41.csv,alcohol,Period_II,Day 9,9,Period II Day 9,batch2,alcohol_41
S2_train_I_internal_val_test_all,three_class_with_air,test,alcohol\alcohol_42.csv,alcohol,Period_II,Day 9,9,Period II Day 9,batch2,alcohol_42
S2_train_I_internal_val_test_all,three_class_with_air,test,alcohol\alcohol_43.csv,alcohol,Period_II,Day 9,9,Period II Day 9,batch2,alcohol_43
S2_train_I_internal_val_test_all,three_class_with_air,test,alcohol\alcohol_44.csv,alcohol,Period_II,Day 10,10,Period II Day 10,batch3,alcohol_44
S2_train_I_internal_val_test_all,three_class_with_air,test,alcohol\alcohol_45.csv,alcohol,Period_II,Day 10,10,Period II Day 10,batch3,alcohol_45
S2_train_I_internal_val_test_all,three_class_with_air,test,alcohol\alcohol_46.csv,alcohol,Period_II,Day 10,10,Period II Day 10,batch3,alcohol_46
S2_train_I_internal_val_test_all,three_class_with_air,test,alcohol\alcohol_47.csv,alcohol,Period_II,Day 10,10,Period II Day 10,batch3,alcohol_47
S2_train_I_internal_val_test_all,three_class_with_air,test,alcohol\alcohol_48.csv,alcohol,Period_II,Day 11,11,Period II Day 11,batch3,alcohol_48
S2_train_I_internal_val_test_all,three_class_with_air,test,alcohol\alcohol_49.csv,alcohol,Period_II,Day 11,11,Period II Day 11,batch3,alcohol_49
S2_train_I_internal_val_test_all,three_class_with_air,test,alcohol\alcohol_50.csv,alcohol,Period_II,Day 11,11,Period II Day 11,batch3,alcohol_50
S2_train_I_internal_val_test_all,three_class_with_air,test,alcohol\alcohol_51.csv,alcohol,Period_II,Day 11,11,Period II Day 11,batch3,alcohol_51
S2_train_I_internal_val_test_all,three_class_with_air,test,alcohol\alcohol_52.csv,alcohol,Period_II,Day 12,12,Period II Day 12,batch3,alcohol_52
S2_train_I_internal_val_test_all,three_class_with_air,test,alcohol\alcohol_53.csv,alcohol,Period_II,Day 12,12,Period II Day 12,batch3,alcohol_53
S2_train_I_internal_val_test_all,three_class_with_air,test,alcohol\alcohol_54.csv,alcohol,Period_II,Day 12,12,Period II Day 12,batch3,alcohol_54
S2_train_I_internal_val_test_all,three_class_with_air,test,alcohol\alcohol_55.csv,alcohol,Period_II,Day 12,12,Period II Day 12,batch3,alcohol_55
S2_train_I_internal_val_test_all,three_class_with_air,test,alcohol\alcohol_56.csv,alcohol,Period_II,Day 13,13,Period II Day 13,batch3,alcohol_56
S2_train_I_internal_val_test_all,three_class_with_air,test,alcohol\alcohol_57.csv,alcohol,Period_II,Day 13,13,Period II Day 13,batch3,alcohol_57
S2_train_I_internal_val_test_all,three_class_with_air,test,alcohol\alcohol_58.csv,alcohol,Period_II,Day 14,14,Period II Day 14,batch3,alcohol_58
S2_train_I_internal_val_test_all,three_class_with_air,test,alcohol\alcohol_59.csv,alcohol,Period_II,Day 14,14,Period II Day 14,batch3,alcohol_59
S2_train_I_internal_val_test_all,three_class_with_air,test,alcohol\alcohol_60.csv,alcohol,Period_II,Day 14,14,Period II Day 14,batch3,alcohol_60
S2_train_I_internal_val_test_all,three_class_with_air,test,alcohol\alcohol_61.csv,alcohol,Period_II,Day 15,15,Period II Day 15,batch3,alcohol_61
S2_train_I_internal_val_test_all,three_class_with_air,test,alcohol\alcohol_62.csv,alcohol,Period_II,Day 15,15,Period II Day 15,batch3,alcohol_62
S2_train_I_internal_val_test_all,three_class_with_air,test,alcohol\alcohol_63.csv,alcohol,Period_II,Day 15,15,Period II Day 15,batch3,alcohol_63
S2_train_I_internal_val_test_all,three_class_with_air,test,alcohol\alcohol_64.csv,alcohol,Period_II,Day 17,17,Period II Day 17,batch3,alcohol_64
S2_train_I_internal_val_test_all,three_class_with_air,test,alcohol\alcohol_65.csv,alcohol,Period_II,Day 17,17,Period II Day 17,batch3,alcohol_65
S2_train_I_internal_val_test_all,three_class_with_air,test,alcohol\alcohol_66.csv,alcohol,Period_II,Day 17,17,Period II Day 17,batch3,alcohol_66
S2_train_I_internal_val_test_all,three_class_with_air,test,alcohol\alcohol_67.csv,alcohol,Period_II,Day 17,17,Period II Day 17,batch3,alcohol_67
S2_train_I_internal_val_test_all,three_class_with_air,test,alcohol\alcohol_68.csv,alcohol,Period_II,Day 17,17,Period II Day 17,batch3,alcohol_68
S2_train_I_internal_val_test_all,three_class_with_air,test,alcohol\alcohol_69.csv,alcohol,Period_III,Day 18,18,Period III Day 18,batch4,alcohol_69
S2_train_I_internal_val_test_all,three_class_with_air,test,alcohol\alcohol_70.csv,alcohol,Period_III,Day 18,18,Period III Day 18,batch4,alcohol_70
S2_train_I_internal_val_test_all,three_class_with_air,test,alcohol\alcohol_71.csv,alcohol,Period_III,Day 18,18,Period III Day 18,batch4,alcohol_71
S2_train_I_internal_val_test_all,three_class_with_air,test,alcohol\alcohol_72.csv,alcohol,Period_III,Day 18,18,Period III Day 18,batch4,alcohol_72
S2_train_I_internal_val_test_all,three_class_with_air,test,alcohol\alcohol_73.csv,alcohol,Period_III,Day 18,18,Period III Day 18,batch4,alcohol_73
S2_train_I_internal_val_test_all,three_class_with_air,test,alcohol\alcohol_74.csv,alcohol,Period_III,Day 19,19,Period III Day 19,batch4,alcohol_74
S2_train_I_internal_val_test_all,three_class_with_air,test,alcohol\alcohol_75.csv,alcohol,Period_III,Day 19,19,Period III Day 19,batch4,alcohol_75
S2_train_I_internal_val_test_all,three_class_with_air,test,alcohol\alcohol_76.csv,alcohol,Period_III,Day 19,19,Period III Day 19,batch4,alcohol_76
S2_train_I_internal_val_test_all,three_class_with_air,test,alcohol\alcohol_77.csv,alcohol,Period_III,Day 20,20,Period III Day 20,batch4,alcohol_77
S2_train_I_internal_val_test_all,three_class_with_air,test,alcohol\alcohol_78.csv,alcohol,Period_III,Day 20,20,Period III Day 20,batch4,alcohol_78
S2_train_I_internal_val_test_all,three_class_with_air,test,alcohol\alcohol_79.csv,alcohol,Period_III,Day 20,20,Period III Day 20,batch4,alcohol_79
S2_train_I_internal_val_test_all,three_class_with_air,test,alcohol\alcohol_80.csv,alcohol,Period_III,Day 20,20,Period III Day 20,batch4,alcohol_80
S2_train_I_internal_val_test_all,three_class_with_air,test,alcohol\alcohol_81.csv,alcohol,Period_III,Day 21,21,Period III Day 21,batch4,alcohol_81
S2_train_I_internal_val_test_all,three_class_with_air,test,alcohol\alcohol_82.csv,alcohol,Period_III,Day 21,21,Period III Day 21,batch4,alcohol_82
S2_train_I_internal_val_test_all,three_class_with_air,test,alcohol\alcohol_83.csv,alcohol,Period_III,Day 21,21,Period III Day 21,batch4,alcohol_83
S2_train_I_internal_val_test_all,three_class_with_air,test,alcohol\alcohol_84.csv,alcohol,Period_III,Day 21,21,Period III Day 21,batch4,alcohol_84
S2_train_I_internal_val_test_all,three_class_with_air,test,alcohol\alcohol_85.csv,alcohol,Period_IV,Day 22,22,Period IV Day 22,batch5,alcohol_85
S2_train_I_internal_val_test_all,three_class_with_air,test,alcohol\alcohol_86.csv,alcohol,Period_IV,Day 22,22,Period IV Day 22,batch5,alcohol_86
S2_train_I_internal_val_test_all,three_class_with_air,test,alcohol\alcohol_87.csv,alcohol,Period_IV,Day 22,22,Period IV Day 22,batch5,alcohol_87
S2_train_I_internal_val_test_all,three_class_with_air,test,alcohol\alcohol_88.csv,alcohol,Period_IV,Day 22,22,Period IV Day 22,batch5,alcohol_88
S2_train_I_internal_val_test_all,three_class_with_air,test,alcohol\alcohol_89.csv,alcohol,Period_IV,Day 23,23,Period IV Day 23,batch5,alcohol_89
S2_train_I_internal_val_test_all,three_class_with_air,test,alcohol\alcohol_90.csv,alcohol,Period_IV,Day 23,23,Period IV Day 23,batch5,alcohol_90
S2_train_I_internal_val_test_all,three_class_with_air,test,alcohol\alcohol_91.csv,alcohol,Period_IV,Day 23,23,Period IV Day 23,batch5,alcohol_91
S2_train_I_internal_val_test_all,three_class_with_air,test,alcohol\alcohol_92.csv,alcohol,Period_IV,Day 23,23,Period IV Day 23,batch5,alcohol_92
S2_train_I_internal_val_test_all,three_class_with_air,test,alcohol\alcohol_93.csv,alcohol,Period_IV,Day 24,24,Period IV Day 24,batch5,alcohol_93
S2_train_I_internal_val_test_all,three_class_with_air,test,alcohol\alcohol_94.csv,alcohol,Period_IV,Day 24,24,Period IV Day 24,batch5,alcohol_94
S2_train_I_internal_val_test_all,three_class_with_air,test,alcohol\alcohol_95.csv,alcohol,Period_IV,Day 24,24,Period IV Day 24,batch5,alcohol_95
S2_train_I_internal_val_test_all,three_class_with_air,test,alcohol\alcohol_96.csv,alcohol,Period_IV,Day 24,24,Period IV Day 24,batch5,alcohol_96
S3_train_I_internal_20_10_test_all,three_class_with_air,train,acetone\acetone_o1.csv,acetone,Period_I,Day 1 afternoon,1,Period I Day 1 afternoon,source,acetone_o1
S3_train_I_internal_20_10_test_all,three_class_with_air,train,acetone\acetone_o3.csv,acetone,Period_I,Day 1 afternoon,1,Period I Day 1 afternoon,source,acetone_o3
S3_train_I_internal_20_10_test_all,three_class_with_air,train,acetone\acetone_o5.csv,acetone,Period_I,Day 2 noon,2,Period I Day 2 noon,source,acetone_o5
S3_train_I_internal_20_10_test_all,three_class_with_air,train,acetone\acetone_o8.csv,acetone,Period_I,Day 2 afternoon,2,Period I Day 2 afternoon,source,acetone_o8
S3_train_I_internal_20_10_test_all,three_class_with_air,train,acetone\acetone_o9.csv,acetone,Period_I,Day 2 afternoon,2,Period I Day 2 afternoon,source,acetone_o9
S3_train_I_internal_20_10_test_all,three_class_with_air,train,acetone\acetone_o10.csv,acetone,Period_I,Day 3 noon,3,Period I Day 3 noon,source,acetone_o10
S3_train_I_internal_20_10_test_all,three_class_with_air,train,acetone\acetone_o11.csv,acetone,Period_I,Day 3 noon,3,Period I Day 3 noon,source,acetone_o11
S3_train_I_internal_20_10_test_all,three_class_with_air,train,acetone\acetone_o12.csv,acetone,Period_I,Day 3 noon,3,Period I Day 3 noon,source,acetone_o12
S3_train_I_internal_20_10_test_all,three_class_with_air,train,air\baseline_1.csv,air,Period_I,baseline,0,Period I baseline,source,baseline_1
S3_train_I_internal_20_10_test_all,three_class_with_air,train,air\baseline_3.csv,air,Period_I,baseline,0,Period I baseline,source,baseline_3
S3_train_I_internal_20_10_test_all,three_class_with_air,train,air\baseline_4.csv,air,Period_I,baseline,0,Period I baseline,source,baseline_4
S3_train_I_internal_20_10_test_all,three_class_with_air,train,air\baseline_5.csv,air,Period_I,baseline,0,Period I baseline,source,baseline_5
S3_train_I_internal_20_10_test_all,three_class_with_air,train,alcohol\alcohol_o1.csv,alcohol,Period_I,Day 1 afternoon,1,Period I Day 1 afternoon,source,alcohol_o1
S3_train_I_internal_20_10_test_all,three_class_with_air,train,alcohol\alcohol_o2.csv,alcohol,Period_I,Day 1 afternoon,1,Period I Day 1 afternoon,source,alcohol_o2
S3_train_I_internal_20_10_test_all,three_class_with_air,train,alcohol\alcohol_o5.csv,alcohol,Period_I,Day 2 noon,2,Period I Day 2 noon,source,alcohol_o5
S3_train_I_internal_20_10_test_all,three_class_with_air,train,alcohol\alcohol_o6.csv,alcohol,Period_I,Day 2 noon,2,Period I Day 2 noon,source,alcohol_o6
S3_train_I_internal_20_10_test_all,three_class_with_air,train,alcohol\alcohol_o7.csv,alcohol,Period_I,Day 2 afternoon,2,Period I Day 2 afternoon,source,alcohol_o7
S3_train_I_internal_20_10_test_all,three_class_with_air,train,alcohol\alcohol_o8.csv,alcohol,Period_I,Day 2 afternoon,2,Period I Day 2 afternoon,source,alcohol_o8
S3_train_I_internal_20_10_test_all,three_class_with_air,train,alcohol\alcohol_o9.csv,alcohol,Period_I,Day 2 afternoon,2,Period I Day 2 afternoon,source,alcohol_o9
S3_train_I_internal_20_10_test_all,three_class_with_air,train,alcohol\alcohol_o10.csv,alcohol,Period_I,Day 3 noon,3,Period I Day 3 noon,source,alcohol_o10
S3_train_I_internal_20_10_test_all,three_class_with_air,validation,acetone\acetone_o2.csv,acetone,Period_I,Day 1 afternoon,1,Period I Day 1 afternoon,source,acetone_o2
S3_train_I_internal_20_10_test_all,three_class_with_air,validation,acetone\acetone_o4.csv,acetone,Period_I,Day 2 noon,2,Period I Day 2 noon,source,acetone_o4
S3_train_I_internal_20_10_test_all,three_class_with_air,validation,acetone\acetone_o6.csv,acetone,Period_I,Day 2 noon,2,Period I Day 2 noon,source,acetone_o6
S3_train_I_internal_20_10_test_all,three_class_with_air,validation,acetone\acetone_o7.csv,acetone,Period_I,Day 2 afternoon,2,Period I Day 2 afternoon,source,acetone_o7
S3_train_I_internal_20_10_test_all,three_class_with_air,validation,air\baseline_6.csv,air,Period_I,baseline,0,Period I baseline,source,baseline_6
S3_train_I_internal_20_10_test_all,three_class_with_air,validation,air\baseline_7.csv,air,Period_I,baseline,0,Period I baseline,source,baseline_7
S3_train_I_internal_20_10_test_all,three_class_with_air,validation,alcohol\alcohol_o3.csv,alcohol,Period_I,Day 1 afternoon,1,Period I Day 1 afternoon,source,alcohol_o3
S3_train_I_internal_20_10_test_all,three_class_with_air,validation,alcohol\alcohol_o4.csv,alcohol,Period_I,Day 2 noon,2,Period I Day 2 noon,source,alcohol_o4
S3_train_I_internal_20_10_test_all,three_class_with_air,validation,alcohol\alcohol_o11.csv,alcohol,Period_I,Day 3 noon,3,Period I Day 3 noon,source,alcohol_o11
S3_train_I_internal_20_10_test_all,three_class_with_air,validation,alcohol\alcohol_o12.csv,alcohol,Period_I,Day 3 noon,3,Period I Day 3 noon,source,alcohol_o12
S3_train_I_internal_20_10_test_all,three_class_with_air,test,acetone\acetone_1.csv,acetone,Period_II,Day 1,1,Period II Day 1,batch1,acetone_1
S3_train_I_internal_20_10_test_all,three_class_with_air,test,acetone\acetone_2.csv,acetone,Period_II,Day 1,1,Period II Day 1,batch1,acetone_2
S3_train_I_internal_20_10_test_all,three_class_with_air,test,acetone\acetone_3.csv,acetone,Period_II,Day 1,1,Period II Day 1,batch1,acetone_3
S3_train_I_internal_20_10_test_all,three_class_with_air,test,acetone\acetone_4.csv,acetone,Period_II,Day 1,1,Period II Day 1,batch1,acetone_4
S3_train_I_internal_20_10_test_all,three_class_with_air,test,acetone\acetone_5.csv,acetone,Period_II,Day 1,1,Period II Day 1,batch1,acetone_5
S3_train_I_internal_20_10_test_all,three_class_with_air,test,acetone\acetone_6.csv,acetone,Period_II,Day 2,2,Period II Day 2,batch1,acetone_6
S3_train_I_internal_20_10_test_all,three_class_with_air,test,acetone\acetone_7.csv,acetone,Period_II,Day 2,2,Period II Day 2,batch1,acetone_7
S3_train_I_internal_20_10_test_all,three_class_with_air,test,acetone\acetone_8.csv,acetone,Period_II,Day 2,2,Period II Day 2,batch1,acetone_8
S3_train_I_internal_20_10_test_all,three_class_with_air,test,acetone\acetone_9.csv,acetone,Period_II,Day 2,2,Period II Day 2,batch1,acetone_9
S3_train_I_internal_20_10_test_all,three_class_with_air,test,acetone\acetone_10.csv,acetone,Period_II,Day 2,2,Period II Day 2,batch1,acetone_10
S3_train_I_internal_20_10_test_all,three_class_with_air,test,acetone\acetone_11.csv,acetone,Period_II,Day 3,3,Period II Day 3,batch2,acetone_11
S3_train_I_internal_20_10_test_all,three_class_with_air,test,acetone\acetone_12.csv,acetone,Period_II,Day 3,3,Period II Day 3,batch2,acetone_12
S3_train_I_internal_20_10_test_all,three_class_with_air,test,acetone\acetone_13.csv,acetone,Period_II,Day 3,3,Period II Day 3,batch2,acetone_13
S3_train_I_internal_20_10_test_all,three_class_with_air,test,acetone\acetone_14.csv,acetone,Period_II,Day 3,3,Period II Day 3,batch2,acetone_14
S3_train_I_internal_20_10_test_all,three_class_with_air,test,acetone\acetone_15.csv,acetone,Period_II,Day 3,3,Period II Day 3,batch2,acetone_15
S3_train_I_internal_20_10_test_all,three_class_with_air,test,acetone\acetone_16.csv,acetone,Period_II,Day 4,4,Period II Day 4,batch2,acetone_16
S3_train_I_internal_20_10_test_all,three_class_with_air,test,acetone\acetone_17.csv,acetone,Period_II,Day 4,4,Period II Day 4,batch2,acetone_17
S3_train_I_internal_20_10_test_all,three_class_with_air,test,acetone\acetone_18.csv,acetone,Period_II,Day 4,4,Period II Day 4,batch2,acetone_18
S3_train_I_internal_20_10_test_all,three_class_with_air,test,acetone\acetone_19.csv,acetone,Period_II,Day 4,4,Period II Day 4,batch2,acetone_19
S3_train_I_internal_20_10_test_all,three_class_with_air,test,acetone\acetone_20.csv,acetone,Period_II,Day 4,4,Period II Day 4,batch2,acetone_20
S3_train_I_internal_20_10_test_all,three_class_with_air,test,acetone\acetone_21.csv,acetone,Period_II,Day 5,5,Period II Day 5,batch2,acetone_21
S3_train_I_internal_20_10_test_all,three_class_with_air,test,acetone\acetone_22.csv,acetone,Period_II,Day 5,5,Period II Day 5,batch2,acetone_22
S3_train_I_internal_20_10_test_all,three_class_with_air,test,acetone\acetone_23.csv,acetone,Period_II,Day 5,5,Period II Day 5,batch2,acetone_23
S3_train_I_internal_20_10_test_all,three_class_with_air,test,acetone\acetone_24.csv,acetone,Period_II,Day 5,5,Period II Day 5,batch2,acetone_24
S3_train_I_internal_20_10_test_all,three_class_with_air,test,acetone\acetone_25.csv,acetone,Period_II,Day 5,5,Period II Day 5,batch2,acetone_25
S3_train_I_internal_20_10_test_all,three_class_with_air,test,acetone\acetone_26.csv,acetone,Period_II,Day 6,6,Period II Day 6,batch2,acetone_26
S3_train_I_internal_20_10_test_all,three_class_with_air,test,acetone\acetone_27.csv,acetone,Period_II,Day 6,6,Period II Day 6,batch2,acetone_27
S3_train_I_internal_20_10_test_all,three_class_with_air,test,acetone\acetone_28.csv,acetone,Period_II,Day 6,6,Period II Day 6,batch2,acetone_28
S3_train_I_internal_20_10_test_all,three_class_with_air,test,acetone\acetone_29.csv,acetone,Period_II,Day 6,6,Period II Day 6,batch2,acetone_29
S3_train_I_internal_20_10_test_all,three_class_with_air,test,acetone\acetone_30.csv,acetone,Period_II,Day 6,6,Period II Day 6,batch2,acetone_30
S3_train_I_internal_20_10_test_all,three_class_with_air,test,acetone\acetone_31.csv,acetone,Period_II,Day 6,6,Period II Day 6,batch2,acetone_31
S3_train_I_internal_20_10_test_all,three_class_with_air,test,acetone\acetone_32.csv,acetone,Period_II,Day 6,6,Period II Day 6,batch2,acetone_32
S3_train_I_internal_20_10_test_all,three_class_with_air,test,acetone\acetone_33.csv,acetone,Period_II,Day 7,7,Period II Day 7,batch2,acetone_33
S3_train_I_internal_20_10_test_all,three_class_with_air,test,acetone\acetone_34.csv,acetone,Period_II,Day 7,7,Period II Day 7,batch2,acetone_34
S3_train_I_internal_20_10_test_all,three_class_with_air,test,acetone\acetone_35.csv,acetone,Period_II,Day 7,7,Period II Day 7,batch2,acetone_35
S3_train_I_internal_20_10_test_all,three_class_with_air,test,acetone\acetone_36.csv,acetone,Period_II,Day 8,8,Period II Day 8,batch2,acetone_36
S3_train_I_internal_20_10_test_all,three_class_with_air,test,acetone\acetone_37.csv,acetone,Period_II,Day 8,8,Period II Day 8,batch2,acetone_37
S3_train_I_internal_20_10_test_all,three_class_with_air,test,acetone\acetone_38.csv,acetone,Period_II,Day 8,8,Period II Day 8,batch2,acetone_38
S3_train_I_internal_20_10_test_all,three_class_with_air,test,acetone\acetone_39.csv,acetone,Period_II,Day 9,9,Period II Day 9,batch2,acetone_39
S3_train_I_internal_20_10_test_all,three_class_with_air,test,acetone\acetone_40.csv,acetone,Period_II,Day 9,9,Period II Day 9,batch2,acetone_40
S3_train_I_internal_20_10_test_all,three_class_with_air,test,acetone\acetone_41.csv,acetone,Period_II,Day 9,9,Period II Day 9,batch2,acetone_41
S3_train_I_internal_20_10_test_all,three_class_with_air,test,acetone\acetone_42.csv,acetone,Period_II,Day 9,9,Period II Day 9,batch2,acetone_42
S3_train_I_internal_20_10_test_all,three_class_with_air,test,acetone\acetone_43.csv,acetone,Period_II,Day 9,9,Period II Day 9,batch2,acetone_43
S3_train_I_internal_20_10_test_all,three_class_with_air,test,acetone\acetone_44.csv,acetone,Period_II,Day 10,10,Period II Day 10,batch3,acetone_44
S3_train_I_internal_20_10_test_all,three_class_with_air,test,acetone\acetone_45.csv,acetone,Period_II,Day 10,10,Period II Day 10,batch3,acetone_45
S3_train_I_internal_20_10_test_all,three_class_with_air,test,acetone\acetone_46.csv,acetone,Period_II,Day 10,10,Period II Day 10,batch3,acetone_46
S3_train_I_internal_20_10_test_all,three_class_with_air,test,acetone\acetone_47.csv,acetone,Period_II,Day 10,10,Period II Day 10,batch3,acetone_47
S3_train_I_internal_20_10_test_all,three_class_with_air,test,acetone\acetone_48.csv,acetone,Period_II,Day 11,11,Period II Day 11,batch3,acetone_48
S3_train_I_internal_20_10_test_all,three_class_with_air,test,acetone\acetone_49.csv,acetone,Period_II,Day 11,11,Period II Day 11,batch3,acetone_49
S3_train_I_internal_20_10_test_all,three_class_with_air,test,acetone\acetone_50.csv,acetone,Period_II,Day 11,11,Period II Day 11,batch3,acetone_50
S3_train_I_internal_20_10_test_all,three_class_with_air,test,acetone\acetone_51.csv,acetone,Period_II,Day 11,11,Period II Day 11,batch3,acetone_51
S3_train_I_internal_20_10_test_all,three_class_with_air,test,acetone\acetone_52.csv,acetone,Period_II,Day 12,12,Period II Day 12,batch3,acetone_52
S3_train_I_internal_20_10_test_all,three_class_with_air,test,acetone\acetone_53.csv,acetone,Period_II,Day 12,12,Period II Day 12,batch3,acetone_53
S3_train_I_internal_20_10_test_all,three_class_with_air,test,acetone\acetone_54.csv,acetone,Period_II,Day 12,12,Period II Day 12,batch3,acetone_54
S3_train_I_internal_20_10_test_all,three_class_with_air,test,acetone\acetone_55.csv,acetone,Period_II,Day 12,12,Period II Day 12,batch3,acetone_55
S3_train_I_internal_20_10_test_all,three_class_with_air,test,acetone\acetone_56.csv,acetone,Period_II,Day 13,13,Period II Day 13,batch3,acetone_56
S3_train_I_internal_20_10_test_all,three_class_with_air,test,acetone\acetone_57.csv,acetone,Period_II,Day 13,13,Period II Day 13,batch3,acetone_57
S3_train_I_internal_20_10_test_all,three_class_with_air,test,acetone\acetone_58.csv,acetone,Period_II,Day 14,14,Period II Day 14,batch3,acetone_58
S3_train_I_internal_20_10_test_all,three_class_with_air,test,acetone\acetone_59.csv,acetone,Period_II,Day 14,14,Period II Day 14,batch3,acetone_59
S3_train_I_internal_20_10_test_all,three_class_with_air,test,acetone\acetone_60.csv,acetone,Period_II,Day 14,14,Period II Day 14,batch3,acetone_60
S3_train_I_internal_20_10_test_all,three_class_with_air,test,acetone\acetone_61.csv,acetone,Period_II,Day 15,15,Period II Day 15,batch3,acetone_61
S3_train_I_internal_20_10_test_all,three_class_with_air,test,acetone\acetone_62.csv,acetone,Period_II,Day 15,15,Period II Day 15,batch3,acetone_62
S3_train_I_internal_20_10_test_all,three_class_with_air,test,acetone\acetone_63.csv,acetone,Period_II,Day 15,15,Period II Day 15,batch3,acetone_63
S3_train_I_internal_20_10_test_all,three_class_with_air,test,acetone\acetone_64.csv,acetone,Period_II,Day 17,17,Period II Day 17,batch3,acetone_64
S3_train_I_internal_20_10_test_all,three_class_with_air,test,acetone\acetone_65.csv,acetone,Period_II,Day 17,17,Period II Day 17,batch3,acetone_65
S3_train_I_internal_20_10_test_all,three_class_with_air,test,acetone\acetone_66.csv,acetone,Period_II,Day 17,17,Period II Day 17,batch3,acetone_66
S3_train_I_internal_20_10_test_all,three_class_with_air,test,acetone\acetone_67.csv,acetone,Period_II,Day 17,17,Period II Day 17,batch3,acetone_67
S3_train_I_internal_20_10_test_all,three_class_with_air,test,acetone\acetone_68.csv,acetone,Period_II,Day 17,17,Period II Day 17,batch3,acetone_68
S3_train_I_internal_20_10_test_all,three_class_with_air,test,acetone\acetone_69.csv,acetone,Period_III,Day 18,18,Period III Day 18,batch4,acetone_69
S3_train_I_internal_20_10_test_all,three_class_with_air,test,acetone\acetone_70.csv,acetone,Period_III,Day 18,18,Period III Day 18,batch4,acetone_70
S3_train_I_internal_20_10_test_all,three_class_with_air,test,acetone\acetone_71.csv,acetone,Period_III,Day 18,18,Period III Day 18,batch4,acetone_71
S3_train_I_internal_20_10_test_all,three_class_with_air,test,acetone\acetone_72.csv,acetone,Period_III,Day 18,18,Period III Day 18,batch4,acetone_72
S3_train_I_internal_20_10_test_all,three_class_with_air,test,acetone\acetone_73.csv,acetone,Period_III,Day 18,18,Period III Day 18,batch4,acetone_73
S3_train_I_internal_20_10_test_all,three_class_with_air,test,acetone\acetone_74.csv,acetone,Period_III,Day 19,19,Period III Day 19,batch4,acetone_74
S3_train_I_internal_20_10_test_all,three_class_with_air,test,acetone\acetone_75.csv,acetone,Period_III,Day 19,19,Period III Day 19,batch4,acetone_75
S3_train_I_internal_20_10_test_all,three_class_with_air,test,acetone\acetone_76.csv,acetone,Period_III,Day 19,19,Period III Day 19,batch4,acetone_76
S3_train_I_internal_20_10_test_all,three_class_with_air,test,acetone\acetone_77.csv,acetone,Period_III,Day 20,20,Period III Day 20,batch4,acetone_77
S3_train_I_internal_20_10_test_all,three_class_with_air,test,acetone\acetone_78.csv,acetone,Period_III,Day 20,20,Period III Day 20,batch4,acetone_78
S3_train_I_internal_20_10_test_all,three_class_with_air,test,acetone\acetone_79.csv,acetone,Period_III,Day 20,20,Period III Day 20,batch4,acetone_79
S3_train_I_internal_20_10_test_all,three_class_with_air,test,acetone\acetone_80.csv,acetone,Period_III,Day 20,20,Period III Day 20,batch4,acetone_80
S3_train_I_internal_20_10_test_all,three_class_with_air,test,acetone\acetone_81.csv,acetone,Period_III,Day 21,21,Period III Day 21,batch4,acetone_81
S3_train_I_internal_20_10_test_all,three_class_with_air,test,acetone\acetone_82.csv,acetone,Period_III,Day 21,21,Period III Day 21,batch4,acetone_82
S3_train_I_internal_20_10_test_all,three_class_with_air,test,acetone\acetone_83.csv,acetone,Period_III,Day 21,21,Period III Day 21,batch4,acetone_83
S3_train_I_internal_20_10_test_all,three_class_with_air,test,acetone\acetone_84.csv,acetone,Period_III,Day 21,21,Period III Day 21,batch4,acetone_84
S3_train_I_internal_20_10_test_all,three_class_with_air,test,acetone\acetone_85.csv,acetone,Period_IV,Day 22,22,Period IV Day 22,batch5,acetone_85
S3_train_I_internal_20_10_test_all,three_class_with_air,test,acetone\acetone_86.csv,acetone,Period_IV,Day 22,22,Period IV Day 22,batch5,acetone_86
S3_train_I_internal_20_10_test_all,three_class_with_air,test,acetone\acetone_87.csv,acetone,Period_IV,Day 22,22,Period IV Day 22,batch5,acetone_87
S3_train_I_internal_20_10_test_all,three_class_with_air,test,acetone\acetone_88.csv,acetone,Period_IV,Day 22,22,Period IV Day 22,batch5,acetone_88
S3_train_I_internal_20_10_test_all,three_class_with_air,test,acetone\acetone_89.csv,acetone,Period_IV,Day 23,23,Period IV Day 23,batch5,acetone_89
S3_train_I_internal_20_10_test_all,three_class_with_air,test,acetone\acetone_90.csv,acetone,Period_IV,Day 23,23,Period IV Day 23,batch5,acetone_90
S3_train_I_internal_20_10_test_all,three_class_with_air,test,acetone\acetone_91.csv,acetone,Period_IV,Day 23,23,Period IV Day 23,batch5,acetone_91
S3_train_I_internal_20_10_test_all,three_class_with_air,test,acetone\acetone_92.csv,acetone,Period_IV,Day 23,23,Period IV Day 23,batch5,acetone_92
S3_train_I_internal_20_10_test_all,three_class_with_air,test,acetone\acetone_93.csv,acetone,Period_IV,Day 24,24,Period IV Day 24,batch5,acetone_93
S3_train_I_internal_20_10_test_all,three_class_with_air,test,acetone\acetone_94.csv,acetone,Period_IV,Day 24,24,Period IV Day 24,batch5,acetone_94
S3_train_I_internal_20_10_test_all,three_class_with_air,test,acetone\acetone_95.csv,acetone,Period_IV,Day 24,24,Period IV Day 24,batch5,acetone_95
S3_train_I_internal_20_10_test_all,three_class_with_air,test,acetone\acetone_96.csv,acetone,Period_IV,Day 24,24,Period IV Day 24,batch5,acetone_96
S3_train_I_internal_20_10_test_all,three_class_with_air,test,air\air_1.csv,air,Period_II,Day 1,1,Period II Day 1,batch1,air_1
S3_train_I_internal_20_10_test_all,three_class_with_air,test,air\air_2.csv,air,Period_II,Day 1,1,Period II Day 1,batch1,air_2
S3_train_I_internal_20_10_test_all,three_class_with_air,test,air\air_3.csv,air,Period_II,Day 2,2,Period II Day 2,batch1,air_3
S3_train_I_internal_20_10_test_all,three_class_with_air,test,air\air_4.csv,air,Period_II,Day 2,2,Period II Day 2,batch1,air_4
S3_train_I_internal_20_10_test_all,three_class_with_air,test,air\air_5.csv,air,Period_II,Day 3,3,Period II Day 3,batch2,air_5
S3_train_I_internal_20_10_test_all,three_class_with_air,test,air\air_6.csv,air,Period_II,Day 3,3,Period II Day 3,batch2,air_6
S3_train_I_internal_20_10_test_all,three_class_with_air,test,air\air_7.csv,air,Period_II,Day 4,4,Period II Day 4,batch2,air_7
S3_train_I_internal_20_10_test_all,three_class_with_air,test,air\air_8.csv,air,Period_II,Day 4,4,Period II Day 4,batch2,air_8
S3_train_I_internal_20_10_test_all,three_class_with_air,test,air\air_9.csv,air,Period_II,Day 5,5,Period II Day 5,batch2,air_9
S3_train_I_internal_20_10_test_all,three_class_with_air,test,air\air_10.csv,air,Period_II,Day 5,5,Period II Day 5,batch2,air_10
S3_train_I_internal_20_10_test_all,three_class_with_air,test,air\air_11.csv,air,Period_II,Day 6,6,Period II Day 6,batch2,air_11
S3_train_I_internal_20_10_test_all,three_class_with_air,test,air\air_12.csv,air,Period_II,Day 6,6,Period II Day 6,batch2,air_12
S3_train_I_internal_20_10_test_all,three_class_with_air,test,air\air_13.csv,air,Period_II,Day 6,6,Period II Day 6,batch2,air_13
S3_train_I_internal_20_10_test_all,three_class_with_air,test,air\air_14.csv,air,Period_II,Day 8,8,Period II Day 8,batch2,air_14
S3_train_I_internal_20_10_test_all,three_class_with_air,test,air\air_15.csv,air,Period_II,Day 8,8,Period II Day 8,batch2,air_15
S3_train_I_internal_20_10_test_all,three_class_with_air,test,air\air_16.csv,air,Period_II,Day 9,9,Period II Day 9,batch2,air_16
S3_train_I_internal_20_10_test_all,three_class_with_air,test,air\air_17.csv,air,Period_II,Day 9,9,Period II Day 9,batch2,air_17
S3_train_I_internal_20_10_test_all,three_class_with_air,test,air\air_18.csv,air,Period_II,Day 10,10,Period II Day 10,batch3,air_18
S3_train_I_internal_20_10_test_all,three_class_with_air,test,air\air_19.csv,air,Period_II,Day 10,10,Period II Day 10,batch3,air_19
S3_train_I_internal_20_10_test_all,three_class_with_air,test,air\air_20.csv,air,Period_II,Day 11,11,Period II Day 11,batch3,air_20
S3_train_I_internal_20_10_test_all,three_class_with_air,test,air\air_21.csv,air,Period_II,Day 11,11,Period II Day 11,batch3,air_21
S3_train_I_internal_20_10_test_all,three_class_with_air,test,air\air_22.csv,air,Period_II,Day 12,12,Period II Day 12,batch3,air_22
S3_train_I_internal_20_10_test_all,three_class_with_air,test,air\air_23.csv,air,Period_II,Day 12,12,Period II Day 12,batch3,air_23
S3_train_I_internal_20_10_test_all,three_class_with_air,test,air\air_24.csv,air,Period_II,Day 13,13,Period II Day 13,batch3,air_24
S3_train_I_internal_20_10_test_all,three_class_with_air,test,air\air_25.csv,air,Period_II,Day 13,13,Period II Day 13,batch3,air_25
S3_train_I_internal_20_10_test_all,three_class_with_air,test,air\air_26.csv,air,Period_II,Day 13,13,Period II Day 13,batch3,air_26
S3_train_I_internal_20_10_test_all,three_class_with_air,test,air\air_27.csv,air,Period_II,Day 13,13,Period II Day 13,batch3,air_27
S3_train_I_internal_20_10_test_all,three_class_with_air,test,air\air_28.csv,air,Period_II,Day 13,13,Period II Day 13,batch3,air_28
S3_train_I_internal_20_10_test_all,three_class_with_air,test,air\air_29.csv,air,Period_II,Day 14,14,Period II Day 14,batch3,air_29
S3_train_I_internal_20_10_test_all,three_class_with_air,test,air\air_30.csv,air,Period_II,Day 14,14,Period II Day 14,batch3,air_30
S3_train_I_internal_20_10_test_all,three_class_with_air,test,air\air_31.csv,air,Period_II,Day 14,14,Period II Day 14,batch3,air_31
S3_train_I_internal_20_10_test_all,three_class_with_air,test,air\air_32.csv,air,Period_II,Day 14,14,Period II Day 14,batch3,air_32
S3_train_I_internal_20_10_test_all,three_class_with_air,test,air\air_33.csv,air,Period_II,Day 14,14,Period II Day 14,batch3,air_33
S3_train_I_internal_20_10_test_all,three_class_with_air,test,air\air_34.csv,air,Period_II,Day 14,14,Period II Day 14,batch3,air_34
S3_train_I_internal_20_10_test_all,three_class_with_air,test,air\air_35.csv,air,Period_II,Day 15,15,Period II Day 15,batch3,air_35
S3_train_I_internal_20_10_test_all,three_class_with_air,test,air\air_36.csv,air,Period_II,Day 15,15,Period II Day 15,batch3,air_36
S3_train_I_internal_20_10_test_all,three_class_with_air,test,air\air_37.csv,air,Period_II,Day 15,15,Period II Day 15,batch3,air_37
S3_train_I_internal_20_10_test_all,three_class_with_air,test,air\air_38.csv,air,Period_II,Day 15,15,Period II Day 15,batch3,air_38
S3_train_I_internal_20_10_test_all,three_class_with_air,test,air\air_39.csv,air,Period_II,Day 15,15,Period II Day 15,batch3,air_39
S3_train_I_internal_20_10_test_all,three_class_with_air,test,air\air_40.csv,air,Period_II,Day 15,15,Period II Day 15,batch3,air_40
S3_train_I_internal_20_10_test_all,three_class_with_air,test,air\air_41.csv,air,Period_II,Day 16,16,Period II Day 16,batch3,air_41
S3_train_I_internal_20_10_test_all,three_class_with_air,test,air\air_42.csv,air,Period_II,Day 16,16,Period II Day 16,batch3,air_42
S3_train_I_internal_20_10_test_all,three_class_with_air,test,air\air_43.csv,air,Period_II,Day 16,16,Period II Day 16,batch3,air_43
S3_train_I_internal_20_10_test_all,three_class_with_air,test,air\air_44.csv,air,Period_II,Day 16,16,Period II Day 16,batch3,air_44
S3_train_I_internal_20_10_test_all,three_class_with_air,test,air\air_45.csv,air,Period_II,Day 17,17,Period II Day 17,batch3,air_45
S3_train_I_internal_20_10_test_all,three_class_with_air,test,air\air_46.csv,air,Period_II,Day 17,17,Period II Day 17,batch3,air_46
S3_train_I_internal_20_10_test_all,three_class_with_air,test,air\air_47.csv,air,Period_II,Day 17,17,Period II Day 17,batch3,air_47
S3_train_I_internal_20_10_test_all,three_class_with_air,test,air\air_48.csv,air,Period_II,Day 17,17,Period II Day 17,batch3,air_48
S3_train_I_internal_20_10_test_all,three_class_with_air,test,air\air_49.csv,air,Period_III,Day 18,18,Period III Day 18,batch4,air_49
S3_train_I_internal_20_10_test_all,three_class_with_air,test,air\air_50.csv,air,Period_III,Day 18,18,Period III Day 18,batch4,air_50
S3_train_I_internal_20_10_test_all,three_class_with_air,test,air\air_51.csv,air,Period_III,Day 18,18,Period III Day 18,batch4,air_51
S3_train_I_internal_20_10_test_all,three_class_with_air,test,air\air_52.csv,air,Period_III,Day 18,18,Period III Day 18,batch4,air_52
S3_train_I_internal_20_10_test_all,three_class_with_air,test,air\air_53.csv,air,Period_III,Day 19,19,Period III Day 19,batch4,air_53
S3_train_I_internal_20_10_test_all,three_class_with_air,test,air\air_54.csv,air,Period_III,Day 19,19,Period III Day 19,batch4,air_54
S3_train_I_internal_20_10_test_all,three_class_with_air,test,air\air_55.csv,air,Period_III,Day 20,20,Period III Day 20,batch4,air_55
S3_train_I_internal_20_10_test_all,three_class_with_air,test,air\air_56.csv,air,Period_III,Day 20,20,Period III Day 20,batch4,air_56
S3_train_I_internal_20_10_test_all,three_class_with_air,test,air\air_57.csv,air,Period_III,Day 20,20,Period III Day 20,batch4,air_57
S3_train_I_internal_20_10_test_all,three_class_with_air,test,air\air_58.csv,air,Period_III,Day 20,20,Period III Day 20,batch4,air_58
S3_train_I_internal_20_10_test_all,three_class_with_air,test,air\air_59.csv,air,Period_III,Day 21,21,Period III Day 21,batch4,air_59
S3_train_I_internal_20_10_test_all,three_class_with_air,test,air\air_60.csv,air,Period_III,Day 21,21,Period III Day 21,batch4,air_60
S3_train_I_internal_20_10_test_all,three_class_with_air,test,air\air_61.csv,air,Period_III,Day 21,21,Period III Day 21,batch4,air_61
S3_train_I_internal_20_10_test_all,three_class_with_air,test,air\air_62.csv,air,Period_III,Day 21,21,Period III Day 21,batch4,air_62
S3_train_I_internal_20_10_test_all,three_class_with_air,test,air\air_63.csv,air,Period_IV,Day 22,22,Period IV Day 22,batch5,air_63
S3_train_I_internal_20_10_test_all,three_class_with_air,test,air\air_64.csv,air,Period_IV,Day 22,22,Period IV Day 22,batch5,air_64
S3_train_I_internal_20_10_test_all,three_class_with_air,test,air\air_65.csv,air,Period_IV,Day 22,22,Period IV Day 22,batch5,air_65
S3_train_I_internal_20_10_test_all,three_class_with_air,test,air\air_66.csv,air,Period_IV,Day 23,23,Period IV Day 23,batch5,air_66
S3_train_I_internal_20_10_test_all,three_class_with_air,test,air\air_67.csv,air,Period_IV,Day 23,23,Period IV Day 23,batch5,air_67
S3_train_I_internal_20_10_test_all,three_class_with_air,test,air\air_68.csv,air,Period_IV,Day 23,23,Period IV Day 23,batch5,air_68
S3_train_I_internal_20_10_test_all,three_class_with_air,test,air\air_69.csv,air,Period_IV,Day 23,23,Period IV Day 23,batch5,air_69
S3_train_I_internal_20_10_test_all,three_class_with_air,test,air\air_70.csv,air,Period_IV,Day 24,24,Period IV Day 24,batch5,air_70
S3_train_I_internal_20_10_test_all,three_class_with_air,test,air\air_71.csv,air,Period_IV,Day 24,24,Period IV Day 24,batch5,air_71
S3_train_I_internal_20_10_test_all,three_class_with_air,test,air\air_72.csv,air,Period_IV,Day 24,24,Period IV Day 24,batch5,air_72
S3_train_I_internal_20_10_test_all,three_class_with_air,test,air\reference_1.csv,air,Period_II,Day 1,1,Period II Day 1,batch1,reference_1
S3_train_I_internal_20_10_test_all,three_class_with_air,test,air\reference_2.csv,air,Period_II,Day 1,1,Period II Day 1,batch1,reference_2
S3_train_I_internal_20_10_test_all,three_class_with_air,test,air\reference_3.csv,air,Period_II,Day 1,1,Period II Day 1,batch1,reference_3
S3_train_I_internal_20_10_test_all,three_class_with_air,test,air\reference_4.csv,air,Period_II,Day 1,1,Period II Day 1,batch1,reference_4
S3_train_I_internal_20_10_test_all,three_class_with_air,test,air\reference_5.csv,air,Period_II,Day 3,3,Period II Day 3,batch2,reference_5
S3_train_I_internal_20_10_test_all,three_class_with_air,test,air\reference_6.csv,air,Period_II,Day 3,3,Period II Day 3,batch2,reference_6
S3_train_I_internal_20_10_test_all,three_class_with_air,test,air\reference_7.csv,air,Period_II,Day 4,4,Period II Day 4,batch2,reference_7
S3_train_I_internal_20_10_test_all,three_class_with_air,test,air\reference_8.csv,air,Period_II,Day 4,4,Period II Day 4,batch2,reference_8
S3_train_I_internal_20_10_test_all,three_class_with_air,test,air\reference_9.csv,air,Period_II,Day 8,8,Period II Day 8,batch2,reference_9
S3_train_I_internal_20_10_test_all,three_class_with_air,test,alcohol\alcohol_1.csv,alcohol,Period_II,Day 1,1,Period II Day 1,batch1,alcohol_1
S3_train_I_internal_20_10_test_all,three_class_with_air,test,alcohol\alcohol_2.csv,alcohol,Period_II,Day 1,1,Period II Day 1,batch1,alcohol_2
S3_train_I_internal_20_10_test_all,three_class_with_air,test,alcohol\alcohol_3.csv,alcohol,Period_II,Day 1,1,Period II Day 1,batch1,alcohol_3
S3_train_I_internal_20_10_test_all,three_class_with_air,test,alcohol\alcohol_4.csv,alcohol,Period_II,Day 1,1,Period II Day 1,batch1,alcohol_4
S3_train_I_internal_20_10_test_all,three_class_with_air,test,alcohol\alcohol_5.csv,alcohol,Period_II,Day 1,1,Period II Day 1,batch1,alcohol_5
S3_train_I_internal_20_10_test_all,three_class_with_air,test,alcohol\alcohol_6.csv,alcohol,Period_II,Day 2,2,Period II Day 2,batch1,alcohol_6
S3_train_I_internal_20_10_test_all,three_class_with_air,test,alcohol\alcohol_7.csv,alcohol,Period_II,Day 2,2,Period II Day 2,batch1,alcohol_7
S3_train_I_internal_20_10_test_all,three_class_with_air,test,alcohol\alcohol_8.csv,alcohol,Period_II,Day 2,2,Period II Day 2,batch1,alcohol_8
S3_train_I_internal_20_10_test_all,three_class_with_air,test,alcohol\alcohol_9.csv,alcohol,Period_II,Day 2,2,Period II Day 2,batch1,alcohol_9
S3_train_I_internal_20_10_test_all,three_class_with_air,test,alcohol\alcohol_10.csv,alcohol,Period_II,Day 2,2,Period II Day 2,batch1,alcohol_10
S3_train_I_internal_20_10_test_all,three_class_with_air,test,alcohol\alcohol_11.csv,alcohol,Period_II,Day 3,3,Period II Day 3,batch2,alcohol_11
S3_train_I_internal_20_10_test_all,three_class_with_air,test,alcohol\alcohol_12.csv,alcohol,Period_II,Day 3,3,Period II Day 3,batch2,alcohol_12
S3_train_I_internal_20_10_test_all,three_class_with_air,test,alcohol\alcohol_13.csv,alcohol,Period_II,Day 3,3,Period II Day 3,batch2,alcohol_13
S3_train_I_internal_20_10_test_all,three_class_with_air,test,alcohol\alcohol_14.csv,alcohol,Period_II,Day 3,3,Period II Day 3,batch2,alcohol_14
S3_train_I_internal_20_10_test_all,three_class_with_air,test,alcohol\alcohol_15.csv,alcohol,Period_II,Day 3,3,Period II Day 3,batch2,alcohol_15
S3_train_I_internal_20_10_test_all,three_class_with_air,test,alcohol\alcohol_16.csv,alcohol,Period_II,Day 4,4,Period II Day 4,batch2,alcohol_16
S3_train_I_internal_20_10_test_all,three_class_with_air,test,alcohol\alcohol_17.csv,alcohol,Period_II,Day 4,4,Period II Day 4,batch2,alcohol_17
S3_train_I_internal_20_10_test_all,three_class_with_air,test,alcohol\alcohol_18.csv,alcohol,Period_II,Day 4,4,Period II Day 4,batch2,alcohol_18
S3_train_I_internal_20_10_test_all,three_class_with_air,test,alcohol\alcohol_19.csv,alcohol,Period_II,Day 4,4,Period II Day 4,batch2,alcohol_19
S3_train_I_internal_20_10_test_all,three_class_with_air,test,alcohol\alcohol_20.csv,alcohol,Period_II,Day 4,4,Period II Day 4,batch2,alcohol_20
S3_train_I_internal_20_10_test_all,three_class_with_air,test,alcohol\alcohol_21.csv,alcohol,Period_II,Day 5,5,Period II Day 5,batch2,alcohol_21
S3_train_I_internal_20_10_test_all,three_class_with_air,test,alcohol\alcohol_22.csv,alcohol,Period_II,Day 5,5,Period II Day 5,batch2,alcohol_22
S3_train_I_internal_20_10_test_all,three_class_with_air,test,alcohol\alcohol_23.csv,alcohol,Period_II,Day 5,5,Period II Day 5,batch2,alcohol_23
S3_train_I_internal_20_10_test_all,three_class_with_air,test,alcohol\alcohol_24.csv,alcohol,Period_II,Day 5,5,Period II Day 5,batch2,alcohol_24
S3_train_I_internal_20_10_test_all,three_class_with_air,test,alcohol\alcohol_25.csv,alcohol,Period_II,Day 5,5,Period II Day 5,batch2,alcohol_25
S3_train_I_internal_20_10_test_all,three_class_with_air,test,alcohol\alcohol_26.csv,alcohol,Period_II,Day 6,6,Period II Day 6,batch2,alcohol_26
S3_train_I_internal_20_10_test_all,three_class_with_air,test,alcohol\alcohol_27.csv,alcohol,Period_II,Day 6,6,Period II Day 6,batch2,alcohol_27
S3_train_I_internal_20_10_test_all,three_class_with_air,test,alcohol\alcohol_28.csv,alcohol,Period_II,Day 6,6,Period II Day 6,batch2,alcohol_28
S3_train_I_internal_20_10_test_all,three_class_with_air,test,alcohol\alcohol_29.csv,alcohol,Period_II,Day 6,6,Period II Day 6,batch2,alcohol_29
S3_train_I_internal_20_10_test_all,three_class_with_air,test,alcohol\alcohol_30.csv,alcohol,Period_II,Day 6,6,Period II Day 6,batch2,alcohol_30
S3_train_I_internal_20_10_test_all,three_class_with_air,test,alcohol\alcohol_31.csv,alcohol,Period_II,Day 6,6,Period II Day 6,batch2,alcohol_31
S3_train_I_internal_20_10_test_all,three_class_with_air,test,alcohol\alcohol_32.csv,alcohol,Period_II,Day 6,6,Period II Day 6,batch2,alcohol_32
S3_train_I_internal_20_10_test_all,three_class_with_air,test,alcohol\alcohol_33.csv,alcohol,Period_II,Day 7,7,Period II Day 7,batch2,alcohol_33
S3_train_I_internal_20_10_test_all,three_class_with_air,test,alcohol\alcohol_34.csv,alcohol,Period_II,Day 7,7,Period II Day 7,batch2,alcohol_34
S3_train_I_internal_20_10_test_all,three_class_with_air,test,alcohol\alcohol_35.csv,alcohol,Period_II,Day 7,7,Period II Day 7,batch2,alcohol_35
S3_train_I_internal_20_10_test_all,three_class_with_air,test,alcohol\alcohol_36.csv,alcohol,Period_II,Day 8,8,Period II Day 8,batch2,alcohol_36
S3_train_I_internal_20_10_test_all,three_class_with_air,test,alcohol\alcohol_37.csv,alcohol,Period_II,Day 8,8,Period II Day 8,batch2,alcohol_37
S3_train_I_internal_20_10_test_all,three_class_with_air,test,alcohol\alcohol_38.csv,alcohol,Period_II,Day 8,8,Period II Day 8,batch2,alcohol_38
S3_train_I_internal_20_10_test_all,three_class_with_air,test,alcohol\alcohol_39.csv,alcohol,Period_II,Day 9,9,Period II Day 9,batch2,alcohol_39
S3_train_I_internal_20_10_test_all,three_class_with_air,test,alcohol\alcohol_40.csv,alcohol,Period_II,Day 9,9,Period II Day 9,batch2,alcohol_40
S3_train_I_internal_20_10_test_all,three_class_with_air,test,alcohol\alcohol_41.csv,alcohol,Period_II,Day 9,9,Period II Day 9,batch2,alcohol_41
S3_train_I_internal_20_10_test_all,three_class_with_air,test,alcohol\alcohol_42.csv,alcohol,Period_II,Day 9,9,Period II Day 9,batch2,alcohol_42
S3_train_I_internal_20_10_test_all,three_class_with_air,test,alcohol\alcohol_43.csv,alcohol,Period_II,Day 9,9,Period II Day 9,batch2,alcohol_43
S3_train_I_internal_20_10_test_all,three_class_with_air,test,alcohol\alcohol_44.csv,alcohol,Period_II,Day 10,10,Period II Day 10,batch3,alcohol_44
S3_train_I_internal_20_10_test_all,three_class_with_air,test,alcohol\alcohol_45.csv,alcohol,Period_II,Day 10,10,Period II Day 10,batch3,alcohol_45
S3_train_I_internal_20_10_test_all,three_class_with_air,test,alcohol\alcohol_46.csv,alcohol,Period_II,Day 10,10,Period II Day 10,batch3,alcohol_46
S3_train_I_internal_20_10_test_all,three_class_with_air,test,alcohol\alcohol_47.csv,alcohol,Period_II,Day 10,10,Period II Day 10,batch3,alcohol_47
S3_train_I_internal_20_10_test_all,three_class_with_air,test,alcohol\alcohol_48.csv,alcohol,Period_II,Day 11,11,Period II Day 11,batch3,alcohol_48
S3_train_I_internal_20_10_test_all,three_class_with_air,test,alcohol\alcohol_49.csv,alcohol,Period_II,Day 11,11,Period II Day 11,batch3,alcohol_49
S3_train_I_internal_20_10_test_all,three_class_with_air,test,alcohol\alcohol_50.csv,alcohol,Period_II,Day 11,11,Period II Day 11,batch3,alcohol_50
S3_train_I_internal_20_10_test_all,three_class_with_air,test,alcohol\alcohol_51.csv,alcohol,Period_II,Day 11,11,Period II Day 11,batch3,alcohol_51
S3_train_I_internal_20_10_test_all,three_class_with_air,test,alcohol\alcohol_52.csv,alcohol,Period_II,Day 12,12,Period II Day 12,batch3,alcohol_52
S3_train_I_internal_20_10_test_all,three_class_with_air,test,alcohol\alcohol_53.csv,alcohol,Period_II,Day 12,12,Period II Day 12,batch3,alcohol_53
S3_train_I_internal_20_10_test_all,three_class_with_air,test,alcohol\alcohol_54.csv,alcohol,Period_II,Day 12,12,Period II Day 12,batch3,alcohol_54
S3_train_I_internal_20_10_test_all,three_class_with_air,test,alcohol\alcohol_55.csv,alcohol,Period_II,Day 12,12,Period II Day 12,batch3,alcohol_55
S3_train_I_internal_20_10_test_all,three_class_with_air,test,alcohol\alcohol_56.csv,alcohol,Period_II,Day 13,13,Period II Day 13,batch3,alcohol_56
S3_train_I_internal_20_10_test_all,three_class_with_air,test,alcohol\alcohol_57.csv,alcohol,Period_II,Day 13,13,Period II Day 13,batch3,alcohol_57
S3_train_I_internal_20_10_test_all,three_class_with_air,test,alcohol\alcohol_58.csv,alcohol,Period_II,Day 14,14,Period II Day 14,batch3,alcohol_58
S3_train_I_internal_20_10_test_all,three_class_with_air,test,alcohol\alcohol_59.csv,alcohol,Period_II,Day 14,14,Period II Day 14,batch3,alcohol_59
S3_train_I_internal_20_10_test_all,three_class_with_air,test,alcohol\alcohol_60.csv,alcohol,Period_II,Day 14,14,Period II Day 14,batch3,alcohol_60
S3_train_I_internal_20_10_test_all,three_class_with_air,test,alcohol\alcohol_61.csv,alcohol,Period_II,Day 15,15,Period II Day 15,batch3,alcohol_61
S3_train_I_internal_20_10_test_all,three_class_with_air,test,alcohol\alcohol_62.csv,alcohol,Period_II,Day 15,15,Period II Day 15,batch3,alcohol_62
S3_train_I_internal_20_10_test_all,three_class_with_air,test,alcohol\alcohol_63.csv,alcohol,Period_II,Day 15,15,Period II Day 15,batch3,alcohol_63
S3_train_I_internal_20_10_test_all,three_class_with_air,test,alcohol\alcohol_64.csv,alcohol,Period_II,Day 17,17,Period II Day 17,batch3,alcohol_64
S3_train_I_internal_20_10_test_all,three_class_with_air,test,alcohol\alcohol_65.csv,alcohol,Period_II,Day 17,17,Period II Day 17,batch3,alcohol_65
S3_train_I_internal_20_10_test_all,three_class_with_air,test,alcohol\alcohol_66.csv,alcohol,Period_II,Day 17,17,Period II Day 17,batch3,alcohol_66
S3_train_I_internal_20_10_test_all,three_class_with_air,test,alcohol\alcohol_67.csv,alcohol,Period_II,Day 17,17,Period II Day 17,batch3,alcohol_67
S3_train_I_internal_20_10_test_all,three_class_with_air,test,alcohol\alcohol_68.csv,alcohol,Period_II,Day 17,17,Period II Day 17,batch3,alcohol_68
S3_train_I_internal_20_10_test_all,three_class_with_air,test,alcohol\alcohol_69.csv,alcohol,Period_III,Day 18,18,Period III Day 18,batch4,alcohol_69
S3_train_I_internal_20_10_test_all,three_class_with_air,test,alcohol\alcohol_70.csv,alcohol,Period_III,Day 18,18,Period III Day 18,batch4,alcohol_70
S3_train_I_internal_20_10_test_all,three_class_with_air,test,alcohol\alcohol_71.csv,alcohol,Period_III,Day 18,18,Period III Day 18,batch4,alcohol_71
S3_train_I_internal_20_10_test_all,three_class_with_air,test,alcohol\alcohol_72.csv,alcohol,Period_III,Day 18,18,Period III Day 18,batch4,alcohol_72
S3_train_I_internal_20_10_test_all,three_class_with_air,test,alcohol\alcohol_73.csv,alcohol,Period_III,Day 18,18,Period III Day 18,batch4,alcohol_73
S3_train_I_internal_20_10_test_all,three_class_with_air,test,alcohol\alcohol_74.csv,alcohol,Period_III,Day 19,19,Period III Day 19,batch4,alcohol_74
S3_train_I_internal_20_10_test_all,three_class_with_air,test,alcohol\alcohol_75.csv,alcohol,Period_III,Day 19,19,Period III Day 19,batch4,alcohol_75
S3_train_I_internal_20_10_test_all,three_class_with_air,test,alcohol\alcohol_76.csv,alcohol,Period_III,Day 19,19,Period III Day 19,batch4,alcohol_76
S3_train_I_internal_20_10_test_all,three_class_with_air,test,alcohol\alcohol_77.csv,alcohol,Period_III,Day 20,20,Period III Day 20,batch4,alcohol_77
S3_train_I_internal_20_10_test_all,three_class_with_air,test,alcohol\alcohol_78.csv,alcohol,Period_III,Day 20,20,Period III Day 20,batch4,alcohol_78
S3_train_I_internal_20_10_test_all,three_class_with_air,test,alcohol\alcohol_79.csv,alcohol,Period_III,Day 20,20,Period III Day 20,batch4,alcohol_79
S3_train_I_internal_20_10_test_all,three_class_with_air,test,alcohol\alcohol_80.csv,alcohol,Period_III,Day 20,20,Period III Day 20,batch4,alcohol_80
S3_train_I_internal_20_10_test_all,three_class_with_air,test,alcohol\alcohol_81.csv,alcohol,Period_III,Day 21,21,Period III Day 21,batch4,alcohol_81
S3_train_I_internal_20_10_test_all,three_class_with_air,test,alcohol\alcohol_82.csv,alcohol,Period_III,Day 21,21,Period III Day 21,batch4,alcohol_82
S3_train_I_internal_20_10_test_all,three_class_with_air,test,alcohol\alcohol_83.csv,alcohol,Period_III,Day 21,21,Period III Day 21,batch4,alcohol_83
S3_train_I_internal_20_10_test_all,three_class_with_air,test,alcohol\alcohol_84.csv,alcohol,Period_III,Day 21,21,Period III Day 21,batch4,alcohol_84
S3_train_I_internal_20_10_test_all,three_class_with_air,test,alcohol\alcohol_85.csv,alcohol,Period_IV,Day 22,22,Period IV Day 22,batch5,alcohol_85
S3_train_I_internal_20_10_test_all,three_class_with_air,test,alcohol\alcohol_86.csv,alcohol,Period_IV,Day 22,22,Period IV Day 22,batch5,alcohol_86
S3_train_I_internal_20_10_test_all,three_class_with_air,test,alcohol\alcohol_87.csv,alcohol,Period_IV,Day 22,22,Period IV Day 22,batch5,alcohol_87
S3_train_I_internal_20_10_test_all,three_class_with_air,test,alcohol\alcohol_88.csv,alcohol,Period_IV,Day 22,22,Period IV Day 22,batch5,alcohol_88
S3_train_I_internal_20_10_test_all,three_class_with_air,test,alcohol\alcohol_89.csv,alcohol,Period_IV,Day 23,23,Period IV Day 23,batch5,alcohol_89
S3_train_I_internal_20_10_test_all,three_class_with_air,test,alcohol\alcohol_90.csv,alcohol,Period_IV,Day 23,23,Period IV Day 23,batch5,alcohol_90
S3_train_I_internal_20_10_test_all,three_class_with_air,test,alcohol\alcohol_91.csv,alcohol,Period_IV,Day 23,23,Period IV Day 23,batch5,alcohol_91
S3_train_I_internal_20_10_test_all,three_class_with_air,test,alcohol\alcohol_92.csv,alcohol,Period_IV,Day 23,23,Period IV Day 23,batch5,alcohol_92
S3_train_I_internal_20_10_test_all,three_class_with_air,test,alcohol\alcohol_93.csv,alcohol,Period_IV,Day 24,24,Period IV Day 24,batch5,alcohol_93
S3_train_I_internal_20_10_test_all,three_class_with_air,test,alcohol\alcohol_94.csv,alcohol,Period_IV,Day 24,24,Period IV Day 24,batch5,alcohol_94
S3_train_I_internal_20_10_test_all,three_class_with_air,test,alcohol\alcohol_95.csv,alcohol,Period_IV,Day 24,24,Period IV Day 24,batch5,alcohol_95
S3_train_I_internal_20_10_test_all,three_class_with_air,test,alcohol\alcohol_96.csv,alcohol,Period_IV,Day 24,24,Period IV Day 24,batch5,alcohol_96
S4_train_I_val_D1_2,three_class_with_air,train,acetone\acetone_o1.csv,acetone,Period_I,Day 1 afternoon,1,Period I Day 1 afternoon,source,acetone_o1
S4_train_I_val_D1_2,three_class_with_air,train,acetone\acetone_o2.csv,acetone,Period_I,Day 1 afternoon,1,Period I Day 1 afternoon,source,acetone_o2
S4_train_I_val_D1_2,three_class_with_air,train,acetone\acetone_o3.csv,acetone,Period_I,Day 1 afternoon,1,Period I Day 1 afternoon,source,acetone_o3
S4_train_I_val_D1_2,three_class_with_air,train,acetone\acetone_o4.csv,acetone,Period_I,Day 2 noon,2,Period I Day 2 noon,source,acetone_o4
S4_train_I_val_D1_2,three_class_with_air,train,acetone\acetone_o5.csv,acetone,Period_I,Day 2 noon,2,Period I Day 2 noon,source,acetone_o5
S4_train_I_val_D1_2,three_class_with_air,train,acetone\acetone_o6.csv,acetone,Period_I,Day 2 noon,2,Period I Day 2 noon,source,acetone_o6
S4_train_I_val_D1_2,three_class_with_air,train,acetone\acetone_o7.csv,acetone,Period_I,Day 2 afternoon,2,Period I Day 2 afternoon,source,acetone_o7
S4_train_I_val_D1_2,three_class_with_air,train,acetone\acetone_o8.csv,acetone,Period_I,Day 2 afternoon,2,Period I Day 2 afternoon,source,acetone_o8
S4_train_I_val_D1_2,three_class_with_air,train,acetone\acetone_o9.csv,acetone,Period_I,Day 2 afternoon,2,Period I Day 2 afternoon,source,acetone_o9
S4_train_I_val_D1_2,three_class_with_air,train,acetone\acetone_o10.csv,acetone,Period_I,Day 3 noon,3,Period I Day 3 noon,source,acetone_o10
S4_train_I_val_D1_2,three_class_with_air,train,acetone\acetone_o11.csv,acetone,Period_I,Day 3 noon,3,Period I Day 3 noon,source,acetone_o11
S4_train_I_val_D1_2,three_class_with_air,train,acetone\acetone_o12.csv,acetone,Period_I,Day 3 noon,3,Period I Day 3 noon,source,acetone_o12
S4_train_I_val_D1_2,three_class_with_air,train,air\baseline_1.csv,air,Period_I,baseline,0,Period I baseline,source,baseline_1
S4_train_I_val_D1_2,three_class_with_air,train,air\baseline_3.csv,air,Period_I,baseline,0,Period I baseline,source,baseline_3
S4_train_I_val_D1_2,three_class_with_air,train,air\baseline_4.csv,air,Period_I,baseline,0,Period I baseline,source,baseline_4
S4_train_I_val_D1_2,three_class_with_air,train,air\baseline_5.csv,air,Period_I,baseline,0,Period I baseline,source,baseline_5
S4_train_I_val_D1_2,three_class_with_air,train,air\baseline_6.csv,air,Period_I,baseline,0,Period I baseline,source,baseline_6
S4_train_I_val_D1_2,three_class_with_air,train,air\baseline_7.csv,air,Period_I,baseline,0,Period I baseline,source,baseline_7
S4_train_I_val_D1_2,three_class_with_air,train,alcohol\alcohol_o1.csv,alcohol,Period_I,Day 1 afternoon,1,Period I Day 1 afternoon,source,alcohol_o1
S4_train_I_val_D1_2,three_class_with_air,train,alcohol\alcohol_o2.csv,alcohol,Period_I,Day 1 afternoon,1,Period I Day 1 afternoon,source,alcohol_o2
S4_train_I_val_D1_2,three_class_with_air,train,alcohol\alcohol_o3.csv,alcohol,Period_I,Day 1 afternoon,1,Period I Day 1 afternoon,source,alcohol_o3
S4_train_I_val_D1_2,three_class_with_air,train,alcohol\alcohol_o4.csv,alcohol,Period_I,Day 2 noon,2,Period I Day 2 noon,source,alcohol_o4
S4_train_I_val_D1_2,three_class_with_air,train,alcohol\alcohol_o5.csv,alcohol,Period_I,Day 2 noon,2,Period I Day 2 noon,source,alcohol_o5
S4_train_I_val_D1_2,three_class_with_air,train,alcohol\alcohol_o6.csv,alcohol,Period_I,Day 2 noon,2,Period I Day 2 noon,source,alcohol_o6
S4_train_I_val_D1_2,three_class_with_air,train,alcohol\alcohol_o7.csv,alcohol,Period_I,Day 2 afternoon,2,Period I Day 2 afternoon,source,alcohol_o7
S4_train_I_val_D1_2,three_class_with_air,train,alcohol\alcohol_o8.csv,alcohol,Period_I,Day 2 afternoon,2,Period I Day 2 afternoon,source,alcohol_o8
S4_train_I_val_D1_2,three_class_with_air,train,alcohol\alcohol_o9.csv,alcohol,Period_I,Day 2 afternoon,2,Period I Day 2 afternoon,source,alcohol_o9
S4_train_I_val_D1_2,three_class_with_air,train,alcohol\alcohol_o10.csv,alcohol,Period_I,Day 3 noon,3,Period I Day 3 noon,source,alcohol_o10
S4_train_I_val_D1_2,three_class_with_air,train,alcohol\alcohol_o11.csv,alcohol,Period_I,Day 3 noon,3,Period I Day 3 noon,source,alcohol_o11
S4_train_I_val_D1_2,three_class_with_air,train,alcohol\alcohol_o12.csv,alcohol,Period_I,Day 3 noon,3,Period I Day 3 noon,source,alcohol_o12
S4_train_I_val_D1_2,three_class_with_air,validation,acetone\acetone_1.csv,acetone,Period_II,Day 1,1,Period II Day 1,batch1,acetone_1
S4_train_I_val_D1_2,three_class_with_air,validation,acetone\acetone_2.csv,acetone,Period_II,Day 1,1,Period II Day 1,batch1,acetone_2
S4_train_I_val_D1_2,three_class_with_air,validation,acetone\acetone_3.csv,acetone,Period_II,Day 1,1,Period II Day 1,batch1,acetone_3
S4_train_I_val_D1_2,three_class_with_air,validation,acetone\acetone_4.csv,acetone,Period_II,Day 1,1,Period II Day 1,batch1,acetone_4
S4_train_I_val_D1_2,three_class_with_air,validation,acetone\acetone_5.csv,acetone,Period_II,Day 1,1,Period II Day 1,batch1,acetone_5
S4_train_I_val_D1_2,three_class_with_air,validation,acetone\acetone_6.csv,acetone,Period_II,Day 2,2,Period II Day 2,batch1,acetone_6
S4_train_I_val_D1_2,three_class_with_air,validation,acetone\acetone_7.csv,acetone,Period_II,Day 2,2,Period II Day 2,batch1,acetone_7
S4_train_I_val_D1_2,three_class_with_air,validation,acetone\acetone_8.csv,acetone,Period_II,Day 2,2,Period II Day 2,batch1,acetone_8
S4_train_I_val_D1_2,three_class_with_air,validation,acetone\acetone_9.csv,acetone,Period_II,Day 2,2,Period II Day 2,batch1,acetone_9
S4_train_I_val_D1_2,three_class_with_air,validation,acetone\acetone_10.csv,acetone,Period_II,Day 2,2,Period II Day 2,batch1,acetone_10
S4_train_I_val_D1_2,three_class_with_air,validation,air\air_1.csv,air,Period_II,Day 1,1,Period II Day 1,batch1,air_1
S4_train_I_val_D1_2,three_class_with_air,validation,air\air_2.csv,air,Period_II,Day 1,1,Period II Day 1,batch1,air_2
S4_train_I_val_D1_2,three_class_with_air,validation,air\air_3.csv,air,Period_II,Day 2,2,Period II Day 2,batch1,air_3
S4_train_I_val_D1_2,three_class_with_air,validation,air\air_4.csv,air,Period_II,Day 2,2,Period II Day 2,batch1,air_4
S4_train_I_val_D1_2,three_class_with_air,validation,air\reference_1.csv,air,Period_II,Day 1,1,Period II Day 1,batch1,reference_1
S4_train_I_val_D1_2,three_class_with_air,validation,air\reference_2.csv,air,Period_II,Day 1,1,Period II Day 1,batch1,reference_2
S4_train_I_val_D1_2,three_class_with_air,validation,air\reference_3.csv,air,Period_II,Day 1,1,Period II Day 1,batch1,reference_3
S4_train_I_val_D1_2,three_class_with_air,validation,air\reference_4.csv,air,Period_II,Day 1,1,Period II Day 1,batch1,reference_4
S4_train_I_val_D1_2,three_class_with_air,validation,alcohol\alcohol_1.csv,alcohol,Period_II,Day 1,1,Period II Day 1,batch1,alcohol_1
S4_train_I_val_D1_2,three_class_with_air,validation,alcohol\alcohol_2.csv,alcohol,Period_II,Day 1,1,Period II Day 1,batch1,alcohol_2
S4_train_I_val_D1_2,three_class_with_air,validation,alcohol\alcohol_3.csv,alcohol,Period_II,Day 1,1,Period II Day 1,batch1,alcohol_3
S4_train_I_val_D1_2,three_class_with_air,validation,alcohol\alcohol_4.csv,alcohol,Period_II,Day 1,1,Period II Day 1,batch1,alcohol_4
S4_train_I_val_D1_2,three_class_with_air,validation,alcohol\alcohol_5.csv,alcohol,Period_II,Day 1,1,Period II Day 1,batch1,alcohol_5
S4_train_I_val_D1_2,three_class_with_air,validation,alcohol\alcohol_6.csv,alcohol,Period_II,Day 2,2,Period II Day 2,batch1,alcohol_6
S4_train_I_val_D1_2,three_class_with_air,validation,alcohol\alcohol_7.csv,alcohol,Period_II,Day 2,2,Period II Day 2,batch1,alcohol_7
S4_train_I_val_D1_2,three_class_with_air,validation,alcohol\alcohol_8.csv,alcohol,Period_II,Day 2,2,Period II Day 2,batch1,alcohol_8
S4_train_I_val_D1_2,three_class_with_air,validation,alcohol\alcohol_9.csv,alcohol,Period_II,Day 2,2,Period II Day 2,batch1,alcohol_9
S4_train_I_val_D1_2,three_class_with_air,validation,alcohol\alcohol_10.csv,alcohol,Period_II,Day 2,2,Period II Day 2,batch1,alcohol_10
S4_train_I_val_D1_2,three_class_with_air,test,acetone\acetone_11.csv,acetone,Period_II,Day 3,3,Period II Day 3,batch2,acetone_11
S4_train_I_val_D1_2,three_class_with_air,test,acetone\acetone_12.csv,acetone,Period_II,Day 3,3,Period II Day 3,batch2,acetone_12
S4_train_I_val_D1_2,three_class_with_air,test,acetone\acetone_13.csv,acetone,Period_II,Day 3,3,Period II Day 3,batch2,acetone_13
S4_train_I_val_D1_2,three_class_with_air,test,acetone\acetone_14.csv,acetone,Period_II,Day 3,3,Period II Day 3,batch2,acetone_14
S4_train_I_val_D1_2,three_class_with_air,test,acetone\acetone_15.csv,acetone,Period_II,Day 3,3,Period II Day 3,batch2,acetone_15
S4_train_I_val_D1_2,three_class_with_air,test,acetone\acetone_16.csv,acetone,Period_II,Day 4,4,Period II Day 4,batch2,acetone_16
S4_train_I_val_D1_2,three_class_with_air,test,acetone\acetone_17.csv,acetone,Period_II,Day 4,4,Period II Day 4,batch2,acetone_17
S4_train_I_val_D1_2,three_class_with_air,test,acetone\acetone_18.csv,acetone,Period_II,Day 4,4,Period II Day 4,batch2,acetone_18
S4_train_I_val_D1_2,three_class_with_air,test,acetone\acetone_19.csv,acetone,Period_II,Day 4,4,Period II Day 4,batch2,acetone_19
S4_train_I_val_D1_2,three_class_with_air,test,acetone\acetone_20.csv,acetone,Period_II,Day 4,4,Period II Day 4,batch2,acetone_20
S4_train_I_val_D1_2,three_class_with_air,test,acetone\acetone_21.csv,acetone,Period_II,Day 5,5,Period II Day 5,batch2,acetone_21
S4_train_I_val_D1_2,three_class_with_air,test,acetone\acetone_22.csv,acetone,Period_II,Day 5,5,Period II Day 5,batch2,acetone_22
S4_train_I_val_D1_2,three_class_with_air,test,acetone\acetone_23.csv,acetone,Period_II,Day 5,5,Period II Day 5,batch2,acetone_23
S4_train_I_val_D1_2,three_class_with_air,test,acetone\acetone_24.csv,acetone,Period_II,Day 5,5,Period II Day 5,batch2,acetone_24
S4_train_I_val_D1_2,three_class_with_air,test,acetone\acetone_25.csv,acetone,Period_II,Day 5,5,Period II Day 5,batch2,acetone_25
S4_train_I_val_D1_2,three_class_with_air,test,acetone\acetone_26.csv,acetone,Period_II,Day 6,6,Period II Day 6,batch2,acetone_26
S4_train_I_val_D1_2,three_class_with_air,test,acetone\acetone_27.csv,acetone,Period_II,Day 6,6,Period II Day 6,batch2,acetone_27
S4_train_I_val_D1_2,three_class_with_air,test,acetone\acetone_28.csv,acetone,Period_II,Day 6,6,Period II Day 6,batch2,acetone_28
S4_train_I_val_D1_2,three_class_with_air,test,acetone\acetone_29.csv,acetone,Period_II,Day 6,6,Period II Day 6,batch2,acetone_29
S4_train_I_val_D1_2,three_class_with_air,test,acetone\acetone_30.csv,acetone,Period_II,Day 6,6,Period II Day 6,batch2,acetone_30
S4_train_I_val_D1_2,three_class_with_air,test,acetone\acetone_31.csv,acetone,Period_II,Day 6,6,Period II Day 6,batch2,acetone_31
S4_train_I_val_D1_2,three_class_with_air,test,acetone\acetone_32.csv,acetone,Period_II,Day 6,6,Period II Day 6,batch2,acetone_32
S4_train_I_val_D1_2,three_class_with_air,test,acetone\acetone_33.csv,acetone,Period_II,Day 7,7,Period II Day 7,batch2,acetone_33
S4_train_I_val_D1_2,three_class_with_air,test,acetone\acetone_34.csv,acetone,Period_II,Day 7,7,Period II Day 7,batch2,acetone_34
S4_train_I_val_D1_2,three_class_with_air,test,acetone\acetone_35.csv,acetone,Period_II,Day 7,7,Period II Day 7,batch2,acetone_35
S4_train_I_val_D1_2,three_class_with_air,test,acetone\acetone_36.csv,acetone,Period_II,Day 8,8,Period II Day 8,batch2,acetone_36
S4_train_I_val_D1_2,three_class_with_air,test,acetone\acetone_37.csv,acetone,Period_II,Day 8,8,Period II Day 8,batch2,acetone_37
S4_train_I_val_D1_2,three_class_with_air,test,acetone\acetone_38.csv,acetone,Period_II,Day 8,8,Period II Day 8,batch2,acetone_38
S4_train_I_val_D1_2,three_class_with_air,test,acetone\acetone_39.csv,acetone,Period_II,Day 9,9,Period II Day 9,batch2,acetone_39
S4_train_I_val_D1_2,three_class_with_air,test,acetone\acetone_40.csv,acetone,Period_II,Day 9,9,Period II Day 9,batch2,acetone_40
S4_train_I_val_D1_2,three_class_with_air,test,acetone\acetone_41.csv,acetone,Period_II,Day 9,9,Period II Day 9,batch2,acetone_41
S4_train_I_val_D1_2,three_class_with_air,test,acetone\acetone_42.csv,acetone,Period_II,Day 9,9,Period II Day 9,batch2,acetone_42
S4_train_I_val_D1_2,three_class_with_air,test,acetone\acetone_43.csv,acetone,Period_II,Day 9,9,Period II Day 9,batch2,acetone_43
S4_train_I_val_D1_2,three_class_with_air,test,acetone\acetone_44.csv,acetone,Period_II,Day 10,10,Period II Day 10,batch3,acetone_44
S4_train_I_val_D1_2,three_class_with_air,test,acetone\acetone_45.csv,acetone,Period_II,Day 10,10,Period II Day 10,batch3,acetone_45
S4_train_I_val_D1_2,three_class_with_air,test,acetone\acetone_46.csv,acetone,Period_II,Day 10,10,Period II Day 10,batch3,acetone_46
S4_train_I_val_D1_2,three_class_with_air,test,acetone\acetone_47.csv,acetone,Period_II,Day 10,10,Period II Day 10,batch3,acetone_47
S4_train_I_val_D1_2,three_class_with_air,test,acetone\acetone_48.csv,acetone,Period_II,Day 11,11,Period II Day 11,batch3,acetone_48
S4_train_I_val_D1_2,three_class_with_air,test,acetone\acetone_49.csv,acetone,Period_II,Day 11,11,Period II Day 11,batch3,acetone_49
S4_train_I_val_D1_2,three_class_with_air,test,acetone\acetone_50.csv,acetone,Period_II,Day 11,11,Period II Day 11,batch3,acetone_50
S4_train_I_val_D1_2,three_class_with_air,test,acetone\acetone_51.csv,acetone,Period_II,Day 11,11,Period II Day 11,batch3,acetone_51
S4_train_I_val_D1_2,three_class_with_air,test,acetone\acetone_52.csv,acetone,Period_II,Day 12,12,Period II Day 12,batch3,acetone_52
S4_train_I_val_D1_2,three_class_with_air,test,acetone\acetone_53.csv,acetone,Period_II,Day 12,12,Period II Day 12,batch3,acetone_53
S4_train_I_val_D1_2,three_class_with_air,test,acetone\acetone_54.csv,acetone,Period_II,Day 12,12,Period II Day 12,batch3,acetone_54
S4_train_I_val_D1_2,three_class_with_air,test,acetone\acetone_55.csv,acetone,Period_II,Day 12,12,Period II Day 12,batch3,acetone_55
S4_train_I_val_D1_2,three_class_with_air,test,acetone\acetone_56.csv,acetone,Period_II,Day 13,13,Period II Day 13,batch3,acetone_56
S4_train_I_val_D1_2,three_class_with_air,test,acetone\acetone_57.csv,acetone,Period_II,Day 13,13,Period II Day 13,batch3,acetone_57
S4_train_I_val_D1_2,three_class_with_air,test,acetone\acetone_58.csv,acetone,Period_II,Day 14,14,Period II Day 14,batch3,acetone_58
S4_train_I_val_D1_2,three_class_with_air,test,acetone\acetone_59.csv,acetone,Period_II,Day 14,14,Period II Day 14,batch3,acetone_59
S4_train_I_val_D1_2,three_class_with_air,test,acetone\acetone_60.csv,acetone,Period_II,Day 14,14,Period II Day 14,batch3,acetone_60
S4_train_I_val_D1_2,three_class_with_air,test,acetone\acetone_61.csv,acetone,Period_II,Day 15,15,Period II Day 15,batch3,acetone_61
S4_train_I_val_D1_2,three_class_with_air,test,acetone\acetone_62.csv,acetone,Period_II,Day 15,15,Period II Day 15,batch3,acetone_62
S4_train_I_val_D1_2,three_class_with_air,test,acetone\acetone_63.csv,acetone,Period_II,Day 15,15,Period II Day 15,batch3,acetone_63
S4_train_I_val_D1_2,three_class_with_air,test,acetone\acetone_64.csv,acetone,Period_II,Day 17,17,Period II Day 17,batch3,acetone_64
S4_train_I_val_D1_2,three_class_with_air,test,acetone\acetone_65.csv,acetone,Period_II,Day 17,17,Period II Day 17,batch3,acetone_65
S4_train_I_val_D1_2,three_class_with_air,test,acetone\acetone_66.csv,acetone,Period_II,Day 17,17,Period II Day 17,batch3,acetone_66
S4_train_I_val_D1_2,three_class_with_air,test,acetone\acetone_67.csv,acetone,Period_II,Day 17,17,Period II Day 17,batch3,acetone_67
S4_train_I_val_D1_2,three_class_with_air,test,acetone\acetone_68.csv,acetone,Period_II,Day 17,17,Period II Day 17,batch3,acetone_68
S4_train_I_val_D1_2,three_class_with_air,test,acetone\acetone_69.csv,acetone,Period_III,Day 18,18,Period III Day 18,batch4,acetone_69
S4_train_I_val_D1_2,three_class_with_air,test,acetone\acetone_70.csv,acetone,Period_III,Day 18,18,Period III Day 18,batch4,acetone_70
S4_train_I_val_D1_2,three_class_with_air,test,acetone\acetone_71.csv,acetone,Period_III,Day 18,18,Period III Day 18,batch4,acetone_71
S4_train_I_val_D1_2,three_class_with_air,test,acetone\acetone_72.csv,acetone,Period_III,Day 18,18,Period III Day 18,batch4,acetone_72
S4_train_I_val_D1_2,three_class_with_air,test,acetone\acetone_73.csv,acetone,Period_III,Day 18,18,Period III Day 18,batch4,acetone_73
S4_train_I_val_D1_2,three_class_with_air,test,acetone\acetone_74.csv,acetone,Period_III,Day 19,19,Period III Day 19,batch4,acetone_74
S4_train_I_val_D1_2,three_class_with_air,test,acetone\acetone_75.csv,acetone,Period_III,Day 19,19,Period III Day 19,batch4,acetone_75
S4_train_I_val_D1_2,three_class_with_air,test,acetone\acetone_76.csv,acetone,Period_III,Day 19,19,Period III Day 19,batch4,acetone_76
S4_train_I_val_D1_2,three_class_with_air,test,acetone\acetone_77.csv,acetone,Period_III,Day 20,20,Period III Day 20,batch4,acetone_77
S4_train_I_val_D1_2,three_class_with_air,test,acetone\acetone_78.csv,acetone,Period_III,Day 20,20,Period III Day 20,batch4,acetone_78
S4_train_I_val_D1_2,three_class_with_air,test,acetone\acetone_79.csv,acetone,Period_III,Day 20,20,Period III Day 20,batch4,acetone_79
S4_train_I_val_D1_2,three_class_with_air,test,acetone\acetone_80.csv,acetone,Period_III,Day 20,20,Period III Day 20,batch4,acetone_80
S4_train_I_val_D1_2,three_class_with_air,test,acetone\acetone_81.csv,acetone,Period_III,Day 21,21,Period III Day 21,batch4,acetone_81
S4_train_I_val_D1_2,three_class_with_air,test,acetone\acetone_82.csv,acetone,Period_III,Day 21,21,Period III Day 21,batch4,acetone_82
S4_train_I_val_D1_2,three_class_with_air,test,acetone\acetone_83.csv,acetone,Period_III,Day 21,21,Period III Day 21,batch4,acetone_83
S4_train_I_val_D1_2,three_class_with_air,test,acetone\acetone_84.csv,acetone,Period_III,Day 21,21,Period III Day 21,batch4,acetone_84
S4_train_I_val_D1_2,three_class_with_air,test,acetone\acetone_85.csv,acetone,Period_IV,Day 22,22,Period IV Day 22,batch5,acetone_85
S4_train_I_val_D1_2,three_class_with_air,test,acetone\acetone_86.csv,acetone,Period_IV,Day 22,22,Period IV Day 22,batch5,acetone_86
S4_train_I_val_D1_2,three_class_with_air,test,acetone\acetone_87.csv,acetone,Period_IV,Day 22,22,Period IV Day 22,batch5,acetone_87
S4_train_I_val_D1_2,three_class_with_air,test,acetone\acetone_88.csv,acetone,Period_IV,Day 22,22,Period IV Day 22,batch5,acetone_88
S4_train_I_val_D1_2,three_class_with_air,test,acetone\acetone_89.csv,acetone,Period_IV,Day 23,23,Period IV Day 23,batch5,acetone_89
S4_train_I_val_D1_2,three_class_with_air,test,acetone\acetone_90.csv,acetone,Period_IV,Day 23,23,Period IV Day 23,batch5,acetone_90
S4_train_I_val_D1_2,three_class_with_air,test,acetone\acetone_91.csv,acetone,Period_IV,Day 23,23,Period IV Day 23,batch5,acetone_91
S4_train_I_val_D1_2,three_class_with_air,test,acetone\acetone_92.csv,acetone,Period_IV,Day 23,23,Period IV Day 23,batch5,acetone_92
S4_train_I_val_D1_2,three_class_with_air,test,acetone\acetone_93.csv,acetone,Period_IV,Day 24,24,Period IV Day 24,batch5,acetone_93
S4_train_I_val_D1_2,three_class_with_air,test,acetone\acetone_94.csv,acetone,Period_IV,Day 24,24,Period IV Day 24,batch5,acetone_94
S4_train_I_val_D1_2,three_class_with_air,test,acetone\acetone_95.csv,acetone,Period_IV,Day 24,24,Period IV Day 24,batch5,acetone_95
S4_train_I_val_D1_2,three_class_with_air,test,acetone\acetone_96.csv,acetone,Period_IV,Day 24,24,Period IV Day 24,batch5,acetone_96
S4_train_I_val_D1_2,three_class_with_air,test,air\air_5.csv,air,Period_II,Day 3,3,Period II Day 3,batch2,air_5
S4_train_I_val_D1_2,three_class_with_air,test,air\air_6.csv,air,Period_II,Day 3,3,Period II Day 3,batch2,air_6
S4_train_I_val_D1_2,three_class_with_air,test,air\air_7.csv,air,Period_II,Day 4,4,Period II Day 4,batch2,air_7
S4_train_I_val_D1_2,three_class_with_air,test,air\air_8.csv,air,Period_II,Day 4,4,Period II Day 4,batch2,air_8
S4_train_I_val_D1_2,three_class_with_air,test,air\air_9.csv,air,Period_II,Day 5,5,Period II Day 5,batch2,air_9
S4_train_I_val_D1_2,three_class_with_air,test,air\air_10.csv,air,Period_II,Day 5,5,Period II Day 5,batch2,air_10
S4_train_I_val_D1_2,three_class_with_air,test,air\air_11.csv,air,Period_II,Day 6,6,Period II Day 6,batch2,air_11
S4_train_I_val_D1_2,three_class_with_air,test,air\air_12.csv,air,Period_II,Day 6,6,Period II Day 6,batch2,air_12
S4_train_I_val_D1_2,three_class_with_air,test,air\air_13.csv,air,Period_II,Day 6,6,Period II Day 6,batch2,air_13
S4_train_I_val_D1_2,three_class_with_air,test,air\air_14.csv,air,Period_II,Day 8,8,Period II Day 8,batch2,air_14
S4_train_I_val_D1_2,three_class_with_air,test,air\air_15.csv,air,Period_II,Day 8,8,Period II Day 8,batch2,air_15
S4_train_I_val_D1_2,three_class_with_air,test,air\air_16.csv,air,Period_II,Day 9,9,Period II Day 9,batch2,air_16
S4_train_I_val_D1_2,three_class_with_air,test,air\air_17.csv,air,Period_II,Day 9,9,Period II Day 9,batch2,air_17
S4_train_I_val_D1_2,three_class_with_air,test,air\air_18.csv,air,Period_II,Day 10,10,Period II Day 10,batch3,air_18
S4_train_I_val_D1_2,three_class_with_air,test,air\air_19.csv,air,Period_II,Day 10,10,Period II Day 10,batch3,air_19
S4_train_I_val_D1_2,three_class_with_air,test,air\air_20.csv,air,Period_II,Day 11,11,Period II Day 11,batch3,air_20
S4_train_I_val_D1_2,three_class_with_air,test,air\air_21.csv,air,Period_II,Day 11,11,Period II Day 11,batch3,air_21
S4_train_I_val_D1_2,three_class_with_air,test,air\air_22.csv,air,Period_II,Day 12,12,Period II Day 12,batch3,air_22
S4_train_I_val_D1_2,three_class_with_air,test,air\air_23.csv,air,Period_II,Day 12,12,Period II Day 12,batch3,air_23
S4_train_I_val_D1_2,three_class_with_air,test,air\air_24.csv,air,Period_II,Day 13,13,Period II Day 13,batch3,air_24
S4_train_I_val_D1_2,three_class_with_air,test,air\air_25.csv,air,Period_II,Day 13,13,Period II Day 13,batch3,air_25
S4_train_I_val_D1_2,three_class_with_air,test,air\air_26.csv,air,Period_II,Day 13,13,Period II Day 13,batch3,air_26
S4_train_I_val_D1_2,three_class_with_air,test,air\air_27.csv,air,Period_II,Day 13,13,Period II Day 13,batch3,air_27
S4_train_I_val_D1_2,three_class_with_air,test,air\air_28.csv,air,Period_II,Day 13,13,Period II Day 13,batch3,air_28
S4_train_I_val_D1_2,three_class_with_air,test,air\air_29.csv,air,Period_II,Day 14,14,Period II Day 14,batch3,air_29
S4_train_I_val_D1_2,three_class_with_air,test,air\air_30.csv,air,Period_II,Day 14,14,Period II Day 14,batch3,air_30
S4_train_I_val_D1_2,three_class_with_air,test,air\air_31.csv,air,Period_II,Day 14,14,Period II Day 14,batch3,air_31
S4_train_I_val_D1_2,three_class_with_air,test,air\air_32.csv,air,Period_II,Day 14,14,Period II Day 14,batch3,air_32
S4_train_I_val_D1_2,three_class_with_air,test,air\air_33.csv,air,Period_II,Day 14,14,Period II Day 14,batch3,air_33
S4_train_I_val_D1_2,three_class_with_air,test,air\air_34.csv,air,Period_II,Day 14,14,Period II Day 14,batch3,air_34
S4_train_I_val_D1_2,three_class_with_air,test,air\air_35.csv,air,Period_II,Day 15,15,Period II Day 15,batch3,air_35
S4_train_I_val_D1_2,three_class_with_air,test,air\air_36.csv,air,Period_II,Day 15,15,Period II Day 15,batch3,air_36
S4_train_I_val_D1_2,three_class_with_air,test,air\air_37.csv,air,Period_II,Day 15,15,Period II Day 15,batch3,air_37
S4_train_I_val_D1_2,three_class_with_air,test,air\air_38.csv,air,Period_II,Day 15,15,Period II Day 15,batch3,air_38
S4_train_I_val_D1_2,three_class_with_air,test,air\air_39.csv,air,Period_II,Day 15,15,Period II Day 15,batch3,air_39
S4_train_I_val_D1_2,three_class_with_air,test,air\air_40.csv,air,Period_II,Day 15,15,Period II Day 15,batch3,air_40
S4_train_I_val_D1_2,three_class_with_air,test,air\air_41.csv,air,Period_II,Day 16,16,Period II Day 16,batch3,air_41
S4_train_I_val_D1_2,three_class_with_air,test,air\air_42.csv,air,Period_II,Day 16,16,Period II Day 16,batch3,air_42
S4_train_I_val_D1_2,three_class_with_air,test,air\air_43.csv,air,Period_II,Day 16,16,Period II Day 16,batch3,air_43
S4_train_I_val_D1_2,three_class_with_air,test,air\air_44.csv,air,Period_II,Day 16,16,Period II Day 16,batch3,air_44
S4_train_I_val_D1_2,three_class_with_air,test,air\air_45.csv,air,Period_II,Day 17,17,Period II Day 17,batch3,air_45
S4_train_I_val_D1_2,three_class_with_air,test,air\air_46.csv,air,Period_II,Day 17,17,Period II Day 17,batch3,air_46
S4_train_I_val_D1_2,three_class_with_air,test,air\air_47.csv,air,Period_II,Day 17,17,Period II Day 17,batch3,air_47
S4_train_I_val_D1_2,three_class_with_air,test,air\air_48.csv,air,Period_II,Day 17,17,Period II Day 17,batch3,air_48
S4_train_I_val_D1_2,three_class_with_air,test,air\air_49.csv,air,Period_III,Day 18,18,Period III Day 18,batch4,air_49
S4_train_I_val_D1_2,three_class_with_air,test,air\air_50.csv,air,Period_III,Day 18,18,Period III Day 18,batch4,air_50
S4_train_I_val_D1_2,three_class_with_air,test,air\air_51.csv,air,Period_III,Day 18,18,Period III Day 18,batch4,air_51
S4_train_I_val_D1_2,three_class_with_air,test,air\air_52.csv,air,Period_III,Day 18,18,Period III Day 18,batch4,air_52
S4_train_I_val_D1_2,three_class_with_air,test,air\air_53.csv,air,Period_III,Day 19,19,Period III Day 19,batch4,air_53
S4_train_I_val_D1_2,three_class_with_air,test,air\air_54.csv,air,Period_III,Day 19,19,Period III Day 19,batch4,air_54
S4_train_I_val_D1_2,three_class_with_air,test,air\air_55.csv,air,Period_III,Day 20,20,Period III Day 20,batch4,air_55
S4_train_I_val_D1_2,three_class_with_air,test,air\air_56.csv,air,Period_III,Day 20,20,Period III Day 20,batch4,air_56
S4_train_I_val_D1_2,three_class_with_air,test,air\air_57.csv,air,Period_III,Day 20,20,Period III Day 20,batch4,air_57
S4_train_I_val_D1_2,three_class_with_air,test,air\air_58.csv,air,Period_III,Day 20,20,Period III Day 20,batch4,air_58
S4_train_I_val_D1_2,three_class_with_air,test,air\air_59.csv,air,Period_III,Day 21,21,Period III Day 21,batch4,air_59
S4_train_I_val_D1_2,three_class_with_air,test,air\air_60.csv,air,Period_III,Day 21,21,Period III Day 21,batch4,air_60
S4_train_I_val_D1_2,three_class_with_air,test,air\air_61.csv,air,Period_III,Day 21,21,Period III Day 21,batch4,air_61
S4_train_I_val_D1_2,three_class_with_air,test,air\air_62.csv,air,Period_III,Day 21,21,Period III Day 21,batch4,air_62
S4_train_I_val_D1_2,three_class_with_air,test,air\air_63.csv,air,Period_IV,Day 22,22,Period IV Day 22,batch5,air_63
S4_train_I_val_D1_2,three_class_with_air,test,air\air_64.csv,air,Period_IV,Day 22,22,Period IV Day 22,batch5,air_64
S4_train_I_val_D1_2,three_class_with_air,test,air\air_65.csv,air,Period_IV,Day 22,22,Period IV Day 22,batch5,air_65
S4_train_I_val_D1_2,three_class_with_air,test,air\air_66.csv,air,Period_IV,Day 23,23,Period IV Day 23,batch5,air_66
S4_train_I_val_D1_2,three_class_with_air,test,air\air_67.csv,air,Period_IV,Day 23,23,Period IV Day 23,batch5,air_67
S4_train_I_val_D1_2,three_class_with_air,test,air\air_68.csv,air,Period_IV,Day 23,23,Period IV Day 23,batch5,air_68
S4_train_I_val_D1_2,three_class_with_air,test,air\air_69.csv,air,Period_IV,Day 23,23,Period IV Day 23,batch5,air_69
S4_train_I_val_D1_2,three_class_with_air,test,air\air_70.csv,air,Period_IV,Day 24,24,Period IV Day 24,batch5,air_70
S4_train_I_val_D1_2,three_class_with_air,test,air\air_71.csv,air,Period_IV,Day 24,24,Period IV Day 24,batch5,air_71
S4_train_I_val_D1_2,three_class_with_air,test,air\air_72.csv,air,Period_IV,Day 24,24,Period IV Day 24,batch5,air_72
S4_train_I_val_D1_2,three_class_with_air,test,air\reference_5.csv,air,Period_II,Day 3,3,Period II Day 3,batch2,reference_5
S4_train_I_val_D1_2,three_class_with_air,test,air\reference_6.csv,air,Period_II,Day 3,3,Period II Day 3,batch2,reference_6
S4_train_I_val_D1_2,three_class_with_air,test,air\reference_7.csv,air,Period_II,Day 4,4,Period II Day 4,batch2,reference_7
S4_train_I_val_D1_2,three_class_with_air,test,air\reference_8.csv,air,Period_II,Day 4,4,Period II Day 4,batch2,reference_8
S4_train_I_val_D1_2,three_class_with_air,test,air\reference_9.csv,air,Period_II,Day 8,8,Period II Day 8,batch2,reference_9
S4_train_I_val_D1_2,three_class_with_air,test,alcohol\alcohol_11.csv,alcohol,Period_II,Day 3,3,Period II Day 3,batch2,alcohol_11
S4_train_I_val_D1_2,three_class_with_air,test,alcohol\alcohol_12.csv,alcohol,Period_II,Day 3,3,Period II Day 3,batch2,alcohol_12
S4_train_I_val_D1_2,three_class_with_air,test,alcohol\alcohol_13.csv,alcohol,Period_II,Day 3,3,Period II Day 3,batch2,alcohol_13
S4_train_I_val_D1_2,three_class_with_air,test,alcohol\alcohol_14.csv,alcohol,Period_II,Day 3,3,Period II Day 3,batch2,alcohol_14
S4_train_I_val_D1_2,three_class_with_air,test,alcohol\alcohol_15.csv,alcohol,Period_II,Day 3,3,Period II Day 3,batch2,alcohol_15
S4_train_I_val_D1_2,three_class_with_air,test,alcohol\alcohol_16.csv,alcohol,Period_II,Day 4,4,Period II Day 4,batch2,alcohol_16
S4_train_I_val_D1_2,three_class_with_air,test,alcohol\alcohol_17.csv,alcohol,Period_II,Day 4,4,Period II Day 4,batch2,alcohol_17
S4_train_I_val_D1_2,three_class_with_air,test,alcohol\alcohol_18.csv,alcohol,Period_II,Day 4,4,Period II Day 4,batch2,alcohol_18
S4_train_I_val_D1_2,three_class_with_air,test,alcohol\alcohol_19.csv,alcohol,Period_II,Day 4,4,Period II Day 4,batch2,alcohol_19
S4_train_I_val_D1_2,three_class_with_air,test,alcohol\alcohol_20.csv,alcohol,Period_II,Day 4,4,Period II Day 4,batch2,alcohol_20
S4_train_I_val_D1_2,three_class_with_air,test,alcohol\alcohol_21.csv,alcohol,Period_II,Day 5,5,Period II Day 5,batch2,alcohol_21
S4_train_I_val_D1_2,three_class_with_air,test,alcohol\alcohol_22.csv,alcohol,Period_II,Day 5,5,Period II Day 5,batch2,alcohol_22
S4_train_I_val_D1_2,three_class_with_air,test,alcohol\alcohol_23.csv,alcohol,Period_II,Day 5,5,Period II Day 5,batch2,alcohol_23
S4_train_I_val_D1_2,three_class_with_air,test,alcohol\alcohol_24.csv,alcohol,Period_II,Day 5,5,Period II Day 5,batch2,alcohol_24
S4_train_I_val_D1_2,three_class_with_air,test,alcohol\alcohol_25.csv,alcohol,Period_II,Day 5,5,Period II Day 5,batch2,alcohol_25
S4_train_I_val_D1_2,three_class_with_air,test,alcohol\alcohol_26.csv,alcohol,Period_II,Day 6,6,Period II Day 6,batch2,alcohol_26
S4_train_I_val_D1_2,three_class_with_air,test,alcohol\alcohol_27.csv,alcohol,Period_II,Day 6,6,Period II Day 6,batch2,alcohol_27
S4_train_I_val_D1_2,three_class_with_air,test,alcohol\alcohol_28.csv,alcohol,Period_II,Day 6,6,Period II Day 6,batch2,alcohol_28
S4_train_I_val_D1_2,three_class_with_air,test,alcohol\alcohol_29.csv,alcohol,Period_II,Day 6,6,Period II Day 6,batch2,alcohol_29
S4_train_I_val_D1_2,three_class_with_air,test,alcohol\alcohol_30.csv,alcohol,Period_II,Day 6,6,Period II Day 6,batch2,alcohol_30
S4_train_I_val_D1_2,three_class_with_air,test,alcohol\alcohol_31.csv,alcohol,Period_II,Day 6,6,Period II Day 6,batch2,alcohol_31
S4_train_I_val_D1_2,three_class_with_air,test,alcohol\alcohol_32.csv,alcohol,Period_II,Day 6,6,Period II Day 6,batch2,alcohol_32
S4_train_I_val_D1_2,three_class_with_air,test,alcohol\alcohol_33.csv,alcohol,Period_II,Day 7,7,Period II Day 7,batch2,alcohol_33
S4_train_I_val_D1_2,three_class_with_air,test,alcohol\alcohol_34.csv,alcohol,Period_II,Day 7,7,Period II Day 7,batch2,alcohol_34
S4_train_I_val_D1_2,three_class_with_air,test,alcohol\alcohol_35.csv,alcohol,Period_II,Day 7,7,Period II Day 7,batch2,alcohol_35
S4_train_I_val_D1_2,three_class_with_air,test,alcohol\alcohol_36.csv,alcohol,Period_II,Day 8,8,Period II Day 8,batch2,alcohol_36
S4_train_I_val_D1_2,three_class_with_air,test,alcohol\alcohol_37.csv,alcohol,Period_II,Day 8,8,Period II Day 8,batch2,alcohol_37
S4_train_I_val_D1_2,three_class_with_air,test,alcohol\alcohol_38.csv,alcohol,Period_II,Day 8,8,Period II Day 8,batch2,alcohol_38
S4_train_I_val_D1_2,three_class_with_air,test,alcohol\alcohol_39.csv,alcohol,Period_II,Day 9,9,Period II Day 9,batch2,alcohol_39
S4_train_I_val_D1_2,three_class_with_air,test,alcohol\alcohol_40.csv,alcohol,Period_II,Day 9,9,Period II Day 9,batch2,alcohol_40
S4_train_I_val_D1_2,three_class_with_air,test,alcohol\alcohol_41.csv,alcohol,Period_II,Day 9,9,Period II Day 9,batch2,alcohol_41
S4_train_I_val_D1_2,three_class_with_air,test,alcohol\alcohol_42.csv,alcohol,Period_II,Day 9,9,Period II Day 9,batch2,alcohol_42
S4_train_I_val_D1_2,three_class_with_air,test,alcohol\alcohol_43.csv,alcohol,Period_II,Day 9,9,Period II Day 9,batch2,alcohol_43
S4_train_I_val_D1_2,three_class_with_air,test,alcohol\alcohol_44.csv,alcohol,Period_II,Day 10,10,Period II Day 10,batch3,alcohol_44
S4_train_I_val_D1_2,three_class_with_air,test,alcohol\alcohol_45.csv,alcohol,Period_II,Day 10,10,Period II Day 10,batch3,alcohol_45
S4_train_I_val_D1_2,three_class_with_air,test,alcohol\alcohol_46.csv,alcohol,Period_II,Day 10,10,Period II Day 10,batch3,alcohol_46
S4_train_I_val_D1_2,three_class_with_air,test,alcohol\alcohol_47.csv,alcohol,Period_II,Day 10,10,Period II Day 10,batch3,alcohol_47
S4_train_I_val_D1_2,three_class_with_air,test,alcohol\alcohol_48.csv,alcohol,Period_II,Day 11,11,Period II Day 11,batch3,alcohol_48
S4_train_I_val_D1_2,three_class_with_air,test,alcohol\alcohol_49.csv,alcohol,Period_II,Day 11,11,Period II Day 11,batch3,alcohol_49
S4_train_I_val_D1_2,three_class_with_air,test,alcohol\alcohol_50.csv,alcohol,Period_II,Day 11,11,Period II Day 11,batch3,alcohol_50
S4_train_I_val_D1_2,three_class_with_air,test,alcohol\alcohol_51.csv,alcohol,Period_II,Day 11,11,Period II Day 11,batch3,alcohol_51
S4_train_I_val_D1_2,three_class_with_air,test,alcohol\alcohol_52.csv,alcohol,Period_II,Day 12,12,Period II Day 12,batch3,alcohol_52
S4_train_I_val_D1_2,three_class_with_air,test,alcohol\alcohol_53.csv,alcohol,Period_II,Day 12,12,Period II Day 12,batch3,alcohol_53
S4_train_I_val_D1_2,three_class_with_air,test,alcohol\alcohol_54.csv,alcohol,Period_II,Day 12,12,Period II Day 12,batch3,alcohol_54
S4_train_I_val_D1_2,three_class_with_air,test,alcohol\alcohol_55.csv,alcohol,Period_II,Day 12,12,Period II Day 12,batch3,alcohol_55
S4_train_I_val_D1_2,three_class_with_air,test,alcohol\alcohol_56.csv,alcohol,Period_II,Day 13,13,Period II Day 13,batch3,alcohol_56
S4_train_I_val_D1_2,three_class_with_air,test,alcohol\alcohol_57.csv,alcohol,Period_II,Day 13,13,Period II Day 13,batch3,alcohol_57
S4_train_I_val_D1_2,three_class_with_air,test,alcohol\alcohol_58.csv,alcohol,Period_II,Day 14,14,Period II Day 14,batch3,alcohol_58
S4_train_I_val_D1_2,three_class_with_air,test,alcohol\alcohol_59.csv,alcohol,Period_II,Day 14,14,Period II Day 14,batch3,alcohol_59
S4_train_I_val_D1_2,three_class_with_air,test,alcohol\alcohol_60.csv,alcohol,Period_II,Day 14,14,Period II Day 14,batch3,alcohol_60
S4_train_I_val_D1_2,three_class_with_air,test,alcohol\alcohol_61.csv,alcohol,Period_II,Day 15,15,Period II Day 15,batch3,alcohol_61
S4_train_I_val_D1_2,three_class_with_air,test,alcohol\alcohol_62.csv,alcohol,Period_II,Day 15,15,Period II Day 15,batch3,alcohol_62
S4_train_I_val_D1_2,three_class_with_air,test,alcohol\alcohol_63.csv,alcohol,Period_II,Day 15,15,Period II Day 15,batch3,alcohol_63
S4_train_I_val_D1_2,three_class_with_air,test,alcohol\alcohol_64.csv,alcohol,Period_II,Day 17,17,Period II Day 17,batch3,alcohol_64
S4_train_I_val_D1_2,three_class_with_air,test,alcohol\alcohol_65.csv,alcohol,Period_II,Day 17,17,Period II Day 17,batch3,alcohol_65
S4_train_I_val_D1_2,three_class_with_air,test,alcohol\alcohol_66.csv,alcohol,Period_II,Day 17,17,Period II Day 17,batch3,alcohol_66
S4_train_I_val_D1_2,three_class_with_air,test,alcohol\alcohol_67.csv,alcohol,Period_II,Day 17,17,Period II Day 17,batch3,alcohol_67
S4_train_I_val_D1_2,three_class_with_air,test,alcohol\alcohol_68.csv,alcohol,Period_II,Day 17,17,Period II Day 17,batch3,alcohol_68
S4_train_I_val_D1_2,three_class_with_air,test,alcohol\alcohol_69.csv,alcohol,Period_III,Day 18,18,Period III Day 18,batch4,alcohol_69
S4_train_I_val_D1_2,three_class_with_air,test,alcohol\alcohol_70.csv,alcohol,Period_III,Day 18,18,Period III Day 18,batch4,alcohol_70
S4_train_I_val_D1_2,three_class_with_air,test,alcohol\alcohol_71.csv,alcohol,Period_III,Day 18,18,Period III Day 18,batch4,alcohol_71
S4_train_I_val_D1_2,three_class_with_air,test,alcohol\alcohol_72.csv,alcohol,Period_III,Day 18,18,Period III Day 18,batch4,alcohol_72
S4_train_I_val_D1_2,three_class_with_air,test,alcohol\alcohol_73.csv,alcohol,Period_III,Day 18,18,Period III Day 18,batch4,alcohol_73
S4_train_I_val_D1_2,three_class_with_air,test,alcohol\alcohol_74.csv,alcohol,Period_III,Day 19,19,Period III Day 19,batch4,alcohol_74
S4_train_I_val_D1_2,three_class_with_air,test,alcohol\alcohol_75.csv,alcohol,Period_III,Day 19,19,Period III Day 19,batch4,alcohol_75
S4_train_I_val_D1_2,three_class_with_air,test,alcohol\alcohol_76.csv,alcohol,Period_III,Day 19,19,Period III Day 19,batch4,alcohol_76
S4_train_I_val_D1_2,three_class_with_air,test,alcohol\alcohol_77.csv,alcohol,Period_III,Day 20,20,Period III Day 20,batch4,alcohol_77
S4_train_I_val_D1_2,three_class_with_air,test,alcohol\alcohol_78.csv,alcohol,Period_III,Day 20,20,Period III Day 20,batch4,alcohol_78
S4_train_I_val_D1_2,three_class_with_air,test,alcohol\alcohol_79.csv,alcohol,Period_III,Day 20,20,Period III Day 20,batch4,alcohol_79
S4_train_I_val_D1_2,three_class_with_air,test,alcohol\alcohol_80.csv,alcohol,Period_III,Day 20,20,Period III Day 20,batch4,alcohol_80
S4_train_I_val_D1_2,three_class_with_air,test,alcohol\alcohol_81.csv,alcohol,Period_III,Day 21,21,Period III Day 21,batch4,alcohol_81
S4_train_I_val_D1_2,three_class_with_air,test,alcohol\alcohol_82.csv,alcohol,Period_III,Day 21,21,Period III Day 21,batch4,alcohol_82
S4_train_I_val_D1_2,three_class_with_air,test,alcohol\alcohol_83.csv,alcohol,Period_III,Day 21,21,Period III Day 21,batch4,alcohol_83
S4_train_I_val_D1_2,three_class_with_air,test,alcohol\alcohol_84.csv,alcohol,Period_III,Day 21,21,Period III Day 21,batch4,alcohol_84
S4_train_I_val_D1_2,three_class_with_air,test,alcohol\alcohol_85.csv,alcohol,Period_IV,Day 22,22,Period IV Day 22,batch5,alcohol_85
S4_train_I_val_D1_2,three_class_with_air,test,alcohol\alcohol_86.csv,alcohol,Period_IV,Day 22,22,Period IV Day 22,batch5,alcohol_86
S4_train_I_val_D1_2,three_class_with_air,test,alcohol\alcohol_87.csv,alcohol,Period_IV,Day 22,22,Period IV Day 22,batch5,alcohol_87
S4_train_I_val_D1_2,three_class_with_air,test,alcohol\alcohol_88.csv,alcohol,Period_IV,Day 22,22,Period IV Day 22,batch5,alcohol_88
S4_train_I_val_D1_2,three_class_with_air,test,alcohol\alcohol_89.csv,alcohol,Period_IV,Day 23,23,Period IV Day 23,batch5,alcohol_89
S4_train_I_val_D1_2,three_class_with_air,test,alcohol\alcohol_90.csv,alcohol,Period_IV,Day 23,23,Period IV Day 23,batch5,alcohol_90
S4_train_I_val_D1_2,three_class_with_air,test,alcohol\alcohol_91.csv,alcohol,Period_IV,Day 23,23,Period IV Day 23,batch5,alcohol_91
S4_train_I_val_D1_2,three_class_with_air,test,alcohol\alcohol_92.csv,alcohol,Period_IV,Day 23,23,Period IV Day 23,batch5,alcohol_92
S4_train_I_val_D1_2,three_class_with_air,test,alcohol\alcohol_93.csv,alcohol,Period_IV,Day 24,24,Period IV Day 24,batch5,alcohol_93
S4_train_I_val_D1_2,three_class_with_air,test,alcohol\alcohol_94.csv,alcohol,Period_IV,Day 24,24,Period IV Day 24,batch5,alcohol_94
S4_train_I_val_D1_2,three_class_with_air,test,alcohol\alcohol_95.csv,alcohol,Period_IV,Day 24,24,Period IV Day 24,batch5,alcohol_95
S4_train_I_val_D1_2,three_class_with_air,test,alcohol\alcohol_96.csv,alcohol,Period_IV,Day 24,24,Period IV Day 24,batch5,alcohol_96
S5_train_I_D1_val_D2_3,three_class_with_air,train,acetone\acetone_1.csv,acetone,Period_II,Day 1,1,Period II Day 1,batch1,acetone_1
S5_train_I_D1_val_D2_3,three_class_with_air,train,acetone\acetone_2.csv,acetone,Period_II,Day 1,1,Period II Day 1,batch1,acetone_2
S5_train_I_D1_val_D2_3,three_class_with_air,train,acetone\acetone_3.csv,acetone,Period_II,Day 1,1,Period II Day 1,batch1,acetone_3
S5_train_I_D1_val_D2_3,three_class_with_air,train,acetone\acetone_4.csv,acetone,Period_II,Day 1,1,Period II Day 1,batch1,acetone_4
S5_train_I_D1_val_D2_3,three_class_with_air,train,acetone\acetone_5.csv,acetone,Period_II,Day 1,1,Period II Day 1,batch1,acetone_5
S5_train_I_D1_val_D2_3,three_class_with_air,train,acetone\acetone_o1.csv,acetone,Period_I,Day 1 afternoon,1,Period I Day 1 afternoon,source,acetone_o1
S5_train_I_D1_val_D2_3,three_class_with_air,train,acetone\acetone_o2.csv,acetone,Period_I,Day 1 afternoon,1,Period I Day 1 afternoon,source,acetone_o2
S5_train_I_D1_val_D2_3,three_class_with_air,train,acetone\acetone_o3.csv,acetone,Period_I,Day 1 afternoon,1,Period I Day 1 afternoon,source,acetone_o3
S5_train_I_D1_val_D2_3,three_class_with_air,train,acetone\acetone_o4.csv,acetone,Period_I,Day 2 noon,2,Period I Day 2 noon,source,acetone_o4
S5_train_I_D1_val_D2_3,three_class_with_air,train,acetone\acetone_o5.csv,acetone,Period_I,Day 2 noon,2,Period I Day 2 noon,source,acetone_o5
S5_train_I_D1_val_D2_3,three_class_with_air,train,acetone\acetone_o6.csv,acetone,Period_I,Day 2 noon,2,Period I Day 2 noon,source,acetone_o6
S5_train_I_D1_val_D2_3,three_class_with_air,train,acetone\acetone_o7.csv,acetone,Period_I,Day 2 afternoon,2,Period I Day 2 afternoon,source,acetone_o7
S5_train_I_D1_val_D2_3,three_class_with_air,train,acetone\acetone_o8.csv,acetone,Period_I,Day 2 afternoon,2,Period I Day 2 afternoon,source,acetone_o8
S5_train_I_D1_val_D2_3,three_class_with_air,train,acetone\acetone_o9.csv,acetone,Period_I,Day 2 afternoon,2,Period I Day 2 afternoon,source,acetone_o9
S5_train_I_D1_val_D2_3,three_class_with_air,train,acetone\acetone_o10.csv,acetone,Period_I,Day 3 noon,3,Period I Day 3 noon,source,acetone_o10
S5_train_I_D1_val_D2_3,three_class_with_air,train,acetone\acetone_o11.csv,acetone,Period_I,Day 3 noon,3,Period I Day 3 noon,source,acetone_o11
S5_train_I_D1_val_D2_3,three_class_with_air,train,acetone\acetone_o12.csv,acetone,Period_I,Day 3 noon,3,Period I Day 3 noon,source,acetone_o12
S5_train_I_D1_val_D2_3,three_class_with_air,train,air\air_1.csv,air,Period_II,Day 1,1,Period II Day 1,batch1,air_1
S5_train_I_D1_val_D2_3,three_class_with_air,train,air\air_2.csv,air,Period_II,Day 1,1,Period II Day 1,batch1,air_2
S5_train_I_D1_val_D2_3,three_class_with_air,train,air\baseline_1.csv,air,Period_I,baseline,0,Period I baseline,source,baseline_1
S5_train_I_D1_val_D2_3,three_class_with_air,train,air\baseline_3.csv,air,Period_I,baseline,0,Period I baseline,source,baseline_3
S5_train_I_D1_val_D2_3,three_class_with_air,train,air\baseline_4.csv,air,Period_I,baseline,0,Period I baseline,source,baseline_4
S5_train_I_D1_val_D2_3,three_class_with_air,train,air\baseline_5.csv,air,Period_I,baseline,0,Period I baseline,source,baseline_5
S5_train_I_D1_val_D2_3,three_class_with_air,train,air\baseline_6.csv,air,Period_I,baseline,0,Period I baseline,source,baseline_6
S5_train_I_D1_val_D2_3,three_class_with_air,train,air\baseline_7.csv,air,Period_I,baseline,0,Period I baseline,source,baseline_7
S5_train_I_D1_val_D2_3,three_class_with_air,train,air\reference_1.csv,air,Period_II,Day 1,1,Period II Day 1,batch1,reference_1
S5_train_I_D1_val_D2_3,three_class_with_air,train,air\reference_2.csv,air,Period_II,Day 1,1,Period II Day 1,batch1,reference_2
S5_train_I_D1_val_D2_3,three_class_with_air,train,air\reference_3.csv,air,Period_II,Day 1,1,Period II Day 1,batch1,reference_3
S5_train_I_D1_val_D2_3,three_class_with_air,train,air\reference_4.csv,air,Period_II,Day 1,1,Period II Day 1,batch1,reference_4
S5_train_I_D1_val_D2_3,three_class_with_air,train,alcohol\alcohol_1.csv,alcohol,Period_II,Day 1,1,Period II Day 1,batch1,alcohol_1
S5_train_I_D1_val_D2_3,three_class_with_air,train,alcohol\alcohol_2.csv,alcohol,Period_II,Day 1,1,Period II Day 1,batch1,alcohol_2
S5_train_I_D1_val_D2_3,three_class_with_air,train,alcohol\alcohol_3.csv,alcohol,Period_II,Day 1,1,Period II Day 1,batch1,alcohol_3
S5_train_I_D1_val_D2_3,three_class_with_air,train,alcohol\alcohol_4.csv,alcohol,Period_II,Day 1,1,Period II Day 1,batch1,alcohol_4
S5_train_I_D1_val_D2_3,three_class_with_air,train,alcohol\alcohol_5.csv,alcohol,Period_II,Day 1,1,Period II Day 1,batch1,alcohol_5
S5_train_I_D1_val_D2_3,three_class_with_air,train,alcohol\alcohol_o1.csv,alcohol,Period_I,Day 1 afternoon,1,Period I Day 1 afternoon,source,alcohol_o1
S5_train_I_D1_val_D2_3,three_class_with_air,train,alcohol\alcohol_o2.csv,alcohol,Period_I,Day 1 afternoon,1,Period I Day 1 afternoon,source,alcohol_o2
S5_train_I_D1_val_D2_3,three_class_with_air,train,alcohol\alcohol_o3.csv,alcohol,Period_I,Day 1 afternoon,1,Period I Day 1 afternoon,source,alcohol_o3
S5_train_I_D1_val_D2_3,three_class_with_air,train,alcohol\alcohol_o4.csv,alcohol,Period_I,Day 2 noon,2,Period I Day 2 noon,source,alcohol_o4
S5_train_I_D1_val_D2_3,three_class_with_air,train,alcohol\alcohol_o5.csv,alcohol,Period_I,Day 2 noon,2,Period I Day 2 noon,source,alcohol_o5
S5_train_I_D1_val_D2_3,three_class_with_air,train,alcohol\alcohol_o6.csv,alcohol,Period_I,Day 2 noon,2,Period I Day 2 noon,source,alcohol_o6
S5_train_I_D1_val_D2_3,three_class_with_air,train,alcohol\alcohol_o7.csv,alcohol,Period_I,Day 2 afternoon,2,Period I Day 2 afternoon,source,alcohol_o7
S5_train_I_D1_val_D2_3,three_class_with_air,train,alcohol\alcohol_o8.csv,alcohol,Period_I,Day 2 afternoon,2,Period I Day 2 afternoon,source,alcohol_o8
S5_train_I_D1_val_D2_3,three_class_with_air,train,alcohol\alcohol_o9.csv,alcohol,Period_I,Day 2 afternoon,2,Period I Day 2 afternoon,source,alcohol_o9
S5_train_I_D1_val_D2_3,three_class_with_air,train,alcohol\alcohol_o10.csv,alcohol,Period_I,Day 3 noon,3,Period I Day 3 noon,source,alcohol_o10
S5_train_I_D1_val_D2_3,three_class_with_air,train,alcohol\alcohol_o11.csv,alcohol,Period_I,Day 3 noon,3,Period I Day 3 noon,source,alcohol_o11
S5_train_I_D1_val_D2_3,three_class_with_air,train,alcohol\alcohol_o12.csv,alcohol,Period_I,Day 3 noon,3,Period I Day 3 noon,source,alcohol_o12
S5_train_I_D1_val_D2_3,three_class_with_air,validation,acetone\acetone_6.csv,acetone,Period_II,Day 2,2,Period II Day 2,batch1,acetone_6
S5_train_I_D1_val_D2_3,three_class_with_air,validation,acetone\acetone_7.csv,acetone,Period_II,Day 2,2,Period II Day 2,batch1,acetone_7
S5_train_I_D1_val_D2_3,three_class_with_air,validation,acetone\acetone_8.csv,acetone,Period_II,Day 2,2,Period II Day 2,batch1,acetone_8
S5_train_I_D1_val_D2_3,three_class_with_air,validation,acetone\acetone_9.csv,acetone,Period_II,Day 2,2,Period II Day 2,batch1,acetone_9
S5_train_I_D1_val_D2_3,three_class_with_air,validation,acetone\acetone_10.csv,acetone,Period_II,Day 2,2,Period II Day 2,batch1,acetone_10
S5_train_I_D1_val_D2_3,three_class_with_air,validation,acetone\acetone_11.csv,acetone,Period_II,Day 3,3,Period II Day 3,batch2,acetone_11
S5_train_I_D1_val_D2_3,three_class_with_air,validation,acetone\acetone_12.csv,acetone,Period_II,Day 3,3,Period II Day 3,batch2,acetone_12
S5_train_I_D1_val_D2_3,three_class_with_air,validation,acetone\acetone_13.csv,acetone,Period_II,Day 3,3,Period II Day 3,batch2,acetone_13
S5_train_I_D1_val_D2_3,three_class_with_air,validation,acetone\acetone_14.csv,acetone,Period_II,Day 3,3,Period II Day 3,batch2,acetone_14
S5_train_I_D1_val_D2_3,three_class_with_air,validation,acetone\acetone_15.csv,acetone,Period_II,Day 3,3,Period II Day 3,batch2,acetone_15
S5_train_I_D1_val_D2_3,three_class_with_air,validation,air\air_3.csv,air,Period_II,Day 2,2,Period II Day 2,batch1,air_3
S5_train_I_D1_val_D2_3,three_class_with_air,validation,air\air_4.csv,air,Period_II,Day 2,2,Period II Day 2,batch1,air_4
S5_train_I_D1_val_D2_3,three_class_with_air,validation,air\air_5.csv,air,Period_II,Day 3,3,Period II Day 3,batch2,air_5
S5_train_I_D1_val_D2_3,three_class_with_air,validation,air\air_6.csv,air,Period_II,Day 3,3,Period II Day 3,batch2,air_6
S5_train_I_D1_val_D2_3,three_class_with_air,validation,air\reference_5.csv,air,Period_II,Day 3,3,Period II Day 3,batch2,reference_5
S5_train_I_D1_val_D2_3,three_class_with_air,validation,air\reference_6.csv,air,Period_II,Day 3,3,Period II Day 3,batch2,reference_6
S5_train_I_D1_val_D2_3,three_class_with_air,validation,alcohol\alcohol_6.csv,alcohol,Period_II,Day 2,2,Period II Day 2,batch1,alcohol_6
S5_train_I_D1_val_D2_3,three_class_with_air,validation,alcohol\alcohol_7.csv,alcohol,Period_II,Day 2,2,Period II Day 2,batch1,alcohol_7
S5_train_I_D1_val_D2_3,three_class_with_air,validation,alcohol\alcohol_8.csv,alcohol,Period_II,Day 2,2,Period II Day 2,batch1,alcohol_8
S5_train_I_D1_val_D2_3,three_class_with_air,validation,alcohol\alcohol_9.csv,alcohol,Period_II,Day 2,2,Period II Day 2,batch1,alcohol_9
S5_train_I_D1_val_D2_3,three_class_with_air,validation,alcohol\alcohol_10.csv,alcohol,Period_II,Day 2,2,Period II Day 2,batch1,alcohol_10
S5_train_I_D1_val_D2_3,three_class_with_air,validation,alcohol\alcohol_11.csv,alcohol,Period_II,Day 3,3,Period II Day 3,batch2,alcohol_11
S5_train_I_D1_val_D2_3,three_class_with_air,validation,alcohol\alcohol_12.csv,alcohol,Period_II,Day 3,3,Period II Day 3,batch2,alcohol_12
S5_train_I_D1_val_D2_3,three_class_with_air,validation,alcohol\alcohol_13.csv,alcohol,Period_II,Day 3,3,Period II Day 3,batch2,alcohol_13
S5_train_I_D1_val_D2_3,three_class_with_air,validation,alcohol\alcohol_14.csv,alcohol,Period_II,Day 3,3,Period II Day 3,batch2,alcohol_14
S5_train_I_D1_val_D2_3,three_class_with_air,validation,alcohol\alcohol_15.csv,alcohol,Period_II,Day 3,3,Period II Day 3,batch2,alcohol_15
S5_train_I_D1_val_D2_3,three_class_with_air,test,acetone\acetone_16.csv,acetone,Period_II,Day 4,4,Period II Day 4,batch2,acetone_16
S5_train_I_D1_val_D2_3,three_class_with_air,test,acetone\acetone_17.csv,acetone,Period_II,Day 4,4,Period II Day 4,batch2,acetone_17
S5_train_I_D1_val_D2_3,three_class_with_air,test,acetone\acetone_18.csv,acetone,Period_II,Day 4,4,Period II Day 4,batch2,acetone_18
S5_train_I_D1_val_D2_3,three_class_with_air,test,acetone\acetone_19.csv,acetone,Period_II,Day 4,4,Period II Day 4,batch2,acetone_19
S5_train_I_D1_val_D2_3,three_class_with_air,test,acetone\acetone_20.csv,acetone,Period_II,Day 4,4,Period II Day 4,batch2,acetone_20
S5_train_I_D1_val_D2_3,three_class_with_air,test,acetone\acetone_21.csv,acetone,Period_II,Day 5,5,Period II Day 5,batch2,acetone_21
S5_train_I_D1_val_D2_3,three_class_with_air,test,acetone\acetone_22.csv,acetone,Period_II,Day 5,5,Period II Day 5,batch2,acetone_22
S5_train_I_D1_val_D2_3,three_class_with_air,test,acetone\acetone_23.csv,acetone,Period_II,Day 5,5,Period II Day 5,batch2,acetone_23
S5_train_I_D1_val_D2_3,three_class_with_air,test,acetone\acetone_24.csv,acetone,Period_II,Day 5,5,Period II Day 5,batch2,acetone_24
S5_train_I_D1_val_D2_3,three_class_with_air,test,acetone\acetone_25.csv,acetone,Period_II,Day 5,5,Period II Day 5,batch2,acetone_25
S5_train_I_D1_val_D2_3,three_class_with_air,test,acetone\acetone_26.csv,acetone,Period_II,Day 6,6,Period II Day 6,batch2,acetone_26
S5_train_I_D1_val_D2_3,three_class_with_air,test,acetone\acetone_27.csv,acetone,Period_II,Day 6,6,Period II Day 6,batch2,acetone_27
S5_train_I_D1_val_D2_3,three_class_with_air,test,acetone\acetone_28.csv,acetone,Period_II,Day 6,6,Period II Day 6,batch2,acetone_28
S5_train_I_D1_val_D2_3,three_class_with_air,test,acetone\acetone_29.csv,acetone,Period_II,Day 6,6,Period II Day 6,batch2,acetone_29
S5_train_I_D1_val_D2_3,three_class_with_air,test,acetone\acetone_30.csv,acetone,Period_II,Day 6,6,Period II Day 6,batch2,acetone_30
S5_train_I_D1_val_D2_3,three_class_with_air,test,acetone\acetone_31.csv,acetone,Period_II,Day 6,6,Period II Day 6,batch2,acetone_31
S5_train_I_D1_val_D2_3,three_class_with_air,test,acetone\acetone_32.csv,acetone,Period_II,Day 6,6,Period II Day 6,batch2,acetone_32
S5_train_I_D1_val_D2_3,three_class_with_air,test,acetone\acetone_33.csv,acetone,Period_II,Day 7,7,Period II Day 7,batch2,acetone_33
S5_train_I_D1_val_D2_3,three_class_with_air,test,acetone\acetone_34.csv,acetone,Period_II,Day 7,7,Period II Day 7,batch2,acetone_34
S5_train_I_D1_val_D2_3,three_class_with_air,test,acetone\acetone_35.csv,acetone,Period_II,Day 7,7,Period II Day 7,batch2,acetone_35
S5_train_I_D1_val_D2_3,three_class_with_air,test,acetone\acetone_36.csv,acetone,Period_II,Day 8,8,Period II Day 8,batch2,acetone_36
S5_train_I_D1_val_D2_3,three_class_with_air,test,acetone\acetone_37.csv,acetone,Period_II,Day 8,8,Period II Day 8,batch2,acetone_37
S5_train_I_D1_val_D2_3,three_class_with_air,test,acetone\acetone_38.csv,acetone,Period_II,Day 8,8,Period II Day 8,batch2,acetone_38
S5_train_I_D1_val_D2_3,three_class_with_air,test,acetone\acetone_39.csv,acetone,Period_II,Day 9,9,Period II Day 9,batch2,acetone_39
S5_train_I_D1_val_D2_3,three_class_with_air,test,acetone\acetone_40.csv,acetone,Period_II,Day 9,9,Period II Day 9,batch2,acetone_40
S5_train_I_D1_val_D2_3,three_class_with_air,test,acetone\acetone_41.csv,acetone,Period_II,Day 9,9,Period II Day 9,batch2,acetone_41
S5_train_I_D1_val_D2_3,three_class_with_air,test,acetone\acetone_42.csv,acetone,Period_II,Day 9,9,Period II Day 9,batch2,acetone_42
S5_train_I_D1_val_D2_3,three_class_with_air,test,acetone\acetone_43.csv,acetone,Period_II,Day 9,9,Period II Day 9,batch2,acetone_43
S5_train_I_D1_val_D2_3,three_class_with_air,test,acetone\acetone_44.csv,acetone,Period_II,Day 10,10,Period II Day 10,batch3,acetone_44
S5_train_I_D1_val_D2_3,three_class_with_air,test,acetone\acetone_45.csv,acetone,Period_II,Day 10,10,Period II Day 10,batch3,acetone_45
S5_train_I_D1_val_D2_3,three_class_with_air,test,acetone\acetone_46.csv,acetone,Period_II,Day 10,10,Period II Day 10,batch3,acetone_46
S5_train_I_D1_val_D2_3,three_class_with_air,test,acetone\acetone_47.csv,acetone,Period_II,Day 10,10,Period II Day 10,batch3,acetone_47
S5_train_I_D1_val_D2_3,three_class_with_air,test,acetone\acetone_48.csv,acetone,Period_II,Day 11,11,Period II Day 11,batch3,acetone_48
S5_train_I_D1_val_D2_3,three_class_with_air,test,acetone\acetone_49.csv,acetone,Period_II,Day 11,11,Period II Day 11,batch3,acetone_49
S5_train_I_D1_val_D2_3,three_class_with_air,test,acetone\acetone_50.csv,acetone,Period_II,Day 11,11,Period II Day 11,batch3,acetone_50
S5_train_I_D1_val_D2_3,three_class_with_air,test,acetone\acetone_51.csv,acetone,Period_II,Day 11,11,Period II Day 11,batch3,acetone_51
S5_train_I_D1_val_D2_3,three_class_with_air,test,acetone\acetone_52.csv,acetone,Period_II,Day 12,12,Period II Day 12,batch3,acetone_52
S5_train_I_D1_val_D2_3,three_class_with_air,test,acetone\acetone_53.csv,acetone,Period_II,Day 12,12,Period II Day 12,batch3,acetone_53
S5_train_I_D1_val_D2_3,three_class_with_air,test,acetone\acetone_54.csv,acetone,Period_II,Day 12,12,Period II Day 12,batch3,acetone_54
S5_train_I_D1_val_D2_3,three_class_with_air,test,acetone\acetone_55.csv,acetone,Period_II,Day 12,12,Period II Day 12,batch3,acetone_55
S5_train_I_D1_val_D2_3,three_class_with_air,test,acetone\acetone_56.csv,acetone,Period_II,Day 13,13,Period II Day 13,batch3,acetone_56
S5_train_I_D1_val_D2_3,three_class_with_air,test,acetone\acetone_57.csv,acetone,Period_II,Day 13,13,Period II Day 13,batch3,acetone_57
S5_train_I_D1_val_D2_3,three_class_with_air,test,acetone\acetone_58.csv,acetone,Period_II,Day 14,14,Period II Day 14,batch3,acetone_58
S5_train_I_D1_val_D2_3,three_class_with_air,test,acetone\acetone_59.csv,acetone,Period_II,Day 14,14,Period II Day 14,batch3,acetone_59
S5_train_I_D1_val_D2_3,three_class_with_air,test,acetone\acetone_60.csv,acetone,Period_II,Day 14,14,Period II Day 14,batch3,acetone_60
S5_train_I_D1_val_D2_3,three_class_with_air,test,acetone\acetone_61.csv,acetone,Period_II,Day 15,15,Period II Day 15,batch3,acetone_61
S5_train_I_D1_val_D2_3,three_class_with_air,test,acetone\acetone_62.csv,acetone,Period_II,Day 15,15,Period II Day 15,batch3,acetone_62
S5_train_I_D1_val_D2_3,three_class_with_air,test,acetone\acetone_63.csv,acetone,Period_II,Day 15,15,Period II Day 15,batch3,acetone_63
S5_train_I_D1_val_D2_3,three_class_with_air,test,acetone\acetone_64.csv,acetone,Period_II,Day 17,17,Period II Day 17,batch3,acetone_64
S5_train_I_D1_val_D2_3,three_class_with_air,test,acetone\acetone_65.csv,acetone,Period_II,Day 17,17,Period II Day 17,batch3,acetone_65
S5_train_I_D1_val_D2_3,three_class_with_air,test,acetone\acetone_66.csv,acetone,Period_II,Day 17,17,Period II Day 17,batch3,acetone_66
S5_train_I_D1_val_D2_3,three_class_with_air,test,acetone\acetone_67.csv,acetone,Period_II,Day 17,17,Period II Day 17,batch3,acetone_67
S5_train_I_D1_val_D2_3,three_class_with_air,test,acetone\acetone_68.csv,acetone,Period_II,Day 17,17,Period II Day 17,batch3,acetone_68
S5_train_I_D1_val_D2_3,three_class_with_air,test,acetone\acetone_69.csv,acetone,Period_III,Day 18,18,Period III Day 18,batch4,acetone_69
S5_train_I_D1_val_D2_3,three_class_with_air,test,acetone\acetone_70.csv,acetone,Period_III,Day 18,18,Period III Day 18,batch4,acetone_70
S5_train_I_D1_val_D2_3,three_class_with_air,test,acetone\acetone_71.csv,acetone,Period_III,Day 18,18,Period III Day 18,batch4,acetone_71
S5_train_I_D1_val_D2_3,three_class_with_air,test,acetone\acetone_72.csv,acetone,Period_III,Day 18,18,Period III Day 18,batch4,acetone_72
S5_train_I_D1_val_D2_3,three_class_with_air,test,acetone\acetone_73.csv,acetone,Period_III,Day 18,18,Period III Day 18,batch4,acetone_73
S5_train_I_D1_val_D2_3,three_class_with_air,test,acetone\acetone_74.csv,acetone,Period_III,Day 19,19,Period III Day 19,batch4,acetone_74
S5_train_I_D1_val_D2_3,three_class_with_air,test,acetone\acetone_75.csv,acetone,Period_III,Day 19,19,Period III Day 19,batch4,acetone_75
S5_train_I_D1_val_D2_3,three_class_with_air,test,acetone\acetone_76.csv,acetone,Period_III,Day 19,19,Period III Day 19,batch4,acetone_76
S5_train_I_D1_val_D2_3,three_class_with_air,test,acetone\acetone_77.csv,acetone,Period_III,Day 20,20,Period III Day 20,batch4,acetone_77
S5_train_I_D1_val_D2_3,three_class_with_air,test,acetone\acetone_78.csv,acetone,Period_III,Day 20,20,Period III Day 20,batch4,acetone_78
S5_train_I_D1_val_D2_3,three_class_with_air,test,acetone\acetone_79.csv,acetone,Period_III,Day 20,20,Period III Day 20,batch4,acetone_79
S5_train_I_D1_val_D2_3,three_class_with_air,test,acetone\acetone_80.csv,acetone,Period_III,Day 20,20,Period III Day 20,batch4,acetone_80
S5_train_I_D1_val_D2_3,three_class_with_air,test,acetone\acetone_81.csv,acetone,Period_III,Day 21,21,Period III Day 21,batch4,acetone_81
S5_train_I_D1_val_D2_3,three_class_with_air,test,acetone\acetone_82.csv,acetone,Period_III,Day 21,21,Period III Day 21,batch4,acetone_82
S5_train_I_D1_val_D2_3,three_class_with_air,test,acetone\acetone_83.csv,acetone,Period_III,Day 21,21,Period III Day 21,batch4,acetone_83
S5_train_I_D1_val_D2_3,three_class_with_air,test,acetone\acetone_84.csv,acetone,Period_III,Day 21,21,Period III Day 21,batch4,acetone_84
S5_train_I_D1_val_D2_3,three_class_with_air,test,acetone\acetone_85.csv,acetone,Period_IV,Day 22,22,Period IV Day 22,batch5,acetone_85
S5_train_I_D1_val_D2_3,three_class_with_air,test,acetone\acetone_86.csv,acetone,Period_IV,Day 22,22,Period IV Day 22,batch5,acetone_86
S5_train_I_D1_val_D2_3,three_class_with_air,test,acetone\acetone_87.csv,acetone,Period_IV,Day 22,22,Period IV Day 22,batch5,acetone_87
S5_train_I_D1_val_D2_3,three_class_with_air,test,acetone\acetone_88.csv,acetone,Period_IV,Day 22,22,Period IV Day 22,batch5,acetone_88
S5_train_I_D1_val_D2_3,three_class_with_air,test,acetone\acetone_89.csv,acetone,Period_IV,Day 23,23,Period IV Day 23,batch5,acetone_89
S5_train_I_D1_val_D2_3,three_class_with_air,test,acetone\acetone_90.csv,acetone,Period_IV,Day 23,23,Period IV Day 23,batch5,acetone_90
S5_train_I_D1_val_D2_3,three_class_with_air,test,acetone\acetone_91.csv,acetone,Period_IV,Day 23,23,Period IV Day 23,batch5,acetone_91
S5_train_I_D1_val_D2_3,three_class_with_air,test,acetone\acetone_92.csv,acetone,Period_IV,Day 23,23,Period IV Day 23,batch5,acetone_92
S5_train_I_D1_val_D2_3,three_class_with_air,test,acetone\acetone_93.csv,acetone,Period_IV,Day 24,24,Period IV Day 24,batch5,acetone_93
S5_train_I_D1_val_D2_3,three_class_with_air,test,acetone\acetone_94.csv,acetone,Period_IV,Day 24,24,Period IV Day 24,batch5,acetone_94
S5_train_I_D1_val_D2_3,three_class_with_air,test,acetone\acetone_95.csv,acetone,Period_IV,Day 24,24,Period IV Day 24,batch5,acetone_95
S5_train_I_D1_val_D2_3,three_class_with_air,test,acetone\acetone_96.csv,acetone,Period_IV,Day 24,24,Period IV Day 24,batch5,acetone_96
S5_train_I_D1_val_D2_3,three_class_with_air,test,air\air_7.csv,air,Period_II,Day 4,4,Period II Day 4,batch2,air_7
S5_train_I_D1_val_D2_3,three_class_with_air,test,air\air_8.csv,air,Period_II,Day 4,4,Period II Day 4,batch2,air_8
S5_train_I_D1_val_D2_3,three_class_with_air,test,air\air_9.csv,air,Period_II,Day 5,5,Period II Day 5,batch2,air_9
S5_train_I_D1_val_D2_3,three_class_with_air,test,air\air_10.csv,air,Period_II,Day 5,5,Period II Day 5,batch2,air_10
S5_train_I_D1_val_D2_3,three_class_with_air,test,air\air_11.csv,air,Period_II,Day 6,6,Period II Day 6,batch2,air_11
S5_train_I_D1_val_D2_3,three_class_with_air,test,air\air_12.csv,air,Period_II,Day 6,6,Period II Day 6,batch2,air_12
S5_train_I_D1_val_D2_3,three_class_with_air,test,air\air_13.csv,air,Period_II,Day 6,6,Period II Day 6,batch2,air_13
S5_train_I_D1_val_D2_3,three_class_with_air,test,air\air_14.csv,air,Period_II,Day 8,8,Period II Day 8,batch2,air_14
S5_train_I_D1_val_D2_3,three_class_with_air,test,air\air_15.csv,air,Period_II,Day 8,8,Period II Day 8,batch2,air_15
S5_train_I_D1_val_D2_3,three_class_with_air,test,air\air_16.csv,air,Period_II,Day 9,9,Period II Day 9,batch2,air_16
S5_train_I_D1_val_D2_3,three_class_with_air,test,air\air_17.csv,air,Period_II,Day 9,9,Period II Day 9,batch2,air_17
S5_train_I_D1_val_D2_3,three_class_with_air,test,air\air_18.csv,air,Period_II,Day 10,10,Period II Day 10,batch3,air_18
S5_train_I_D1_val_D2_3,three_class_with_air,test,air\air_19.csv,air,Period_II,Day 10,10,Period II Day 10,batch3,air_19
S5_train_I_D1_val_D2_3,three_class_with_air,test,air\air_20.csv,air,Period_II,Day 11,11,Period II Day 11,batch3,air_20
S5_train_I_D1_val_D2_3,three_class_with_air,test,air\air_21.csv,air,Period_II,Day 11,11,Period II Day 11,batch3,air_21
S5_train_I_D1_val_D2_3,three_class_with_air,test,air\air_22.csv,air,Period_II,Day 12,12,Period II Day 12,batch3,air_22
S5_train_I_D1_val_D2_3,three_class_with_air,test,air\air_23.csv,air,Period_II,Day 12,12,Period II Day 12,batch3,air_23
S5_train_I_D1_val_D2_3,three_class_with_air,test,air\air_24.csv,air,Period_II,Day 13,13,Period II Day 13,batch3,air_24
S5_train_I_D1_val_D2_3,three_class_with_air,test,air\air_25.csv,air,Period_II,Day 13,13,Period II Day 13,batch3,air_25
S5_train_I_D1_val_D2_3,three_class_with_air,test,air\air_26.csv,air,Period_II,Day 13,13,Period II Day 13,batch3,air_26
S5_train_I_D1_val_D2_3,three_class_with_air,test,air\air_27.csv,air,Period_II,Day 13,13,Period II Day 13,batch3,air_27
S5_train_I_D1_val_D2_3,three_class_with_air,test,air\air_28.csv,air,Period_II,Day 13,13,Period II Day 13,batch3,air_28
S5_train_I_D1_val_D2_3,three_class_with_air,test,air\air_29.csv,air,Period_II,Day 14,14,Period II Day 14,batch3,air_29
S5_train_I_D1_val_D2_3,three_class_with_air,test,air\air_30.csv,air,Period_II,Day 14,14,Period II Day 14,batch3,air_30
S5_train_I_D1_val_D2_3,three_class_with_air,test,air\air_31.csv,air,Period_II,Day 14,14,Period II Day 14,batch3,air_31
S5_train_I_D1_val_D2_3,three_class_with_air,test,air\air_32.csv,air,Period_II,Day 14,14,Period II Day 14,batch3,air_32
S5_train_I_D1_val_D2_3,three_class_with_air,test,air\air_33.csv,air,Period_II,Day 14,14,Period II Day 14,batch3,air_33
S5_train_I_D1_val_D2_3,three_class_with_air,test,air\air_34.csv,air,Period_II,Day 14,14,Period II Day 14,batch3,air_34
S5_train_I_D1_val_D2_3,three_class_with_air,test,air\air_35.csv,air,Period_II,Day 15,15,Period II Day 15,batch3,air_35
S5_train_I_D1_val_D2_3,three_class_with_air,test,air\air_36.csv,air,Period_II,Day 15,15,Period II Day 15,batch3,air_36
S5_train_I_D1_val_D2_3,three_class_with_air,test,air\air_37.csv,air,Period_II,Day 15,15,Period II Day 15,batch3,air_37
S5_train_I_D1_val_D2_3,three_class_with_air,test,air\air_38.csv,air,Period_II,Day 15,15,Period II Day 15,batch3,air_38
S5_train_I_D1_val_D2_3,three_class_with_air,test,air\air_39.csv,air,Period_II,Day 15,15,Period II Day 15,batch3,air_39
S5_train_I_D1_val_D2_3,three_class_with_air,test,air\air_40.csv,air,Period_II,Day 15,15,Period II Day 15,batch3,air_40
S5_train_I_D1_val_D2_3,three_class_with_air,test,air\air_41.csv,air,Period_II,Day 16,16,Period II Day 16,batch3,air_41
S5_train_I_D1_val_D2_3,three_class_with_air,test,air\air_42.csv,air,Period_II,Day 16,16,Period II Day 16,batch3,air_42
S5_train_I_D1_val_D2_3,three_class_with_air,test,air\air_43.csv,air,Period_II,Day 16,16,Period II Day 16,batch3,air_43
S5_train_I_D1_val_D2_3,three_class_with_air,test,air\air_44.csv,air,Period_II,Day 16,16,Period II Day 16,batch3,air_44
S5_train_I_D1_val_D2_3,three_class_with_air,test,air\air_45.csv,air,Period_II,Day 17,17,Period II Day 17,batch3,air_45
S5_train_I_D1_val_D2_3,three_class_with_air,test,air\air_46.csv,air,Period_II,Day 17,17,Period II Day 17,batch3,air_46
S5_train_I_D1_val_D2_3,three_class_with_air,test,air\air_47.csv,air,Period_II,Day 17,17,Period II Day 17,batch3,air_47
S5_train_I_D1_val_D2_3,three_class_with_air,test,air\air_48.csv,air,Period_II,Day 17,17,Period II Day 17,batch3,air_48
S5_train_I_D1_val_D2_3,three_class_with_air,test,air\air_49.csv,air,Period_III,Day 18,18,Period III Day 18,batch4,air_49
S5_train_I_D1_val_D2_3,three_class_with_air,test,air\air_50.csv,air,Period_III,Day 18,18,Period III Day 18,batch4,air_50
S5_train_I_D1_val_D2_3,three_class_with_air,test,air\air_51.csv,air,Period_III,Day 18,18,Period III Day 18,batch4,air_51
S5_train_I_D1_val_D2_3,three_class_with_air,test,air\air_52.csv,air,Period_III,Day 18,18,Period III Day 18,batch4,air_52
S5_train_I_D1_val_D2_3,three_class_with_air,test,air\air_53.csv,air,Period_III,Day 19,19,Period III Day 19,batch4,air_53
S5_train_I_D1_val_D2_3,three_class_with_air,test,air\air_54.csv,air,Period_III,Day 19,19,Period III Day 19,batch4,air_54
S5_train_I_D1_val_D2_3,three_class_with_air,test,air\air_55.csv,air,Period_III,Day 20,20,Period III Day 20,batch4,air_55
S5_train_I_D1_val_D2_3,three_class_with_air,test,air\air_56.csv,air,Period_III,Day 20,20,Period III Day 20,batch4,air_56
S5_train_I_D1_val_D2_3,three_class_with_air,test,air\air_57.csv,air,Period_III,Day 20,20,Period III Day 20,batch4,air_57
S5_train_I_D1_val_D2_3,three_class_with_air,test,air\air_58.csv,air,Period_III,Day 20,20,Period III Day 20,batch4,air_58
S5_train_I_D1_val_D2_3,three_class_with_air,test,air\air_59.csv,air,Period_III,Day 21,21,Period III Day 21,batch4,air_59
S5_train_I_D1_val_D2_3,three_class_with_air,test,air\air_60.csv,air,Period_III,Day 21,21,Period III Day 21,batch4,air_60
S5_train_I_D1_val_D2_3,three_class_with_air,test,air\air_61.csv,air,Period_III,Day 21,21,Period III Day 21,batch4,air_61
S5_train_I_D1_val_D2_3,three_class_with_air,test,air\air_62.csv,air,Period_III,Day 21,21,Period III Day 21,batch4,air_62
S5_train_I_D1_val_D2_3,three_class_with_air,test,air\air_63.csv,air,Period_IV,Day 22,22,Period IV Day 22,batch5,air_63
S5_train_I_D1_val_D2_3,three_class_with_air,test,air\air_64.csv,air,Period_IV,Day 22,22,Period IV Day 22,batch5,air_64
S5_train_I_D1_val_D2_3,three_class_with_air,test,air\air_65.csv,air,Period_IV,Day 22,22,Period IV Day 22,batch5,air_65
S5_train_I_D1_val_D2_3,three_class_with_air,test,air\air_66.csv,air,Period_IV,Day 23,23,Period IV Day 23,batch5,air_66
S5_train_I_D1_val_D2_3,three_class_with_air,test,air\air_67.csv,air,Period_IV,Day 23,23,Period IV Day 23,batch5,air_67
S5_train_I_D1_val_D2_3,three_class_with_air,test,air\air_68.csv,air,Period_IV,Day 23,23,Period IV Day 23,batch5,air_68
S5_train_I_D1_val_D2_3,three_class_with_air,test,air\air_69.csv,air,Period_IV,Day 23,23,Period IV Day 23,batch5,air_69
S5_train_I_D1_val_D2_3,three_class_with_air,test,air\air_70.csv,air,Period_IV,Day 24,24,Period IV Day 24,batch5,air_70
S5_train_I_D1_val_D2_3,three_class_with_air,test,air\air_71.csv,air,Period_IV,Day 24,24,Period IV Day 24,batch5,air_71
S5_train_I_D1_val_D2_3,three_class_with_air,test,air\air_72.csv,air,Period_IV,Day 24,24,Period IV Day 24,batch5,air_72
S5_train_I_D1_val_D2_3,three_class_with_air,test,air\reference_7.csv,air,Period_II,Day 4,4,Period II Day 4,batch2,reference_7
S5_train_I_D1_val_D2_3,three_class_with_air,test,air\reference_8.csv,air,Period_II,Day 4,4,Period II Day 4,batch2,reference_8
S5_train_I_D1_val_D2_3,three_class_with_air,test,air\reference_9.csv,air,Period_II,Day 8,8,Period II Day 8,batch2,reference_9
S5_train_I_D1_val_D2_3,three_class_with_air,test,alcohol\alcohol_16.csv,alcohol,Period_II,Day 4,4,Period II Day 4,batch2,alcohol_16
S5_train_I_D1_val_D2_3,three_class_with_air,test,alcohol\alcohol_17.csv,alcohol,Period_II,Day 4,4,Period II Day 4,batch2,alcohol_17
S5_train_I_D1_val_D2_3,three_class_with_air,test,alcohol\alcohol_18.csv,alcohol,Period_II,Day 4,4,Period II Day 4,batch2,alcohol_18
S5_train_I_D1_val_D2_3,three_class_with_air,test,alcohol\alcohol_19.csv,alcohol,Period_II,Day 4,4,Period II Day 4,batch2,alcohol_19
S5_train_I_D1_val_D2_3,three_class_with_air,test,alcohol\alcohol_20.csv,alcohol,Period_II,Day 4,4,Period II Day 4,batch2,alcohol_20
S5_train_I_D1_val_D2_3,three_class_with_air,test,alcohol\alcohol_21.csv,alcohol,Period_II,Day 5,5,Period II Day 5,batch2,alcohol_21
S5_train_I_D1_val_D2_3,three_class_with_air,test,alcohol\alcohol_22.csv,alcohol,Period_II,Day 5,5,Period II Day 5,batch2,alcohol_22
S5_train_I_D1_val_D2_3,three_class_with_air,test,alcohol\alcohol_23.csv,alcohol,Period_II,Day 5,5,Period II Day 5,batch2,alcohol_23
S5_train_I_D1_val_D2_3,three_class_with_air,test,alcohol\alcohol_24.csv,alcohol,Period_II,Day 5,5,Period II Day 5,batch2,alcohol_24
S5_train_I_D1_val_D2_3,three_class_with_air,test,alcohol\alcohol_25.csv,alcohol,Period_II,Day 5,5,Period II Day 5,batch2,alcohol_25
S5_train_I_D1_val_D2_3,three_class_with_air,test,alcohol\alcohol_26.csv,alcohol,Period_II,Day 6,6,Period II Day 6,batch2,alcohol_26
S5_train_I_D1_val_D2_3,three_class_with_air,test,alcohol\alcohol_27.csv,alcohol,Period_II,Day 6,6,Period II Day 6,batch2,alcohol_27
S5_train_I_D1_val_D2_3,three_class_with_air,test,alcohol\alcohol_28.csv,alcohol,Period_II,Day 6,6,Period II Day 6,batch2,alcohol_28
S5_train_I_D1_val_D2_3,three_class_with_air,test,alcohol\alcohol_29.csv,alcohol,Period_II,Day 6,6,Period II Day 6,batch2,alcohol_29
S5_train_I_D1_val_D2_3,three_class_with_air,test,alcohol\alcohol_30.csv,alcohol,Period_II,Day 6,6,Period II Day 6,batch2,alcohol_30
S5_train_I_D1_val_D2_3,three_class_with_air,test,alcohol\alcohol_31.csv,alcohol,Period_II,Day 6,6,Period II Day 6,batch2,alcohol_31
S5_train_I_D1_val_D2_3,three_class_with_air,test,alcohol\alcohol_32.csv,alcohol,Period_II,Day 6,6,Period II Day 6,batch2,alcohol_32
S5_train_I_D1_val_D2_3,three_class_with_air,test,alcohol\alcohol_33.csv,alcohol,Period_II,Day 7,7,Period II Day 7,batch2,alcohol_33
S5_train_I_D1_val_D2_3,three_class_with_air,test,alcohol\alcohol_34.csv,alcohol,Period_II,Day 7,7,Period II Day 7,batch2,alcohol_34
S5_train_I_D1_val_D2_3,three_class_with_air,test,alcohol\alcohol_35.csv,alcohol,Period_II,Day 7,7,Period II Day 7,batch2,alcohol_35
S5_train_I_D1_val_D2_3,three_class_with_air,test,alcohol\alcohol_36.csv,alcohol,Period_II,Day 8,8,Period II Day 8,batch2,alcohol_36
S5_train_I_D1_val_D2_3,three_class_with_air,test,alcohol\alcohol_37.csv,alcohol,Period_II,Day 8,8,Period II Day 8,batch2,alcohol_37
S5_train_I_D1_val_D2_3,three_class_with_air,test,alcohol\alcohol_38.csv,alcohol,Period_II,Day 8,8,Period II Day 8,batch2,alcohol_38
S5_train_I_D1_val_D2_3,three_class_with_air,test,alcohol\alcohol_39.csv,alcohol,Period_II,Day 9,9,Period II Day 9,batch2,alcohol_39
S5_train_I_D1_val_D2_3,three_class_with_air,test,alcohol\alcohol_40.csv,alcohol,Period_II,Day 9,9,Period II Day 9,batch2,alcohol_40
S5_train_I_D1_val_D2_3,three_class_with_air,test,alcohol\alcohol_41.csv,alcohol,Period_II,Day 9,9,Period II Day 9,batch2,alcohol_41
S5_train_I_D1_val_D2_3,three_class_with_air,test,alcohol\alcohol_42.csv,alcohol,Period_II,Day 9,9,Period II Day 9,batch2,alcohol_42
S5_train_I_D1_val_D2_3,three_class_with_air,test,alcohol\alcohol_43.csv,alcohol,Period_II,Day 9,9,Period II Day 9,batch2,alcohol_43
S5_train_I_D1_val_D2_3,three_class_with_air,test,alcohol\alcohol_44.csv,alcohol,Period_II,Day 10,10,Period II Day 10,batch3,alcohol_44
S5_train_I_D1_val_D2_3,three_class_with_air,test,alcohol\alcohol_45.csv,alcohol,Period_II,Day 10,10,Period II Day 10,batch3,alcohol_45
S5_train_I_D1_val_D2_3,three_class_with_air,test,alcohol\alcohol_46.csv,alcohol,Period_II,Day 10,10,Period II Day 10,batch3,alcohol_46
S5_train_I_D1_val_D2_3,three_class_with_air,test,alcohol\alcohol_47.csv,alcohol,Period_II,Day 10,10,Period II Day 10,batch3,alcohol_47
S5_train_I_D1_val_D2_3,three_class_with_air,test,alcohol\alcohol_48.csv,alcohol,Period_II,Day 11,11,Period II Day 11,batch3,alcohol_48
S5_train_I_D1_val_D2_3,three_class_with_air,test,alcohol\alcohol_49.csv,alcohol,Period_II,Day 11,11,Period II Day 11,batch3,alcohol_49
S5_train_I_D1_val_D2_3,three_class_with_air,test,alcohol\alcohol_50.csv,alcohol,Period_II,Day 11,11,Period II Day 11,batch3,alcohol_50
S5_train_I_D1_val_D2_3,three_class_with_air,test,alcohol\alcohol_51.csv,alcohol,Period_II,Day 11,11,Period II Day 11,batch3,alcohol_51
S5_train_I_D1_val_D2_3,three_class_with_air,test,alcohol\alcohol_52.csv,alcohol,Period_II,Day 12,12,Period II Day 12,batch3,alcohol_52
S5_train_I_D1_val_D2_3,three_class_with_air,test,alcohol\alcohol_53.csv,alcohol,Period_II,Day 12,12,Period II Day 12,batch3,alcohol_53
S5_train_I_D1_val_D2_3,three_class_with_air,test,alcohol\alcohol_54.csv,alcohol,Period_II,Day 12,12,Period II Day 12,batch3,alcohol_54
S5_train_I_D1_val_D2_3,three_class_with_air,test,alcohol\alcohol_55.csv,alcohol,Period_II,Day 12,12,Period II Day 12,batch3,alcohol_55
S5_train_I_D1_val_D2_3,three_class_with_air,test,alcohol\alcohol_56.csv,alcohol,Period_II,Day 13,13,Period II Day 13,batch3,alcohol_56
S5_train_I_D1_val_D2_3,three_class_with_air,test,alcohol\alcohol_57.csv,alcohol,Period_II,Day 13,13,Period II Day 13,batch3,alcohol_57
S5_train_I_D1_val_D2_3,three_class_with_air,test,alcohol\alcohol_58.csv,alcohol,Period_II,Day 14,14,Period II Day 14,batch3,alcohol_58
S5_train_I_D1_val_D2_3,three_class_with_air,test,alcohol\alcohol_59.csv,alcohol,Period_II,Day 14,14,Period II Day 14,batch3,alcohol_59
S5_train_I_D1_val_D2_3,three_class_with_air,test,alcohol\alcohol_60.csv,alcohol,Period_II,Day 14,14,Period II Day 14,batch3,alcohol_60
S5_train_I_D1_val_D2_3,three_class_with_air,test,alcohol\alcohol_61.csv,alcohol,Period_II,Day 15,15,Period II Day 15,batch3,alcohol_61
S5_train_I_D1_val_D2_3,three_class_with_air,test,alcohol\alcohol_62.csv,alcohol,Period_II,Day 15,15,Period II Day 15,batch3,alcohol_62
S5_train_I_D1_val_D2_3,three_class_with_air,test,alcohol\alcohol_63.csv,alcohol,Period_II,Day 15,15,Period II Day 15,batch3,alcohol_63
S5_train_I_D1_val_D2_3,three_class_with_air,test,alcohol\alcohol_64.csv,alcohol,Period_II,Day 17,17,Period II Day 17,batch3,alcohol_64
S5_train_I_D1_val_D2_3,three_class_with_air,test,alcohol\alcohol_65.csv,alcohol,Period_II,Day 17,17,Period II Day 17,batch3,alcohol_65
S5_train_I_D1_val_D2_3,three_class_with_air,test,alcohol\alcohol_66.csv,alcohol,Period_II,Day 17,17,Period II Day 17,batch3,alcohol_66
S5_train_I_D1_val_D2_3,three_class_with_air,test,alcohol\alcohol_67.csv,alcohol,Period_II,Day 17,17,Period II Day 17,batch3,alcohol_67
S5_train_I_D1_val_D2_3,three_class_with_air,test,alcohol\alcohol_68.csv,alcohol,Period_II,Day 17,17,Period II Day 17,batch3,alcohol_68
S5_train_I_D1_val_D2_3,three_class_with_air,test,alcohol\alcohol_69.csv,alcohol,Period_III,Day 18,18,Period III Day 18,batch4,alcohol_69
S5_train_I_D1_val_D2_3,three_class_with_air,test,alcohol\alcohol_70.csv,alcohol,Period_III,Day 18,18,Period III Day 18,batch4,alcohol_70
S5_train_I_D1_val_D2_3,three_class_with_air,test,alcohol\alcohol_71.csv,alcohol,Period_III,Day 18,18,Period III Day 18,batch4,alcohol_71
S5_train_I_D1_val_D2_3,three_class_with_air,test,alcohol\alcohol_72.csv,alcohol,Period_III,Day 18,18,Period III Day 18,batch4,alcohol_72
S5_train_I_D1_val_D2_3,three_class_with_air,test,alcohol\alcohol_73.csv,alcohol,Period_III,Day 18,18,Period III Day 18,batch4,alcohol_73
S5_train_I_D1_val_D2_3,three_class_with_air,test,alcohol\alcohol_74.csv,alcohol,Period_III,Day 19,19,Period III Day 19,batch4,alcohol_74
S5_train_I_D1_val_D2_3,three_class_with_air,test,alcohol\alcohol_75.csv,alcohol,Period_III,Day 19,19,Period III Day 19,batch4,alcohol_75
S5_train_I_D1_val_D2_3,three_class_with_air,test,alcohol\alcohol_76.csv,alcohol,Period_III,Day 19,19,Period III Day 19,batch4,alcohol_76
S5_train_I_D1_val_D2_3,three_class_with_air,test,alcohol\alcohol_77.csv,alcohol,Period_III,Day 20,20,Period III Day 20,batch4,alcohol_77
S5_train_I_D1_val_D2_3,three_class_with_air,test,alcohol\alcohol_78.csv,alcohol,Period_III,Day 20,20,Period III Day 20,batch4,alcohol_78
S5_train_I_D1_val_D2_3,three_class_with_air,test,alcohol\alcohol_79.csv,alcohol,Period_III,Day 20,20,Period III Day 20,batch4,alcohol_79
S5_train_I_D1_val_D2_3,three_class_with_air,test,alcohol\alcohol_80.csv,alcohol,Period_III,Day 20,20,Period III Day 20,batch4,alcohol_80
S5_train_I_D1_val_D2_3,three_class_with_air,test,alcohol\alcohol_81.csv,alcohol,Period_III,Day 21,21,Period III Day 21,batch4,alcohol_81
S5_train_I_D1_val_D2_3,three_class_with_air,test,alcohol\alcohol_82.csv,alcohol,Period_III,Day 21,21,Period III Day 21,batch4,alcohol_82
S5_train_I_D1_val_D2_3,three_class_with_air,test,alcohol\alcohol_83.csv,alcohol,Period_III,Day 21,21,Period III Day 21,batch4,alcohol_83
S5_train_I_D1_val_D2_3,three_class_with_air,test,alcohol\alcohol_84.csv,alcohol,Period_III,Day 21,21,Period III Day 21,batch4,alcohol_84
S5_train_I_D1_val_D2_3,three_class_with_air,test,alcohol\alcohol_85.csv,alcohol,Period_IV,Day 22,22,Period IV Day 22,batch5,alcohol_85
S5_train_I_D1_val_D2_3,three_class_with_air,test,alcohol\alcohol_86.csv,alcohol,Period_IV,Day 22,22,Period IV Day 22,batch5,alcohol_86
S5_train_I_D1_val_D2_3,three_class_with_air,test,alcohol\alcohol_87.csv,alcohol,Period_IV,Day 22,22,Period IV Day 22,batch5,alcohol_87
S5_train_I_D1_val_D2_3,three_class_with_air,test,alcohol\alcohol_88.csv,alcohol,Period_IV,Day 22,22,Period IV Day 22,batch5,alcohol_88
S5_train_I_D1_val_D2_3,three_class_with_air,test,alcohol\alcohol_89.csv,alcohol,Period_IV,Day 23,23,Period IV Day 23,batch5,alcohol_89
S5_train_I_D1_val_D2_3,three_class_with_air,test,alcohol\alcohol_90.csv,alcohol,Period_IV,Day 23,23,Period IV Day 23,batch5,alcohol_90
S5_train_I_D1_val_D2_3,three_class_with_air,test,alcohol\alcohol_91.csv,alcohol,Period_IV,Day 23,23,Period IV Day 23,batch5,alcohol_91
S5_train_I_D1_val_D2_3,three_class_with_air,test,alcohol\alcohol_92.csv,alcohol,Period_IV,Day 23,23,Period IV Day 23,batch5,alcohol_92
S5_train_I_D1_val_D2_3,three_class_with_air,test,alcohol\alcohol_93.csv,alcohol,Period_IV,Day 24,24,Period IV Day 24,batch5,alcohol_93
S5_train_I_D1_val_D2_3,three_class_with_air,test,alcohol\alcohol_94.csv,alcohol,Period_IV,Day 24,24,Period IV Day 24,batch5,alcohol_94
S5_train_I_D1_val_D2_3,three_class_with_air,test,alcohol\alcohol_95.csv,alcohol,Period_IV,Day 24,24,Period IV Day 24,batch5,alcohol_95
S5_train_I_D1_val_D2_3,three_class_with_air,test,alcohol\alcohol_96.csv,alcohol,Period_IV,Day 24,24,Period IV Day 24,batch5,alcohol_96
S6_train_I_D1_2_val_D3_5,three_class_with_air,train,acetone\acetone_1.csv,acetone,Period_II,Day 1,1,Period II Day 1,batch1,acetone_1
S6_train_I_D1_2_val_D3_5,three_class_with_air,train,acetone\acetone_2.csv,acetone,Period_II,Day 1,1,Period II Day 1,batch1,acetone_2
S6_train_I_D1_2_val_D3_5,three_class_with_air,train,acetone\acetone_3.csv,acetone,Period_II,Day 1,1,Period II Day 1,batch1,acetone_3
S6_train_I_D1_2_val_D3_5,three_class_with_air,train,acetone\acetone_4.csv,acetone,Period_II,Day 1,1,Period II Day 1,batch1,acetone_4
S6_train_I_D1_2_val_D3_5,three_class_with_air,train,acetone\acetone_5.csv,acetone,Period_II,Day 1,1,Period II Day 1,batch1,acetone_5
S6_train_I_D1_2_val_D3_5,three_class_with_air,train,acetone\acetone_6.csv,acetone,Period_II,Day 2,2,Period II Day 2,batch1,acetone_6
S6_train_I_D1_2_val_D3_5,three_class_with_air,train,acetone\acetone_7.csv,acetone,Period_II,Day 2,2,Period II Day 2,batch1,acetone_7
S6_train_I_D1_2_val_D3_5,three_class_with_air,train,acetone\acetone_8.csv,acetone,Period_II,Day 2,2,Period II Day 2,batch1,acetone_8
S6_train_I_D1_2_val_D3_5,three_class_with_air,train,acetone\acetone_9.csv,acetone,Period_II,Day 2,2,Period II Day 2,batch1,acetone_9
S6_train_I_D1_2_val_D3_5,three_class_with_air,train,acetone\acetone_10.csv,acetone,Period_II,Day 2,2,Period II Day 2,batch1,acetone_10
S6_train_I_D1_2_val_D3_5,three_class_with_air,train,acetone\acetone_o1.csv,acetone,Period_I,Day 1 afternoon,1,Period I Day 1 afternoon,source,acetone_o1
S6_train_I_D1_2_val_D3_5,three_class_with_air,train,acetone\acetone_o2.csv,acetone,Period_I,Day 1 afternoon,1,Period I Day 1 afternoon,source,acetone_o2
S6_train_I_D1_2_val_D3_5,three_class_with_air,train,acetone\acetone_o3.csv,acetone,Period_I,Day 1 afternoon,1,Period I Day 1 afternoon,source,acetone_o3
S6_train_I_D1_2_val_D3_5,three_class_with_air,train,acetone\acetone_o4.csv,acetone,Period_I,Day 2 noon,2,Period I Day 2 noon,source,acetone_o4
S6_train_I_D1_2_val_D3_5,three_class_with_air,train,acetone\acetone_o5.csv,acetone,Period_I,Day 2 noon,2,Period I Day 2 noon,source,acetone_o5
S6_train_I_D1_2_val_D3_5,three_class_with_air,train,acetone\acetone_o6.csv,acetone,Period_I,Day 2 noon,2,Period I Day 2 noon,source,acetone_o6
S6_train_I_D1_2_val_D3_5,three_class_with_air,train,acetone\acetone_o7.csv,acetone,Period_I,Day 2 afternoon,2,Period I Day 2 afternoon,source,acetone_o7
S6_train_I_D1_2_val_D3_5,three_class_with_air,train,acetone\acetone_o8.csv,acetone,Period_I,Day 2 afternoon,2,Period I Day 2 afternoon,source,acetone_o8
S6_train_I_D1_2_val_D3_5,three_class_with_air,train,acetone\acetone_o9.csv,acetone,Period_I,Day 2 afternoon,2,Period I Day 2 afternoon,source,acetone_o9
S6_train_I_D1_2_val_D3_5,three_class_with_air,train,acetone\acetone_o10.csv,acetone,Period_I,Day 3 noon,3,Period I Day 3 noon,source,acetone_o10
S6_train_I_D1_2_val_D3_5,three_class_with_air,train,acetone\acetone_o11.csv,acetone,Period_I,Day 3 noon,3,Period I Day 3 noon,source,acetone_o11
S6_train_I_D1_2_val_D3_5,three_class_with_air,train,acetone\acetone_o12.csv,acetone,Period_I,Day 3 noon,3,Period I Day 3 noon,source,acetone_o12
S6_train_I_D1_2_val_D3_5,three_class_with_air,train,air\air_1.csv,air,Period_II,Day 1,1,Period II Day 1,batch1,air_1
S6_train_I_D1_2_val_D3_5,three_class_with_air,train,air\air_2.csv,air,Period_II,Day 1,1,Period II Day 1,batch1,air_2
S6_train_I_D1_2_val_D3_5,three_class_with_air,train,air\air_3.csv,air,Period_II,Day 2,2,Period II Day 2,batch1,air_3
S6_train_I_D1_2_val_D3_5,three_class_with_air,train,air\air_4.csv,air,Period_II,Day 2,2,Period II Day 2,batch1,air_4
S6_train_I_D1_2_val_D3_5,three_class_with_air,train,air\baseline_1.csv,air,Period_I,baseline,0,Period I baseline,source,baseline_1
S6_train_I_D1_2_val_D3_5,three_class_with_air,train,air\baseline_3.csv,air,Period_I,baseline,0,Period I baseline,source,baseline_3
S6_train_I_D1_2_val_D3_5,three_class_with_air,train,air\baseline_4.csv,air,Period_I,baseline,0,Period I baseline,source,baseline_4
S6_train_I_D1_2_val_D3_5,three_class_with_air,train,air\baseline_5.csv,air,Period_I,baseline,0,Period I baseline,source,baseline_5
S6_train_I_D1_2_val_D3_5,three_class_with_air,train,air\baseline_6.csv,air,Period_I,baseline,0,Period I baseline,source,baseline_6
S6_train_I_D1_2_val_D3_5,three_class_with_air,train,air\baseline_7.csv,air,Period_I,baseline,0,Period I baseline,source,baseline_7
S6_train_I_D1_2_val_D3_5,three_class_with_air,train,air\reference_1.csv,air,Period_II,Day 1,1,Period II Day 1,batch1,reference_1
S6_train_I_D1_2_val_D3_5,three_class_with_air,train,air\reference_2.csv,air,Period_II,Day 1,1,Period II Day 1,batch1,reference_2
S6_train_I_D1_2_val_D3_5,three_class_with_air,train,air\reference_3.csv,air,Period_II,Day 1,1,Period II Day 1,batch1,reference_3
S6_train_I_D1_2_val_D3_5,three_class_with_air,train,air\reference_4.csv,air,Period_II,Day 1,1,Period II Day 1,batch1,reference_4
S6_train_I_D1_2_val_D3_5,three_class_with_air,train,alcohol\alcohol_1.csv,alcohol,Period_II,Day 1,1,Period II Day 1,batch1,alcohol_1
S6_train_I_D1_2_val_D3_5,three_class_with_air,train,alcohol\alcohol_2.csv,alcohol,Period_II,Day 1,1,Period II Day 1,batch1,alcohol_2
S6_train_I_D1_2_val_D3_5,three_class_with_air,train,alcohol\alcohol_3.csv,alcohol,Period_II,Day 1,1,Period II Day 1,batch1,alcohol_3
S6_train_I_D1_2_val_D3_5,three_class_with_air,train,alcohol\alcohol_4.csv,alcohol,Period_II,Day 1,1,Period II Day 1,batch1,alcohol_4
S6_train_I_D1_2_val_D3_5,three_class_with_air,train,alcohol\alcohol_5.csv,alcohol,Period_II,Day 1,1,Period II Day 1,batch1,alcohol_5
S6_train_I_D1_2_val_D3_5,three_class_with_air,train,alcohol\alcohol_6.csv,alcohol,Period_II,Day 2,2,Period II Day 2,batch1,alcohol_6
S6_train_I_D1_2_val_D3_5,three_class_with_air,train,alcohol\alcohol_7.csv,alcohol,Period_II,Day 2,2,Period II Day 2,batch1,alcohol_7
S6_train_I_D1_2_val_D3_5,three_class_with_air,train,alcohol\alcohol_8.csv,alcohol,Period_II,Day 2,2,Period II Day 2,batch1,alcohol_8
S6_train_I_D1_2_val_D3_5,three_class_with_air,train,alcohol\alcohol_9.csv,alcohol,Period_II,Day 2,2,Period II Day 2,batch1,alcohol_9
S6_train_I_D1_2_val_D3_5,three_class_with_air,train,alcohol\alcohol_10.csv,alcohol,Period_II,Day 2,2,Period II Day 2,batch1,alcohol_10
S6_train_I_D1_2_val_D3_5,three_class_with_air,train,alcohol\alcohol_o1.csv,alcohol,Period_I,Day 1 afternoon,1,Period I Day 1 afternoon,source,alcohol_o1
S6_train_I_D1_2_val_D3_5,three_class_with_air,train,alcohol\alcohol_o2.csv,alcohol,Period_I,Day 1 afternoon,1,Period I Day 1 afternoon,source,alcohol_o2
S6_train_I_D1_2_val_D3_5,three_class_with_air,train,alcohol\alcohol_o3.csv,alcohol,Period_I,Day 1 afternoon,1,Period I Day 1 afternoon,source,alcohol_o3
S6_train_I_D1_2_val_D3_5,three_class_with_air,train,alcohol\alcohol_o4.csv,alcohol,Period_I,Day 2 noon,2,Period I Day 2 noon,source,alcohol_o4
S6_train_I_D1_2_val_D3_5,three_class_with_air,train,alcohol\alcohol_o5.csv,alcohol,Period_I,Day 2 noon,2,Period I Day 2 noon,source,alcohol_o5
S6_train_I_D1_2_val_D3_5,three_class_with_air,train,alcohol\alcohol_o6.csv,alcohol,Period_I,Day 2 noon,2,Period I Day 2 noon,source,alcohol_o6
S6_train_I_D1_2_val_D3_5,three_class_with_air,train,alcohol\alcohol_o7.csv,alcohol,Period_I,Day 2 afternoon,2,Period I Day 2 afternoon,source,alcohol_o7
S6_train_I_D1_2_val_D3_5,three_class_with_air,train,alcohol\alcohol_o8.csv,alcohol,Period_I,Day 2 afternoon,2,Period I Day 2 afternoon,source,alcohol_o8
S6_train_I_D1_2_val_D3_5,three_class_with_air,train,alcohol\alcohol_o9.csv,alcohol,Period_I,Day 2 afternoon,2,Period I Day 2 afternoon,source,alcohol_o9
S6_train_I_D1_2_val_D3_5,three_class_with_air,train,alcohol\alcohol_o10.csv,alcohol,Period_I,Day 3 noon,3,Period I Day 3 noon,source,alcohol_o10
S6_train_I_D1_2_val_D3_5,three_class_with_air,train,alcohol\alcohol_o11.csv,alcohol,Period_I,Day 3 noon,3,Period I Day 3 noon,source,alcohol_o11
S6_train_I_D1_2_val_D3_5,three_class_with_air,train,alcohol\alcohol_o12.csv,alcohol,Period_I,Day 3 noon,3,Period I Day 3 noon,source,alcohol_o12
S6_train_I_D1_2_val_D3_5,three_class_with_air,validation,acetone\acetone_11.csv,acetone,Period_II,Day 3,3,Period II Day 3,batch2,acetone_11
S6_train_I_D1_2_val_D3_5,three_class_with_air,validation,acetone\acetone_12.csv,acetone,Period_II,Day 3,3,Period II Day 3,batch2,acetone_12
S6_train_I_D1_2_val_D3_5,three_class_with_air,validation,acetone\acetone_13.csv,acetone,Period_II,Day 3,3,Period II Day 3,batch2,acetone_13
S6_train_I_D1_2_val_D3_5,three_class_with_air,validation,acetone\acetone_14.csv,acetone,Period_II,Day 3,3,Period II Day 3,batch2,acetone_14
S6_train_I_D1_2_val_D3_5,three_class_with_air,validation,acetone\acetone_15.csv,acetone,Period_II,Day 3,3,Period II Day 3,batch2,acetone_15
S6_train_I_D1_2_val_D3_5,three_class_with_air,validation,acetone\acetone_16.csv,acetone,Period_II,Day 4,4,Period II Day 4,batch2,acetone_16
S6_train_I_D1_2_val_D3_5,three_class_with_air,validation,acetone\acetone_17.csv,acetone,Period_II,Day 4,4,Period II Day 4,batch2,acetone_17
S6_train_I_D1_2_val_D3_5,three_class_with_air,validation,acetone\acetone_18.csv,acetone,Period_II,Day 4,4,Period II Day 4,batch2,acetone_18
S6_train_I_D1_2_val_D3_5,three_class_with_air,validation,acetone\acetone_19.csv,acetone,Period_II,Day 4,4,Period II Day 4,batch2,acetone_19
S6_train_I_D1_2_val_D3_5,three_class_with_air,validation,acetone\acetone_20.csv,acetone,Period_II,Day 4,4,Period II Day 4,batch2,acetone_20
S6_train_I_D1_2_val_D3_5,three_class_with_air,validation,acetone\acetone_21.csv,acetone,Period_II,Day 5,5,Period II Day 5,batch2,acetone_21
S6_train_I_D1_2_val_D3_5,three_class_with_air,validation,acetone\acetone_22.csv,acetone,Period_II,Day 5,5,Period II Day 5,batch2,acetone_22
S6_train_I_D1_2_val_D3_5,three_class_with_air,validation,acetone\acetone_23.csv,acetone,Period_II,Day 5,5,Period II Day 5,batch2,acetone_23
S6_train_I_D1_2_val_D3_5,three_class_with_air,validation,acetone\acetone_24.csv,acetone,Period_II,Day 5,5,Period II Day 5,batch2,acetone_24
S6_train_I_D1_2_val_D3_5,three_class_with_air,validation,acetone\acetone_25.csv,acetone,Period_II,Day 5,5,Period II Day 5,batch2,acetone_25
S6_train_I_D1_2_val_D3_5,three_class_with_air,validation,air\air_5.csv,air,Period_II,Day 3,3,Period II Day 3,batch2,air_5
S6_train_I_D1_2_val_D3_5,three_class_with_air,validation,air\air_6.csv,air,Period_II,Day 3,3,Period II Day 3,batch2,air_6
S6_train_I_D1_2_val_D3_5,three_class_with_air,validation,air\air_7.csv,air,Period_II,Day 4,4,Period II Day 4,batch2,air_7
S6_train_I_D1_2_val_D3_5,three_class_with_air,validation,air\air_8.csv,air,Period_II,Day 4,4,Period II Day 4,batch2,air_8
S6_train_I_D1_2_val_D3_5,three_class_with_air,validation,air\air_9.csv,air,Period_II,Day 5,5,Period II Day 5,batch2,air_9
S6_train_I_D1_2_val_D3_5,three_class_with_air,validation,air\air_10.csv,air,Period_II,Day 5,5,Period II Day 5,batch2,air_10
S6_train_I_D1_2_val_D3_5,three_class_with_air,validation,air\reference_5.csv,air,Period_II,Day 3,3,Period II Day 3,batch2,reference_5
S6_train_I_D1_2_val_D3_5,three_class_with_air,validation,air\reference_6.csv,air,Period_II,Day 3,3,Period II Day 3,batch2,reference_6
S6_train_I_D1_2_val_D3_5,three_class_with_air,validation,air\reference_7.csv,air,Period_II,Day 4,4,Period II Day 4,batch2,reference_7
S6_train_I_D1_2_val_D3_5,three_class_with_air,validation,air\reference_8.csv,air,Period_II,Day 4,4,Period II Day 4,batch2,reference_8
S6_train_I_D1_2_val_D3_5,three_class_with_air,validation,alcohol\alcohol_11.csv,alcohol,Period_II,Day 3,3,Period II Day 3,batch2,alcohol_11
S6_train_I_D1_2_val_D3_5,three_class_with_air,validation,alcohol\alcohol_12.csv,alcohol,Period_II,Day 3,3,Period II Day 3,batch2,alcohol_12
S6_train_I_D1_2_val_D3_5,three_class_with_air,validation,alcohol\alcohol_13.csv,alcohol,Period_II,Day 3,3,Period II Day 3,batch2,alcohol_13
S6_train_I_D1_2_val_D3_5,three_class_with_air,validation,alcohol\alcohol_14.csv,alcohol,Period_II,Day 3,3,Period II Day 3,batch2,alcohol_14
S6_train_I_D1_2_val_D3_5,three_class_with_air,validation,alcohol\alcohol_15.csv,alcohol,Period_II,Day 3,3,Period II Day 3,batch2,alcohol_15
S6_train_I_D1_2_val_D3_5,three_class_with_air,validation,alcohol\alcohol_16.csv,alcohol,Period_II,Day 4,4,Period II Day 4,batch2,alcohol_16
S6_train_I_D1_2_val_D3_5,three_class_with_air,validation,alcohol\alcohol_17.csv,alcohol,Period_II,Day 4,4,Period II Day 4,batch2,alcohol_17
S6_train_I_D1_2_val_D3_5,three_class_with_air,validation,alcohol\alcohol_18.csv,alcohol,Period_II,Day 4,4,Period II Day 4,batch2,alcohol_18
S6_train_I_D1_2_val_D3_5,three_class_with_air,validation,alcohol\alcohol_19.csv,alcohol,Period_II,Day 4,4,Period II Day 4,batch2,alcohol_19
S6_train_I_D1_2_val_D3_5,three_class_with_air,validation,alcohol\alcohol_20.csv,alcohol,Period_II,Day 4,4,Period II Day 4,batch2,alcohol_20
S6_train_I_D1_2_val_D3_5,three_class_with_air,validation,alcohol\alcohol_21.csv,alcohol,Period_II,Day 5,5,Period II Day 5,batch2,alcohol_21
S6_train_I_D1_2_val_D3_5,three_class_with_air,validation,alcohol\alcohol_22.csv,alcohol,Period_II,Day 5,5,Period II Day 5,batch2,alcohol_22
S6_train_I_D1_2_val_D3_5,three_class_with_air,validation,alcohol\alcohol_23.csv,alcohol,Period_II,Day 5,5,Period II Day 5,batch2,alcohol_23
S6_train_I_D1_2_val_D3_5,three_class_with_air,validation,alcohol\alcohol_24.csv,alcohol,Period_II,Day 5,5,Period II Day 5,batch2,alcohol_24
S6_train_I_D1_2_val_D3_5,three_class_with_air,validation,alcohol\alcohol_25.csv,alcohol,Period_II,Day 5,5,Period II Day 5,batch2,alcohol_25
S6_train_I_D1_2_val_D3_5,three_class_with_air,test,acetone\acetone_26.csv,acetone,Period_II,Day 6,6,Period II Day 6,batch2,acetone_26
S6_train_I_D1_2_val_D3_5,three_class_with_air,test,acetone\acetone_27.csv,acetone,Period_II,Day 6,6,Period II Day 6,batch2,acetone_27
S6_train_I_D1_2_val_D3_5,three_class_with_air,test,acetone\acetone_28.csv,acetone,Period_II,Day 6,6,Period II Day 6,batch2,acetone_28
S6_train_I_D1_2_val_D3_5,three_class_with_air,test,acetone\acetone_29.csv,acetone,Period_II,Day 6,6,Period II Day 6,batch2,acetone_29
S6_train_I_D1_2_val_D3_5,three_class_with_air,test,acetone\acetone_30.csv,acetone,Period_II,Day 6,6,Period II Day 6,batch2,acetone_30
S6_train_I_D1_2_val_D3_5,three_class_with_air,test,acetone\acetone_31.csv,acetone,Period_II,Day 6,6,Period II Day 6,batch2,acetone_31
S6_train_I_D1_2_val_D3_5,three_class_with_air,test,acetone\acetone_32.csv,acetone,Period_II,Day 6,6,Period II Day 6,batch2,acetone_32
S6_train_I_D1_2_val_D3_5,three_class_with_air,test,acetone\acetone_33.csv,acetone,Period_II,Day 7,7,Period II Day 7,batch2,acetone_33
S6_train_I_D1_2_val_D3_5,three_class_with_air,test,acetone\acetone_34.csv,acetone,Period_II,Day 7,7,Period II Day 7,batch2,acetone_34
S6_train_I_D1_2_val_D3_5,three_class_with_air,test,acetone\acetone_35.csv,acetone,Period_II,Day 7,7,Period II Day 7,batch2,acetone_35
S6_train_I_D1_2_val_D3_5,three_class_with_air,test,acetone\acetone_36.csv,acetone,Period_II,Day 8,8,Period II Day 8,batch2,acetone_36
S6_train_I_D1_2_val_D3_5,three_class_with_air,test,acetone\acetone_37.csv,acetone,Period_II,Day 8,8,Period II Day 8,batch2,acetone_37
S6_train_I_D1_2_val_D3_5,three_class_with_air,test,acetone\acetone_38.csv,acetone,Period_II,Day 8,8,Period II Day 8,batch2,acetone_38
S6_train_I_D1_2_val_D3_5,three_class_with_air,test,acetone\acetone_39.csv,acetone,Period_II,Day 9,9,Period II Day 9,batch2,acetone_39
S6_train_I_D1_2_val_D3_5,three_class_with_air,test,acetone\acetone_40.csv,acetone,Period_II,Day 9,9,Period II Day 9,batch2,acetone_40
S6_train_I_D1_2_val_D3_5,three_class_with_air,test,acetone\acetone_41.csv,acetone,Period_II,Day 9,9,Period II Day 9,batch2,acetone_41
S6_train_I_D1_2_val_D3_5,three_class_with_air,test,acetone\acetone_42.csv,acetone,Period_II,Day 9,9,Period II Day 9,batch2,acetone_42
S6_train_I_D1_2_val_D3_5,three_class_with_air,test,acetone\acetone_43.csv,acetone,Period_II,Day 9,9,Period II Day 9,batch2,acetone_43
S6_train_I_D1_2_val_D3_5,three_class_with_air,test,acetone\acetone_44.csv,acetone,Period_II,Day 10,10,Period II Day 10,batch3,acetone_44
S6_train_I_D1_2_val_D3_5,three_class_with_air,test,acetone\acetone_45.csv,acetone,Period_II,Day 10,10,Period II Day 10,batch3,acetone_45
S6_train_I_D1_2_val_D3_5,three_class_with_air,test,acetone\acetone_46.csv,acetone,Period_II,Day 10,10,Period II Day 10,batch3,acetone_46
S6_train_I_D1_2_val_D3_5,three_class_with_air,test,acetone\acetone_47.csv,acetone,Period_II,Day 10,10,Period II Day 10,batch3,acetone_47
S6_train_I_D1_2_val_D3_5,three_class_with_air,test,acetone\acetone_48.csv,acetone,Period_II,Day 11,11,Period II Day 11,batch3,acetone_48
S6_train_I_D1_2_val_D3_5,three_class_with_air,test,acetone\acetone_49.csv,acetone,Period_II,Day 11,11,Period II Day 11,batch3,acetone_49
S6_train_I_D1_2_val_D3_5,three_class_with_air,test,acetone\acetone_50.csv,acetone,Period_II,Day 11,11,Period II Day 11,batch3,acetone_50
S6_train_I_D1_2_val_D3_5,three_class_with_air,test,acetone\acetone_51.csv,acetone,Period_II,Day 11,11,Period II Day 11,batch3,acetone_51
S6_train_I_D1_2_val_D3_5,three_class_with_air,test,acetone\acetone_52.csv,acetone,Period_II,Day 12,12,Period II Day 12,batch3,acetone_52
S6_train_I_D1_2_val_D3_5,three_class_with_air,test,acetone\acetone_53.csv,acetone,Period_II,Day 12,12,Period II Day 12,batch3,acetone_53
S6_train_I_D1_2_val_D3_5,three_class_with_air,test,acetone\acetone_54.csv,acetone,Period_II,Day 12,12,Period II Day 12,batch3,acetone_54
S6_train_I_D1_2_val_D3_5,three_class_with_air,test,acetone\acetone_55.csv,acetone,Period_II,Day 12,12,Period II Day 12,batch3,acetone_55
S6_train_I_D1_2_val_D3_5,three_class_with_air,test,acetone\acetone_56.csv,acetone,Period_II,Day 13,13,Period II Day 13,batch3,acetone_56
S6_train_I_D1_2_val_D3_5,three_class_with_air,test,acetone\acetone_57.csv,acetone,Period_II,Day 13,13,Period II Day 13,batch3,acetone_57
S6_train_I_D1_2_val_D3_5,three_class_with_air,test,acetone\acetone_58.csv,acetone,Period_II,Day 14,14,Period II Day 14,batch3,acetone_58
S6_train_I_D1_2_val_D3_5,three_class_with_air,test,acetone\acetone_59.csv,acetone,Period_II,Day 14,14,Period II Day 14,batch3,acetone_59
S6_train_I_D1_2_val_D3_5,three_class_with_air,test,acetone\acetone_60.csv,acetone,Period_II,Day 14,14,Period II Day 14,batch3,acetone_60
S6_train_I_D1_2_val_D3_5,three_class_with_air,test,acetone\acetone_61.csv,acetone,Period_II,Day 15,15,Period II Day 15,batch3,acetone_61
S6_train_I_D1_2_val_D3_5,three_class_with_air,test,acetone\acetone_62.csv,acetone,Period_II,Day 15,15,Period II Day 15,batch3,acetone_62
S6_train_I_D1_2_val_D3_5,three_class_with_air,test,acetone\acetone_63.csv,acetone,Period_II,Day 15,15,Period II Day 15,batch3,acetone_63
S6_train_I_D1_2_val_D3_5,three_class_with_air,test,acetone\acetone_64.csv,acetone,Period_II,Day 17,17,Period II Day 17,batch3,acetone_64
S6_train_I_D1_2_val_D3_5,three_class_with_air,test,acetone\acetone_65.csv,acetone,Period_II,Day 17,17,Period II Day 17,batch3,acetone_65
S6_train_I_D1_2_val_D3_5,three_class_with_air,test,acetone\acetone_66.csv,acetone,Period_II,Day 17,17,Period II Day 17,batch3,acetone_66
S6_train_I_D1_2_val_D3_5,three_class_with_air,test,acetone\acetone_67.csv,acetone,Period_II,Day 17,17,Period II Day 17,batch3,acetone_67
S6_train_I_D1_2_val_D3_5,three_class_with_air,test,acetone\acetone_68.csv,acetone,Period_II,Day 17,17,Period II Day 17,batch3,acetone_68
S6_train_I_D1_2_val_D3_5,three_class_with_air,test,acetone\acetone_69.csv,acetone,Period_III,Day 18,18,Period III Day 18,batch4,acetone_69
S6_train_I_D1_2_val_D3_5,three_class_with_air,test,acetone\acetone_70.csv,acetone,Period_III,Day 18,18,Period III Day 18,batch4,acetone_70
S6_train_I_D1_2_val_D3_5,three_class_with_air,test,acetone\acetone_71.csv,acetone,Period_III,Day 18,18,Period III Day 18,batch4,acetone_71
S6_train_I_D1_2_val_D3_5,three_class_with_air,test,acetone\acetone_72.csv,acetone,Period_III,Day 18,18,Period III Day 18,batch4,acetone_72
S6_train_I_D1_2_val_D3_5,three_class_with_air,test,acetone\acetone_73.csv,acetone,Period_III,Day 18,18,Period III Day 18,batch4,acetone_73
S6_train_I_D1_2_val_D3_5,three_class_with_air,test,acetone\acetone_74.csv,acetone,Period_III,Day 19,19,Period III Day 19,batch4,acetone_74
S6_train_I_D1_2_val_D3_5,three_class_with_air,test,acetone\acetone_75.csv,acetone,Period_III,Day 19,19,Period III Day 19,batch4,acetone_75
S6_train_I_D1_2_val_D3_5,three_class_with_air,test,acetone\acetone_76.csv,acetone,Period_III,Day 19,19,Period III Day 19,batch4,acetone_76
S6_train_I_D1_2_val_D3_5,three_class_with_air,test,acetone\acetone_77.csv,acetone,Period_III,Day 20,20,Period III Day 20,batch4,acetone_77
S6_train_I_D1_2_val_D3_5,three_class_with_air,test,acetone\acetone_78.csv,acetone,Period_III,Day 20,20,Period III Day 20,batch4,acetone_78
S6_train_I_D1_2_val_D3_5,three_class_with_air,test,acetone\acetone_79.csv,acetone,Period_III,Day 20,20,Period III Day 20,batch4,acetone_79
S6_train_I_D1_2_val_D3_5,three_class_with_air,test,acetone\acetone_80.csv,acetone,Period_III,Day 20,20,Period III Day 20,batch4,acetone_80
S6_train_I_D1_2_val_D3_5,three_class_with_air,test,acetone\acetone_81.csv,acetone,Period_III,Day 21,21,Period III Day 21,batch4,acetone_81
S6_train_I_D1_2_val_D3_5,three_class_with_air,test,acetone\acetone_82.csv,acetone,Period_III,Day 21,21,Period III Day 21,batch4,acetone_82
S6_train_I_D1_2_val_D3_5,three_class_with_air,test,acetone\acetone_83.csv,acetone,Period_III,Day 21,21,Period III Day 21,batch4,acetone_83
S6_train_I_D1_2_val_D3_5,three_class_with_air,test,acetone\acetone_84.csv,acetone,Period_III,Day 21,21,Period III Day 21,batch4,acetone_84
S6_train_I_D1_2_val_D3_5,three_class_with_air,test,acetone\acetone_85.csv,acetone,Period_IV,Day 22,22,Period IV Day 22,batch5,acetone_85
S6_train_I_D1_2_val_D3_5,three_class_with_air,test,acetone\acetone_86.csv,acetone,Period_IV,Day 22,22,Period IV Day 22,batch5,acetone_86
S6_train_I_D1_2_val_D3_5,three_class_with_air,test,acetone\acetone_87.csv,acetone,Period_IV,Day 22,22,Period IV Day 22,batch5,acetone_87
S6_train_I_D1_2_val_D3_5,three_class_with_air,test,acetone\acetone_88.csv,acetone,Period_IV,Day 22,22,Period IV Day 22,batch5,acetone_88
S6_train_I_D1_2_val_D3_5,three_class_with_air,test,acetone\acetone_89.csv,acetone,Period_IV,Day 23,23,Period IV Day 23,batch5,acetone_89
S6_train_I_D1_2_val_D3_5,three_class_with_air,test,acetone\acetone_90.csv,acetone,Period_IV,Day 23,23,Period IV Day 23,batch5,acetone_90
S6_train_I_D1_2_val_D3_5,three_class_with_air,test,acetone\acetone_91.csv,acetone,Period_IV,Day 23,23,Period IV Day 23,batch5,acetone_91
S6_train_I_D1_2_val_D3_5,three_class_with_air,test,acetone\acetone_92.csv,acetone,Period_IV,Day 23,23,Period IV Day 23,batch5,acetone_92
S6_train_I_D1_2_val_D3_5,three_class_with_air,test,acetone\acetone_93.csv,acetone,Period_IV,Day 24,24,Period IV Day 24,batch5,acetone_93
S6_train_I_D1_2_val_D3_5,three_class_with_air,test,acetone\acetone_94.csv,acetone,Period_IV,Day 24,24,Period IV Day 24,batch5,acetone_94
S6_train_I_D1_2_val_D3_5,three_class_with_air,test,acetone\acetone_95.csv,acetone,Period_IV,Day 24,24,Period IV Day 24,batch5,acetone_95
S6_train_I_D1_2_val_D3_5,three_class_with_air,test,acetone\acetone_96.csv,acetone,Period_IV,Day 24,24,Period IV Day 24,batch5,acetone_96
S6_train_I_D1_2_val_D3_5,three_class_with_air,test,air\air_11.csv,air,Period_II,Day 6,6,Period II Day 6,batch2,air_11
S6_train_I_D1_2_val_D3_5,three_class_with_air,test,air\air_12.csv,air,Period_II,Day 6,6,Period II Day 6,batch2,air_12
S6_train_I_D1_2_val_D3_5,three_class_with_air,test,air\air_13.csv,air,Period_II,Day 6,6,Period II Day 6,batch2,air_13
S6_train_I_D1_2_val_D3_5,three_class_with_air,test,air\air_14.csv,air,Period_II,Day 8,8,Period II Day 8,batch2,air_14
S6_train_I_D1_2_val_D3_5,three_class_with_air,test,air\air_15.csv,air,Period_II,Day 8,8,Period II Day 8,batch2,air_15
S6_train_I_D1_2_val_D3_5,three_class_with_air,test,air\air_16.csv,air,Period_II,Day 9,9,Period II Day 9,batch2,air_16
S6_train_I_D1_2_val_D3_5,three_class_with_air,test,air\air_17.csv,air,Period_II,Day 9,9,Period II Day 9,batch2,air_17
S6_train_I_D1_2_val_D3_5,three_class_with_air,test,air\air_18.csv,air,Period_II,Day 10,10,Period II Day 10,batch3,air_18
S6_train_I_D1_2_val_D3_5,three_class_with_air,test,air\air_19.csv,air,Period_II,Day 10,10,Period II Day 10,batch3,air_19
S6_train_I_D1_2_val_D3_5,three_class_with_air,test,air\air_20.csv,air,Period_II,Day 11,11,Period II Day 11,batch3,air_20
S6_train_I_D1_2_val_D3_5,three_class_with_air,test,air\air_21.csv,air,Period_II,Day 11,11,Period II Day 11,batch3,air_21
S6_train_I_D1_2_val_D3_5,three_class_with_air,test,air\air_22.csv,air,Period_II,Day 12,12,Period II Day 12,batch3,air_22
S6_train_I_D1_2_val_D3_5,three_class_with_air,test,air\air_23.csv,air,Period_II,Day 12,12,Period II Day 12,batch3,air_23
S6_train_I_D1_2_val_D3_5,three_class_with_air,test,air\air_24.csv,air,Period_II,Day 13,13,Period II Day 13,batch3,air_24
S6_train_I_D1_2_val_D3_5,three_class_with_air,test,air\air_25.csv,air,Period_II,Day 13,13,Period II Day 13,batch3,air_25
S6_train_I_D1_2_val_D3_5,three_class_with_air,test,air\air_26.csv,air,Period_II,Day 13,13,Period II Day 13,batch3,air_26
S6_train_I_D1_2_val_D3_5,three_class_with_air,test,air\air_27.csv,air,Period_II,Day 13,13,Period II Day 13,batch3,air_27
S6_train_I_D1_2_val_D3_5,three_class_with_air,test,air\air_28.csv,air,Period_II,Day 13,13,Period II Day 13,batch3,air_28
S6_train_I_D1_2_val_D3_5,three_class_with_air,test,air\air_29.csv,air,Period_II,Day 14,14,Period II Day 14,batch3,air_29
S6_train_I_D1_2_val_D3_5,three_class_with_air,test,air\air_30.csv,air,Period_II,Day 14,14,Period II Day 14,batch3,air_30
S6_train_I_D1_2_val_D3_5,three_class_with_air,test,air\air_31.csv,air,Period_II,Day 14,14,Period II Day 14,batch3,air_31
S6_train_I_D1_2_val_D3_5,three_class_with_air,test,air\air_32.csv,air,Period_II,Day 14,14,Period II Day 14,batch3,air_32
S6_train_I_D1_2_val_D3_5,three_class_with_air,test,air\air_33.csv,air,Period_II,Day 14,14,Period II Day 14,batch3,air_33
S6_train_I_D1_2_val_D3_5,three_class_with_air,test,air\air_34.csv,air,Period_II,Day 14,14,Period II Day 14,batch3,air_34
S6_train_I_D1_2_val_D3_5,three_class_with_air,test,air\air_35.csv,air,Period_II,Day 15,15,Period II Day 15,batch3,air_35
S6_train_I_D1_2_val_D3_5,three_class_with_air,test,air\air_36.csv,air,Period_II,Day 15,15,Period II Day 15,batch3,air_36
S6_train_I_D1_2_val_D3_5,three_class_with_air,test,air\air_37.csv,air,Period_II,Day 15,15,Period II Day 15,batch3,air_37
S6_train_I_D1_2_val_D3_5,three_class_with_air,test,air\air_38.csv,air,Period_II,Day 15,15,Period II Day 15,batch3,air_38
S6_train_I_D1_2_val_D3_5,three_class_with_air,test,air\air_39.csv,air,Period_II,Day 15,15,Period II Day 15,batch3,air_39
S6_train_I_D1_2_val_D3_5,three_class_with_air,test,air\air_40.csv,air,Period_II,Day 15,15,Period II Day 15,batch3,air_40
S6_train_I_D1_2_val_D3_5,three_class_with_air,test,air\air_41.csv,air,Period_II,Day 16,16,Period II Day 16,batch3,air_41
S6_train_I_D1_2_val_D3_5,three_class_with_air,test,air\air_42.csv,air,Period_II,Day 16,16,Period II Day 16,batch3,air_42
S6_train_I_D1_2_val_D3_5,three_class_with_air,test,air\air_43.csv,air,Period_II,Day 16,16,Period II Day 16,batch3,air_43
S6_train_I_D1_2_val_D3_5,three_class_with_air,test,air\air_44.csv,air,Period_II,Day 16,16,Period II Day 16,batch3,air_44
S6_train_I_D1_2_val_D3_5,three_class_with_air,test,air\air_45.csv,air,Period_II,Day 17,17,Period II Day 17,batch3,air_45
S6_train_I_D1_2_val_D3_5,three_class_with_air,test,air\air_46.csv,air,Period_II,Day 17,17,Period II Day 17,batch3,air_46
S6_train_I_D1_2_val_D3_5,three_class_with_air,test,air\air_47.csv,air,Period_II,Day 17,17,Period II Day 17,batch3,air_47
S6_train_I_D1_2_val_D3_5,three_class_with_air,test,air\air_48.csv,air,Period_II,Day 17,17,Period II Day 17,batch3,air_48
S6_train_I_D1_2_val_D3_5,three_class_with_air,test,air\air_49.csv,air,Period_III,Day 18,18,Period III Day 18,batch4,air_49
S6_train_I_D1_2_val_D3_5,three_class_with_air,test,air\air_50.csv,air,Period_III,Day 18,18,Period III Day 18,batch4,air_50
S6_train_I_D1_2_val_D3_5,three_class_with_air,test,air\air_51.csv,air,Period_III,Day 18,18,Period III Day 18,batch4,air_51
S6_train_I_D1_2_val_D3_5,three_class_with_air,test,air\air_52.csv,air,Period_III,Day 18,18,Period III Day 18,batch4,air_52
S6_train_I_D1_2_val_D3_5,three_class_with_air,test,air\air_53.csv,air,Period_III,Day 19,19,Period III Day 19,batch4,air_53
S6_train_I_D1_2_val_D3_5,three_class_with_air,test,air\air_54.csv,air,Period_III,Day 19,19,Period III Day 19,batch4,air_54
S6_train_I_D1_2_val_D3_5,three_class_with_air,test,air\air_55.csv,air,Period_III,Day 20,20,Period III Day 20,batch4,air_55
S6_train_I_D1_2_val_D3_5,three_class_with_air,test,air\air_56.csv,air,Period_III,Day 20,20,Period III Day 20,batch4,air_56
S6_train_I_D1_2_val_D3_5,three_class_with_air,test,air\air_57.csv,air,Period_III,Day 20,20,Period III Day 20,batch4,air_57
S6_train_I_D1_2_val_D3_5,three_class_with_air,test,air\air_58.csv,air,Period_III,Day 20,20,Period III Day 20,batch4,air_58
S6_train_I_D1_2_val_D3_5,three_class_with_air,test,air\air_59.csv,air,Period_III,Day 21,21,Period III Day 21,batch4,air_59
S6_train_I_D1_2_val_D3_5,three_class_with_air,test,air\air_60.csv,air,Period_III,Day 21,21,Period III Day 21,batch4,air_60
S6_train_I_D1_2_val_D3_5,three_class_with_air,test,air\air_61.csv,air,Period_III,Day 21,21,Period III Day 21,batch4,air_61
S6_train_I_D1_2_val_D3_5,three_class_with_air,test,air\air_62.csv,air,Period_III,Day 21,21,Period III Day 21,batch4,air_62
S6_train_I_D1_2_val_D3_5,three_class_with_air,test,air\air_63.csv,air,Period_IV,Day 22,22,Period IV Day 22,batch5,air_63
S6_train_I_D1_2_val_D3_5,three_class_with_air,test,air\air_64.csv,air,Period_IV,Day 22,22,Period IV Day 22,batch5,air_64
S6_train_I_D1_2_val_D3_5,three_class_with_air,test,air\air_65.csv,air,Period_IV,Day 22,22,Period IV Day 22,batch5,air_65
S6_train_I_D1_2_val_D3_5,three_class_with_air,test,air\air_66.csv,air,Period_IV,Day 23,23,Period IV Day 23,batch5,air_66
S6_train_I_D1_2_val_D3_5,three_class_with_air,test,air\air_67.csv,air,Period_IV,Day 23,23,Period IV Day 23,batch5,air_67
S6_train_I_D1_2_val_D3_5,three_class_with_air,test,air\air_68.csv,air,Period_IV,Day 23,23,Period IV Day 23,batch5,air_68
S6_train_I_D1_2_val_D3_5,three_class_with_air,test,air\air_69.csv,air,Period_IV,Day 23,23,Period IV Day 23,batch5,air_69
S6_train_I_D1_2_val_D3_5,three_class_with_air,test,air\air_70.csv,air,Period_IV,Day 24,24,Period IV Day 24,batch5,air_70
S6_train_I_D1_2_val_D3_5,three_class_with_air,test,air\air_71.csv,air,Period_IV,Day 24,24,Period IV Day 24,batch5,air_71
S6_train_I_D1_2_val_D3_5,three_class_with_air,test,air\air_72.csv,air,Period_IV,Day 24,24,Period IV Day 24,batch5,air_72
S6_train_I_D1_2_val_D3_5,three_class_with_air,test,air\reference_9.csv,air,Period_II,Day 8,8,Period II Day 8,batch2,reference_9
S6_train_I_D1_2_val_D3_5,three_class_with_air,test,alcohol\alcohol_26.csv,alcohol,Period_II,Day 6,6,Period II Day 6,batch2,alcohol_26
S6_train_I_D1_2_val_D3_5,three_class_with_air,test,alcohol\alcohol_27.csv,alcohol,Period_II,Day 6,6,Period II Day 6,batch2,alcohol_27
S6_train_I_D1_2_val_D3_5,three_class_with_air,test,alcohol\alcohol_28.csv,alcohol,Period_II,Day 6,6,Period II Day 6,batch2,alcohol_28
S6_train_I_D1_2_val_D3_5,three_class_with_air,test,alcohol\alcohol_29.csv,alcohol,Period_II,Day 6,6,Period II Day 6,batch2,alcohol_29
S6_train_I_D1_2_val_D3_5,three_class_with_air,test,alcohol\alcohol_30.csv,alcohol,Period_II,Day 6,6,Period II Day 6,batch2,alcohol_30
S6_train_I_D1_2_val_D3_5,three_class_with_air,test,alcohol\alcohol_31.csv,alcohol,Period_II,Day 6,6,Period II Day 6,batch2,alcohol_31
S6_train_I_D1_2_val_D3_5,three_class_with_air,test,alcohol\alcohol_32.csv,alcohol,Period_II,Day 6,6,Period II Day 6,batch2,alcohol_32
S6_train_I_D1_2_val_D3_5,three_class_with_air,test,alcohol\alcohol_33.csv,alcohol,Period_II,Day 7,7,Period II Day 7,batch2,alcohol_33
S6_train_I_D1_2_val_D3_5,three_class_with_air,test,alcohol\alcohol_34.csv,alcohol,Period_II,Day 7,7,Period II Day 7,batch2,alcohol_34
S6_train_I_D1_2_val_D3_5,three_class_with_air,test,alcohol\alcohol_35.csv,alcohol,Period_II,Day 7,7,Period II Day 7,batch2,alcohol_35
S6_train_I_D1_2_val_D3_5,three_class_with_air,test,alcohol\alcohol_36.csv,alcohol,Period_II,Day 8,8,Period II Day 8,batch2,alcohol_36
S6_train_I_D1_2_val_D3_5,three_class_with_air,test,alcohol\alcohol_37.csv,alcohol,Period_II,Day 8,8,Period II Day 8,batch2,alcohol_37
S6_train_I_D1_2_val_D3_5,three_class_with_air,test,alcohol\alcohol_38.csv,alcohol,Period_II,Day 8,8,Period II Day 8,batch2,alcohol_38
S6_train_I_D1_2_val_D3_5,three_class_with_air,test,alcohol\alcohol_39.csv,alcohol,Period_II,Day 9,9,Period II Day 9,batch2,alcohol_39
S6_train_I_D1_2_val_D3_5,three_class_with_air,test,alcohol\alcohol_40.csv,alcohol,Period_II,Day 9,9,Period II Day 9,batch2,alcohol_40
S6_train_I_D1_2_val_D3_5,three_class_with_air,test,alcohol\alcohol_41.csv,alcohol,Period_II,Day 9,9,Period II Day 9,batch2,alcohol_41
S6_train_I_D1_2_val_D3_5,three_class_with_air,test,alcohol\alcohol_42.csv,alcohol,Period_II,Day 9,9,Period II Day 9,batch2,alcohol_42
S6_train_I_D1_2_val_D3_5,three_class_with_air,test,alcohol\alcohol_43.csv,alcohol,Period_II,Day 9,9,Period II Day 9,batch2,alcohol_43
S6_train_I_D1_2_val_D3_5,three_class_with_air,test,alcohol\alcohol_44.csv,alcohol,Period_II,Day 10,10,Period II Day 10,batch3,alcohol_44
S6_train_I_D1_2_val_D3_5,three_class_with_air,test,alcohol\alcohol_45.csv,alcohol,Period_II,Day 10,10,Period II Day 10,batch3,alcohol_45
S6_train_I_D1_2_val_D3_5,three_class_with_air,test,alcohol\alcohol_46.csv,alcohol,Period_II,Day 10,10,Period II Day 10,batch3,alcohol_46
S6_train_I_D1_2_val_D3_5,three_class_with_air,test,alcohol\alcohol_47.csv,alcohol,Period_II,Day 10,10,Period II Day 10,batch3,alcohol_47
S6_train_I_D1_2_val_D3_5,three_class_with_air,test,alcohol\alcohol_48.csv,alcohol,Period_II,Day 11,11,Period II Day 11,batch3,alcohol_48
S6_train_I_D1_2_val_D3_5,three_class_with_air,test,alcohol\alcohol_49.csv,alcohol,Period_II,Day 11,11,Period II Day 11,batch3,alcohol_49
S6_train_I_D1_2_val_D3_5,three_class_with_air,test,alcohol\alcohol_50.csv,alcohol,Period_II,Day 11,11,Period II Day 11,batch3,alcohol_50
S6_train_I_D1_2_val_D3_5,three_class_with_air,test,alcohol\alcohol_51.csv,alcohol,Period_II,Day 11,11,Period II Day 11,batch3,alcohol_51
S6_train_I_D1_2_val_D3_5,three_class_with_air,test,alcohol\alcohol_52.csv,alcohol,Period_II,Day 12,12,Period II Day 12,batch3,alcohol_52
S6_train_I_D1_2_val_D3_5,three_class_with_air,test,alcohol\alcohol_53.csv,alcohol,Period_II,Day 12,12,Period II Day 12,batch3,alcohol_53
S6_train_I_D1_2_val_D3_5,three_class_with_air,test,alcohol\alcohol_54.csv,alcohol,Period_II,Day 12,12,Period II Day 12,batch3,alcohol_54
S6_train_I_D1_2_val_D3_5,three_class_with_air,test,alcohol\alcohol_55.csv,alcohol,Period_II,Day 12,12,Period II Day 12,batch3,alcohol_55
S6_train_I_D1_2_val_D3_5,three_class_with_air,test,alcohol\alcohol_56.csv,alcohol,Period_II,Day 13,13,Period II Day 13,batch3,alcohol_56
S6_train_I_D1_2_val_D3_5,three_class_with_air,test,alcohol\alcohol_57.csv,alcohol,Period_II,Day 13,13,Period II Day 13,batch3,alcohol_57
S6_train_I_D1_2_val_D3_5,three_class_with_air,test,alcohol\alcohol_58.csv,alcohol,Period_II,Day 14,14,Period II Day 14,batch3,alcohol_58
S6_train_I_D1_2_val_D3_5,three_class_with_air,test,alcohol\alcohol_59.csv,alcohol,Period_II,Day 14,14,Period II Day 14,batch3,alcohol_59
S6_train_I_D1_2_val_D3_5,three_class_with_air,test,alcohol\alcohol_60.csv,alcohol,Period_II,Day 14,14,Period II Day 14,batch3,alcohol_60
S6_train_I_D1_2_val_D3_5,three_class_with_air,test,alcohol\alcohol_61.csv,alcohol,Period_II,Day 15,15,Period II Day 15,batch3,alcohol_61
S6_train_I_D1_2_val_D3_5,three_class_with_air,test,alcohol\alcohol_62.csv,alcohol,Period_II,Day 15,15,Period II Day 15,batch3,alcohol_62
S6_train_I_D1_2_val_D3_5,three_class_with_air,test,alcohol\alcohol_63.csv,alcohol,Period_II,Day 15,15,Period II Day 15,batch3,alcohol_63
S6_train_I_D1_2_val_D3_5,three_class_with_air,test,alcohol\alcohol_64.csv,alcohol,Period_II,Day 17,17,Period II Day 17,batch3,alcohol_64
S6_train_I_D1_2_val_D3_5,three_class_with_air,test,alcohol\alcohol_65.csv,alcohol,Period_II,Day 17,17,Period II Day 17,batch3,alcohol_65
S6_train_I_D1_2_val_D3_5,three_class_with_air,test,alcohol\alcohol_66.csv,alcohol,Period_II,Day 17,17,Period II Day 17,batch3,alcohol_66
S6_train_I_D1_2_val_D3_5,three_class_with_air,test,alcohol\alcohol_67.csv,alcohol,Period_II,Day 17,17,Period II Day 17,batch3,alcohol_67
S6_train_I_D1_2_val_D3_5,three_class_with_air,test,alcohol\alcohol_68.csv,alcohol,Period_II,Day 17,17,Period II Day 17,batch3,alcohol_68
S6_train_I_D1_2_val_D3_5,three_class_with_air,test,alcohol\alcohol_69.csv,alcohol,Period_III,Day 18,18,Period III Day 18,batch4,alcohol_69
S6_train_I_D1_2_val_D3_5,three_class_with_air,test,alcohol\alcohol_70.csv,alcohol,Period_III,Day 18,18,Period III Day 18,batch4,alcohol_70
S6_train_I_D1_2_val_D3_5,three_class_with_air,test,alcohol\alcohol_71.csv,alcohol,Period_III,Day 18,18,Period III Day 18,batch4,alcohol_71
S6_train_I_D1_2_val_D3_5,three_class_with_air,test,alcohol\alcohol_72.csv,alcohol,Period_III,Day 18,18,Period III Day 18,batch4,alcohol_72
S6_train_I_D1_2_val_D3_5,three_class_with_air,test,alcohol\alcohol_73.csv,alcohol,Period_III,Day 18,18,Period III Day 18,batch4,alcohol_73
S6_train_I_D1_2_val_D3_5,three_class_with_air,test,alcohol\alcohol_74.csv,alcohol,Period_III,Day 19,19,Period III Day 19,batch4,alcohol_74
S6_train_I_D1_2_val_D3_5,three_class_with_air,test,alcohol\alcohol_75.csv,alcohol,Period_III,Day 19,19,Period III Day 19,batch4,alcohol_75
S6_train_I_D1_2_val_D3_5,three_class_with_air,test,alcohol\alcohol_76.csv,alcohol,Period_III,Day 19,19,Period III Day 19,batch4,alcohol_76
S6_train_I_D1_2_val_D3_5,three_class_with_air,test,alcohol\alcohol_77.csv,alcohol,Period_III,Day 20,20,Period III Day 20,batch4,alcohol_77
S6_train_I_D1_2_val_D3_5,three_class_with_air,test,alcohol\alcohol_78.csv,alcohol,Period_III,Day 20,20,Period III Day 20,batch4,alcohol_78
S6_train_I_D1_2_val_D3_5,three_class_with_air,test,alcohol\alcohol_79.csv,alcohol,Period_III,Day 20,20,Period III Day 20,batch4,alcohol_79
S6_train_I_D1_2_val_D3_5,three_class_with_air,test,alcohol\alcohol_80.csv,alcohol,Period_III,Day 20,20,Period III Day 20,batch4,alcohol_80
S6_train_I_D1_2_val_D3_5,three_class_with_air,test,alcohol\alcohol_81.csv,alcohol,Period_III,Day 21,21,Period III Day 21,batch4,alcohol_81
S6_train_I_D1_2_val_D3_5,three_class_with_air,test,alcohol\alcohol_82.csv,alcohol,Period_III,Day 21,21,Period III Day 21,batch4,alcohol_82
S6_train_I_D1_2_val_D3_5,three_class_with_air,test,alcohol\alcohol_83.csv,alcohol,Period_III,Day 21,21,Period III Day 21,batch4,alcohol_83
S6_train_I_D1_2_val_D3_5,three_class_with_air,test,alcohol\alcohol_84.csv,alcohol,Period_III,Day 21,21,Period III Day 21,batch4,alcohol_84
S6_train_I_D1_2_val_D3_5,three_class_with_air,test,alcohol\alcohol_85.csv,alcohol,Period_IV,Day 22,22,Period IV Day 22,batch5,alcohol_85
S6_train_I_D1_2_val_D3_5,three_class_with_air,test,alcohol\alcohol_86.csv,alcohol,Period_IV,Day 22,22,Period IV Day 22,batch5,alcohol_86
S6_train_I_D1_2_val_D3_5,three_class_with_air,test,alcohol\alcohol_87.csv,alcohol,Period_IV,Day 22,22,Period IV Day 22,batch5,alcohol_87
S6_train_I_D1_2_val_D3_5,three_class_with_air,test,alcohol\alcohol_88.csv,alcohol,Period_IV,Day 22,22,Period IV Day 22,batch5,alcohol_88
S6_train_I_D1_2_val_D3_5,three_class_with_air,test,alcohol\alcohol_89.csv,alcohol,Period_IV,Day 23,23,Period IV Day 23,batch5,alcohol_89
S6_train_I_D1_2_val_D3_5,three_class_with_air,test,alcohol\alcohol_90.csv,alcohol,Period_IV,Day 23,23,Period IV Day 23,batch5,alcohol_90
S6_train_I_D1_2_val_D3_5,three_class_with_air,test,alcohol\alcohol_91.csv,alcohol,Period_IV,Day 23,23,Period IV Day 23,batch5,alcohol_91
S6_train_I_D1_2_val_D3_5,three_class_with_air,test,alcohol\alcohol_92.csv,alcohol,Period_IV,Day 23,23,Period IV Day 23,batch5,alcohol_92
S6_train_I_D1_2_val_D3_5,three_class_with_air,test,alcohol\alcohol_93.csv,alcohol,Period_IV,Day 24,24,Period IV Day 24,batch5,alcohol_93
S6_train_I_D1_2_val_D3_5,three_class_with_air,test,alcohol\alcohol_94.csv,alcohol,Period_IV,Day 24,24,Period IV Day 24,batch5,alcohol_94
S6_train_I_D1_2_val_D3_5,three_class_with_air,test,alcohol\alcohol_95.csv,alcohol,Period_IV,Day 24,24,Period IV Day 24,batch5,alcohol_95
S6_train_I_D1_2_val_D3_5,three_class_with_air,test,alcohol\alcohol_96.csv,alcohol,Period_IV,Day 24,24,Period IV Day 24,batch5,alcohol_96
S7_train_I_D1_3_val_D4_5,three_class_with_air,train,acetone\acetone_1.csv,acetone,Period_II,Day 1,1,Period II Day 1,batch1,acetone_1
S7_train_I_D1_3_val_D4_5,three_class_with_air,train,acetone\acetone_2.csv,acetone,Period_II,Day 1,1,Period II Day 1,batch1,acetone_2
S7_train_I_D1_3_val_D4_5,three_class_with_air,train,acetone\acetone_3.csv,acetone,Period_II,Day 1,1,Period II Day 1,batch1,acetone_3
S7_train_I_D1_3_val_D4_5,three_class_with_air,train,acetone\acetone_4.csv,acetone,Period_II,Day 1,1,Period II Day 1,batch1,acetone_4
S7_train_I_D1_3_val_D4_5,three_class_with_air,train,acetone\acetone_5.csv,acetone,Period_II,Day 1,1,Period II Day 1,batch1,acetone_5
S7_train_I_D1_3_val_D4_5,three_class_with_air,train,acetone\acetone_6.csv,acetone,Period_II,Day 2,2,Period II Day 2,batch1,acetone_6
S7_train_I_D1_3_val_D4_5,three_class_with_air,train,acetone\acetone_7.csv,acetone,Period_II,Day 2,2,Period II Day 2,batch1,acetone_7
S7_train_I_D1_3_val_D4_5,three_class_with_air,train,acetone\acetone_8.csv,acetone,Period_II,Day 2,2,Period II Day 2,batch1,acetone_8
S7_train_I_D1_3_val_D4_5,three_class_with_air,train,acetone\acetone_9.csv,acetone,Period_II,Day 2,2,Period II Day 2,batch1,acetone_9
S7_train_I_D1_3_val_D4_5,three_class_with_air,train,acetone\acetone_10.csv,acetone,Period_II,Day 2,2,Period II Day 2,batch1,acetone_10
S7_train_I_D1_3_val_D4_5,three_class_with_air,train,acetone\acetone_11.csv,acetone,Period_II,Day 3,3,Period II Day 3,batch2,acetone_11
S7_train_I_D1_3_val_D4_5,three_class_with_air,train,acetone\acetone_12.csv,acetone,Period_II,Day 3,3,Period II Day 3,batch2,acetone_12
S7_train_I_D1_3_val_D4_5,three_class_with_air,train,acetone\acetone_13.csv,acetone,Period_II,Day 3,3,Period II Day 3,batch2,acetone_13
S7_train_I_D1_3_val_D4_5,three_class_with_air,train,acetone\acetone_14.csv,acetone,Period_II,Day 3,3,Period II Day 3,batch2,acetone_14
S7_train_I_D1_3_val_D4_5,three_class_with_air,train,acetone\acetone_15.csv,acetone,Period_II,Day 3,3,Period II Day 3,batch2,acetone_15
S7_train_I_D1_3_val_D4_5,three_class_with_air,train,acetone\acetone_o1.csv,acetone,Period_I,Day 1 afternoon,1,Period I Day 1 afternoon,source,acetone_o1
S7_train_I_D1_3_val_D4_5,three_class_with_air,train,acetone\acetone_o2.csv,acetone,Period_I,Day 1 afternoon,1,Period I Day 1 afternoon,source,acetone_o2
S7_train_I_D1_3_val_D4_5,three_class_with_air,train,acetone\acetone_o3.csv,acetone,Period_I,Day 1 afternoon,1,Period I Day 1 afternoon,source,acetone_o3
S7_train_I_D1_3_val_D4_5,three_class_with_air,train,acetone\acetone_o4.csv,acetone,Period_I,Day 2 noon,2,Period I Day 2 noon,source,acetone_o4
S7_train_I_D1_3_val_D4_5,three_class_with_air,train,acetone\acetone_o5.csv,acetone,Period_I,Day 2 noon,2,Period I Day 2 noon,source,acetone_o5
S7_train_I_D1_3_val_D4_5,three_class_with_air,train,acetone\acetone_o6.csv,acetone,Period_I,Day 2 noon,2,Period I Day 2 noon,source,acetone_o6
S7_train_I_D1_3_val_D4_5,three_class_with_air,train,acetone\acetone_o7.csv,acetone,Period_I,Day 2 afternoon,2,Period I Day 2 afternoon,source,acetone_o7
S7_train_I_D1_3_val_D4_5,three_class_with_air,train,acetone\acetone_o8.csv,acetone,Period_I,Day 2 afternoon,2,Period I Day 2 afternoon,source,acetone_o8
S7_train_I_D1_3_val_D4_5,three_class_with_air,train,acetone\acetone_o9.csv,acetone,Period_I,Day 2 afternoon,2,Period I Day 2 afternoon,source,acetone_o9
S7_train_I_D1_3_val_D4_5,three_class_with_air,train,acetone\acetone_o10.csv,acetone,Period_I,Day 3 noon,3,Period I Day 3 noon,source,acetone_o10
S7_train_I_D1_3_val_D4_5,three_class_with_air,train,acetone\acetone_o11.csv,acetone,Period_I,Day 3 noon,3,Period I Day 3 noon,source,acetone_o11
S7_train_I_D1_3_val_D4_5,three_class_with_air,train,acetone\acetone_o12.csv,acetone,Period_I,Day 3 noon,3,Period I Day 3 noon,source,acetone_o12
S7_train_I_D1_3_val_D4_5,three_class_with_air,train,air\air_1.csv,air,Period_II,Day 1,1,Period II Day 1,batch1,air_1
S7_train_I_D1_3_val_D4_5,three_class_with_air,train,air\air_2.csv,air,Period_II,Day 1,1,Period II Day 1,batch1,air_2
S7_train_I_D1_3_val_D4_5,three_class_with_air,train,air\air_3.csv,air,Period_II,Day 2,2,Period II Day 2,batch1,air_3
S7_train_I_D1_3_val_D4_5,three_class_with_air,train,air\air_4.csv,air,Period_II,Day 2,2,Period II Day 2,batch1,air_4
S7_train_I_D1_3_val_D4_5,three_class_with_air,train,air\air_5.csv,air,Period_II,Day 3,3,Period II Day 3,batch2,air_5
S7_train_I_D1_3_val_D4_5,three_class_with_air,train,air\air_6.csv,air,Period_II,Day 3,3,Period II Day 3,batch2,air_6
S7_train_I_D1_3_val_D4_5,three_class_with_air,train,air\baseline_1.csv,air,Period_I,baseline,0,Period I baseline,source,baseline_1
S7_train_I_D1_3_val_D4_5,three_class_with_air,train,air\baseline_3.csv,air,Period_I,baseline,0,Period I baseline,source,baseline_3
S7_train_I_D1_3_val_D4_5,three_class_with_air,train,air\baseline_4.csv,air,Period_I,baseline,0,Period I baseline,source,baseline_4
S7_train_I_D1_3_val_D4_5,three_class_with_air,train,air\baseline_5.csv,air,Period_I,baseline,0,Period I baseline,source,baseline_5
S7_train_I_D1_3_val_D4_5,three_class_with_air,train,air\baseline_6.csv,air,Period_I,baseline,0,Period I baseline,source,baseline_6
S7_train_I_D1_3_val_D4_5,three_class_with_air,train,air\baseline_7.csv,air,Period_I,baseline,0,Period I baseline,source,baseline_7
S7_train_I_D1_3_val_D4_5,three_class_with_air,train,air\reference_1.csv,air,Period_II,Day 1,1,Period II Day 1,batch1,reference_1
S7_train_I_D1_3_val_D4_5,three_class_with_air,train,air\reference_2.csv,air,Period_II,Day 1,1,Period II Day 1,batch1,reference_2
S7_train_I_D1_3_val_D4_5,three_class_with_air,train,air\reference_3.csv,air,Period_II,Day 1,1,Period II Day 1,batch1,reference_3
S7_train_I_D1_3_val_D4_5,three_class_with_air,train,air\reference_4.csv,air,Period_II,Day 1,1,Period II Day 1,batch1,reference_4
S7_train_I_D1_3_val_D4_5,three_class_with_air,train,air\reference_5.csv,air,Period_II,Day 3,3,Period II Day 3,batch2,reference_5
S7_train_I_D1_3_val_D4_5,three_class_with_air,train,air\reference_6.csv,air,Period_II,Day 3,3,Period II Day 3,batch2,reference_6
S7_train_I_D1_3_val_D4_5,three_class_with_air,train,alcohol\alcohol_1.csv,alcohol,Period_II,Day 1,1,Period II Day 1,batch1,alcohol_1
S7_train_I_D1_3_val_D4_5,three_class_with_air,train,alcohol\alcohol_2.csv,alcohol,Period_II,Day 1,1,Period II Day 1,batch1,alcohol_2
S7_train_I_D1_3_val_D4_5,three_class_with_air,train,alcohol\alcohol_3.csv,alcohol,Period_II,Day 1,1,Period II Day 1,batch1,alcohol_3
S7_train_I_D1_3_val_D4_5,three_class_with_air,train,alcohol\alcohol_4.csv,alcohol,Period_II,Day 1,1,Period II Day 1,batch1,alcohol_4
S7_train_I_D1_3_val_D4_5,three_class_with_air,train,alcohol\alcohol_5.csv,alcohol,Period_II,Day 1,1,Period II Day 1,batch1,alcohol_5
S7_train_I_D1_3_val_D4_5,three_class_with_air,train,alcohol\alcohol_6.csv,alcohol,Period_II,Day 2,2,Period II Day 2,batch1,alcohol_6
S7_train_I_D1_3_val_D4_5,three_class_with_air,train,alcohol\alcohol_7.csv,alcohol,Period_II,Day 2,2,Period II Day 2,batch1,alcohol_7
S7_train_I_D1_3_val_D4_5,three_class_with_air,train,alcohol\alcohol_8.csv,alcohol,Period_II,Day 2,2,Period II Day 2,batch1,alcohol_8
S7_train_I_D1_3_val_D4_5,three_class_with_air,train,alcohol\alcohol_9.csv,alcohol,Period_II,Day 2,2,Period II Day 2,batch1,alcohol_9
S7_train_I_D1_3_val_D4_5,three_class_with_air,train,alcohol\alcohol_10.csv,alcohol,Period_II,Day 2,2,Period II Day 2,batch1,alcohol_10
S7_train_I_D1_3_val_D4_5,three_class_with_air,train,alcohol\alcohol_11.csv,alcohol,Period_II,Day 3,3,Period II Day 3,batch2,alcohol_11
S7_train_I_D1_3_val_D4_5,three_class_with_air,train,alcohol\alcohol_12.csv,alcohol,Period_II,Day 3,3,Period II Day 3,batch2,alcohol_12
S7_train_I_D1_3_val_D4_5,three_class_with_air,train,alcohol\alcohol_13.csv,alcohol,Period_II,Day 3,3,Period II Day 3,batch2,alcohol_13
S7_train_I_D1_3_val_D4_5,three_class_with_air,train,alcohol\alcohol_14.csv,alcohol,Period_II,Day 3,3,Period II Day 3,batch2,alcohol_14
S7_train_I_D1_3_val_D4_5,three_class_with_air,train,alcohol\alcohol_15.csv,alcohol,Period_II,Day 3,3,Period II Day 3,batch2,alcohol_15
S7_train_I_D1_3_val_D4_5,three_class_with_air,train,alcohol\alcohol_o1.csv,alcohol,Period_I,Day 1 afternoon,1,Period I Day 1 afternoon,source,alcohol_o1
S7_train_I_D1_3_val_D4_5,three_class_with_air,train,alcohol\alcohol_o2.csv,alcohol,Period_I,Day 1 afternoon,1,Period I Day 1 afternoon,source,alcohol_o2
S7_train_I_D1_3_val_D4_5,three_class_with_air,train,alcohol\alcohol_o3.csv,alcohol,Period_I,Day 1 afternoon,1,Period I Day 1 afternoon,source,alcohol_o3
S7_train_I_D1_3_val_D4_5,three_class_with_air,train,alcohol\alcohol_o4.csv,alcohol,Period_I,Day 2 noon,2,Period I Day 2 noon,source,alcohol_o4
S7_train_I_D1_3_val_D4_5,three_class_with_air,train,alcohol\alcohol_o5.csv,alcohol,Period_I,Day 2 noon,2,Period I Day 2 noon,source,alcohol_o5
S7_train_I_D1_3_val_D4_5,three_class_with_air,train,alcohol\alcohol_o6.csv,alcohol,Period_I,Day 2 noon,2,Period I Day 2 noon,source,alcohol_o6
S7_train_I_D1_3_val_D4_5,three_class_with_air,train,alcohol\alcohol_o7.csv,alcohol,Period_I,Day 2 afternoon,2,Period I Day 2 afternoon,source,alcohol_o7
S7_train_I_D1_3_val_D4_5,three_class_with_air,train,alcohol\alcohol_o8.csv,alcohol,Period_I,Day 2 afternoon,2,Period I Day 2 afternoon,source,alcohol_o8
S7_train_I_D1_3_val_D4_5,three_class_with_air,train,alcohol\alcohol_o9.csv,alcohol,Period_I,Day 2 afternoon,2,Period I Day 2 afternoon,source,alcohol_o9
S7_train_I_D1_3_val_D4_5,three_class_with_air,train,alcohol\alcohol_o10.csv,alcohol,Period_I,Day 3 noon,3,Period I Day 3 noon,source,alcohol_o10
S7_train_I_D1_3_val_D4_5,three_class_with_air,train,alcohol\alcohol_o11.csv,alcohol,Period_I,Day 3 noon,3,Period I Day 3 noon,source,alcohol_o11
S7_train_I_D1_3_val_D4_5,three_class_with_air,train,alcohol\alcohol_o12.csv,alcohol,Period_I,Day 3 noon,3,Period I Day 3 noon,source,alcohol_o12
S7_train_I_D1_3_val_D4_5,three_class_with_air,validation,acetone\acetone_16.csv,acetone,Period_II,Day 4,4,Period II Day 4,batch2,acetone_16
S7_train_I_D1_3_val_D4_5,three_class_with_air,validation,acetone\acetone_17.csv,acetone,Period_II,Day 4,4,Period II Day 4,batch2,acetone_17
S7_train_I_D1_3_val_D4_5,three_class_with_air,validation,acetone\acetone_18.csv,acetone,Period_II,Day 4,4,Period II Day 4,batch2,acetone_18
S7_train_I_D1_3_val_D4_5,three_class_with_air,validation,acetone\acetone_19.csv,acetone,Period_II,Day 4,4,Period II Day 4,batch2,acetone_19
S7_train_I_D1_3_val_D4_5,three_class_with_air,validation,acetone\acetone_20.csv,acetone,Period_II,Day 4,4,Period II Day 4,batch2,acetone_20
S7_train_I_D1_3_val_D4_5,three_class_with_air,validation,acetone\acetone_21.csv,acetone,Period_II,Day 5,5,Period II Day 5,batch2,acetone_21
S7_train_I_D1_3_val_D4_5,three_class_with_air,validation,acetone\acetone_22.csv,acetone,Period_II,Day 5,5,Period II Day 5,batch2,acetone_22
S7_train_I_D1_3_val_D4_5,three_class_with_air,validation,acetone\acetone_23.csv,acetone,Period_II,Day 5,5,Period II Day 5,batch2,acetone_23
S7_train_I_D1_3_val_D4_5,three_class_with_air,validation,acetone\acetone_24.csv,acetone,Period_II,Day 5,5,Period II Day 5,batch2,acetone_24
S7_train_I_D1_3_val_D4_5,three_class_with_air,validation,acetone\acetone_25.csv,acetone,Period_II,Day 5,5,Period II Day 5,batch2,acetone_25
S7_train_I_D1_3_val_D4_5,three_class_with_air,validation,air\air_7.csv,air,Period_II,Day 4,4,Period II Day 4,batch2,air_7
S7_train_I_D1_3_val_D4_5,three_class_with_air,validation,air\air_8.csv,air,Period_II,Day 4,4,Period II Day 4,batch2,air_8
S7_train_I_D1_3_val_D4_5,three_class_with_air,validation,air\air_9.csv,air,Period_II,Day 5,5,Period II Day 5,batch2,air_9
S7_train_I_D1_3_val_D4_5,three_class_with_air,validation,air\air_10.csv,air,Period_II,Day 5,5,Period II Day 5,batch2,air_10
S7_train_I_D1_3_val_D4_5,three_class_with_air,validation,air\reference_7.csv,air,Period_II,Day 4,4,Period II Day 4,batch2,reference_7
S7_train_I_D1_3_val_D4_5,three_class_with_air,validation,air\reference_8.csv,air,Period_II,Day 4,4,Period II Day 4,batch2,reference_8
S7_train_I_D1_3_val_D4_5,three_class_with_air,validation,alcohol\alcohol_16.csv,alcohol,Period_II,Day 4,4,Period II Day 4,batch2,alcohol_16
S7_train_I_D1_3_val_D4_5,three_class_with_air,validation,alcohol\alcohol_17.csv,alcohol,Period_II,Day 4,4,Period II Day 4,batch2,alcohol_17
S7_train_I_D1_3_val_D4_5,three_class_with_air,validation,alcohol\alcohol_18.csv,alcohol,Period_II,Day 4,4,Period II Day 4,batch2,alcohol_18
S7_train_I_D1_3_val_D4_5,three_class_with_air,validation,alcohol\alcohol_19.csv,alcohol,Period_II,Day 4,4,Period II Day 4,batch2,alcohol_19
S7_train_I_D1_3_val_D4_5,three_class_with_air,validation,alcohol\alcohol_20.csv,alcohol,Period_II,Day 4,4,Period II Day 4,batch2,alcohol_20
S7_train_I_D1_3_val_D4_5,three_class_with_air,validation,alcohol\alcohol_21.csv,alcohol,Period_II,Day 5,5,Period II Day 5,batch2,alcohol_21
S7_train_I_D1_3_val_D4_5,three_class_with_air,validation,alcohol\alcohol_22.csv,alcohol,Period_II,Day 5,5,Period II Day 5,batch2,alcohol_22
S7_train_I_D1_3_val_D4_5,three_class_with_air,validation,alcohol\alcohol_23.csv,alcohol,Period_II,Day 5,5,Period II Day 5,batch2,alcohol_23
S7_train_I_D1_3_val_D4_5,three_class_with_air,validation,alcohol\alcohol_24.csv,alcohol,Period_II,Day 5,5,Period II Day 5,batch2,alcohol_24
S7_train_I_D1_3_val_D4_5,three_class_with_air,validation,alcohol\alcohol_25.csv,alcohol,Period_II,Day 5,5,Period II Day 5,batch2,alcohol_25
S7_train_I_D1_3_val_D4_5,three_class_with_air,test,acetone\acetone_26.csv,acetone,Period_II,Day 6,6,Period II Day 6,batch2,acetone_26
S7_train_I_D1_3_val_D4_5,three_class_with_air,test,acetone\acetone_27.csv,acetone,Period_II,Day 6,6,Period II Day 6,batch2,acetone_27
S7_train_I_D1_3_val_D4_5,three_class_with_air,test,acetone\acetone_28.csv,acetone,Period_II,Day 6,6,Period II Day 6,batch2,acetone_28
S7_train_I_D1_3_val_D4_5,three_class_with_air,test,acetone\acetone_29.csv,acetone,Period_II,Day 6,6,Period II Day 6,batch2,acetone_29
S7_train_I_D1_3_val_D4_5,three_class_with_air,test,acetone\acetone_30.csv,acetone,Period_II,Day 6,6,Period II Day 6,batch2,acetone_30
S7_train_I_D1_3_val_D4_5,three_class_with_air,test,acetone\acetone_31.csv,acetone,Period_II,Day 6,6,Period II Day 6,batch2,acetone_31
S7_train_I_D1_3_val_D4_5,three_class_with_air,test,acetone\acetone_32.csv,acetone,Period_II,Day 6,6,Period II Day 6,batch2,acetone_32
S7_train_I_D1_3_val_D4_5,three_class_with_air,test,acetone\acetone_33.csv,acetone,Period_II,Day 7,7,Period II Day 7,batch2,acetone_33
S7_train_I_D1_3_val_D4_5,three_class_with_air,test,acetone\acetone_34.csv,acetone,Period_II,Day 7,7,Period II Day 7,batch2,acetone_34
S7_train_I_D1_3_val_D4_5,three_class_with_air,test,acetone\acetone_35.csv,acetone,Period_II,Day 7,7,Period II Day 7,batch2,acetone_35
S7_train_I_D1_3_val_D4_5,three_class_with_air,test,acetone\acetone_36.csv,acetone,Period_II,Day 8,8,Period II Day 8,batch2,acetone_36
S7_train_I_D1_3_val_D4_5,three_class_with_air,test,acetone\acetone_37.csv,acetone,Period_II,Day 8,8,Period II Day 8,batch2,acetone_37
S7_train_I_D1_3_val_D4_5,three_class_with_air,test,acetone\acetone_38.csv,acetone,Period_II,Day 8,8,Period II Day 8,batch2,acetone_38
S7_train_I_D1_3_val_D4_5,three_class_with_air,test,acetone\acetone_39.csv,acetone,Period_II,Day 9,9,Period II Day 9,batch2,acetone_39
S7_train_I_D1_3_val_D4_5,three_class_with_air,test,acetone\acetone_40.csv,acetone,Period_II,Day 9,9,Period II Day 9,batch2,acetone_40
S7_train_I_D1_3_val_D4_5,three_class_with_air,test,acetone\acetone_41.csv,acetone,Period_II,Day 9,9,Period II Day 9,batch2,acetone_41
S7_train_I_D1_3_val_D4_5,three_class_with_air,test,acetone\acetone_42.csv,acetone,Period_II,Day 9,9,Period II Day 9,batch2,acetone_42
S7_train_I_D1_3_val_D4_5,three_class_with_air,test,acetone\acetone_43.csv,acetone,Period_II,Day 9,9,Period II Day 9,batch2,acetone_43
S7_train_I_D1_3_val_D4_5,three_class_with_air,test,acetone\acetone_44.csv,acetone,Period_II,Day 10,10,Period II Day 10,batch3,acetone_44
S7_train_I_D1_3_val_D4_5,three_class_with_air,test,acetone\acetone_45.csv,acetone,Period_II,Day 10,10,Period II Day 10,batch3,acetone_45
S7_train_I_D1_3_val_D4_5,three_class_with_air,test,acetone\acetone_46.csv,acetone,Period_II,Day 10,10,Period II Day 10,batch3,acetone_46
S7_train_I_D1_3_val_D4_5,three_class_with_air,test,acetone\acetone_47.csv,acetone,Period_II,Day 10,10,Period II Day 10,batch3,acetone_47
S7_train_I_D1_3_val_D4_5,three_class_with_air,test,acetone\acetone_48.csv,acetone,Period_II,Day 11,11,Period II Day 11,batch3,acetone_48
S7_train_I_D1_3_val_D4_5,three_class_with_air,test,acetone\acetone_49.csv,acetone,Period_II,Day 11,11,Period II Day 11,batch3,acetone_49
S7_train_I_D1_3_val_D4_5,three_class_with_air,test,acetone\acetone_50.csv,acetone,Period_II,Day 11,11,Period II Day 11,batch3,acetone_50
S7_train_I_D1_3_val_D4_5,three_class_with_air,test,acetone\acetone_51.csv,acetone,Period_II,Day 11,11,Period II Day 11,batch3,acetone_51
S7_train_I_D1_3_val_D4_5,three_class_with_air,test,acetone\acetone_52.csv,acetone,Period_II,Day 12,12,Period II Day 12,batch3,acetone_52
S7_train_I_D1_3_val_D4_5,three_class_with_air,test,acetone\acetone_53.csv,acetone,Period_II,Day 12,12,Period II Day 12,batch3,acetone_53
S7_train_I_D1_3_val_D4_5,three_class_with_air,test,acetone\acetone_54.csv,acetone,Period_II,Day 12,12,Period II Day 12,batch3,acetone_54
S7_train_I_D1_3_val_D4_5,three_class_with_air,test,acetone\acetone_55.csv,acetone,Period_II,Day 12,12,Period II Day 12,batch3,acetone_55
S7_train_I_D1_3_val_D4_5,three_class_with_air,test,acetone\acetone_56.csv,acetone,Period_II,Day 13,13,Period II Day 13,batch3,acetone_56
S7_train_I_D1_3_val_D4_5,three_class_with_air,test,acetone\acetone_57.csv,acetone,Period_II,Day 13,13,Period II Day 13,batch3,acetone_57
S7_train_I_D1_3_val_D4_5,three_class_with_air,test,acetone\acetone_58.csv,acetone,Period_II,Day 14,14,Period II Day 14,batch3,acetone_58
S7_train_I_D1_3_val_D4_5,three_class_with_air,test,acetone\acetone_59.csv,acetone,Period_II,Day 14,14,Period II Day 14,batch3,acetone_59
S7_train_I_D1_3_val_D4_5,three_class_with_air,test,acetone\acetone_60.csv,acetone,Period_II,Day 14,14,Period II Day 14,batch3,acetone_60
S7_train_I_D1_3_val_D4_5,three_class_with_air,test,acetone\acetone_61.csv,acetone,Period_II,Day 15,15,Period II Day 15,batch3,acetone_61
S7_train_I_D1_3_val_D4_5,three_class_with_air,test,acetone\acetone_62.csv,acetone,Period_II,Day 15,15,Period II Day 15,batch3,acetone_62
S7_train_I_D1_3_val_D4_5,three_class_with_air,test,acetone\acetone_63.csv,acetone,Period_II,Day 15,15,Period II Day 15,batch3,acetone_63
S7_train_I_D1_3_val_D4_5,three_class_with_air,test,acetone\acetone_64.csv,acetone,Period_II,Day 17,17,Period II Day 17,batch3,acetone_64
S7_train_I_D1_3_val_D4_5,three_class_with_air,test,acetone\acetone_65.csv,acetone,Period_II,Day 17,17,Period II Day 17,batch3,acetone_65
S7_train_I_D1_3_val_D4_5,three_class_with_air,test,acetone\acetone_66.csv,acetone,Period_II,Day 17,17,Period II Day 17,batch3,acetone_66
S7_train_I_D1_3_val_D4_5,three_class_with_air,test,acetone\acetone_67.csv,acetone,Period_II,Day 17,17,Period II Day 17,batch3,acetone_67
S7_train_I_D1_3_val_D4_5,three_class_with_air,test,acetone\acetone_68.csv,acetone,Period_II,Day 17,17,Period II Day 17,batch3,acetone_68
S7_train_I_D1_3_val_D4_5,three_class_with_air,test,acetone\acetone_69.csv,acetone,Period_III,Day 18,18,Period III Day 18,batch4,acetone_69
S7_train_I_D1_3_val_D4_5,three_class_with_air,test,acetone\acetone_70.csv,acetone,Period_III,Day 18,18,Period III Day 18,batch4,acetone_70
S7_train_I_D1_3_val_D4_5,three_class_with_air,test,acetone\acetone_71.csv,acetone,Period_III,Day 18,18,Period III Day 18,batch4,acetone_71
S7_train_I_D1_3_val_D4_5,three_class_with_air,test,acetone\acetone_72.csv,acetone,Period_III,Day 18,18,Period III Day 18,batch4,acetone_72
S7_train_I_D1_3_val_D4_5,three_class_with_air,test,acetone\acetone_73.csv,acetone,Period_III,Day 18,18,Period III Day 18,batch4,acetone_73
S7_train_I_D1_3_val_D4_5,three_class_with_air,test,acetone\acetone_74.csv,acetone,Period_III,Day 19,19,Period III Day 19,batch4,acetone_74
S7_train_I_D1_3_val_D4_5,three_class_with_air,test,acetone\acetone_75.csv,acetone,Period_III,Day 19,19,Period III Day 19,batch4,acetone_75
S7_train_I_D1_3_val_D4_5,three_class_with_air,test,acetone\acetone_76.csv,acetone,Period_III,Day 19,19,Period III Day 19,batch4,acetone_76
S7_train_I_D1_3_val_D4_5,three_class_with_air,test,acetone\acetone_77.csv,acetone,Period_III,Day 20,20,Period III Day 20,batch4,acetone_77
S7_train_I_D1_3_val_D4_5,three_class_with_air,test,acetone\acetone_78.csv,acetone,Period_III,Day 20,20,Period III Day 20,batch4,acetone_78
S7_train_I_D1_3_val_D4_5,three_class_with_air,test,acetone\acetone_79.csv,acetone,Period_III,Day 20,20,Period III Day 20,batch4,acetone_79
S7_train_I_D1_3_val_D4_5,three_class_with_air,test,acetone\acetone_80.csv,acetone,Period_III,Day 20,20,Period III Day 20,batch4,acetone_80
S7_train_I_D1_3_val_D4_5,three_class_with_air,test,acetone\acetone_81.csv,acetone,Period_III,Day 21,21,Period III Day 21,batch4,acetone_81
S7_train_I_D1_3_val_D4_5,three_class_with_air,test,acetone\acetone_82.csv,acetone,Period_III,Day 21,21,Period III Day 21,batch4,acetone_82
S7_train_I_D1_3_val_D4_5,three_class_with_air,test,acetone\acetone_83.csv,acetone,Period_III,Day 21,21,Period III Day 21,batch4,acetone_83
S7_train_I_D1_3_val_D4_5,three_class_with_air,test,acetone\acetone_84.csv,acetone,Period_III,Day 21,21,Period III Day 21,batch4,acetone_84
S7_train_I_D1_3_val_D4_5,three_class_with_air,test,acetone\acetone_85.csv,acetone,Period_IV,Day 22,22,Period IV Day 22,batch5,acetone_85
S7_train_I_D1_3_val_D4_5,three_class_with_air,test,acetone\acetone_86.csv,acetone,Period_IV,Day 22,22,Period IV Day 22,batch5,acetone_86
S7_train_I_D1_3_val_D4_5,three_class_with_air,test,acetone\acetone_87.csv,acetone,Period_IV,Day 22,22,Period IV Day 22,batch5,acetone_87
S7_train_I_D1_3_val_D4_5,three_class_with_air,test,acetone\acetone_88.csv,acetone,Period_IV,Day 22,22,Period IV Day 22,batch5,acetone_88
S7_train_I_D1_3_val_D4_5,three_class_with_air,test,acetone\acetone_89.csv,acetone,Period_IV,Day 23,23,Period IV Day 23,batch5,acetone_89
S7_train_I_D1_3_val_D4_5,three_class_with_air,test,acetone\acetone_90.csv,acetone,Period_IV,Day 23,23,Period IV Day 23,batch5,acetone_90
S7_train_I_D1_3_val_D4_5,three_class_with_air,test,acetone\acetone_91.csv,acetone,Period_IV,Day 23,23,Period IV Day 23,batch5,acetone_91
S7_train_I_D1_3_val_D4_5,three_class_with_air,test,acetone\acetone_92.csv,acetone,Period_IV,Day 23,23,Period IV Day 23,batch5,acetone_92
S7_train_I_D1_3_val_D4_5,three_class_with_air,test,acetone\acetone_93.csv,acetone,Period_IV,Day 24,24,Period IV Day 24,batch5,acetone_93
S7_train_I_D1_3_val_D4_5,three_class_with_air,test,acetone\acetone_94.csv,acetone,Period_IV,Day 24,24,Period IV Day 24,batch5,acetone_94
S7_train_I_D1_3_val_D4_5,three_class_with_air,test,acetone\acetone_95.csv,acetone,Period_IV,Day 24,24,Period IV Day 24,batch5,acetone_95
S7_train_I_D1_3_val_D4_5,three_class_with_air,test,acetone\acetone_96.csv,acetone,Period_IV,Day 24,24,Period IV Day 24,batch5,acetone_96
S7_train_I_D1_3_val_D4_5,three_class_with_air,test,air\air_11.csv,air,Period_II,Day 6,6,Period II Day 6,batch2,air_11
S7_train_I_D1_3_val_D4_5,three_class_with_air,test,air\air_12.csv,air,Period_II,Day 6,6,Period II Day 6,batch2,air_12
S7_train_I_D1_3_val_D4_5,three_class_with_air,test,air\air_13.csv,air,Period_II,Day 6,6,Period II Day 6,batch2,air_13
S7_train_I_D1_3_val_D4_5,three_class_with_air,test,air\air_14.csv,air,Period_II,Day 8,8,Period II Day 8,batch2,air_14
S7_train_I_D1_3_val_D4_5,three_class_with_air,test,air\air_15.csv,air,Period_II,Day 8,8,Period II Day 8,batch2,air_15
S7_train_I_D1_3_val_D4_5,three_class_with_air,test,air\air_16.csv,air,Period_II,Day 9,9,Period II Day 9,batch2,air_16
S7_train_I_D1_3_val_D4_5,three_class_with_air,test,air\air_17.csv,air,Period_II,Day 9,9,Period II Day 9,batch2,air_17
S7_train_I_D1_3_val_D4_5,three_class_with_air,test,air\air_18.csv,air,Period_II,Day 10,10,Period II Day 10,batch3,air_18
S7_train_I_D1_3_val_D4_5,three_class_with_air,test,air\air_19.csv,air,Period_II,Day 10,10,Period II Day 10,batch3,air_19
S7_train_I_D1_3_val_D4_5,three_class_with_air,test,air\air_20.csv,air,Period_II,Day 11,11,Period II Day 11,batch3,air_20
S7_train_I_D1_3_val_D4_5,three_class_with_air,test,air\air_21.csv,air,Period_II,Day 11,11,Period II Day 11,batch3,air_21
S7_train_I_D1_3_val_D4_5,three_class_with_air,test,air\air_22.csv,air,Period_II,Day 12,12,Period II Day 12,batch3,air_22
S7_train_I_D1_3_val_D4_5,three_class_with_air,test,air\air_23.csv,air,Period_II,Day 12,12,Period II Day 12,batch3,air_23
S7_train_I_D1_3_val_D4_5,three_class_with_air,test,air\air_24.csv,air,Period_II,Day 13,13,Period II Day 13,batch3,air_24
S7_train_I_D1_3_val_D4_5,three_class_with_air,test,air\air_25.csv,air,Period_II,Day 13,13,Period II Day 13,batch3,air_25
S7_train_I_D1_3_val_D4_5,three_class_with_air,test,air\air_26.csv,air,Period_II,Day 13,13,Period II Day 13,batch3,air_26
S7_train_I_D1_3_val_D4_5,three_class_with_air,test,air\air_27.csv,air,Period_II,Day 13,13,Period II Day 13,batch3,air_27
S7_train_I_D1_3_val_D4_5,three_class_with_air,test,air\air_28.csv,air,Period_II,Day 13,13,Period II Day 13,batch3,air_28
S7_train_I_D1_3_val_D4_5,three_class_with_air,test,air\air_29.csv,air,Period_II,Day 14,14,Period II Day 14,batch3,air_29
S7_train_I_D1_3_val_D4_5,three_class_with_air,test,air\air_30.csv,air,Period_II,Day 14,14,Period II Day 14,batch3,air_30
S7_train_I_D1_3_val_D4_5,three_class_with_air,test,air\air_31.csv,air,Period_II,Day 14,14,Period II Day 14,batch3,air_31
S7_train_I_D1_3_val_D4_5,three_class_with_air,test,air\air_32.csv,air,Period_II,Day 14,14,Period II Day 14,batch3,air_32
S7_train_I_D1_3_val_D4_5,three_class_with_air,test,air\air_33.csv,air,Period_II,Day 14,14,Period II Day 14,batch3,air_33
S7_train_I_D1_3_val_D4_5,three_class_with_air,test,air\air_34.csv,air,Period_II,Day 14,14,Period II Day 14,batch3,air_34
S7_train_I_D1_3_val_D4_5,three_class_with_air,test,air\air_35.csv,air,Period_II,Day 15,15,Period II Day 15,batch3,air_35
S7_train_I_D1_3_val_D4_5,three_class_with_air,test,air\air_36.csv,air,Period_II,Day 15,15,Period II Day 15,batch3,air_36
S7_train_I_D1_3_val_D4_5,three_class_with_air,test,air\air_37.csv,air,Period_II,Day 15,15,Period II Day 15,batch3,air_37
S7_train_I_D1_3_val_D4_5,three_class_with_air,test,air\air_38.csv,air,Period_II,Day 15,15,Period II Day 15,batch3,air_38
S7_train_I_D1_3_val_D4_5,three_class_with_air,test,air\air_39.csv,air,Period_II,Day 15,15,Period II Day 15,batch3,air_39
S7_train_I_D1_3_val_D4_5,three_class_with_air,test,air\air_40.csv,air,Period_II,Day 15,15,Period II Day 15,batch3,air_40
S7_train_I_D1_3_val_D4_5,three_class_with_air,test,air\air_41.csv,air,Period_II,Day 16,16,Period II Day 16,batch3,air_41
S7_train_I_D1_3_val_D4_5,three_class_with_air,test,air\air_42.csv,air,Period_II,Day 16,16,Period II Day 16,batch3,air_42
S7_train_I_D1_3_val_D4_5,three_class_with_air,test,air\air_43.csv,air,Period_II,Day 16,16,Period II Day 16,batch3,air_43
S7_train_I_D1_3_val_D4_5,three_class_with_air,test,air\air_44.csv,air,Period_II,Day 16,16,Period II Day 16,batch3,air_44
S7_train_I_D1_3_val_D4_5,three_class_with_air,test,air\air_45.csv,air,Period_II,Day 17,17,Period II Day 17,batch3,air_45
S7_train_I_D1_3_val_D4_5,three_class_with_air,test,air\air_46.csv,air,Period_II,Day 17,17,Period II Day 17,batch3,air_46
S7_train_I_D1_3_val_D4_5,three_class_with_air,test,air\air_47.csv,air,Period_II,Day 17,17,Period II Day 17,batch3,air_47
S7_train_I_D1_3_val_D4_5,three_class_with_air,test,air\air_48.csv,air,Period_II,Day 17,17,Period II Day 17,batch3,air_48
S7_train_I_D1_3_val_D4_5,three_class_with_air,test,air\air_49.csv,air,Period_III,Day 18,18,Period III Day 18,batch4,air_49
S7_train_I_D1_3_val_D4_5,three_class_with_air,test,air\air_50.csv,air,Period_III,Day 18,18,Period III Day 18,batch4,air_50
S7_train_I_D1_3_val_D4_5,three_class_with_air,test,air\air_51.csv,air,Period_III,Day 18,18,Period III Day 18,batch4,air_51
S7_train_I_D1_3_val_D4_5,three_class_with_air,test,air\air_52.csv,air,Period_III,Day 18,18,Period III Day 18,batch4,air_52
S7_train_I_D1_3_val_D4_5,three_class_with_air,test,air\air_53.csv,air,Period_III,Day 19,19,Period III Day 19,batch4,air_53
S7_train_I_D1_3_val_D4_5,three_class_with_air,test,air\air_54.csv,air,Period_III,Day 19,19,Period III Day 19,batch4,air_54
S7_train_I_D1_3_val_D4_5,three_class_with_air,test,air\air_55.csv,air,Period_III,Day 20,20,Period III Day 20,batch4,air_55
S7_train_I_D1_3_val_D4_5,three_class_with_air,test,air\air_56.csv,air,Period_III,Day 20,20,Period III Day 20,batch4,air_56
S7_train_I_D1_3_val_D4_5,three_class_with_air,test,air\air_57.csv,air,Period_III,Day 20,20,Period III Day 20,batch4,air_57
S7_train_I_D1_3_val_D4_5,three_class_with_air,test,air\air_58.csv,air,Period_III,Day 20,20,Period III Day 20,batch4,air_58
S7_train_I_D1_3_val_D4_5,three_class_with_air,test,air\air_59.csv,air,Period_III,Day 21,21,Period III Day 21,batch4,air_59
S7_train_I_D1_3_val_D4_5,three_class_with_air,test,air\air_60.csv,air,Period_III,Day 21,21,Period III Day 21,batch4,air_60
S7_train_I_D1_3_val_D4_5,three_class_with_air,test,air\air_61.csv,air,Period_III,Day 21,21,Period III Day 21,batch4,air_61
S7_train_I_D1_3_val_D4_5,three_class_with_air,test,air\air_62.csv,air,Period_III,Day 21,21,Period III Day 21,batch4,air_62
S7_train_I_D1_3_val_D4_5,three_class_with_air,test,air\air_63.csv,air,Period_IV,Day 22,22,Period IV Day 22,batch5,air_63
S7_train_I_D1_3_val_D4_5,three_class_with_air,test,air\air_64.csv,air,Period_IV,Day 22,22,Period IV Day 22,batch5,air_64
S7_train_I_D1_3_val_D4_5,three_class_with_air,test,air\air_65.csv,air,Period_IV,Day 22,22,Period IV Day 22,batch5,air_65
S7_train_I_D1_3_val_D4_5,three_class_with_air,test,air\air_66.csv,air,Period_IV,Day 23,23,Period IV Day 23,batch5,air_66
S7_train_I_D1_3_val_D4_5,three_class_with_air,test,air\air_67.csv,air,Period_IV,Day 23,23,Period IV Day 23,batch5,air_67
S7_train_I_D1_3_val_D4_5,three_class_with_air,test,air\air_68.csv,air,Period_IV,Day 23,23,Period IV Day 23,batch5,air_68
S7_train_I_D1_3_val_D4_5,three_class_with_air,test,air\air_69.csv,air,Period_IV,Day 23,23,Period IV Day 23,batch5,air_69
S7_train_I_D1_3_val_D4_5,three_class_with_air,test,air\air_70.csv,air,Period_IV,Day 24,24,Period IV Day 24,batch5,air_70
S7_train_I_D1_3_val_D4_5,three_class_with_air,test,air\air_71.csv,air,Period_IV,Day 24,24,Period IV Day 24,batch5,air_71
S7_train_I_D1_3_val_D4_5,three_class_with_air,test,air\air_72.csv,air,Period_IV,Day 24,24,Period IV Day 24,batch5,air_72
S7_train_I_D1_3_val_D4_5,three_class_with_air,test,air\reference_9.csv,air,Period_II,Day 8,8,Period II Day 8,batch2,reference_9
S7_train_I_D1_3_val_D4_5,three_class_with_air,test,alcohol\alcohol_26.csv,alcohol,Period_II,Day 6,6,Period II Day 6,batch2,alcohol_26
S7_train_I_D1_3_val_D4_5,three_class_with_air,test,alcohol\alcohol_27.csv,alcohol,Period_II,Day 6,6,Period II Day 6,batch2,alcohol_27
S7_train_I_D1_3_val_D4_5,three_class_with_air,test,alcohol\alcohol_28.csv,alcohol,Period_II,Day 6,6,Period II Day 6,batch2,alcohol_28
S7_train_I_D1_3_val_D4_5,three_class_with_air,test,alcohol\alcohol_29.csv,alcohol,Period_II,Day 6,6,Period II Day 6,batch2,alcohol_29
S7_train_I_D1_3_val_D4_5,three_class_with_air,test,alcohol\alcohol_30.csv,alcohol,Period_II,Day 6,6,Period II Day 6,batch2,alcohol_30
S7_train_I_D1_3_val_D4_5,three_class_with_air,test,alcohol\alcohol_31.csv,alcohol,Period_II,Day 6,6,Period II Day 6,batch2,alcohol_31
S7_train_I_D1_3_val_D4_5,three_class_with_air,test,alcohol\alcohol_32.csv,alcohol,Period_II,Day 6,6,Period II Day 6,batch2,alcohol_32
S7_train_I_D1_3_val_D4_5,three_class_with_air,test,alcohol\alcohol_33.csv,alcohol,Period_II,Day 7,7,Period II Day 7,batch2,alcohol_33
S7_train_I_D1_3_val_D4_5,three_class_with_air,test,alcohol\alcohol_34.csv,alcohol,Period_II,Day 7,7,Period II Day 7,batch2,alcohol_34
S7_train_I_D1_3_val_D4_5,three_class_with_air,test,alcohol\alcohol_35.csv,alcohol,Period_II,Day 7,7,Period II Day 7,batch2,alcohol_35
S7_train_I_D1_3_val_D4_5,three_class_with_air,test,alcohol\alcohol_36.csv,alcohol,Period_II,Day 8,8,Period II Day 8,batch2,alcohol_36
S7_train_I_D1_3_val_D4_5,three_class_with_air,test,alcohol\alcohol_37.csv,alcohol,Period_II,Day 8,8,Period II Day 8,batch2,alcohol_37
S7_train_I_D1_3_val_D4_5,three_class_with_air,test,alcohol\alcohol_38.csv,alcohol,Period_II,Day 8,8,Period II Day 8,batch2,alcohol_38
S7_train_I_D1_3_val_D4_5,three_class_with_air,test,alcohol\alcohol_39.csv,alcohol,Period_II,Day 9,9,Period II Day 9,batch2,alcohol_39
S7_train_I_D1_3_val_D4_5,three_class_with_air,test,alcohol\alcohol_40.csv,alcohol,Period_II,Day 9,9,Period II Day 9,batch2,alcohol_40
S7_train_I_D1_3_val_D4_5,three_class_with_air,test,alcohol\alcohol_41.csv,alcohol,Period_II,Day 9,9,Period II Day 9,batch2,alcohol_41
S7_train_I_D1_3_val_D4_5,three_class_with_air,test,alcohol\alcohol_42.csv,alcohol,Period_II,Day 9,9,Period II Day 9,batch2,alcohol_42
S7_train_I_D1_3_val_D4_5,three_class_with_air,test,alcohol\alcohol_43.csv,alcohol,Period_II,Day 9,9,Period II Day 9,batch2,alcohol_43
S7_train_I_D1_3_val_D4_5,three_class_with_air,test,alcohol\alcohol_44.csv,alcohol,Period_II,Day 10,10,Period II Day 10,batch3,alcohol_44
S7_train_I_D1_3_val_D4_5,three_class_with_air,test,alcohol\alcohol_45.csv,alcohol,Period_II,Day 10,10,Period II Day 10,batch3,alcohol_45
S7_train_I_D1_3_val_D4_5,three_class_with_air,test,alcohol\alcohol_46.csv,alcohol,Period_II,Day 10,10,Period II Day 10,batch3,alcohol_46
S7_train_I_D1_3_val_D4_5,three_class_with_air,test,alcohol\alcohol_47.csv,alcohol,Period_II,Day 10,10,Period II Day 10,batch3,alcohol_47
S7_train_I_D1_3_val_D4_5,three_class_with_air,test,alcohol\alcohol_48.csv,alcohol,Period_II,Day 11,11,Period II Day 11,batch3,alcohol_48
S7_train_I_D1_3_val_D4_5,three_class_with_air,test,alcohol\alcohol_49.csv,alcohol,Period_II,Day 11,11,Period II Day 11,batch3,alcohol_49
S7_train_I_D1_3_val_D4_5,three_class_with_air,test,alcohol\alcohol_50.csv,alcohol,Period_II,Day 11,11,Period II Day 11,batch3,alcohol_50
S7_train_I_D1_3_val_D4_5,three_class_with_air,test,alcohol\alcohol_51.csv,alcohol,Period_II,Day 11,11,Period II Day 11,batch3,alcohol_51
S7_train_I_D1_3_val_D4_5,three_class_with_air,test,alcohol\alcohol_52.csv,alcohol,Period_II,Day 12,12,Period II Day 12,batch3,alcohol_52
S7_train_I_D1_3_val_D4_5,three_class_with_air,test,alcohol\alcohol_53.csv,alcohol,Period_II,Day 12,12,Period II Day 12,batch3,alcohol_53
S7_train_I_D1_3_val_D4_5,three_class_with_air,test,alcohol\alcohol_54.csv,alcohol,Period_II,Day 12,12,Period II Day 12,batch3,alcohol_54
S7_train_I_D1_3_val_D4_5,three_class_with_air,test,alcohol\alcohol_55.csv,alcohol,Period_II,Day 12,12,Period II Day 12,batch3,alcohol_55
S7_train_I_D1_3_val_D4_5,three_class_with_air,test,alcohol\alcohol_56.csv,alcohol,Period_II,Day 13,13,Period II Day 13,batch3,alcohol_56
S7_train_I_D1_3_val_D4_5,three_class_with_air,test,alcohol\alcohol_57.csv,alcohol,Period_II,Day 13,13,Period II Day 13,batch3,alcohol_57
S7_train_I_D1_3_val_D4_5,three_class_with_air,test,alcohol\alcohol_58.csv,alcohol,Period_II,Day 14,14,Period II Day 14,batch3,alcohol_58
S7_train_I_D1_3_val_D4_5,three_class_with_air,test,alcohol\alcohol_59.csv,alcohol,Period_II,Day 14,14,Period II Day 14,batch3,alcohol_59
S7_train_I_D1_3_val_D4_5,three_class_with_air,test,alcohol\alcohol_60.csv,alcohol,Period_II,Day 14,14,Period II Day 14,batch3,alcohol_60
S7_train_I_D1_3_val_D4_5,three_class_with_air,test,alcohol\alcohol_61.csv,alcohol,Period_II,Day 15,15,Period II Day 15,batch3,alcohol_61
S7_train_I_D1_3_val_D4_5,three_class_with_air,test,alcohol\alcohol_62.csv,alcohol,Period_II,Day 15,15,Period II Day 15,batch3,alcohol_62
S7_train_I_D1_3_val_D4_5,three_class_with_air,test,alcohol\alcohol_63.csv,alcohol,Period_II,Day 15,15,Period II Day 15,batch3,alcohol_63
S7_train_I_D1_3_val_D4_5,three_class_with_air,test,alcohol\alcohol_64.csv,alcohol,Period_II,Day 17,17,Period II Day 17,batch3,alcohol_64
S7_train_I_D1_3_val_D4_5,three_class_with_air,test,alcohol\alcohol_65.csv,alcohol,Period_II,Day 17,17,Period II Day 17,batch3,alcohol_65
S7_train_I_D1_3_val_D4_5,three_class_with_air,test,alcohol\alcohol_66.csv,alcohol,Period_II,Day 17,17,Period II Day 17,batch3,alcohol_66
S7_train_I_D1_3_val_D4_5,three_class_with_air,test,alcohol\alcohol_67.csv,alcohol,Period_II,Day 17,17,Period II Day 17,batch3,alcohol_67
S7_train_I_D1_3_val_D4_5,three_class_with_air,test,alcohol\alcohol_68.csv,alcohol,Period_II,Day 17,17,Period II Day 17,batch3,alcohol_68
S7_train_I_D1_3_val_D4_5,three_class_with_air,test,alcohol\alcohol_69.csv,alcohol,Period_III,Day 18,18,Period III Day 18,batch4,alcohol_69
S7_train_I_D1_3_val_D4_5,three_class_with_air,test,alcohol\alcohol_70.csv,alcohol,Period_III,Day 18,18,Period III Day 18,batch4,alcohol_70
S7_train_I_D1_3_val_D4_5,three_class_with_air,test,alcohol\alcohol_71.csv,alcohol,Period_III,Day 18,18,Period III Day 18,batch4,alcohol_71
S7_train_I_D1_3_val_D4_5,three_class_with_air,test,alcohol\alcohol_72.csv,alcohol,Period_III,Day 18,18,Period III Day 18,batch4,alcohol_72
S7_train_I_D1_3_val_D4_5,three_class_with_air,test,alcohol\alcohol_73.csv,alcohol,Period_III,Day 18,18,Period III Day 18,batch4,alcohol_73
S7_train_I_D1_3_val_D4_5,three_class_with_air,test,alcohol\alcohol_74.csv,alcohol,Period_III,Day 19,19,Period III Day 19,batch4,alcohol_74
S7_train_I_D1_3_val_D4_5,three_class_with_air,test,alcohol\alcohol_75.csv,alcohol,Period_III,Day 19,19,Period III Day 19,batch4,alcohol_75
S7_train_I_D1_3_val_D4_5,three_class_with_air,test,alcohol\alcohol_76.csv,alcohol,Period_III,Day 19,19,Period III Day 19,batch4,alcohol_76
S7_train_I_D1_3_val_D4_5,three_class_with_air,test,alcohol\alcohol_77.csv,alcohol,Period_III,Day 20,20,Period III Day 20,batch4,alcohol_77
S7_train_I_D1_3_val_D4_5,three_class_with_air,test,alcohol\alcohol_78.csv,alcohol,Period_III,Day 20,20,Period III Day 20,batch4,alcohol_78
S7_train_I_D1_3_val_D4_5,three_class_with_air,test,alcohol\alcohol_79.csv,alcohol,Period_III,Day 20,20,Period III Day 20,batch4,alcohol_79
S7_train_I_D1_3_val_D4_5,three_class_with_air,test,alcohol\alcohol_80.csv,alcohol,Period_III,Day 20,20,Period III Day 20,batch4,alcohol_80
S7_train_I_D1_3_val_D4_5,three_class_with_air,test,alcohol\alcohol_81.csv,alcohol,Period_III,Day 21,21,Period III Day 21,batch4,alcohol_81
S7_train_I_D1_3_val_D4_5,three_class_with_air,test,alcohol\alcohol_82.csv,alcohol,Period_III,Day 21,21,Period III Day 21,batch4,alcohol_82
S7_train_I_D1_3_val_D4_5,three_class_with_air,test,alcohol\alcohol_83.csv,alcohol,Period_III,Day 21,21,Period III Day 21,batch4,alcohol_83
S7_train_I_D1_3_val_D4_5,three_class_with_air,test,alcohol\alcohol_84.csv,alcohol,Period_III,Day 21,21,Period III Day 21,batch4,alcohol_84
S7_train_I_D1_3_val_D4_5,three_class_with_air,test,alcohol\alcohol_85.csv,alcohol,Period_IV,Day 22,22,Period IV Day 22,batch5,alcohol_85
S7_train_I_D1_3_val_D4_5,three_class_with_air,test,alcohol\alcohol_86.csv,alcohol,Period_IV,Day 22,22,Period IV Day 22,batch5,alcohol_86
S7_train_I_D1_3_val_D4_5,three_class_with_air,test,alcohol\alcohol_87.csv,alcohol,Period_IV,Day 22,22,Period IV Day 22,batch5,alcohol_87
S7_train_I_D1_3_val_D4_5,three_class_with_air,test,alcohol\alcohol_88.csv,alcohol,Period_IV,Day 22,22,Period IV Day 22,batch5,alcohol_88
S7_train_I_D1_3_val_D4_5,three_class_with_air,test,alcohol\alcohol_89.csv,alcohol,Period_IV,Day 23,23,Period IV Day 23,batch5,alcohol_89
S7_train_I_D1_3_val_D4_5,three_class_with_air,test,alcohol\alcohol_90.csv,alcohol,Period_IV,Day 23,23,Period IV Day 23,batch5,alcohol_90
S7_train_I_D1_3_val_D4_5,three_class_with_air,test,alcohol\alcohol_91.csv,alcohol,Period_IV,Day 23,23,Period IV Day 23,batch5,alcohol_91
S7_train_I_D1_3_val_D4_5,three_class_with_air,test,alcohol\alcohol_92.csv,alcohol,Period_IV,Day 23,23,Period IV Day 23,batch5,alcohol_92
S7_train_I_D1_3_val_D4_5,three_class_with_air,test,alcohol\alcohol_93.csv,alcohol,Period_IV,Day 24,24,Period IV Day 24,batch5,alcohol_93
S7_train_I_D1_3_val_D4_5,three_class_with_air,test,alcohol\alcohol_94.csv,alcohol,Period_IV,Day 24,24,Period IV Day 24,batch5,alcohol_94
S7_train_I_D1_3_val_D4_5,three_class_with_air,test,alcohol\alcohol_95.csv,alcohol,Period_IV,Day 24,24,Period IV Day 24,batch5,alcohol_95
S7_train_I_D1_3_val_D4_5,three_class_with_air,test,alcohol\alcohol_96.csv,alcohol,Period_IV,Day 24,24,Period IV Day 24,batch5,alcohol_96
