split,task,model,partition,random_state,true_label,predicted_label,count,fit_id
PB1_train_period_i_internal_val_test_batch1,three_class_with_air,LDA,train,,air,air,5,three_class_with_air|LDA|seed=deterministic
PB1_train_period_i_internal_val_test_batch1,three_class_with_air,LDA,train,,air,alcohol,1,three_class_with_air|LDA|seed=deterministic
PB1_train_period_i_internal_val_test_batch1,three_class_with_air,LDA,train,,air,acetone,0,three_class_with_air|LDA|seed=deterministic
PB1_train_period_i_internal_val_test_batch1,three_class_with_air,LDA,train,,alcohol,air,0,three_class_with_air|LDA|seed=deterministic
PB1_train_period_i_internal_val_test_batch1,three_class_with_air,LDA,train,,alcohol,alcohol,12,three_class_with_air|LDA|seed=deterministic
PB1_train_period_i_internal_val_test_batch1,three_class_with_air,LDA,train,,alcohol,acetone,0,three_class_with_air|LDA|seed=deterministic
PB1_train_period_i_internal_val_test_batch1,three_class_with_air,LDA,train,,acetone,air,1,three_class_with_air|LDA|seed=deterministic
PB1_train_period_i_internal_val_test_batch1,three_class_with_air,LDA,train,,acetone,alcohol,2,three_class_with_air|LDA|seed=deterministic
PB1_train_period_i_internal_val_test_batch1,three_class_with_air,LDA,train,,acetone,acetone,9,three_class_with_air|LDA|seed=deterministic
PB1_train_period_i_internal_val_test_batch1,three_class_with_air,LDA,validation,,air,air,1,three_class_with_air|LDA|seed=deterministic
PB1_train_period_i_internal_val_test_batch1,three_class_with_air,LDA,validation,,air,alcohol,0,three_class_with_air|LDA|seed=deterministic
PB1_train_period_i_internal_val_test_batch1,three_class_with_air,LDA,validation,,air,acetone,0,three_class_with_air|LDA|seed=deterministic
PB1_train_period_i_internal_val_test_batch1,three_class_with_air,LDA,validation,,alcohol,air,0,three_class_with_air|LDA|seed=deterministic
PB1_train_period_i_internal_val_test_batch1,three_class_with_air,LDA,validation,,alcohol,alcohol,2,three_class_with_air|LDA|seed=deterministic
PB1_train_period_i_internal_val_test_batch1,three_class_with_air,LDA,validation,,alcohol,acetone,0,three_class_with_air|LDA|seed=deterministic
PB1_train_period_i_internal_val_test_batch1,three_class_with_air,LDA,validation,,acetone,air,0,three_class_with_air|LDA|seed=deterministic
PB1_train_period_i_internal_val_test_batch1,three_class_with_air,LDA,validation,,acetone,alcohol,1,three_class_with_air|LDA|seed=deterministic
PB1_train_period_i_internal_val_test_batch1,three_class_with_air,LDA,validation,,acetone,acetone,1,three_class_with_air|LDA|seed=deterministic
PB1_train_period_i_internal_val_test_batch1,three_class_with_air,LDA,test,,air,air,6,three_class_with_air|LDA|seed=deterministic
PB1_train_period_i_internal_val_test_batch1,three_class_with_air,LDA,test,,air,alcohol,2,three_class_with_air|LDA|seed=deterministic
PB1_train_period_i_internal_val_test_batch1,three_class_with_air,LDA,test,,air,acetone,0,three_class_with_air|LDA|seed=deterministic
PB1_train_period_i_internal_val_test_batch1,three_class_with_air,LDA,test,,alcohol,air,1,three_class_with_air|LDA|seed=deterministic
PB1_train_period_i_internal_val_test_batch1,three_class_with_air,LDA,test,,alcohol,alcohol,9,three_class_with_air|LDA|seed=deterministic
PB1_train_period_i_internal_val_test_batch1,three_class_with_air,LDA,test,,alcohol,acetone,0,three_class_with_air|LDA|seed=deterministic
PB1_train_period_i_internal_val_test_batch1,three_class_with_air,LDA,test,,acetone,air,1,three_class_with_air|LDA|seed=deterministic
PB1_train_period_i_internal_val_test_batch1,three_class_with_air,LDA,test,,acetone,alcohol,0,three_class_with_air|LDA|seed=deterministic
PB1_train_period_i_internal_val_test_batch1,three_class_with_air,LDA,test,,acetone,acetone,9,three_class_with_air|LDA|seed=deterministic
PB2_train_period_i_internal_val_test_batch2,three_class_with_air,LDA,train,,air,air,5,three_class_with_air|LDA|seed=deterministic
PB2_train_period_i_internal_val_test_batch2,three_class_with_air,LDA,train,,air,alcohol,1,three_class_with_air|LDA|seed=deterministic
PB2_train_period_i_internal_val_test_batch2,three_class_with_air,LDA,train,,air,acetone,0,three_class_with_air|LDA|seed=deterministic
PB2_train_period_i_internal_val_test_batch2,three_class_with_air,LDA,train,,alcohol,air,0,three_class_with_air|LDA|seed=deterministic
PB2_train_period_i_internal_val_test_batch2,three_class_with_air,LDA,train,,alcohol,alcohol,12,three_class_with_air|LDA|seed=deterministic
PB2_train_period_i_internal_val_test_batch2,three_class_with_air,LDA,train,,alcohol,acetone,0,three_class_with_air|LDA|seed=deterministic
PB2_train_period_i_internal_val_test_batch2,three_class_with_air,LDA,train,,acetone,air,1,three_class_with_air|LDA|seed=deterministic
PB2_train_period_i_internal_val_test_batch2,three_class_with_air,LDA,train,,acetone,alcohol,2,three_class_with_air|LDA|seed=deterministic
PB2_train_period_i_internal_val_test_batch2,three_class_with_air,LDA,train,,acetone,acetone,9,three_class_with_air|LDA|seed=deterministic
PB2_train_period_i_internal_val_test_batch2,three_class_with_air,LDA,validation,,air,air,1,three_class_with_air|LDA|seed=deterministic
PB2_train_period_i_internal_val_test_batch2,three_class_with_air,LDA,validation,,air,alcohol,0,three_class_with_air|LDA|seed=deterministic
PB2_train_period_i_internal_val_test_batch2,three_class_with_air,LDA,validation,,air,acetone,0,three_class_with_air|LDA|seed=deterministic
PB2_train_period_i_internal_val_test_batch2,three_class_with_air,LDA,validation,,alcohol,air,0,three_class_with_air|LDA|seed=deterministic
PB2_train_period_i_internal_val_test_batch2,three_class_with_air,LDA,validation,,alcohol,alcohol,2,three_class_with_air|LDA|seed=deterministic
PB2_train_period_i_internal_val_test_batch2,three_class_with_air,LDA,validation,,alcohol,acetone,0,three_class_with_air|LDA|seed=deterministic
PB2_train_period_i_internal_val_test_batch2,three_class_with_air,LDA,validation,,acetone,air,0,three_class_with_air|LDA|seed=deterministic
PB2_train_period_i_internal_val_test_batch2,three_class_with_air,LDA,validation,,acetone,alcohol,1,three_class_with_air|LDA|seed=deterministic
PB2_train_period_i_internal_val_test_batch2,three_class_with_air,LDA,validation,,acetone,acetone,1,three_class_with_air|LDA|seed=deterministic
PB2_train_period_i_internal_val_test_batch2,three_class_with_air,LDA,test,,air,air,11,three_class_with_air|LDA|seed=deterministic
PB2_train_period_i_internal_val_test_batch2,three_class_with_air,LDA,test,,air,alcohol,7,three_class_with_air|LDA|seed=deterministic
PB2_train_period_i_internal_val_test_batch2,three_class_with_air,LDA,test,,air,acetone,0,three_class_with_air|LDA|seed=deterministic
PB2_train_period_i_internal_val_test_batch2,three_class_with_air,LDA,test,,alcohol,air,1,three_class_with_air|LDA|seed=deterministic
PB2_train_period_i_internal_val_test_batch2,three_class_with_air,LDA,test,,alcohol,alcohol,31,three_class_with_air|LDA|seed=deterministic
PB2_train_period_i_internal_val_test_batch2,three_class_with_air,LDA,test,,alcohol,acetone,1,three_class_with_air|LDA|seed=deterministic
PB2_train_period_i_internal_val_test_batch2,three_class_with_air,LDA,test,,acetone,air,9,three_class_with_air|LDA|seed=deterministic
PB2_train_period_i_internal_val_test_batch2,three_class_with_air,LDA,test,,acetone,alcohol,10,three_class_with_air|LDA|seed=deterministic
PB2_train_period_i_internal_val_test_batch2,three_class_with_air,LDA,test,,acetone,acetone,14,three_class_with_air|LDA|seed=deterministic
PB3_train_period_i_internal_val_test_batch3,three_class_with_air,LDA,train,,air,air,5,three_class_with_air|LDA|seed=deterministic
PB3_train_period_i_internal_val_test_batch3,three_class_with_air,LDA,train,,air,alcohol,1,three_class_with_air|LDA|seed=deterministic
PB3_train_period_i_internal_val_test_batch3,three_class_with_air,LDA,train,,air,acetone,0,three_class_with_air|LDA|seed=deterministic
PB3_train_period_i_internal_val_test_batch3,three_class_with_air,LDA,train,,alcohol,air,0,three_class_with_air|LDA|seed=deterministic
PB3_train_period_i_internal_val_test_batch3,three_class_with_air,LDA,train,,alcohol,alcohol,12,three_class_with_air|LDA|seed=deterministic
PB3_train_period_i_internal_val_test_batch3,three_class_with_air,LDA,train,,alcohol,acetone,0,three_class_with_air|LDA|seed=deterministic
PB3_train_period_i_internal_val_test_batch3,three_class_with_air,LDA,train,,acetone,air,1,three_class_with_air|LDA|seed=deterministic
PB3_train_period_i_internal_val_test_batch3,three_class_with_air,LDA,train,,acetone,alcohol,2,three_class_with_air|LDA|seed=deterministic
PB3_train_period_i_internal_val_test_batch3,three_class_with_air,LDA,train,,acetone,acetone,9,three_class_with_air|LDA|seed=deterministic
PB3_train_period_i_internal_val_test_batch3,three_class_with_air,LDA,validation,,air,air,1,three_class_with_air|LDA|seed=deterministic
PB3_train_period_i_internal_val_test_batch3,three_class_with_air,LDA,validation,,air,alcohol,0,three_class_with_air|LDA|seed=deterministic
PB3_train_period_i_internal_val_test_batch3,three_class_with_air,LDA,validation,,air,acetone,0,three_class_with_air|LDA|seed=deterministic
PB3_train_period_i_internal_val_test_batch3,three_class_with_air,LDA,validation,,alcohol,air,0,three_class_with_air|LDA|seed=deterministic
PB3_train_period_i_internal_val_test_batch3,three_class_with_air,LDA,validation,,alcohol,alcohol,2,three_class_with_air|LDA|seed=deterministic
PB3_train_period_i_internal_val_test_batch3,three_class_with_air,LDA,validation,,alcohol,acetone,0,three_class_with_air|LDA|seed=deterministic
PB3_train_period_i_internal_val_test_batch3,three_class_with_air,LDA,validation,,acetone,air,0,three_class_with_air|LDA|seed=deterministic
PB3_train_period_i_internal_val_test_batch3,three_class_with_air,LDA,validation,,acetone,alcohol,1,three_class_with_air|LDA|seed=deterministic
PB3_train_period_i_internal_val_test_batch3,three_class_with_air,LDA,validation,,acetone,acetone,1,three_class_with_air|LDA|seed=deterministic
PB3_train_period_i_internal_val_test_batch3,three_class_with_air,LDA,test,,air,air,22,three_class_with_air|LDA|seed=deterministic
PB3_train_period_i_internal_val_test_batch3,three_class_with_air,LDA,test,,air,alcohol,9,three_class_with_air|LDA|seed=deterministic
PB3_train_period_i_internal_val_test_batch3,three_class_with_air,LDA,test,,air,acetone,0,three_class_with_air|LDA|seed=deterministic
PB3_train_period_i_internal_val_test_batch3,three_class_with_air,LDA,test,,alcohol,air,1,three_class_with_air|LDA|seed=deterministic
PB3_train_period_i_internal_val_test_batch3,three_class_with_air,LDA,test,,alcohol,alcohol,24,three_class_with_air|LDA|seed=deterministic
PB3_train_period_i_internal_val_test_batch3,three_class_with_air,LDA,test,,alcohol,acetone,0,three_class_with_air|LDA|seed=deterministic
PB3_train_period_i_internal_val_test_batch3,three_class_with_air,LDA,test,,acetone,air,4,three_class_with_air|LDA|seed=deterministic
PB3_train_period_i_internal_val_test_batch3,three_class_with_air,LDA,test,,acetone,alcohol,13,three_class_with_air|LDA|seed=deterministic
PB3_train_period_i_internal_val_test_batch3,three_class_with_air,LDA,test,,acetone,acetone,8,three_class_with_air|LDA|seed=deterministic
PB4_train_period_i_internal_val_test_batch4,three_class_with_air,LDA,train,,air,air,5,three_class_with_air|LDA|seed=deterministic
PB4_train_period_i_internal_val_test_batch4,three_class_with_air,LDA,train,,air,alcohol,1,three_class_with_air|LDA|seed=deterministic
PB4_train_period_i_internal_val_test_batch4,three_class_with_air,LDA,train,,air,acetone,0,three_class_with_air|LDA|seed=deterministic
PB4_train_period_i_internal_val_test_batch4,three_class_with_air,LDA,train,,alcohol,air,0,three_class_with_air|LDA|seed=deterministic
PB4_train_period_i_internal_val_test_batch4,three_class_with_air,LDA,train,,alcohol,alcohol,12,three_class_with_air|LDA|seed=deterministic
PB4_train_period_i_internal_val_test_batch4,three_class_with_air,LDA,train,,alcohol,acetone,0,three_class_with_air|LDA|seed=deterministic
PB4_train_period_i_internal_val_test_batch4,three_class_with_air,LDA,train,,acetone,air,1,three_class_with_air|LDA|seed=deterministic
PB4_train_period_i_internal_val_test_batch4,three_class_with_air,LDA,train,,acetone,alcohol,2,three_class_with_air|LDA|seed=deterministic
PB4_train_period_i_internal_val_test_batch4,three_class_with_air,LDA,train,,acetone,acetone,9,three_class_with_air|LDA|seed=deterministic
PB4_train_period_i_internal_val_test_batch4,three_class_with_air,LDA,validation,,air,air,1,three_class_with_air|LDA|seed=deterministic
PB4_train_period_i_internal_val_test_batch4,three_class_with_air,LDA,validation,,air,alcohol,0,three_class_with_air|LDA|seed=deterministic
PB4_train_period_i_internal_val_test_batch4,three_class_with_air,LDA,validation,,air,acetone,0,three_class_with_air|LDA|seed=deterministic
PB4_train_period_i_internal_val_test_batch4,three_class_with_air,LDA,validation,,alcohol,air,0,three_class_with_air|LDA|seed=deterministic
PB4_train_period_i_internal_val_test_batch4,three_class_with_air,LDA,validation,,alcohol,alcohol,2,three_class_with_air|LDA|seed=deterministic
PB4_train_period_i_internal_val_test_batch4,three_class_with_air,LDA,validation,,alcohol,acetone,0,three_class_with_air|LDA|seed=deterministic
PB4_train_period_i_internal_val_test_batch4,three_class_with_air,LDA,validation,,acetone,air,0,three_class_with_air|LDA|seed=deterministic
PB4_train_period_i_internal_val_test_batch4,three_class_with_air,LDA,validation,,acetone,alcohol,1,three_class_with_air|LDA|seed=deterministic
PB4_train_period_i_internal_val_test_batch4,three_class_with_air,LDA,validation,,acetone,acetone,1,three_class_with_air|LDA|seed=deterministic
PB4_train_period_i_internal_val_test_batch4,three_class_with_air,LDA,test,,air,air,11,three_class_with_air|LDA|seed=deterministic
PB4_train_period_i_internal_val_test_batch4,three_class_with_air,LDA,test,,air,alcohol,3,three_class_with_air|LDA|seed=deterministic
PB4_train_period_i_internal_val_test_batch4,three_class_with_air,LDA,test,,air,acetone,0,three_class_with_air|LDA|seed=deterministic
PB4_train_period_i_internal_val_test_batch4,three_class_with_air,LDA,test,,alcohol,air,0,three_class_with_air|LDA|seed=deterministic
PB4_train_period_i_internal_val_test_batch4,three_class_with_air,LDA,test,,alcohol,alcohol,16,three_class_with_air|LDA|seed=deterministic
PB4_train_period_i_internal_val_test_batch4,three_class_with_air,LDA,test,,alcohol,acetone,0,three_class_with_air|LDA|seed=deterministic
PB4_train_period_i_internal_val_test_batch4,three_class_with_air,LDA,test,,acetone,air,0,three_class_with_air|LDA|seed=deterministic
PB4_train_period_i_internal_val_test_batch4,three_class_with_air,LDA,test,,acetone,alcohol,1,three_class_with_air|LDA|seed=deterministic
PB4_train_period_i_internal_val_test_batch4,three_class_with_air,LDA,test,,acetone,acetone,15,three_class_with_air|LDA|seed=deterministic
PB5_train_period_i_internal_val_test_batch5,three_class_with_air,LDA,train,,air,air,5,three_class_with_air|LDA|seed=deterministic
PB5_train_period_i_internal_val_test_batch5,three_class_with_air,LDA,train,,air,alcohol,1,three_class_with_air|LDA|seed=deterministic
PB5_train_period_i_internal_val_test_batch5,three_class_with_air,LDA,train,,air,acetone,0,three_class_with_air|LDA|seed=deterministic
PB5_train_period_i_internal_val_test_batch5,three_class_with_air,LDA,train,,alcohol,air,0,three_class_with_air|LDA|seed=deterministic
PB5_train_period_i_internal_val_test_batch5,three_class_with_air,LDA,train,,alcohol,alcohol,12,three_class_with_air|LDA|seed=deterministic
PB5_train_period_i_internal_val_test_batch5,three_class_with_air,LDA,train,,alcohol,acetone,0,three_class_with_air|LDA|seed=deterministic
PB5_train_period_i_internal_val_test_batch5,three_class_with_air,LDA,train,,acetone,air,1,three_class_with_air|LDA|seed=deterministic
PB5_train_period_i_internal_val_test_batch5,three_class_with_air,LDA,train,,acetone,alcohol,2,three_class_with_air|LDA|seed=deterministic
PB5_train_period_i_internal_val_test_batch5,three_class_with_air,LDA,train,,acetone,acetone,9,three_class_with_air|LDA|seed=deterministic
PB5_train_period_i_internal_val_test_batch5,three_class_with_air,LDA,validation,,air,air,1,three_class_with_air|LDA|seed=deterministic
PB5_train_period_i_internal_val_test_batch5,three_class_with_air,LDA,validation,,air,alcohol,0,three_class_with_air|LDA|seed=deterministic
PB5_train_period_i_internal_val_test_batch5,three_class_with_air,LDA,validation,,air,acetone,0,three_class_with_air|LDA|seed=deterministic
PB5_train_period_i_internal_val_test_batch5,three_class_with_air,LDA,validation,,alcohol,air,0,three_class_with_air|LDA|seed=deterministic
PB5_train_period_i_internal_val_test_batch5,three_class_with_air,LDA,validation,,alcohol,alcohol,2,three_class_with_air|LDA|seed=deterministic
PB5_train_period_i_internal_val_test_batch5,three_class_with_air,LDA,validation,,alcohol,acetone,0,three_class_with_air|LDA|seed=deterministic
PB5_train_period_i_internal_val_test_batch5,three_class_with_air,LDA,validation,,acetone,air,0,three_class_with_air|LDA|seed=deterministic
PB5_train_period_i_internal_val_test_batch5,three_class_with_air,LDA,validation,,acetone,alcohol,1,three_class_with_air|LDA|seed=deterministic
PB5_train_period_i_internal_val_test_batch5,three_class_with_air,LDA,validation,,acetone,acetone,1,three_class_with_air|LDA|seed=deterministic
PB5_train_period_i_internal_val_test_batch5,three_class_with_air,LDA,test,,air,air,7,three_class_with_air|LDA|seed=deterministic
PB5_train_period_i_internal_val_test_batch5,three_class_with_air,LDA,test,,air,alcohol,3,three_class_with_air|LDA|seed=deterministic
PB5_train_period_i_internal_val_test_batch5,three_class_with_air,LDA,test,,air,acetone,0,three_class_with_air|LDA|seed=deterministic
PB5_train_period_i_internal_val_test_batch5,three_class_with_air,LDA,test,,alcohol,air,0,three_class_with_air|LDA|seed=deterministic
PB5_train_period_i_internal_val_test_batch5,three_class_with_air,LDA,test,,alcohol,alcohol,12,three_class_with_air|LDA|seed=deterministic
PB5_train_period_i_internal_val_test_batch5,three_class_with_air,LDA,test,,alcohol,acetone,0,three_class_with_air|LDA|seed=deterministic
PB5_train_period_i_internal_val_test_batch5,three_class_with_air,LDA,test,,acetone,air,1,three_class_with_air|LDA|seed=deterministic
PB5_train_period_i_internal_val_test_batch5,three_class_with_air,LDA,test,,acetone,alcohol,3,three_class_with_air|LDA|seed=deterministic
PB5_train_period_i_internal_val_test_batch5,three_class_with_air,LDA,test,,acetone,acetone,8,three_class_with_air|LDA|seed=deterministic
PB1_train_period_i_internal_val_test_batch1,three_class_with_air,Logistic Regression,train,,air,air,6,three_class_with_air|Logistic Regression|seed=deterministic
PB1_train_period_i_internal_val_test_batch1,three_class_with_air,Logistic Regression,train,,air,alcohol,0,three_class_with_air|Logistic Regression|seed=deterministic
PB1_train_period_i_internal_val_test_batch1,three_class_with_air,Logistic Regression,train,,air,acetone,0,three_class_with_air|Logistic Regression|seed=deterministic
PB1_train_period_i_internal_val_test_batch1,three_class_with_air,Logistic Regression,train,,alcohol,air,0,three_class_with_air|Logistic Regression|seed=deterministic
PB1_train_period_i_internal_val_test_batch1,three_class_with_air,Logistic Regression,train,,alcohol,alcohol,12,three_class_with_air|Logistic Regression|seed=deterministic
PB1_train_period_i_internal_val_test_batch1,three_class_with_air,Logistic Regression,train,,alcohol,acetone,0,three_class_with_air|Logistic Regression|seed=deterministic
PB1_train_period_i_internal_val_test_batch1,three_class_with_air,Logistic Regression,train,,acetone,air,0,three_class_with_air|Logistic Regression|seed=deterministic
PB1_train_period_i_internal_val_test_batch1,three_class_with_air,Logistic Regression,train,,acetone,alcohol,0,three_class_with_air|Logistic Regression|seed=deterministic
PB1_train_period_i_internal_val_test_batch1,three_class_with_air,Logistic Regression,train,,acetone,acetone,12,three_class_with_air|Logistic Regression|seed=deterministic
PB1_train_period_i_internal_val_test_batch1,three_class_with_air,Logistic Regression,validation,,air,air,1,three_class_with_air|Logistic Regression|seed=deterministic
PB1_train_period_i_internal_val_test_batch1,three_class_with_air,Logistic Regression,validation,,air,alcohol,0,three_class_with_air|Logistic Regression|seed=deterministic
PB1_train_period_i_internal_val_test_batch1,three_class_with_air,Logistic Regression,validation,,air,acetone,0,three_class_with_air|Logistic Regression|seed=deterministic
PB1_train_period_i_internal_val_test_batch1,three_class_with_air,Logistic Regression,validation,,alcohol,air,0,three_class_with_air|Logistic Regression|seed=deterministic
PB1_train_period_i_internal_val_test_batch1,three_class_with_air,Logistic Regression,validation,,alcohol,alcohol,2,three_class_with_air|Logistic Regression|seed=deterministic
PB1_train_period_i_internal_val_test_batch1,three_class_with_air,Logistic Regression,validation,,alcohol,acetone,0,three_class_with_air|Logistic Regression|seed=deterministic
PB1_train_period_i_internal_val_test_batch1,three_class_with_air,Logistic Regression,validation,,acetone,air,0,three_class_with_air|Logistic Regression|seed=deterministic
PB1_train_period_i_internal_val_test_batch1,three_class_with_air,Logistic Regression,validation,,acetone,alcohol,0,three_class_with_air|Logistic Regression|seed=deterministic
PB1_train_period_i_internal_val_test_batch1,three_class_with_air,Logistic Regression,validation,,acetone,acetone,2,three_class_with_air|Logistic Regression|seed=deterministic
PB1_train_period_i_internal_val_test_batch1,three_class_with_air,Logistic Regression,test,,air,air,6,three_class_with_air|Logistic Regression|seed=deterministic
PB1_train_period_i_internal_val_test_batch1,three_class_with_air,Logistic Regression,test,,air,alcohol,2,three_class_with_air|Logistic Regression|seed=deterministic
PB1_train_period_i_internal_val_test_batch1,three_class_with_air,Logistic Regression,test,,air,acetone,0,three_class_with_air|Logistic Regression|seed=deterministic
PB1_train_period_i_internal_val_test_batch1,three_class_with_air,Logistic Regression,test,,alcohol,air,0,three_class_with_air|Logistic Regression|seed=deterministic
PB1_train_period_i_internal_val_test_batch1,three_class_with_air,Logistic Regression,test,,alcohol,alcohol,10,three_class_with_air|Logistic Regression|seed=deterministic
PB1_train_period_i_internal_val_test_batch1,three_class_with_air,Logistic Regression,test,,alcohol,acetone,0,three_class_with_air|Logistic Regression|seed=deterministic
PB1_train_period_i_internal_val_test_batch1,three_class_with_air,Logistic Regression,test,,acetone,air,0,three_class_with_air|Logistic Regression|seed=deterministic
PB1_train_period_i_internal_val_test_batch1,three_class_with_air,Logistic Regression,test,,acetone,alcohol,1,three_class_with_air|Logistic Regression|seed=deterministic
PB1_train_period_i_internal_val_test_batch1,three_class_with_air,Logistic Regression,test,,acetone,acetone,9,three_class_with_air|Logistic Regression|seed=deterministic
PB2_train_period_i_internal_val_test_batch2,three_class_with_air,Logistic Regression,train,,air,air,6,three_class_with_air|Logistic Regression|seed=deterministic
PB2_train_period_i_internal_val_test_batch2,three_class_with_air,Logistic Regression,train,,air,alcohol,0,three_class_with_air|Logistic Regression|seed=deterministic
PB2_train_period_i_internal_val_test_batch2,three_class_with_air,Logistic Regression,train,,air,acetone,0,three_class_with_air|Logistic Regression|seed=deterministic
PB2_train_period_i_internal_val_test_batch2,three_class_with_air,Logistic Regression,train,,alcohol,air,0,three_class_with_air|Logistic Regression|seed=deterministic
PB2_train_period_i_internal_val_test_batch2,three_class_with_air,Logistic Regression,train,,alcohol,alcohol,12,three_class_with_air|Logistic Regression|seed=deterministic
PB2_train_period_i_internal_val_test_batch2,three_class_with_air,Logistic Regression,train,,alcohol,acetone,0,three_class_with_air|Logistic Regression|seed=deterministic
PB2_train_period_i_internal_val_test_batch2,three_class_with_air,Logistic Regression,train,,acetone,air,0,three_class_with_air|Logistic Regression|seed=deterministic
PB2_train_period_i_internal_val_test_batch2,three_class_with_air,Logistic Regression,train,,acetone,alcohol,0,three_class_with_air|Logistic Regression|seed=deterministic
PB2_train_period_i_internal_val_test_batch2,three_class_with_air,Logistic Regression,train,,acetone,acetone,12,three_class_with_air|Logistic Regression|seed=deterministic
PB2_train_period_i_internal_val_test_batch2,three_class_with_air,Logistic Regression,validation,,air,air,1,three_class_with_air|Logistic Regression|seed=deterministic
PB2_train_period_i_internal_val_test_batch2,three_class_with_air,Logistic Regression,validation,,air,alcohol,0,three_class_with_air|Logistic Regression|seed=deterministic
PB2_train_period_i_internal_val_test_batch2,three_class_with_air,Logistic Regression,validation,,air,acetone,0,three_class_with_air|Logistic Regression|seed=deterministic
PB2_train_period_i_internal_val_test_batch2,three_class_with_air,Logistic Regression,validation,,alcohol,air,0,three_class_with_air|Logistic Regression|seed=deterministic
PB2_train_period_i_internal_val_test_batch2,three_class_with_air,Logistic Regression,validation,,alcohol,alcohol,2,three_class_with_air|Logistic Regression|seed=deterministic
PB2_train_period_i_internal_val_test_batch2,three_class_with_air,Logistic Regression,validation,,alcohol,acetone,0,three_class_with_air|Logistic Regression|seed=deterministic
PB2_train_period_i_internal_val_test_batch2,three_class_with_air,Logistic Regression,validation,,acetone,air,0,three_class_with_air|Logistic Regression|seed=deterministic
PB2_train_period_i_internal_val_test_batch2,three_class_with_air,Logistic Regression,validation,,acetone,alcohol,0,three_class_with_air|Logistic Regression|seed=deterministic
PB2_train_period_i_internal_val_test_batch2,three_class_with_air,Logistic Regression,validation,,acetone,acetone,2,three_class_with_air|Logistic Regression|seed=deterministic
PB2_train_period_i_internal_val_test_batch2,three_class_with_air,Logistic Regression,test,,air,air,16,three_class_with_air|Logistic Regression|seed=deterministic
PB2_train_period_i_internal_val_test_batch2,three_class_with_air,Logistic Regression,test,,air,alcohol,2,three_class_with_air|Logistic Regression|seed=deterministic
PB2_train_period_i_internal_val_test_batch2,three_class_with_air,Logistic Regression,test,,air,acetone,0,three_class_with_air|Logistic Regression|seed=deterministic
PB2_train_period_i_internal_val_test_batch2,three_class_with_air,Logistic Regression,test,,alcohol,air,0,three_class_with_air|Logistic Regression|seed=deterministic
PB2_train_period_i_internal_val_test_batch2,three_class_with_air,Logistic Regression,test,,alcohol,alcohol,33,three_class_with_air|Logistic Regression|seed=deterministic
PB2_train_period_i_internal_val_test_batch2,three_class_with_air,Logistic Regression,test,,alcohol,acetone,0,three_class_with_air|Logistic Regression|seed=deterministic
PB2_train_period_i_internal_val_test_batch2,three_class_with_air,Logistic Regression,test,,acetone,air,0,three_class_with_air|Logistic Regression|seed=deterministic
PB2_train_period_i_internal_val_test_batch2,three_class_with_air,Logistic Regression,test,,acetone,alcohol,15,three_class_with_air|Logistic Regression|seed=deterministic
PB2_train_period_i_internal_val_test_batch2,three_class_with_air,Logistic Regression,test,,acetone,acetone,18,three_class_with_air|Logistic Regression|seed=deterministic
PB3_train_period_i_internal_val_test_batch3,three_class_with_air,Logistic Regression,train,,air,air,6,three_class_with_air|Logistic Regression|seed=deterministic
PB3_train_period_i_internal_val_test_batch3,three_class_with_air,Logistic Regression,train,,air,alcohol,0,three_class_with_air|Logistic Regression|seed=deterministic
PB3_train_period_i_internal_val_test_batch3,three_class_with_air,Logistic Regression,train,,air,acetone,0,three_class_with_air|Logistic Regression|seed=deterministic
PB3_train_period_i_internal_val_test_batch3,three_class_with_air,Logistic Regression,train,,alcohol,air,0,three_class_with_air|Logistic Regression|seed=deterministic
PB3_train_period_i_internal_val_test_batch3,three_class_with_air,Logistic Regression,train,,alcohol,alcohol,12,three_class_with_air|Logistic Regression|seed=deterministic
PB3_train_period_i_internal_val_test_batch3,three_class_with_air,Logistic Regression,train,,alcohol,acetone,0,three_class_with_air|Logistic Regression|seed=deterministic
PB3_train_period_i_internal_val_test_batch3,three_class_with_air,Logistic Regression,train,,acetone,air,0,three_class_with_air|Logistic Regression|seed=deterministic
PB3_train_period_i_internal_val_test_batch3,three_class_with_air,Logistic Regression,train,,acetone,alcohol,0,three_class_with_air|Logistic Regression|seed=deterministic
PB3_train_period_i_internal_val_test_batch3,three_class_with_air,Logistic Regression,train,,acetone,acetone,12,three_class_with_air|Logistic Regression|seed=deterministic
PB3_train_period_i_internal_val_test_batch3,three_class_with_air,Logistic Regression,validation,,air,air,1,three_class_with_air|Logistic Regression|seed=deterministic
PB3_train_period_i_internal_val_test_batch3,three_class_with_air,Logistic Regression,validation,,air,alcohol,0,three_class_with_air|Logistic Regression|seed=deterministic
PB3_train_period_i_internal_val_test_batch3,three_class_with_air,Logistic Regression,validation,,air,acetone,0,three_class_with_air|Logistic Regression|seed=deterministic
PB3_train_period_i_internal_val_test_batch3,three_class_with_air,Logistic Regression,validation,,alcohol,air,0,three_class_with_air|Logistic Regression|seed=deterministic
PB3_train_period_i_internal_val_test_batch3,three_class_with_air,Logistic Regression,validation,,alcohol,alcohol,2,three_class_with_air|Logistic Regression|seed=deterministic
PB3_train_period_i_internal_val_test_batch3,three_class_with_air,Logistic Regression,validation,,alcohol,acetone,0,three_class_with_air|Logistic Regression|seed=deterministic
PB3_train_period_i_internal_val_test_batch3,three_class_with_air,Logistic Regression,validation,,acetone,air,0,three_class_with_air|Logistic Regression|seed=deterministic
PB3_train_period_i_internal_val_test_batch3,three_class_with_air,Logistic Regression,validation,,acetone,alcohol,0,three_class_with_air|Logistic Regression|seed=deterministic
PB3_train_period_i_internal_val_test_batch3,three_class_with_air,Logistic Regression,validation,,acetone,acetone,2,three_class_with_air|Logistic Regression|seed=deterministic
PB3_train_period_i_internal_val_test_batch3,three_class_with_air,Logistic Regression,test,,air,air,24,three_class_with_air|Logistic Regression|seed=deterministic
PB3_train_period_i_internal_val_test_batch3,three_class_with_air,Logistic Regression,test,,air,alcohol,7,three_class_with_air|Logistic Regression|seed=deterministic
PB3_train_period_i_internal_val_test_batch3,three_class_with_air,Logistic Regression,test,,air,acetone,0,three_class_with_air|Logistic Regression|seed=deterministic
PB3_train_period_i_internal_val_test_batch3,three_class_with_air,Logistic Regression,test,,alcohol,air,0,three_class_with_air|Logistic Regression|seed=deterministic
PB3_train_period_i_internal_val_test_batch3,three_class_with_air,Logistic Regression,test,,alcohol,alcohol,24,three_class_with_air|Logistic Regression|seed=deterministic
PB3_train_period_i_internal_val_test_batch3,three_class_with_air,Logistic Regression,test,,alcohol,acetone,1,three_class_with_air|Logistic Regression|seed=deterministic
PB3_train_period_i_internal_val_test_batch3,three_class_with_air,Logistic Regression,test,,acetone,air,0,three_class_with_air|Logistic Regression|seed=deterministic
PB3_train_period_i_internal_val_test_batch3,three_class_with_air,Logistic Regression,test,,acetone,alcohol,14,three_class_with_air|Logistic Regression|seed=deterministic
PB3_train_period_i_internal_val_test_batch3,three_class_with_air,Logistic Regression,test,,acetone,acetone,11,three_class_with_air|Logistic Regression|seed=deterministic
PB4_train_period_i_internal_val_test_batch4,three_class_with_air,Logistic Regression,train,,air,air,6,three_class_with_air|Logistic Regression|seed=deterministic
PB4_train_period_i_internal_val_test_batch4,three_class_with_air,Logistic Regression,train,,air,alcohol,0,three_class_with_air|Logistic Regression|seed=deterministic
PB4_train_period_i_internal_val_test_batch4,three_class_with_air,Logistic Regression,train,,air,acetone,0,three_class_with_air|Logistic Regression|seed=deterministic
PB4_train_period_i_internal_val_test_batch4,three_class_with_air,Logistic Regression,train,,alcohol,air,0,three_class_with_air|Logistic Regression|seed=deterministic
PB4_train_period_i_internal_val_test_batch4,three_class_with_air,Logistic Regression,train,,alcohol,alcohol,12,three_class_with_air|Logistic Regression|seed=deterministic
PB4_train_period_i_internal_val_test_batch4,three_class_with_air,Logistic Regression,train,,alcohol,acetone,0,three_class_with_air|Logistic Regression|seed=deterministic
PB4_train_period_i_internal_val_test_batch4,three_class_with_air,Logistic Regression,train,,acetone,air,0,three_class_with_air|Logistic Regression|seed=deterministic
PB4_train_period_i_internal_val_test_batch4,three_class_with_air,Logistic Regression,train,,acetone,alcohol,0,three_class_with_air|Logistic Regression|seed=deterministic
PB4_train_period_i_internal_val_test_batch4,three_class_with_air,Logistic Regression,train,,acetone,acetone,12,three_class_with_air|Logistic Regression|seed=deterministic
PB4_train_period_i_internal_val_test_batch4,three_class_with_air,Logistic Regression,validation,,air,air,1,three_class_with_air|Logistic Regression|seed=deterministic
PB4_train_period_i_internal_val_test_batch4,three_class_with_air,Logistic Regression,validation,,air,alcohol,0,three_class_with_air|Logistic Regression|seed=deterministic
PB4_train_period_i_internal_val_test_batch4,three_class_with_air,Logistic Regression,validation,,air,acetone,0,three_class_with_air|Logistic Regression|seed=deterministic
PB4_train_period_i_internal_val_test_batch4,three_class_with_air,Logistic Regression,validation,,alcohol,air,0,three_class_with_air|Logistic Regression|seed=deterministic
PB4_train_period_i_internal_val_test_batch4,three_class_with_air,Logistic Regression,validation,,alcohol,alcohol,2,three_class_with_air|Logistic Regression|seed=deterministic
PB4_train_period_i_internal_val_test_batch4,three_class_with_air,Logistic Regression,validation,,alcohol,acetone,0,three_class_with_air|Logistic Regression|seed=deterministic
PB4_train_period_i_internal_val_test_batch4,three_class_with_air,Logistic Regression,validation,,acetone,air,0,three_class_with_air|Logistic Regression|seed=deterministic
PB4_train_period_i_internal_val_test_batch4,three_class_with_air,Logistic Regression,validation,,acetone,alcohol,0,three_class_with_air|Logistic Regression|seed=deterministic
PB4_train_period_i_internal_val_test_batch4,three_class_with_air,Logistic Regression,validation,,acetone,acetone,2,three_class_with_air|Logistic Regression|seed=deterministic
PB4_train_period_i_internal_val_test_batch4,three_class_with_air,Logistic Regression,test,,air,air,11,three_class_with_air|Logistic Regression|seed=deterministic
PB4_train_period_i_internal_val_test_batch4,three_class_with_air,Logistic Regression,test,,air,alcohol,3,three_class_with_air|Logistic Regression|seed=deterministic
PB4_train_period_i_internal_val_test_batch4,three_class_with_air,Logistic Regression,test,,air,acetone,0,three_class_with_air|Logistic Regression|seed=deterministic
PB4_train_period_i_internal_val_test_batch4,three_class_with_air,Logistic Regression,test,,alcohol,air,0,three_class_with_air|Logistic Regression|seed=deterministic
PB4_train_period_i_internal_val_test_batch4,three_class_with_air,Logistic Regression,test,,alcohol,alcohol,16,three_class_with_air|Logistic Regression|seed=deterministic
PB4_train_period_i_internal_val_test_batch4,three_class_with_air,Logistic Regression,test,,alcohol,acetone,0,three_class_with_air|Logistic Regression|seed=deterministic
PB4_train_period_i_internal_val_test_batch4,three_class_with_air,Logistic Regression,test,,acetone,air,0,three_class_with_air|Logistic Regression|seed=deterministic
PB4_train_period_i_internal_val_test_batch4,three_class_with_air,Logistic Regression,test,,acetone,alcohol,2,three_class_with_air|Logistic Regression|seed=deterministic
PB4_train_period_i_internal_val_test_batch4,three_class_with_air,Logistic Regression,test,,acetone,acetone,14,three_class_with_air|Logistic Regression|seed=deterministic
PB5_train_period_i_internal_val_test_batch5,three_class_with_air,Logistic Regression,train,,air,air,6,three_class_with_air|Logistic Regression|seed=deterministic
PB5_train_period_i_internal_val_test_batch5,three_class_with_air,Logistic Regression,train,,air,alcohol,0,three_class_with_air|Logistic Regression|seed=deterministic
PB5_train_period_i_internal_val_test_batch5,three_class_with_air,Logistic Regression,train,,air,acetone,0,three_class_with_air|Logistic Regression|seed=deterministic
PB5_train_period_i_internal_val_test_batch5,three_class_with_air,Logistic Regression,train,,alcohol,air,0,three_class_with_air|Logistic Regression|seed=deterministic
PB5_train_period_i_internal_val_test_batch5,three_class_with_air,Logistic Regression,train,,alcohol,alcohol,12,three_class_with_air|Logistic Regression|seed=deterministic
PB5_train_period_i_internal_val_test_batch5,three_class_with_air,Logistic Regression,train,,alcohol,acetone,0,three_class_with_air|Logistic Regression|seed=deterministic
PB5_train_period_i_internal_val_test_batch5,three_class_with_air,Logistic Regression,train,,acetone,air,0,three_class_with_air|Logistic Regression|seed=deterministic
PB5_train_period_i_internal_val_test_batch5,three_class_with_air,Logistic Regression,train,,acetone,alcohol,0,three_class_with_air|Logistic Regression|seed=deterministic
PB5_train_period_i_internal_val_test_batch5,three_class_with_air,Logistic Regression,train,,acetone,acetone,12,three_class_with_air|Logistic Regression|seed=deterministic
PB5_train_period_i_internal_val_test_batch5,three_class_with_air,Logistic Regression,validation,,air,air,1,three_class_with_air|Logistic Regression|seed=deterministic
PB5_train_period_i_internal_val_test_batch5,three_class_with_air,Logistic Regression,validation,,air,alcohol,0,three_class_with_air|Logistic Regression|seed=deterministic
PB5_train_period_i_internal_val_test_batch5,three_class_with_air,Logistic Regression,validation,,air,acetone,0,three_class_with_air|Logistic Regression|seed=deterministic
PB5_train_period_i_internal_val_test_batch5,three_class_with_air,Logistic Regression,validation,,alcohol,air,0,three_class_with_air|Logistic Regression|seed=deterministic
PB5_train_period_i_internal_val_test_batch5,three_class_with_air,Logistic Regression,validation,,alcohol,alcohol,2,three_class_with_air|Logistic Regression|seed=deterministic
PB5_train_period_i_internal_val_test_batch5,three_class_with_air,Logistic Regression,validation,,alcohol,acetone,0,three_class_with_air|Logistic Regression|seed=deterministic
PB5_train_period_i_internal_val_test_batch5,three_class_with_air,Logistic Regression,validation,,acetone,air,0,three_class_with_air|Logistic Regression|seed=deterministic
PB5_train_period_i_internal_val_test_batch5,three_class_with_air,Logistic Regression,validation,,acetone,alcohol,0,three_class_with_air|Logistic Regression|seed=deterministic
PB5_train_period_i_internal_val_test_batch5,three_class_with_air,Logistic Regression,validation,,acetone,acetone,2,three_class_with_air|Logistic Regression|seed=deterministic
PB5_train_period_i_internal_val_test_batch5,three_class_with_air,Logistic Regression,test,,air,air,9,three_class_with_air|Logistic Regression|seed=deterministic
PB5_train_period_i_internal_val_test_batch5,three_class_with_air,Logistic Regression,test,,air,alcohol,1,three_class_with_air|Logistic Regression|seed=deterministic
PB5_train_period_i_internal_val_test_batch5,three_class_with_air,Logistic Regression,test,,air,acetone,0,three_class_with_air|Logistic Regression|seed=deterministic
PB5_train_period_i_internal_val_test_batch5,three_class_with_air,Logistic Regression,test,,alcohol,air,0,three_class_with_air|Logistic Regression|seed=deterministic
PB5_train_period_i_internal_val_test_batch5,three_class_with_air,Logistic Regression,test,,alcohol,alcohol,12,three_class_with_air|Logistic Regression|seed=deterministic
PB5_train_period_i_internal_val_test_batch5,three_class_with_air,Logistic Regression,test,,alcohol,acetone,0,three_class_with_air|Logistic Regression|seed=deterministic
PB5_train_period_i_internal_val_test_batch5,three_class_with_air,Logistic Regression,test,,acetone,air,0,three_class_with_air|Logistic Regression|seed=deterministic
PB5_train_period_i_internal_val_test_batch5,three_class_with_air,Logistic Regression,test,,acetone,alcohol,2,three_class_with_air|Logistic Regression|seed=deterministic
PB5_train_period_i_internal_val_test_batch5,three_class_with_air,Logistic Regression,test,,acetone,acetone,10,three_class_with_air|Logistic Regression|seed=deterministic
PB1_train_period_i_internal_val_test_batch1,three_class_with_air,kNN,train,,air,air,6,three_class_with_air|kNN|seed=deterministic
PB1_train_period_i_internal_val_test_batch1,three_class_with_air,kNN,train,,air,alcohol,0,three_class_with_air|kNN|seed=deterministic
PB1_train_period_i_internal_val_test_batch1,three_class_with_air,kNN,train,,air,acetone,0,three_class_with_air|kNN|seed=deterministic
PB1_train_period_i_internal_val_test_batch1,three_class_with_air,kNN,train,,alcohol,air,0,three_class_with_air|kNN|seed=deterministic
PB1_train_period_i_internal_val_test_batch1,three_class_with_air,kNN,train,,alcohol,alcohol,12,three_class_with_air|kNN|seed=deterministic
PB1_train_period_i_internal_val_test_batch1,three_class_with_air,kNN,train,,alcohol,acetone,0,three_class_with_air|kNN|seed=deterministic
PB1_train_period_i_internal_val_test_batch1,three_class_with_air,kNN,train,,acetone,air,0,three_class_with_air|kNN|seed=deterministic
PB1_train_period_i_internal_val_test_batch1,three_class_with_air,kNN,train,,acetone,alcohol,0,three_class_with_air|kNN|seed=deterministic
PB1_train_period_i_internal_val_test_batch1,three_class_with_air,kNN,train,,acetone,acetone,12,three_class_with_air|kNN|seed=deterministic
PB1_train_period_i_internal_val_test_batch1,three_class_with_air,kNN,validation,,air,air,1,three_class_with_air|kNN|seed=deterministic
PB1_train_period_i_internal_val_test_batch1,three_class_with_air,kNN,validation,,air,alcohol,0,three_class_with_air|kNN|seed=deterministic
PB1_train_period_i_internal_val_test_batch1,three_class_with_air,kNN,validation,,air,acetone,0,three_class_with_air|kNN|seed=deterministic
PB1_train_period_i_internal_val_test_batch1,three_class_with_air,kNN,validation,,alcohol,air,0,three_class_with_air|kNN|seed=deterministic
PB1_train_period_i_internal_val_test_batch1,three_class_with_air,kNN,validation,,alcohol,alcohol,1,three_class_with_air|kNN|seed=deterministic
PB1_train_period_i_internal_val_test_batch1,three_class_with_air,kNN,validation,,alcohol,acetone,1,three_class_with_air|kNN|seed=deterministic
PB1_train_period_i_internal_val_test_batch1,three_class_with_air,kNN,validation,,acetone,air,0,three_class_with_air|kNN|seed=deterministic
PB1_train_period_i_internal_val_test_batch1,three_class_with_air,kNN,validation,,acetone,alcohol,0,three_class_with_air|kNN|seed=deterministic
PB1_train_period_i_internal_val_test_batch1,three_class_with_air,kNN,validation,,acetone,acetone,2,three_class_with_air|kNN|seed=deterministic
PB1_train_period_i_internal_val_test_batch1,three_class_with_air,kNN,test,,air,air,6,three_class_with_air|kNN|seed=deterministic
PB1_train_period_i_internal_val_test_batch1,three_class_with_air,kNN,test,,air,alcohol,0,three_class_with_air|kNN|seed=deterministic
PB1_train_period_i_internal_val_test_batch1,three_class_with_air,kNN,test,,air,acetone,2,three_class_with_air|kNN|seed=deterministic
PB1_train_period_i_internal_val_test_batch1,three_class_with_air,kNN,test,,alcohol,air,0,three_class_with_air|kNN|seed=deterministic
PB1_train_period_i_internal_val_test_batch1,three_class_with_air,kNN,test,,alcohol,alcohol,5,three_class_with_air|kNN|seed=deterministic
PB1_train_period_i_internal_val_test_batch1,three_class_with_air,kNN,test,,alcohol,acetone,5,three_class_with_air|kNN|seed=deterministic
PB1_train_period_i_internal_val_test_batch1,three_class_with_air,kNN,test,,acetone,air,0,three_class_with_air|kNN|seed=deterministic
PB1_train_period_i_internal_val_test_batch1,three_class_with_air,kNN,test,,acetone,alcohol,0,three_class_with_air|kNN|seed=deterministic
PB1_train_period_i_internal_val_test_batch1,three_class_with_air,kNN,test,,acetone,acetone,10,three_class_with_air|kNN|seed=deterministic
PB2_train_period_i_internal_val_test_batch2,three_class_with_air,kNN,train,,air,air,6,three_class_with_air|kNN|seed=deterministic
PB2_train_period_i_internal_val_test_batch2,three_class_with_air,kNN,train,,air,alcohol,0,three_class_with_air|kNN|seed=deterministic
PB2_train_period_i_internal_val_test_batch2,three_class_with_air,kNN,train,,air,acetone,0,three_class_with_air|kNN|seed=deterministic
PB2_train_period_i_internal_val_test_batch2,three_class_with_air,kNN,train,,alcohol,air,0,three_class_with_air|kNN|seed=deterministic
PB2_train_period_i_internal_val_test_batch2,three_class_with_air,kNN,train,,alcohol,alcohol,12,three_class_with_air|kNN|seed=deterministic
PB2_train_period_i_internal_val_test_batch2,three_class_with_air,kNN,train,,alcohol,acetone,0,three_class_with_air|kNN|seed=deterministic
PB2_train_period_i_internal_val_test_batch2,three_class_with_air,kNN,train,,acetone,air,0,three_class_with_air|kNN|seed=deterministic
PB2_train_period_i_internal_val_test_batch2,three_class_with_air,kNN,train,,acetone,alcohol,0,three_class_with_air|kNN|seed=deterministic
PB2_train_period_i_internal_val_test_batch2,three_class_with_air,kNN,train,,acetone,acetone,12,three_class_with_air|kNN|seed=deterministic
PB2_train_period_i_internal_val_test_batch2,three_class_with_air,kNN,validation,,air,air,1,three_class_with_air|kNN|seed=deterministic
PB2_train_period_i_internal_val_test_batch2,three_class_with_air,kNN,validation,,air,alcohol,0,three_class_with_air|kNN|seed=deterministic
PB2_train_period_i_internal_val_test_batch2,three_class_with_air,kNN,validation,,air,acetone,0,three_class_with_air|kNN|seed=deterministic
PB2_train_period_i_internal_val_test_batch2,three_class_with_air,kNN,validation,,alcohol,air,0,three_class_with_air|kNN|seed=deterministic
PB2_train_period_i_internal_val_test_batch2,three_class_with_air,kNN,validation,,alcohol,alcohol,1,three_class_with_air|kNN|seed=deterministic
PB2_train_period_i_internal_val_test_batch2,three_class_with_air,kNN,validation,,alcohol,acetone,1,three_class_with_air|kNN|seed=deterministic
PB2_train_period_i_internal_val_test_batch2,three_class_with_air,kNN,validation,,acetone,air,0,three_class_with_air|kNN|seed=deterministic
PB2_train_period_i_internal_val_test_batch2,three_class_with_air,kNN,validation,,acetone,alcohol,0,three_class_with_air|kNN|seed=deterministic
PB2_train_period_i_internal_val_test_batch2,three_class_with_air,kNN,validation,,acetone,acetone,2,three_class_with_air|kNN|seed=deterministic
PB2_train_period_i_internal_val_test_batch2,three_class_with_air,kNN,test,,air,air,13,three_class_with_air|kNN|seed=deterministic
PB2_train_period_i_internal_val_test_batch2,three_class_with_air,kNN,test,,air,alcohol,3,three_class_with_air|kNN|seed=deterministic
PB2_train_period_i_internal_val_test_batch2,three_class_with_air,kNN,test,,air,acetone,2,three_class_with_air|kNN|seed=deterministic
PB2_train_period_i_internal_val_test_batch2,three_class_with_air,kNN,test,,alcohol,air,5,three_class_with_air|kNN|seed=deterministic
PB2_train_period_i_internal_val_test_batch2,three_class_with_air,kNN,test,,alcohol,alcohol,14,three_class_with_air|kNN|seed=deterministic
PB2_train_period_i_internal_val_test_batch2,three_class_with_air,kNN,test,,alcohol,acetone,14,three_class_with_air|kNN|seed=deterministic
PB2_train_period_i_internal_val_test_batch2,three_class_with_air,kNN,test,,acetone,air,1,three_class_with_air|kNN|seed=deterministic
PB2_train_period_i_internal_val_test_batch2,three_class_with_air,kNN,test,,acetone,alcohol,5,three_class_with_air|kNN|seed=deterministic
PB2_train_period_i_internal_val_test_batch2,three_class_with_air,kNN,test,,acetone,acetone,27,three_class_with_air|kNN|seed=deterministic
PB3_train_period_i_internal_val_test_batch3,three_class_with_air,kNN,train,,air,air,6,three_class_with_air|kNN|seed=deterministic
PB3_train_period_i_internal_val_test_batch3,three_class_with_air,kNN,train,,air,alcohol,0,three_class_with_air|kNN|seed=deterministic
PB3_train_period_i_internal_val_test_batch3,three_class_with_air,kNN,train,,air,acetone,0,three_class_with_air|kNN|seed=deterministic
PB3_train_period_i_internal_val_test_batch3,three_class_with_air,kNN,train,,alcohol,air,0,three_class_with_air|kNN|seed=deterministic
PB3_train_period_i_internal_val_test_batch3,three_class_with_air,kNN,train,,alcohol,alcohol,12,three_class_with_air|kNN|seed=deterministic
PB3_train_period_i_internal_val_test_batch3,three_class_with_air,kNN,train,,alcohol,acetone,0,three_class_with_air|kNN|seed=deterministic
PB3_train_period_i_internal_val_test_batch3,three_class_with_air,kNN,train,,acetone,air,0,three_class_with_air|kNN|seed=deterministic
PB3_train_period_i_internal_val_test_batch3,three_class_with_air,kNN,train,,acetone,alcohol,0,three_class_with_air|kNN|seed=deterministic
PB3_train_period_i_internal_val_test_batch3,three_class_with_air,kNN,train,,acetone,acetone,12,three_class_with_air|kNN|seed=deterministic
PB3_train_period_i_internal_val_test_batch3,three_class_with_air,kNN,validation,,air,air,1,three_class_with_air|kNN|seed=deterministic
PB3_train_period_i_internal_val_test_batch3,three_class_with_air,kNN,validation,,air,alcohol,0,three_class_with_air|kNN|seed=deterministic
PB3_train_period_i_internal_val_test_batch3,three_class_with_air,kNN,validation,,air,acetone,0,three_class_with_air|kNN|seed=deterministic
PB3_train_period_i_internal_val_test_batch3,three_class_with_air,kNN,validation,,alcohol,air,0,three_class_with_air|kNN|seed=deterministic
PB3_train_period_i_internal_val_test_batch3,three_class_with_air,kNN,validation,,alcohol,alcohol,1,three_class_with_air|kNN|seed=deterministic
PB3_train_period_i_internal_val_test_batch3,three_class_with_air,kNN,validation,,alcohol,acetone,1,three_class_with_air|kNN|seed=deterministic
PB3_train_period_i_internal_val_test_batch3,three_class_with_air,kNN,validation,,acetone,air,0,three_class_with_air|kNN|seed=deterministic
PB3_train_period_i_internal_val_test_batch3,three_class_with_air,kNN,validation,,acetone,alcohol,0,three_class_with_air|kNN|seed=deterministic
PB3_train_period_i_internal_val_test_batch3,three_class_with_air,kNN,validation,,acetone,acetone,2,three_class_with_air|kNN|seed=deterministic
PB3_train_period_i_internal_val_test_batch3,three_class_with_air,kNN,test,,air,air,20,three_class_with_air|kNN|seed=deterministic
PB3_train_period_i_internal_val_test_batch3,three_class_with_air,kNN,test,,air,alcohol,9,three_class_with_air|kNN|seed=deterministic
PB3_train_period_i_internal_val_test_batch3,three_class_with_air,kNN,test,,air,acetone,2,three_class_with_air|kNN|seed=deterministic
PB3_train_period_i_internal_val_test_batch3,three_class_with_air,kNN,test,,alcohol,air,2,three_class_with_air|kNN|seed=deterministic
PB3_train_period_i_internal_val_test_batch3,three_class_with_air,kNN,test,,alcohol,alcohol,14,three_class_with_air|kNN|seed=deterministic
PB3_train_period_i_internal_val_test_batch3,three_class_with_air,kNN,test,,alcohol,acetone,9,three_class_with_air|kNN|seed=deterministic
PB3_train_period_i_internal_val_test_batch3,three_class_with_air,kNN,test,,acetone,air,1,three_class_with_air|kNN|seed=deterministic
PB3_train_period_i_internal_val_test_batch3,three_class_with_air,kNN,test,,acetone,alcohol,13,three_class_with_air|kNN|seed=deterministic
PB3_train_period_i_internal_val_test_batch3,three_class_with_air,kNN,test,,acetone,acetone,11,three_class_with_air|kNN|seed=deterministic
PB4_train_period_i_internal_val_test_batch4,three_class_with_air,kNN,train,,air,air,6,three_class_with_air|kNN|seed=deterministic
PB4_train_period_i_internal_val_test_batch4,three_class_with_air,kNN,train,,air,alcohol,0,three_class_with_air|kNN|seed=deterministic
PB4_train_period_i_internal_val_test_batch4,three_class_with_air,kNN,train,,air,acetone,0,three_class_with_air|kNN|seed=deterministic
PB4_train_period_i_internal_val_test_batch4,three_class_with_air,kNN,train,,alcohol,air,0,three_class_with_air|kNN|seed=deterministic
PB4_train_period_i_internal_val_test_batch4,three_class_with_air,kNN,train,,alcohol,alcohol,12,three_class_with_air|kNN|seed=deterministic
PB4_train_period_i_internal_val_test_batch4,three_class_with_air,kNN,train,,alcohol,acetone,0,three_class_with_air|kNN|seed=deterministic
PB4_train_period_i_internal_val_test_batch4,three_class_with_air,kNN,train,,acetone,air,0,three_class_with_air|kNN|seed=deterministic
PB4_train_period_i_internal_val_test_batch4,three_class_with_air,kNN,train,,acetone,alcohol,0,three_class_with_air|kNN|seed=deterministic
PB4_train_period_i_internal_val_test_batch4,three_class_with_air,kNN,train,,acetone,acetone,12,three_class_with_air|kNN|seed=deterministic
PB4_train_period_i_internal_val_test_batch4,three_class_with_air,kNN,validation,,air,air,1,three_class_with_air|kNN|seed=deterministic
PB4_train_period_i_internal_val_test_batch4,three_class_with_air,kNN,validation,,air,alcohol,0,three_class_with_air|kNN|seed=deterministic
PB4_train_period_i_internal_val_test_batch4,three_class_with_air,kNN,validation,,air,acetone,0,three_class_with_air|kNN|seed=deterministic
PB4_train_period_i_internal_val_test_batch4,three_class_with_air,kNN,validation,,alcohol,air,0,three_class_with_air|kNN|seed=deterministic
PB4_train_period_i_internal_val_test_batch4,three_class_with_air,kNN,validation,,alcohol,alcohol,1,three_class_with_air|kNN|seed=deterministic
PB4_train_period_i_internal_val_test_batch4,three_class_with_air,kNN,validation,,alcohol,acetone,1,three_class_with_air|kNN|seed=deterministic
PB4_train_period_i_internal_val_test_batch4,three_class_with_air,kNN,validation,,acetone,air,0,three_class_with_air|kNN|seed=deterministic
PB4_train_period_i_internal_val_test_batch4,three_class_with_air,kNN,validation,,acetone,alcohol,0,three_class_with_air|kNN|seed=deterministic
PB4_train_period_i_internal_val_test_batch4,three_class_with_air,kNN,validation,,acetone,acetone,2,three_class_with_air|kNN|seed=deterministic
PB4_train_period_i_internal_val_test_batch4,three_class_with_air,kNN,test,,air,air,13,three_class_with_air|kNN|seed=deterministic
PB4_train_period_i_internal_val_test_batch4,three_class_with_air,kNN,test,,air,alcohol,1,three_class_with_air|kNN|seed=deterministic
PB4_train_period_i_internal_val_test_batch4,three_class_with_air,kNN,test,,air,acetone,0,three_class_with_air|kNN|seed=deterministic
PB4_train_period_i_internal_val_test_batch4,three_class_with_air,kNN,test,,alcohol,air,0,three_class_with_air|kNN|seed=deterministic
PB4_train_period_i_internal_val_test_batch4,three_class_with_air,kNN,test,,alcohol,alcohol,4,three_class_with_air|kNN|seed=deterministic
PB4_train_period_i_internal_val_test_batch4,three_class_with_air,kNN,test,,alcohol,acetone,12,three_class_with_air|kNN|seed=deterministic
PB4_train_period_i_internal_val_test_batch4,three_class_with_air,kNN,test,,acetone,air,0,three_class_with_air|kNN|seed=deterministic
PB4_train_period_i_internal_val_test_batch4,three_class_with_air,kNN,test,,acetone,alcohol,1,three_class_with_air|kNN|seed=deterministic
PB4_train_period_i_internal_val_test_batch4,three_class_with_air,kNN,test,,acetone,acetone,15,three_class_with_air|kNN|seed=deterministic
PB5_train_period_i_internal_val_test_batch5,three_class_with_air,kNN,train,,air,air,6,three_class_with_air|kNN|seed=deterministic
PB5_train_period_i_internal_val_test_batch5,three_class_with_air,kNN,train,,air,alcohol,0,three_class_with_air|kNN|seed=deterministic
PB5_train_period_i_internal_val_test_batch5,three_class_with_air,kNN,train,,air,acetone,0,three_class_with_air|kNN|seed=deterministic
PB5_train_period_i_internal_val_test_batch5,three_class_with_air,kNN,train,,alcohol,air,0,three_class_with_air|kNN|seed=deterministic
PB5_train_period_i_internal_val_test_batch5,three_class_with_air,kNN,train,,alcohol,alcohol,12,three_class_with_air|kNN|seed=deterministic
PB5_train_period_i_internal_val_test_batch5,three_class_with_air,kNN,train,,alcohol,acetone,0,three_class_with_air|kNN|seed=deterministic
PB5_train_period_i_internal_val_test_batch5,three_class_with_air,kNN,train,,acetone,air,0,three_class_with_air|kNN|seed=deterministic
PB5_train_period_i_internal_val_test_batch5,three_class_with_air,kNN,train,,acetone,alcohol,0,three_class_with_air|kNN|seed=deterministic
PB5_train_period_i_internal_val_test_batch5,three_class_with_air,kNN,train,,acetone,acetone,12,three_class_with_air|kNN|seed=deterministic
PB5_train_period_i_internal_val_test_batch5,three_class_with_air,kNN,validation,,air,air,1,three_class_with_air|kNN|seed=deterministic
PB5_train_period_i_internal_val_test_batch5,three_class_with_air,kNN,validation,,air,alcohol,0,three_class_with_air|kNN|seed=deterministic
PB5_train_period_i_internal_val_test_batch5,three_class_with_air,kNN,validation,,air,acetone,0,three_class_with_air|kNN|seed=deterministic
PB5_train_period_i_internal_val_test_batch5,three_class_with_air,kNN,validation,,alcohol,air,0,three_class_with_air|kNN|seed=deterministic
PB5_train_period_i_internal_val_test_batch5,three_class_with_air,kNN,validation,,alcohol,alcohol,1,three_class_with_air|kNN|seed=deterministic
PB5_train_period_i_internal_val_test_batch5,three_class_with_air,kNN,validation,,alcohol,acetone,1,three_class_with_air|kNN|seed=deterministic
PB5_train_period_i_internal_val_test_batch5,three_class_with_air,kNN,validation,,acetone,air,0,three_class_with_air|kNN|seed=deterministic
PB5_train_period_i_internal_val_test_batch5,three_class_with_air,kNN,validation,,acetone,alcohol,0,three_class_with_air|kNN|seed=deterministic
PB5_train_period_i_internal_val_test_batch5,three_class_with_air,kNN,validation,,acetone,acetone,2,three_class_with_air|kNN|seed=deterministic
PB5_train_period_i_internal_val_test_batch5,three_class_with_air,kNN,test,,air,air,8,three_class_with_air|kNN|seed=deterministic
PB5_train_period_i_internal_val_test_batch5,three_class_with_air,kNN,test,,air,alcohol,2,three_class_with_air|kNN|seed=deterministic
PB5_train_period_i_internal_val_test_batch5,three_class_with_air,kNN,test,,air,acetone,0,three_class_with_air|kNN|seed=deterministic
PB5_train_period_i_internal_val_test_batch5,three_class_with_air,kNN,test,,alcohol,air,1,three_class_with_air|kNN|seed=deterministic
PB5_train_period_i_internal_val_test_batch5,three_class_with_air,kNN,test,,alcohol,alcohol,9,three_class_with_air|kNN|seed=deterministic
PB5_train_period_i_internal_val_test_batch5,three_class_with_air,kNN,test,,alcohol,acetone,2,three_class_with_air|kNN|seed=deterministic
PB5_train_period_i_internal_val_test_batch5,three_class_with_air,kNN,test,,acetone,air,0,three_class_with_air|kNN|seed=deterministic
PB5_train_period_i_internal_val_test_batch5,three_class_with_air,kNN,test,,acetone,alcohol,4,three_class_with_air|kNN|seed=deterministic
PB5_train_period_i_internal_val_test_batch5,three_class_with_air,kNN,test,,acetone,acetone,8,three_class_with_air|kNN|seed=deterministic
PB1_train_period_i_internal_val_test_batch1,three_class_with_air,Random Forest,train,0.0,air,air,6,three_class_with_air|Random Forest|seed=0
PB1_train_period_i_internal_val_test_batch1,three_class_with_air,Random Forest,train,0.0,air,alcohol,0,three_class_with_air|Random Forest|seed=0
PB1_train_period_i_internal_val_test_batch1,three_class_with_air,Random Forest,train,0.0,air,acetone,0,three_class_with_air|Random Forest|seed=0
PB1_train_period_i_internal_val_test_batch1,three_class_with_air,Random Forest,train,0.0,alcohol,air,0,three_class_with_air|Random Forest|seed=0
PB1_train_period_i_internal_val_test_batch1,three_class_with_air,Random Forest,train,0.0,alcohol,alcohol,12,three_class_with_air|Random Forest|seed=0
PB1_train_period_i_internal_val_test_batch1,three_class_with_air,Random Forest,train,0.0,alcohol,acetone,0,three_class_with_air|Random Forest|seed=0
PB1_train_period_i_internal_val_test_batch1,three_class_with_air,Random Forest,train,0.0,acetone,air,0,three_class_with_air|Random Forest|seed=0
PB1_train_period_i_internal_val_test_batch1,three_class_with_air,Random Forest,train,0.0,acetone,alcohol,3,three_class_with_air|Random Forest|seed=0
PB1_train_period_i_internal_val_test_batch1,three_class_with_air,Random Forest,train,0.0,acetone,acetone,9,three_class_with_air|Random Forest|seed=0
PB1_train_period_i_internal_val_test_batch1,three_class_with_air,Random Forest,validation,0.0,air,air,1,three_class_with_air|Random Forest|seed=0
PB1_train_period_i_internal_val_test_batch1,three_class_with_air,Random Forest,validation,0.0,air,alcohol,0,three_class_with_air|Random Forest|seed=0
PB1_train_period_i_internal_val_test_batch1,three_class_with_air,Random Forest,validation,0.0,air,acetone,0,three_class_with_air|Random Forest|seed=0
PB1_train_period_i_internal_val_test_batch1,three_class_with_air,Random Forest,validation,0.0,alcohol,air,0,three_class_with_air|Random Forest|seed=0
PB1_train_period_i_internal_val_test_batch1,three_class_with_air,Random Forest,validation,0.0,alcohol,alcohol,2,three_class_with_air|Random Forest|seed=0
PB1_train_period_i_internal_val_test_batch1,three_class_with_air,Random Forest,validation,0.0,alcohol,acetone,0,three_class_with_air|Random Forest|seed=0
PB1_train_period_i_internal_val_test_batch1,three_class_with_air,Random Forest,validation,0.0,acetone,air,0,three_class_with_air|Random Forest|seed=0
PB1_train_period_i_internal_val_test_batch1,three_class_with_air,Random Forest,validation,0.0,acetone,alcohol,1,three_class_with_air|Random Forest|seed=0
PB1_train_period_i_internal_val_test_batch1,three_class_with_air,Random Forest,validation,0.0,acetone,acetone,1,three_class_with_air|Random Forest|seed=0
PB1_train_period_i_internal_val_test_batch1,three_class_with_air,Random Forest,test,0.0,air,air,8,three_class_with_air|Random Forest|seed=0
PB1_train_period_i_internal_val_test_batch1,three_class_with_air,Random Forest,test,0.0,air,alcohol,0,three_class_with_air|Random Forest|seed=0
PB1_train_period_i_internal_val_test_batch1,three_class_with_air,Random Forest,test,0.0,air,acetone,0,three_class_with_air|Random Forest|seed=0
PB1_train_period_i_internal_val_test_batch1,three_class_with_air,Random Forest,test,0.0,alcohol,air,0,three_class_with_air|Random Forest|seed=0
PB1_train_period_i_internal_val_test_batch1,three_class_with_air,Random Forest,test,0.0,alcohol,alcohol,3,three_class_with_air|Random Forest|seed=0
PB1_train_period_i_internal_val_test_batch1,three_class_with_air,Random Forest,test,0.0,alcohol,acetone,7,three_class_with_air|Random Forest|seed=0
PB1_train_period_i_internal_val_test_batch1,three_class_with_air,Random Forest,test,0.0,acetone,air,0,three_class_with_air|Random Forest|seed=0
PB1_train_period_i_internal_val_test_batch1,three_class_with_air,Random Forest,test,0.0,acetone,alcohol,0,three_class_with_air|Random Forest|seed=0
PB1_train_period_i_internal_val_test_batch1,three_class_with_air,Random Forest,test,0.0,acetone,acetone,10,three_class_with_air|Random Forest|seed=0
PB2_train_period_i_internal_val_test_batch2,three_class_with_air,Random Forest,train,0.0,air,air,6,three_class_with_air|Random Forest|seed=0
PB2_train_period_i_internal_val_test_batch2,three_class_with_air,Random Forest,train,0.0,air,alcohol,0,three_class_with_air|Random Forest|seed=0
PB2_train_period_i_internal_val_test_batch2,three_class_with_air,Random Forest,train,0.0,air,acetone,0,three_class_with_air|Random Forest|seed=0
PB2_train_period_i_internal_val_test_batch2,three_class_with_air,Random Forest,train,0.0,alcohol,air,0,three_class_with_air|Random Forest|seed=0
PB2_train_period_i_internal_val_test_batch2,three_class_with_air,Random Forest,train,0.0,alcohol,alcohol,12,three_class_with_air|Random Forest|seed=0
PB2_train_period_i_internal_val_test_batch2,three_class_with_air,Random Forest,train,0.0,alcohol,acetone,0,three_class_with_air|Random Forest|seed=0
PB2_train_period_i_internal_val_test_batch2,three_class_with_air,Random Forest,train,0.0,acetone,air,0,three_class_with_air|Random Forest|seed=0
PB2_train_period_i_internal_val_test_batch2,three_class_with_air,Random Forest,train,0.0,acetone,alcohol,3,three_class_with_air|Random Forest|seed=0
PB2_train_period_i_internal_val_test_batch2,three_class_with_air,Random Forest,train,0.0,acetone,acetone,9,three_class_with_air|Random Forest|seed=0
PB2_train_period_i_internal_val_test_batch2,three_class_with_air,Random Forest,validation,0.0,air,air,1,three_class_with_air|Random Forest|seed=0
PB2_train_period_i_internal_val_test_batch2,three_class_with_air,Random Forest,validation,0.0,air,alcohol,0,three_class_with_air|Random Forest|seed=0
PB2_train_period_i_internal_val_test_batch2,three_class_with_air,Random Forest,validation,0.0,air,acetone,0,three_class_with_air|Random Forest|seed=0
PB2_train_period_i_internal_val_test_batch2,three_class_with_air,Random Forest,validation,0.0,alcohol,air,0,three_class_with_air|Random Forest|seed=0
PB2_train_period_i_internal_val_test_batch2,three_class_with_air,Random Forest,validation,0.0,alcohol,alcohol,2,three_class_with_air|Random Forest|seed=0
PB2_train_period_i_internal_val_test_batch2,three_class_with_air,Random Forest,validation,0.0,alcohol,acetone,0,three_class_with_air|Random Forest|seed=0
PB2_train_period_i_internal_val_test_batch2,three_class_with_air,Random Forest,validation,0.0,acetone,air,0,three_class_with_air|Random Forest|seed=0
PB2_train_period_i_internal_val_test_batch2,three_class_with_air,Random Forest,validation,0.0,acetone,alcohol,1,three_class_with_air|Random Forest|seed=0
PB2_train_period_i_internal_val_test_batch2,three_class_with_air,Random Forest,validation,0.0,acetone,acetone,1,three_class_with_air|Random Forest|seed=0
PB2_train_period_i_internal_val_test_batch2,three_class_with_air,Random Forest,test,0.0,air,air,18,three_class_with_air|Random Forest|seed=0
PB2_train_period_i_internal_val_test_batch2,three_class_with_air,Random Forest,test,0.0,air,alcohol,0,three_class_with_air|Random Forest|seed=0
PB2_train_period_i_internal_val_test_batch2,three_class_with_air,Random Forest,test,0.0,air,acetone,0,three_class_with_air|Random Forest|seed=0
PB2_train_period_i_internal_val_test_batch2,three_class_with_air,Random Forest,test,0.0,alcohol,air,0,three_class_with_air|Random Forest|seed=0
PB2_train_period_i_internal_val_test_batch2,three_class_with_air,Random Forest,test,0.0,alcohol,alcohol,32,three_class_with_air|Random Forest|seed=0
PB2_train_period_i_internal_val_test_batch2,three_class_with_air,Random Forest,test,0.0,alcohol,acetone,1,three_class_with_air|Random Forest|seed=0
PB2_train_period_i_internal_val_test_batch2,three_class_with_air,Random Forest,test,0.0,acetone,air,0,three_class_with_air|Random Forest|seed=0
PB2_train_period_i_internal_val_test_batch2,three_class_with_air,Random Forest,test,0.0,acetone,alcohol,4,three_class_with_air|Random Forest|seed=0
PB2_train_period_i_internal_val_test_batch2,three_class_with_air,Random Forest,test,0.0,acetone,acetone,29,three_class_with_air|Random Forest|seed=0
PB3_train_period_i_internal_val_test_batch3,three_class_with_air,Random Forest,train,0.0,air,air,6,three_class_with_air|Random Forest|seed=0
PB3_train_period_i_internal_val_test_batch3,three_class_with_air,Random Forest,train,0.0,air,alcohol,0,three_class_with_air|Random Forest|seed=0
PB3_train_period_i_internal_val_test_batch3,three_class_with_air,Random Forest,train,0.0,air,acetone,0,three_class_with_air|Random Forest|seed=0
PB3_train_period_i_internal_val_test_batch3,three_class_with_air,Random Forest,train,0.0,alcohol,air,0,three_class_with_air|Random Forest|seed=0
PB3_train_period_i_internal_val_test_batch3,three_class_with_air,Random Forest,train,0.0,alcohol,alcohol,12,three_class_with_air|Random Forest|seed=0
PB3_train_period_i_internal_val_test_batch3,three_class_with_air,Random Forest,train,0.0,alcohol,acetone,0,three_class_with_air|Random Forest|seed=0
PB3_train_period_i_internal_val_test_batch3,three_class_with_air,Random Forest,train,0.0,acetone,air,0,three_class_with_air|Random Forest|seed=0
PB3_train_period_i_internal_val_test_batch3,three_class_with_air,Random Forest,train,0.0,acetone,alcohol,3,three_class_with_air|Random Forest|seed=0
PB3_train_period_i_internal_val_test_batch3,three_class_with_air,Random Forest,train,0.0,acetone,acetone,9,three_class_with_air|Random Forest|seed=0
PB3_train_period_i_internal_val_test_batch3,three_class_with_air,Random Forest,validation,0.0,air,air,1,three_class_with_air|Random Forest|seed=0
PB3_train_period_i_internal_val_test_batch3,three_class_with_air,Random Forest,validation,0.0,air,alcohol,0,three_class_with_air|Random Forest|seed=0
PB3_train_period_i_internal_val_test_batch3,three_class_with_air,Random Forest,validation,0.0,air,acetone,0,three_class_with_air|Random Forest|seed=0
PB3_train_period_i_internal_val_test_batch3,three_class_with_air,Random Forest,validation,0.0,alcohol,air,0,three_class_with_air|Random Forest|seed=0
PB3_train_period_i_internal_val_test_batch3,three_class_with_air,Random Forest,validation,0.0,alcohol,alcohol,2,three_class_with_air|Random Forest|seed=0
PB3_train_period_i_internal_val_test_batch3,three_class_with_air,Random Forest,validation,0.0,alcohol,acetone,0,three_class_with_air|Random Forest|seed=0
PB3_train_period_i_internal_val_test_batch3,three_class_with_air,Random Forest,validation,0.0,acetone,air,0,three_class_with_air|Random Forest|seed=0
PB3_train_period_i_internal_val_test_batch3,three_class_with_air,Random Forest,validation,0.0,acetone,alcohol,1,three_class_with_air|Random Forest|seed=0
PB3_train_period_i_internal_val_test_batch3,three_class_with_air,Random Forest,validation,0.0,acetone,acetone,1,three_class_with_air|Random Forest|seed=0
PB3_train_period_i_internal_val_test_batch3,three_class_with_air,Random Forest,test,0.0,air,air,31,three_class_with_air|Random Forest|seed=0
PB3_train_period_i_internal_val_test_batch3,three_class_with_air,Random Forest,test,0.0,air,alcohol,0,three_class_with_air|Random Forest|seed=0
PB3_train_period_i_internal_val_test_batch3,three_class_with_air,Random Forest,test,0.0,air,acetone,0,three_class_with_air|Random Forest|seed=0
PB3_train_period_i_internal_val_test_batch3,three_class_with_air,Random Forest,test,0.0,alcohol,air,0,three_class_with_air|Random Forest|seed=0
PB3_train_period_i_internal_val_test_batch3,three_class_with_air,Random Forest,test,0.0,alcohol,alcohol,25,three_class_with_air|Random Forest|seed=0
PB3_train_period_i_internal_val_test_batch3,three_class_with_air,Random Forest,test,0.0,alcohol,acetone,0,three_class_with_air|Random Forest|seed=0
PB3_train_period_i_internal_val_test_batch3,three_class_with_air,Random Forest,test,0.0,acetone,air,0,three_class_with_air|Random Forest|seed=0
PB3_train_period_i_internal_val_test_batch3,three_class_with_air,Random Forest,test,0.0,acetone,alcohol,9,three_class_with_air|Random Forest|seed=0
PB3_train_period_i_internal_val_test_batch3,three_class_with_air,Random Forest,test,0.0,acetone,acetone,16,three_class_with_air|Random Forest|seed=0
PB4_train_period_i_internal_val_test_batch4,three_class_with_air,Random Forest,train,0.0,air,air,6,three_class_with_air|Random Forest|seed=0
PB4_train_period_i_internal_val_test_batch4,three_class_with_air,Random Forest,train,0.0,air,alcohol,0,three_class_with_air|Random Forest|seed=0
PB4_train_period_i_internal_val_test_batch4,three_class_with_air,Random Forest,train,0.0,air,acetone,0,three_class_with_air|Random Forest|seed=0
PB4_train_period_i_internal_val_test_batch4,three_class_with_air,Random Forest,train,0.0,alcohol,air,0,three_class_with_air|Random Forest|seed=0
PB4_train_period_i_internal_val_test_batch4,three_class_with_air,Random Forest,train,0.0,alcohol,alcohol,12,three_class_with_air|Random Forest|seed=0
PB4_train_period_i_internal_val_test_batch4,three_class_with_air,Random Forest,train,0.0,alcohol,acetone,0,three_class_with_air|Random Forest|seed=0
PB4_train_period_i_internal_val_test_batch4,three_class_with_air,Random Forest,train,0.0,acetone,air,0,three_class_with_air|Random Forest|seed=0
PB4_train_period_i_internal_val_test_batch4,three_class_with_air,Random Forest,train,0.0,acetone,alcohol,3,three_class_with_air|Random Forest|seed=0
PB4_train_period_i_internal_val_test_batch4,three_class_with_air,Random Forest,train,0.0,acetone,acetone,9,three_class_with_air|Random Forest|seed=0
PB4_train_period_i_internal_val_test_batch4,three_class_with_air,Random Forest,validation,0.0,air,air,1,three_class_with_air|Random Forest|seed=0
PB4_train_period_i_internal_val_test_batch4,three_class_with_air,Random Forest,validation,0.0,air,alcohol,0,three_class_with_air|Random Forest|seed=0
PB4_train_period_i_internal_val_test_batch4,three_class_with_air,Random Forest,validation,0.0,air,acetone,0,three_class_with_air|Random Forest|seed=0
PB4_train_period_i_internal_val_test_batch4,three_class_with_air,Random Forest,validation,0.0,alcohol,air,0,three_class_with_air|Random Forest|seed=0
PB4_train_period_i_internal_val_test_batch4,three_class_with_air,Random Forest,validation,0.0,alcohol,alcohol,2,three_class_with_air|Random Forest|seed=0
PB4_train_period_i_internal_val_test_batch4,three_class_with_air,Random Forest,validation,0.0,alcohol,acetone,0,three_class_with_air|Random Forest|seed=0
PB4_train_period_i_internal_val_test_batch4,three_class_with_air,Random Forest,validation,0.0,acetone,air,0,three_class_with_air|Random Forest|seed=0
PB4_train_period_i_internal_val_test_batch4,three_class_with_air,Random Forest,validation,0.0,acetone,alcohol,1,three_class_with_air|Random Forest|seed=0
PB4_train_period_i_internal_val_test_batch4,three_class_with_air,Random Forest,validation,0.0,acetone,acetone,1,three_class_with_air|Random Forest|seed=0
PB4_train_period_i_internal_val_test_batch4,three_class_with_air,Random Forest,test,0.0,air,air,14,three_class_with_air|Random Forest|seed=0
PB4_train_period_i_internal_val_test_batch4,three_class_with_air,Random Forest,test,0.0,air,alcohol,0,three_class_with_air|Random Forest|seed=0
PB4_train_period_i_internal_val_test_batch4,three_class_with_air,Random Forest,test,0.0,air,acetone,0,three_class_with_air|Random Forest|seed=0
PB4_train_period_i_internal_val_test_batch4,three_class_with_air,Random Forest,test,0.0,alcohol,air,0,three_class_with_air|Random Forest|seed=0
PB4_train_period_i_internal_val_test_batch4,three_class_with_air,Random Forest,test,0.0,alcohol,alcohol,13,three_class_with_air|Random Forest|seed=0
PB4_train_period_i_internal_val_test_batch4,three_class_with_air,Random Forest,test,0.0,alcohol,acetone,3,three_class_with_air|Random Forest|seed=0
PB4_train_period_i_internal_val_test_batch4,three_class_with_air,Random Forest,test,0.0,acetone,air,0,three_class_with_air|Random Forest|seed=0
PB4_train_period_i_internal_val_test_batch4,three_class_with_air,Random Forest,test,0.0,acetone,alcohol,0,three_class_with_air|Random Forest|seed=0
PB4_train_period_i_internal_val_test_batch4,three_class_with_air,Random Forest,test,0.0,acetone,acetone,16,three_class_with_air|Random Forest|seed=0
PB5_train_period_i_internal_val_test_batch5,three_class_with_air,Random Forest,train,0.0,air,air,6,three_class_with_air|Random Forest|seed=0
PB5_train_period_i_internal_val_test_batch5,three_class_with_air,Random Forest,train,0.0,air,alcohol,0,three_class_with_air|Random Forest|seed=0
PB5_train_period_i_internal_val_test_batch5,three_class_with_air,Random Forest,train,0.0,air,acetone,0,three_class_with_air|Random Forest|seed=0
PB5_train_period_i_internal_val_test_batch5,three_class_with_air,Random Forest,train,0.0,alcohol,air,0,three_class_with_air|Random Forest|seed=0
PB5_train_period_i_internal_val_test_batch5,three_class_with_air,Random Forest,train,0.0,alcohol,alcohol,12,three_class_with_air|Random Forest|seed=0
PB5_train_period_i_internal_val_test_batch5,three_class_with_air,Random Forest,train,0.0,alcohol,acetone,0,three_class_with_air|Random Forest|seed=0
PB5_train_period_i_internal_val_test_batch5,three_class_with_air,Random Forest,train,0.0,acetone,air,0,three_class_with_air|Random Forest|seed=0
PB5_train_period_i_internal_val_test_batch5,three_class_with_air,Random Forest,train,0.0,acetone,alcohol,3,three_class_with_air|Random Forest|seed=0
PB5_train_period_i_internal_val_test_batch5,three_class_with_air,Random Forest,train,0.0,acetone,acetone,9,three_class_with_air|Random Forest|seed=0
PB5_train_period_i_internal_val_test_batch5,three_class_with_air,Random Forest,validation,0.0,air,air,1,three_class_with_air|Random Forest|seed=0
PB5_train_period_i_internal_val_test_batch5,three_class_with_air,Random Forest,validation,0.0,air,alcohol,0,three_class_with_air|Random Forest|seed=0
PB5_train_period_i_internal_val_test_batch5,three_class_with_air,Random Forest,validation,0.0,air,acetone,0,three_class_with_air|Random Forest|seed=0
PB5_train_period_i_internal_val_test_batch5,three_class_with_air,Random Forest,validation,0.0,alcohol,air,0,three_class_with_air|Random Forest|seed=0
PB5_train_period_i_internal_val_test_batch5,three_class_with_air,Random Forest,validation,0.0,alcohol,alcohol,2,three_class_with_air|Random Forest|seed=0
PB5_train_period_i_internal_val_test_batch5,three_class_with_air,Random Forest,validation,0.0,alcohol,acetone,0,three_class_with_air|Random Forest|seed=0
PB5_train_period_i_internal_val_test_batch5,three_class_with_air,Random Forest,validation,0.0,acetone,air,0,three_class_with_air|Random Forest|seed=0
PB5_train_period_i_internal_val_test_batch5,three_class_with_air,Random Forest,validation,0.0,acetone,alcohol,1,three_class_with_air|Random Forest|seed=0
PB5_train_period_i_internal_val_test_batch5,three_class_with_air,Random Forest,validation,0.0,acetone,acetone,1,three_class_with_air|Random Forest|seed=0
PB5_train_period_i_internal_val_test_batch5,three_class_with_air,Random Forest,test,0.0,air,air,10,three_class_with_air|Random Forest|seed=0
PB5_train_period_i_internal_val_test_batch5,three_class_with_air,Random Forest,test,0.0,air,alcohol,0,three_class_with_air|Random Forest|seed=0
PB5_train_period_i_internal_val_test_batch5,three_class_with_air,Random Forest,test,0.0,air,acetone,0,three_class_with_air|Random Forest|seed=0
PB5_train_period_i_internal_val_test_batch5,three_class_with_air,Random Forest,test,0.0,alcohol,air,0,three_class_with_air|Random Forest|seed=0
PB5_train_period_i_internal_val_test_batch5,three_class_with_air,Random Forest,test,0.0,alcohol,alcohol,12,three_class_with_air|Random Forest|seed=0
PB5_train_period_i_internal_val_test_batch5,three_class_with_air,Random Forest,test,0.0,alcohol,acetone,0,three_class_with_air|Random Forest|seed=0
PB5_train_period_i_internal_val_test_batch5,three_class_with_air,Random Forest,test,0.0,acetone,air,0,three_class_with_air|Random Forest|seed=0
PB5_train_period_i_internal_val_test_batch5,three_class_with_air,Random Forest,test,0.0,acetone,alcohol,2,three_class_with_air|Random Forest|seed=0
PB5_train_period_i_internal_val_test_batch5,three_class_with_air,Random Forest,test,0.0,acetone,acetone,10,three_class_with_air|Random Forest|seed=0
PB1_train_period_i_internal_val_test_batch1,three_class_with_air,Random Forest,train,1.0,air,air,6,three_class_with_air|Random Forest|seed=1
PB1_train_period_i_internal_val_test_batch1,three_class_with_air,Random Forest,train,1.0,air,alcohol,0,three_class_with_air|Random Forest|seed=1
PB1_train_period_i_internal_val_test_batch1,three_class_with_air,Random Forest,train,1.0,air,acetone,0,three_class_with_air|Random Forest|seed=1
PB1_train_period_i_internal_val_test_batch1,three_class_with_air,Random Forest,train,1.0,alcohol,air,0,three_class_with_air|Random Forest|seed=1
PB1_train_period_i_internal_val_test_batch1,three_class_with_air,Random Forest,train,1.0,alcohol,alcohol,12,three_class_with_air|Random Forest|seed=1
PB1_train_period_i_internal_val_test_batch1,three_class_with_air,Random Forest,train,1.0,alcohol,acetone,0,three_class_with_air|Random Forest|seed=1
PB1_train_period_i_internal_val_test_batch1,three_class_with_air,Random Forest,train,1.0,acetone,air,0,three_class_with_air|Random Forest|seed=1
PB1_train_period_i_internal_val_test_batch1,three_class_with_air,Random Forest,train,1.0,acetone,alcohol,2,three_class_with_air|Random Forest|seed=1
PB1_train_period_i_internal_val_test_batch1,three_class_with_air,Random Forest,train,1.0,acetone,acetone,10,three_class_with_air|Random Forest|seed=1
PB1_train_period_i_internal_val_test_batch1,three_class_with_air,Random Forest,validation,1.0,air,air,1,three_class_with_air|Random Forest|seed=1
PB1_train_period_i_internal_val_test_batch1,three_class_with_air,Random Forest,validation,1.0,air,alcohol,0,three_class_with_air|Random Forest|seed=1
PB1_train_period_i_internal_val_test_batch1,three_class_with_air,Random Forest,validation,1.0,air,acetone,0,three_class_with_air|Random Forest|seed=1
PB1_train_period_i_internal_val_test_batch1,three_class_with_air,Random Forest,validation,1.0,alcohol,air,0,three_class_with_air|Random Forest|seed=1
PB1_train_period_i_internal_val_test_batch1,three_class_with_air,Random Forest,validation,1.0,alcohol,alcohol,2,three_class_with_air|Random Forest|seed=1
PB1_train_period_i_internal_val_test_batch1,three_class_with_air,Random Forest,validation,1.0,alcohol,acetone,0,three_class_with_air|Random Forest|seed=1
PB1_train_period_i_internal_val_test_batch1,three_class_with_air,Random Forest,validation,1.0,acetone,air,0,three_class_with_air|Random Forest|seed=1
PB1_train_period_i_internal_val_test_batch1,three_class_with_air,Random Forest,validation,1.0,acetone,alcohol,1,three_class_with_air|Random Forest|seed=1
PB1_train_period_i_internal_val_test_batch1,three_class_with_air,Random Forest,validation,1.0,acetone,acetone,1,three_class_with_air|Random Forest|seed=1
PB1_train_period_i_internal_val_test_batch1,three_class_with_air,Random Forest,test,1.0,air,air,8,three_class_with_air|Random Forest|seed=1
PB1_train_period_i_internal_val_test_batch1,three_class_with_air,Random Forest,test,1.0,air,alcohol,0,three_class_with_air|Random Forest|seed=1
PB1_train_period_i_internal_val_test_batch1,three_class_with_air,Random Forest,test,1.0,air,acetone,0,three_class_with_air|Random Forest|seed=1
PB1_train_period_i_internal_val_test_batch1,three_class_with_air,Random Forest,test,1.0,alcohol,air,0,three_class_with_air|Random Forest|seed=1
PB1_train_period_i_internal_val_test_batch1,three_class_with_air,Random Forest,test,1.0,alcohol,alcohol,2,three_class_with_air|Random Forest|seed=1
PB1_train_period_i_internal_val_test_batch1,three_class_with_air,Random Forest,test,1.0,alcohol,acetone,8,three_class_with_air|Random Forest|seed=1
PB1_train_period_i_internal_val_test_batch1,three_class_with_air,Random Forest,test,1.0,acetone,air,0,three_class_with_air|Random Forest|seed=1
PB1_train_period_i_internal_val_test_batch1,three_class_with_air,Random Forest,test,1.0,acetone,alcohol,0,three_class_with_air|Random Forest|seed=1
PB1_train_period_i_internal_val_test_batch1,three_class_with_air,Random Forest,test,1.0,acetone,acetone,10,three_class_with_air|Random Forest|seed=1
PB2_train_period_i_internal_val_test_batch2,three_class_with_air,Random Forest,train,1.0,air,air,6,three_class_with_air|Random Forest|seed=1
PB2_train_period_i_internal_val_test_batch2,three_class_with_air,Random Forest,train,1.0,air,alcohol,0,three_class_with_air|Random Forest|seed=1
PB2_train_period_i_internal_val_test_batch2,three_class_with_air,Random Forest,train,1.0,air,acetone,0,three_class_with_air|Random Forest|seed=1
PB2_train_period_i_internal_val_test_batch2,three_class_with_air,Random Forest,train,1.0,alcohol,air,0,three_class_with_air|Random Forest|seed=1
PB2_train_period_i_internal_val_test_batch2,three_class_with_air,Random Forest,train,1.0,alcohol,alcohol,12,three_class_with_air|Random Forest|seed=1
PB2_train_period_i_internal_val_test_batch2,three_class_with_air,Random Forest,train,1.0,alcohol,acetone,0,three_class_with_air|Random Forest|seed=1
PB2_train_period_i_internal_val_test_batch2,three_class_with_air,Random Forest,train,1.0,acetone,air,0,three_class_with_air|Random Forest|seed=1
PB2_train_period_i_internal_val_test_batch2,three_class_with_air,Random Forest,train,1.0,acetone,alcohol,2,three_class_with_air|Random Forest|seed=1
PB2_train_period_i_internal_val_test_batch2,three_class_with_air,Random Forest,train,1.0,acetone,acetone,10,three_class_with_air|Random Forest|seed=1
PB2_train_period_i_internal_val_test_batch2,three_class_with_air,Random Forest,validation,1.0,air,air,1,three_class_with_air|Random Forest|seed=1
PB2_train_period_i_internal_val_test_batch2,three_class_with_air,Random Forest,validation,1.0,air,alcohol,0,three_class_with_air|Random Forest|seed=1
PB2_train_period_i_internal_val_test_batch2,three_class_with_air,Random Forest,validation,1.0,air,acetone,0,three_class_with_air|Random Forest|seed=1
PB2_train_period_i_internal_val_test_batch2,three_class_with_air,Random Forest,validation,1.0,alcohol,air,0,three_class_with_air|Random Forest|seed=1
PB2_train_period_i_internal_val_test_batch2,three_class_with_air,Random Forest,validation,1.0,alcohol,alcohol,2,three_class_with_air|Random Forest|seed=1
PB2_train_period_i_internal_val_test_batch2,three_class_with_air,Random Forest,validation,1.0,alcohol,acetone,0,three_class_with_air|Random Forest|seed=1
PB2_train_period_i_internal_val_test_batch2,three_class_with_air,Random Forest,validation,1.0,acetone,air,0,three_class_with_air|Random Forest|seed=1
PB2_train_period_i_internal_val_test_batch2,three_class_with_air,Random Forest,validation,1.0,acetone,alcohol,1,three_class_with_air|Random Forest|seed=1
PB2_train_period_i_internal_val_test_batch2,three_class_with_air,Random Forest,validation,1.0,acetone,acetone,1,three_class_with_air|Random Forest|seed=1
PB2_train_period_i_internal_val_test_batch2,three_class_with_air,Random Forest,test,1.0,air,air,18,three_class_with_air|Random Forest|seed=1
PB2_train_period_i_internal_val_test_batch2,three_class_with_air,Random Forest,test,1.0,air,alcohol,0,three_class_with_air|Random Forest|seed=1
PB2_train_period_i_internal_val_test_batch2,three_class_with_air,Random Forest,test,1.0,air,acetone,0,three_class_with_air|Random Forest|seed=1
PB2_train_period_i_internal_val_test_batch2,three_class_with_air,Random Forest,test,1.0,alcohol,air,0,three_class_with_air|Random Forest|seed=1
PB2_train_period_i_internal_val_test_batch2,three_class_with_air,Random Forest,test,1.0,alcohol,alcohol,32,three_class_with_air|Random Forest|seed=1
PB2_train_period_i_internal_val_test_batch2,three_class_with_air,Random Forest,test,1.0,alcohol,acetone,1,three_class_with_air|Random Forest|seed=1
PB2_train_period_i_internal_val_test_batch2,three_class_with_air,Random Forest,test,1.0,acetone,air,0,three_class_with_air|Random Forest|seed=1
PB2_train_period_i_internal_val_test_batch2,three_class_with_air,Random Forest,test,1.0,acetone,alcohol,4,three_class_with_air|Random Forest|seed=1
PB2_train_period_i_internal_val_test_batch2,three_class_with_air,Random Forest,test,1.0,acetone,acetone,29,three_class_with_air|Random Forest|seed=1
PB3_train_period_i_internal_val_test_batch3,three_class_with_air,Random Forest,train,1.0,air,air,6,three_class_with_air|Random Forest|seed=1
PB3_train_period_i_internal_val_test_batch3,three_class_with_air,Random Forest,train,1.0,air,alcohol,0,three_class_with_air|Random Forest|seed=1
PB3_train_period_i_internal_val_test_batch3,three_class_with_air,Random Forest,train,1.0,air,acetone,0,three_class_with_air|Random Forest|seed=1
PB3_train_period_i_internal_val_test_batch3,three_class_with_air,Random Forest,train,1.0,alcohol,air,0,three_class_with_air|Random Forest|seed=1
PB3_train_period_i_internal_val_test_batch3,three_class_with_air,Random Forest,train,1.0,alcohol,alcohol,12,three_class_with_air|Random Forest|seed=1
PB3_train_period_i_internal_val_test_batch3,three_class_with_air,Random Forest,train,1.0,alcohol,acetone,0,three_class_with_air|Random Forest|seed=1
PB3_train_period_i_internal_val_test_batch3,three_class_with_air,Random Forest,train,1.0,acetone,air,0,three_class_with_air|Random Forest|seed=1
PB3_train_period_i_internal_val_test_batch3,three_class_with_air,Random Forest,train,1.0,acetone,alcohol,2,three_class_with_air|Random Forest|seed=1
PB3_train_period_i_internal_val_test_batch3,three_class_with_air,Random Forest,train,1.0,acetone,acetone,10,three_class_with_air|Random Forest|seed=1
PB3_train_period_i_internal_val_test_batch3,three_class_with_air,Random Forest,validation,1.0,air,air,1,three_class_with_air|Random Forest|seed=1
PB3_train_period_i_internal_val_test_batch3,three_class_with_air,Random Forest,validation,1.0,air,alcohol,0,three_class_with_air|Random Forest|seed=1
PB3_train_period_i_internal_val_test_batch3,three_class_with_air,Random Forest,validation,1.0,air,acetone,0,three_class_with_air|Random Forest|seed=1
PB3_train_period_i_internal_val_test_batch3,three_class_with_air,Random Forest,validation,1.0,alcohol,air,0,three_class_with_air|Random Forest|seed=1
PB3_train_period_i_internal_val_test_batch3,three_class_with_air,Random Forest,validation,1.0,alcohol,alcohol,2,three_class_with_air|Random Forest|seed=1
PB3_train_period_i_internal_val_test_batch3,three_class_with_air,Random Forest,validation,1.0,alcohol,acetone,0,three_class_with_air|Random Forest|seed=1
PB3_train_period_i_internal_val_test_batch3,three_class_with_air,Random Forest,validation,1.0,acetone,air,0,three_class_with_air|Random Forest|seed=1
PB3_train_period_i_internal_val_test_batch3,three_class_with_air,Random Forest,validation,1.0,acetone,alcohol,1,three_class_with_air|Random Forest|seed=1
PB3_train_period_i_internal_val_test_batch3,three_class_with_air,Random Forest,validation,1.0,acetone,acetone,1,three_class_with_air|Random Forest|seed=1
PB3_train_period_i_internal_val_test_batch3,three_class_with_air,Random Forest,test,1.0,air,air,31,three_class_with_air|Random Forest|seed=1
PB3_train_period_i_internal_val_test_batch3,three_class_with_air,Random Forest,test,1.0,air,alcohol,0,three_class_with_air|Random Forest|seed=1
PB3_train_period_i_internal_val_test_batch3,three_class_with_air,Random Forest,test,1.0,air,acetone,0,three_class_with_air|Random Forest|seed=1
PB3_train_period_i_internal_val_test_batch3,three_class_with_air,Random Forest,test,1.0,alcohol,air,0,three_class_with_air|Random Forest|seed=1
PB3_train_period_i_internal_val_test_batch3,three_class_with_air,Random Forest,test,1.0,alcohol,alcohol,24,three_class_with_air|Random Forest|seed=1
PB3_train_period_i_internal_val_test_batch3,three_class_with_air,Random Forest,test,1.0,alcohol,acetone,1,three_class_with_air|Random Forest|seed=1
PB3_train_period_i_internal_val_test_batch3,three_class_with_air,Random Forest,test,1.0,acetone,air,0,three_class_with_air|Random Forest|seed=1
PB3_train_period_i_internal_val_test_batch3,three_class_with_air,Random Forest,test,1.0,acetone,alcohol,8,three_class_with_air|Random Forest|seed=1
PB3_train_period_i_internal_val_test_batch3,three_class_with_air,Random Forest,test,1.0,acetone,acetone,17,three_class_with_air|Random Forest|seed=1
PB4_train_period_i_internal_val_test_batch4,three_class_with_air,Random Forest,train,1.0,air,air,6,three_class_with_air|Random Forest|seed=1
PB4_train_period_i_internal_val_test_batch4,three_class_with_air,Random Forest,train,1.0,air,alcohol,0,three_class_with_air|Random Forest|seed=1
PB4_train_period_i_internal_val_test_batch4,three_class_with_air,Random Forest,train,1.0,air,acetone,0,three_class_with_air|Random Forest|seed=1
PB4_train_period_i_internal_val_test_batch4,three_class_with_air,Random Forest,train,1.0,alcohol,air,0,three_class_with_air|Random Forest|seed=1
PB4_train_period_i_internal_val_test_batch4,three_class_with_air,Random Forest,train,1.0,alcohol,alcohol,12,three_class_with_air|Random Forest|seed=1
PB4_train_period_i_internal_val_test_batch4,three_class_with_air,Random Forest,train,1.0,alcohol,acetone,0,three_class_with_air|Random Forest|seed=1
PB4_train_period_i_internal_val_test_batch4,three_class_with_air,Random Forest,train,1.0,acetone,air,0,three_class_with_air|Random Forest|seed=1
PB4_train_period_i_internal_val_test_batch4,three_class_with_air,Random Forest,train,1.0,acetone,alcohol,2,three_class_with_air|Random Forest|seed=1
PB4_train_period_i_internal_val_test_batch4,three_class_with_air,Random Forest,train,1.0,acetone,acetone,10,three_class_with_air|Random Forest|seed=1
PB4_train_period_i_internal_val_test_batch4,three_class_with_air,Random Forest,validation,1.0,air,air,1,three_class_with_air|Random Forest|seed=1
PB4_train_period_i_internal_val_test_batch4,three_class_with_air,Random Forest,validation,1.0,air,alcohol,0,three_class_with_air|Random Forest|seed=1
PB4_train_period_i_internal_val_test_batch4,three_class_with_air,Random Forest,validation,1.0,air,acetone,0,three_class_with_air|Random Forest|seed=1
PB4_train_period_i_internal_val_test_batch4,three_class_with_air,Random Forest,validation,1.0,alcohol,air,0,three_class_with_air|Random Forest|seed=1
PB4_train_period_i_internal_val_test_batch4,three_class_with_air,Random Forest,validation,1.0,alcohol,alcohol,2,three_class_with_air|Random Forest|seed=1
PB4_train_period_i_internal_val_test_batch4,three_class_with_air,Random Forest,validation,1.0,alcohol,acetone,0,three_class_with_air|Random Forest|seed=1
PB4_train_period_i_internal_val_test_batch4,three_class_with_air,Random Forest,validation,1.0,acetone,air,0,three_class_with_air|Random Forest|seed=1
PB4_train_period_i_internal_val_test_batch4,three_class_with_air,Random Forest,validation,1.0,acetone,alcohol,1,three_class_with_air|Random Forest|seed=1
PB4_train_period_i_internal_val_test_batch4,three_class_with_air,Random Forest,validation,1.0,acetone,acetone,1,three_class_with_air|Random Forest|seed=1
PB4_train_period_i_internal_val_test_batch4,three_class_with_air,Random Forest,test,1.0,air,air,14,three_class_with_air|Random Forest|seed=1
PB4_train_period_i_internal_val_test_batch4,three_class_with_air,Random Forest,test,1.0,air,alcohol,0,three_class_with_air|Random Forest|seed=1
PB4_train_period_i_internal_val_test_batch4,three_class_with_air,Random Forest,test,1.0,air,acetone,0,three_class_with_air|Random Forest|seed=1
PB4_train_period_i_internal_val_test_batch4,three_class_with_air,Random Forest,test,1.0,alcohol,air,0,three_class_with_air|Random Forest|seed=1
PB4_train_period_i_internal_val_test_batch4,three_class_with_air,Random Forest,test,1.0,alcohol,alcohol,10,three_class_with_air|Random Forest|seed=1
PB4_train_period_i_internal_val_test_batch4,three_class_with_air,Random Forest,test,1.0,alcohol,acetone,6,three_class_with_air|Random Forest|seed=1
PB4_train_period_i_internal_val_test_batch4,three_class_with_air,Random Forest,test,1.0,acetone,air,0,three_class_with_air|Random Forest|seed=1
PB4_train_period_i_internal_val_test_batch4,three_class_with_air,Random Forest,test,1.0,acetone,alcohol,0,three_class_with_air|Random Forest|seed=1
PB4_train_period_i_internal_val_test_batch4,three_class_with_air,Random Forest,test,1.0,acetone,acetone,16,three_class_with_air|Random Forest|seed=1
PB5_train_period_i_internal_val_test_batch5,three_class_with_air,Random Forest,train,1.0,air,air,6,three_class_with_air|Random Forest|seed=1
PB5_train_period_i_internal_val_test_batch5,three_class_with_air,Random Forest,train,1.0,air,alcohol,0,three_class_with_air|Random Forest|seed=1
PB5_train_period_i_internal_val_test_batch5,three_class_with_air,Random Forest,train,1.0,air,acetone,0,three_class_with_air|Random Forest|seed=1
PB5_train_period_i_internal_val_test_batch5,three_class_with_air,Random Forest,train,1.0,alcohol,air,0,three_class_with_air|Random Forest|seed=1
PB5_train_period_i_internal_val_test_batch5,three_class_with_air,Random Forest,train,1.0,alcohol,alcohol,12,three_class_with_air|Random Forest|seed=1
PB5_train_period_i_internal_val_test_batch5,three_class_with_air,Random Forest,train,1.0,alcohol,acetone,0,three_class_with_air|Random Forest|seed=1
PB5_train_period_i_internal_val_test_batch5,three_class_with_air,Random Forest,train,1.0,acetone,air,0,three_class_with_air|Random Forest|seed=1
PB5_train_period_i_internal_val_test_batch5,three_class_with_air,Random Forest,train,1.0,acetone,alcohol,2,three_class_with_air|Random Forest|seed=1
PB5_train_period_i_internal_val_test_batch5,three_class_with_air,Random Forest,train,1.0,acetone,acetone,10,three_class_with_air|Random Forest|seed=1
PB5_train_period_i_internal_val_test_batch5,three_class_with_air,Random Forest,validation,1.0,air,air,1,three_class_with_air|Random Forest|seed=1
PB5_train_period_i_internal_val_test_batch5,three_class_with_air,Random Forest,validation,1.0,air,alcohol,0,three_class_with_air|Random Forest|seed=1
PB5_train_period_i_internal_val_test_batch5,three_class_with_air,Random Forest,validation,1.0,air,acetone,0,three_class_with_air|Random Forest|seed=1
PB5_train_period_i_internal_val_test_batch5,three_class_with_air,Random Forest,validation,1.0,alcohol,air,0,three_class_with_air|Random Forest|seed=1
PB5_train_period_i_internal_val_test_batch5,three_class_with_air,Random Forest,validation,1.0,alcohol,alcohol,2,three_class_with_air|Random Forest|seed=1
PB5_train_period_i_internal_val_test_batch5,three_class_with_air,Random Forest,validation,1.0,alcohol,acetone,0,three_class_with_air|Random Forest|seed=1
PB5_train_period_i_internal_val_test_batch5,three_class_with_air,Random Forest,validation,1.0,acetone,air,0,three_class_with_air|Random Forest|seed=1
PB5_train_period_i_internal_val_test_batch5,three_class_with_air,Random Forest,validation,1.0,acetone,alcohol,1,three_class_with_air|Random Forest|seed=1
PB5_train_period_i_internal_val_test_batch5,three_class_with_air,Random Forest,validation,1.0,acetone,acetone,1,three_class_with_air|Random Forest|seed=1
PB5_train_period_i_internal_val_test_batch5,three_class_with_air,Random Forest,test,1.0,air,air,10,three_class_with_air|Random Forest|seed=1
PB5_train_period_i_internal_val_test_batch5,three_class_with_air,Random Forest,test,1.0,air,alcohol,0,three_class_with_air|Random Forest|seed=1
PB5_train_period_i_internal_val_test_batch5,three_class_with_air,Random Forest,test,1.0,air,acetone,0,three_class_with_air|Random Forest|seed=1
PB5_train_period_i_internal_val_test_batch5,three_class_with_air,Random Forest,test,1.0,alcohol,air,0,three_class_with_air|Random Forest|seed=1
PB5_train_period_i_internal_val_test_batch5,three_class_with_air,Random Forest,test,1.0,alcohol,alcohol,12,three_class_with_air|Random Forest|seed=1
PB5_train_period_i_internal_val_test_batch5,three_class_with_air,Random Forest,test,1.0,alcohol,acetone,0,three_class_with_air|Random Forest|seed=1
PB5_train_period_i_internal_val_test_batch5,three_class_with_air,Random Forest,test,1.0,acetone,air,0,three_class_with_air|Random Forest|seed=1
PB5_train_period_i_internal_val_test_batch5,three_class_with_air,Random Forest,test,1.0,acetone,alcohol,2,three_class_with_air|Random Forest|seed=1
PB5_train_period_i_internal_val_test_batch5,three_class_with_air,Random Forest,test,1.0,acetone,acetone,10,three_class_with_air|Random Forest|seed=1
PB1_train_period_i_internal_val_test_batch1,three_class_with_air,Random Forest,train,2.0,air,air,6,three_class_with_air|Random Forest|seed=2
PB1_train_period_i_internal_val_test_batch1,three_class_with_air,Random Forest,train,2.0,air,alcohol,0,three_class_with_air|Random Forest|seed=2
PB1_train_period_i_internal_val_test_batch1,three_class_with_air,Random Forest,train,2.0,air,acetone,0,three_class_with_air|Random Forest|seed=2
PB1_train_period_i_internal_val_test_batch1,three_class_with_air,Random Forest,train,2.0,alcohol,air,0,three_class_with_air|Random Forest|seed=2
PB1_train_period_i_internal_val_test_batch1,three_class_with_air,Random Forest,train,2.0,alcohol,alcohol,12,three_class_with_air|Random Forest|seed=2
PB1_train_period_i_internal_val_test_batch1,three_class_with_air,Random Forest,train,2.0,alcohol,acetone,0,three_class_with_air|Random Forest|seed=2
PB1_train_period_i_internal_val_test_batch1,three_class_with_air,Random Forest,train,2.0,acetone,air,0,three_class_with_air|Random Forest|seed=2
PB1_train_period_i_internal_val_test_batch1,three_class_with_air,Random Forest,train,2.0,acetone,alcohol,3,three_class_with_air|Random Forest|seed=2
PB1_train_period_i_internal_val_test_batch1,three_class_with_air,Random Forest,train,2.0,acetone,acetone,9,three_class_with_air|Random Forest|seed=2
PB1_train_period_i_internal_val_test_batch1,three_class_with_air,Random Forest,validation,2.0,air,air,1,three_class_with_air|Random Forest|seed=2
PB1_train_period_i_internal_val_test_batch1,three_class_with_air,Random Forest,validation,2.0,air,alcohol,0,three_class_with_air|Random Forest|seed=2
PB1_train_period_i_internal_val_test_batch1,three_class_with_air,Random Forest,validation,2.0,air,acetone,0,three_class_with_air|Random Forest|seed=2
PB1_train_period_i_internal_val_test_batch1,three_class_with_air,Random Forest,validation,2.0,alcohol,air,0,three_class_with_air|Random Forest|seed=2
PB1_train_period_i_internal_val_test_batch1,three_class_with_air,Random Forest,validation,2.0,alcohol,alcohol,2,three_class_with_air|Random Forest|seed=2
PB1_train_period_i_internal_val_test_batch1,three_class_with_air,Random Forest,validation,2.0,alcohol,acetone,0,three_class_with_air|Random Forest|seed=2
PB1_train_period_i_internal_val_test_batch1,three_class_with_air,Random Forest,validation,2.0,acetone,air,0,three_class_with_air|Random Forest|seed=2
PB1_train_period_i_internal_val_test_batch1,three_class_with_air,Random Forest,validation,2.0,acetone,alcohol,1,three_class_with_air|Random Forest|seed=2
PB1_train_period_i_internal_val_test_batch1,three_class_with_air,Random Forest,validation,2.0,acetone,acetone,1,three_class_with_air|Random Forest|seed=2
PB1_train_period_i_internal_val_test_batch1,three_class_with_air,Random Forest,test,2.0,air,air,8,three_class_with_air|Random Forest|seed=2
PB1_train_period_i_internal_val_test_batch1,three_class_with_air,Random Forest,test,2.0,air,alcohol,0,three_class_with_air|Random Forest|seed=2
PB1_train_period_i_internal_val_test_batch1,three_class_with_air,Random Forest,test,2.0,air,acetone,0,three_class_with_air|Random Forest|seed=2
PB1_train_period_i_internal_val_test_batch1,three_class_with_air,Random Forest,test,2.0,alcohol,air,0,three_class_with_air|Random Forest|seed=2
PB1_train_period_i_internal_val_test_batch1,three_class_with_air,Random Forest,test,2.0,alcohol,alcohol,2,three_class_with_air|Random Forest|seed=2
PB1_train_period_i_internal_val_test_batch1,three_class_with_air,Random Forest,test,2.0,alcohol,acetone,8,three_class_with_air|Random Forest|seed=2
PB1_train_period_i_internal_val_test_batch1,three_class_with_air,Random Forest,test,2.0,acetone,air,0,three_class_with_air|Random Forest|seed=2
PB1_train_period_i_internal_val_test_batch1,three_class_with_air,Random Forest,test,2.0,acetone,alcohol,0,three_class_with_air|Random Forest|seed=2
PB1_train_period_i_internal_val_test_batch1,three_class_with_air,Random Forest,test,2.0,acetone,acetone,10,three_class_with_air|Random Forest|seed=2
PB2_train_period_i_internal_val_test_batch2,three_class_with_air,Random Forest,train,2.0,air,air,6,three_class_with_air|Random Forest|seed=2
PB2_train_period_i_internal_val_test_batch2,three_class_with_air,Random Forest,train,2.0,air,alcohol,0,three_class_with_air|Random Forest|seed=2
PB2_train_period_i_internal_val_test_batch2,three_class_with_air,Random Forest,train,2.0,air,acetone,0,three_class_with_air|Random Forest|seed=2
PB2_train_period_i_internal_val_test_batch2,three_class_with_air,Random Forest,train,2.0,alcohol,air,0,three_class_with_air|Random Forest|seed=2
PB2_train_period_i_internal_val_test_batch2,three_class_with_air,Random Forest,train,2.0,alcohol,alcohol,12,three_class_with_air|Random Forest|seed=2
PB2_train_period_i_internal_val_test_batch2,three_class_with_air,Random Forest,train,2.0,alcohol,acetone,0,three_class_with_air|Random Forest|seed=2
PB2_train_period_i_internal_val_test_batch2,three_class_with_air,Random Forest,train,2.0,acetone,air,0,three_class_with_air|Random Forest|seed=2
PB2_train_period_i_internal_val_test_batch2,three_class_with_air,Random Forest,train,2.0,acetone,alcohol,3,three_class_with_air|Random Forest|seed=2
PB2_train_period_i_internal_val_test_batch2,three_class_with_air,Random Forest,train,2.0,acetone,acetone,9,three_class_with_air|Random Forest|seed=2
PB2_train_period_i_internal_val_test_batch2,three_class_with_air,Random Forest,validation,2.0,air,air,1,three_class_with_air|Random Forest|seed=2
PB2_train_period_i_internal_val_test_batch2,three_class_with_air,Random Forest,validation,2.0,air,alcohol,0,three_class_with_air|Random Forest|seed=2
PB2_train_period_i_internal_val_test_batch2,three_class_with_air,Random Forest,validation,2.0,air,acetone,0,three_class_with_air|Random Forest|seed=2
PB2_train_period_i_internal_val_test_batch2,three_class_with_air,Random Forest,validation,2.0,alcohol,air,0,three_class_with_air|Random Forest|seed=2
PB2_train_period_i_internal_val_test_batch2,three_class_with_air,Random Forest,validation,2.0,alcohol,alcohol,2,three_class_with_air|Random Forest|seed=2
PB2_train_period_i_internal_val_test_batch2,three_class_with_air,Random Forest,validation,2.0,alcohol,acetone,0,three_class_with_air|Random Forest|seed=2
PB2_train_period_i_internal_val_test_batch2,three_class_with_air,Random Forest,validation,2.0,acetone,air,0,three_class_with_air|Random Forest|seed=2
PB2_train_period_i_internal_val_test_batch2,three_class_with_air,Random Forest,validation,2.0,acetone,alcohol,1,three_class_with_air|Random Forest|seed=2
PB2_train_period_i_internal_val_test_batch2,three_class_with_air,Random Forest,validation,2.0,acetone,acetone,1,three_class_with_air|Random Forest|seed=2
PB2_train_period_i_internal_val_test_batch2,three_class_with_air,Random Forest,test,2.0,air,air,18,three_class_with_air|Random Forest|seed=2
PB2_train_period_i_internal_val_test_batch2,three_class_with_air,Random Forest,test,2.0,air,alcohol,0,three_class_with_air|Random Forest|seed=2
PB2_train_period_i_internal_val_test_batch2,three_class_with_air,Random Forest,test,2.0,air,acetone,0,three_class_with_air|Random Forest|seed=2
PB2_train_period_i_internal_val_test_batch2,three_class_with_air,Random Forest,test,2.0,alcohol,air,0,three_class_with_air|Random Forest|seed=2
PB2_train_period_i_internal_val_test_batch2,three_class_with_air,Random Forest,test,2.0,alcohol,alcohol,32,three_class_with_air|Random Forest|seed=2
PB2_train_period_i_internal_val_test_batch2,three_class_with_air,Random Forest,test,2.0,alcohol,acetone,1,three_class_with_air|Random Forest|seed=2
PB2_train_period_i_internal_val_test_batch2,three_class_with_air,Random Forest,test,2.0,acetone,air,0,three_class_with_air|Random Forest|seed=2
PB2_train_period_i_internal_val_test_batch2,three_class_with_air,Random Forest,test,2.0,acetone,alcohol,4,three_class_with_air|Random Forest|seed=2
PB2_train_period_i_internal_val_test_batch2,three_class_with_air,Random Forest,test,2.0,acetone,acetone,29,three_class_with_air|Random Forest|seed=2
PB3_train_period_i_internal_val_test_batch3,three_class_with_air,Random Forest,train,2.0,air,air,6,three_class_with_air|Random Forest|seed=2
PB3_train_period_i_internal_val_test_batch3,three_class_with_air,Random Forest,train,2.0,air,alcohol,0,three_class_with_air|Random Forest|seed=2
PB3_train_period_i_internal_val_test_batch3,three_class_with_air,Random Forest,train,2.0,air,acetone,0,three_class_with_air|Random Forest|seed=2
PB3_train_period_i_internal_val_test_batch3,three_class_with_air,Random Forest,train,2.0,alcohol,air,0,three_class_with_air|Random Forest|seed=2
PB3_train_period_i_internal_val_test_batch3,three_class_with_air,Random Forest,train,2.0,alcohol,alcohol,12,three_class_with_air|Random Forest|seed=2
PB3_train_period_i_internal_val_test_batch3,three_class_with_air,Random Forest,train,2.0,alcohol,acetone,0,three_class_with_air|Random Forest|seed=2
PB3_train_period_i_internal_val_test_batch3,three_class_with_air,Random Forest,train,2.0,acetone,air,0,three_class_with_air|Random Forest|seed=2
PB3_train_period_i_internal_val_test_batch3,three_class_with_air,Random Forest,train,2.0,acetone,alcohol,3,three_class_with_air|Random Forest|seed=2
PB3_train_period_i_internal_val_test_batch3,three_class_with_air,Random Forest,train,2.0,acetone,acetone,9,three_class_with_air|Random Forest|seed=2
PB3_train_period_i_internal_val_test_batch3,three_class_with_air,Random Forest,validation,2.0,air,air,1,three_class_with_air|Random Forest|seed=2
PB3_train_period_i_internal_val_test_batch3,three_class_with_air,Random Forest,validation,2.0,air,alcohol,0,three_class_with_air|Random Forest|seed=2
PB3_train_period_i_internal_val_test_batch3,three_class_with_air,Random Forest,validation,2.0,air,acetone,0,three_class_with_air|Random Forest|seed=2
PB3_train_period_i_internal_val_test_batch3,three_class_with_air,Random Forest,validation,2.0,alcohol,air,0,three_class_with_air|Random Forest|seed=2
PB3_train_period_i_internal_val_test_batch3,three_class_with_air,Random Forest,validation,2.0,alcohol,alcohol,2,three_class_with_air|Random Forest|seed=2
PB3_train_period_i_internal_val_test_batch3,three_class_with_air,Random Forest,validation,2.0,alcohol,acetone,0,three_class_with_air|Random Forest|seed=2
PB3_train_period_i_internal_val_test_batch3,three_class_with_air,Random Forest,validation,2.0,acetone,air,0,three_class_with_air|Random Forest|seed=2
PB3_train_period_i_internal_val_test_batch3,three_class_with_air,Random Forest,validation,2.0,acetone,alcohol,1,three_class_with_air|Random Forest|seed=2
PB3_train_period_i_internal_val_test_batch3,three_class_with_air,Random Forest,validation,2.0,acetone,acetone,1,three_class_with_air|Random Forest|seed=2
PB3_train_period_i_internal_val_test_batch3,three_class_with_air,Random Forest,test,2.0,air,air,31,three_class_with_air|Random Forest|seed=2
PB3_train_period_i_internal_val_test_batch3,three_class_with_air,Random Forest,test,2.0,air,alcohol,0,three_class_with_air|Random Forest|seed=2
PB3_train_period_i_internal_val_test_batch3,three_class_with_air,Random Forest,test,2.0,air,acetone,0,three_class_with_air|Random Forest|seed=2
PB3_train_period_i_internal_val_test_batch3,three_class_with_air,Random Forest,test,2.0,alcohol,air,0,three_class_with_air|Random Forest|seed=2
PB3_train_period_i_internal_val_test_batch3,three_class_with_air,Random Forest,test,2.0,alcohol,alcohol,25,three_class_with_air|Random Forest|seed=2
PB3_train_period_i_internal_val_test_batch3,three_class_with_air,Random Forest,test,2.0,alcohol,acetone,0,three_class_with_air|Random Forest|seed=2
PB3_train_period_i_internal_val_test_batch3,three_class_with_air,Random Forest,test,2.0,acetone,air,0,three_class_with_air|Random Forest|seed=2
PB3_train_period_i_internal_val_test_batch3,three_class_with_air,Random Forest,test,2.0,acetone,alcohol,9,three_class_with_air|Random Forest|seed=2
PB3_train_period_i_internal_val_test_batch3,three_class_with_air,Random Forest,test,2.0,acetone,acetone,16,three_class_with_air|Random Forest|seed=2
PB4_train_period_i_internal_val_test_batch4,three_class_with_air,Random Forest,train,2.0,air,air,6,three_class_with_air|Random Forest|seed=2
PB4_train_period_i_internal_val_test_batch4,three_class_with_air,Random Forest,train,2.0,air,alcohol,0,three_class_with_air|Random Forest|seed=2
PB4_train_period_i_internal_val_test_batch4,three_class_with_air,Random Forest,train,2.0,air,acetone,0,three_class_with_air|Random Forest|seed=2
PB4_train_period_i_internal_val_test_batch4,three_class_with_air,Random Forest,train,2.0,alcohol,air,0,three_class_with_air|Random Forest|seed=2
PB4_train_period_i_internal_val_test_batch4,three_class_with_air,Random Forest,train,2.0,alcohol,alcohol,12,three_class_with_air|Random Forest|seed=2
PB4_train_period_i_internal_val_test_batch4,three_class_with_air,Random Forest,train,2.0,alcohol,acetone,0,three_class_with_air|Random Forest|seed=2
PB4_train_period_i_internal_val_test_batch4,three_class_with_air,Random Forest,train,2.0,acetone,air,0,three_class_with_air|Random Forest|seed=2
PB4_train_period_i_internal_val_test_batch4,three_class_with_air,Random Forest,train,2.0,acetone,alcohol,3,three_class_with_air|Random Forest|seed=2
PB4_train_period_i_internal_val_test_batch4,three_class_with_air,Random Forest,train,2.0,acetone,acetone,9,three_class_with_air|Random Forest|seed=2
PB4_train_period_i_internal_val_test_batch4,three_class_with_air,Random Forest,validation,2.0,air,air,1,three_class_with_air|Random Forest|seed=2
PB4_train_period_i_internal_val_test_batch4,three_class_with_air,Random Forest,validation,2.0,air,alcohol,0,three_class_with_air|Random Forest|seed=2
PB4_train_period_i_internal_val_test_batch4,three_class_with_air,Random Forest,validation,2.0,air,acetone,0,three_class_with_air|Random Forest|seed=2
PB4_train_period_i_internal_val_test_batch4,three_class_with_air,Random Forest,validation,2.0,alcohol,air,0,three_class_with_air|Random Forest|seed=2
PB4_train_period_i_internal_val_test_batch4,three_class_with_air,Random Forest,validation,2.0,alcohol,alcohol,2,three_class_with_air|Random Forest|seed=2
PB4_train_period_i_internal_val_test_batch4,three_class_with_air,Random Forest,validation,2.0,alcohol,acetone,0,three_class_with_air|Random Forest|seed=2
PB4_train_period_i_internal_val_test_batch4,three_class_with_air,Random Forest,validation,2.0,acetone,air,0,three_class_with_air|Random Forest|seed=2
PB4_train_period_i_internal_val_test_batch4,three_class_with_air,Random Forest,validation,2.0,acetone,alcohol,1,three_class_with_air|Random Forest|seed=2
PB4_train_period_i_internal_val_test_batch4,three_class_with_air,Random Forest,validation,2.0,acetone,acetone,1,three_class_with_air|Random Forest|seed=2
PB4_train_period_i_internal_val_test_batch4,three_class_with_air,Random Forest,test,2.0,air,air,14,three_class_with_air|Random Forest|seed=2
PB4_train_period_i_internal_val_test_batch4,three_class_with_air,Random Forest,test,2.0,air,alcohol,0,three_class_with_air|Random Forest|seed=2
PB4_train_period_i_internal_val_test_batch4,three_class_with_air,Random Forest,test,2.0,air,acetone,0,three_class_with_air|Random Forest|seed=2
PB4_train_period_i_internal_val_test_batch4,three_class_with_air,Random Forest,test,2.0,alcohol,air,0,three_class_with_air|Random Forest|seed=2
PB4_train_period_i_internal_val_test_batch4,three_class_with_air,Random Forest,test,2.0,alcohol,alcohol,12,three_class_with_air|Random Forest|seed=2
PB4_train_period_i_internal_val_test_batch4,three_class_with_air,Random Forest,test,2.0,alcohol,acetone,4,three_class_with_air|Random Forest|seed=2
PB4_train_period_i_internal_val_test_batch4,three_class_with_air,Random Forest,test,2.0,acetone,air,0,three_class_with_air|Random Forest|seed=2
PB4_train_period_i_internal_val_test_batch4,three_class_with_air,Random Forest,test,2.0,acetone,alcohol,0,three_class_with_air|Random Forest|seed=2
PB4_train_period_i_internal_val_test_batch4,three_class_with_air,Random Forest,test,2.0,acetone,acetone,16,three_class_with_air|Random Forest|seed=2
PB5_train_period_i_internal_val_test_batch5,three_class_with_air,Random Forest,train,2.0,air,air,6,three_class_with_air|Random Forest|seed=2
PB5_train_period_i_internal_val_test_batch5,three_class_with_air,Random Forest,train,2.0,air,alcohol,0,three_class_with_air|Random Forest|seed=2
PB5_train_period_i_internal_val_test_batch5,three_class_with_air,Random Forest,train,2.0,air,acetone,0,three_class_with_air|Random Forest|seed=2
PB5_train_period_i_internal_val_test_batch5,three_class_with_air,Random Forest,train,2.0,alcohol,air,0,three_class_with_air|Random Forest|seed=2
PB5_train_period_i_internal_val_test_batch5,three_class_with_air,Random Forest,train,2.0,alcohol,alcohol,12,three_class_with_air|Random Forest|seed=2
PB5_train_period_i_internal_val_test_batch5,three_class_with_air,Random Forest,train,2.0,alcohol,acetone,0,three_class_with_air|Random Forest|seed=2
PB5_train_period_i_internal_val_test_batch5,three_class_with_air,Random Forest,train,2.0,acetone,air,0,three_class_with_air|Random Forest|seed=2
PB5_train_period_i_internal_val_test_batch5,three_class_with_air,Random Forest,train,2.0,acetone,alcohol,3,three_class_with_air|Random Forest|seed=2
PB5_train_period_i_internal_val_test_batch5,three_class_with_air,Random Forest,train,2.0,acetone,acetone,9,three_class_with_air|Random Forest|seed=2
PB5_train_period_i_internal_val_test_batch5,three_class_with_air,Random Forest,validation,2.0,air,air,1,three_class_with_air|Random Forest|seed=2
PB5_train_period_i_internal_val_test_batch5,three_class_with_air,Random Forest,validation,2.0,air,alcohol,0,three_class_with_air|Random Forest|seed=2
PB5_train_period_i_internal_val_test_batch5,three_class_with_air,Random Forest,validation,2.0,air,acetone,0,three_class_with_air|Random Forest|seed=2
PB5_train_period_i_internal_val_test_batch5,three_class_with_air,Random Forest,validation,2.0,alcohol,air,0,three_class_with_air|Random Forest|seed=2
PB5_train_period_i_internal_val_test_batch5,three_class_with_air,Random Forest,validation,2.0,alcohol,alcohol,2,three_class_with_air|Random Forest|seed=2
PB5_train_period_i_internal_val_test_batch5,three_class_with_air,Random Forest,validation,2.0,alcohol,acetone,0,three_class_with_air|Random Forest|seed=2
PB5_train_period_i_internal_val_test_batch5,three_class_with_air,Random Forest,validation,2.0,acetone,air,0,three_class_with_air|Random Forest|seed=2
PB5_train_period_i_internal_val_test_batch5,three_class_with_air,Random Forest,validation,2.0,acetone,alcohol,1,three_class_with_air|Random Forest|seed=2
PB5_train_period_i_internal_val_test_batch5,three_class_with_air,Random Forest,validation,2.0,acetone,acetone,1,three_class_with_air|Random Forest|seed=2
PB5_train_period_i_internal_val_test_batch5,three_class_with_air,Random Forest,test,2.0,air,air,10,three_class_with_air|Random Forest|seed=2
PB5_train_period_i_internal_val_test_batch5,three_class_with_air,Random Forest,test,2.0,air,alcohol,0,three_class_with_air|Random Forest|seed=2
PB5_train_period_i_internal_val_test_batch5,three_class_with_air,Random Forest,test,2.0,air,acetone,0,three_class_with_air|Random Forest|seed=2
PB5_train_period_i_internal_val_test_batch5,three_class_with_air,Random Forest,test,2.0,alcohol,air,0,three_class_with_air|Random Forest|seed=2
PB5_train_period_i_internal_val_test_batch5,three_class_with_air,Random Forest,test,2.0,alcohol,alcohol,12,three_class_with_air|Random Forest|seed=2
PB5_train_period_i_internal_val_test_batch5,three_class_with_air,Random Forest,test,2.0,alcohol,acetone,0,three_class_with_air|Random Forest|seed=2
PB5_train_period_i_internal_val_test_batch5,three_class_with_air,Random Forest,test,2.0,acetone,air,0,three_class_with_air|Random Forest|seed=2
PB5_train_period_i_internal_val_test_batch5,three_class_with_air,Random Forest,test,2.0,acetone,alcohol,2,three_class_with_air|Random Forest|seed=2
PB5_train_period_i_internal_val_test_batch5,three_class_with_air,Random Forest,test,2.0,acetone,acetone,10,three_class_with_air|Random Forest|seed=2
PB1_train_period_i_internal_val_test_batch1,three_class_with_air,Random Forest,train,3.0,air,air,6,three_class_with_air|Random Forest|seed=3
PB1_train_period_i_internal_val_test_batch1,three_class_with_air,Random Forest,train,3.0,air,alcohol,0,three_class_with_air|Random Forest|seed=3
PB1_train_period_i_internal_val_test_batch1,three_class_with_air,Random Forest,train,3.0,air,acetone,0,three_class_with_air|Random Forest|seed=3
PB1_train_period_i_internal_val_test_batch1,three_class_with_air,Random Forest,train,3.0,alcohol,air,0,three_class_with_air|Random Forest|seed=3
PB1_train_period_i_internal_val_test_batch1,three_class_with_air,Random Forest,train,3.0,alcohol,alcohol,12,three_class_with_air|Random Forest|seed=3
PB1_train_period_i_internal_val_test_batch1,three_class_with_air,Random Forest,train,3.0,alcohol,acetone,0,three_class_with_air|Random Forest|seed=3
PB1_train_period_i_internal_val_test_batch1,three_class_with_air,Random Forest,train,3.0,acetone,air,0,three_class_with_air|Random Forest|seed=3
PB1_train_period_i_internal_val_test_batch1,three_class_with_air,Random Forest,train,3.0,acetone,alcohol,3,three_class_with_air|Random Forest|seed=3
PB1_train_period_i_internal_val_test_batch1,three_class_with_air,Random Forest,train,3.0,acetone,acetone,9,three_class_with_air|Random Forest|seed=3
PB1_train_period_i_internal_val_test_batch1,three_class_with_air,Random Forest,validation,3.0,air,air,1,three_class_with_air|Random Forest|seed=3
PB1_train_period_i_internal_val_test_batch1,three_class_with_air,Random Forest,validation,3.0,air,alcohol,0,three_class_with_air|Random Forest|seed=3
PB1_train_period_i_internal_val_test_batch1,three_class_with_air,Random Forest,validation,3.0,air,acetone,0,three_class_with_air|Random Forest|seed=3
PB1_train_period_i_internal_val_test_batch1,three_class_with_air,Random Forest,validation,3.0,alcohol,air,0,three_class_with_air|Random Forest|seed=3
PB1_train_period_i_internal_val_test_batch1,three_class_with_air,Random Forest,validation,3.0,alcohol,alcohol,2,three_class_with_air|Random Forest|seed=3
PB1_train_period_i_internal_val_test_batch1,three_class_with_air,Random Forest,validation,3.0,alcohol,acetone,0,three_class_with_air|Random Forest|seed=3
PB1_train_period_i_internal_val_test_batch1,three_class_with_air,Random Forest,validation,3.0,acetone,air,0,three_class_with_air|Random Forest|seed=3
PB1_train_period_i_internal_val_test_batch1,three_class_with_air,Random Forest,validation,3.0,acetone,alcohol,1,three_class_with_air|Random Forest|seed=3
PB1_train_period_i_internal_val_test_batch1,three_class_with_air,Random Forest,validation,3.0,acetone,acetone,1,three_class_with_air|Random Forest|seed=3
PB1_train_period_i_internal_val_test_batch1,three_class_with_air,Random Forest,test,3.0,air,air,8,three_class_with_air|Random Forest|seed=3
PB1_train_period_i_internal_val_test_batch1,three_class_with_air,Random Forest,test,3.0,air,alcohol,0,three_class_with_air|Random Forest|seed=3
PB1_train_period_i_internal_val_test_batch1,three_class_with_air,Random Forest,test,3.0,air,acetone,0,three_class_with_air|Random Forest|seed=3
PB1_train_period_i_internal_val_test_batch1,three_class_with_air,Random Forest,test,3.0,alcohol,air,0,three_class_with_air|Random Forest|seed=3
PB1_train_period_i_internal_val_test_batch1,three_class_with_air,Random Forest,test,3.0,alcohol,alcohol,3,three_class_with_air|Random Forest|seed=3
PB1_train_period_i_internal_val_test_batch1,three_class_with_air,Random Forest,test,3.0,alcohol,acetone,7,three_class_with_air|Random Forest|seed=3
PB1_train_period_i_internal_val_test_batch1,three_class_with_air,Random Forest,test,3.0,acetone,air,0,three_class_with_air|Random Forest|seed=3
PB1_train_period_i_internal_val_test_batch1,three_class_with_air,Random Forest,test,3.0,acetone,alcohol,0,three_class_with_air|Random Forest|seed=3
PB1_train_period_i_internal_val_test_batch1,three_class_with_air,Random Forest,test,3.0,acetone,acetone,10,three_class_with_air|Random Forest|seed=3
PB2_train_period_i_internal_val_test_batch2,three_class_with_air,Random Forest,train,3.0,air,air,6,three_class_with_air|Random Forest|seed=3
PB2_train_period_i_internal_val_test_batch2,three_class_with_air,Random Forest,train,3.0,air,alcohol,0,three_class_with_air|Random Forest|seed=3
PB2_train_period_i_internal_val_test_batch2,three_class_with_air,Random Forest,train,3.0,air,acetone,0,three_class_with_air|Random Forest|seed=3
PB2_train_period_i_internal_val_test_batch2,three_class_with_air,Random Forest,train,3.0,alcohol,air,0,three_class_with_air|Random Forest|seed=3
PB2_train_period_i_internal_val_test_batch2,three_class_with_air,Random Forest,train,3.0,alcohol,alcohol,12,three_class_with_air|Random Forest|seed=3
PB2_train_period_i_internal_val_test_batch2,three_class_with_air,Random Forest,train,3.0,alcohol,acetone,0,three_class_with_air|Random Forest|seed=3
PB2_train_period_i_internal_val_test_batch2,three_class_with_air,Random Forest,train,3.0,acetone,air,0,three_class_with_air|Random Forest|seed=3
PB2_train_period_i_internal_val_test_batch2,three_class_with_air,Random Forest,train,3.0,acetone,alcohol,3,three_class_with_air|Random Forest|seed=3
PB2_train_period_i_internal_val_test_batch2,three_class_with_air,Random Forest,train,3.0,acetone,acetone,9,three_class_with_air|Random Forest|seed=3
PB2_train_period_i_internal_val_test_batch2,three_class_with_air,Random Forest,validation,3.0,air,air,1,three_class_with_air|Random Forest|seed=3
PB2_train_period_i_internal_val_test_batch2,three_class_with_air,Random Forest,validation,3.0,air,alcohol,0,three_class_with_air|Random Forest|seed=3
PB2_train_period_i_internal_val_test_batch2,three_class_with_air,Random Forest,validation,3.0,air,acetone,0,three_class_with_air|Random Forest|seed=3
PB2_train_period_i_internal_val_test_batch2,three_class_with_air,Random Forest,validation,3.0,alcohol,air,0,three_class_with_air|Random Forest|seed=3
PB2_train_period_i_internal_val_test_batch2,three_class_with_air,Random Forest,validation,3.0,alcohol,alcohol,2,three_class_with_air|Random Forest|seed=3
PB2_train_period_i_internal_val_test_batch2,three_class_with_air,Random Forest,validation,3.0,alcohol,acetone,0,three_class_with_air|Random Forest|seed=3
PB2_train_period_i_internal_val_test_batch2,three_class_with_air,Random Forest,validation,3.0,acetone,air,0,three_class_with_air|Random Forest|seed=3
PB2_train_period_i_internal_val_test_batch2,three_class_with_air,Random Forest,validation,3.0,acetone,alcohol,1,three_class_with_air|Random Forest|seed=3
PB2_train_period_i_internal_val_test_batch2,three_class_with_air,Random Forest,validation,3.0,acetone,acetone,1,three_class_with_air|Random Forest|seed=3
PB2_train_period_i_internal_val_test_batch2,three_class_with_air,Random Forest,test,3.0,air,air,18,three_class_with_air|Random Forest|seed=3
PB2_train_period_i_internal_val_test_batch2,three_class_with_air,Random Forest,test,3.0,air,alcohol,0,three_class_with_air|Random Forest|seed=3
PB2_train_period_i_internal_val_test_batch2,three_class_with_air,Random Forest,test,3.0,air,acetone,0,three_class_with_air|Random Forest|seed=3
PB2_train_period_i_internal_val_test_batch2,three_class_with_air,Random Forest,test,3.0,alcohol,air,0,three_class_with_air|Random Forest|seed=3
PB2_train_period_i_internal_val_test_batch2,three_class_with_air,Random Forest,test,3.0,alcohol,alcohol,32,three_class_with_air|Random Forest|seed=3
PB2_train_period_i_internal_val_test_batch2,three_class_with_air,Random Forest,test,3.0,alcohol,acetone,1,three_class_with_air|Random Forest|seed=3
PB2_train_period_i_internal_val_test_batch2,three_class_with_air,Random Forest,test,3.0,acetone,air,0,three_class_with_air|Random Forest|seed=3
PB2_train_period_i_internal_val_test_batch2,three_class_with_air,Random Forest,test,3.0,acetone,alcohol,4,three_class_with_air|Random Forest|seed=3
PB2_train_period_i_internal_val_test_batch2,three_class_with_air,Random Forest,test,3.0,acetone,acetone,29,three_class_with_air|Random Forest|seed=3
PB3_train_period_i_internal_val_test_batch3,three_class_with_air,Random Forest,train,3.0,air,air,6,three_class_with_air|Random Forest|seed=3
PB3_train_period_i_internal_val_test_batch3,three_class_with_air,Random Forest,train,3.0,air,alcohol,0,three_class_with_air|Random Forest|seed=3
PB3_train_period_i_internal_val_test_batch3,three_class_with_air,Random Forest,train,3.0,air,acetone,0,three_class_with_air|Random Forest|seed=3
PB3_train_period_i_internal_val_test_batch3,three_class_with_air,Random Forest,train,3.0,alcohol,air,0,three_class_with_air|Random Forest|seed=3
PB3_train_period_i_internal_val_test_batch3,three_class_with_air,Random Forest,train,3.0,alcohol,alcohol,12,three_class_with_air|Random Forest|seed=3
PB3_train_period_i_internal_val_test_batch3,three_class_with_air,Random Forest,train,3.0,alcohol,acetone,0,three_class_with_air|Random Forest|seed=3
PB3_train_period_i_internal_val_test_batch3,three_class_with_air,Random Forest,train,3.0,acetone,air,0,three_class_with_air|Random Forest|seed=3
PB3_train_period_i_internal_val_test_batch3,three_class_with_air,Random Forest,train,3.0,acetone,alcohol,3,three_class_with_air|Random Forest|seed=3
PB3_train_period_i_internal_val_test_batch3,three_class_with_air,Random Forest,train,3.0,acetone,acetone,9,three_class_with_air|Random Forest|seed=3
PB3_train_period_i_internal_val_test_batch3,three_class_with_air,Random Forest,validation,3.0,air,air,1,three_class_with_air|Random Forest|seed=3
PB3_train_period_i_internal_val_test_batch3,three_class_with_air,Random Forest,validation,3.0,air,alcohol,0,three_class_with_air|Random Forest|seed=3
PB3_train_period_i_internal_val_test_batch3,three_class_with_air,Random Forest,validation,3.0,air,acetone,0,three_class_with_air|Random Forest|seed=3
PB3_train_period_i_internal_val_test_batch3,three_class_with_air,Random Forest,validation,3.0,alcohol,air,0,three_class_with_air|Random Forest|seed=3
PB3_train_period_i_internal_val_test_batch3,three_class_with_air,Random Forest,validation,3.0,alcohol,alcohol,2,three_class_with_air|Random Forest|seed=3
PB3_train_period_i_internal_val_test_batch3,three_class_with_air,Random Forest,validation,3.0,alcohol,acetone,0,three_class_with_air|Random Forest|seed=3
PB3_train_period_i_internal_val_test_batch3,three_class_with_air,Random Forest,validation,3.0,acetone,air,0,three_class_with_air|Random Forest|seed=3
PB3_train_period_i_internal_val_test_batch3,three_class_with_air,Random Forest,validation,3.0,acetone,alcohol,1,three_class_with_air|Random Forest|seed=3
PB3_train_period_i_internal_val_test_batch3,three_class_with_air,Random Forest,validation,3.0,acetone,acetone,1,three_class_with_air|Random Forest|seed=3
PB3_train_period_i_internal_val_test_batch3,three_class_with_air,Random Forest,test,3.0,air,air,31,three_class_with_air|Random Forest|seed=3
PB3_train_period_i_internal_val_test_batch3,three_class_with_air,Random Forest,test,3.0,air,alcohol,0,three_class_with_air|Random Forest|seed=3
PB3_train_period_i_internal_val_test_batch3,three_class_with_air,Random Forest,test,3.0,air,acetone,0,three_class_with_air|Random Forest|seed=3
PB3_train_period_i_internal_val_test_batch3,three_class_with_air,Random Forest,test,3.0,alcohol,air,0,three_class_with_air|Random Forest|seed=3
PB3_train_period_i_internal_val_test_batch3,three_class_with_air,Random Forest,test,3.0,alcohol,alcohol,25,three_class_with_air|Random Forest|seed=3
PB3_train_period_i_internal_val_test_batch3,three_class_with_air,Random Forest,test,3.0,alcohol,acetone,0,three_class_with_air|Random Forest|seed=3
PB3_train_period_i_internal_val_test_batch3,three_class_with_air,Random Forest,test,3.0,acetone,air,0,three_class_with_air|Random Forest|seed=3
PB3_train_period_i_internal_val_test_batch3,three_class_with_air,Random Forest,test,3.0,acetone,alcohol,8,three_class_with_air|Random Forest|seed=3
PB3_train_period_i_internal_val_test_batch3,three_class_with_air,Random Forest,test,3.0,acetone,acetone,17,three_class_with_air|Random Forest|seed=3
PB4_train_period_i_internal_val_test_batch4,three_class_with_air,Random Forest,train,3.0,air,air,6,three_class_with_air|Random Forest|seed=3
PB4_train_period_i_internal_val_test_batch4,three_class_with_air,Random Forest,train,3.0,air,alcohol,0,three_class_with_air|Random Forest|seed=3
PB4_train_period_i_internal_val_test_batch4,three_class_with_air,Random Forest,train,3.0,air,acetone,0,three_class_with_air|Random Forest|seed=3
PB4_train_period_i_internal_val_test_batch4,three_class_with_air,Random Forest,train,3.0,alcohol,air,0,three_class_with_air|Random Forest|seed=3
PB4_train_period_i_internal_val_test_batch4,three_class_with_air,Random Forest,train,3.0,alcohol,alcohol,12,three_class_with_air|Random Forest|seed=3
PB4_train_period_i_internal_val_test_batch4,three_class_with_air,Random Forest,train,3.0,alcohol,acetone,0,three_class_with_air|Random Forest|seed=3
PB4_train_period_i_internal_val_test_batch4,three_class_with_air,Random Forest,train,3.0,acetone,air,0,three_class_with_air|Random Forest|seed=3
PB4_train_period_i_internal_val_test_batch4,three_class_with_air,Random Forest,train,3.0,acetone,alcohol,3,three_class_with_air|Random Forest|seed=3
PB4_train_period_i_internal_val_test_batch4,three_class_with_air,Random Forest,train,3.0,acetone,acetone,9,three_class_with_air|Random Forest|seed=3
PB4_train_period_i_internal_val_test_batch4,three_class_with_air,Random Forest,validation,3.0,air,air,1,three_class_with_air|Random Forest|seed=3
PB4_train_period_i_internal_val_test_batch4,three_class_with_air,Random Forest,validation,3.0,air,alcohol,0,three_class_with_air|Random Forest|seed=3
PB4_train_period_i_internal_val_test_batch4,three_class_with_air,Random Forest,validation,3.0,air,acetone,0,three_class_with_air|Random Forest|seed=3
PB4_train_period_i_internal_val_test_batch4,three_class_with_air,Random Forest,validation,3.0,alcohol,air,0,three_class_with_air|Random Forest|seed=3
PB4_train_period_i_internal_val_test_batch4,three_class_with_air,Random Forest,validation,3.0,alcohol,alcohol,2,three_class_with_air|Random Forest|seed=3
PB4_train_period_i_internal_val_test_batch4,three_class_with_air,Random Forest,validation,3.0,alcohol,acetone,0,three_class_with_air|Random Forest|seed=3
PB4_train_period_i_internal_val_test_batch4,three_class_with_air,Random Forest,validation,3.0,acetone,air,0,three_class_with_air|Random Forest|seed=3
PB4_train_period_i_internal_val_test_batch4,three_class_with_air,Random Forest,validation,3.0,acetone,alcohol,1,three_class_with_air|Random Forest|seed=3
PB4_train_period_i_internal_val_test_batch4,three_class_with_air,Random Forest,validation,3.0,acetone,acetone,1,three_class_with_air|Random Forest|seed=3
PB4_train_period_i_internal_val_test_batch4,three_class_with_air,Random Forest,test,3.0,air,air,14,three_class_with_air|Random Forest|seed=3
PB4_train_period_i_internal_val_test_batch4,three_class_with_air,Random Forest,test,3.0,air,alcohol,0,three_class_with_air|Random Forest|seed=3
PB4_train_period_i_internal_val_test_batch4,three_class_with_air,Random Forest,test,3.0,air,acetone,0,three_class_with_air|Random Forest|seed=3
PB4_train_period_i_internal_val_test_batch4,three_class_with_air,Random Forest,test,3.0,alcohol,air,0,three_class_with_air|Random Forest|seed=3
PB4_train_period_i_internal_val_test_batch4,three_class_with_air,Random Forest,test,3.0,alcohol,alcohol,15,three_class_with_air|Random Forest|seed=3
PB4_train_period_i_internal_val_test_batch4,three_class_with_air,Random Forest,test,3.0,alcohol,acetone,1,three_class_with_air|Random Forest|seed=3
PB4_train_period_i_internal_val_test_batch4,three_class_with_air,Random Forest,test,3.0,acetone,air,0,three_class_with_air|Random Forest|seed=3
PB4_train_period_i_internal_val_test_batch4,three_class_with_air,Random Forest,test,3.0,acetone,alcohol,0,three_class_with_air|Random Forest|seed=3
PB4_train_period_i_internal_val_test_batch4,three_class_with_air,Random Forest,test,3.0,acetone,acetone,16,three_class_with_air|Random Forest|seed=3
PB5_train_period_i_internal_val_test_batch5,three_class_with_air,Random Forest,train,3.0,air,air,6,three_class_with_air|Random Forest|seed=3
PB5_train_period_i_internal_val_test_batch5,three_class_with_air,Random Forest,train,3.0,air,alcohol,0,three_class_with_air|Random Forest|seed=3
PB5_train_period_i_internal_val_test_batch5,three_class_with_air,Random Forest,train,3.0,air,acetone,0,three_class_with_air|Random Forest|seed=3
PB5_train_period_i_internal_val_test_batch5,three_class_with_air,Random Forest,train,3.0,alcohol,air,0,three_class_with_air|Random Forest|seed=3
PB5_train_period_i_internal_val_test_batch5,three_class_with_air,Random Forest,train,3.0,alcohol,alcohol,12,three_class_with_air|Random Forest|seed=3
PB5_train_period_i_internal_val_test_batch5,three_class_with_air,Random Forest,train,3.0,alcohol,acetone,0,three_class_with_air|Random Forest|seed=3
PB5_train_period_i_internal_val_test_batch5,three_class_with_air,Random Forest,train,3.0,acetone,air,0,three_class_with_air|Random Forest|seed=3
PB5_train_period_i_internal_val_test_batch5,three_class_with_air,Random Forest,train,3.0,acetone,alcohol,3,three_class_with_air|Random Forest|seed=3
PB5_train_period_i_internal_val_test_batch5,three_class_with_air,Random Forest,train,3.0,acetone,acetone,9,three_class_with_air|Random Forest|seed=3
PB5_train_period_i_internal_val_test_batch5,three_class_with_air,Random Forest,validation,3.0,air,air,1,three_class_with_air|Random Forest|seed=3
PB5_train_period_i_internal_val_test_batch5,three_class_with_air,Random Forest,validation,3.0,air,alcohol,0,three_class_with_air|Random Forest|seed=3
PB5_train_period_i_internal_val_test_batch5,three_class_with_air,Random Forest,validation,3.0,air,acetone,0,three_class_with_air|Random Forest|seed=3
PB5_train_period_i_internal_val_test_batch5,three_class_with_air,Random Forest,validation,3.0,alcohol,air,0,three_class_with_air|Random Forest|seed=3
PB5_train_period_i_internal_val_test_batch5,three_class_with_air,Random Forest,validation,3.0,alcohol,alcohol,2,three_class_with_air|Random Forest|seed=3
PB5_train_period_i_internal_val_test_batch5,three_class_with_air,Random Forest,validation,3.0,alcohol,acetone,0,three_class_with_air|Random Forest|seed=3
PB5_train_period_i_internal_val_test_batch5,three_class_with_air,Random Forest,validation,3.0,acetone,air,0,three_class_with_air|Random Forest|seed=3
PB5_train_period_i_internal_val_test_batch5,three_class_with_air,Random Forest,validation,3.0,acetone,alcohol,1,three_class_with_air|Random Forest|seed=3
PB5_train_period_i_internal_val_test_batch5,three_class_with_air,Random Forest,validation,3.0,acetone,acetone,1,three_class_with_air|Random Forest|seed=3
PB5_train_period_i_internal_val_test_batch5,three_class_with_air,Random Forest,test,3.0,air,air,10,three_class_with_air|Random Forest|seed=3
PB5_train_period_i_internal_val_test_batch5,three_class_with_air,Random Forest,test,3.0,air,alcohol,0,three_class_with_air|Random Forest|seed=3
PB5_train_period_i_internal_val_test_batch5,three_class_with_air,Random Forest,test,3.0,air,acetone,0,three_class_with_air|Random Forest|seed=3
PB5_train_period_i_internal_val_test_batch5,three_class_with_air,Random Forest,test,3.0,alcohol,air,0,three_class_with_air|Random Forest|seed=3
PB5_train_period_i_internal_val_test_batch5,three_class_with_air,Random Forest,test,3.0,alcohol,alcohol,12,three_class_with_air|Random Forest|seed=3
PB5_train_period_i_internal_val_test_batch5,three_class_with_air,Random Forest,test,3.0,alcohol,acetone,0,three_class_with_air|Random Forest|seed=3
PB5_train_period_i_internal_val_test_batch5,three_class_with_air,Random Forest,test,3.0,acetone,air,0,three_class_with_air|Random Forest|seed=3
PB5_train_period_i_internal_val_test_batch5,three_class_with_air,Random Forest,test,3.0,acetone,alcohol,2,three_class_with_air|Random Forest|seed=3
PB5_train_period_i_internal_val_test_batch5,three_class_with_air,Random Forest,test,3.0,acetone,acetone,10,three_class_with_air|Random Forest|seed=3
PB1_train_period_i_internal_val_test_batch1,three_class_with_air,Random Forest,train,4.0,air,air,6,three_class_with_air|Random Forest|seed=4
PB1_train_period_i_internal_val_test_batch1,three_class_with_air,Random Forest,train,4.0,air,alcohol,0,three_class_with_air|Random Forest|seed=4
PB1_train_period_i_internal_val_test_batch1,three_class_with_air,Random Forest,train,4.0,air,acetone,0,three_class_with_air|Random Forest|seed=4
PB1_train_period_i_internal_val_test_batch1,three_class_with_air,Random Forest,train,4.0,alcohol,air,0,three_class_with_air|Random Forest|seed=4
PB1_train_period_i_internal_val_test_batch1,three_class_with_air,Random Forest,train,4.0,alcohol,alcohol,12,three_class_with_air|Random Forest|seed=4
PB1_train_period_i_internal_val_test_batch1,three_class_with_air,Random Forest,train,4.0,alcohol,acetone,0,three_class_with_air|Random Forest|seed=4
PB1_train_period_i_internal_val_test_batch1,three_class_with_air,Random Forest,train,4.0,acetone,air,0,three_class_with_air|Random Forest|seed=4
PB1_train_period_i_internal_val_test_batch1,three_class_with_air,Random Forest,train,4.0,acetone,alcohol,3,three_class_with_air|Random Forest|seed=4
PB1_train_period_i_internal_val_test_batch1,three_class_with_air,Random Forest,train,4.0,acetone,acetone,9,three_class_with_air|Random Forest|seed=4
PB1_train_period_i_internal_val_test_batch1,three_class_with_air,Random Forest,validation,4.0,air,air,1,three_class_with_air|Random Forest|seed=4
PB1_train_period_i_internal_val_test_batch1,three_class_with_air,Random Forest,validation,4.0,air,alcohol,0,three_class_with_air|Random Forest|seed=4
PB1_train_period_i_internal_val_test_batch1,three_class_with_air,Random Forest,validation,4.0,air,acetone,0,three_class_with_air|Random Forest|seed=4
PB1_train_period_i_internal_val_test_batch1,three_class_with_air,Random Forest,validation,4.0,alcohol,air,0,three_class_with_air|Random Forest|seed=4
PB1_train_period_i_internal_val_test_batch1,three_class_with_air,Random Forest,validation,4.0,alcohol,alcohol,2,three_class_with_air|Random Forest|seed=4
PB1_train_period_i_internal_val_test_batch1,three_class_with_air,Random Forest,validation,4.0,alcohol,acetone,0,three_class_with_air|Random Forest|seed=4
PB1_train_period_i_internal_val_test_batch1,three_class_with_air,Random Forest,validation,4.0,acetone,air,0,three_class_with_air|Random Forest|seed=4
PB1_train_period_i_internal_val_test_batch1,three_class_with_air,Random Forest,validation,4.0,acetone,alcohol,1,three_class_with_air|Random Forest|seed=4
PB1_train_period_i_internal_val_test_batch1,three_class_with_air,Random Forest,validation,4.0,acetone,acetone,1,three_class_with_air|Random Forest|seed=4
PB1_train_period_i_internal_val_test_batch1,three_class_with_air,Random Forest,test,4.0,air,air,8,three_class_with_air|Random Forest|seed=4
PB1_train_period_i_internal_val_test_batch1,three_class_with_air,Random Forest,test,4.0,air,alcohol,0,three_class_with_air|Random Forest|seed=4
PB1_train_period_i_internal_val_test_batch1,three_class_with_air,Random Forest,test,4.0,air,acetone,0,three_class_with_air|Random Forest|seed=4
PB1_train_period_i_internal_val_test_batch1,three_class_with_air,Random Forest,test,4.0,alcohol,air,0,three_class_with_air|Random Forest|seed=4
PB1_train_period_i_internal_val_test_batch1,three_class_with_air,Random Forest,test,4.0,alcohol,alcohol,2,three_class_with_air|Random Forest|seed=4
PB1_train_period_i_internal_val_test_batch1,three_class_with_air,Random Forest,test,4.0,alcohol,acetone,8,three_class_with_air|Random Forest|seed=4
PB1_train_period_i_internal_val_test_batch1,three_class_with_air,Random Forest,test,4.0,acetone,air,0,three_class_with_air|Random Forest|seed=4
PB1_train_period_i_internal_val_test_batch1,three_class_with_air,Random Forest,test,4.0,acetone,alcohol,0,three_class_with_air|Random Forest|seed=4
PB1_train_period_i_internal_val_test_batch1,three_class_with_air,Random Forest,test,4.0,acetone,acetone,10,three_class_with_air|Random Forest|seed=4
PB2_train_period_i_internal_val_test_batch2,three_class_with_air,Random Forest,train,4.0,air,air,6,three_class_with_air|Random Forest|seed=4
PB2_train_period_i_internal_val_test_batch2,three_class_with_air,Random Forest,train,4.0,air,alcohol,0,three_class_with_air|Random Forest|seed=4
PB2_train_period_i_internal_val_test_batch2,three_class_with_air,Random Forest,train,4.0,air,acetone,0,three_class_with_air|Random Forest|seed=4
PB2_train_period_i_internal_val_test_batch2,three_class_with_air,Random Forest,train,4.0,alcohol,air,0,three_class_with_air|Random Forest|seed=4
PB2_train_period_i_internal_val_test_batch2,three_class_with_air,Random Forest,train,4.0,alcohol,alcohol,12,three_class_with_air|Random Forest|seed=4
PB2_train_period_i_internal_val_test_batch2,three_class_with_air,Random Forest,train,4.0,alcohol,acetone,0,three_class_with_air|Random Forest|seed=4
PB2_train_period_i_internal_val_test_batch2,three_class_with_air,Random Forest,train,4.0,acetone,air,0,three_class_with_air|Random Forest|seed=4
PB2_train_period_i_internal_val_test_batch2,three_class_with_air,Random Forest,train,4.0,acetone,alcohol,3,three_class_with_air|Random Forest|seed=4
PB2_train_period_i_internal_val_test_batch2,three_class_with_air,Random Forest,train,4.0,acetone,acetone,9,three_class_with_air|Random Forest|seed=4
PB2_train_period_i_internal_val_test_batch2,three_class_with_air,Random Forest,validation,4.0,air,air,1,three_class_with_air|Random Forest|seed=4
PB2_train_period_i_internal_val_test_batch2,three_class_with_air,Random Forest,validation,4.0,air,alcohol,0,three_class_with_air|Random Forest|seed=4
PB2_train_period_i_internal_val_test_batch2,three_class_with_air,Random Forest,validation,4.0,air,acetone,0,three_class_with_air|Random Forest|seed=4
PB2_train_period_i_internal_val_test_batch2,three_class_with_air,Random Forest,validation,4.0,alcohol,air,0,three_class_with_air|Random Forest|seed=4
PB2_train_period_i_internal_val_test_batch2,three_class_with_air,Random Forest,validation,4.0,alcohol,alcohol,2,three_class_with_air|Random Forest|seed=4
PB2_train_period_i_internal_val_test_batch2,three_class_with_air,Random Forest,validation,4.0,alcohol,acetone,0,three_class_with_air|Random Forest|seed=4
PB2_train_period_i_internal_val_test_batch2,three_class_with_air,Random Forest,validation,4.0,acetone,air,0,three_class_with_air|Random Forest|seed=4
PB2_train_period_i_internal_val_test_batch2,three_class_with_air,Random Forest,validation,4.0,acetone,alcohol,1,three_class_with_air|Random Forest|seed=4
PB2_train_period_i_internal_val_test_batch2,three_class_with_air,Random Forest,validation,4.0,acetone,acetone,1,three_class_with_air|Random Forest|seed=4
PB2_train_period_i_internal_val_test_batch2,three_class_with_air,Random Forest,test,4.0,air,air,18,three_class_with_air|Random Forest|seed=4
PB2_train_period_i_internal_val_test_batch2,three_class_with_air,Random Forest,test,4.0,air,alcohol,0,three_class_with_air|Random Forest|seed=4
PB2_train_period_i_internal_val_test_batch2,three_class_with_air,Random Forest,test,4.0,air,acetone,0,three_class_with_air|Random Forest|seed=4
PB2_train_period_i_internal_val_test_batch2,three_class_with_air,Random Forest,test,4.0,alcohol,air,0,three_class_with_air|Random Forest|seed=4
PB2_train_period_i_internal_val_test_batch2,three_class_with_air,Random Forest,test,4.0,alcohol,alcohol,32,three_class_with_air|Random Forest|seed=4
PB2_train_period_i_internal_val_test_batch2,three_class_with_air,Random Forest,test,4.0,alcohol,acetone,1,three_class_with_air|Random Forest|seed=4
PB2_train_period_i_internal_val_test_batch2,three_class_with_air,Random Forest,test,4.0,acetone,air,0,three_class_with_air|Random Forest|seed=4
PB2_train_period_i_internal_val_test_batch2,three_class_with_air,Random Forest,test,4.0,acetone,alcohol,4,three_class_with_air|Random Forest|seed=4
PB2_train_period_i_internal_val_test_batch2,three_class_with_air,Random Forest,test,4.0,acetone,acetone,29,three_class_with_air|Random Forest|seed=4
PB3_train_period_i_internal_val_test_batch3,three_class_with_air,Random Forest,train,4.0,air,air,6,three_class_with_air|Random Forest|seed=4
PB3_train_period_i_internal_val_test_batch3,three_class_with_air,Random Forest,train,4.0,air,alcohol,0,three_class_with_air|Random Forest|seed=4
PB3_train_period_i_internal_val_test_batch3,three_class_with_air,Random Forest,train,4.0,air,acetone,0,three_class_with_air|Random Forest|seed=4
PB3_train_period_i_internal_val_test_batch3,three_class_with_air,Random Forest,train,4.0,alcohol,air,0,three_class_with_air|Random Forest|seed=4
PB3_train_period_i_internal_val_test_batch3,three_class_with_air,Random Forest,train,4.0,alcohol,alcohol,12,three_class_with_air|Random Forest|seed=4
PB3_train_period_i_internal_val_test_batch3,three_class_with_air,Random Forest,train,4.0,alcohol,acetone,0,three_class_with_air|Random Forest|seed=4
PB3_train_period_i_internal_val_test_batch3,three_class_with_air,Random Forest,train,4.0,acetone,air,0,three_class_with_air|Random Forest|seed=4
PB3_train_period_i_internal_val_test_batch3,three_class_with_air,Random Forest,train,4.0,acetone,alcohol,3,three_class_with_air|Random Forest|seed=4
PB3_train_period_i_internal_val_test_batch3,three_class_with_air,Random Forest,train,4.0,acetone,acetone,9,three_class_with_air|Random Forest|seed=4
PB3_train_period_i_internal_val_test_batch3,three_class_with_air,Random Forest,validation,4.0,air,air,1,three_class_with_air|Random Forest|seed=4
PB3_train_period_i_internal_val_test_batch3,three_class_with_air,Random Forest,validation,4.0,air,alcohol,0,three_class_with_air|Random Forest|seed=4
PB3_train_period_i_internal_val_test_batch3,three_class_with_air,Random Forest,validation,4.0,air,acetone,0,three_class_with_air|Random Forest|seed=4
PB3_train_period_i_internal_val_test_batch3,three_class_with_air,Random Forest,validation,4.0,alcohol,air,0,three_class_with_air|Random Forest|seed=4
PB3_train_period_i_internal_val_test_batch3,three_class_with_air,Random Forest,validation,4.0,alcohol,alcohol,2,three_class_with_air|Random Forest|seed=4
PB3_train_period_i_internal_val_test_batch3,three_class_with_air,Random Forest,validation,4.0,alcohol,acetone,0,three_class_with_air|Random Forest|seed=4
PB3_train_period_i_internal_val_test_batch3,three_class_with_air,Random Forest,validation,4.0,acetone,air,0,three_class_with_air|Random Forest|seed=4
PB3_train_period_i_internal_val_test_batch3,three_class_with_air,Random Forest,validation,4.0,acetone,alcohol,1,three_class_with_air|Random Forest|seed=4
PB3_train_period_i_internal_val_test_batch3,three_class_with_air,Random Forest,validation,4.0,acetone,acetone,1,three_class_with_air|Random Forest|seed=4
PB3_train_period_i_internal_val_test_batch3,three_class_with_air,Random Forest,test,4.0,air,air,31,three_class_with_air|Random Forest|seed=4
PB3_train_period_i_internal_val_test_batch3,three_class_with_air,Random Forest,test,4.0,air,alcohol,0,three_class_with_air|Random Forest|seed=4
PB3_train_period_i_internal_val_test_batch3,three_class_with_air,Random Forest,test,4.0,air,acetone,0,three_class_with_air|Random Forest|seed=4
PB3_train_period_i_internal_val_test_batch3,three_class_with_air,Random Forest,test,4.0,alcohol,air,0,three_class_with_air|Random Forest|seed=4
PB3_train_period_i_internal_val_test_batch3,three_class_with_air,Random Forest,test,4.0,alcohol,alcohol,23,three_class_with_air|Random Forest|seed=4
PB3_train_period_i_internal_val_test_batch3,three_class_with_air,Random Forest,test,4.0,alcohol,acetone,2,three_class_with_air|Random Forest|seed=4
PB3_train_period_i_internal_val_test_batch3,three_class_with_air,Random Forest,test,4.0,acetone,air,0,three_class_with_air|Random Forest|seed=4
PB3_train_period_i_internal_val_test_batch3,three_class_with_air,Random Forest,test,4.0,acetone,alcohol,8,three_class_with_air|Random Forest|seed=4
PB3_train_period_i_internal_val_test_batch3,three_class_with_air,Random Forest,test,4.0,acetone,acetone,17,three_class_with_air|Random Forest|seed=4
PB4_train_period_i_internal_val_test_batch4,three_class_with_air,Random Forest,train,4.0,air,air,6,three_class_with_air|Random Forest|seed=4
PB4_train_period_i_internal_val_test_batch4,three_class_with_air,Random Forest,train,4.0,air,alcohol,0,three_class_with_air|Random Forest|seed=4
PB4_train_period_i_internal_val_test_batch4,three_class_with_air,Random Forest,train,4.0,air,acetone,0,three_class_with_air|Random Forest|seed=4
PB4_train_period_i_internal_val_test_batch4,three_class_with_air,Random Forest,train,4.0,alcohol,air,0,three_class_with_air|Random Forest|seed=4
PB4_train_period_i_internal_val_test_batch4,three_class_with_air,Random Forest,train,4.0,alcohol,alcohol,12,three_class_with_air|Random Forest|seed=4
PB4_train_period_i_internal_val_test_batch4,three_class_with_air,Random Forest,train,4.0,alcohol,acetone,0,three_class_with_air|Random Forest|seed=4
PB4_train_period_i_internal_val_test_batch4,three_class_with_air,Random Forest,train,4.0,acetone,air,0,three_class_with_air|Random Forest|seed=4
PB4_train_period_i_internal_val_test_batch4,three_class_with_air,Random Forest,train,4.0,acetone,alcohol,3,three_class_with_air|Random Forest|seed=4
PB4_train_period_i_internal_val_test_batch4,three_class_with_air,Random Forest,train,4.0,acetone,acetone,9,three_class_with_air|Random Forest|seed=4
PB4_train_period_i_internal_val_test_batch4,three_class_with_air,Random Forest,validation,4.0,air,air,1,three_class_with_air|Random Forest|seed=4
PB4_train_period_i_internal_val_test_batch4,three_class_with_air,Random Forest,validation,4.0,air,alcohol,0,three_class_with_air|Random Forest|seed=4
PB4_train_period_i_internal_val_test_batch4,three_class_with_air,Random Forest,validation,4.0,air,acetone,0,three_class_with_air|Random Forest|seed=4
PB4_train_period_i_internal_val_test_batch4,three_class_with_air,Random Forest,validation,4.0,alcohol,air,0,three_class_with_air|Random Forest|seed=4
PB4_train_period_i_internal_val_test_batch4,three_class_with_air,Random Forest,validation,4.0,alcohol,alcohol,2,three_class_with_air|Random Forest|seed=4
PB4_train_period_i_internal_val_test_batch4,three_class_with_air,Random Forest,validation,4.0,alcohol,acetone,0,three_class_with_air|Random Forest|seed=4
PB4_train_period_i_internal_val_test_batch4,three_class_with_air,Random Forest,validation,4.0,acetone,air,0,three_class_with_air|Random Forest|seed=4
PB4_train_period_i_internal_val_test_batch4,three_class_with_air,Random Forest,validation,4.0,acetone,alcohol,1,three_class_with_air|Random Forest|seed=4
PB4_train_period_i_internal_val_test_batch4,three_class_with_air,Random Forest,validation,4.0,acetone,acetone,1,three_class_with_air|Random Forest|seed=4
PB4_train_period_i_internal_val_test_batch4,three_class_with_air,Random Forest,test,4.0,air,air,14,three_class_with_air|Random Forest|seed=4
PB4_train_period_i_internal_val_test_batch4,three_class_with_air,Random Forest,test,4.0,air,alcohol,0,three_class_with_air|Random Forest|seed=4
PB4_train_period_i_internal_val_test_batch4,three_class_with_air,Random Forest,test,4.0,air,acetone,0,three_class_with_air|Random Forest|seed=4
PB4_train_period_i_internal_val_test_batch4,three_class_with_air,Random Forest,test,4.0,alcohol,air,0,three_class_with_air|Random Forest|seed=4
PB4_train_period_i_internal_val_test_batch4,three_class_with_air,Random Forest,test,4.0,alcohol,alcohol,10,three_class_with_air|Random Forest|seed=4
PB4_train_period_i_internal_val_test_batch4,three_class_with_air,Random Forest,test,4.0,alcohol,acetone,6,three_class_with_air|Random Forest|seed=4
PB4_train_period_i_internal_val_test_batch4,three_class_with_air,Random Forest,test,4.0,acetone,air,0,three_class_with_air|Random Forest|seed=4
PB4_train_period_i_internal_val_test_batch4,three_class_with_air,Random Forest,test,4.0,acetone,alcohol,0,three_class_with_air|Random Forest|seed=4
PB4_train_period_i_internal_val_test_batch4,three_class_with_air,Random Forest,test,4.0,acetone,acetone,16,three_class_with_air|Random Forest|seed=4
PB5_train_period_i_internal_val_test_batch5,three_class_with_air,Random Forest,train,4.0,air,air,6,three_class_with_air|Random Forest|seed=4
PB5_train_period_i_internal_val_test_batch5,three_class_with_air,Random Forest,train,4.0,air,alcohol,0,three_class_with_air|Random Forest|seed=4
PB5_train_period_i_internal_val_test_batch5,three_class_with_air,Random Forest,train,4.0,air,acetone,0,three_class_with_air|Random Forest|seed=4
PB5_train_period_i_internal_val_test_batch5,three_class_with_air,Random Forest,train,4.0,alcohol,air,0,three_class_with_air|Random Forest|seed=4
PB5_train_period_i_internal_val_test_batch5,three_class_with_air,Random Forest,train,4.0,alcohol,alcohol,12,three_class_with_air|Random Forest|seed=4
PB5_train_period_i_internal_val_test_batch5,three_class_with_air,Random Forest,train,4.0,alcohol,acetone,0,three_class_with_air|Random Forest|seed=4
PB5_train_period_i_internal_val_test_batch5,three_class_with_air,Random Forest,train,4.0,acetone,air,0,three_class_with_air|Random Forest|seed=4
PB5_train_period_i_internal_val_test_batch5,three_class_with_air,Random Forest,train,4.0,acetone,alcohol,3,three_class_with_air|Random Forest|seed=4
PB5_train_period_i_internal_val_test_batch5,three_class_with_air,Random Forest,train,4.0,acetone,acetone,9,three_class_with_air|Random Forest|seed=4
PB5_train_period_i_internal_val_test_batch5,three_class_with_air,Random Forest,validation,4.0,air,air,1,three_class_with_air|Random Forest|seed=4
PB5_train_period_i_internal_val_test_batch5,three_class_with_air,Random Forest,validation,4.0,air,alcohol,0,three_class_with_air|Random Forest|seed=4
PB5_train_period_i_internal_val_test_batch5,three_class_with_air,Random Forest,validation,4.0,air,acetone,0,three_class_with_air|Random Forest|seed=4
PB5_train_period_i_internal_val_test_batch5,three_class_with_air,Random Forest,validation,4.0,alcohol,air,0,three_class_with_air|Random Forest|seed=4
PB5_train_period_i_internal_val_test_batch5,three_class_with_air,Random Forest,validation,4.0,alcohol,alcohol,2,three_class_with_air|Random Forest|seed=4
PB5_train_period_i_internal_val_test_batch5,three_class_with_air,Random Forest,validation,4.0,alcohol,acetone,0,three_class_with_air|Random Forest|seed=4
PB5_train_period_i_internal_val_test_batch5,three_class_with_air,Random Forest,validation,4.0,acetone,air,0,three_class_with_air|Random Forest|seed=4
PB5_train_period_i_internal_val_test_batch5,three_class_with_air,Random Forest,validation,4.0,acetone,alcohol,1,three_class_with_air|Random Forest|seed=4
PB5_train_period_i_internal_val_test_batch5,three_class_with_air,Random Forest,validation,4.0,acetone,acetone,1,three_class_with_air|Random Forest|seed=4
PB5_train_period_i_internal_val_test_batch5,three_class_with_air,Random Forest,test,4.0,air,air,10,three_class_with_air|Random Forest|seed=4
PB5_train_period_i_internal_val_test_batch5,three_class_with_air,Random Forest,test,4.0,air,alcohol,0,three_class_with_air|Random Forest|seed=4
PB5_train_period_i_internal_val_test_batch5,three_class_with_air,Random Forest,test,4.0,air,acetone,0,three_class_with_air|Random Forest|seed=4
PB5_train_period_i_internal_val_test_batch5,three_class_with_air,Random Forest,test,4.0,alcohol,air,0,three_class_with_air|Random Forest|seed=4
PB5_train_period_i_internal_val_test_batch5,three_class_with_air,Random Forest,test,4.0,alcohol,alcohol,12,three_class_with_air|Random Forest|seed=4
PB5_train_period_i_internal_val_test_batch5,three_class_with_air,Random Forest,test,4.0,alcohol,acetone,0,three_class_with_air|Random Forest|seed=4
PB5_train_period_i_internal_val_test_batch5,three_class_with_air,Random Forest,test,4.0,acetone,air,0,three_class_with_air|Random Forest|seed=4
PB5_train_period_i_internal_val_test_batch5,three_class_with_air,Random Forest,test,4.0,acetone,alcohol,2,three_class_with_air|Random Forest|seed=4
PB5_train_period_i_internal_val_test_batch5,three_class_with_air,Random Forest,test,4.0,acetone,acetone,10,three_class_with_air|Random Forest|seed=4
PB1_train_period_i_internal_val_test_batch1,three_class_with_air,RBF SVM,train,,air,air,6,three_class_with_air|RBF SVM|seed=deterministic
PB1_train_period_i_internal_val_test_batch1,three_class_with_air,RBF SVM,train,,air,alcohol,0,three_class_with_air|RBF SVM|seed=deterministic
PB1_train_period_i_internal_val_test_batch1,three_class_with_air,RBF SVM,train,,air,acetone,0,three_class_with_air|RBF SVM|seed=deterministic
PB1_train_period_i_internal_val_test_batch1,three_class_with_air,RBF SVM,train,,alcohol,air,1,three_class_with_air|RBF SVM|seed=deterministic
PB1_train_period_i_internal_val_test_batch1,three_class_with_air,RBF SVM,train,,alcohol,alcohol,11,three_class_with_air|RBF SVM|seed=deterministic
PB1_train_period_i_internal_val_test_batch1,three_class_with_air,RBF SVM,train,,alcohol,acetone,0,three_class_with_air|RBF SVM|seed=deterministic
PB1_train_period_i_internal_val_test_batch1,three_class_with_air,RBF SVM,train,,acetone,air,1,three_class_with_air|RBF SVM|seed=deterministic
PB1_train_period_i_internal_val_test_batch1,three_class_with_air,RBF SVM,train,,acetone,alcohol,3,three_class_with_air|RBF SVM|seed=deterministic
PB1_train_period_i_internal_val_test_batch1,three_class_with_air,RBF SVM,train,,acetone,acetone,8,three_class_with_air|RBF SVM|seed=deterministic
PB1_train_period_i_internal_val_test_batch1,three_class_with_air,RBF SVM,validation,,air,air,1,three_class_with_air|RBF SVM|seed=deterministic
PB1_train_period_i_internal_val_test_batch1,three_class_with_air,RBF SVM,validation,,air,alcohol,0,three_class_with_air|RBF SVM|seed=deterministic
PB1_train_period_i_internal_val_test_batch1,three_class_with_air,RBF SVM,validation,,air,acetone,0,three_class_with_air|RBF SVM|seed=deterministic
PB1_train_period_i_internal_val_test_batch1,three_class_with_air,RBF SVM,validation,,alcohol,air,0,three_class_with_air|RBF SVM|seed=deterministic
PB1_train_period_i_internal_val_test_batch1,three_class_with_air,RBF SVM,validation,,alcohol,alcohol,2,three_class_with_air|RBF SVM|seed=deterministic
PB1_train_period_i_internal_val_test_batch1,three_class_with_air,RBF SVM,validation,,alcohol,acetone,0,three_class_with_air|RBF SVM|seed=deterministic
PB1_train_period_i_internal_val_test_batch1,three_class_with_air,RBF SVM,validation,,acetone,air,0,three_class_with_air|RBF SVM|seed=deterministic
PB1_train_period_i_internal_val_test_batch1,three_class_with_air,RBF SVM,validation,,acetone,alcohol,1,three_class_with_air|RBF SVM|seed=deterministic
PB1_train_period_i_internal_val_test_batch1,three_class_with_air,RBF SVM,validation,,acetone,acetone,1,three_class_with_air|RBF SVM|seed=deterministic
PB1_train_period_i_internal_val_test_batch1,three_class_with_air,RBF SVM,test,,air,air,7,three_class_with_air|RBF SVM|seed=deterministic
PB1_train_period_i_internal_val_test_batch1,three_class_with_air,RBF SVM,test,,air,alcohol,0,three_class_with_air|RBF SVM|seed=deterministic
PB1_train_period_i_internal_val_test_batch1,three_class_with_air,RBF SVM,test,,air,acetone,1,three_class_with_air|RBF SVM|seed=deterministic
PB1_train_period_i_internal_val_test_batch1,three_class_with_air,RBF SVM,test,,alcohol,air,1,three_class_with_air|RBF SVM|seed=deterministic
PB1_train_period_i_internal_val_test_batch1,three_class_with_air,RBF SVM,test,,alcohol,alcohol,4,three_class_with_air|RBF SVM|seed=deterministic
PB1_train_period_i_internal_val_test_batch1,three_class_with_air,RBF SVM,test,,alcohol,acetone,5,three_class_with_air|RBF SVM|seed=deterministic
PB1_train_period_i_internal_val_test_batch1,three_class_with_air,RBF SVM,test,,acetone,air,0,three_class_with_air|RBF SVM|seed=deterministic
PB1_train_period_i_internal_val_test_batch1,three_class_with_air,RBF SVM,test,,acetone,alcohol,2,three_class_with_air|RBF SVM|seed=deterministic
PB1_train_period_i_internal_val_test_batch1,three_class_with_air,RBF SVM,test,,acetone,acetone,8,three_class_with_air|RBF SVM|seed=deterministic
PB2_train_period_i_internal_val_test_batch2,three_class_with_air,RBF SVM,train,,air,air,6,three_class_with_air|RBF SVM|seed=deterministic
PB2_train_period_i_internal_val_test_batch2,three_class_with_air,RBF SVM,train,,air,alcohol,0,three_class_with_air|RBF SVM|seed=deterministic
PB2_train_period_i_internal_val_test_batch2,three_class_with_air,RBF SVM,train,,air,acetone,0,three_class_with_air|RBF SVM|seed=deterministic
PB2_train_period_i_internal_val_test_batch2,three_class_with_air,RBF SVM,train,,alcohol,air,1,three_class_with_air|RBF SVM|seed=deterministic
PB2_train_period_i_internal_val_test_batch2,three_class_with_air,RBF SVM,train,,alcohol,alcohol,11,three_class_with_air|RBF SVM|seed=deterministic
PB2_train_period_i_internal_val_test_batch2,three_class_with_air,RBF SVM,train,,alcohol,acetone,0,three_class_with_air|RBF SVM|seed=deterministic
PB2_train_period_i_internal_val_test_batch2,three_class_with_air,RBF SVM,train,,acetone,air,1,three_class_with_air|RBF SVM|seed=deterministic
PB2_train_period_i_internal_val_test_batch2,three_class_with_air,RBF SVM,train,,acetone,alcohol,3,three_class_with_air|RBF SVM|seed=deterministic
PB2_train_period_i_internal_val_test_batch2,three_class_with_air,RBF SVM,train,,acetone,acetone,8,three_class_with_air|RBF SVM|seed=deterministic
PB2_train_period_i_internal_val_test_batch2,three_class_with_air,RBF SVM,validation,,air,air,1,three_class_with_air|RBF SVM|seed=deterministic
PB2_train_period_i_internal_val_test_batch2,three_class_with_air,RBF SVM,validation,,air,alcohol,0,three_class_with_air|RBF SVM|seed=deterministic
PB2_train_period_i_internal_val_test_batch2,three_class_with_air,RBF SVM,validation,,air,acetone,0,three_class_with_air|RBF SVM|seed=deterministic
PB2_train_period_i_internal_val_test_batch2,three_class_with_air,RBF SVM,validation,,alcohol,air,0,three_class_with_air|RBF SVM|seed=deterministic
PB2_train_period_i_internal_val_test_batch2,three_class_with_air,RBF SVM,validation,,alcohol,alcohol,2,three_class_with_air|RBF SVM|seed=deterministic
PB2_train_period_i_internal_val_test_batch2,three_class_with_air,RBF SVM,validation,,alcohol,acetone,0,three_class_with_air|RBF SVM|seed=deterministic
PB2_train_period_i_internal_val_test_batch2,three_class_with_air,RBF SVM,validation,,acetone,air,0,three_class_with_air|RBF SVM|seed=deterministic
PB2_train_period_i_internal_val_test_batch2,three_class_with_air,RBF SVM,validation,,acetone,alcohol,1,three_class_with_air|RBF SVM|seed=deterministic
PB2_train_period_i_internal_val_test_batch2,three_class_with_air,RBF SVM,validation,,acetone,acetone,1,three_class_with_air|RBF SVM|seed=deterministic
PB2_train_period_i_internal_val_test_batch2,three_class_with_air,RBF SVM,test,,air,air,16,three_class_with_air|RBF SVM|seed=deterministic
PB2_train_period_i_internal_val_test_batch2,three_class_with_air,RBF SVM,test,,air,alcohol,2,three_class_with_air|RBF SVM|seed=deterministic
PB2_train_period_i_internal_val_test_batch2,three_class_with_air,RBF SVM,test,,air,acetone,0,three_class_with_air|RBF SVM|seed=deterministic
PB2_train_period_i_internal_val_test_batch2,three_class_with_air,RBF SVM,test,,alcohol,air,2,three_class_with_air|RBF SVM|seed=deterministic
PB2_train_period_i_internal_val_test_batch2,three_class_with_air,RBF SVM,test,,alcohol,alcohol,28,three_class_with_air|RBF SVM|seed=deterministic
PB2_train_period_i_internal_val_test_batch2,three_class_with_air,RBF SVM,test,,alcohol,acetone,3,three_class_with_air|RBF SVM|seed=deterministic
PB2_train_period_i_internal_val_test_batch2,three_class_with_air,RBF SVM,test,,acetone,air,0,three_class_with_air|RBF SVM|seed=deterministic
PB2_train_period_i_internal_val_test_batch2,three_class_with_air,RBF SVM,test,,acetone,alcohol,22,three_class_with_air|RBF SVM|seed=deterministic
PB2_train_period_i_internal_val_test_batch2,three_class_with_air,RBF SVM,test,,acetone,acetone,11,three_class_with_air|RBF SVM|seed=deterministic
PB3_train_period_i_internal_val_test_batch3,three_class_with_air,RBF SVM,train,,air,air,6,three_class_with_air|RBF SVM|seed=deterministic
PB3_train_period_i_internal_val_test_batch3,three_class_with_air,RBF SVM,train,,air,alcohol,0,three_class_with_air|RBF SVM|seed=deterministic
PB3_train_period_i_internal_val_test_batch3,three_class_with_air,RBF SVM,train,,air,acetone,0,three_class_with_air|RBF SVM|seed=deterministic
PB3_train_period_i_internal_val_test_batch3,three_class_with_air,RBF SVM,train,,alcohol,air,1,three_class_with_air|RBF SVM|seed=deterministic
PB3_train_period_i_internal_val_test_batch3,three_class_with_air,RBF SVM,train,,alcohol,alcohol,11,three_class_with_air|RBF SVM|seed=deterministic
PB3_train_period_i_internal_val_test_batch3,three_class_with_air,RBF SVM,train,,alcohol,acetone,0,three_class_with_air|RBF SVM|seed=deterministic
PB3_train_period_i_internal_val_test_batch3,three_class_with_air,RBF SVM,train,,acetone,air,1,three_class_with_air|RBF SVM|seed=deterministic
PB3_train_period_i_internal_val_test_batch3,three_class_with_air,RBF SVM,train,,acetone,alcohol,3,three_class_with_air|RBF SVM|seed=deterministic
PB3_train_period_i_internal_val_test_batch3,three_class_with_air,RBF SVM,train,,acetone,acetone,8,three_class_with_air|RBF SVM|seed=deterministic
PB3_train_period_i_internal_val_test_batch3,three_class_with_air,RBF SVM,validation,,air,air,1,three_class_with_air|RBF SVM|seed=deterministic
PB3_train_period_i_internal_val_test_batch3,three_class_with_air,RBF SVM,validation,,air,alcohol,0,three_class_with_air|RBF SVM|seed=deterministic
PB3_train_period_i_internal_val_test_batch3,three_class_with_air,RBF SVM,validation,,air,acetone,0,three_class_with_air|RBF SVM|seed=deterministic
PB3_train_period_i_internal_val_test_batch3,three_class_with_air,RBF SVM,validation,,alcohol,air,0,three_class_with_air|RBF SVM|seed=deterministic
PB3_train_period_i_internal_val_test_batch3,three_class_with_air,RBF SVM,validation,,alcohol,alcohol,2,three_class_with_air|RBF SVM|seed=deterministic
PB3_train_period_i_internal_val_test_batch3,three_class_with_air,RBF SVM,validation,,alcohol,acetone,0,three_class_with_air|RBF SVM|seed=deterministic
PB3_train_period_i_internal_val_test_batch3,three_class_with_air,RBF SVM,validation,,acetone,air,0,three_class_with_air|RBF SVM|seed=deterministic
PB3_train_period_i_internal_val_test_batch3,three_class_with_air,RBF SVM,validation,,acetone,alcohol,1,three_class_with_air|RBF SVM|seed=deterministic
PB3_train_period_i_internal_val_test_batch3,three_class_with_air,RBF SVM,validation,,acetone,acetone,1,three_class_with_air|RBF SVM|seed=deterministic
PB3_train_period_i_internal_val_test_batch3,three_class_with_air,RBF SVM,test,,air,air,28,three_class_with_air|RBF SVM|seed=deterministic
PB3_train_period_i_internal_val_test_batch3,three_class_with_air,RBF SVM,test,,air,alcohol,3,three_class_with_air|RBF SVM|seed=deterministic
PB3_train_period_i_internal_val_test_batch3,three_class_with_air,RBF SVM,test,,air,acetone,0,three_class_with_air|RBF SVM|seed=deterministic
PB3_train_period_i_internal_val_test_batch3,three_class_with_air,RBF SVM,test,,alcohol,air,1,three_class_with_air|RBF SVM|seed=deterministic
PB3_train_period_i_internal_val_test_batch3,three_class_with_air,RBF SVM,test,,alcohol,alcohol,21,three_class_with_air|RBF SVM|seed=deterministic
PB3_train_period_i_internal_val_test_batch3,three_class_with_air,RBF SVM,test,,alcohol,acetone,3,three_class_with_air|RBF SVM|seed=deterministic
PB3_train_period_i_internal_val_test_batch3,three_class_with_air,RBF SVM,test,,acetone,air,1,three_class_with_air|RBF SVM|seed=deterministic
PB3_train_period_i_internal_val_test_batch3,three_class_with_air,RBF SVM,test,,acetone,alcohol,19,three_class_with_air|RBF SVM|seed=deterministic
PB3_train_period_i_internal_val_test_batch3,three_class_with_air,RBF SVM,test,,acetone,acetone,5,three_class_with_air|RBF SVM|seed=deterministic
PB4_train_period_i_internal_val_test_batch4,three_class_with_air,RBF SVM,train,,air,air,6,three_class_with_air|RBF SVM|seed=deterministic
PB4_train_period_i_internal_val_test_batch4,three_class_with_air,RBF SVM,train,,air,alcohol,0,three_class_with_air|RBF SVM|seed=deterministic
PB4_train_period_i_internal_val_test_batch4,three_class_with_air,RBF SVM,train,,air,acetone,0,three_class_with_air|RBF SVM|seed=deterministic
PB4_train_period_i_internal_val_test_batch4,three_class_with_air,RBF SVM,train,,alcohol,air,1,three_class_with_air|RBF SVM|seed=deterministic
PB4_train_period_i_internal_val_test_batch4,three_class_with_air,RBF SVM,train,,alcohol,alcohol,11,three_class_with_air|RBF SVM|seed=deterministic
PB4_train_period_i_internal_val_test_batch4,three_class_with_air,RBF SVM,train,,alcohol,acetone,0,three_class_with_air|RBF SVM|seed=deterministic
PB4_train_period_i_internal_val_test_batch4,three_class_with_air,RBF SVM,train,,acetone,air,1,three_class_with_air|RBF SVM|seed=deterministic
PB4_train_period_i_internal_val_test_batch4,three_class_with_air,RBF SVM,train,,acetone,alcohol,3,three_class_with_air|RBF SVM|seed=deterministic
PB4_train_period_i_internal_val_test_batch4,three_class_with_air,RBF SVM,train,,acetone,acetone,8,three_class_with_air|RBF SVM|seed=deterministic
PB4_train_period_i_internal_val_test_batch4,three_class_with_air,RBF SVM,validation,,air,air,1,three_class_with_air|RBF SVM|seed=deterministic
PB4_train_period_i_internal_val_test_batch4,three_class_with_air,RBF SVM,validation,,air,alcohol,0,three_class_with_air|RBF SVM|seed=deterministic
PB4_train_period_i_internal_val_test_batch4,three_class_with_air,RBF SVM,validation,,air,acetone,0,three_class_with_air|RBF SVM|seed=deterministic
PB4_train_period_i_internal_val_test_batch4,three_class_with_air,RBF SVM,validation,,alcohol,air,0,three_class_with_air|RBF SVM|seed=deterministic
PB4_train_period_i_internal_val_test_batch4,three_class_with_air,RBF SVM,validation,,alcohol,alcohol,2,three_class_with_air|RBF SVM|seed=deterministic
PB4_train_period_i_internal_val_test_batch4,three_class_with_air,RBF SVM,validation,,alcohol,acetone,0,three_class_with_air|RBF SVM|seed=deterministic
PB4_train_period_i_internal_val_test_batch4,three_class_with_air,RBF SVM,validation,,acetone,air,0,three_class_with_air|RBF SVM|seed=deterministic
PB4_train_period_i_internal_val_test_batch4,three_class_with_air,RBF SVM,validation,,acetone,alcohol,1,three_class_with_air|RBF SVM|seed=deterministic
PB4_train_period_i_internal_val_test_batch4,three_class_with_air,RBF SVM,validation,,acetone,acetone,1,three_class_with_air|RBF SVM|seed=deterministic
PB4_train_period_i_internal_val_test_batch4,three_class_with_air,RBF SVM,test,,air,air,12,three_class_with_air|RBF SVM|seed=deterministic
PB4_train_period_i_internal_val_test_batch4,three_class_with_air,RBF SVM,test,,air,alcohol,2,three_class_with_air|RBF SVM|seed=deterministic
PB4_train_period_i_internal_val_test_batch4,three_class_with_air,RBF SVM,test,,air,acetone,0,three_class_with_air|RBF SVM|seed=deterministic
PB4_train_period_i_internal_val_test_batch4,three_class_with_air,RBF SVM,test,,alcohol,air,0,three_class_with_air|RBF SVM|seed=deterministic
PB4_train_period_i_internal_val_test_batch4,three_class_with_air,RBF SVM,test,,alcohol,alcohol,6,three_class_with_air|RBF SVM|seed=deterministic
PB4_train_period_i_internal_val_test_batch4,three_class_with_air,RBF SVM,test,,alcohol,acetone,10,three_class_with_air|RBF SVM|seed=deterministic
PB4_train_period_i_internal_val_test_batch4,three_class_with_air,RBF SVM,test,,acetone,air,0,three_class_with_air|RBF SVM|seed=deterministic
PB4_train_period_i_internal_val_test_batch4,three_class_with_air,RBF SVM,test,,acetone,alcohol,4,three_class_with_air|RBF SVM|seed=deterministic
PB4_train_period_i_internal_val_test_batch4,three_class_with_air,RBF SVM,test,,acetone,acetone,12,three_class_with_air|RBF SVM|seed=deterministic
PB5_train_period_i_internal_val_test_batch5,three_class_with_air,RBF SVM,train,,air,air,6,three_class_with_air|RBF SVM|seed=deterministic
PB5_train_period_i_internal_val_test_batch5,three_class_with_air,RBF SVM,train,,air,alcohol,0,three_class_with_air|RBF SVM|seed=deterministic
PB5_train_period_i_internal_val_test_batch5,three_class_with_air,RBF SVM,train,,air,acetone,0,three_class_with_air|RBF SVM|seed=deterministic
PB5_train_period_i_internal_val_test_batch5,three_class_with_air,RBF SVM,train,,alcohol,air,1,three_class_with_air|RBF SVM|seed=deterministic
PB5_train_period_i_internal_val_test_batch5,three_class_with_air,RBF SVM,train,,alcohol,alcohol,11,three_class_with_air|RBF SVM|seed=deterministic
PB5_train_period_i_internal_val_test_batch5,three_class_with_air,RBF SVM,train,,alcohol,acetone,0,three_class_with_air|RBF SVM|seed=deterministic
PB5_train_period_i_internal_val_test_batch5,three_class_with_air,RBF SVM,train,,acetone,air,1,three_class_with_air|RBF SVM|seed=deterministic
PB5_train_period_i_internal_val_test_batch5,three_class_with_air,RBF SVM,train,,acetone,alcohol,3,three_class_with_air|RBF SVM|seed=deterministic
PB5_train_period_i_internal_val_test_batch5,three_class_with_air,RBF SVM,train,,acetone,acetone,8,three_class_with_air|RBF SVM|seed=deterministic
PB5_train_period_i_internal_val_test_batch5,three_class_with_air,RBF SVM,validation,,air,air,1,three_class_with_air|RBF SVM|seed=deterministic
PB5_train_period_i_internal_val_test_batch5,three_class_with_air,RBF SVM,validation,,air,alcohol,0,three_class_with_air|RBF SVM|seed=deterministic
PB5_train_period_i_internal_val_test_batch5,three_class_with_air,RBF SVM,validation,,air,acetone,0,three_class_with_air|RBF SVM|seed=deterministic
PB5_train_period_i_internal_val_test_batch5,three_class_with_air,RBF SVM,validation,,alcohol,air,0,three_class_with_air|RBF SVM|seed=deterministic
PB5_train_period_i_internal_val_test_batch5,three_class_with_air,RBF SVM,validation,,alcohol,alcohol,2,three_class_with_air|RBF SVM|seed=deterministic
PB5_train_period_i_internal_val_test_batch5,three_class_with_air,RBF SVM,validation,,alcohol,acetone,0,three_class_with_air|RBF SVM|seed=deterministic
PB5_train_period_i_internal_val_test_batch5,three_class_with_air,RBF SVM,validation,,acetone,air,0,three_class_with_air|RBF SVM|seed=deterministic
PB5_train_period_i_internal_val_test_batch5,three_class_with_air,RBF SVM,validation,,acetone,alcohol,1,three_class_with_air|RBF SVM|seed=deterministic
PB5_train_period_i_internal_val_test_batch5,three_class_with_air,RBF SVM,validation,,acetone,acetone,1,three_class_with_air|RBF SVM|seed=deterministic
PB5_train_period_i_internal_val_test_batch5,three_class_with_air,RBF SVM,test,,air,air,10,three_class_with_air|RBF SVM|seed=deterministic
PB5_train_period_i_internal_val_test_batch5,three_class_with_air,RBF SVM,test,,air,alcohol,0,three_class_with_air|RBF SVM|seed=deterministic
PB5_train_period_i_internal_val_test_batch5,three_class_with_air,RBF SVM,test,,air,acetone,0,three_class_with_air|RBF SVM|seed=deterministic
PB5_train_period_i_internal_val_test_batch5,three_class_with_air,RBF SVM,test,,alcohol,air,1,three_class_with_air|RBF SVM|seed=deterministic
PB5_train_period_i_internal_val_test_batch5,three_class_with_air,RBF SVM,test,,alcohol,alcohol,10,three_class_with_air|RBF SVM|seed=deterministic
PB5_train_period_i_internal_val_test_batch5,three_class_with_air,RBF SVM,test,,alcohol,acetone,1,three_class_with_air|RBF SVM|seed=deterministic
PB5_train_period_i_internal_val_test_batch5,three_class_with_air,RBF SVM,test,,acetone,air,0,three_class_with_air|RBF SVM|seed=deterministic
PB5_train_period_i_internal_val_test_batch5,three_class_with_air,RBF SVM,test,,acetone,alcohol,3,three_class_with_air|RBF SVM|seed=deterministic
PB5_train_period_i_internal_val_test_batch5,three_class_with_air,RBF SVM,test,,acetone,acetone,9,three_class_with_air|RBF SVM|seed=deterministic
PB1_train_period_i_internal_val_test_batch1,three_class_with_air,MLP,train,0.0,air,air,6,three_class_with_air|MLP|seed=0
PB1_train_period_i_internal_val_test_batch1,three_class_with_air,MLP,train,0.0,air,alcohol,0,three_class_with_air|MLP|seed=0
PB1_train_period_i_internal_val_test_batch1,three_class_with_air,MLP,train,0.0,air,acetone,0,three_class_with_air|MLP|seed=0
PB1_train_period_i_internal_val_test_batch1,three_class_with_air,MLP,train,0.0,alcohol,air,0,three_class_with_air|MLP|seed=0
PB1_train_period_i_internal_val_test_batch1,three_class_with_air,MLP,train,0.0,alcohol,alcohol,12,three_class_with_air|MLP|seed=0
PB1_train_period_i_internal_val_test_batch1,three_class_with_air,MLP,train,0.0,alcohol,acetone,0,three_class_with_air|MLP|seed=0
PB1_train_period_i_internal_val_test_batch1,three_class_with_air,MLP,train,0.0,acetone,air,0,three_class_with_air|MLP|seed=0
PB1_train_period_i_internal_val_test_batch1,three_class_with_air,MLP,train,0.0,acetone,alcohol,0,three_class_with_air|MLP|seed=0
PB1_train_period_i_internal_val_test_batch1,three_class_with_air,MLP,train,0.0,acetone,acetone,12,three_class_with_air|MLP|seed=0
PB1_train_period_i_internal_val_test_batch1,three_class_with_air,MLP,validation,0.0,air,air,1,three_class_with_air|MLP|seed=0
PB1_train_period_i_internal_val_test_batch1,three_class_with_air,MLP,validation,0.0,air,alcohol,0,three_class_with_air|MLP|seed=0
PB1_train_period_i_internal_val_test_batch1,three_class_with_air,MLP,validation,0.0,air,acetone,0,three_class_with_air|MLP|seed=0
PB1_train_period_i_internal_val_test_batch1,three_class_with_air,MLP,validation,0.0,alcohol,air,1,three_class_with_air|MLP|seed=0
PB1_train_period_i_internal_val_test_batch1,three_class_with_air,MLP,validation,0.0,alcohol,alcohol,1,three_class_with_air|MLP|seed=0
PB1_train_period_i_internal_val_test_batch1,three_class_with_air,MLP,validation,0.0,alcohol,acetone,0,three_class_with_air|MLP|seed=0
PB1_train_period_i_internal_val_test_batch1,three_class_with_air,MLP,validation,0.0,acetone,air,1,three_class_with_air|MLP|seed=0
PB1_train_period_i_internal_val_test_batch1,three_class_with_air,MLP,validation,0.0,acetone,alcohol,0,three_class_with_air|MLP|seed=0
PB1_train_period_i_internal_val_test_batch1,three_class_with_air,MLP,validation,0.0,acetone,acetone,1,three_class_with_air|MLP|seed=0
PB1_train_period_i_internal_val_test_batch1,three_class_with_air,MLP,test,0.0,air,air,8,three_class_with_air|MLP|seed=0
PB1_train_period_i_internal_val_test_batch1,three_class_with_air,MLP,test,0.0,air,alcohol,0,three_class_with_air|MLP|seed=0
PB1_train_period_i_internal_val_test_batch1,three_class_with_air,MLP,test,0.0,air,acetone,0,three_class_with_air|MLP|seed=0
PB1_train_period_i_internal_val_test_batch1,three_class_with_air,MLP,test,0.0,alcohol,air,1,three_class_with_air|MLP|seed=0
PB1_train_period_i_internal_val_test_batch1,three_class_with_air,MLP,test,0.0,alcohol,alcohol,5,three_class_with_air|MLP|seed=0
PB1_train_period_i_internal_val_test_batch1,three_class_with_air,MLP,test,0.0,alcohol,acetone,4,three_class_with_air|MLP|seed=0
PB1_train_period_i_internal_val_test_batch1,three_class_with_air,MLP,test,0.0,acetone,air,0,three_class_with_air|MLP|seed=0
PB1_train_period_i_internal_val_test_batch1,three_class_with_air,MLP,test,0.0,acetone,alcohol,0,three_class_with_air|MLP|seed=0
PB1_train_period_i_internal_val_test_batch1,three_class_with_air,MLP,test,0.0,acetone,acetone,10,three_class_with_air|MLP|seed=0
PB2_train_period_i_internal_val_test_batch2,three_class_with_air,MLP,train,0.0,air,air,6,three_class_with_air|MLP|seed=0
PB2_train_period_i_internal_val_test_batch2,three_class_with_air,MLP,train,0.0,air,alcohol,0,three_class_with_air|MLP|seed=0
PB2_train_period_i_internal_val_test_batch2,three_class_with_air,MLP,train,0.0,air,acetone,0,three_class_with_air|MLP|seed=0
PB2_train_period_i_internal_val_test_batch2,three_class_with_air,MLP,train,0.0,alcohol,air,0,three_class_with_air|MLP|seed=0
PB2_train_period_i_internal_val_test_batch2,three_class_with_air,MLP,train,0.0,alcohol,alcohol,12,three_class_with_air|MLP|seed=0
PB2_train_period_i_internal_val_test_batch2,three_class_with_air,MLP,train,0.0,alcohol,acetone,0,three_class_with_air|MLP|seed=0
PB2_train_period_i_internal_val_test_batch2,three_class_with_air,MLP,train,0.0,acetone,air,0,three_class_with_air|MLP|seed=0
PB2_train_period_i_internal_val_test_batch2,three_class_with_air,MLP,train,0.0,acetone,alcohol,0,three_class_with_air|MLP|seed=0
PB2_train_period_i_internal_val_test_batch2,three_class_with_air,MLP,train,0.0,acetone,acetone,12,three_class_with_air|MLP|seed=0
PB2_train_period_i_internal_val_test_batch2,three_class_with_air,MLP,validation,0.0,air,air,1,three_class_with_air|MLP|seed=0
PB2_train_period_i_internal_val_test_batch2,three_class_with_air,MLP,validation,0.0,air,alcohol,0,three_class_with_air|MLP|seed=0
PB2_train_period_i_internal_val_test_batch2,three_class_with_air,MLP,validation,0.0,air,acetone,0,three_class_with_air|MLP|seed=0
PB2_train_period_i_internal_val_test_batch2,three_class_with_air,MLP,validation,0.0,alcohol,air,1,three_class_with_air|MLP|seed=0
PB2_train_period_i_internal_val_test_batch2,three_class_with_air,MLP,validation,0.0,alcohol,alcohol,1,three_class_with_air|MLP|seed=0
PB2_train_period_i_internal_val_test_batch2,three_class_with_air,MLP,validation,0.0,alcohol,acetone,0,three_class_with_air|MLP|seed=0
PB2_train_period_i_internal_val_test_batch2,three_class_with_air,MLP,validation,0.0,acetone,air,1,three_class_with_air|MLP|seed=0
PB2_train_period_i_internal_val_test_batch2,three_class_with_air,MLP,validation,0.0,acetone,alcohol,0,three_class_with_air|MLP|seed=0
PB2_train_period_i_internal_val_test_batch2,three_class_with_air,MLP,validation,0.0,acetone,acetone,1,three_class_with_air|MLP|seed=0
PB2_train_period_i_internal_val_test_batch2,three_class_with_air,MLP,test,0.0,air,air,17,three_class_with_air|MLP|seed=0
PB2_train_period_i_internal_val_test_batch2,three_class_with_air,MLP,test,0.0,air,alcohol,1,three_class_with_air|MLP|seed=0
PB2_train_period_i_internal_val_test_batch2,three_class_with_air,MLP,test,0.0,air,acetone,0,three_class_with_air|MLP|seed=0
PB2_train_period_i_internal_val_test_batch2,three_class_with_air,MLP,test,0.0,alcohol,air,3,three_class_with_air|MLP|seed=0
PB2_train_period_i_internal_val_test_batch2,three_class_with_air,MLP,test,0.0,alcohol,alcohol,29,three_class_with_air|MLP|seed=0
PB2_train_period_i_internal_val_test_batch2,three_class_with_air,MLP,test,0.0,alcohol,acetone,1,three_class_with_air|MLP|seed=0
PB2_train_period_i_internal_val_test_batch2,three_class_with_air,MLP,test,0.0,acetone,air,4,three_class_with_air|MLP|seed=0
PB2_train_period_i_internal_val_test_batch2,three_class_with_air,MLP,test,0.0,acetone,alcohol,2,three_class_with_air|MLP|seed=0
PB2_train_period_i_internal_val_test_batch2,three_class_with_air,MLP,test,0.0,acetone,acetone,27,three_class_with_air|MLP|seed=0
PB3_train_period_i_internal_val_test_batch3,three_class_with_air,MLP,train,0.0,air,air,6,three_class_with_air|MLP|seed=0
PB3_train_period_i_internal_val_test_batch3,three_class_with_air,MLP,train,0.0,air,alcohol,0,three_class_with_air|MLP|seed=0
PB3_train_period_i_internal_val_test_batch3,three_class_with_air,MLP,train,0.0,air,acetone,0,three_class_with_air|MLP|seed=0
PB3_train_period_i_internal_val_test_batch3,three_class_with_air,MLP,train,0.0,alcohol,air,0,three_class_with_air|MLP|seed=0
PB3_train_period_i_internal_val_test_batch3,three_class_with_air,MLP,train,0.0,alcohol,alcohol,12,three_class_with_air|MLP|seed=0
PB3_train_period_i_internal_val_test_batch3,three_class_with_air,MLP,train,0.0,alcohol,acetone,0,three_class_with_air|MLP|seed=0
PB3_train_period_i_internal_val_test_batch3,three_class_with_air,MLP,train,0.0,acetone,air,0,three_class_with_air|MLP|seed=0
PB3_train_period_i_internal_val_test_batch3,three_class_with_air,MLP,train,0.0,acetone,alcohol,0,three_class_with_air|MLP|seed=0
PB3_train_period_i_internal_val_test_batch3,three_class_with_air,MLP,train,0.0,acetone,acetone,12,three_class_with_air|MLP|seed=0
PB3_train_period_i_internal_val_test_batch3,three_class_with_air,MLP,validation,0.0,air,air,1,three_class_with_air|MLP|seed=0
PB3_train_period_i_internal_val_test_batch3,three_class_with_air,MLP,validation,0.0,air,alcohol,0,three_class_with_air|MLP|seed=0
PB3_train_period_i_internal_val_test_batch3,three_class_with_air,MLP,validation,0.0,air,acetone,0,three_class_with_air|MLP|seed=0
PB3_train_period_i_internal_val_test_batch3,three_class_with_air,MLP,validation,0.0,alcohol,air,1,three_class_with_air|MLP|seed=0
PB3_train_period_i_internal_val_test_batch3,three_class_with_air,MLP,validation,0.0,alcohol,alcohol,1,three_class_with_air|MLP|seed=0
PB3_train_period_i_internal_val_test_batch3,three_class_with_air,MLP,validation,0.0,alcohol,acetone,0,three_class_with_air|MLP|seed=0
PB3_train_period_i_internal_val_test_batch3,three_class_with_air,MLP,validation,0.0,acetone,air,1,three_class_with_air|MLP|seed=0
PB3_train_period_i_internal_val_test_batch3,three_class_with_air,MLP,validation,0.0,acetone,alcohol,0,three_class_with_air|MLP|seed=0
PB3_train_period_i_internal_val_test_batch3,three_class_with_air,MLP,validation,0.0,acetone,acetone,1,three_class_with_air|MLP|seed=0
PB3_train_period_i_internal_val_test_batch3,three_class_with_air,MLP,test,0.0,air,air,25,three_class_with_air|MLP|seed=0
PB3_train_period_i_internal_val_test_batch3,three_class_with_air,MLP,test,0.0,air,alcohol,6,three_class_with_air|MLP|seed=0
PB3_train_period_i_internal_val_test_batch3,three_class_with_air,MLP,test,0.0,air,acetone,0,three_class_with_air|MLP|seed=0
PB3_train_period_i_internal_val_test_batch3,three_class_with_air,MLP,test,0.0,alcohol,air,1,three_class_with_air|MLP|seed=0
PB3_train_period_i_internal_val_test_batch3,three_class_with_air,MLP,test,0.0,alcohol,alcohol,21,three_class_with_air|MLP|seed=0
PB3_train_period_i_internal_val_test_batch3,three_class_with_air,MLP,test,0.0,alcohol,acetone,3,three_class_with_air|MLP|seed=0
PB3_train_period_i_internal_val_test_batch3,three_class_with_air,MLP,test,0.0,acetone,air,7,three_class_with_air|MLP|seed=0
PB3_train_period_i_internal_val_test_batch3,three_class_with_air,MLP,test,0.0,acetone,alcohol,5,three_class_with_air|MLP|seed=0
PB3_train_period_i_internal_val_test_batch3,three_class_with_air,MLP,test,0.0,acetone,acetone,13,three_class_with_air|MLP|seed=0
PB4_train_period_i_internal_val_test_batch4,three_class_with_air,MLP,train,0.0,air,air,6,three_class_with_air|MLP|seed=0
PB4_train_period_i_internal_val_test_batch4,three_class_with_air,MLP,train,0.0,air,alcohol,0,three_class_with_air|MLP|seed=0
PB4_train_period_i_internal_val_test_batch4,three_class_with_air,MLP,train,0.0,air,acetone,0,three_class_with_air|MLP|seed=0
PB4_train_period_i_internal_val_test_batch4,three_class_with_air,MLP,train,0.0,alcohol,air,0,three_class_with_air|MLP|seed=0
PB4_train_period_i_internal_val_test_batch4,three_class_with_air,MLP,train,0.0,alcohol,alcohol,12,three_class_with_air|MLP|seed=0
PB4_train_period_i_internal_val_test_batch4,three_class_with_air,MLP,train,0.0,alcohol,acetone,0,three_class_with_air|MLP|seed=0
PB4_train_period_i_internal_val_test_batch4,three_class_with_air,MLP,train,0.0,acetone,air,0,three_class_with_air|MLP|seed=0
PB4_train_period_i_internal_val_test_batch4,three_class_with_air,MLP,train,0.0,acetone,alcohol,0,three_class_with_air|MLP|seed=0
PB4_train_period_i_internal_val_test_batch4,three_class_with_air,MLP,train,0.0,acetone,acetone,12,three_class_with_air|MLP|seed=0
PB4_train_period_i_internal_val_test_batch4,three_class_with_air,MLP,validation,0.0,air,air,1,three_class_with_air|MLP|seed=0
PB4_train_period_i_internal_val_test_batch4,three_class_with_air,MLP,validation,0.0,air,alcohol,0,three_class_with_air|MLP|seed=0
PB4_train_period_i_internal_val_test_batch4,three_class_with_air,MLP,validation,0.0,air,acetone,0,three_class_with_air|MLP|seed=0
PB4_train_period_i_internal_val_test_batch4,three_class_with_air,MLP,validation,0.0,alcohol,air,1,three_class_with_air|MLP|seed=0
PB4_train_period_i_internal_val_test_batch4,three_class_with_air,MLP,validation,0.0,alcohol,alcohol,1,three_class_with_air|MLP|seed=0
PB4_train_period_i_internal_val_test_batch4,three_class_with_air,MLP,validation,0.0,alcohol,acetone,0,three_class_with_air|MLP|seed=0
PB4_train_period_i_internal_val_test_batch4,three_class_with_air,MLP,validation,0.0,acetone,air,1,three_class_with_air|MLP|seed=0
PB4_train_period_i_internal_val_test_batch4,three_class_with_air,MLP,validation,0.0,acetone,alcohol,0,three_class_with_air|MLP|seed=0
PB4_train_period_i_internal_val_test_batch4,three_class_with_air,MLP,validation,0.0,acetone,acetone,1,three_class_with_air|MLP|seed=0
PB4_train_period_i_internal_val_test_batch4,three_class_with_air,MLP,test,0.0,air,air,11,three_class_with_air|MLP|seed=0
PB4_train_period_i_internal_val_test_batch4,three_class_with_air,MLP,test,0.0,air,alcohol,3,three_class_with_air|MLP|seed=0
PB4_train_period_i_internal_val_test_batch4,three_class_with_air,MLP,test,0.0,air,acetone,0,three_class_with_air|MLP|seed=0
PB4_train_period_i_internal_val_test_batch4,three_class_with_air,MLP,test,0.0,alcohol,air,0,three_class_with_air|MLP|seed=0
PB4_train_period_i_internal_val_test_batch4,three_class_with_air,MLP,test,0.0,alcohol,alcohol,7,three_class_with_air|MLP|seed=0
PB4_train_period_i_internal_val_test_batch4,three_class_with_air,MLP,test,0.0,alcohol,acetone,9,three_class_with_air|MLP|seed=0
PB4_train_period_i_internal_val_test_batch4,three_class_with_air,MLP,test,0.0,acetone,air,1,three_class_with_air|MLP|seed=0
PB4_train_period_i_internal_val_test_batch4,three_class_with_air,MLP,test,0.0,acetone,alcohol,0,three_class_with_air|MLP|seed=0
PB4_train_period_i_internal_val_test_batch4,three_class_with_air,MLP,test,0.0,acetone,acetone,15,three_class_with_air|MLP|seed=0
PB5_train_period_i_internal_val_test_batch5,three_class_with_air,MLP,train,0.0,air,air,6,three_class_with_air|MLP|seed=0
PB5_train_period_i_internal_val_test_batch5,three_class_with_air,MLP,train,0.0,air,alcohol,0,three_class_with_air|MLP|seed=0
PB5_train_period_i_internal_val_test_batch5,three_class_with_air,MLP,train,0.0,air,acetone,0,three_class_with_air|MLP|seed=0
PB5_train_period_i_internal_val_test_batch5,three_class_with_air,MLP,train,0.0,alcohol,air,0,three_class_with_air|MLP|seed=0
PB5_train_period_i_internal_val_test_batch5,three_class_with_air,MLP,train,0.0,alcohol,alcohol,12,three_class_with_air|MLP|seed=0
PB5_train_period_i_internal_val_test_batch5,three_class_with_air,MLP,train,0.0,alcohol,acetone,0,three_class_with_air|MLP|seed=0
PB5_train_period_i_internal_val_test_batch5,three_class_with_air,MLP,train,0.0,acetone,air,0,three_class_with_air|MLP|seed=0
PB5_train_period_i_internal_val_test_batch5,three_class_with_air,MLP,train,0.0,acetone,alcohol,0,three_class_with_air|MLP|seed=0
PB5_train_period_i_internal_val_test_batch5,three_class_with_air,MLP,train,0.0,acetone,acetone,12,three_class_with_air|MLP|seed=0
PB5_train_period_i_internal_val_test_batch5,three_class_with_air,MLP,validation,0.0,air,air,1,three_class_with_air|MLP|seed=0
PB5_train_period_i_internal_val_test_batch5,three_class_with_air,MLP,validation,0.0,air,alcohol,0,three_class_with_air|MLP|seed=0
PB5_train_period_i_internal_val_test_batch5,three_class_with_air,MLP,validation,0.0,air,acetone,0,three_class_with_air|MLP|seed=0
PB5_train_period_i_internal_val_test_batch5,three_class_with_air,MLP,validation,0.0,alcohol,air,1,three_class_with_air|MLP|seed=0
PB5_train_period_i_internal_val_test_batch5,three_class_with_air,MLP,validation,0.0,alcohol,alcohol,1,three_class_with_air|MLP|seed=0
PB5_train_period_i_internal_val_test_batch5,three_class_with_air,MLP,validation,0.0,alcohol,acetone,0,three_class_with_air|MLP|seed=0
PB5_train_period_i_internal_val_test_batch5,three_class_with_air,MLP,validation,0.0,acetone,air,1,three_class_with_air|MLP|seed=0
PB5_train_period_i_internal_val_test_batch5,three_class_with_air,MLP,validation,0.0,acetone,alcohol,0,three_class_with_air|MLP|seed=0
PB5_train_period_i_internal_val_test_batch5,three_class_with_air,MLP,validation,0.0,acetone,acetone,1,three_class_with_air|MLP|seed=0
PB5_train_period_i_internal_val_test_batch5,three_class_with_air,MLP,test,0.0,air,air,9,three_class_with_air|MLP|seed=0
PB5_train_period_i_internal_val_test_batch5,three_class_with_air,MLP,test,0.0,air,alcohol,1,three_class_with_air|MLP|seed=0
PB5_train_period_i_internal_val_test_batch5,three_class_with_air,MLP,test,0.0,air,acetone,0,three_class_with_air|MLP|seed=0
PB5_train_period_i_internal_val_test_batch5,three_class_with_air,MLP,test,0.0,alcohol,air,1,three_class_with_air|MLP|seed=0
PB5_train_period_i_internal_val_test_batch5,three_class_with_air,MLP,test,0.0,alcohol,alcohol,11,three_class_with_air|MLP|seed=0
PB5_train_period_i_internal_val_test_batch5,three_class_with_air,MLP,test,0.0,alcohol,acetone,0,three_class_with_air|MLP|seed=0
PB5_train_period_i_internal_val_test_batch5,three_class_with_air,MLP,test,0.0,acetone,air,1,three_class_with_air|MLP|seed=0
PB5_train_period_i_internal_val_test_batch5,three_class_with_air,MLP,test,0.0,acetone,alcohol,1,three_class_with_air|MLP|seed=0
PB5_train_period_i_internal_val_test_batch5,three_class_with_air,MLP,test,0.0,acetone,acetone,10,three_class_with_air|MLP|seed=0
PB1_train_period_i_internal_val_test_batch1,three_class_with_air,MLP,train,1.0,air,air,6,three_class_with_air|MLP|seed=1
PB1_train_period_i_internal_val_test_batch1,three_class_with_air,MLP,train,1.0,air,alcohol,0,three_class_with_air|MLP|seed=1
PB1_train_period_i_internal_val_test_batch1,three_class_with_air,MLP,train,1.0,air,acetone,0,three_class_with_air|MLP|seed=1
PB1_train_period_i_internal_val_test_batch1,three_class_with_air,MLP,train,1.0,alcohol,air,0,three_class_with_air|MLP|seed=1
PB1_train_period_i_internal_val_test_batch1,three_class_with_air,MLP,train,1.0,alcohol,alcohol,12,three_class_with_air|MLP|seed=1
PB1_train_period_i_internal_val_test_batch1,three_class_with_air,MLP,train,1.0,alcohol,acetone,0,three_class_with_air|MLP|seed=1
PB1_train_period_i_internal_val_test_batch1,three_class_with_air,MLP,train,1.0,acetone,air,0,three_class_with_air|MLP|seed=1
PB1_train_period_i_internal_val_test_batch1,three_class_with_air,MLP,train,1.0,acetone,alcohol,0,three_class_with_air|MLP|seed=1
PB1_train_period_i_internal_val_test_batch1,three_class_with_air,MLP,train,1.0,acetone,acetone,12,three_class_with_air|MLP|seed=1
PB1_train_period_i_internal_val_test_batch1,three_class_with_air,MLP,validation,1.0,air,air,1,three_class_with_air|MLP|seed=1
PB1_train_period_i_internal_val_test_batch1,three_class_with_air,MLP,validation,1.0,air,alcohol,0,three_class_with_air|MLP|seed=1
PB1_train_period_i_internal_val_test_batch1,three_class_with_air,MLP,validation,1.0,air,acetone,0,three_class_with_air|MLP|seed=1
PB1_train_period_i_internal_val_test_batch1,three_class_with_air,MLP,validation,1.0,alcohol,air,1,three_class_with_air|MLP|seed=1
PB1_train_period_i_internal_val_test_batch1,three_class_with_air,MLP,validation,1.0,alcohol,alcohol,1,three_class_with_air|MLP|seed=1
PB1_train_period_i_internal_val_test_batch1,three_class_with_air,MLP,validation,1.0,alcohol,acetone,0,three_class_with_air|MLP|seed=1
PB1_train_period_i_internal_val_test_batch1,three_class_with_air,MLP,validation,1.0,acetone,air,1,three_class_with_air|MLP|seed=1
PB1_train_period_i_internal_val_test_batch1,three_class_with_air,MLP,validation,1.0,acetone,alcohol,0,three_class_with_air|MLP|seed=1
PB1_train_period_i_internal_val_test_batch1,three_class_with_air,MLP,validation,1.0,acetone,acetone,1,three_class_with_air|MLP|seed=1
PB1_train_period_i_internal_val_test_batch1,three_class_with_air,MLP,test,1.0,air,air,8,three_class_with_air|MLP|seed=1
PB1_train_period_i_internal_val_test_batch1,three_class_with_air,MLP,test,1.0,air,alcohol,0,three_class_with_air|MLP|seed=1
PB1_train_period_i_internal_val_test_batch1,three_class_with_air,MLP,test,1.0,air,acetone,0,three_class_with_air|MLP|seed=1
PB1_train_period_i_internal_val_test_batch1,three_class_with_air,MLP,test,1.0,alcohol,air,1,three_class_with_air|MLP|seed=1
PB1_train_period_i_internal_val_test_batch1,three_class_with_air,MLP,test,1.0,alcohol,alcohol,7,three_class_with_air|MLP|seed=1
PB1_train_period_i_internal_val_test_batch1,three_class_with_air,MLP,test,1.0,alcohol,acetone,2,three_class_with_air|MLP|seed=1
PB1_train_period_i_internal_val_test_batch1,three_class_with_air,MLP,test,1.0,acetone,air,0,three_class_with_air|MLP|seed=1
PB1_train_period_i_internal_val_test_batch1,three_class_with_air,MLP,test,1.0,acetone,alcohol,0,three_class_with_air|MLP|seed=1
PB1_train_period_i_internal_val_test_batch1,three_class_with_air,MLP,test,1.0,acetone,acetone,10,three_class_with_air|MLP|seed=1
PB2_train_period_i_internal_val_test_batch2,three_class_with_air,MLP,train,1.0,air,air,6,three_class_with_air|MLP|seed=1
PB2_train_period_i_internal_val_test_batch2,three_class_with_air,MLP,train,1.0,air,alcohol,0,three_class_with_air|MLP|seed=1
PB2_train_period_i_internal_val_test_batch2,three_class_with_air,MLP,train,1.0,air,acetone,0,three_class_with_air|MLP|seed=1
PB2_train_period_i_internal_val_test_batch2,three_class_with_air,MLP,train,1.0,alcohol,air,0,three_class_with_air|MLP|seed=1
PB2_train_period_i_internal_val_test_batch2,three_class_with_air,MLP,train,1.0,alcohol,alcohol,12,three_class_with_air|MLP|seed=1
PB2_train_period_i_internal_val_test_batch2,three_class_with_air,MLP,train,1.0,alcohol,acetone,0,three_class_with_air|MLP|seed=1
PB2_train_period_i_internal_val_test_batch2,three_class_with_air,MLP,train,1.0,acetone,air,0,three_class_with_air|MLP|seed=1
PB2_train_period_i_internal_val_test_batch2,three_class_with_air,MLP,train,1.0,acetone,alcohol,0,three_class_with_air|MLP|seed=1
PB2_train_period_i_internal_val_test_batch2,three_class_with_air,MLP,train,1.0,acetone,acetone,12,three_class_with_air|MLP|seed=1
PB2_train_period_i_internal_val_test_batch2,three_class_with_air,MLP,validation,1.0,air,air,1,three_class_with_air|MLP|seed=1
PB2_train_period_i_internal_val_test_batch2,three_class_with_air,MLP,validation,1.0,air,alcohol,0,three_class_with_air|MLP|seed=1
PB2_train_period_i_internal_val_test_batch2,three_class_with_air,MLP,validation,1.0,air,acetone,0,three_class_with_air|MLP|seed=1
PB2_train_period_i_internal_val_test_batch2,three_class_with_air,MLP,validation,1.0,alcohol,air,1,three_class_with_air|MLP|seed=1
PB2_train_period_i_internal_val_test_batch2,three_class_with_air,MLP,validation,1.0,alcohol,alcohol,1,three_class_with_air|MLP|seed=1
PB2_train_period_i_internal_val_test_batch2,three_class_with_air,MLP,validation,1.0,alcohol,acetone,0,three_class_with_air|MLP|seed=1
PB2_train_period_i_internal_val_test_batch2,three_class_with_air,MLP,validation,1.0,acetone,air,1,three_class_with_air|MLP|seed=1
PB2_train_period_i_internal_val_test_batch2,three_class_with_air,MLP,validation,1.0,acetone,alcohol,0,three_class_with_air|MLP|seed=1
PB2_train_period_i_internal_val_test_batch2,three_class_with_air,MLP,validation,1.0,acetone,acetone,1,three_class_with_air|MLP|seed=1
PB2_train_period_i_internal_val_test_batch2,three_class_with_air,MLP,test,1.0,air,air,16,three_class_with_air|MLP|seed=1
PB2_train_period_i_internal_val_test_batch2,three_class_with_air,MLP,test,1.0,air,alcohol,2,three_class_with_air|MLP|seed=1
PB2_train_period_i_internal_val_test_batch2,three_class_with_air,MLP,test,1.0,air,acetone,0,three_class_with_air|MLP|seed=1
PB2_train_period_i_internal_val_test_batch2,three_class_with_air,MLP,test,1.0,alcohol,air,0,three_class_with_air|MLP|seed=1
PB2_train_period_i_internal_val_test_batch2,three_class_with_air,MLP,test,1.0,alcohol,alcohol,32,three_class_with_air|MLP|seed=1
PB2_train_period_i_internal_val_test_batch2,three_class_with_air,MLP,test,1.0,alcohol,acetone,1,three_class_with_air|MLP|seed=1
PB2_train_period_i_internal_val_test_batch2,three_class_with_air,MLP,test,1.0,acetone,air,0,three_class_with_air|MLP|seed=1
PB2_train_period_i_internal_val_test_batch2,three_class_with_air,MLP,test,1.0,acetone,alcohol,13,three_class_with_air|MLP|seed=1
PB2_train_period_i_internal_val_test_batch2,three_class_with_air,MLP,test,1.0,acetone,acetone,20,three_class_with_air|MLP|seed=1
PB3_train_period_i_internal_val_test_batch3,three_class_with_air,MLP,train,1.0,air,air,6,three_class_with_air|MLP|seed=1
PB3_train_period_i_internal_val_test_batch3,three_class_with_air,MLP,train,1.0,air,alcohol,0,three_class_with_air|MLP|seed=1
PB3_train_period_i_internal_val_test_batch3,three_class_with_air,MLP,train,1.0,air,acetone,0,three_class_with_air|MLP|seed=1
PB3_train_period_i_internal_val_test_batch3,three_class_with_air,MLP,train,1.0,alcohol,air,0,three_class_with_air|MLP|seed=1
PB3_train_period_i_internal_val_test_batch3,three_class_with_air,MLP,train,1.0,alcohol,alcohol,12,three_class_with_air|MLP|seed=1
PB3_train_period_i_internal_val_test_batch3,three_class_with_air,MLP,train,1.0,alcohol,acetone,0,three_class_with_air|MLP|seed=1
PB3_train_period_i_internal_val_test_batch3,three_class_with_air,MLP,train,1.0,acetone,air,0,three_class_with_air|MLP|seed=1
PB3_train_period_i_internal_val_test_batch3,three_class_with_air,MLP,train,1.0,acetone,alcohol,0,three_class_with_air|MLP|seed=1
PB3_train_period_i_internal_val_test_batch3,three_class_with_air,MLP,train,1.0,acetone,acetone,12,three_class_with_air|MLP|seed=1
PB3_train_period_i_internal_val_test_batch3,three_class_with_air,MLP,validation,1.0,air,air,1,three_class_with_air|MLP|seed=1
PB3_train_period_i_internal_val_test_batch3,three_class_with_air,MLP,validation,1.0,air,alcohol,0,three_class_with_air|MLP|seed=1
PB3_train_period_i_internal_val_test_batch3,three_class_with_air,MLP,validation,1.0,air,acetone,0,three_class_with_air|MLP|seed=1
PB3_train_period_i_internal_val_test_batch3,three_class_with_air,MLP,validation,1.0,alcohol,air,1,three_class_with_air|MLP|seed=1
PB3_train_period_i_internal_val_test_batch3,three_class_with_air,MLP,validation,1.0,alcohol,alcohol,1,three_class_with_air|MLP|seed=1
PB3_train_period_i_internal_val_test_batch3,three_class_with_air,MLP,validation,1.0,alcohol,acetone,0,three_class_with_air|MLP|seed=1
PB3_train_period_i_internal_val_test_batch3,three_class_with_air,MLP,validation,1.0,acetone,air,1,three_class_with_air|MLP|seed=1
PB3_train_period_i_internal_val_test_batch3,three_class_with_air,MLP,validation,1.0,acetone,alcohol,0,three_class_with_air|MLP|seed=1
PB3_train_period_i_internal_val_test_batch3,three_class_with_air,MLP,validation,1.0,acetone,acetone,1,three_class_with_air|MLP|seed=1
PB3_train_period_i_internal_val_test_batch3,three_class_with_air,MLP,test,1.0,air,air,24,three_class_with_air|MLP|seed=1
PB3_train_period_i_internal_val_test_batch3,three_class_with_air,MLP,test,1.0,air,alcohol,7,three_class_with_air|MLP|seed=1
PB3_train_period_i_internal_val_test_batch3,three_class_with_air,MLP,test,1.0,air,acetone,0,three_class_with_air|MLP|seed=1
PB3_train_period_i_internal_val_test_batch3,three_class_with_air,MLP,test,1.0,alcohol,air,1,three_class_with_air|MLP|seed=1
PB3_train_period_i_internal_val_test_batch3,three_class_with_air,MLP,test,1.0,alcohol,alcohol,24,three_class_with_air|MLP|seed=1
PB3_train_period_i_internal_val_test_batch3,three_class_with_air,MLP,test,1.0,alcohol,acetone,0,three_class_with_air|MLP|seed=1
PB3_train_period_i_internal_val_test_batch3,three_class_with_air,MLP,test,1.0,acetone,air,3,three_class_with_air|MLP|seed=1
PB3_train_period_i_internal_val_test_batch3,three_class_with_air,MLP,test,1.0,acetone,alcohol,16,three_class_with_air|MLP|seed=1
PB3_train_period_i_internal_val_test_batch3,three_class_with_air,MLP,test,1.0,acetone,acetone,6,three_class_with_air|MLP|seed=1
PB4_train_period_i_internal_val_test_batch4,three_class_with_air,MLP,train,1.0,air,air,6,three_class_with_air|MLP|seed=1
PB4_train_period_i_internal_val_test_batch4,three_class_with_air,MLP,train,1.0,air,alcohol,0,three_class_with_air|MLP|seed=1
PB4_train_period_i_internal_val_test_batch4,three_class_with_air,MLP,train,1.0,air,acetone,0,three_class_with_air|MLP|seed=1
PB4_train_period_i_internal_val_test_batch4,three_class_with_air,MLP,train,1.0,alcohol,air,0,three_class_with_air|MLP|seed=1
PB4_train_period_i_internal_val_test_batch4,three_class_with_air,MLP,train,1.0,alcohol,alcohol,12,three_class_with_air|MLP|seed=1
PB4_train_period_i_internal_val_test_batch4,three_class_with_air,MLP,train,1.0,alcohol,acetone,0,three_class_with_air|MLP|seed=1
PB4_train_period_i_internal_val_test_batch4,three_class_with_air,MLP,train,1.0,acetone,air,0,three_class_with_air|MLP|seed=1
PB4_train_period_i_internal_val_test_batch4,three_class_with_air,MLP,train,1.0,acetone,alcohol,0,three_class_with_air|MLP|seed=1
PB4_train_period_i_internal_val_test_batch4,three_class_with_air,MLP,train,1.0,acetone,acetone,12,three_class_with_air|MLP|seed=1
PB4_train_period_i_internal_val_test_batch4,three_class_with_air,MLP,validation,1.0,air,air,1,three_class_with_air|MLP|seed=1
PB4_train_period_i_internal_val_test_batch4,three_class_with_air,MLP,validation,1.0,air,alcohol,0,three_class_with_air|MLP|seed=1
PB4_train_period_i_internal_val_test_batch4,three_class_with_air,MLP,validation,1.0,air,acetone,0,three_class_with_air|MLP|seed=1
PB4_train_period_i_internal_val_test_batch4,three_class_with_air,MLP,validation,1.0,alcohol,air,1,three_class_with_air|MLP|seed=1
PB4_train_period_i_internal_val_test_batch4,three_class_with_air,MLP,validation,1.0,alcohol,alcohol,1,three_class_with_air|MLP|seed=1
PB4_train_period_i_internal_val_test_batch4,three_class_with_air,MLP,validation,1.0,alcohol,acetone,0,three_class_with_air|MLP|seed=1
PB4_train_period_i_internal_val_test_batch4,three_class_with_air,MLP,validation,1.0,acetone,air,1,three_class_with_air|MLP|seed=1
PB4_train_period_i_internal_val_test_batch4,three_class_with_air,MLP,validation,1.0,acetone,alcohol,0,three_class_with_air|MLP|seed=1
PB4_train_period_i_internal_val_test_batch4,three_class_with_air,MLP,validation,1.0,acetone,acetone,1,three_class_with_air|MLP|seed=1
PB4_train_period_i_internal_val_test_batch4,three_class_with_air,MLP,test,1.0,air,air,11,three_class_with_air|MLP|seed=1
PB4_train_period_i_internal_val_test_batch4,three_class_with_air,MLP,test,1.0,air,alcohol,3,three_class_with_air|MLP|seed=1
PB4_train_period_i_internal_val_test_batch4,three_class_with_air,MLP,test,1.0,air,acetone,0,three_class_with_air|MLP|seed=1
PB4_train_period_i_internal_val_test_batch4,three_class_with_air,MLP,test,1.0,alcohol,air,0,three_class_with_air|MLP|seed=1
PB4_train_period_i_internal_val_test_batch4,three_class_with_air,MLP,test,1.0,alcohol,alcohol,15,three_class_with_air|MLP|seed=1
PB4_train_period_i_internal_val_test_batch4,three_class_with_air,MLP,test,1.0,alcohol,acetone,1,three_class_with_air|MLP|seed=1
PB4_train_period_i_internal_val_test_batch4,three_class_with_air,MLP,test,1.0,acetone,air,0,three_class_with_air|MLP|seed=1
PB4_train_period_i_internal_val_test_batch4,three_class_with_air,MLP,test,1.0,acetone,alcohol,2,three_class_with_air|MLP|seed=1
PB4_train_period_i_internal_val_test_batch4,three_class_with_air,MLP,test,1.0,acetone,acetone,14,three_class_with_air|MLP|seed=1
PB5_train_period_i_internal_val_test_batch5,three_class_with_air,MLP,train,1.0,air,air,6,three_class_with_air|MLP|seed=1
PB5_train_period_i_internal_val_test_batch5,three_class_with_air,MLP,train,1.0,air,alcohol,0,three_class_with_air|MLP|seed=1
PB5_train_period_i_internal_val_test_batch5,three_class_with_air,MLP,train,1.0,air,acetone,0,three_class_with_air|MLP|seed=1
PB5_train_period_i_internal_val_test_batch5,three_class_with_air,MLP,train,1.0,alcohol,air,0,three_class_with_air|MLP|seed=1
PB5_train_period_i_internal_val_test_batch5,three_class_with_air,MLP,train,1.0,alcohol,alcohol,12,three_class_with_air|MLP|seed=1
PB5_train_period_i_internal_val_test_batch5,three_class_with_air,MLP,train,1.0,alcohol,acetone,0,three_class_with_air|MLP|seed=1
PB5_train_period_i_internal_val_test_batch5,three_class_with_air,MLP,train,1.0,acetone,air,0,three_class_with_air|MLP|seed=1
PB5_train_period_i_internal_val_test_batch5,three_class_with_air,MLP,train,1.0,acetone,alcohol,0,three_class_with_air|MLP|seed=1
PB5_train_period_i_internal_val_test_batch5,three_class_with_air,MLP,train,1.0,acetone,acetone,12,three_class_with_air|MLP|seed=1
PB5_train_period_i_internal_val_test_batch5,three_class_with_air,MLP,validation,1.0,air,air,1,three_class_with_air|MLP|seed=1
PB5_train_period_i_internal_val_test_batch5,three_class_with_air,MLP,validation,1.0,air,alcohol,0,three_class_with_air|MLP|seed=1
PB5_train_period_i_internal_val_test_batch5,three_class_with_air,MLP,validation,1.0,air,acetone,0,three_class_with_air|MLP|seed=1
PB5_train_period_i_internal_val_test_batch5,three_class_with_air,MLP,validation,1.0,alcohol,air,1,three_class_with_air|MLP|seed=1
PB5_train_period_i_internal_val_test_batch5,three_class_with_air,MLP,validation,1.0,alcohol,alcohol,1,three_class_with_air|MLP|seed=1
PB5_train_period_i_internal_val_test_batch5,three_class_with_air,MLP,validation,1.0,alcohol,acetone,0,three_class_with_air|MLP|seed=1
PB5_train_period_i_internal_val_test_batch5,three_class_with_air,MLP,validation,1.0,acetone,air,1,three_class_with_air|MLP|seed=1
PB5_train_period_i_internal_val_test_batch5,three_class_with_air,MLP,validation,1.0,acetone,alcohol,0,three_class_with_air|MLP|seed=1
PB5_train_period_i_internal_val_test_batch5,three_class_with_air,MLP,validation,1.0,acetone,acetone,1,three_class_with_air|MLP|seed=1
PB5_train_period_i_internal_val_test_batch5,three_class_with_air,MLP,test,1.0,air,air,9,three_class_with_air|MLP|seed=1
PB5_train_period_i_internal_val_test_batch5,three_class_with_air,MLP,test,1.0,air,alcohol,1,three_class_with_air|MLP|seed=1
PB5_train_period_i_internal_val_test_batch5,three_class_with_air,MLP,test,1.0,air,acetone,0,three_class_with_air|MLP|seed=1
PB5_train_period_i_internal_val_test_batch5,three_class_with_air,MLP,test,1.0,alcohol,air,0,three_class_with_air|MLP|seed=1
PB5_train_period_i_internal_val_test_batch5,three_class_with_air,MLP,test,1.0,alcohol,alcohol,12,three_class_with_air|MLP|seed=1
PB5_train_period_i_internal_val_test_batch5,three_class_with_air,MLP,test,1.0,alcohol,acetone,0,three_class_with_air|MLP|seed=1
PB5_train_period_i_internal_val_test_batch5,three_class_with_air,MLP,test,1.0,acetone,air,0,three_class_with_air|MLP|seed=1
PB5_train_period_i_internal_val_test_batch5,three_class_with_air,MLP,test,1.0,acetone,alcohol,3,three_class_with_air|MLP|seed=1
PB5_train_period_i_internal_val_test_batch5,three_class_with_air,MLP,test,1.0,acetone,acetone,9,three_class_with_air|MLP|seed=1
PB1_train_period_i_internal_val_test_batch1,three_class_with_air,MLP,train,2.0,air,air,6,three_class_with_air|MLP|seed=2
PB1_train_period_i_internal_val_test_batch1,three_class_with_air,MLP,train,2.0,air,alcohol,0,three_class_with_air|MLP|seed=2
PB1_train_period_i_internal_val_test_batch1,three_class_with_air,MLP,train,2.0,air,acetone,0,three_class_with_air|MLP|seed=2
PB1_train_period_i_internal_val_test_batch1,three_class_with_air,MLP,train,2.0,alcohol,air,0,three_class_with_air|MLP|seed=2
PB1_train_period_i_internal_val_test_batch1,three_class_with_air,MLP,train,2.0,alcohol,alcohol,12,three_class_with_air|MLP|seed=2
PB1_train_period_i_internal_val_test_batch1,three_class_with_air,MLP,train,2.0,alcohol,acetone,0,three_class_with_air|MLP|seed=2
PB1_train_period_i_internal_val_test_batch1,three_class_with_air,MLP,train,2.0,acetone,air,0,three_class_with_air|MLP|seed=2
PB1_train_period_i_internal_val_test_batch1,three_class_with_air,MLP,train,2.0,acetone,alcohol,0,three_class_with_air|MLP|seed=2
PB1_train_period_i_internal_val_test_batch1,three_class_with_air,MLP,train,2.0,acetone,acetone,12,three_class_with_air|MLP|seed=2
PB1_train_period_i_internal_val_test_batch1,three_class_with_air,MLP,validation,2.0,air,air,1,three_class_with_air|MLP|seed=2
PB1_train_period_i_internal_val_test_batch1,three_class_with_air,MLP,validation,2.0,air,alcohol,0,three_class_with_air|MLP|seed=2
PB1_train_period_i_internal_val_test_batch1,three_class_with_air,MLP,validation,2.0,air,acetone,0,three_class_with_air|MLP|seed=2
PB1_train_period_i_internal_val_test_batch1,three_class_with_air,MLP,validation,2.0,alcohol,air,1,three_class_with_air|MLP|seed=2
PB1_train_period_i_internal_val_test_batch1,three_class_with_air,MLP,validation,2.0,alcohol,alcohol,1,three_class_with_air|MLP|seed=2
PB1_train_period_i_internal_val_test_batch1,three_class_with_air,MLP,validation,2.0,alcohol,acetone,0,three_class_with_air|MLP|seed=2
PB1_train_period_i_internal_val_test_batch1,three_class_with_air,MLP,validation,2.0,acetone,air,1,three_class_with_air|MLP|seed=2
PB1_train_period_i_internal_val_test_batch1,three_class_with_air,MLP,validation,2.0,acetone,alcohol,0,three_class_with_air|MLP|seed=2
PB1_train_period_i_internal_val_test_batch1,three_class_with_air,MLP,validation,2.0,acetone,acetone,1,three_class_with_air|MLP|seed=2
PB1_train_period_i_internal_val_test_batch1,three_class_with_air,MLP,test,2.0,air,air,7,three_class_with_air|MLP|seed=2
PB1_train_period_i_internal_val_test_batch1,three_class_with_air,MLP,test,2.0,air,alcohol,1,three_class_with_air|MLP|seed=2
PB1_train_period_i_internal_val_test_batch1,three_class_with_air,MLP,test,2.0,air,acetone,0,three_class_with_air|MLP|seed=2
PB1_train_period_i_internal_val_test_batch1,three_class_with_air,MLP,test,2.0,alcohol,air,1,three_class_with_air|MLP|seed=2
PB1_train_period_i_internal_val_test_batch1,three_class_with_air,MLP,test,2.0,alcohol,alcohol,5,three_class_with_air|MLP|seed=2
PB1_train_period_i_internal_val_test_batch1,three_class_with_air,MLP,test,2.0,alcohol,acetone,4,three_class_with_air|MLP|seed=2
PB1_train_period_i_internal_val_test_batch1,three_class_with_air,MLP,test,2.0,acetone,air,0,three_class_with_air|MLP|seed=2
PB1_train_period_i_internal_val_test_batch1,three_class_with_air,MLP,test,2.0,acetone,alcohol,0,three_class_with_air|MLP|seed=2
PB1_train_period_i_internal_val_test_batch1,three_class_with_air,MLP,test,2.0,acetone,acetone,10,three_class_with_air|MLP|seed=2
PB2_train_period_i_internal_val_test_batch2,three_class_with_air,MLP,train,2.0,air,air,6,three_class_with_air|MLP|seed=2
PB2_train_period_i_internal_val_test_batch2,three_class_with_air,MLP,train,2.0,air,alcohol,0,three_class_with_air|MLP|seed=2
PB2_train_period_i_internal_val_test_batch2,three_class_with_air,MLP,train,2.0,air,acetone,0,three_class_with_air|MLP|seed=2
PB2_train_period_i_internal_val_test_batch2,three_class_with_air,MLP,train,2.0,alcohol,air,0,three_class_with_air|MLP|seed=2
PB2_train_period_i_internal_val_test_batch2,three_class_with_air,MLP,train,2.0,alcohol,alcohol,12,three_class_with_air|MLP|seed=2
PB2_train_period_i_internal_val_test_batch2,three_class_with_air,MLP,train,2.0,alcohol,acetone,0,three_class_with_air|MLP|seed=2
PB2_train_period_i_internal_val_test_batch2,three_class_with_air,MLP,train,2.0,acetone,air,0,three_class_with_air|MLP|seed=2
PB2_train_period_i_internal_val_test_batch2,three_class_with_air,MLP,train,2.0,acetone,alcohol,0,three_class_with_air|MLP|seed=2
PB2_train_period_i_internal_val_test_batch2,three_class_with_air,MLP,train,2.0,acetone,acetone,12,three_class_with_air|MLP|seed=2
PB2_train_period_i_internal_val_test_batch2,three_class_with_air,MLP,validation,2.0,air,air,1,three_class_with_air|MLP|seed=2
PB2_train_period_i_internal_val_test_batch2,three_class_with_air,MLP,validation,2.0,air,alcohol,0,three_class_with_air|MLP|seed=2
PB2_train_period_i_internal_val_test_batch2,three_class_with_air,MLP,validation,2.0,air,acetone,0,three_class_with_air|MLP|seed=2
PB2_train_period_i_internal_val_test_batch2,three_class_with_air,MLP,validation,2.0,alcohol,air,1,three_class_with_air|MLP|seed=2
PB2_train_period_i_internal_val_test_batch2,three_class_with_air,MLP,validation,2.0,alcohol,alcohol,1,three_class_with_air|MLP|seed=2
PB2_train_period_i_internal_val_test_batch2,three_class_with_air,MLP,validation,2.0,alcohol,acetone,0,three_class_with_air|MLP|seed=2
PB2_train_period_i_internal_val_test_batch2,three_class_with_air,MLP,validation,2.0,acetone,air,1,three_class_with_air|MLP|seed=2
PB2_train_period_i_internal_val_test_batch2,three_class_with_air,MLP,validation,2.0,acetone,alcohol,0,three_class_with_air|MLP|seed=2
PB2_train_period_i_internal_val_test_batch2,three_class_with_air,MLP,validation,2.0,acetone,acetone,1,three_class_with_air|MLP|seed=2
PB2_train_period_i_internal_val_test_batch2,three_class_with_air,MLP,test,2.0,air,air,16,three_class_with_air|MLP|seed=2
PB2_train_period_i_internal_val_test_batch2,three_class_with_air,MLP,test,2.0,air,alcohol,2,three_class_with_air|MLP|seed=2
PB2_train_period_i_internal_val_test_batch2,three_class_with_air,MLP,test,2.0,air,acetone,0,three_class_with_air|MLP|seed=2
PB2_train_period_i_internal_val_test_batch2,three_class_with_air,MLP,test,2.0,alcohol,air,3,three_class_with_air|MLP|seed=2
PB2_train_period_i_internal_val_test_batch2,three_class_with_air,MLP,test,2.0,alcohol,alcohol,27,three_class_with_air|MLP|seed=2
PB2_train_period_i_internal_val_test_batch2,three_class_with_air,MLP,test,2.0,alcohol,acetone,3,three_class_with_air|MLP|seed=2
PB2_train_period_i_internal_val_test_batch2,three_class_with_air,MLP,test,2.0,acetone,air,7,three_class_with_air|MLP|seed=2
PB2_train_period_i_internal_val_test_batch2,three_class_with_air,MLP,test,2.0,acetone,alcohol,5,three_class_with_air|MLP|seed=2
PB2_train_period_i_internal_val_test_batch2,three_class_with_air,MLP,test,2.0,acetone,acetone,21,three_class_with_air|MLP|seed=2
PB3_train_period_i_internal_val_test_batch3,three_class_with_air,MLP,train,2.0,air,air,6,three_class_with_air|MLP|seed=2
PB3_train_period_i_internal_val_test_batch3,three_class_with_air,MLP,train,2.0,air,alcohol,0,three_class_with_air|MLP|seed=2
PB3_train_period_i_internal_val_test_batch3,three_class_with_air,MLP,train,2.0,air,acetone,0,three_class_with_air|MLP|seed=2
PB3_train_period_i_internal_val_test_batch3,three_class_with_air,MLP,train,2.0,alcohol,air,0,three_class_with_air|MLP|seed=2
PB3_train_period_i_internal_val_test_batch3,three_class_with_air,MLP,train,2.0,alcohol,alcohol,12,three_class_with_air|MLP|seed=2
PB3_train_period_i_internal_val_test_batch3,three_class_with_air,MLP,train,2.0,alcohol,acetone,0,three_class_with_air|MLP|seed=2
PB3_train_period_i_internal_val_test_batch3,three_class_with_air,MLP,train,2.0,acetone,air,0,three_class_with_air|MLP|seed=2
PB3_train_period_i_internal_val_test_batch3,three_class_with_air,MLP,train,2.0,acetone,alcohol,0,three_class_with_air|MLP|seed=2
PB3_train_period_i_internal_val_test_batch3,three_class_with_air,MLP,train,2.0,acetone,acetone,12,three_class_with_air|MLP|seed=2
PB3_train_period_i_internal_val_test_batch3,three_class_with_air,MLP,validation,2.0,air,air,1,three_class_with_air|MLP|seed=2
PB3_train_period_i_internal_val_test_batch3,three_class_with_air,MLP,validation,2.0,air,alcohol,0,three_class_with_air|MLP|seed=2
PB3_train_period_i_internal_val_test_batch3,three_class_with_air,MLP,validation,2.0,air,acetone,0,three_class_with_air|MLP|seed=2
PB3_train_period_i_internal_val_test_batch3,three_class_with_air,MLP,validation,2.0,alcohol,air,1,three_class_with_air|MLP|seed=2
PB3_train_period_i_internal_val_test_batch3,three_class_with_air,MLP,validation,2.0,alcohol,alcohol,1,three_class_with_air|MLP|seed=2
PB3_train_period_i_internal_val_test_batch3,three_class_with_air,MLP,validation,2.0,alcohol,acetone,0,three_class_with_air|MLP|seed=2
PB3_train_period_i_internal_val_test_batch3,three_class_with_air,MLP,validation,2.0,acetone,air,1,three_class_with_air|MLP|seed=2
PB3_train_period_i_internal_val_test_batch3,three_class_with_air,MLP,validation,2.0,acetone,alcohol,0,three_class_with_air|MLP|seed=2
PB3_train_period_i_internal_val_test_batch3,three_class_with_air,MLP,validation,2.0,acetone,acetone,1,three_class_with_air|MLP|seed=2
PB3_train_period_i_internal_val_test_batch3,three_class_with_air,MLP,test,2.0,air,air,24,three_class_with_air|MLP|seed=2
PB3_train_period_i_internal_val_test_batch3,three_class_with_air,MLP,test,2.0,air,alcohol,7,three_class_with_air|MLP|seed=2
PB3_train_period_i_internal_val_test_batch3,three_class_with_air,MLP,test,2.0,air,acetone,0,three_class_with_air|MLP|seed=2
PB3_train_period_i_internal_val_test_batch3,three_class_with_air,MLP,test,2.0,alcohol,air,0,three_class_with_air|MLP|seed=2
PB3_train_period_i_internal_val_test_batch3,three_class_with_air,MLP,test,2.0,alcohol,alcohol,20,three_class_with_air|MLP|seed=2
PB3_train_period_i_internal_val_test_batch3,three_class_with_air,MLP,test,2.0,alcohol,acetone,5,three_class_with_air|MLP|seed=2
PB3_train_period_i_internal_val_test_batch3,three_class_with_air,MLP,test,2.0,acetone,air,5,three_class_with_air|MLP|seed=2
PB3_train_period_i_internal_val_test_batch3,three_class_with_air,MLP,test,2.0,acetone,alcohol,10,three_class_with_air|MLP|seed=2
PB3_train_period_i_internal_val_test_batch3,three_class_with_air,MLP,test,2.0,acetone,acetone,10,three_class_with_air|MLP|seed=2
PB4_train_period_i_internal_val_test_batch4,three_class_with_air,MLP,train,2.0,air,air,6,three_class_with_air|MLP|seed=2
PB4_train_period_i_internal_val_test_batch4,three_class_with_air,MLP,train,2.0,air,alcohol,0,three_class_with_air|MLP|seed=2
PB4_train_period_i_internal_val_test_batch4,three_class_with_air,MLP,train,2.0,air,acetone,0,three_class_with_air|MLP|seed=2
PB4_train_period_i_internal_val_test_batch4,three_class_with_air,MLP,train,2.0,alcohol,air,0,three_class_with_air|MLP|seed=2
PB4_train_period_i_internal_val_test_batch4,three_class_with_air,MLP,train,2.0,alcohol,alcohol,12,three_class_with_air|MLP|seed=2
PB4_train_period_i_internal_val_test_batch4,three_class_with_air,MLP,train,2.0,alcohol,acetone,0,three_class_with_air|MLP|seed=2
PB4_train_period_i_internal_val_test_batch4,three_class_with_air,MLP,train,2.0,acetone,air,0,three_class_with_air|MLP|seed=2
PB4_train_period_i_internal_val_test_batch4,three_class_with_air,MLP,train,2.0,acetone,alcohol,0,three_class_with_air|MLP|seed=2
PB4_train_period_i_internal_val_test_batch4,three_class_with_air,MLP,train,2.0,acetone,acetone,12,three_class_with_air|MLP|seed=2
PB4_train_period_i_internal_val_test_batch4,three_class_with_air,MLP,validation,2.0,air,air,1,three_class_with_air|MLP|seed=2
PB4_train_period_i_internal_val_test_batch4,three_class_with_air,MLP,validation,2.0,air,alcohol,0,three_class_with_air|MLP|seed=2
PB4_train_period_i_internal_val_test_batch4,three_class_with_air,MLP,validation,2.0,air,acetone,0,three_class_with_air|MLP|seed=2
PB4_train_period_i_internal_val_test_batch4,three_class_with_air,MLP,validation,2.0,alcohol,air,1,three_class_with_air|MLP|seed=2
PB4_train_period_i_internal_val_test_batch4,three_class_with_air,MLP,validation,2.0,alcohol,alcohol,1,three_class_with_air|MLP|seed=2
PB4_train_period_i_internal_val_test_batch4,three_class_with_air,MLP,validation,2.0,alcohol,acetone,0,three_class_with_air|MLP|seed=2
PB4_train_period_i_internal_val_test_batch4,three_class_with_air,MLP,validation,2.0,acetone,air,1,three_class_with_air|MLP|seed=2
PB4_train_period_i_internal_val_test_batch4,three_class_with_air,MLP,validation,2.0,acetone,alcohol,0,three_class_with_air|MLP|seed=2
PB4_train_period_i_internal_val_test_batch4,three_class_with_air,MLP,validation,2.0,acetone,acetone,1,three_class_with_air|MLP|seed=2
PB4_train_period_i_internal_val_test_batch4,three_class_with_air,MLP,test,2.0,air,air,11,three_class_with_air|MLP|seed=2
PB4_train_period_i_internal_val_test_batch4,three_class_with_air,MLP,test,2.0,air,alcohol,3,three_class_with_air|MLP|seed=2
PB4_train_period_i_internal_val_test_batch4,three_class_with_air,MLP,test,2.0,air,acetone,0,three_class_with_air|MLP|seed=2
PB4_train_period_i_internal_val_test_batch4,three_class_with_air,MLP,test,2.0,alcohol,air,0,three_class_with_air|MLP|seed=2
PB4_train_period_i_internal_val_test_batch4,three_class_with_air,MLP,test,2.0,alcohol,alcohol,6,three_class_with_air|MLP|seed=2
PB4_train_period_i_internal_val_test_batch4,three_class_with_air,MLP,test,2.0,alcohol,acetone,10,three_class_with_air|MLP|seed=2
PB4_train_period_i_internal_val_test_batch4,three_class_with_air,MLP,test,2.0,acetone,air,1,three_class_with_air|MLP|seed=2
PB4_train_period_i_internal_val_test_batch4,three_class_with_air,MLP,test,2.0,acetone,alcohol,0,three_class_with_air|MLP|seed=2
PB4_train_period_i_internal_val_test_batch4,three_class_with_air,MLP,test,2.0,acetone,acetone,15,three_class_with_air|MLP|seed=2
PB5_train_period_i_internal_val_test_batch5,three_class_with_air,MLP,train,2.0,air,air,6,three_class_with_air|MLP|seed=2
PB5_train_period_i_internal_val_test_batch5,three_class_with_air,MLP,train,2.0,air,alcohol,0,three_class_with_air|MLP|seed=2
PB5_train_period_i_internal_val_test_batch5,three_class_with_air,MLP,train,2.0,air,acetone,0,three_class_with_air|MLP|seed=2
PB5_train_period_i_internal_val_test_batch5,three_class_with_air,MLP,train,2.0,alcohol,air,0,three_class_with_air|MLP|seed=2
PB5_train_period_i_internal_val_test_batch5,three_class_with_air,MLP,train,2.0,alcohol,alcohol,12,three_class_with_air|MLP|seed=2
PB5_train_period_i_internal_val_test_batch5,three_class_with_air,MLP,train,2.0,alcohol,acetone,0,three_class_with_air|MLP|seed=2
PB5_train_period_i_internal_val_test_batch5,three_class_with_air,MLP,train,2.0,acetone,air,0,three_class_with_air|MLP|seed=2
PB5_train_period_i_internal_val_test_batch5,three_class_with_air,MLP,train,2.0,acetone,alcohol,0,three_class_with_air|MLP|seed=2
PB5_train_period_i_internal_val_test_batch5,three_class_with_air,MLP,train,2.0,acetone,acetone,12,three_class_with_air|MLP|seed=2
PB5_train_period_i_internal_val_test_batch5,three_class_with_air,MLP,validation,2.0,air,air,1,three_class_with_air|MLP|seed=2
PB5_train_period_i_internal_val_test_batch5,three_class_with_air,MLP,validation,2.0,air,alcohol,0,three_class_with_air|MLP|seed=2
PB5_train_period_i_internal_val_test_batch5,three_class_with_air,MLP,validation,2.0,air,acetone,0,three_class_with_air|MLP|seed=2
PB5_train_period_i_internal_val_test_batch5,three_class_with_air,MLP,validation,2.0,alcohol,air,1,three_class_with_air|MLP|seed=2
PB5_train_period_i_internal_val_test_batch5,three_class_with_air,MLP,validation,2.0,alcohol,alcohol,1,three_class_with_air|MLP|seed=2
PB5_train_period_i_internal_val_test_batch5,three_class_with_air,MLP,validation,2.0,alcohol,acetone,0,three_class_with_air|MLP|seed=2
PB5_train_period_i_internal_val_test_batch5,three_class_with_air,MLP,validation,2.0,acetone,air,1,three_class_with_air|MLP|seed=2
PB5_train_period_i_internal_val_test_batch5,three_class_with_air,MLP,validation,2.0,acetone,alcohol,0,three_class_with_air|MLP|seed=2
PB5_train_period_i_internal_val_test_batch5,three_class_with_air,MLP,validation,2.0,acetone,acetone,1,three_class_with_air|MLP|seed=2
PB5_train_period_i_internal_val_test_batch5,three_class_with_air,MLP,test,2.0,air,air,9,three_class_with_air|MLP|seed=2
PB5_train_period_i_internal_val_test_batch5,three_class_with_air,MLP,test,2.0,air,alcohol,1,three_class_with_air|MLP|seed=2
PB5_train_period_i_internal_val_test_batch5,three_class_with_air,MLP,test,2.0,air,acetone,0,three_class_with_air|MLP|seed=2
PB5_train_period_i_internal_val_test_batch5,three_class_with_air,MLP,test,2.0,alcohol,air,1,three_class_with_air|MLP|seed=2
PB5_train_period_i_internal_val_test_batch5,three_class_with_air,MLP,test,2.0,alcohol,alcohol,10,three_class_with_air|MLP|seed=2
PB5_train_period_i_internal_val_test_batch5,three_class_with_air,MLP,test,2.0,alcohol,acetone,1,three_class_with_air|MLP|seed=2
PB5_train_period_i_internal_val_test_batch5,three_class_with_air,MLP,test,2.0,acetone,air,0,three_class_with_air|MLP|seed=2
PB5_train_period_i_internal_val_test_batch5,three_class_with_air,MLP,test,2.0,acetone,alcohol,3,three_class_with_air|MLP|seed=2
PB5_train_period_i_internal_val_test_batch5,three_class_with_air,MLP,test,2.0,acetone,acetone,9,three_class_with_air|MLP|seed=2
PB1_train_period_i_internal_val_test_batch1,three_class_with_air,MLP,train,3.0,air,air,6,three_class_with_air|MLP|seed=3
PB1_train_period_i_internal_val_test_batch1,three_class_with_air,MLP,train,3.0,air,alcohol,0,three_class_with_air|MLP|seed=3
PB1_train_period_i_internal_val_test_batch1,three_class_with_air,MLP,train,3.0,air,acetone,0,three_class_with_air|MLP|seed=3
PB1_train_period_i_internal_val_test_batch1,three_class_with_air,MLP,train,3.0,alcohol,air,0,three_class_with_air|MLP|seed=3
PB1_train_period_i_internal_val_test_batch1,three_class_with_air,MLP,train,3.0,alcohol,alcohol,12,three_class_with_air|MLP|seed=3
PB1_train_period_i_internal_val_test_batch1,three_class_with_air,MLP,train,3.0,alcohol,acetone,0,three_class_with_air|MLP|seed=3
PB1_train_period_i_internal_val_test_batch1,three_class_with_air,MLP,train,3.0,acetone,air,0,three_class_with_air|MLP|seed=3
PB1_train_period_i_internal_val_test_batch1,three_class_with_air,MLP,train,3.0,acetone,alcohol,0,three_class_with_air|MLP|seed=3
PB1_train_period_i_internal_val_test_batch1,three_class_with_air,MLP,train,3.0,acetone,acetone,12,three_class_with_air|MLP|seed=3
PB1_train_period_i_internal_val_test_batch1,three_class_with_air,MLP,validation,3.0,air,air,1,three_class_with_air|MLP|seed=3
PB1_train_period_i_internal_val_test_batch1,three_class_with_air,MLP,validation,3.0,air,alcohol,0,three_class_with_air|MLP|seed=3
PB1_train_period_i_internal_val_test_batch1,three_class_with_air,MLP,validation,3.0,air,acetone,0,three_class_with_air|MLP|seed=3
PB1_train_period_i_internal_val_test_batch1,three_class_with_air,MLP,validation,3.0,alcohol,air,1,three_class_with_air|MLP|seed=3
PB1_train_period_i_internal_val_test_batch1,three_class_with_air,MLP,validation,3.0,alcohol,alcohol,1,three_class_with_air|MLP|seed=3
PB1_train_period_i_internal_val_test_batch1,three_class_with_air,MLP,validation,3.0,alcohol,acetone,0,three_class_with_air|MLP|seed=3
PB1_train_period_i_internal_val_test_batch1,three_class_with_air,MLP,validation,3.0,acetone,air,1,three_class_with_air|MLP|seed=3
PB1_train_period_i_internal_val_test_batch1,three_class_with_air,MLP,validation,3.0,acetone,alcohol,0,three_class_with_air|MLP|seed=3
PB1_train_period_i_internal_val_test_batch1,three_class_with_air,MLP,validation,3.0,acetone,acetone,1,three_class_with_air|MLP|seed=3
PB1_train_period_i_internal_val_test_batch1,three_class_with_air,MLP,test,3.0,air,air,7,three_class_with_air|MLP|seed=3
PB1_train_period_i_internal_val_test_batch1,three_class_with_air,MLP,test,3.0,air,alcohol,0,three_class_with_air|MLP|seed=3
PB1_train_period_i_internal_val_test_batch1,three_class_with_air,MLP,test,3.0,air,acetone,1,three_class_with_air|MLP|seed=3
PB1_train_period_i_internal_val_test_batch1,three_class_with_air,MLP,test,3.0,alcohol,air,1,three_class_with_air|MLP|seed=3
PB1_train_period_i_internal_val_test_batch1,three_class_with_air,MLP,test,3.0,alcohol,alcohol,5,three_class_with_air|MLP|seed=3
PB1_train_period_i_internal_val_test_batch1,three_class_with_air,MLP,test,3.0,alcohol,acetone,4,three_class_with_air|MLP|seed=3
PB1_train_period_i_internal_val_test_batch1,three_class_with_air,MLP,test,3.0,acetone,air,0,three_class_with_air|MLP|seed=3
PB1_train_period_i_internal_val_test_batch1,three_class_with_air,MLP,test,3.0,acetone,alcohol,1,three_class_with_air|MLP|seed=3
PB1_train_period_i_internal_val_test_batch1,three_class_with_air,MLP,test,3.0,acetone,acetone,9,three_class_with_air|MLP|seed=3
PB2_train_period_i_internal_val_test_batch2,three_class_with_air,MLP,train,3.0,air,air,6,three_class_with_air|MLP|seed=3
PB2_train_period_i_internal_val_test_batch2,three_class_with_air,MLP,train,3.0,air,alcohol,0,three_class_with_air|MLP|seed=3
PB2_train_period_i_internal_val_test_batch2,three_class_with_air,MLP,train,3.0,air,acetone,0,three_class_with_air|MLP|seed=3
PB2_train_period_i_internal_val_test_batch2,three_class_with_air,MLP,train,3.0,alcohol,air,0,three_class_with_air|MLP|seed=3
PB2_train_period_i_internal_val_test_batch2,three_class_with_air,MLP,train,3.0,alcohol,alcohol,12,three_class_with_air|MLP|seed=3
PB2_train_period_i_internal_val_test_batch2,three_class_with_air,MLP,train,3.0,alcohol,acetone,0,three_class_with_air|MLP|seed=3
PB2_train_period_i_internal_val_test_batch2,three_class_with_air,MLP,train,3.0,acetone,air,0,three_class_with_air|MLP|seed=3
PB2_train_period_i_internal_val_test_batch2,three_class_with_air,MLP,train,3.0,acetone,alcohol,0,three_class_with_air|MLP|seed=3
PB2_train_period_i_internal_val_test_batch2,three_class_with_air,MLP,train,3.0,acetone,acetone,12,three_class_with_air|MLP|seed=3
PB2_train_period_i_internal_val_test_batch2,three_class_with_air,MLP,validation,3.0,air,air,1,three_class_with_air|MLP|seed=3
PB2_train_period_i_internal_val_test_batch2,three_class_with_air,MLP,validation,3.0,air,alcohol,0,three_class_with_air|MLP|seed=3
PB2_train_period_i_internal_val_test_batch2,three_class_with_air,MLP,validation,3.0,air,acetone,0,three_class_with_air|MLP|seed=3
PB2_train_period_i_internal_val_test_batch2,three_class_with_air,MLP,validation,3.0,alcohol,air,1,three_class_with_air|MLP|seed=3
PB2_train_period_i_internal_val_test_batch2,three_class_with_air,MLP,validation,3.0,alcohol,alcohol,1,three_class_with_air|MLP|seed=3
PB2_train_period_i_internal_val_test_batch2,three_class_with_air,MLP,validation,3.0,alcohol,acetone,0,three_class_with_air|MLP|seed=3
PB2_train_period_i_internal_val_test_batch2,three_class_with_air,MLP,validation,3.0,acetone,air,1,three_class_with_air|MLP|seed=3
PB2_train_period_i_internal_val_test_batch2,three_class_with_air,MLP,validation,3.0,acetone,alcohol,0,three_class_with_air|MLP|seed=3
PB2_train_period_i_internal_val_test_batch2,three_class_with_air,MLP,validation,3.0,acetone,acetone,1,three_class_with_air|MLP|seed=3
PB2_train_period_i_internal_val_test_batch2,three_class_with_air,MLP,test,3.0,air,air,15,three_class_with_air|MLP|seed=3
PB2_train_period_i_internal_val_test_batch2,three_class_with_air,MLP,test,3.0,air,alcohol,3,three_class_with_air|MLP|seed=3
PB2_train_period_i_internal_val_test_batch2,three_class_with_air,MLP,test,3.0,air,acetone,0,three_class_with_air|MLP|seed=3
PB2_train_period_i_internal_val_test_batch2,three_class_with_air,MLP,test,3.0,alcohol,air,2,three_class_with_air|MLP|seed=3
PB2_train_period_i_internal_val_test_batch2,three_class_with_air,MLP,test,3.0,alcohol,alcohol,30,three_class_with_air|MLP|seed=3
PB2_train_period_i_internal_val_test_batch2,three_class_with_air,MLP,test,3.0,alcohol,acetone,1,three_class_with_air|MLP|seed=3
PB2_train_period_i_internal_val_test_batch2,three_class_with_air,MLP,test,3.0,acetone,air,10,three_class_with_air|MLP|seed=3
PB2_train_period_i_internal_val_test_batch2,three_class_with_air,MLP,test,3.0,acetone,alcohol,9,three_class_with_air|MLP|seed=3
PB2_train_period_i_internal_val_test_batch2,three_class_with_air,MLP,test,3.0,acetone,acetone,14,three_class_with_air|MLP|seed=3
PB3_train_period_i_internal_val_test_batch3,three_class_with_air,MLP,train,3.0,air,air,6,three_class_with_air|MLP|seed=3
PB3_train_period_i_internal_val_test_batch3,three_class_with_air,MLP,train,3.0,air,alcohol,0,three_class_with_air|MLP|seed=3
PB3_train_period_i_internal_val_test_batch3,three_class_with_air,MLP,train,3.0,air,acetone,0,three_class_with_air|MLP|seed=3
PB3_train_period_i_internal_val_test_batch3,three_class_with_air,MLP,train,3.0,alcohol,air,0,three_class_with_air|MLP|seed=3
PB3_train_period_i_internal_val_test_batch3,three_class_with_air,MLP,train,3.0,alcohol,alcohol,12,three_class_with_air|MLP|seed=3
PB3_train_period_i_internal_val_test_batch3,three_class_with_air,MLP,train,3.0,alcohol,acetone,0,three_class_with_air|MLP|seed=3
PB3_train_period_i_internal_val_test_batch3,three_class_with_air,MLP,train,3.0,acetone,air,0,three_class_with_air|MLP|seed=3
PB3_train_period_i_internal_val_test_batch3,three_class_with_air,MLP,train,3.0,acetone,alcohol,0,three_class_with_air|MLP|seed=3
PB3_train_period_i_internal_val_test_batch3,three_class_with_air,MLP,train,3.0,acetone,acetone,12,three_class_with_air|MLP|seed=3
PB3_train_period_i_internal_val_test_batch3,three_class_with_air,MLP,validation,3.0,air,air,1,three_class_with_air|MLP|seed=3
PB3_train_period_i_internal_val_test_batch3,three_class_with_air,MLP,validation,3.0,air,alcohol,0,three_class_with_air|MLP|seed=3
PB3_train_period_i_internal_val_test_batch3,three_class_with_air,MLP,validation,3.0,air,acetone,0,three_class_with_air|MLP|seed=3
PB3_train_period_i_internal_val_test_batch3,three_class_with_air,MLP,validation,3.0,alcohol,air,1,three_class_with_air|MLP|seed=3
PB3_train_period_i_internal_val_test_batch3,three_class_with_air,MLP,validation,3.0,alcohol,alcohol,1,three_class_with_air|MLP|seed=3
PB3_train_period_i_internal_val_test_batch3,three_class_with_air,MLP,validation,3.0,alcohol,acetone,0,three_class_with_air|MLP|seed=3
PB3_train_period_i_internal_val_test_batch3,three_class_with_air,MLP,validation,3.0,acetone,air,1,three_class_with_air|MLP|seed=3
PB3_train_period_i_internal_val_test_batch3,three_class_with_air,MLP,validation,3.0,acetone,alcohol,0,three_class_with_air|MLP|seed=3
PB3_train_period_i_internal_val_test_batch3,three_class_with_air,MLP,validation,3.0,acetone,acetone,1,three_class_with_air|MLP|seed=3
PB3_train_period_i_internal_val_test_batch3,three_class_with_air,MLP,test,3.0,air,air,24,three_class_with_air|MLP|seed=3
PB3_train_period_i_internal_val_test_batch3,three_class_with_air,MLP,test,3.0,air,alcohol,7,three_class_with_air|MLP|seed=3
PB3_train_period_i_internal_val_test_batch3,three_class_with_air,MLP,test,3.0,air,acetone,0,three_class_with_air|MLP|seed=3
PB3_train_period_i_internal_val_test_batch3,three_class_with_air,MLP,test,3.0,alcohol,air,1,three_class_with_air|MLP|seed=3
PB3_train_period_i_internal_val_test_batch3,three_class_with_air,MLP,test,3.0,alcohol,alcohol,23,three_class_with_air|MLP|seed=3
PB3_train_period_i_internal_val_test_batch3,three_class_with_air,MLP,test,3.0,alcohol,acetone,1,three_class_with_air|MLP|seed=3
PB3_train_period_i_internal_val_test_batch3,three_class_with_air,MLP,test,3.0,acetone,air,8,three_class_with_air|MLP|seed=3
PB3_train_period_i_internal_val_test_batch3,three_class_with_air,MLP,test,3.0,acetone,alcohol,9,three_class_with_air|MLP|seed=3
PB3_train_period_i_internal_val_test_batch3,three_class_with_air,MLP,test,3.0,acetone,acetone,8,three_class_with_air|MLP|seed=3
PB4_train_period_i_internal_val_test_batch4,three_class_with_air,MLP,train,3.0,air,air,6,three_class_with_air|MLP|seed=3
PB4_train_period_i_internal_val_test_batch4,three_class_with_air,MLP,train,3.0,air,alcohol,0,three_class_with_air|MLP|seed=3
PB4_train_period_i_internal_val_test_batch4,three_class_with_air,MLP,train,3.0,air,acetone,0,three_class_with_air|MLP|seed=3
PB4_train_period_i_internal_val_test_batch4,three_class_with_air,MLP,train,3.0,alcohol,air,0,three_class_with_air|MLP|seed=3
PB4_train_period_i_internal_val_test_batch4,three_class_with_air,MLP,train,3.0,alcohol,alcohol,12,three_class_with_air|MLP|seed=3
PB4_train_period_i_internal_val_test_batch4,three_class_with_air,MLP,train,3.0,alcohol,acetone,0,three_class_with_air|MLP|seed=3
PB4_train_period_i_internal_val_test_batch4,three_class_with_air,MLP,train,3.0,acetone,air,0,three_class_with_air|MLP|seed=3
PB4_train_period_i_internal_val_test_batch4,three_class_with_air,MLP,train,3.0,acetone,alcohol,0,three_class_with_air|MLP|seed=3
PB4_train_period_i_internal_val_test_batch4,three_class_with_air,MLP,train,3.0,acetone,acetone,12,three_class_with_air|MLP|seed=3
PB4_train_period_i_internal_val_test_batch4,three_class_with_air,MLP,validation,3.0,air,air,1,three_class_with_air|MLP|seed=3
PB4_train_period_i_internal_val_test_batch4,three_class_with_air,MLP,validation,3.0,air,alcohol,0,three_class_with_air|MLP|seed=3
PB4_train_period_i_internal_val_test_batch4,three_class_with_air,MLP,validation,3.0,air,acetone,0,three_class_with_air|MLP|seed=3
PB4_train_period_i_internal_val_test_batch4,three_class_with_air,MLP,validation,3.0,alcohol,air,1,three_class_with_air|MLP|seed=3
PB4_train_period_i_internal_val_test_batch4,three_class_with_air,MLP,validation,3.0,alcohol,alcohol,1,three_class_with_air|MLP|seed=3
PB4_train_period_i_internal_val_test_batch4,three_class_with_air,MLP,validation,3.0,alcohol,acetone,0,three_class_with_air|MLP|seed=3
PB4_train_period_i_internal_val_test_batch4,three_class_with_air,MLP,validation,3.0,acetone,air,1,three_class_with_air|MLP|seed=3
PB4_train_period_i_internal_val_test_batch4,three_class_with_air,MLP,validation,3.0,acetone,alcohol,0,three_class_with_air|MLP|seed=3
PB4_train_period_i_internal_val_test_batch4,three_class_with_air,MLP,validation,3.0,acetone,acetone,1,three_class_with_air|MLP|seed=3
PB4_train_period_i_internal_val_test_batch4,three_class_with_air,MLP,test,3.0,air,air,11,three_class_with_air|MLP|seed=3
PB4_train_period_i_internal_val_test_batch4,three_class_with_air,MLP,test,3.0,air,alcohol,3,three_class_with_air|MLP|seed=3
PB4_train_period_i_internal_val_test_batch4,three_class_with_air,MLP,test,3.0,air,acetone,0,three_class_with_air|MLP|seed=3
PB4_train_period_i_internal_val_test_batch4,three_class_with_air,MLP,test,3.0,alcohol,air,0,three_class_with_air|MLP|seed=3
PB4_train_period_i_internal_val_test_batch4,three_class_with_air,MLP,test,3.0,alcohol,alcohol,12,three_class_with_air|MLP|seed=3
PB4_train_period_i_internal_val_test_batch4,three_class_with_air,MLP,test,3.0,alcohol,acetone,4,three_class_with_air|MLP|seed=3
PB4_train_period_i_internal_val_test_batch4,three_class_with_air,MLP,test,3.0,acetone,air,1,three_class_with_air|MLP|seed=3
PB4_train_period_i_internal_val_test_batch4,three_class_with_air,MLP,test,3.0,acetone,alcohol,3,three_class_with_air|MLP|seed=3
PB4_train_period_i_internal_val_test_batch4,three_class_with_air,MLP,test,3.0,acetone,acetone,12,three_class_with_air|MLP|seed=3
PB5_train_period_i_internal_val_test_batch5,three_class_with_air,MLP,train,3.0,air,air,6,three_class_with_air|MLP|seed=3
PB5_train_period_i_internal_val_test_batch5,three_class_with_air,MLP,train,3.0,air,alcohol,0,three_class_with_air|MLP|seed=3
PB5_train_period_i_internal_val_test_batch5,three_class_with_air,MLP,train,3.0,air,acetone,0,three_class_with_air|MLP|seed=3
PB5_train_period_i_internal_val_test_batch5,three_class_with_air,MLP,train,3.0,alcohol,air,0,three_class_with_air|MLP|seed=3
PB5_train_period_i_internal_val_test_batch5,three_class_with_air,MLP,train,3.0,alcohol,alcohol,12,three_class_with_air|MLP|seed=3
PB5_train_period_i_internal_val_test_batch5,three_class_with_air,MLP,train,3.0,alcohol,acetone,0,three_class_with_air|MLP|seed=3
PB5_train_period_i_internal_val_test_batch5,three_class_with_air,MLP,train,3.0,acetone,air,0,three_class_with_air|MLP|seed=3
PB5_train_period_i_internal_val_test_batch5,three_class_with_air,MLP,train,3.0,acetone,alcohol,0,three_class_with_air|MLP|seed=3
PB5_train_period_i_internal_val_test_batch5,three_class_with_air,MLP,train,3.0,acetone,acetone,12,three_class_with_air|MLP|seed=3
PB5_train_period_i_internal_val_test_batch5,three_class_with_air,MLP,validation,3.0,air,air,1,three_class_with_air|MLP|seed=3
PB5_train_period_i_internal_val_test_batch5,three_class_with_air,MLP,validation,3.0,air,alcohol,0,three_class_with_air|MLP|seed=3
PB5_train_period_i_internal_val_test_batch5,three_class_with_air,MLP,validation,3.0,air,acetone,0,three_class_with_air|MLP|seed=3
PB5_train_period_i_internal_val_test_batch5,three_class_with_air,MLP,validation,3.0,alcohol,air,1,three_class_with_air|MLP|seed=3
PB5_train_period_i_internal_val_test_batch5,three_class_with_air,MLP,validation,3.0,alcohol,alcohol,1,three_class_with_air|MLP|seed=3
PB5_train_period_i_internal_val_test_batch5,three_class_with_air,MLP,validation,3.0,alcohol,acetone,0,three_class_with_air|MLP|seed=3
PB5_train_period_i_internal_val_test_batch5,three_class_with_air,MLP,validation,3.0,acetone,air,1,three_class_with_air|MLP|seed=3
PB5_train_period_i_internal_val_test_batch5,three_class_with_air,MLP,validation,3.0,acetone,alcohol,0,three_class_with_air|MLP|seed=3
PB5_train_period_i_internal_val_test_batch5,three_class_with_air,MLP,validation,3.0,acetone,acetone,1,three_class_with_air|MLP|seed=3
PB5_train_period_i_internal_val_test_batch5,three_class_with_air,MLP,test,3.0,air,air,9,three_class_with_air|MLP|seed=3
PB5_train_period_i_internal_val_test_batch5,three_class_with_air,MLP,test,3.0,air,alcohol,1,three_class_with_air|MLP|seed=3
PB5_train_period_i_internal_val_test_batch5,three_class_with_air,MLP,test,3.0,air,acetone,0,three_class_with_air|MLP|seed=3
PB5_train_period_i_internal_val_test_batch5,three_class_with_air,MLP,test,3.0,alcohol,air,1,three_class_with_air|MLP|seed=3
PB5_train_period_i_internal_val_test_batch5,three_class_with_air,MLP,test,3.0,alcohol,alcohol,11,three_class_with_air|MLP|seed=3
PB5_train_period_i_internal_val_test_batch5,three_class_with_air,MLP,test,3.0,alcohol,acetone,0,three_class_with_air|MLP|seed=3
PB5_train_period_i_internal_val_test_batch5,three_class_with_air,MLP,test,3.0,acetone,air,0,three_class_with_air|MLP|seed=3
PB5_train_period_i_internal_val_test_batch5,three_class_with_air,MLP,test,3.0,acetone,alcohol,3,three_class_with_air|MLP|seed=3
PB5_train_period_i_internal_val_test_batch5,three_class_with_air,MLP,test,3.0,acetone,acetone,9,three_class_with_air|MLP|seed=3
PB1_train_period_i_internal_val_test_batch1,three_class_with_air,MLP,train,4.0,air,air,6,three_class_with_air|MLP|seed=4
PB1_train_period_i_internal_val_test_batch1,three_class_with_air,MLP,train,4.0,air,alcohol,0,three_class_with_air|MLP|seed=4
PB1_train_period_i_internal_val_test_batch1,three_class_with_air,MLP,train,4.0,air,acetone,0,three_class_with_air|MLP|seed=4
PB1_train_period_i_internal_val_test_batch1,three_class_with_air,MLP,train,4.0,alcohol,air,0,three_class_with_air|MLP|seed=4
PB1_train_period_i_internal_val_test_batch1,three_class_with_air,MLP,train,4.0,alcohol,alcohol,12,three_class_with_air|MLP|seed=4
PB1_train_period_i_internal_val_test_batch1,three_class_with_air,MLP,train,4.0,alcohol,acetone,0,three_class_with_air|MLP|seed=4
PB1_train_period_i_internal_val_test_batch1,three_class_with_air,MLP,train,4.0,acetone,air,0,three_class_with_air|MLP|seed=4
PB1_train_period_i_internal_val_test_batch1,three_class_with_air,MLP,train,4.0,acetone,alcohol,0,three_class_with_air|MLP|seed=4
PB1_train_period_i_internal_val_test_batch1,three_class_with_air,MLP,train,4.0,acetone,acetone,12,three_class_with_air|MLP|seed=4
PB1_train_period_i_internal_val_test_batch1,three_class_with_air,MLP,validation,4.0,air,air,1,three_class_with_air|MLP|seed=4
PB1_train_period_i_internal_val_test_batch1,three_class_with_air,MLP,validation,4.0,air,alcohol,0,three_class_with_air|MLP|seed=4
PB1_train_period_i_internal_val_test_batch1,three_class_with_air,MLP,validation,4.0,air,acetone,0,three_class_with_air|MLP|seed=4
PB1_train_period_i_internal_val_test_batch1,three_class_with_air,MLP,validation,4.0,alcohol,air,1,three_class_with_air|MLP|seed=4
PB1_train_period_i_internal_val_test_batch1,three_class_with_air,MLP,validation,4.0,alcohol,alcohol,1,three_class_with_air|MLP|seed=4
PB1_train_period_i_internal_val_test_batch1,three_class_with_air,MLP,validation,4.0,alcohol,acetone,0,three_class_with_air|MLP|seed=4
PB1_train_period_i_internal_val_test_batch1,three_class_with_air,MLP,validation,4.0,acetone,air,0,three_class_with_air|MLP|seed=4
PB1_train_period_i_internal_val_test_batch1,three_class_with_air,MLP,validation,4.0,acetone,alcohol,1,three_class_with_air|MLP|seed=4
PB1_train_period_i_internal_val_test_batch1,three_class_with_air,MLP,validation,4.0,acetone,acetone,1,three_class_with_air|MLP|seed=4
PB1_train_period_i_internal_val_test_batch1,three_class_with_air,MLP,test,4.0,air,air,7,three_class_with_air|MLP|seed=4
PB1_train_period_i_internal_val_test_batch1,three_class_with_air,MLP,test,4.0,air,alcohol,0,three_class_with_air|MLP|seed=4
PB1_train_period_i_internal_val_test_batch1,three_class_with_air,MLP,test,4.0,air,acetone,1,three_class_with_air|MLP|seed=4
PB1_train_period_i_internal_val_test_batch1,three_class_with_air,MLP,test,4.0,alcohol,air,1,three_class_with_air|MLP|seed=4
PB1_train_period_i_internal_val_test_batch1,three_class_with_air,MLP,test,4.0,alcohol,alcohol,6,three_class_with_air|MLP|seed=4
PB1_train_period_i_internal_val_test_batch1,three_class_with_air,MLP,test,4.0,alcohol,acetone,3,three_class_with_air|MLP|seed=4
PB1_train_period_i_internal_val_test_batch1,three_class_with_air,MLP,test,4.0,acetone,air,0,three_class_with_air|MLP|seed=4
PB1_train_period_i_internal_val_test_batch1,three_class_with_air,MLP,test,4.0,acetone,alcohol,0,three_class_with_air|MLP|seed=4
PB1_train_period_i_internal_val_test_batch1,three_class_with_air,MLP,test,4.0,acetone,acetone,10,three_class_with_air|MLP|seed=4
PB2_train_period_i_internal_val_test_batch2,three_class_with_air,MLP,train,4.0,air,air,6,three_class_with_air|MLP|seed=4
PB2_train_period_i_internal_val_test_batch2,three_class_with_air,MLP,train,4.0,air,alcohol,0,three_class_with_air|MLP|seed=4
PB2_train_period_i_internal_val_test_batch2,three_class_with_air,MLP,train,4.0,air,acetone,0,three_class_with_air|MLP|seed=4
PB2_train_period_i_internal_val_test_batch2,three_class_with_air,MLP,train,4.0,alcohol,air,0,three_class_with_air|MLP|seed=4
PB2_train_period_i_internal_val_test_batch2,three_class_with_air,MLP,train,4.0,alcohol,alcohol,12,three_class_with_air|MLP|seed=4
PB2_train_period_i_internal_val_test_batch2,three_class_with_air,MLP,train,4.0,alcohol,acetone,0,three_class_with_air|MLP|seed=4
PB2_train_period_i_internal_val_test_batch2,three_class_with_air,MLP,train,4.0,acetone,air,0,three_class_with_air|MLP|seed=4
PB2_train_period_i_internal_val_test_batch2,three_class_with_air,MLP,train,4.0,acetone,alcohol,0,three_class_with_air|MLP|seed=4
PB2_train_period_i_internal_val_test_batch2,three_class_with_air,MLP,train,4.0,acetone,acetone,12,three_class_with_air|MLP|seed=4
PB2_train_period_i_internal_val_test_batch2,three_class_with_air,MLP,validation,4.0,air,air,1,three_class_with_air|MLP|seed=4
PB2_train_period_i_internal_val_test_batch2,three_class_with_air,MLP,validation,4.0,air,alcohol,0,three_class_with_air|MLP|seed=4
PB2_train_period_i_internal_val_test_batch2,three_class_with_air,MLP,validation,4.0,air,acetone,0,three_class_with_air|MLP|seed=4
PB2_train_period_i_internal_val_test_batch2,three_class_with_air,MLP,validation,4.0,alcohol,air,1,three_class_with_air|MLP|seed=4
PB2_train_period_i_internal_val_test_batch2,three_class_with_air,MLP,validation,4.0,alcohol,alcohol,1,three_class_with_air|MLP|seed=4
PB2_train_period_i_internal_val_test_batch2,three_class_with_air,MLP,validation,4.0,alcohol,acetone,0,three_class_with_air|MLP|seed=4
PB2_train_period_i_internal_val_test_batch2,three_class_with_air,MLP,validation,4.0,acetone,air,0,three_class_with_air|MLP|seed=4
PB2_train_period_i_internal_val_test_batch2,three_class_with_air,MLP,validation,4.0,acetone,alcohol,1,three_class_with_air|MLP|seed=4
PB2_train_period_i_internal_val_test_batch2,three_class_with_air,MLP,validation,4.0,acetone,acetone,1,three_class_with_air|MLP|seed=4
PB2_train_period_i_internal_val_test_batch2,three_class_with_air,MLP,test,4.0,air,air,16,three_class_with_air|MLP|seed=4
PB2_train_period_i_internal_val_test_batch2,three_class_with_air,MLP,test,4.0,air,alcohol,2,three_class_with_air|MLP|seed=4
PB2_train_period_i_internal_val_test_batch2,three_class_with_air,MLP,test,4.0,air,acetone,0,three_class_with_air|MLP|seed=4
PB2_train_period_i_internal_val_test_batch2,three_class_with_air,MLP,test,4.0,alcohol,air,1,three_class_with_air|MLP|seed=4
PB2_train_period_i_internal_val_test_batch2,three_class_with_air,MLP,test,4.0,alcohol,alcohol,29,three_class_with_air|MLP|seed=4
PB2_train_period_i_internal_val_test_batch2,three_class_with_air,MLP,test,4.0,alcohol,acetone,3,three_class_with_air|MLP|seed=4
PB2_train_period_i_internal_val_test_batch2,three_class_with_air,MLP,test,4.0,acetone,air,0,three_class_with_air|MLP|seed=4
PB2_train_period_i_internal_val_test_batch2,three_class_with_air,MLP,test,4.0,acetone,alcohol,11,three_class_with_air|MLP|seed=4
PB2_train_period_i_internal_val_test_batch2,three_class_with_air,MLP,test,4.0,acetone,acetone,22,three_class_with_air|MLP|seed=4
PB3_train_period_i_internal_val_test_batch3,three_class_with_air,MLP,train,4.0,air,air,6,three_class_with_air|MLP|seed=4
PB3_train_period_i_internal_val_test_batch3,three_class_with_air,MLP,train,4.0,air,alcohol,0,three_class_with_air|MLP|seed=4
PB3_train_period_i_internal_val_test_batch3,three_class_with_air,MLP,train,4.0,air,acetone,0,three_class_with_air|MLP|seed=4
PB3_train_period_i_internal_val_test_batch3,three_class_with_air,MLP,train,4.0,alcohol,air,0,three_class_with_air|MLP|seed=4
PB3_train_period_i_internal_val_test_batch3,three_class_with_air,MLP,train,4.0,alcohol,alcohol,12,three_class_with_air|MLP|seed=4
PB3_train_period_i_internal_val_test_batch3,three_class_with_air,MLP,train,4.0,alcohol,acetone,0,three_class_with_air|MLP|seed=4
PB3_train_period_i_internal_val_test_batch3,three_class_with_air,MLP,train,4.0,acetone,air,0,three_class_with_air|MLP|seed=4
PB3_train_period_i_internal_val_test_batch3,three_class_with_air,MLP,train,4.0,acetone,alcohol,0,three_class_with_air|MLP|seed=4
PB3_train_period_i_internal_val_test_batch3,three_class_with_air,MLP,train,4.0,acetone,acetone,12,three_class_with_air|MLP|seed=4
PB3_train_period_i_internal_val_test_batch3,three_class_with_air,MLP,validation,4.0,air,air,1,three_class_with_air|MLP|seed=4
PB3_train_period_i_internal_val_test_batch3,three_class_with_air,MLP,validation,4.0,air,alcohol,0,three_class_with_air|MLP|seed=4
PB3_train_period_i_internal_val_test_batch3,three_class_with_air,MLP,validation,4.0,air,acetone,0,three_class_with_air|MLP|seed=4
PB3_train_period_i_internal_val_test_batch3,three_class_with_air,MLP,validation,4.0,alcohol,air,1,three_class_with_air|MLP|seed=4
PB3_train_period_i_internal_val_test_batch3,three_class_with_air,MLP,validation,4.0,alcohol,alcohol,1,three_class_with_air|MLP|seed=4
PB3_train_period_i_internal_val_test_batch3,three_class_with_air,MLP,validation,4.0,alcohol,acetone,0,three_class_with_air|MLP|seed=4
PB3_train_period_i_internal_val_test_batch3,three_class_with_air,MLP,validation,4.0,acetone,air,0,three_class_with_air|MLP|seed=4
PB3_train_period_i_internal_val_test_batch3,three_class_with_air,MLP,validation,4.0,acetone,alcohol,1,three_class_with_air|MLP|seed=4
PB3_train_period_i_internal_val_test_batch3,three_class_with_air,MLP,validation,4.0,acetone,acetone,1,three_class_with_air|MLP|seed=4
PB3_train_period_i_internal_val_test_batch3,three_class_with_air,MLP,test,4.0,air,air,24,three_class_with_air|MLP|seed=4
PB3_train_period_i_internal_val_test_batch3,three_class_with_air,MLP,test,4.0,air,alcohol,7,three_class_with_air|MLP|seed=4
PB3_train_period_i_internal_val_test_batch3,three_class_with_air,MLP,test,4.0,air,acetone,0,three_class_with_air|MLP|seed=4
PB3_train_period_i_internal_val_test_batch3,three_class_with_air,MLP,test,4.0,alcohol,air,1,three_class_with_air|MLP|seed=4
PB3_train_period_i_internal_val_test_batch3,three_class_with_air,MLP,test,4.0,alcohol,alcohol,20,three_class_with_air|MLP|seed=4
PB3_train_period_i_internal_val_test_batch3,three_class_with_air,MLP,test,4.0,alcohol,acetone,4,three_class_with_air|MLP|seed=4
PB3_train_period_i_internal_val_test_batch3,three_class_with_air,MLP,test,4.0,acetone,air,2,three_class_with_air|MLP|seed=4
PB3_train_period_i_internal_val_test_batch3,three_class_with_air,MLP,test,4.0,acetone,alcohol,15,three_class_with_air|MLP|seed=4
PB3_train_period_i_internal_val_test_batch3,three_class_with_air,MLP,test,4.0,acetone,acetone,8,three_class_with_air|MLP|seed=4
PB4_train_period_i_internal_val_test_batch4,three_class_with_air,MLP,train,4.0,air,air,6,three_class_with_air|MLP|seed=4
PB4_train_period_i_internal_val_test_batch4,three_class_with_air,MLP,train,4.0,air,alcohol,0,three_class_with_air|MLP|seed=4
PB4_train_period_i_internal_val_test_batch4,three_class_with_air,MLP,train,4.0,air,acetone,0,three_class_with_air|MLP|seed=4
PB4_train_period_i_internal_val_test_batch4,three_class_with_air,MLP,train,4.0,alcohol,air,0,three_class_with_air|MLP|seed=4
PB4_train_period_i_internal_val_test_batch4,three_class_with_air,MLP,train,4.0,alcohol,alcohol,12,three_class_with_air|MLP|seed=4
PB4_train_period_i_internal_val_test_batch4,three_class_with_air,MLP,train,4.0,alcohol,acetone,0,three_class_with_air|MLP|seed=4
PB4_train_period_i_internal_val_test_batch4,three_class_with_air,MLP,train,4.0,acetone,air,0,three_class_with_air|MLP|seed=4
PB4_train_period_i_internal_val_test_batch4,three_class_with_air,MLP,train,4.0,acetone,alcohol,0,three_class_with_air|MLP|seed=4
PB4_train_period_i_internal_val_test_batch4,three_class_with_air,MLP,train,4.0,acetone,acetone,12,three_class_with_air|MLP|seed=4
PB4_train_period_i_internal_val_test_batch4,three_class_with_air,MLP,validation,4.0,air,air,1,three_class_with_air|MLP|seed=4
PB4_train_period_i_internal_val_test_batch4,three_class_with_air,MLP,validation,4.0,air,alcohol,0,three_class_with_air|MLP|seed=4
PB4_train_period_i_internal_val_test_batch4,three_class_with_air,MLP,validation,4.0,air,acetone,0,three_class_with_air|MLP|seed=4
PB4_train_period_i_internal_val_test_batch4,three_class_with_air,MLP,validation,4.0,alcohol,air,1,three_class_with_air|MLP|seed=4
PB4_train_period_i_internal_val_test_batch4,three_class_with_air,MLP,validation,4.0,alcohol,alcohol,1,three_class_with_air|MLP|seed=4
PB4_train_period_i_internal_val_test_batch4,three_class_with_air,MLP,validation,4.0,alcohol,acetone,0,three_class_with_air|MLP|seed=4
PB4_train_period_i_internal_val_test_batch4,three_class_with_air,MLP,validation,4.0,acetone,air,0,three_class_with_air|MLP|seed=4
PB4_train_period_i_internal_val_test_batch4,three_class_with_air,MLP,validation,4.0,acetone,alcohol,1,three_class_with_air|MLP|seed=4
PB4_train_period_i_internal_val_test_batch4,three_class_with_air,MLP,validation,4.0,acetone,acetone,1,three_class_with_air|MLP|seed=4
PB4_train_period_i_internal_val_test_batch4,three_class_with_air,MLP,test,4.0,air,air,11,three_class_with_air|MLP|seed=4
PB4_train_period_i_internal_val_test_batch4,three_class_with_air,MLP,test,4.0,air,alcohol,3,three_class_with_air|MLP|seed=4
PB4_train_period_i_internal_val_test_batch4,three_class_with_air,MLP,test,4.0,air,acetone,0,three_class_with_air|MLP|seed=4
PB4_train_period_i_internal_val_test_batch4,three_class_with_air,MLP,test,4.0,alcohol,air,0,three_class_with_air|MLP|seed=4
PB4_train_period_i_internal_val_test_batch4,three_class_with_air,MLP,test,4.0,alcohol,alcohol,5,three_class_with_air|MLP|seed=4
PB4_train_period_i_internal_val_test_batch4,three_class_with_air,MLP,test,4.0,alcohol,acetone,11,three_class_with_air|MLP|seed=4
PB4_train_period_i_internal_val_test_batch4,three_class_with_air,MLP,test,4.0,acetone,air,0,three_class_with_air|MLP|seed=4
PB4_train_period_i_internal_val_test_batch4,three_class_with_air,MLP,test,4.0,acetone,alcohol,1,three_class_with_air|MLP|seed=4
PB4_train_period_i_internal_val_test_batch4,three_class_with_air,MLP,test,4.0,acetone,acetone,15,three_class_with_air|MLP|seed=4
PB5_train_period_i_internal_val_test_batch5,three_class_with_air,MLP,train,4.0,air,air,6,three_class_with_air|MLP|seed=4
PB5_train_period_i_internal_val_test_batch5,three_class_with_air,MLP,train,4.0,air,alcohol,0,three_class_with_air|MLP|seed=4
PB5_train_period_i_internal_val_test_batch5,three_class_with_air,MLP,train,4.0,air,acetone,0,three_class_with_air|MLP|seed=4
PB5_train_period_i_internal_val_test_batch5,three_class_with_air,MLP,train,4.0,alcohol,air,0,three_class_with_air|MLP|seed=4
PB5_train_period_i_internal_val_test_batch5,three_class_with_air,MLP,train,4.0,alcohol,alcohol,12,three_class_with_air|MLP|seed=4
PB5_train_period_i_internal_val_test_batch5,three_class_with_air,MLP,train,4.0,alcohol,acetone,0,three_class_with_air|MLP|seed=4
PB5_train_period_i_internal_val_test_batch5,three_class_with_air,MLP,train,4.0,acetone,air,0,three_class_with_air|MLP|seed=4
PB5_train_period_i_internal_val_test_batch5,three_class_with_air,MLP,train,4.0,acetone,alcohol,0,three_class_with_air|MLP|seed=4
PB5_train_period_i_internal_val_test_batch5,three_class_with_air,MLP,train,4.0,acetone,acetone,12,three_class_with_air|MLP|seed=4
PB5_train_period_i_internal_val_test_batch5,three_class_with_air,MLP,validation,4.0,air,air,1,three_class_with_air|MLP|seed=4
PB5_train_period_i_internal_val_test_batch5,three_class_with_air,MLP,validation,4.0,air,alcohol,0,three_class_with_air|MLP|seed=4
PB5_train_period_i_internal_val_test_batch5,three_class_with_air,MLP,validation,4.0,air,acetone,0,three_class_with_air|MLP|seed=4
PB5_train_period_i_internal_val_test_batch5,three_class_with_air,MLP,validation,4.0,alcohol,air,1,three_class_with_air|MLP|seed=4
PB5_train_period_i_internal_val_test_batch5,three_class_with_air,MLP,validation,4.0,alcohol,alcohol,1,three_class_with_air|MLP|seed=4
PB5_train_period_i_internal_val_test_batch5,three_class_with_air,MLP,validation,4.0,alcohol,acetone,0,three_class_with_air|MLP|seed=4
PB5_train_period_i_internal_val_test_batch5,three_class_with_air,MLP,validation,4.0,acetone,air,0,three_class_with_air|MLP|seed=4
PB5_train_period_i_internal_val_test_batch5,three_class_with_air,MLP,validation,4.0,acetone,alcohol,1,three_class_with_air|MLP|seed=4
PB5_train_period_i_internal_val_test_batch5,three_class_with_air,MLP,validation,4.0,acetone,acetone,1,three_class_with_air|MLP|seed=4
PB5_train_period_i_internal_val_test_batch5,three_class_with_air,MLP,test,4.0,air,air,9,three_class_with_air|MLP|seed=4
PB5_train_period_i_internal_val_test_batch5,three_class_with_air,MLP,test,4.0,air,alcohol,1,three_class_with_air|MLP|seed=4
PB5_train_period_i_internal_val_test_batch5,three_class_with_air,MLP,test,4.0,air,acetone,0,three_class_with_air|MLP|seed=4
PB5_train_period_i_internal_val_test_batch5,three_class_with_air,MLP,test,4.0,alcohol,air,1,three_class_with_air|MLP|seed=4
PB5_train_period_i_internal_val_test_batch5,three_class_with_air,MLP,test,4.0,alcohol,alcohol,9,three_class_with_air|MLP|seed=4
PB5_train_period_i_internal_val_test_batch5,three_class_with_air,MLP,test,4.0,alcohol,acetone,2,three_class_with_air|MLP|seed=4
PB5_train_period_i_internal_val_test_batch5,three_class_with_air,MLP,test,4.0,acetone,air,0,three_class_with_air|MLP|seed=4
PB5_train_period_i_internal_val_test_batch5,three_class_with_air,MLP,test,4.0,acetone,alcohol,3,three_class_with_air|MLP|seed=4
PB5_train_period_i_internal_val_test_batch5,three_class_with_air,MLP,test,4.0,acetone,acetone,9,three_class_with_air|MLP|seed=4
