sample_id,label,target_file,period,day,day_num,day_label,batch,source_kind,s1_delta_r,s1_delta_r_norm,s1_ema_rise_a0001,s1_ema_decay_a0001,s1_ema_rise_a001,s1_ema_decay_a001,s1_ema_rise_a01,s1_ema_decay_a01,s2_delta_r,s2_delta_r_norm,s2_ema_rise_a0001,s2_ema_decay_a0001,s2_ema_rise_a001,s2_ema_decay_a001,s2_ema_rise_a01,s2_ema_decay_a01,s3_delta_r,s3_delta_r_norm,s3_ema_rise_a0001,s3_ema_decay_a0001,s3_ema_rise_a001,s3_ema_decay_a001,s3_ema_rise_a01,s3_ema_decay_a01,s4_delta_r,s4_delta_r_norm,s4_ema_rise_a0001,s4_ema_decay_a0001,s4_ema_rise_a001,s4_ema_decay_a001,s4_ema_rise_a01,s4_ema_decay_a01,s5_delta_r,s5_delta_r_norm,s5_ema_rise_a0001,s5_ema_decay_a0001,s5_ema_rise_a001,s5_ema_decay_a001,s5_ema_rise_a01,s5_ema_decay_a01,s6_delta_r,s6_delta_r_norm,s6_ema_rise_a0001,s6_ema_decay_a0001,s6_ema_rise_a001,s6_ema_decay_a001,s6_ema_rise_a01,s6_ema_decay_a01
acetone_1,acetone,acetone\acetone_1.csv,Period_II,Day 1,1,Period II Day 1,batch1,new,18.0,0.9,0.016727955429967682,-0.006955162524903486,0.1307605591207253,-0.045621894042958064,0.5361556229857629,-0.2682466552377515,55.0,0.2894736842105263,0.05303305175627941,-0.020530630694458953,0.40663572042704543,-0.12904716690531007,1.503912255139858,-0.5578940680907329,5.0,0.03125,0.0047161536903721855,-0.001,0.03318935517629317,-0.01,0.23851000000000003,-0.10150613143566369,44.0,0.27848101265822783,0.04063733629132806,-0.019106136256068558,0.2816993532338456,-0.10606384136325643,0.9245006764956125,-0.4213176215276324,24.0,1.263157894736842,0.02259765417322207,-0.00957526146477812,0.1936489294941335,-0.06847313674102343,1.1173775546103062,-0.39089993440561144,1.0,0.08333333333333333,0.001,0.0,0.01,0.0,0.1,0.0
acetone_2,acetone,acetone\acetone_2.csv,Period_II,Day 1,1,Period II Day 1,batch1,new,29.0,1.0357142857142858,0.028572504745533633,-0.015961454288317908,0.26267898991426086,-0.10557346115970573,1.8687343279000004,-0.42339990821252604,71.0,0.3212669683257919,0.0700142242769547,-0.04128792231918827,0.6346269332518297,-0.2594835022481528,3.9960000000000004,-0.8321832358560289,5.0,0.02717391304347826,0.003992006000997001,-0.002853953647630203,0.039206009701,-0.01953248726646167,0.326071,-0.11176425558099752,55.0,0.28350515463917525,0.05005948486113045,-0.031296074736544464,0.4304077022009184,-0.17433651185636675,2.3176622613001587,-0.5589693249151609,54.0,1.8,0.052652978939853254,-0.01586397456663199,0.49616921692033317,-0.10870303186317133,4.081500886790535,-0.4587211241830882,1.0,0.07692307692307693,0.001,-0.001,0.01,-0.01,0.1,-0.1
acetone_3,acetone,acetone\acetone_3.csv,Period_II,Day 1,1,Period II Day 1,batch1,new,24.0,0.8275862068965517,0.02329030371040563,-0.004258725903260793,0.20207770104010475,-0.028295666547581762,1.5873100000000002,-0.12227481524051406,59.0,0.2645739910313901,0.05698912476167231,-0.010378790872312086,0.5033481408797759,-0.07076032537180023,3.3031300000000003,-0.24310532165582122,4.0,0.021505376344086023,0.003941581168586086,-0.0010009626946373158,0.03464829753345233,-0.010068255459501038,0.18100000000000002,-0.10018248003631401,49.0,0.25,0.04732325439291105,-0.018501445384382288,0.34992901925420306,-0.10696642507336193,1.5979432739996848,-0.3351467366505486,42.0,1.4,0.04171932977440694,-0.007395918625705174,0.39309265954760425,-0.04927509292810779,2.5180945363535043,-0.19484695760281784,1.0,0.07692307692307693,0.001,-0.001,0.01,-0.01,0.1,-0.1
acetone_4,acetone,acetone\acetone_4.csv,Period_II,Day 1,1,Period II Day 1,batch1,new,20.0,0.6896551724137931,0.018055469684949435,-0.0064611081309871145,0.1537735446459508,-0.040867822782136805,0.9167951000000001,-0.20923432609193854,48.0,0.21428571428571427,0.04519209385450364,-0.017608323482034442,0.3868047913076764,-0.11624007548145236,2.0035170310000003,-0.4342152526652734,4.0,0.021505376344086023,0.0029535262495897557,-2.9660422162081372e-05,0.02579411081651197,-0.002250947908488189,0.19531441,-0.0911370618803475,37.0,0.185,0.03195943911364206,-0.015441793225270969,0.26161793814286066,-0.09205410255840793,1.2179188613001584,-0.3677563602118207,28.0,0.9032258064516129,0.027440895895533956,-0.00727125816570433,0.2433706606,-0.05087403677573817,1.9974000000000003,-0.31889820096990007,0.0,0.0,0.0,0.0,0.0,0.0,0.0,0.0
acetone_5,acetone,acetone\acetone_5.csv,Period_II,Day 1,1,Period II Day 1,batch1,new,24.0,0.7272727272727273,0.023912165813129944,-0.0055364703235312755,0.23136414294611984,-0.037334453940739226,1.66854719,-0.1974642800718218,49.0,0.2094017094017094,0.048779502289653616,-0.013249613305754956,0.4683959550094768,-0.09026391756063742,3.3645138700000006,-0.355562633462548,5.0,0.02564102564102564,0.004986019985005999,-0.0019783250952592306,0.048619850599,-0.018092994783592657,0.3785590000000001,-0.11813182446671258,30.0,0.13274336283185842,0.029837487895419547,-0.010258292921664814,0.28417816714636523,-0.06793580171363663,1.9358591329998247,-0.2919886771468735,46.0,1.2105263157894737,0.04578245248135387,-0.005141403550790976,0.43864784525434963,-0.03997890594323334,3.5586,-0.21645290583137294,1.0,0.06666666666666667,0.001,-0.001,0.01,-0.01,0.1,-0.1
acetone_10,acetone,acetone\acetone_10.csv,Period_II,Day 2,2,Period II Day 2,batch1,new,22.0,0.9166666666666666,0.020816773400261397,-0.005270799701968906,0.19235895282978158,-0.0318478010335551,1.3488801061701425,-0.15872198402518972,56.0,0.2679425837320574,0.0554271475314122,-0.01323055976830267,0.5054470771314088,-0.08585079070919437,3.06896213364703,-0.321984547079372,5.0,0.028901734104046242,0.003977074905782437,-0.0018778705203920574,0.03777403950103393,-0.013288477111572144,0.23451191309885192,-0.10193812537678,33.0,0.16923076923076924,0.03112646544442963,-0.010779441952638143,0.25631605677974284,-0.061253049820509164,1.3961878690134912,-0.2386797516270107,32.0,1.28,0.030884224796774308,-0.003695786223741543,0.2986229485778712,-0.025465731702603932,2.2705295413454962,-0.14882324139270106,0.0,0.0,0.0,0.0,0.0,0.0,0.0,0.0
acetone_6,acetone,acetone\acetone_6.csv,Period_II,Day 2,2,Period II Day 2,batch1,new,14.0,0.4,0.013869043957604264,-0.00353927168858867,0.12778405871488446,-0.02089594430508781,0.691596746784218,-0.13462541414314094,30.0,0.12605042016806722,0.029642253882645925,-0.00651145428201654,0.266941937547096,-0.040218556126748545,1.3776305414344978,-0.18100000000000002,3.0,0.015625,0.0027221520414262793,-0.0018906311318669634,0.017861416205193343,-0.013878418845857374,0.12489967787446592,-0.10198782316304203,20.0,0.08583690987124463,0.019379431395213052,-0.006217381829668636,0.14896878741185443,-0.03711131328803298,0.8069659680485439,-0.18510602763120318,20.0,0.5405405405405406,0.0194811092350642,-0.0028960651174225064,0.17126232810421152,-0.02188742340050024,1.0540421408800555,-0.12342542722409253,0.0,0.0,0.0,0.0,0.0,0.0,0.0,0.0
acetone_7,acetone,acetone\acetone_7.csv,Period_II,Day 2,2,Period II Day 2,batch1,new,12.0,0.36363636363636365,0.011936187659406676,-0.00292393554459682,0.1137846303737639,-0.02424040287448047,0.7176591018999999,-0.15576478316936337,27.0,0.11587982832618025,0.0268206484874372,-0.008425944568029088,0.25263509121719097,-0.05421498406072994,1.5189060728000003,-0.24313344556558722,3.0,0.015706806282722512,0.002884435910358845,-0.0010595194957722166,0.02101037731419253,-0.01317921914936495,0.1526927891491,-0.11085260272501507,18.0,0.08035714285714286,0.017265073671058923,-0.007502236489120257,0.1291087736731991,-0.04768932474181828,0.865513935829858,-0.23244271626084775,22.0,0.6111111111111112,0.021926138843109948,-0.003782041090119831,0.2127374409531099,-0.027515981240869167,1.5843540900000004,-0.18720163683449376,1.0,0.06666666666666667,4.315690424431563e-06,-0.001,0.0002892470199301004,-0.01,0.021219310000000005,-0.1
acetone_8,acetone,acetone\acetone_8.csv,Period_II,Day 2,2,Period II Day 2,batch1,new,15.0,0.4411764705882353,0.014478661987459868,-0.004460823298828418,0.11641753354641289,-0.03198384449790862,0.917089113209465,-0.1560349998285518,30.0,0.12605042016806722,0.028934693223420377,-0.007674741178884879,0.22363512718044465,-0.05402821937464571,1.53281,-0.23210335355209916,2.0,0.010362694300518135,0.001999,-0.0019342994780756485,0.0199,-0.015086165819672988,0.19,-0.1001305439000779,21.0,0.09130434782608696,0.02044071428843058,-0.007529490858453428,0.1631967468054075,-0.04792411448569886,0.7422679543207711,-0.2174394731121849,23.0,0.6216216216216216,0.02160182276299514,-0.004753075994140486,0.18626890318272046,-0.03475256110889806,0.9273329611676104,-0.175707379,0.0,0.0,0.0,-0.001,0.0,-0.01,0.0,-0.1
acetone_9,acetone,acetone\acetone_9.csv,Period_II,Day 2,2,Period II Day 2,batch1,new,16.0,0.5517241379310345,0.01565033576538273,-0.007932234688291696,0.13845503671512024,-0.0502180189292759,0.7705220370069701,-0.24455657050065363,41.0,0.18552036199095023,0.03903120559217473,-0.02041284500064208,0.3148608258070958,-0.12730229306485627,1.744387424067408,-0.4826815461341879,3.0,0.016304347826086956,0.002971210031101727,-0.0028354715019005966,0.02730158374174453,-0.02074181958619526,0.19,-0.12197445832885787,25.0,0.1201923076923077,0.022593588283573787,-0.015623345641992867,0.19319157067100665,-0.08297643017389687,0.7901204091785174,-0.35732262678090193,22.0,0.7333333333333333,0.020526765016490003,-0.008827431861891614,0.18788901133309097,-0.06249753340514753,1.1855556102300864,-0.33513648265716095,0.0,0.0,0.0,0.0,0.0,0.0,0.0,0.0
air_1,air,air\air_1.csv,Period_II,Day 1,1,Period II Day 1,batch1,new,1.0,0.03571428571428571,0.001,-0.0001385652506645103,0.01,-0.006955355765264567,0.1,-0.09426857804529008,3.0,0.013636363636363636,0.002762242221198769,-4.990009995000993e-06,0.017219469344245546,-0.0044092774198402395,0.1025714553043953,-0.09900702777539627,2.0,0.010869565217391304,0.001875416657470559,-3.0186530289192412e-05,0.013086015027278367,-0.0024012300546599327,0.1000249996057381,-0.0777260091898483,4.0,0.020618556701030927,0.003503865508613781,-9.927370659604208e-06,0.020019932692688078,-0.005698614912758394,0.14265436774459048,-0.1400797942501044,2.0,0.06666666666666667,0.0010615886132193523,-8.691468668535745e-06,0.010544757819687577,-0.0006674474564873304,0.10000000003609587,-0.030774459637634782,0.0,0.0,0.0,0.0,0.0,0.0,0.0,0.0
air_2,air,air\air_2.csv,Period_II,Day 1,1,Period II Day 1,batch1,new,1.0,0.030303030303030304,0.001,-3.21451870122384e-05,0.01,-0.002188835450462786,0.1,-0.050369781465455954,2.0,0.008547008547008548,0.0018676302017053038,-0.0010009531108968797,0.01313097027627121,-0.01006172901409423,0.10605417795871774,-0.10006362685441136,2.0,0.010256410256410256,0.0010293136196604807,-0.001,0.011422669986347764,-0.01,0.10218633063630465,-0.1,4.0,0.017937219730941704,0.0010137027885818394,-0.0020165982960229116,0.011134068539854757,-0.019413116073474637,0.15130437143060316,-0.1426304465929948,1.0,0.02702702702702703,2.803401630789538e-05,-0.001,0.0018679203313483675,-0.01,0.06235928367781886,-0.1,1.0,0.06666666666666667,0.001,-1.8142356364160258e-05,0.01,-0.0009095272824163388,0.1,-0.02627887698999999
reference_1,air,air\reference_1.csv,Period_II,Day 1,1,Period II Day 1,batch1,reference_as_air,0.0,0.0,0.0,0.0,0.0,0.0,0.0,0.0,1.0,0.0043859649122807015,0.001,-9.999999999999159e-07,0.01,-9.99999999999994e-05,0.1,-0.009999999999999995,1.0,0.005291005291005291,0.001,-2.1492546433036965e-05,0.01,-0.0017604016598143316,0.1,-0.05121969255460918,2.0,0.009615384615384616,0.0019416917015786749,-4.656101555848167e-05,0.01645581795614671,-0.003599616690931881,0.15263167930723587,-0.09113689441143676,1.0,0.03125,5.875799589178093e-06,-0.001,0.0004903907663261764,-0.01,0.02033509393569108,-0.1,1.0,0.037037037037037035,0.001,-1.8315949120710712e-05,0.01,-0.0013966440878603326,0.1,-0.04115088257236907
reference_2,air,air\reference_2.csv,Period_II,Day 1,1,Period II Day 1,batch1,reference_as_air,0.0,0.0,0.0,0.0,0.0,0.0,0.0,0.0,1.0,0.0043859649122807015,6.977828883679535e-05,-0.001,0.0043714895844915135,-0.01,0.08030117568785772,-0.1,2.0,0.010582010582010581,0.001,-0.001,0.01,-0.01,0.1,-0.1,2.0,0.009569377990430622,0.001022403683959464,-0.001,0.011793929689931848,-0.01,0.15129874806466515,-0.1,0.0,0.0,0.0,0.0,0.0,0.0,0.0,0.0,1.0,0.037037037037037035,0.0001344357496823607,-6.696149167319818e-06,0.007419114912234551,-0.0004936525818920422,0.09990965562874209,-0.029975410000000008
reference_3,air,air\reference_3.csv,Period_II,Day 1,1,Period II Day 1,batch1,reference_as_air,0.0,0.0,0.0,0.0,0.0,0.0,0.0,0.0,2.0,0.00881057268722467,0.0018877682722135184,-8.875218561248512e-06,0.013028627322072057,-0.0007854651255838497,0.10000042017018831,-0.036133102288851845,0.0,0.0,0.0,0.0,0.0,0.0,0.0,0.0,2.0,0.009523809523809525,0.0010491090375514146,-0.001,0.013063334202332503,-0.01,0.1525549695608984,-0.1,1.0,0.030303030303030304,0.001,-0.001,0.01,-0.01,0.1,-0.1,1.0,0.07692307692307693,0.001,-0.001,0.01,-0.01,0.1,-0.1
reference_4,air,air\reference_4.csv,Period_II,Day 1,1,Period II Day 1,batch1,reference_as_air,1.0,0.03333333333333333,0.001,-3.667707405930669e-05,0.01,-0.0027079998620595435,0.1,-0.06901221036487641,1.0,0.004366812227074236,0.001,0.0,0.01,0.0,0.1,0.0,1.0,0.005291005291005291,1.4769149769265112e-05,-6.477397696973922e-05,0.00104732217074773,-0.004858088390546188,0.04176068100573637,-0.09946005775470376,2.0,0.009433962264150943,0.001945239179206574,-1.969239542574182e-05,0.016575600354947997,-0.001720621319343845,0.15263181208909235,-0.06700687370816111,1.0,0.029411764705882353,0.001,-3.614112577798867e-05,0.01,-0.0029537842295765592,0.1,-0.08803048049898463,1.0,0.07142857142857142,0.001,-1.9752977125969597e-06,0.01,-0.00017778213593991343,0.1,-0.010717897987691849
air_3,air,air\air_3.csv,Period_II,Day 2,2,Period II Day 2,batch1,new,2.0,0.058823529411764705,0.001000743677282195,-1.139272347493018e-05,0.01000510525689892,-0.0007414407460353822,0.1000000000000003,-0.026285619046066452,2.0,0.008368200836820083,0.001744548217981058,-4.701993804768047e-05,0.010808747448084794,-0.003309341719092672,0.100000002035403,-0.08846967898412336,1.0,0.005235602094240838,0.001,-0.001,0.01,-0.01,0.1,-0.1,4.0,0.01694915254237288,0.0027693638298931936,-0.002,0.01972417530003177,-0.02,0.1529108634332069,-0.2,1.0,0.02631578947368421,0.001,-0.001,0.01,-0.01,0.1,-0.1,0.0,0.0,0.0,0.0,0.0,0.0,0.0,0.0
air_4,air,air\air_4.csv,Period_II,Day 2,2,Period II Day 2,batch1,new,1.0,0.041666666666666664,0.001,-1.1540683113032057e-05,0.01,-0.0008533315516069048,0.1,-0.04109047893259301,3.0,0.014563106796116505,0.002714691379449998,-0.0010439692174222341,0.016511715489201752,-0.012515805471366692,0.10383698101983309,-0.11345200707695613,3.0,0.017543859649122806,0.0019076907240223677,-0.00017957915290872943,0.015020014595156414,-0.008663309497179085,0.1005957145785408,-0.11059474179664684,5.0,0.026455026455026454,0.00432869321084285,-6.958160580789602e-06,0.024526753603657907,-0.005509691003043979,0.173022131,-0.14462194571802456,2.0,0.08333333333333333,0.0010016177610280542,-2.482917064576735e-05,0.010023756309788606,-0.0013623915924646218,0.10000000000407394,-0.04329639327986152,0.0,0.0,0.0,0.0,0.0,0.0,0.0,0.0
alcohol_1,alcohol,alcohol\alcohol_1.csv,Period_II,Day 1,1,Period II Day 1,batch1,new,17.0,0.85,0.016699617959249638,-0.005514491497221208,0.14294881011930793,-0.034205138400897186,0.5543042066598212,-0.17602089245496105,21.0,0.109375,0.020608771046958886,-0.005625061118326743,0.1748253020848687,-0.03458395986201965,0.6980317392487604,-0.18292477092780798,7.0,0.04375,0.006833493283521319,-0.002832113067277849,0.05537903519700996,-0.018583000543368883,0.3251441480491,-0.11106347556774182,16.0,0.0935672514619883,0.014473918092887518,-0.009958182244329351,0.1150058120727372,-0.052848167863012885,0.5277135858039949,-0.24168222398795242,21.0,1.0,0.020827068042378688,-0.0069939064494892325,0.19362502686271715,-0.0445932228506458,1.0745247374201505,-0.21899417391305034,1.0,0.07692307692307693,0.001,-0.001,0.01,-0.01,0.1,-0.1
alcohol_2,alcohol,alcohol\alcohol_2.csv,Period_II,Day 1,1,Period II Day 1,batch1,new,10.0,0.5,0.009029065510552024,-0.00454655061670624,0.07623311549642016,-0.02901414438904993,0.41694480815189944,-0.15587653493065293,13.0,0.06735751295336788,0.01277776645082625,-0.005679541640742143,0.11006726610709223,-0.03632217878087484,0.6098051000000001,-0.19748203048389257,5.0,0.031446540880503145,0.004726286916208501,-0.0019612977678531694,0.039027302835470935,-0.016503924072224483,0.32204792611000005,-0.13267701620468594,13.0,0.07784431137724551,0.011995104636009748,-0.008205592822899267,0.08098648668947492,-0.049771113198537414,0.3894859236759553,-0.2238285980147277,11.0,0.5238095238095238,0.010901760161571282,-0.00565706821634916,0.10082680562556172,-0.03675948046374467,0.5953197406765217,-0.20133968194603902,1.0,0.07692307692307693,0.001,-0.001,0.01,-0.01,0.1,-0.1
alcohol_3,alcohol,alcohol\alcohol_3.csv,Period_II,Day 1,1,Period II Day 1,batch1,new,15.0,0.5172413793103449,0.014082408771775615,-0.006895900691421472,0.09717300617696327,-0.04469914119590765,0.46629256106308503,-0.2081316844486351,13.0,0.05803571428571429,0.012173339002225118,-0.005715073765252392,0.09714605151474943,-0.039282959602072155,0.48618240707167415,-0.16797035396071716,4.0,0.021505376344086023,0.003878887756608804,-0.002806268563690786,0.030116921063674577,-0.01774257431703507,0.1738199179,-0.11154533442868705,14.0,0.07035175879396985,0.012733287526282168,-0.009818407186123687,0.08385108903166881,-0.05449189267310635,0.3386001170595154,-0.2077508120880649,19.0,0.6129032258064516,0.01845311984736862,-0.012650925456595328,0.14472097641163295,-0.08383112391587738,0.6480578301696673,-0.3847881831273451,1.0,0.07692307692307693,0.001,-0.001,0.01,-0.01,0.1,-0.1
alcohol_4,alcohol,alcohol\alcohol_4.csv,Period_II,Day 1,1,Period II Day 1,batch1,new,13.0,0.3939393939393939,0.012300406816487981,-0.0028466080781887892,0.07961807845481192,-0.019441791260212116,0.36376255990000006,-0.13015771531275377,10.0,0.04291845493562232,0.00939247297283946,-0.001978256666321346,0.06816669866891055,-0.018037276274093985,0.4905100000000001,-0.11157037547210351,3.0,0.015384615384615385,0.0028685575509433386,-0.001,0.0201579875556313,-0.01,0.19,-0.1,11.0,0.04888888888888889,0.010366189320497795,-0.003830298363186183,0.06592410341880389,-0.0274768046676587,0.30646802430547493,-0.17606007731582993,14.0,0.3684210526315789,0.01320909216954511,-0.0028613227512604036,0.09676035408602,-0.019889088408472512,0.7248962000000001,-0.1265685288451712,1.0,0.06666666666666667,1.997002998999813e-06,0.0,0.00019702989999999948,0.0,0.01729,0.0
alcohol_5,alcohol,alcohol\alcohol_5.csv,Period_II,Day 1,1,Period II Day 1,batch1,new,12.0,0.36363636363636365,0.011766334931278197,-0.004651172406515664,0.0993504773333753,-0.028849992675640958,0.41473459,-0.14926989511000002,11.0,0.04700854700854701,0.009812543460218936,-0.0036730093597358853,0.0833447137685097,-0.022495008433558193,0.4292230880001755,-0.1319150400679852,3.0,0.015306122448979591,0.002942823346453413,-0.001013228060698356,0.024958865055751914,-0.010425052207800135,0.17290000000000003,-0.10000032646233815,10.0,0.044642857142857144,0.007971550253358873,-0.0037704124300444895,0.06797188456671403,-0.02466941363926889,0.31338520419296356,-0.15519341085769597,15.0,0.40540540540540543,0.01378453338723645,-0.0036057130718640425,0.12055839567429295,-0.021203435285926428,0.5257930004178797,-0.1307159116520992,1.0,0.06666666666666667,0.001,-0.00010433493896023756,0.01,-0.0045650801359065265,0.1,-0.09194788077005775
alcohol_10,alcohol,alcohol\alcohol_10.csv,Period_II,Day 2,2,Period II Day 2,batch1,new,23.0,0.71875,0.022472590145806565,-0.00697510286509684,0.19816302656328244,-0.04198677892849837,1.004132395729858,-0.17005521382533556,19.0,0.08260869565217391,0.018771563501718602,-0.005398544868589296,0.16849851931297932,-0.03365792216920339,0.9562718945276301,-0.15649368380784331,5.0,0.026041666666666668,0.004966132684504435,-0.0019503172028210913,0.046729889938465295,-0.016029534178516557,0.31222000000000005,-0.10084688965526696,15.0,0.06818181818181818,0.014551162004833553,-0.007182720986774796,0.1160117404911925,-0.04357593070316682,0.5293829044270698,-0.18598779880608066,29.0,0.8529411764705882,0.028306329256747954,-0.008071854409307206,0.2399284028885738,-0.05012228643365221,1.295158728541414,-0.22685410000000003,2.0,0.13333333333333333,0.0010009540649618418,0.0,0.01006235253948912,0.0,0.10007069650490151,0.0
alcohol_6,alcohol,alcohol\alcohol_6.csv,Period_II,Day 2,2,Period II Day 2,batch1,new,14.0,0.4117647058823529,0.013837121959347918,-0.004547378015449091,0.1246780285630241,-0.02956547231935646,0.7847270310000001,-0.1470867829107157,11.0,0.046413502109704644,0.010863005300463902,-0.004568077655766388,0.09716436274617994,-0.027691241251747198,0.7632200000000002,-0.14781112745081873,5.0,0.026041666666666668,0.004849015036324051,-0.0028131919341782587,0.0372880372728916,-0.01897958385565878,0.271,-0.11316660774397,11.0,0.04782608695652174,0.009647120592901811,-0.009799240502700032,0.07530950191437025,-0.04959178613876941,0.36901063026040615,-0.20244765953478144,16.0,0.43243243243243246,0.015670189276278577,-0.0062698884853416475,0.1350222017217106,-0.03716444506415901,0.950339,-0.19581718025059394,1.0,0.0625,0.001,-2.964308306645236e-06,0.01,-0.00026693647086921055,0.1,-0.016560999999999992
alcohol_7,alcohol,alcohol\alcohol_7.csv,Period_II,Day 2,2,Period II Day 2,batch1,new,11.0,0.3142857142857143,0.010559645991364445,-0.00354049579563372,0.08690714629277874,-0.023116018718987157,0.3988705568491,-0.12364217649882453,7.0,0.029166666666666667,0.006888241146328971,-0.001858729832952299,0.05986538756482466,-0.012709582879807089,0.4710000000000001,-0.10413727323482075,4.0,0.021052631578947368,0.001999,-0.001,0.0199,-0.01,0.19,-0.1,8.0,0.03404255319148936,0.004936602204953998,-0.002859359192868116,0.04487251179849591,-0.022746684435859407,0.3259824937149908,-0.16155779188804795,15.0,0.39473684210526316,0.014631808433358099,-0.001973224145087035,0.12000621235619083,-0.017536930296932776,0.7767335161100002,-0.1206423142214816,0.0,0.0,0.0,0.0,0.0,0.0,0.0,0.0
alcohol_8,alcohol,alcohol\alcohol_8.csv,Period_II,Day 2,2,Period II Day 2,batch1,new,11.0,0.3142857142857143,0.010529425360975876,-0.005488531445926876,0.07563900954102126,-0.03557061740469242,0.5578711310000002,-0.15314410000000003,9.0,0.03765690376569038,0.008576444556228201,-0.0029477632213623884,0.07370887221200287,-0.025398190963682357,0.4588645915690569,-0.11952933545446554,3.0,0.015706806282722512,0.0029801254378166394,-0.0010029083825793185,0.028120537810948754,-0.010219698407900053,0.18414020188851843,-0.10114880038925836,8.0,0.03361344537815126,0.007783642017450027,-0.005490836739011878,0.06198532051974824,-0.03355077019128185,0.30181509947653273,-0.2,14.0,0.3684210526315789,0.013678452892663125,-0.007797567926800028,0.1136099188438411,-0.05412059918774697,0.6478114401071571,-0.21734032772855183,0.0,0.0,0.0,-0.001,0.0,-0.01,0.0,-0.1
alcohol_9,alcohol,alcohol\alcohol_9.csv,Period_II,Day 2,2,Period II Day 2,batch1,new,18.0,0.5625,0.01648371469117266,-0.004742438671657153,0.12699064885510472,-0.032820410692697234,0.6832081746103063,-0.1520931879991275,14.0,0.06060606060606061,0.012767689855428234,-0.003863302111185098,0.10901770713840961,-0.028876636699419367,0.5693088029005352,-0.14499186525255722,4.0,0.020833333333333332,0.003910375938993531,-0.0010261361786115682,0.03215846838220491,-0.01140725841225237,0.18100000000000002,-0.10032994684342961,11.0,0.049773755656108594,0.009770875157078323,-0.0047069463674400125,0.0802039146314648,-0.030065908146713085,0.35045649795712286,-0.17697567883704796,17.0,0.4857142857142857,0.01648113687670602,-0.004503649477881394,0.12614068144267904,-0.027949084640964947,0.6612670000000002,-0.16046822386702075,0.0,0.0,0.0,0.0,0.0,0.0,0.0,0.0
acetone_11,acetone,acetone\acetone_11.csv,Period_II,Day 3,3,Period II Day 3,batch2,new,17.0,0.37777777777777777,0.0169122733614028,-0.002938919305576398,0.16146773746239104,-0.024645857938708653,1.0414384528791334,-0.13827383438663965,28.0,0.11067193675889328,0.02651379432283928,-0.005776410600597537,0.22642368134571839,-0.04179750890428899,1.3680972703648102,-0.20047784401000002,3.0,0.01485148514851485,0.002955501180607963,-9.506083408813233e-05,0.025968744141474237,-0.005043906152834448,0.16658892023419003,-0.08840778252945797,21.0,0.08433734939759036,0.019698640158548875,-0.0038462213771143735,0.17211147566506899,-0.02837999627006617,0.9128348766180339,-0.15839047311218488,35.0,0.7446808510638298,0.03480553814486741,-0.0019849955605486824,0.3310305262127019,-0.018515223618566105,2.6151100000000005,-0.12894691189349874,0.0,0.0,0.0,-0.001,0.0,-0.01,0.0,-0.1
acetone_12,acetone,acetone\acetone_12.csv,Period_II,Day 3,3,Period II Day 3,batch2,new,18.0,0.391304347826087,0.01776101109008512,-0.002925360596730812,0.15781658041422705,-0.02363772156333264,0.9732822310000001,-0.12379041033951584,30.0,0.1171875,0.02957458113747511,-0.005794574894731826,0.260509314095843,-0.043017167482802245,1.479595331,-0.1742087590113061,3.0,0.014423076923076924,0.0020019681266965055,-0.001,0.020169240099905034,-0.01,0.1981096898509,-0.1,15.0,0.06097560975609756,0.01382835711725279,-0.007318118667010432,0.12399714300395619,-0.04526144026694949,0.7173845621113062,-0.18130251100372247,17.0,0.3617021276595745,0.015836338870939715,-0.0036326604807526025,0.14477690545059133,-0.02619326142751599,0.857572204398734,-0.15364177348633862,0.0,0.0,0.0,0.0,0.0,0.0,0.0,0.0
acetone_13,acetone,acetone\acetone_13.csv,Period_II,Day 3,3,Period II Day 3,batch2,new,18.0,0.4,0.01779346895646117,-0.009765100573043944,0.16133231079281746,-0.0634146956944909,0.8239536012414036,-0.22404672100000003,30.0,0.11764705882352941,0.029602531176230185,-0.015560119135968456,0.2639379498640806,-0.10034515824087019,1.2485085701583554,-0.3393127797421637,2.0,0.00966183574879227,0.001962714874207538,-0.001,0.016840029256390575,-0.01,0.10226656851426384,-0.1,17.0,0.07024793388429752,0.016687105092209078,-0.012622554446247877,0.14276816697160769,-0.07777144542256816,0.5984570774496158,-0.2820291266643783,19.0,0.41304347826086957,0.01749031097888764,-0.01472830101388482,0.1205886074439749,-0.10567431490013146,0.947349052970204,-0.4822182729100001,0.0,0.0,0.0,0.0,0.0,0.0,0.0,0.0
acetone_14,acetone,acetone\acetone_14.csv,Period_II,Day 3,3,Period II Day 3,batch2,new,13.0,0.29545454545454547,0.011969024447273987,-0.001961308056790248,0.11692815220758401,-0.016527102301406575,0.934353044829097,-0.1011094861848302,20.0,0.07905138339920949,0.019789259658284365,-0.00388375846988525,0.18371828492782574,-0.030470040077959587,1.41967246546658,-0.13595734289161315,2.0,0.009708737864077669,0.001,-0.001,0.01,-0.01,0.10511917600573692,-0.1,16.0,0.06694560669456066,0.014876752824105615,-0.008522134418559073,0.1383251273424185,-0.05884296676170837,0.7772432648120369,-0.20733391143382823,25.0,0.5555555555555556,0.023791296755186635,-0.003830429724490009,0.22025080521818752,-0.027002307639208703,1.5419046721000003,-0.14366668207552946,0.0,0.0,0.0,0.0,0.0,0.0,0.0,0.0
acetone_15,acetone,acetone\acetone_15.csv,Period_II,Day 3,3,Period II Day 3,batch2,new,11.0,0.2682926829268293,0.010837823193947417,-0.0038337138207528605,0.09530564755644913,-0.0269534528378182,0.4710578079607246,-0.1493240028147818,21.0,0.08571428571428572,0.020660708076601666,-0.008583908496304051,0.1791704846425638,-0.05745035644902694,0.822738014829858,-0.2370706511485118,2.0,0.009708737864077669,0.0018344330795196735,-1.2864912488414057e-05,0.011639057875738325,-0.001172734040365159,0.10000000920067259,-0.054864169011306106,18.0,0.07407407407407407,0.016864020675064175,-0.006710181578910488,0.12246585574851765,-0.04769141589806794,0.5809461154564148,-0.202339345256118,17.0,0.3953488372093023,0.01616485924175258,-0.002925257800026683,0.12589829561247964,-0.023566481381163067,0.773542718289482,-0.1517689227941659,1.0,0.0625,0.001,0.0,0.01,0.0,0.1,0.0
acetone_16,acetone,acetone\acetone_16.csv,Period_II,Day 4,4,Period II Day 4,batch2,new,10.0,0.2564102564102564,0.008714182038296239,-0.0037613521206766617,0.06758494319291312,-0.02586812108571597,0.31940062100107003,-0.12676682877529072,16.0,0.06324110671936758,0.014472461518367966,-0.006314558965534769,0.11705865034682757,-0.041449823900489326,0.49358015497850205,-0.17000658371855176,2.0,0.010050251256281407,0.001991041868298504,-0.001,0.019140709409045067,-0.01,0.1413488201491,-0.1,13.0,0.04961832061068702,0.011334076315368159,-0.00614843728642963,0.0831293913678329,-0.039507096719393994,0.47069786915681433,-0.21818776231010795,14.0,0.32558139534883723,0.013463762027260304,-0.0038594987344928396,0.11758059715761046,-0.028627624409819356,0.6742309403749611,-0.1426899681701547,0.0,0.0,0.0,0.0,0.0,0.0,0.0,0.0
acetone_17,acetone,acetone\acetone_17.csv,Period_II,Day 4,4,Period II Day 4,batch2,new,23.0,0.5897435897435898,0.022719728037841877,-0.00198404574566535,0.2159734376336777,-0.017909280338738537,1.8460162588886941,-0.11861950076441338,38.0,0.15019762845849802,0.03757538069200099,-0.004550369850926999,0.3396076889878753,-0.029716823576972765,2.5940000000000003,-0.15717779890119238,4.0,0.020202020202020204,0.003961272548501396,-1.1868878992545798e-05,0.036360048675164035,-0.0010764411311704278,0.24346795432077104,-0.051279030865809996,23.0,0.08812260536398467,0.022759594207226758,-0.006518551873525225,0.20732686960494792,-0.0390959460154645,1.179344746775732,-0.2,37.0,0.8809523809523809,0.036956088699780495,-0.002000584571069777,0.36568606671486137,-0.01974632144683315,3.325411087819772,-0.16390155392612277,1.0,0.06666666666666667,0.001,0.0,0.01,0.0,0.1,0.0
acetone_18,acetone,acetone\acetone_18.csv,Period_II,Day 4,4,Period II Day 4,batch2,new,18.0,0.46153846153846156,0.016760078923824136,-0.005679492126680974,0.14930027915273952,-0.03799859559091037,0.9619893156621602,-0.16141956052502643,27.0,0.1067193675889328,0.026470054644400342,-0.010726670282631474,0.22492899566288618,-0.06992673737492756,1.237210083655789,-0.2547149417624296,3.0,0.015151515151515152,0.001960734100507492,-2.7336640266840072e-05,0.01666692160552136,-0.00221517728531975,0.10335396654182184,-0.08576305521121497,14.0,0.05363984674329502,0.01132025305363193,-0.007352099976331879,0.09866711288508828,-0.04645866406587778,0.462964901976061,-0.2028282480095917,15.0,0.35714285714285715,0.014797870257726584,-0.004464648850804639,0.1313694825597834,-0.03037981285727552,0.8403101366234208,-0.14836113100000003,1.0,0.06666666666666667,0.001,-9.999999999999159e-07,0.01,-9.99999999999994e-05,0.1,-0.009999999999999995
acetone_19,acetone,acetone\acetone_19.csv,Period_II,Day 4,4,Period II Day 4,batch2,new,9.0,0.21951219512195122,0.008884189868054709,-0.0037130410906883503,0.0794201541223111,-0.024967260035831135,0.4905100000000001,-0.1294025716208303,15.0,0.05976095617529881,0.014708619983431148,-0.0066243523954478715,0.12385015662392863,-0.0453520367506537,0.5870422147822156,-0.18193771570181383,2.0,0.01,0.001961737718851133,-0.001,0.0167613861629044,-0.01,0.10175282437943395,-0.1,9.0,0.03474903474903475,0.008807813805098737,-0.006175148600837621,0.07307834622727583,-0.03813390924140687,0.3975979018789698,-0.21367245908684399,10.0,0.23255813953488372,0.00991836301978568,-0.0050776352328737746,0.0921543564989746,-0.03596453046316379,0.6615100000000002,-0.20652161163332589,0.0,0.0,0.0,0.0,0.0,0.0,0.0,0.0
acetone_20,acetone,acetone\acetone_20.csv,Period_II,Day 4,4,Period II Day 4,batch2,new,17.0,0.425,0.01592815200487048,-0.0037544577056317597,0.15295195097437098,-0.024936406775960665,1.024793169364276,-0.14318697198903238,26.0,0.104,0.024799788395655442,-0.005692546914942012,0.23067393968493247,-0.040834208400733686,1.5043231175668688,-0.18752769008017395,2.0,0.01,0.001994014980014994,-0.001016022302545604,0.019414801494010002,-0.01094049748413779,0.15314410000000003,-0.10047241931185227,17.0,0.06589147286821706,0.014624575167619721,-0.00576259976086807,0.11926115818284383,-0.04209806556855836,0.7354843851174041,-0.20534561049227604,23.0,0.5476190476190477,0.021877305815620213,-0.002926383310258908,0.20800403746828738,-0.023744894821812593,1.4181806361901583,-0.124758379,0.0,0.0,0.0,-0.001,0.0,-0.01,0.0,-0.1
acetone_21,acetone,acetone\acetone_21.csv,Period_II,Day 5,5,Period II Day 5,batch2,new,17.0,0.5666666666666667,0.015928071838582043,-0.005502851429781966,0.15287883346700568,-0.03153826101866735,0.992400770431986,-0.1598217925091046,32.0,0.14883720930232558,0.03177977328361915,-0.01312234468381476,0.2986580693751068,-0.06751548797580068,1.95364029,-0.23383635947424775,3.0,0.016216216216216217,0.002990020976015994,-0.0030082733585474523,0.02902076159401,-0.02516855777130604,0.2187541,-0.12194930054219708,19.0,0.08296943231441048,0.015257001355318857,-0.009172241898391668,0.13199080962649737,-0.054350277973890165,0.8348655741628239,-0.2789381994281984,24.0,0.8,0.022880293607219222,-0.00642040904589701,0.2182900921181994,-0.03864269469482725,1.5579246721,-0.21518385805779927,0.0,0.0,0.0,-0.001,0.0,-0.01,0.0,-0.1
acetone_22,acetone,acetone\acetone_22.csv,Period_II,Day 5,5,Period II Day 5,batch2,new,10.0,0.3448275862068966,0.009752031002433215,-0.004424343932583494,0.0788089601,-0.028840877200620257,0.68861,-0.12750211241779055,22.0,0.10426540284360189,0.02141538127059925,-0.009435115428359626,0.1691501485993677,-0.058788219553743165,1.1300429536481003,-0.20956605354088687,3.0,0.016574585635359115,0.002990038874294505,-0.002714391796737251,0.02903776901004506,-0.01730214354866265,0.22890982014910002,-0.10602474589342063,14.0,0.06140350877192982,0.013637887718139233,-0.008990891073665696,0.1112877931426778,-0.06118645697568405,0.7079675664082001,-0.28200000000000003,15.0,0.5,0.014896350317841311,-0.0036742571569322157,0.13994425351964765,-0.026421962235245115,1.1918000000000004,-0.13796923979141387,1.0,0.05263157894736842,0.001,-0.001,0.01,-0.01,0.1,-0.1
acetone_23,acetone,acetone\acetone_23.csv,Period_II,Day 5,5,Period II Day 5,batch2,new,8.0,0.2857142857142857,0.007579050451610446,-0.0070594741914948205,0.052042694938010906,-0.046275599061857596,0.31951000000000007,-0.21343969000000007,20.0,0.0975609756097561,0.01874008168484094,-0.015644106592282485,0.1203731763640084,-0.09497224717379857,0.619487084998694,-0.35035820419952335,4.0,0.021739130434782608,0.0037418395238481795,-0.0028237107132360667,0.024869304536684532,-0.01886134771133567,0.11937302412497115,-0.127864523208931,16.0,0.07373271889400922,0.012738895979302174,-0.01005745562115872,0.08354556710177193,-0.060978442610710434,0.471581556183361,-0.2582375660489407,13.0,0.4482758620689655,0.01226574196883986,-0.008292899685755806,0.10839175122966609,-0.05519506182166051,0.5297575919462344,-0.24156808210000005,0.0,0.0,0.0,0.0,0.0,0.0,0.0,0.0
acetone_24,acetone,acetone\acetone_24.csv,Period_II,Day 5,5,Period II Day 5,batch2,new,61.0,1.605263157894737,0.060338055730146105,-0.007000485941169495,0.54821477835539,-0.048566402203146404,2.96509593745827,-0.21502747050908694,92.0,0.3948497854077253,0.09004755821379214,-0.01218969069970471,0.8195675840460594,-0.07684993822616394,4.36877314018002,-0.3265548549436003,7.0,0.03365384615384615,0.0059522144615385296,-0.001,0.055409665151383986,-0.01,0.33109678440100004,-0.1,58.0,0.2396694214876033,0.057349308743816205,-0.01132082740534154,0.5186329669589577,-0.06415817045420866,2.4992648631031695,-0.3070973060400555,66.0,1.65,0.06425261356880435,-0.008711226908802607,0.5807082714943685,-0.06209414061601151,3.1567263050013064,-0.31745756177183504,1.0,0.0625,0.001,-1.947406509114104e-06,0.01,-0.00015811664141181063,0.1,-0.010033813919135229
acetone_25,acetone,acetone\acetone_25.csv,Period_II,Day 5,5,Period II Day 5,batch2,new,12.0,0.3076923076923077,0.011881858507130576,-0.003802143749876275,0.10891965021092623,-0.025315445352538254,0.5570886849804928,-0.1329455045950057,23.0,0.09745762711864407,0.0227211234422482,-0.0075224294672102555,0.20392354332634105,-0.05008562289927595,0.9870476201944004,-0.17469930977720674,2.0,0.009569377990430622,0.00198708953898374,-0.001,0.01878556203554015,-0.01,0.1280936823294559,-0.1,15.0,0.06072874493927125,0.012974953989805726,-0.007499199156254185,0.1153928536352413,-0.04772579912125323,0.538407996708897,-0.21076628178909224,14.0,0.34146341463414637,0.012188298299962562,-0.0037993835064045484,0.10343819258651904,-0.025184482537016488,0.6465875646410123,-0.1282429536481,1.0,0.0625,9.775789260663733e-05,-0.001,0.004034675486514704,-0.01,0.08509215228244432,-0.1
acetone_26,acetone,acetone\acetone_26.csv,Period_II,Day 6,6,Period II Day 6,batch2,new,10.0,0.25,0.00989174954740851,-0.004655778031284669,0.08981947570049648,-0.029824912657157907,0.47606689,-0.12366944151507504,20.0,0.08547008547008547,0.018788419699328315,-0.007696712058179598,0.1700646974763647,-0.04695906957716253,0.8735874066103062,-0.17521673200087878,2.0,0.009523809523809525,0.00198411944181564,-0.001,0.018514577710948756,-0.01,0.13867681673671167,-0.1,11.0,0.045454545454545456,0.010871134007034891,-0.0074661053535466084,0.09806617505780521,-0.04981114952579712,0.5197442276092066,-0.19296364704306626,15.0,0.35714285714285715,0.014900736386471212,-0.00291516330416059,0.1406970485912246,-0.0231458448185127,0.9459327745651351,-0.11808377581357885,0.0,0.0,0.0,0.0,0.0,0.0,0.0,0.0
acetone_27,acetone,acetone\acetone_27.csv,Period_II,Day 6,6,Period II Day 6,batch2,new,17.0,0.5151515151515151,0.016463305312453068,-0.004717751567395923,0.14772767104983744,-0.02984635560344679,0.9285013000000002,-0.13713830969857166,32.0,0.14285714285714285,0.030995517091410275,-0.007616097850066441,0.24996119364315475,-0.051014678136159376,1.4413601000000003,-0.20964149190218365,3.0,0.015789473684210527,0.002994006996001,-0.001976097022125702,0.029406960100000004,-0.01777928292413683,0.24661000000000002,-0.11292957924617013,17.0,0.06967213114754098,0.0165153421868341,-0.006178485554296235,0.13834042027625754,-0.04218851189988119,0.8274379819605493,-0.24156202771780902,25.0,0.7352941176470589,0.024810764856082492,-0.0029016340840785737,0.23174600810457843,-0.022156052258447155,1.6386059543207714,-0.13917251611000003,0.0,0.0,0.0,0.0,0.0,0.0,0.0,0.0
acetone_28,acetone,acetone\acetone_28.csv,Period_II,Day 6,6,Period II Day 6,batch2,new,15.0,0.46875,0.014782266345715618,-0.004691672458542165,0.13012444063575898,-0.0308019360780869,0.666600960281671,-0.14836113100000003,26.0,0.11764705882352941,0.025621717677172348,-0.00996781520719323,0.2253007863847854,-0.059792963919912435,1.0217,-0.2093304080851893,2.0,0.010582010582010581,0.0019930477975797917,-0.0019870984641643394,0.01934602690774517,-0.01879383058042322,0.162467954320771,-0.1477631984377558,14.0,0.058333333333333334,0.013772683394990494,-0.009274749646145827,0.11948512726061872,-0.0539163888459995,0.5084002904337922,-0.23252662448138012,18.0,0.5294117647058824,0.017747520107597878,-0.004666068518510388,0.15686747880098081,-0.031680847800721904,0.8536420489607246,-0.14643970451692148,1.0,0.058823529411764705,0.001,0.0,0.01,0.0,0.1,0.0
acetone_29,acetone,acetone\acetone_29.csv,Period_II,Day 6,6,Period II Day 6,batch2,new,16.0,0.5333333333333333,0.015250991970749955,-0.004649186970129827,0.12208308019005448,-0.033627849887982106,0.9249759543207712,-0.15774642636481,30.0,0.13953488372093023,0.0275532249553029,-0.009245549727896481,0.2195429800908828,-0.06451828440892003,1.5066524100000003,-0.2145756900127159,3.0,0.016129032258064516,0.00298805579058379,-0.001956958779732989,0.028853957306745164,-0.01644382716596135,0.21980695432077102,-0.10633791148725485,14.0,0.060085836909871244,0.013506533626285249,-0.007456335072759916,0.09954396780125203,-0.04816571309085727,0.5066714706597159,-0.2361929255626006,15.0,0.46875,0.014343108859407695,-0.00470870663502196,0.10425449758320549,-0.0321339515977657,0.8295590000000002,-0.1644076509469057,1.0,0.0625,2.8530373874459413e-05,-0.001,0.0015794623530564888,-0.01,0.03360304092951889,-0.1
acetone_30,acetone,acetone\acetone_30.csv,Period_II,Day 6,6,Period II Day 6,batch2,new,10.0,0.38461538461538464,0.009623663650526141,-0.003806103166349363,0.06970836268873802,-0.025644583168226334,0.3546480147890536,-0.11790422651056365,22.0,0.10891089108910891,0.020841795530237402,-0.008428029353733713,0.14508364593086848,-0.05177152212416324,0.7375270429998246,-0.17336371181202692,2.0,0.011363636363636364,0.0010029880219760159,-0.0018459298879230498,0.010288217615940102,-0.012103197581474613,0.11997541,-0.10413707147817465,15.0,0.06818181818181818,0.014423141750728681,-0.008873069064261099,0.11119759146260594,-0.05067061981816731,0.501377085999649,-0.2522122800617991,14.0,0.5,0.01372221854159195,-0.004500946198255618,0.11738821789653676,-0.028845857806555512,0.8227280000000001,-0.14472702009991115,0.0,0.0,0.0,0.0,0.0,0.0,0.0,0.0
acetone_31,acetone,acetone\acetone_31.csv,Period_II,Day 6,6,Period II Day 6,batch2,new,10.0,0.37037037037037035,0.009501295907851683,-0.0060427449402275695,0.0647626311969822,-0.03503043376824884,0.31537869322077106,-0.1426899681701547,20.0,0.1,0.018904709602087896,-0.012941933899930973,0.1263588015941737,-0.07365892861360053,0.610259501811704,-0.2495165623793659,3.0,0.017045454545454544,0.0019870521825626434,-0.0019366387511202403,0.018753535778242902,-0.015457187250358181,0.12137684752553039,-0.10180824728650929,12.0,0.056338028169014086,0.011298316906740366,-0.00972579244728277,0.07261549047250875,-0.05202743669991067,0.3849928923895737,-0.2456102,8.0,0.2857142857142857,0.007144415257113777,-0.004673489565297091,0.057561020623349106,-0.029518783778897363,0.40309641100000004,-0.13629736716876611,0.0,0.0,0.0,0.0,0.0,0.0,0.0,0.0
acetone_32,acetone,acetone\acetone_32.csv,Period_II,Day 6,6,Period II Day 6,batch2,new,39.0,1.0833333333333333,0.03772623516073886,-0.003700765211599411,0.3537173577646421,-0.02251010207068367,2.042914675460772,-0.12271017855094307,64.0,0.2922374429223744,0.06233921544179887,-0.0074151898648507665,0.567553670804699,-0.04267008160775522,2.882891721100718,-0.19319766199176575,7.0,0.03414634146341464,0.006931522779505818,-7.131709300437362e-05,0.06359529865517395,-0.005011298295660075,0.32950737193771645,-0.09931497713232881,53.0,0.23660714285714285,0.050439291903005896,-0.0091385172509925,0.45680839753731356,-0.054049512774886385,2.2756013876160917,-0.19516322477960324,61.0,1.6486486486486487,0.06039939014374306,-0.004664684716690786,0.5528859782099528,-0.028471008022684603,4.015552790000001,-0.15673922272113763,1.0,0.07142857142857142,0.001,0.0,0.01,0.0,0.1,0.0
acetone_33,acetone,acetone\acetone_33.csv,Period_II,Day 7,7,Period II Day 7,batch2,new,7.0,0.1794871794871795,0.0063786400646452315,-0.0037011198581951106,0.04321748075616896,-0.021272515406127315,0.25173579511000005,-0.11949353134607711,11.0,0.04824561403508772,0.009581838285607193,-0.0072053883455344215,0.0676444665843872,-0.03889244619175706,0.28030071611878,-0.1527036644075984,1.0,0.0049504950495049506,0.001,-0.001,0.01,-0.01,0.1,-0.1,9.0,0.03614457831325301,0.007318375109801164,-0.0074359806387738585,0.0506665447648936,-0.04621086388889043,0.3113285736420843,-0.21352677114191362,8.0,0.20512820512820512,0.007922421579306366,-0.004484560730848687,0.07260908562995647,-0.026526003021401685,0.49731310000000006,-0.12062360661118487,0.0,0.0,0.0,0.0,0.0,0.0,0.0,0.0
acetone_34,acetone,acetone\acetone_34.csv,Period_II,Day 7,7,Period II Day 7,batch2,new,12.0,0.2857142857142857,0.001998001,-0.00282713216011026,0.019801,-0.018960682837302373,0.20012070269644086,-0.134502282220771,21.0,0.09012875536480687,0.001999,-0.005504585354268793,0.0199,-0.03291189036424296,0.20038042793922883,-0.14836113100000003,2.0,0.009950248756218905,8.885086681378364e-06,-0.001,0.0007942404506285881,-0.01,0.036053261622938496,-0.1,11.0,0.044,0.0029732327447625053,-0.005653654686057838,0.027521864367443527,-0.04104185792063497,0.2,-0.22019585222000002,14.0,0.34146341463414637,0.001,-0.002839144961905369,0.01,-0.018771849515466777,0.16331513314835117,-0.1135311482975984,0.0,0.0,0.0,0.0,0.0,0.0,0.0,0.0
acetone_35,acetone,acetone\acetone_35.csv,Period_II,Day 7,7,Period II Day 7,batch2,new,25.0,0.5813953488372093,0.023605586009856357,-0.00537485610437534,0.20437952513259244,-0.034616720851005735,1.5117242953648102,-0.16206042365417012,37.0,0.15677966101694915,0.03623279188123858,-0.00803666981458412,0.3033165923039279,-0.05344014879833293,1.8585200000000002,-0.187847689612121,3.0,0.014218009478672985,0.0029910428394192105,-0.0010018986425455517,0.029141431219944613,-0.010118808976975108,0.24040883813419,-0.10010073698445741,19.0,0.07509881422924901,0.01772877535016334,-0.007266162528091642,0.1552148703462817,-0.04043845072677127,0.8387788411113062,-0.1956868941998021,28.0,0.6666666666666666,0.0265319395529846,-0.003727121536794029,0.2541405424022999,-0.026226518092957236,2.1705242953648103,-0.15212253556207425,0.0,0.0,0.0,0.0,0.0,0.0,0.0,0.0
acetone_36,acetone,acetone\acetone_36.csv,Period_II,Day 8,8,Period II Day 8,batch2,new,24.0,0.5333333333333333,0.02356179980465391,-0.01002366359172471,0.20019958223532316,-0.0634423103613257,1.030369472149426,-0.2530067122426072,36.0,0.15319148936170213,0.03528919116140348,-0.015933400749896836,0.29574080735054953,-0.09834810464367427,1.4269093375191506,-0.30117461203761847,3.0,0.013888888888888888,0.0019969347625043527,-0.001911197467040956,0.019641236449253044,-0.01394671249257563,0.14940852750021724,-0.10000807618171285,22.0,0.08560311284046693,0.018786080130507553,-0.010811754304107704,0.1585290060264594,-0.06592206573970852,0.7963890051196174,-0.25522628234866596,29.0,0.6744186046511628,0.028671085251521025,-0.010127732267961573,0.25890884819297216,-0.06654055195576286,1.3902085010000005,-0.25736918621452387,1.0,0.05263157894736842,0.001,-3.6618073246542492e-06,0.01,-0.0002072802824998176,0.1,-0.011500946352969985
acetone_37,acetone,acetone\acetone_37.csv,Period_II,Day 8,8,Period II Day 8,batch2,new,20.0,0.4166666666666667,0.019589985099183936,-0.003702234886850769,0.1638399703209984,-0.02586812108571597,0.6336992018885185,-0.12676682877529072,27.0,0.11203319502074689,0.026474273922921978,-0.005532731074946854,0.22334929818161303,-0.037782432021233346,0.7677561909447848,-0.1428495901476422,2.0,0.00909090909090909,0.0019950109860109953,-0.001,0.01951086109501,-0.01,0.15970510000000002,-0.1,16.0,0.058394160583941604,0.01566990715687762,-0.005405802984204962,0.13096168354169657,-0.036043550599911156,0.46023117399982455,-0.20393455204401936,21.0,0.4375,0.02055143517096961,-0.0036981056404905913,0.17037160291802408,-0.023236522825198308,0.8240200946304154,-0.11080093967249727,0.0,0.0,0.0,0.0,0.0,0.0,0.0,0.0
acetone_38,acetone,acetone\acetone_38.csv,Period_II,Day 8,8,Period II Day 8,batch2,new,9.0,0.18,0.0089462132158361,-0.003652103149654089,0.08480640579984867,-0.02752779673400263,0.5716081386998422,-0.16025284419657876,13.0,0.053497942386831275,0.012795832306066623,-0.0045889444649816254,0.11113998910262939,-0.03385609394163331,0.6363100000000002,-0.18432387634847242,1.0,0.004545454545454545,0.001,-0.001001998001,0.01,-0.01019801,0.1,-0.1181,9.0,0.03260869565217391,0.008858413315257751,-0.003999015925214591,0.07703064882927588,-0.03991527109542796,0.48415442482985793,-0.4002899022491,12.0,0.24,0.011972024991001001,-0.002901277296716815,0.11722491009999998,-0.021974926549647927,0.94411,-0.16365018787300645,0.0,0.0,0.0,0.0,0.0,0.0,0.0,0.0
acetone_39,acetone,acetone\acetone_39.csv,Period_II,Day 9,9,Period II Day 9,batch2,new,31.0,0.5740740740740741,0.030926102728919592,-0.012771004693390847,0.30270036983082016,-0.08504062818951554,2.603350240988694,-0.3305618920015795,32.0,0.12903225806451613,0.031900122930017,-0.021797988861052015,0.31012230169899996,-0.140864897573014,2.6249000000000007,-0.48106416955189246,2.0,0.008733624454148471,0.001999,-0.0018931322740451785,0.0199,-0.013223435585194456,0.19,-0.10000091633711732,11.0,0.03832752613240418,0.010948180298733172,-0.010578619379478545,0.10497422557058907,-0.05578737371621484,0.754371324829858,-0.2448298622790172,31.0,0.5636363636363636,0.03092012465322061,-0.010152618558091173,0.30212163907005907,-0.06810378185529369,2.555173247889825,-0.2931931,1.0,0.05555555555555555,0.001,-1.2627647721339319e-05,0.01,-0.0006188245307416681,0.1,-0.025594110457274694
acetone_40,acetone,acetone\acetone_40.csv,Period_II,Day 9,9,Period II Day 9,batch2,new,12.0,0.2222222222222222,0.01185099475980806,-0.006944487953511502,0.1059577252116143,-0.04792340128528148,0.7049000000000001,-0.19184405675100485,16.0,0.06451612903225806,0.015800393536826662,-0.011309713433563871,0.14123728297916205,-0.0751502400818688,0.7224420709,-0.2586170622071734,2.0,0.008771929824561403,0.001994014980014994,-0.001,0.019414801494010002,-0.01,0.15314410000000003,-0.1,8.0,0.027874564459930314,0.005981923391255309,-0.003751257704666083,0.05813507574042345,-0.027521864367443527,0.41775254741303836,-0.2,12.0,0.21818181818181817,0.011928364391404354,-0.0037467692460639527,0.11315047066103227,-0.026554852337573848,0.7315233086733715,-0.15314410000000003,0.0,0.0,0.0,0.0,0.0,0.0,0.0,0.0
acetone_41,acetone,acetone\acetone_41.csv,Period_II,Day 9,9,Period II Day 9,batch2,new,25.0,0.45454545454545453,0.024896196787140945,-0.013525414096566869,0.23979488404411992,-0.08993900779209961,1.8975990000000003,-0.36756818550818426,30.0,0.12048192771084337,0.029775818173749084,-0.02261178158593463,0.2783019823040306,-0.14249932732452786,1.9734491000000003,-0.49331145267782206,2.0,0.008733624454148471,0.0019970029990000002,-0.001956935764345316,0.01970299,-0.016428063394298212,0.17290000000000003,-0.10100221924593228,12.0,0.041379310344827586,0.011896642563545725,-0.0112070477064586,0.11021314343920643,-0.06586434600152877,0.5789993832208697,-0.315244751663128,18.0,0.32142857142857145,0.017844757515966977,-0.011739745124567928,0.16513568691995767,-0.08236031843174985,0.9452579685581002,-0.38664546506026753,0.0,0.0,0.0,-0.001,0.0,-0.01,0.0,-0.1
acetone_42,acetone,acetone\acetone_42.csv,Period_II,Day 9,9,Period II Day 9,batch2,new,23.0,0.48936170212765956,0.021897201190283065,-0.016071433439358768,0.2099026679904,-0.10672214149585929,1.371568536099034,-0.384043840342819,29.0,0.125,0.02884151764655448,-0.02330392048140893,0.2746057770805047,-0.14628772792225175,1.767042794829858,-0.4830438156916945,3.0,0.013824884792626729,0.002991020956085874,-0.00197924392768288,0.029120568475251636,-0.01812644606533155,0.22734579511000003,-0.11514260920696275,12.0,0.045112781954887216,0.009983827570541448,-0.010397899497310655,0.09824105644979107,-0.0663931296391308,0.7689168163982429,-0.3178018050294237,25.0,0.5102040816326531,0.024882279605352803,-0.011677291134615086,0.23847608510068868,-0.07956744508913033,1.6837491000000002,-0.3253005886495478,1.0,0.05555555555555555,2.36325056617862e-05,-3.223728085636926e-05,0.002062058066729105,-0.0016085412164470476,0.08332281830033342,-0.042241277490912284
acetone_43,acetone,acetone\acetone_43.csv,Period_II,Day 9,9,Period II Day 9,batch2,new,20.0,0.47619047619047616,0.018929091272073525,-0.010064000475292698,0.18299355308009568,-0.06401771766985427,1.2942727986531286,-0.28116298688298524,25.0,0.11160714285714286,0.024799806952620327,-0.018160386259050934,0.23068884786757995,-0.10997265143999509,1.6125276800000004,-0.3627346154440526,3.0,0.014563106796116505,0.001998997005996001,-0.001862959432674659,0.019897059601,-0.012449015100198736,0.187561,-0.10001747788717247,13.0,0.05,0.009951009320775039,-0.008703041259427537,0.09512041156455792,-0.054978122124239484,0.7015521179651261,-0.27978188256639897,24.0,0.5454545454545454,0.022924066297373917,-0.008778201132225182,0.22246883171909737,-0.058576947353005664,1.6928678613001584,-0.2696326414275939,0.0,0.0,0.0,0.0,0.0,0.0,0.0,0.0
air_5,air,air\air_5.csv,Period_II,Day 3,3,Period II Day 3,batch2,new,2.0,0.043478260869565216,0.001,-0.0018486290758926414,0.01,-0.012165375651165149,0.1,-0.10001293716318152,3.0,0.011673151750972763,0.0019942929668475286,-0.0027264063319713213,0.01958568684624372,-0.01913517247483641,0.17369576556178878,-0.13874204890000003,3.0,0.014492753623188406,0.0020068212763962347,-0.0028178037913064126,0.020204756741436875,-0.01877521022998968,0.19146175134616583,-0.12541865828329002,5.0,0.02040816326530612,0.0019811781208173814,-0.004588610764599987,0.01831382957336299,-0.026358886136404663,0.15284170123154117,-0.18371,3.0,0.06521739130434782,0.0010292249639827782,-0.0018846568069418347,0.010673894611223667,-0.013380813805430731,0.10205925280608946,-0.10107247215332059,0.0,0.0,0.0,0.0,0.0,0.0,0.0,0.0
air_6,air,air\air_6.csv,Period_II,Day 3,3,Period II Day 3,batch2,new,1.0,0.024390243902439025,0.001,-3.953922978248189e-05,0.01,-0.0025528576720929078,0.1,-0.05060147397067692,1.0,0.004081632653061225,0.001,-6.107535331433065e-05,0.01,-0.003785187553844325,0.1,-0.08095727134523947,1.0,0.004878048780487805,0.001,-0.00011347773797842854,0.01,-0.006308769239894934,0.1,-0.09979860083337926,4.0,0.01652892561983471,0.0032482792769563127,-0.0010214722228187418,0.019803970100000002,-0.011738606861353957,0.18371,-0.1516711577036105,1.0,0.023255813953488372,0.001,-0.001,0.01,-0.01,0.1,-0.1,0.0,0.0,0.0,0.0,0.0,0.0,0.0,0.0
reference_5,air,air\reference_5.csv,Period_II,Day 3,3,Period II Day 3,batch2,reference_as_air,2.0,0.044444444444444446,0.0010083525425949905,-7.840721606586828e-06,0.010431095100967753,-0.0006625408711468089,0.10010551536130242,-0.0302934581533659,3.0,0.011857707509881422,0.002004477930332446,-4.983037939071009e-06,0.019568079494906816,-0.0004833739704427926,0.1289414310089545,-0.0362556721,2.0,0.009900990099009901,0.0010308435254756153,-8.964083874126155e-06,0.011719849175820859,-0.0008648275251635917,0.10315079739118985,-0.061257951099999985,3.0,0.011764705882352941,0.0010069581605807896,-0.001,0.010659568780055384,-0.01,0.14059116186581,-0.1,1.0,0.02040816326530612,6.359401632255143e-05,-3.200935497354074e-05,0.004171503301722744,-0.002481327345813164,0.08346747981194218,-0.07547545408558716,1.0,0.07142857142857142,9.118502224797639e-05,-9.843873437188075e-06,0.00555005128412506,-0.0008593402296190791,0.09103569397686795,-0.035825115973186314
reference_6,air,air\reference_6.csv,Period_II,Day 3,3,Period II Day 3,batch2,reference_as_air,0.0,0.0,0.0,0.0,0.0,0.0,0.0,0.0,1.0,0.004098360655737705,2.0767551995538782e-05,-0.001,0.0013529513765315592,-0.01,0.04547613068705806,-0.1,1.0,0.004878048780487805,4.980114901148992e-05,-2.0442659026065563e-05,0.0034865766804034973,-0.0016262467176918292,0.08465789782630695,-0.046552003717661626,2.0,0.008264462809917356,9.527783735810034e-05,-0.0010147550451091723,0.005601246629344964,-0.011285998546827608,0.13389509109919873,-0.15052080759977127,1.0,0.023255813953488372,0.00012189440676589603,-9.999999999999159e-07,0.007263452192987567,-9.99999999999994e-05,0.0999799284913119,-0.009999999999999995,0.0,0.0,0.0,0.0,0.0,0.0,0.0,0.0
air_7,air,air\air_7.csv,Period_II,Day 4,4,Period II Day 4,batch2,new,1.0,0.025,0.0001463265249529767,-0.001,0.004824803951832089,-0.01,0.0734409345821536,-0.1,1.0,0.00398406374501992,7.900431953891294e-05,-0.001,0.004108951530624611,-0.01,0.05263107818422109,-0.1,1.0,0.005025125628140704,0.00010985792550129072,-0.001,0.004322304960525592,-0.01,0.061640103016101275,-0.1,3.0,0.011583011583011582,0.0020198761705863687,-0.0019970089870109953,0.019959051649465882,-0.01970887109501,0.15562532035038468,-0.1778051,2.0,0.047619047619047616,0.0010008170123504685,-2.9254856412570026e-06,0.010013131347932828,-0.00023720094281459193,0.10000000000571461,-0.011215766545905684,1.0,0.06666666666666667,2.5781403915503044e-05,-0.001,0.0008400511706473917,-0.01,0.02838846862642605,-0.1
air_8,air,air\air_8.csv,Period_II,Day 4,4,Period II Day 4,batch2,new,1.0,0.025,0.001,-0.001,0.01,-0.01,0.1,-0.1,1.0,0.00398406374501992,8.611686354685058e-05,-0.001,0.004019048143851035,-0.01,0.06626601334178686,-0.1,1.0,0.005025125628140704,1.9092841600793463e-05,-0.001,0.000947910413303818,-0.01,0.03781559585859715,-0.1,3.0,0.011583011583011582,0.001981702718613963,-0.0010990002578168635,0.01863202261113154,-0.014812922877277417,0.1569372056490582,-0.15264746294071913,1.0,0.023255813953488372,0.001,-9.999999999999159e-07,0.01,-9.99999999999994e-05,0.1,-0.009999999999999995,1.0,0.06666666666666667,1.7236643748810235e-05,-0.00016575470599856825,0.0005846521587327229,-0.008109040751285273,0.017292482182015192,-0.09999593211295002
reference_7,air,air\reference_7.csv,Period_II,Day 4,4,Period II Day 4,batch2,reference_as_air,1.0,0.022727272727272728,0.001,-0.001,0.01,-0.01,0.1,-0.1,1.0,0.003703703703703704,2.9840916369989166e-06,0.0,0.0002848845812768973,0.0,0.0203876792454961,0.0,1.0,0.004975124378109453,0.001,-2.9511118968799516e-06,0.01,-0.00025973901409423114,0.1,-0.018163626854411363,3.0,0.010526315789473684,0.002,-0.002,0.02,-0.02,0.2,-0.2,1.0,0.02,2.9801254378164672e-06,0.0,0.0002812053781094861,0.0,0.01841402018885184,0.0,1.0,0.06666666666666667,0.001,-9.999999999999159e-07,0.01,-9.99999999999994e-05,0.1,-0.009999999999999995
reference_8,air,air\reference_8.csv,Period_II,Day 4,4,Period II Day 4,batch2,reference_as_air,1.0,0.024390243902439025,0.001,-6.924803302233492e-06,0.01,-0.0006314664373022333,0.1,-0.03535010187167481,1.0,0.004016064257028112,6.316688648534891e-05,-1.4725208298620044e-05,0.003935393490607495,-0.0012518258727560495,0.06809530817454446,-0.044926337431985965,1.0,0.0049261083743842365,6.894545030481194e-05,-3.0482989193232938e-05,0.0048484732562763784,-0.0026388213347779037,0.09844580512240637,-0.09533002671809752,3.0,0.011764705882352941,0.0010069581605807896,-4.4691168640121313e-05,0.010659568780055384,-0.0035145071514857996,0.1526256413336798,-0.1059626511958727,1.0,0.023809523809523808,3.642846880632289e-05,-5.243014764383554e-05,0.0025681348410679953,-0.004085719591541561,0.051258138575361205,-0.09867884520314613,1.0,0.0625,0.001,-1.9646229185298243e-06,0.01,-0.00016964132180495757,0.1,-0.010225283995449391
air_10,air,air\air_10.csv,Period_II,Day 5,5,Period II Day 5,batch2,new,1.0,0.02564102564102564,9.167583582713e-06,0.0,0.0006893769961310563,0.0,0.028851336337400543,0.0,1.0,0.00423728813559322,0.001,0.0,0.01,0.0,0.1,0.0,1.0,0.004784688995215311,3.258028292874948e-05,0.0,0.002294453675830247,0.0,0.05086347554948696,0.0,4.0,0.016260162601626018,0.0028623964360655874,-0.0002805390403399343,0.02440140104558198,-0.012695010440700219,0.16949349164203403,-0.15101580642657308,2.0,0.04878048780487805,0.001,-3.88574539819434e-05,0.01002190106485761,-0.0019961559479558626,0.10000158187473678,-0.0515840833821966,1.0,0.0625,0.001,-2.493921822264338e-05,0.01,-0.0011796144213001916,0.1,-0.031335484960899995
air_9,air,air\air_9.csv,Period_II,Day 5,5,Period II Day 5,batch2,new,1.0,0.03571428571428571,0.00012565554970654668,-9.413980073993587e-05,0.005387744118924569,-0.004332922121902599,0.08969583216403662,-0.09286464104609715,3.0,0.014084507042253521,0.001,-9.652487881374081e-05,0.01,-0.005096819800302865,0.1,-0.09947788582465625,2.0,0.0111731843575419,0.001,-0.001,0.01,-0.01,0.1,-0.1,9.0,0.038461538461538464,0.003,-0.002966534549004996,0.03,-0.025467230797516036,0.30000000000000004,-0.2202567922577499,2.0,0.06666666666666667,0.0001758795783896312,-0.001,0.008207401596048167,-0.01,0.10007515949248087,-0.1,0.0,0.0,0.0,0.0,0.0,0.0,0.0,0.0
air_11,air,air\air_11.csv,Period_II,Day 6,6,Period II Day 6,batch2,new,1.0,0.02564102564102564,0.001,-0.001,0.01,-0.01,0.1,-0.1,2.0,0.008583690987124463,0.0017855905668176996,-9.121550611949762e-05,0.011206042095566164,-0.004610382297451341,0.10000032116358527,-0.09128283105217594,2.0,0.009569377990430622,0.0010400630023799167,-4.4351581441407265e-05,0.011304818556733208,-0.002930834408268211,0.10025105099217814,-0.08401249857491815,3.0,0.012396694214876033,0.002752169298483563,-0.00012496249190009016,0.020033725733963784,-0.005822289320030774,0.1564099894089045,-0.1305223777497092,1.0,0.023809523809523808,0.001,-0.0001363032636606951,0.01,-0.006624793895056257,0.1,-0.09835012684359026,1.0,0.05555555555555555,2.9622885830056424e-05,0.0,0.0015882083265406095,0.0,0.042659753400999985,0.0
air_12,air,air\air_12.csv,Period_II,Day 6,6,Period II Day 6,batch2,new,1.0,0.04,0.001,0.0,0.01,0.0,0.1,0.0,2.0,0.01015228426395939,0.001,-6.857321734946768e-05,0.01,-0.0037811450205674337,0.1,-0.06067115770361049,1.0,0.005780346820809248,0.0003459905139162379,-1.039281570067792e-05,0.009768325544043818,-0.0007538434588518651,0.09999999999989334,-0.04676686995463067,4.0,0.018779342723004695,0.0019990010000000002,-9.96009984017155e-06,0.019901000000000002,-0.007447107716880199,0.20526297765405574,-0.10526315740179859,1.0,0.04,1.0559047178525455e-05,-0.001,0.0007200896661328955,-0.01,0.027824587133109313,-0.1,1.0,0.07142857142857142,0.001,-4.845387242892766e-06,0.01,-0.00037170994607553,0.1,-0.016560999999999992
air_13,air,air\air_13.csv,Period_II,Day 6,6,Period II Day 6,batch2,new,1.0,0.030303030303030304,0.00015632565462851754,-0.0001551788805841148,0.0062784101895145186,-0.007519957177251136,0.09889553256181977,-0.09758009392333028,2.0,0.009302325581395349,0.00033237627081014656,-4.276975645543075e-05,0.009845608312292541,-0.0028750264209063065,0.10699616169566753,-0.057406090986385674,2.0,0.009950248756218905,0.001,-9.999999999999159e-07,0.01,-9.99999999999994e-05,0.10348564597445571,-0.009999999999999995,4.0,0.018018018018018018,0.0020782002498757417,-0.0010696332687069087,0.018615931823067974,-0.013932810462078574,0.14486211800948784,-0.14273400408714992,2.0,0.05555555555555555,0.0010732192915915142,-0.001,0.013160494653141052,-0.01,0.11303912025220243,-0.1,0.0,0.0,0.0,0.0,0.0,0.0,0.0,0.0
air_14,air,air\air_14.csv,Period_II,Day 8,8,Period II Day 8,batch2,new,1.0,0.022222222222222223,0.001,-0.00012314054117426262,0.01,-0.006493335494432808,0.1,-0.09481836526680748,1.0,0.00425531914893617,6.99298749093992e-05,-5.414822099722872e-05,0.003765969760700396,-0.004083078943082735,0.052630528220172924,-0.09219996103704524,2.0,0.009259259259259259,0.001,-1.4721300398423242e-05,0.010012126060159195,-0.0012485955877292593,0.1000000261566095,-0.04852576615294943,3.0,0.011673151750972763,0.0019970089870109953,-0.0010394026202495952,0.01970887109501,-0.012821017578844667,0.1778051,-0.15262226503445114,1.0,0.023255813953488372,2.6129141009221396e-05,-7.575562962639588e-05,0.0015717616251007902,-0.0053211478577384315,0.04365040352857593,-0.09899684964636402,1.0,0.05263157894736842,0.001,-9.999999999999159e-07,0.01,-9.99999999999994e-05,0.1,-0.009999999999999995
air_15,air,air\air_15.csv,Period_II,Day 8,8,Period II Day 8,batch2,new,1.0,0.02,0.000249637490210749,-0.001,0.008457908967214088,-0.01,0.09988344481990089,-0.1,2.0,0.008264462809917356,0.001,-0.001,0.01,-0.01,0.1,-0.1,1.0,0.0045662100456621,3.624507319964303e-05,-0.001,0.0017929882772408264,-0.01,0.046370949851170525,-0.1,4.0,0.014652014652014652,0.0019767426614573126,-0.0029498409585658096,0.01822092156025117,-0.025665570941062473,0.15644333508225547,-0.2,1.0,0.02040816326530612,0.00020857874710749323,-0.001,0.006286588612833124,-0.01,0.09739015571005429,-0.1,0.0,0.0,0.0,0.0,0.0,0.0,0.0,0.0
reference_9,air,air\reference_9.csv,Period_II,Day 8,8,Period II Day 8,batch2,reference_as_air,2.0,0.043478260869565216,0.001,-0.001,0.01,-0.01,0.1,-0.1,2.0,0.008438818565400843,1.5763805527936473e-05,-0.001,0.0013866336218052479,-0.01,0.07779703575252943,-0.1,2.0,0.009174311926605505,1.5679448366908485e-05,-0.001,0.0013224397971099214,-0.01,0.057430810976966,-0.1,4.0,0.01532567049808429,7.976043952031501e-06,-0.001026333289397897,0.0007764352318802015,-0.012116628298316922,0.09735602587504319,-0.15445840231510496,1.0,0.022222222222222223,5.036558839394546e-05,-9.999999999999159e-07,0.003862683296588251,-9.99999999999994e-05,0.09541455613024366,-0.009999999999999995,1.0,0.05263157894736842,3.04362256381231e-05,-4.3437543150191826e-05,0.0020744836289786697,-0.0032382852402087587,0.05003353705852645,-0.07716093416483732
air_16,air,air\air_16.csv,Period_II,Day 9,9,Period II Day 9,batch2,new,1.0,0.017543859649122806,1.760268703517292e-05,-0.001,0.0014811129278156938,-0.01,0.05776302840427146,-0.1,1.0,0.004016064257028112,0.001,-5.0552637437929955e-05,0.01,-0.0034611412274019853,0.1,-0.07838484826635764,1.0,0.004347826086956522,0.001,-7.841726352923717e-05,0.01,-0.004886230355356981,0.1,-0.09835022912951889,4.0,0.0136986301369863,0.002853627257392828,-0.0019532986037789713,0.020373958855028466,-0.01687271800274716,0.2,-0.15263267580533632,2.0,0.034482758620689655,0.001,-0.001,0.01,-0.01,0.1,-0.1,0.0,0.0,0.0,0.0,0.0,0.0,0.0,0.0
air_17,air,air\air_17.csv,Period_II,Day 9,9,Period II Day 9,batch2,new,1.0,0.023255813953488372,3.953800093113005e-05,-0.0001318526246867239,0.002459089231464649,-0.007321488573243232,0.051195879695390814,-0.09999605616463761,2.0,0.008888888888888889,0.0010169054294003623,-0.00013820976615874921,0.0108233413343349,-0.00770688595283988,0.10003721145525245,-0.10026707177739919,1.0,0.004807692307692308,0.00011891982729337355,-8.376798985282904e-05,0.004541454552910492,-0.004761102579206803,0.052631578945472754,-0.08531671874050129,4.0,0.015267175572519083,0.002912489017667574,-1.2940189600590783e-05,0.02600191311764662,-0.00841453971333196,0.20779097681705097,-0.19888459421356863,1.0,0.022222222222222223,0.00010655754575472143,-9.570426913299427e-05,0.004200348956870352,-0.005350493238979108,0.05263079684653876,-0.0912304688822699,1.0,0.05555555555555555,0.001,-5.666949786640703e-06,0.01,-0.00036529984881946385,0.1,-0.015144256379286125
alcohol_11,alcohol,alcohol\alcohol_11.csv,Period_II,Day 3,3,Period II Day 3,batch2,new,13.0,0.2765957446808511,0.012691993139671277,-0.0038620164778246555,0.10450102865973117,-0.028200952295022425,0.5920740250391,-0.16981814160217246,6.0,0.023346303501945526,0.004899406274613235,-0.001961227991509497,0.04176705170190518,-0.016495921270355988,0.3610000000000001,-0.10901218660849563,2.0,0.00975609756097561,0.001998001,-0.0010009684910757596,0.019801,-0.010072498033595785,0.18100000000000002,-0.10034336838202926,6.0,0.023809523809523808,0.004902795523215453,-0.007663975869889477,0.04170254940521008,-0.05430758878407413,0.21159116186581,-0.18355987584304484,21.0,0.4375,0.019503020001578254,-0.0075358894245200906,0.1594972622824087,-0.051003459575941906,1.1958259749609002,-0.2199702053523432,1.0,0.07692307692307693,1.098576910341445e-05,-0.001,0.0005655396041900143,-0.01,0.022072968999999984,-0.1
alcohol_12,alcohol,alcohol\alcohol_12.csv,Period_II,Day 3,3,Period II Day 3,batch2,new,16.0,0.34782608695652173,0.01477049194704795,-0.005551275898020653,0.12989031656788977,-0.0372071517563845,0.7353796306066753,-0.16572400654457767,8.0,0.03125,0.006879855491657462,-0.001972130480633352,0.05949987406838704,-0.01738673009850076,0.3195475366177976,-0.11219803959652142,3.0,0.014563106796116505,0.0029820728242796924,-0.0010018891352072306,0.028271267694367247,-0.010112786734102503,0.18100000000000002,-0.10004957458684416,7.0,0.028225806451612902,0.005898087766970648,-0.003926238071683232,0.05073220861357963,-0.03281117035319181,0.29613844744133355,-0.2171437628530063,21.0,0.4375,0.02053872337701293,-0.005556438159240121,0.1782774654639597,-0.03621745641274191,1.0153220980536455,-0.16253241366226523,1.0,0.07692307692307693,0.001,-5.523578539905769e-06,0.01,-0.0003156964033216459,0.1,-0.011081843000455921
alcohol_13,alcohol,alcohol\alcohol_13.csv,Period_II,Day 3,3,Period II Day 3,batch2,new,13.0,0.3170731707317073,0.012931354607849218,-0.002881534716498107,0.12344241801995375,-0.020470583314435138,0.8582366517674871,-0.12556242491742228,10.0,0.04065040650406504,0.009941361089383226,-0.0019960907322003406,0.0944446198427347,-0.01817741514763098,0.6681306546809862,-0.11179883819982848,4.0,0.019801980198019802,0.003959407108633128,-0.0019057981794007215,0.03628243515325054,-0.013734526906875426,0.21709677117251672,-0.10135539148999283,7.0,0.030042918454935622,0.006928575338500884,-0.004777703032598816,0.06334406293134251,-0.03361685865456993,0.3280957522526027,-0.17371000000000003,24.0,0.5581395348837209,0.02385284968997536,-0.004326271731814654,0.22602077414829636,-0.02952101960608295,1.5197400789755797,-0.17461591960384568,1.0,0.08333333333333333,1.9513122202182483e-05,-0.001,0.0009265670356604985,-0.01,0.023495093972187867,-0.1
alcohol_14,alcohol,alcohol\alcohol_14.csv,Period_II,Day 3,3,Period II Day 3,batch2,new,24.0,0.5853658536585366,0.02282574625992107,-0.0028108788164024007,0.21323060846841882,-0.017885368360267093,1.1937351985843094,-0.11137921964567458,14.0,0.056910569105691054,0.012908387930909145,-0.0010097560930434786,0.1211784792384596,-0.01078165982489374,0.7149960233373062,-0.10876880444318837,5.0,0.024390243902439025,0.003971133663246577,-0.001063269883710129,0.03723065600997472,-0.013047368992967155,0.23662114650100002,-0.10178400137830866,12.0,0.04918032786885246,0.009928248357773081,-0.0037906008976157906,0.0930507991221271,-0.026002441622952135,0.5128785210840451,-0.16332254827522125,29.0,0.6904761904761905,0.027720692071452845,-0.0028678065627309613,0.25353151531966517,-0.02023220789194153,1.2510504785010002,-0.11504178072754943,0.0,0.0,0.0,0.0,0.0,0.0,0.0,0.0
alcohol_15,alcohol,alcohol\alcohol_15.csv,Period_II,Day 3,3,Period II Day 3,batch2,new,9.0,0.225,0.007503930488216512,-0.006435902542802799,0.05512190229168597,-0.04171687675768873,0.31978331405532656,-0.17723284850270926,6.0,0.02459016393442623,0.005624032908211354,-0.00467366509916142,0.03674485001607183,-0.032183855349397,0.24368212935171576,-0.14160777075458297,3.0,0.014705882352941176,0.0027428162831854286,-0.0028997288891901164,0.017476914203400244,-0.0220279686739694,0.11181290542871089,-0.11294071382433508,7.0,0.028688524590163935,0.006834053242549856,-0.0056073914018413265,0.05583565851600389,-0.03434533968577624,0.3080190429998245,-0.2,16.0,0.38095238095238093,0.01583598330170198,-0.005673541161164104,0.1444508733402304,-0.038919834430619436,0.99513838,-0.21286052822599122,0.0,0.0,0.0,0.0,0.0,0.0,0.0,0.0
alcohol_16,alcohol,alcohol\alcohol_16.csv,Period_II,Day 4,4,Period II Day 4,batch2,new,14.0,0.358974358974359,0.0135382859951395,-0.002829432408040295,0.10956735165934293,-0.018496739050745503,0.6650668485988245,-0.11017718175577657,9.0,0.03557312252964427,0.008937339889395338,-0.0027205641392827867,0.08403010627496232,-0.01843028339161036,0.6339000000000001,-0.11686248371855176,4.0,0.020202020202020204,0.0029840374164057993,-0.001,0.02844077208583002,-0.01,0.20349116186581004,-0.1,9.0,0.034482758620689655,0.007796696789980343,-0.0046012773171575025,0.06261764178738957,-0.030106068075523643,0.3488113317855811,-0.1732410874219381,19.0,0.4523809523809524,0.018375923094501874,-0.001897842400342515,0.15615482730169766,-0.01346685981334451,0.9117634948298581,-0.10000321341796017,1.0,0.06666666666666667,0.001,-2.90893315176813e-06,0.01,-0.00023003945366198778,0.1,-0.01150427624933531
alcohol_17,alcohol,alcohol\alcohol_17.csv,Period_II,Day 4,4,Period II Day 4,batch2,new,9.0,0.21951219512195122,0.0089700638782137,-0.0010211289450237117,0.0870628011021262,-0.011470274759242583,0.653668233499,-0.10439401601698928,8.0,0.03162055335968379,0.0069760399610279845,-0.0010009801888648294,0.06763961278405989,-0.010081790693759723,0.5437100000000001,-0.1012157665459057,3.0,0.015,0.002995003999,-0.001,0.02950399,-0.01,0.2539,-0.1,5.0,0.019157088122605363,0.003997978090801296,-0.002963182538334888,0.03977889039288378,-0.026578403365368194,0.365376866501,-0.17280288930162893,13.0,0.3023255813953488,0.012951102844191802,-0.001972377664422347,0.12520145900655083,-0.017549479977183684,0.8991397161100001,-0.10540857164947166,1.0,0.06666666666666667,9.979665002641299e-06,-0.001,0.000534196832211356,-0.01,0.01980594213707393,-0.1
alcohol_18,alcohol,alcohol\alcohol_18.csv,Period_II,Day 4,4,Period II Day 4,batch2,new,20.0,0.5,0.019242361614610282,-0.004386172506178109,0.1582524641053456,-0.025767212546831578,0.9351717308730849,-0.1305404824222624,11.0,0.04365079365079365,0.01092526942777132,-0.0026923932124193395,0.10276434651998512,-0.017499524659935182,0.8137,-0.10721704404663936,4.0,0.020100502512562814,0.003981050925064967,-7.261217695036517e-05,0.0381502564670899,-0.0040760090745592175,0.29000000000000004,-0.091597722167265,9.0,0.03474903474903475,0.008678667364967795,-0.003634178498147665,0.07551167279923311,-0.027616012382383617,0.48673368501218506,-0.2,24.0,0.5714285714285714,0.023881384992652018,-0.001891115485335446,0.2284761590617202,-0.01322521952465322,1.5159449953468722,-0.11481743801358185,1.0,0.06666666666666667,4.680525793945237e-06,-0.001,0.0002993023854799357,-0.01,0.013486833619808389,-0.1
alcohol_19,alcohol,alcohol\alcohol_19.csv,Period_II,Day 4,4,Period II Day 4,batch2,new,8.0,0.2,0.007662425173033664,-0.002892075982257055,0.06510885817084136,-0.021513705578848377,0.3974483321208697,-0.12712896089982453,5.0,0.02,0.004979124340730155,-0.0019801976689241166,0.048018645254688894,-0.018186286480682608,0.3691957531121849,-0.11307711444199653,2.0,0.01,0.001999,-0.001,0.0199,-0.01,0.19,-0.1,6.0,0.023166023166023165,0.005957272631526251,-0.00379185200065973,0.05596079704874646,-0.02644121144705511,0.37893590864154203,-0.2,12.0,0.2727272727272727,0.011935210487349857,-0.0019607301872425808,0.11370599135989302,-0.016663810893195633,0.7313123207545039,-0.10964447668985185,0.0,0.0,0.0,-0.001,0.0,-0.01,0.0,-0.1
alcohol_20,alcohol,alcohol\alcohol_20.csv,Period_II,Day 4,4,Period II Day 4,batch2,new,13.0,0.325,0.011745202152807745,-0.004718455806739793,0.09791805644447166,-0.033404483614064166,0.5856219746103062,-0.16164340366334312,7.0,0.028,0.005939363087716562,-0.0019857185898753075,0.05425469947920021,-0.01841343796029623,0.5015911618658101,-0.12592424101072294,2.0,0.009950248756218905,0.002,-0.0017936699151008383,0.02,-0.01098383698064071,0.2,-0.10000000000336383,7.0,0.027131782945736434,0.004941389948012835,-0.0027528361590331714,0.0444876962872943,-0.019822616035630763,0.37766499216596805,-0.16893066724245442,17.0,0.3953488372093023,0.01689731938081325,-0.0039054475114869724,0.1600138806568282,-0.0317391457022532,1.0387721,-0.1730024804803001,0.0,0.0,0.0,0.0,0.0,0.0,0.0,0.0
alcohol_21,alcohol,alcohol\alcohol_21.csv,Period_II,Day 5,5,Period II Day 5,batch2,new,13.0,0.43333333333333335,0.012574514375216464,-0.0027618357236704662,0.09543218618004773,-0.017784555694457284,0.42088645486621246,-0.1078930154958707,8.0,0.03686635944700461,0.007752250555444565,-0.0018105096823181573,0.05996858607150447,-0.011213362451246796,0.32740619180067104,-0.10000000003109556,4.0,0.021739130434782608,0.003918435215540264,-0.001,0.032996332871045655,-0.01,0.17561000000000002,-0.1,10.0,0.04149377593360996,0.009729704344661964,-0.0029920319320919206,0.07740908416901537,-0.0292313291204386,0.35397540754189116,-0.246044262,27.0,0.84375,0.026090533399442752,-0.0019260932529855605,0.21066916285095952,-0.014741709594750615,1.126100421920712,-0.10039920726482295,1.0,0.05263157894736842,0.001,-0.001,0.01,-0.01,0.1,-0.1
alcohol_22,alcohol,alcohol\alcohol_22.csv,Period_II,Day 5,5,Period II Day 5,batch2,new,14.0,0.4666666666666667,0.013579361650181553,-0.003805111538789161,0.10491167752237207,-0.025555736752758997,0.5718069543207711,-0.12330308850187878,9.0,0.041666666666666664,0.008723908453865718,-0.003551449033997862,0.07183924993501012,-0.023156846898597323,0.5460098201491,-0.11714217655493452,3.0,0.016304347826086956,0.0029448571398931287,-0.001,0.02518308267788793,-0.01,0.18100000000000002,-0.1,6.0,0.02531645569620253,0.0058840768968730734,-0.0055778564284810535,0.05006283406097993,-0.03898198081493222,0.29793590864154207,-0.21356014459423156,18.0,0.5806451612903226,0.01762356451713675,-0.003791970241872807,0.14688533485434346,-0.025238339075812948,0.6067190429998246,-0.1282429536481,0.0,0.0,0.0,0.0,0.0,0.0,0.0,0.0
alcohol_23,alcohol,alcohol\alcohol_23.csv,Period_II,Day 5,5,Period II Day 5,batch2,new,36.0,1.2413793103448276,0.03347307461504672,-0.005905068693126244,0.2231058569878113,-0.05045864389465691,1.0879341547020196,-0.35808442587395617,23.0,0.11004784688995216,0.0204220520304852,-0.003155131486822568,0.14648024811501567,-0.03793082569414843,0.8551397576167405,-0.2760965299087804,7.0,0.038461538461538464,0.006583437576065618,-0.0010732946436070295,0.051212178173911355,-0.014739708018569296,0.31109381961139826,-0.13831176515837384,14.0,0.06167400881057269,0.011305732628784218,-0.004123499303451822,0.08686706054232492,-0.043217256374266017,0.43426192260031593,-0.29246700762063654,29.0,1.0,0.026370232951917906,-0.007917767596405112,0.20958104448187156,-0.06500318298596999,1.2274134776159993,-0.44905566843210254,1.0,0.05263157894736842,0.001,-3.862674803606326e-05,0.01,-0.0028876492993457235,0.1,-0.08856699600344564
alcohol_24,alcohol,alcohol\alcohol_24.csv,Period_II,Day 5,5,Period II Day 5,batch2,new,10.0,0.2564102564102564,0.009711209284388213,-0.004580035458310955,0.08589672005410987,-0.029906575461043312,0.5869000000000001,-0.13739119718232704,7.0,0.029661016949152543,0.0069412652763233005,-0.0028610657451627157,0.06435888081450836,-0.020297762464254958,0.4800000000000001,-0.10689364050353894,3.0,0.014354066985645933,0.001999979110660704,-0.001974971377075743,0.019980076694672493,-0.016642865243931167,0.18731107976581002,-0.10456877035384822,8.0,0.03278688524590164,0.005910966807918823,-0.004682048284270903,0.0519199193708699,-0.02998730480885959,0.31259752148252,-0.17030688717086004,10.0,0.24390243902439024,0.009743618605034126,-0.0036987441883545432,0.07805344083705774,-0.024564309760430426,0.5719231000000001,-0.11472707122758993,1.0,0.0625,0.001,-2.851709294284877e-06,0.01,-0.0001980100000000002,0.1,-0.01809999999999999
alcohol_25,alcohol,alcohol\alcohol_25.csv,Period_II,Day 5,5,Period II Day 5,batch2,new,7.0,0.18421052631578946,0.005778364509354137,-0.0038040128963697435,0.04257699474519752,-0.02577400328287044,0.22117410188958844,-0.12522438376046036,4.0,0.01702127659574468,0.0038534687863224066,-0.0035222412325521418,0.02865124876131927,-0.02400100131272989,0.16894367618329004,-0.11500946352969993,3.0,0.014423076923076924,0.0028892347221914807,-0.0018629216256874415,0.021346366103662855,-0.01330276296901152,0.13167798685596102,-0.10261726548697071,6.0,0.024691358024691357,0.005580506146775014,-0.005379222444161621,0.03723169106635024,-0.03901052805889238,0.21269576571115753,-0.18683706081558143,7.0,0.175,0.006917757873662133,-0.0037548096971527626,0.06241404053951942,-0.026002800193941675,0.3043069943434794,-0.1282429536481,1.0,0.0625,0.001,-1.919392615030947e-06,0.01,-0.0001429889013523887,0.1,-0.010001433411197955
alcohol_26,alcohol,alcohol\alcohol_26.csv,Period_II,Day 6,6,Period II Day 6,batch2,new,8.0,0.20512820512820512,0.006672251094461679,-0.003536236414860652,0.046889116855673964,-0.021267439544634205,0.2426983784838745,-0.1282429536481,5.0,0.021367521367521368,0.004770676648421145,-0.001928640099402265,0.03415663072154905,-0.014754840892925924,0.17813950070719525,-0.10004248523468079,2.0,0.009523809523809525,0.0019900518115199013,-0.0018993913389939122,0.019050161016553435,-0.013451640327764235,0.13736674921077102,-0.1000016445415789,7.0,0.028925619834710745,0.005704486440888844,-0.0029607206188639866,0.03900182690446341,-0.02609268376040797,0.20286684374145086,-0.1599764624665623,8.0,0.19047619047619047,0.00759217074576855,-0.0038131344828378944,0.052505190276086786,-0.02629292039445867,0.3065924708939213,-0.11911726914732236,1.0,0.05263157894736842,0.001,-3.0425158297625815e-05,0.01,-0.001394990857935336,0.1,-0.04765536840814749
alcohol_27,alcohol,alcohol\alcohol_27.csv,Period_II,Day 6,6,Period II Day 6,batch2,new,19.0,0.59375,0.01818553486634631,-0.007175695808384353,0.14284404503680556,-0.047137771910395615,0.6994963818300335,-0.17392471856496106,10.0,0.044444444444444446,0.008910534085262208,-0.0047619022161668745,0.08151723187610194,-0.033463407731352826,0.5116655565010001,-0.20275182100000005,4.0,0.021505376344086023,0.002996991039925085,-0.001993021959049959,0.029691392584382893,-0.019321594959219302,0.26432908210000006,-0.14836113100000003,9.0,0.036290322580645164,0.0077564183489132665,-0.005581288567760206,0.061938572753526586,-0.035708820110022896,0.38721718125154914,-0.24932000000000004,15.0,0.42857142857142855,0.014809383339236214,-0.006179134973181809,0.1321254291614311,-0.04125760629821185,0.7721641000000001,-0.16707163198425606,0.0,0.0,0.0,0.0,0.0,0.0,0.0,0.0
alcohol_28,alcohol,alcohol\alcohol_28.csv,Period_II,Day 6,6,Period II Day 6,batch2,new,9.0,0.34615384615384615,0.008041189228786843,-0.005533865251494254,0.05770156407953362,-0.03154665164598532,0.20854184130456102,-0.13732940195974652,7.0,0.034653465346534656,0.0054509444318508035,-0.0028573942086670906,0.04207045735825952,-0.020140111928879288,0.213462194401,-0.13825865155582953,4.0,0.022727272727272728,0.00368195455929076,-0.0019122946545644963,0.025275477752873008,-0.014081222959167788,0.12162900178548616,-0.11290343111130612,8.0,0.036036036036036036,0.0058663125782297725,-0.0038967560162112115,0.048517330720616536,-0.03144445299905571,0.2728566125542717,-0.21627763179715923,11.0,0.4074074074074074,0.008844358916914478,-0.006085969860439905,0.0654974776059793,-0.03430915488531509,0.278372311210892,-0.15587763746505975,1.0,0.06666666666666667,0.001,-0.001,0.01,-0.01,0.1,-0.1
alcohol_29,alcohol,alcohol\alcohol_29.csv,Period_II,Day 6,6,Period II Day 6,batch2,new,10.0,0.38461538461538464,0.009660238607473184,-0.0053180966622918225,0.08595605107540423,-0.029351745002266547,0.6019217562314271,-0.12752505566040817,10.0,0.04926108374384237,0.008961087099526897,-0.005379222048044901,0.08618786786243568,-0.03258423532119421,0.596940593473128,-0.14812094767060335,5.0,0.028409090909090908,0.003982057884139917,-0.0019233513572705116,0.03825685391680822,-0.014815610697995831,0.267715759411,-0.10865259396698232,7.0,0.03125,0.006875616675958909,-0.00552135298015865,0.058896104978602426,-0.03438504399926263,0.33943983913436976,-0.21370836737086157,12.0,0.42857142857142855,0.011928278267360159,-0.0036714420541244727,0.11307179437828364,-0.02110277840871624,0.6975512122771,-0.12151191835974955,1.0,0.06666666666666667,0.001,-3.6862861822258442e-06,0.01,-0.00022660144205267387,0.1,-0.011215766545905684
alcohol_30,alcohol,alcohol\alcohol_30.csv,Period_II,Day 6,6,Period II Day 6,batch2,new,9.0,0.34615384615384615,0.008790461041354738,-0.003753487658322889,0.07181017716790244,-0.023337061013551985,0.3399224466844174,-0.11653839201879922,7.0,0.03482587064676617,0.006838745501442106,-0.0028997596308039954,0.056050574973486825,-0.022099199624180096,0.31065228729284555,-0.12818051310507772,4.0,0.022857142857142857,0.002968260096362291,-0.0019811652316067147,0.027058382240815852,-0.018258387636767542,0.15820573886314704,-0.11380927668704209,6.0,0.027149321266968326,0.003998522346325755,-0.0038367955264411047,0.03950485186788378,-0.029134549234931067,0.3078741876793675,-0.22399169267271174,10.0,0.37037037037037035,0.00877262172217708,-0.0038327236616007535,0.07128757216862887,-0.02699890923462934,0.36581922013361023,-0.1391159867905351,0.0,0.0,0.0,0.0,0.0,0.0,0.0,0.0
alcohol_31,alcohol,alcohol\alcohol_31.csv,Period_II,Day 6,6,Period II Day 6,batch2,new,14.0,0.4827586206896552,0.013716261410567112,-0.004675318118666763,0.1150826951459497,-0.028434631216941557,0.48736795432077107,-0.147350711412935,11.0,0.05392156862745098,0.010772793053556766,-0.00285952276958467,0.0903371734664225,-0.019826317711745464,0.6951188381341901,-0.12765093222796373,4.0,0.021739130434782608,0.00398506975062984,-0.0019249265277164153,0.038567561954738046,-0.014565417285563837,0.30029286317329,-0.10531441,9.0,0.04186046511627907,0.00843321877375812,-0.004753842949943401,0.05914836299476059,-0.03432386873637634,0.33971982014910007,-0.2,12.0,0.41379310344827586,0.011721313117767408,-0.0044999843606755964,0.09562403044618559,-0.029497148448329666,0.46126795432077106,-0.16051411967046314,0.0,0.0,0.0,0.0,0.0,0.0,0.0,0.0
alcohol_32,alcohol,alcohol\alcohol_32.csv,Period_II,Day 6,6,Period II Day 6,batch2,new,15.0,0.4166666666666667,0.013749425389893755,-0.004735887346949961,0.11775905613480599,-0.03103769606046531,0.5352257720546619,-0.14782969,11.0,0.0502283105022831,0.009830411123062977,-0.0019742944048348854,0.08501852458878206,-0.017679956162077938,0.45273528205466185,-0.10563604943794033,4.0,0.01951219512195122,0.0029979394045049324,-0.0018426615963374423,0.029742913961867644,-0.01177700189310133,0.24786796726105798,-0.1051617545078638,10.0,0.04504504504504504,0.00854495769390972,-0.004687930521880242,0.06893133212505081,-0.030499641577188204,0.352829861300158,-0.1649294455689928,17.0,0.4594594594594595,0.01668752263439269,-0.005235642992051974,0.14245086473734553,-0.032450627222938615,0.7793670000000001,-0.14933185583747924,1.0,0.07142857142857142,0.001,-0.001,0.01,-0.01,0.1,-0.1
alcohol_33,alcohol,alcohol\alcohol_33.csv,Period_II,Day 7,7,Period II Day 7,batch2,new,18.0,0.46153846153846156,0.016661510454290592,-0.008407512263085025,0.13986047625577058,-0.052904356751387986,0.7241277499468395,-0.20216875342754945,9.0,0.0391304347826087,0.008900078397109086,-0.003851061819720784,0.08091327430668589,-0.028163971563154706,0.48390297014427175,-0.1360344101491,4.0,0.019704433497536946,0.002970224715423073,-0.0027194104382232856,0.027221382764902796,-0.018262520752117317,0.19767884111130613,-0.11365861181202694,7.0,0.027888446215139442,0.0057483380446428645,-0.004679851068801434,0.042547164726389704,-0.030516373557946487,0.2894888411113061,-0.17772153046869546,13.0,0.325,0.012317185829770087,-0.007822093386682515,0.10390373253511237,-0.04899676081717717,0.6712372000000001,-0.2224386000833618,0.0,0.0,0.0,0.0,0.0,0.0,0.0,0.0
alcohol_34,alcohol,alcohol\alcohol_34.csv,Period_II,Day 7,7,Period II Day 7,batch2,new,15.0,0.35714285714285715,0.014154225790295388,-0.005623424661732272,0.08931972057960669,-0.03574303269557734,0.48542504792299,-0.1522456266908233,6.0,0.02575107296137339,0.00474615760467869,-0.0028717936573368083,0.03942115140065751,-0.020564427508805168,0.32474153061960254,-0.11826386915208262,3.0,0.014423076923076924,0.001997895321156172,-0.0019314716305073721,0.01970645138675886,-0.01492136583911417,0.14813060924331592,-0.10008525727840845,6.0,0.024,0.004975102912905354,-0.004811883901543193,0.047601955424863354,-0.03599448565697476,0.33471935383827806,-0.179696454330604,20.0,0.4878048780487805,0.019858839550337903,-0.0038362508210918614,0.1866094125040805,-0.027471173681373515,1.1604236015282208,-0.13192853264706017,1.0,0.041666666666666664,0.001,0.0,0.01,0.0,0.1,0.0
alcohol_35,alcohol,alcohol\alcohol_35.csv,Period_II,Day 7,7,Period II Day 7,batch2,new,20.0,0.46511627906976744,0.01963364696367051,-0.01049956186917209,0.1760584911240812,-0.06518704626736273,0.9441841628167795,-0.2544622488785464,10.0,0.042735042735042736,0.00991453237288389,-0.0038713246125218438,0.09190967507576833,-0.029648217649956697,0.49114577629383194,-0.14331321554434795,5.0,0.023923444976076555,0.004955297460448257,-0.0019531281045131635,0.045784165777527426,-0.01618435718273736,0.26742788113401456,-0.10126389594679833,8.0,0.031746031746031744,0.007856726244606514,-0.00446183336363094,0.06710193258054217,-0.031508763345499506,0.3398556361757511,-0.173724094821381,22.0,0.5238095238095238,0.02182095099694642,-0.009080633006550792,0.20291627044548763,-0.05938833362907892,1.0759967610867418,-0.25848197734322365,1.0,0.041666666666666664,0.001,0.0,0.01,0.0,0.1,0.0
alcohol_36,alcohol,alcohol\alcohol_36.csv,Period_II,Day 8,8,Period II Day 8,batch2,new,14.0,0.28,0.01292223659733515,-0.0019722740715695944,0.12243300363901244,-0.01631890236522652,0.8977636721000002,-0.11738266021775268,6.0,0.02459016393442623,0.005992006996001,-0.001004330906143743,0.05920696010000001,-0.010118209477785037,0.52661,-0.10000001501193488,3.0,0.013452914798206279,0.002994010986010995,-0.001,0.029410861095010003,-0.01,0.2497051,-0.1,5.0,0.018315018315018316,0.003000866186927118,-0.0010068949859134999,0.029976342074926825,-0.010603335255962066,0.2504968075322573,-0.13428008210000003,14.0,0.28,0.013919242560542517,-0.001024077711545482,0.13213865382209544,-0.011718406967060413,1.0287741000000001,-0.10664565818440858,0.0,0.0,0.0,0.0,0.0,0.0,0.0,0.0
alcohol_37,alcohol,alcohol\alcohol_37.csv,Period_II,Day 8,8,Period II Day 8,batch2,new,12.0,0.23076923076923078,0.011836275514101099,-0.0038296265189031848,0.10471924864837939,-0.027029371356352472,0.7038008210000002,-0.11852305204900923,5.0,0.02032520325203252,0.004986032941070944,-0.0010037182768152923,0.0486324170442792,-0.010192105084704988,0.387756721,-0.10001878195487512,3.0,0.013392857142857142,0.0029781729794660567,-0.001,0.027964183503808637,-0.01,0.18456486684177073,-0.1,5.0,0.018115942028985508,0.004853438066154984,-0.0036411685656746098,0.038012056158923724,-0.024995392466740263,0.2607011383925408,-0.2,12.0,0.23529411764705882,0.011596191349867634,-0.0036454040273355684,0.0878355145740799,-0.02435905627627731,0.7115347900000001,-0.12061402099056635,0.0,0.0,0.0,0.0,0.0,0.0,0.0,0.0
alcohol_38,alcohol,alcohol\alcohol_38.csv,Period_II,Day 8,8,Period II Day 8,batch2,new,15.0,0.3333333333333333,0.013839118131861866,-0.00383726569823527,0.12487538805305777,-0.02753802551741865,0.6232923252270338,-0.12411039101218486,7.0,0.029661016949152543,0.005933479810412291,-0.0010047713122999231,0.05376067320267219,-0.010312606696740114,0.3036318042366731,-0.10038853752816966,3.0,0.014018691588785047,0.002972196097977599,-0.001001914003719262,0.027388241225644337,-0.010129458153843501,0.17290000000000003,-0.1003707576565288,6.0,0.022058823529411766,0.004927805459504586,-0.002044149537226535,0.0434576743636768,-0.022510789865199547,0.2715685947078582,-0.17691109014595616,14.0,0.3111111111111111,0.012909358245008388,-0.0036239312180494573,0.12125145634274462,-0.022881330325367297,0.6888643104343479,-0.12132260479859841,0.0,0.0,0.0,0.0,0.0,0.0,0.0,0.0
alcohol_39,alcohol,alcohol\alcohol_39.csv,Period_II,Day 9,9,Period II Day 9,batch2,new,12.0,0.21052631578947367,0.011984006999,-0.005347185505789453,0.11840699,-0.03481444295090705,1.0469000000000002,-0.18633353649015005,5.0,0.020080321285140562,0.004996001,-0.0028731688263790903,0.049601000000000006,-0.020372622098867366,0.4610000000000001,-0.13917251611000003,3.0,0.013043478260869565,0.0019979801524184935,-0.0010019702179675455,0.01978147316844851,-0.010172089863316622,0.17072197461030614,-0.10432524171777999,3.0,0.010238907849829351,0.0020069581605807896,-0.0028688967108218264,0.020659568780055385,-0.022313656839853018,0.24059116186581003,-0.15467570260013225,10.0,0.1724137931034483,0.00899596916846617,-0.0027576320157157597,0.08957063765247414,-0.01836927699191241,0.8415541766792292,-0.12403307545905695,0.0,0.0,0.0,-0.001,0.0,-0.01,0.0,-0.1
alcohol_40,alcohol,alcohol\alcohol_40.csv,Period_II,Day 9,9,Period II Day 9,batch2,new,17.0,0.32075471698113206,0.016918256221455142,-0.0070245944484503015,0.16204942947713277,-0.05211974028794257,1.0962373637543283,-0.29643866696506427,7.0,0.02834008097165992,0.006965090864124931,-0.003490675795062458,0.06658965243021969,-0.02666855568602891,0.4507300000000002,-0.14921002718929727,2.0,0.008771929824561403,0.001996005996001,-0.0010029651303337635,0.0196059601,-0.010266328085763094,0.16561000000000003,-0.10774804316443609,4.0,0.013937282229965157,0.003987067692033429,-0.0029189885860428214,0.038765011072281044,-0.022694572517611738,0.31530904299982454,-0.1648021409658461,10.0,0.18181818181818182,0.009976025986003001,-0.003920920544407434,0.0976258603,-0.0353585482167953,0.7846300000000002,-0.2975111850161673,1.0,0.058823529411764705,0.001,-9.316827659231212e-05,0.01,-0.0038452778059129347,0.1,-0.07818193591709605
alcohol_41,alcohol,alcohol\alcohol_41.csv,Period_II,Day 9,9,Period II Day 9,batch2,new,10.0,0.18867924528301888,0.008978010092548363,-0.00467056552179157,0.08781088603546412,-0.030588655946250494,0.6958789113209466,-0.15314410000000003,4.0,0.016194331983805668,0.003992006998,-0.001918493368379121,0.03920698,-0.014264991174694798,0.3268000000000001,-0.10001509860294422,3.0,0.013157894736842105,0.002001982048920086,-0.0018701910746215145,0.02018248208538289,-0.01248027266732975,0.20618008210000002,-0.10000006063213196,4.0,0.013986013986013986,0.0030029482502177884,-0.003765294175330622,0.030250433361332284,-0.026790557083444792,0.29677884111130615,-0.2,10.0,0.18181818181818182,0.009984007999,-0.0028527651956028123,0.09840798999999999,-0.019343058183120605,0.8479000000000001,-0.11915016296404787,0.0,0.0,0.0,0.0,0.0,0.0,0.0,0.0
alcohol_42,alcohol,alcohol\alcohol_42.csv,Period_II,Day 9,9,Period II Day 9,batch2,new,9.0,0.20930232558139536,0.008854509759167854,-0.00784785689117479,0.076721942377975,-0.05090650848630896,0.4661200000000001,-0.1673016463475339,5.0,0.022222222222222223,0.00399996215958079,-0.002901032218668162,0.039963558780055385,-0.022315491187479858,0.3744911618658101,-0.10729360409572403,3.0,0.014423076923076924,0.0020039472502177886,-0.001849871931785406,0.020349433361332284,-0.01261323533174288,0.20577884111130612,-0.10402654138115698,5.0,0.019230769230769232,0.0020168844527982998,-0.003917883591472605,0.021588421870723365,-0.033247322888828215,0.28936881349743004,-0.30000000000000004,9.0,0.2,0.008967056947027992,-0.006484684763175298,0.08675647279201,-0.04104422903748151,0.64441,-0.17371000000000003,0.0,0.0,0.0,0.0,0.0,0.0,0.0,0.0
alcohol_43,alcohol,alcohol\alcohol_43.csv,Period_II,Day 9,9,Period II Day 9,batch2,new,8.0,0.18604651162790697,0.0079392663191367,-0.007679148833692455,0.07416029251024428,-0.04855313909879797,0.6040000000000001,-0.18799393722205576,6.0,0.02666666666666667,0.005995024930129834,-0.0037247202889414857,0.05952431283547093,-0.024195240587503608,0.5691479261100001,-0.12848797348436175,3.0,0.014492753623188406,0.0020009900448802096,-0.0019446531738014031,0.02009043820750088,-0.015690964196426755,0.20348678440100001,-0.10054008727217217,4.0,0.01532567049808429,0.0020109411896005913,-0.00557029637224814,0.021042860585767546,-0.03531838653428239,0.266533733002,-0.30000000000000004,7.0,0.15555555555555556,0.006991004,-0.005512217508545689,0.069104,-0.03709616620045771,0.6140000000000001,-0.1672057101328947,0.0,0.0,0.0,0.0,0.0,0.0,0.0,0.0
acetone_44,acetone,acetone\acetone_44.csv,Period_II,Day 10,10,Period II Day 10,batch3,new,33.0,0.6226415094339622,0.03273512149809556,-0.015481107365286254,0.30657098376124353,-0.10047750325878514,2.150365214829858,-0.37766866501000007,37.0,0.15163934426229508,0.03673899849156272,-0.02462613722289983,0.34477632067221864,-0.15432337041569172,2.1786860910000003,-0.51323027694139,3.0,0.013215859030837005,0.0029890587408727574,-0.0019455458315083935,0.028956485296706913,-0.015716549422657454,0.22988614896072454,-0.10041852521831864,26.0,0.09386281588447654,0.025782074981636864,-0.0197834837378391,0.23914000430373708,-0.11229920897301769,1.39661421114087,-0.4111412773431979,44.0,0.8301886792452831,0.043735807442105895,-0.01995028967041486,0.4142936087116237,-0.1363564630812182,2.9905879900000008,-0.4950242265704191,0.0,0.0,0.0,0.0,0.0,0.0,0.0,0.0
acetone_45,acetone,acetone\acetone_45.csv,Period_II,Day 10,10,Period II Day 10,batch3,new,7.0,0.14,0.006875298426535512,-0.006397248979506474,0.05862478541358497,-0.04129628660465948,0.4317031,-0.21260924071628484,10.0,0.04201680672268908,0.008855217531721575,-0.008256607878896502,0.07656892370266852,-0.050661908521087026,0.47360336236900036,-0.21454305065561274,1.0,0.004484304932735426,0.001,-0.001,0.01,-0.01,0.1,-0.1,7.0,0.026119402985074626,0.00597600547704215,-0.004684167910530168,0.057609513975793655,-0.029521982801799795,0.4173859613001579,-0.2,11.0,0.22448979591836735,0.010967043967016993,-0.004784625139039945,0.10674367169401,-0.03590150608521396,0.87761,-0.22916583643215296,1.0,0.0625,9.999999999999159e-07,-0.001,9.99999999999994e-05,-0.01,0.009999999999999995,-0.1
acetone_46,acetone,acetone\acetone_46.csv,Period_II,Day 10,10,Period II Day 10,batch3,new,14.0,0.30434782608695654,0.013938126857092968,-0.005977659454348123,0.13392557926705,-0.040056748344090225,0.97975,-0.1929737774838124,18.0,0.07792207792207792,0.017923159806147924,-0.010371498562865542,0.1724580747252693,-0.0669364907727672,1.2123551000000001,-0.2462768709394009,3.0,0.013824884792626729,0.002987047864299504,-8.35766769694328e-05,0.028746669509045066,-0.005316588169239684,0.20695882014910003,-0.09719483282830355,9.0,0.03383458646616541,0.008958145482762036,-0.006561323098091755,0.08594098183397264,-0.042169467348874,0.6021390429998246,-0.23635703266212696,14.0,0.2857142857142857,0.012971016084622014,-0.006251253454962817,0.127116813096217,-0.040386454068151924,1.0315520892454964,-0.21636553048964685,0.0,0.0,0.0,0.0,0.0,0.0,0.0,0.0
acetone_47,acetone,acetone\acetone_47.csv,Period_II,Day 10,10,Period II Day 10,batch3,new,11.0,0.23404255319148937,0.010809930744865547,-0.008984033883292768,0.09752686029999999,-0.06001634795009578,0.77563,-0.2717675186581,17.0,0.07296137339055794,0.016658854412913933,-0.014176938812850752,0.13911042566749116,-0.08829749985524525,0.916579,-0.33493545746496106,3.0,0.013824884792626729,0.0029418595269682848,-0.0019305066892552568,0.024888614052342585,-0.014854813347764648,0.1560098201491,-0.10005648656226442,13.0,0.04961832061068702,0.012789251622187204,-0.010349421936371164,0.11081206472583598,-0.06021726844850732,0.6175290429998246,-0.25485052626299465,15.0,0.32608695652173914,0.013751760458339042,-0.011592093438236747,0.1270279684149401,-0.07937330728046882,1.02755441,-0.3679695590491001,1.0,0.07142857142857142,9.792662489026098e-06,-0.0001452384463830823,0.0008146422573898793,-0.0060251454582421595,0.0360983311113061,-0.09076269052736241
acetone_48,acetone,acetone\acetone_48.csv,Period_II,Day 11,11,Period II Day 11,batch3,new,7.0,0.1590909090909091,0.0059979671465848795,-0.007411390127824304,0.05976842926682896,-0.05280884343584508,0.5582939397183291,-0.2592639074213614,9.0,0.04017857142857143,0.007978974300986241,-0.01100407558050575,0.07787692060850653,-0.07226130646399936,0.6666092619509001,-0.3046579973795639,2.0,0.009569377990430622,0.001998001,-0.00279488392390219,0.019801,-0.018143072063497603,0.18100000000000002,-0.11060719827736416,4.0,0.016194331983805668,0.002996034817564797,-0.006114547943638647,0.02963322541373517,-0.0453082548946553,0.281323854320771,-0.23888606305572527,3.0,0.06666666666666667,0.0029930089950009997,-0.003971735023832211,0.0293089501,-0.03708222330956257,0.23851000000000003,-0.23597126165198126,0.0,0.0,0.0,0.0,0.0,0.0,0.0,0.0
acetone_49,acetone,acetone\acetone_49.csv,Period_II,Day 11,11,Period II Day 11,batch3,new,18.0,0.42857142857142855,0.01794310575080968,-0.014697756525063069,0.1744035789267289,-0.09615824852370604,1.3524819827181538,-0.3956197505956973,22.0,0.09954751131221719,0.02092810396187528,-0.018999161803758623,0.20290360777582425,-0.11447171534247784,1.5324436838900002,-0.42965205037874643,2.0,0.009615384615384616,0.001998001,-0.002763473350903719,0.019801,-0.018431960848565198,0.18100000000000002,-0.11717935017084544,15.0,0.0625,0.013944150550550392,-0.011093793922811561,0.1345466409850725,-0.06266623139921058,0.957731173120858,-0.33868512615579915,22.0,0.5116279069767442,0.0219441106530705,-0.018846819365202723,0.21450762483636784,-0.1320382379231924,1.805343658955961,-0.601597726342903,0.0,0.0,0.0,-0.001,0.0,-0.01,0.0,-0.1
acetone_50,acetone,acetone\acetone_50.csv,Period_II,Day 11,11,Period II Day 11,batch3,new,5.0,0.20833333333333334,0.004987015991002,-0.004773744820715655,0.048715910200000004,-0.03328873674683923,0.38512000000000013,-0.18921753730088142,10.0,0.05555555555555555,0.009968115498833845,-0.0111275050603463,0.09691114884544176,-0.06496216079174351,0.7598845404288579,-0.26063623644707784,3.0,0.01764705882352941,0.0020009642280558303,-0.0039009350826202547,0.020066198074326483,-0.031622994574036625,0.18972610943434795,-0.15193021780915794,6.0,0.02830188679245283,0.0059761223893313635,-0.005812246386395042,0.05771709729205264,-0.04458397297072863,0.43966430754801145,-0.21677829276739322,8.0,0.27586206896551724,0.007978025986003,-0.007694547658958919,0.0778258603,-0.0564874460202554,0.6230000000000001,-0.22450686703785688,1.0,0.08333333333333333,0.001,-0.00012826047638253156,0.01,-0.005113776067741011,0.1,-0.094185026299696
acetone_51,acetone,acetone\acetone_51.csv,Period_II,Day 11,11,Period II Day 11,batch3,new,5.0,0.22727272727272727,0.003992996037925085,-0.0038321827150009633,0.03929637258438289,-0.02702242544064138,0.3291290821000001,-0.13578638871802068,9.0,0.05084745762711865,0.007986955355662604,-0.007279564774014684,0.07865843943844178,-0.051701116256537935,0.6502618613001581,-0.23048238942825,2.0,0.011904761904761904,0.001998001,-0.0019870446122728994,0.019801,-0.01874930756949924,0.18100000000000002,-0.12484118582275075,8.0,0.038461538461538464,0.0059949284404708985,-0.007216554079651287,0.05943227052932554,-0.05341804729046208,0.5101067278011581,-0.2313771601431932,16.0,0.5925925925925926,0.01495406197895208,-0.014260279771381747,0.14546178527938292,-0.09852844178257557,1.0994940821,-0.40852073890000007,0.0,0.0,0.0,0.0,0.0,0.0,0.0,0.0
acetone_52,acetone,acetone\acetone_52.csv,Period_II,Day 12,12,Period II Day 12,batch3,new,12.0,0.2727272727272727,0.01095207427685381,-0.0019603570895376987,0.10527658223144855,-0.016465509775045437,0.7065188602675985,-0.11597592625586133,15.0,0.06726457399103139,0.013848856515797533,-0.002958202824782627,0.12563417418716322,-0.02604293830164056,0.7172533053414236,-0.1421033774027403,4.0,0.019801980198019802,0.001002985036939071,-0.001993808432061852,0.010285363970442793,-0.019244079459392355,0.1181556721,-0.12358296539886568,17.0,0.07112970711297072,0.01393508754213622,-0.003992135917410331,0.13359208608356324,-0.03860725818170993,0.876170102654968,-0.2443460463461357,21.0,0.45652173913043476,0.018918104553357133,-0.001996788884613544,0.18190921637846189,-0.019520618936997976,1.2128867618687666,-0.13045667863477317,1.0,0.09090909090909091,5.1412132270105704e-05,-0.001,0.002458482711202489,-0.01,0.05334444104619865,-0.1
acetone_53,acetone,acetone\acetone_53.csv,Period_II,Day 12,12,Period II Day 12,batch3,new,19.0,0.4634146341463415,0.017946051086625697,-0.006521209595475271,0.1746518331874658,-0.044345855451676054,1.3165670642519,-0.18108563247679715,21.0,0.0963302752293578,0.019931050379029112,-0.0102885099737056,0.19315361828332478,-0.06959820313005662,1.4258176758428132,-0.231533513454961,2.0,0.009950248756218905,0.0019970119451646704,-0.001962697528291657,0.01971146617457413,-0.016827614367002804,0.17786189403910002,-0.11133779728555432,16.0,0.06866952789699571,0.013770181585360773,-0.010121428249282863,0.11887346425528476,-0.06410908308723051,0.8881871029050279,-0.23995143327433294,23.0,0.5111111111111111,0.02291513588405499,-0.007583038389594547,0.22163484548701,-0.050736888224010686,1.8209100000000003,-0.21467083478211454,1.0,0.09090909090909091,0.001,-3.328454456377815e-05,0.01,-0.0015287605161411477,0.1,-0.04802258123918559
acetone_54,acetone,acetone\acetone_54.csv,Period_II,Day 12,12,Period II Day 12,batch3,new,22.0,0.5116279069767442,0.021949063917170674,-0.0010353739043256092,0.21496318677457413,-0.012361122529404633,1.7471218940391,-0.11282947070315762,29.0,0.13063063063063063,0.02885832656236482,-0.002014361375525765,0.2761226563125493,-0.019803760796271885,2.05167,-0.1268143328610462,3.0,0.014563106796116505,0.002984056881160853,-0.0010122103413263163,0.028455825953906312,-0.010711066986090707,0.1865717389,-0.12016175494729225,12.0,0.05128205128205128,0.010949053489762942,-0.0029783708965445297,0.1049576167539917,-0.02751679230009544,0.743965066190158,-0.15468897736388243,19.0,0.4318181818181818,0.018957064823588506,-0.0029035509434106863,0.1857632875305515,-0.022303000208064937,1.521947025389694,-0.11800637673176045,1.0,0.09090909090909091,0.001,-5.592642222045053e-05,0.01,-0.003050699991304695,0.1,-0.06053173038671235
acetone_55,acetone,acetone\acetone_55.csv,Period_II,Day 12,12,Period II Day 12,batch3,new,18.0,0.4186046511627907,0.017954052966011998,-0.004630558103127212,0.175452661198,-0.028712754114329962,1.4330200000000004,-0.1720262521091587,23.0,0.1050228310502283,0.021891246725964805,-0.00733099687072092,0.20934425718703506,-0.04196908326637901,1.5183704953648103,-0.2433879527235801,4.0,0.0196078431372549,0.003923962997323871,-0.0038415198618493205,0.033195203847388166,-0.030298664976702055,0.24193694890000003,-0.2516719535114972,17.0,0.07264957264957266,0.015262735729027473,-0.006435693117343312,0.11401552090221129,-0.037659332008001284,0.8038478411113064,-0.19263313756966288,22.0,0.4888888888888889,0.020928104990611342,-0.00368946963670558,0.2029048723144941,-0.027731700552436643,1.5347646792454965,-0.17347981189135478,1.0,0.09090909090909091,0.001,-0.001,0.01,-0.01,0.1,-0.1
acetone_56,acetone,acetone\acetone_56.csv,Period_II,Day 13,13,Period II Day 13,batch3,new,33.0,0.5892857142857143,0.0328891668024,-0.004529669313498482,0.31906505911372307,-0.03019100858347413,2.54367570463519,-0.14304672100000004,33.0,0.1375,0.03273210471515187,-0.004795009220602931,0.30624315448915346,-0.0339517613775551,2.3242226583895187,-0.13172973804910001,3.0,0.013452914798206279,0.002994006996001,-0.001,0.029406960100000004,-0.01,0.24661000000000002,-0.1,20.0,0.07434944237918216,0.018884334539926488,-0.005371812202840534,0.17873039396560234,-0.03818959835797378,1.19730563442555,-0.1780348837724349,30.0,0.5263157894736842,0.029837476839188862,-0.006104847408086334,0.28416667086404435,-0.04676944097278556,2.1266680429998246,-0.2187541,1.0,0.07142857142857142,0.001,-0.001,0.01,-0.01,0.1,-0.1
acetone_57,acetone,acetone\acetone_57.csv,Period_II,Day 13,13,Period II Day 13,batch3,new,39.0,0.7090909090909091,0.0388035141359932,-0.002942496610706627,0.3708064486122947,-0.02393981939509116,2.57739457,-0.14474771933986458,39.0,0.1638655462184874,0.038742886025089504,-0.002961528961120378,0.3650685258170637,-0.025108573741549494,2.3473455700000003,-0.12641250435014273,4.0,0.01809954751131222,0.003982048920085938,-0.001000921234162121,0.038248208538289204,-0.010043861750180991,0.261800821,-0.10000176964345428,26.0,0.09737827715355805,0.025815722841072895,-0.0029155023653792507,0.24220394229283193,-0.0234238609539711,1.603410004829858,-0.14451293963521827,42.0,0.75,0.04180348397161408,-0.0010293522648161248,0.4007749453222127,-0.01183885748264254,3.0154173637543287,-0.11022327858381908,1.0,0.07142857142857142,9.205514217490668e-05,-8.864779040961728e-05,0.004444364765214723,-0.003768339724740292,0.0734845849795046,-0.060750308816984115
acetone_58,acetone,acetone\acetone_58.csv,Period_II,Day 14,14,Period II Day 14,batch3,new,22.0,0.5365853658536586,0.021725746004721557,-0.003796616743088744,0.19928455460721706,-0.025086476315313064,1.4743300000000001,-0.12234081426280088,27.0,0.12796208530805686,0.026731422191465758,-0.005626454018041898,0.24437992860109267,-0.03663758244446796,1.5226500000000003,-0.13768266100877272,3.0,0.015463917525773196,0.002990020976015994,-0.0019485778817859593,0.02902076159401,-0.016009804622154438,0.2187541,-0.10182861441272363,13.0,0.05394190871369295,0.01293726296856302,-0.004796923670649454,0.1239539975162544,-0.03521725768691124,0.858106260659716,-0.2129313995096449,32.0,0.7804878048780488,0.03186433824286057,-0.0027524497664035866,0.306731592150538,-0.019429770356397844,2.242300047635015,-0.12525608655874945,1.0,0.07142857142857142,1.86064338268308e-06,-0.001,0.00012214517872388697,-0.01,0.010000001368914796,-0.1
acetone_59,acetone,acetone\acetone_59.csv,Period_II,Day 14,14,Period II Day 14,batch3,new,15.0,0.40540540540540543,0.014937150757266805,-0.0043573858308863875,0.14384859650491755,-0.028268222248145305,0.9991829530000002,-0.1871470142480707,17.0,0.08374384236453201,0.015944031549734738,-0.00643740371844606,0.15443621376243824,-0.047586068501539694,1.1267812815431282,-0.20673649438670083,3.0,0.015873015873015872,0.002002936365660604,-0.0010048580407143281,0.02023953923844177,-0.010374786016141928,0.19224186130015797,-0.10278452253315817,13.0,0.05652173913043478,0.00996689369521957,-0.002923613172058584,0.09660810563506095,-0.02411692748362136,0.692740561296256,-0.20526416812451995,27.0,0.7297297297297297,0.02587325710437899,-0.003685343953116321,0.24755781751282863,-0.027384676693024898,1.7158699976531282,-0.16935209012252478,0.0,0.0,0.0,0.0,0.0,0.0,0.0,0.0
acetone_60,acetone,acetone\acetone_60.csv,Period_II,Day 14,14,Period II Day 14,batch3,new,16.0,0.5161290322580645,0.015166450988381146,-0.006005238092320469,0.1356688929070644,-0.03888446212342326,0.7678379389565901,-0.1652236147185518,27.0,0.14361702127659576,0.02557865421162689,-0.009588051448024246,0.2100427771203941,-0.06217398420429387,1.049387590551098,-0.20759257823890148,4.0,0.021621621621621623,0.003879888618504074,-0.002836000639950087,0.030799357647726344,-0.022641340274265113,0.18134282611000002,-0.20067114363431626,15.0,0.07389162561576355,0.01246961228984634,-0.008023947768851139,0.08856676457667226,-0.04790864358935512,0.4838877218752738,-0.2334549444677951,17.0,0.5666666666666667,0.016865629053215373,-0.006121521492057757,0.1571119056409117,-0.040297940333851444,0.8915999120480003,-0.18233197222077102,0.0,0.0,0.0,-9.999999999999159e-07,0.0,-9.99999999999994e-05,0.0,-0.009999999999999995
acetone_61,acetone,acetone\acetone_61.csv,Period_II,Day 15,15,Period II Day 15,batch3,new,8.0,0.17391304347826086,0.00790670645281692,-0.0010296698710157391,0.07127565078506606,-0.012002353192549118,0.37126900000000007,-0.10466053039659093,10.0,0.046296296296296294,0.009875958960598393,-0.00198479257784918,0.08841531749770212,-0.01786448688212122,0.4205388951100001,-0.12270983252392209,2.0,0.009569377990430622,0.0010000029790638893,-0.0010009841194418155,0.010002796290191737,-0.010085145777109488,0.10144020511000001,-0.10185302018885184,9.0,0.039301310043668124,0.007813610413297114,-0.0030138289423364633,0.06554040264543451,-0.029593240988109414,0.38671102752769143,-0.24231772520803788,14.0,0.34146341463414637,0.012861816762633937,-0.0027825735617103024,0.11689630043491414,-0.018735447292143492,0.5637940379793871,-0.11799803717285874,0.0,0.0,0.0,0.0,0.0,0.0,0.0,0.0
acetone_62,acetone,acetone\acetone_62.csv,Period_II,Day 15,15,Period II Day 15,batch3,new,8.0,0.17391304347826086,0.00787914631823573,-0.002872318476260914,0.0688806523717956,-0.020379782499327072,0.32433311893519345,-0.11475645130015795,10.0,0.045662100456621,0.00953214265194555,-0.0038246407080560867,0.07868038340250195,-0.026581676374495475,0.36775513252127934,-0.12081788113401452,1.0,0.004739336492890996,0.001,-0.0019447205900287594,0.01,-0.015733505800875073,0.1,-0.10216113532954471,11.0,0.046413502109704644,0.009573175761368492,-0.006658188316314179,0.07797331766073205,-0.04608084700105956,0.39864239338318797,-0.25510703459761397,13.0,0.30952380952380953,0.012864909495281344,-0.004676645729144061,0.11727054172806196,-0.03037116854838217,0.5877977329998246,-0.15314410000000003,1.0,0.07692307692307693,0.001,-0.00013872545788617507,0.01,-0.00576739567071423,0.1,-0.08604230402778952
acetone_63,acetone,acetone\acetone_63.csv,Period_II,Day 15,15,Period II Day 15,batch3,new,8.0,0.1702127659574468,0.007901923915881938,-0.0028977949140007826,0.07097174779022022,-0.021885778086077834,0.3415558531553158,-0.11256442192071181,9.0,0.041474654377880185,0.007898889674424533,-0.0029073048992468093,0.07064370683664516,-0.022499150788782375,0.31101269201385484,-0.1124879543247853,2.0,0.009569377990430622,0.0010068584216848273,-0.001,0.010570417353967755,-0.01,0.10866599477956919,-0.1,10.0,0.04219409282700422,0.008906624139598182,-0.0037551050879661273,0.08120684057771113,-0.025423647375097932,0.39664061160804065,-0.16911537921270053,14.0,0.32558139534883723,0.013809889159809895,-0.002907281937943174,0.12257920848506694,-0.02247862362289979,0.5834910236236484,-0.12296054339683465,1.0,0.07692307692307693,1.0885912446786938e-05,-0.001,0.0005441839358694932,-0.01,0.01933480962858962,-0.1
acetone_64,acetone,acetone\acetone_64.csv,Period_II,Day 17,17,Period II Day 17,batch3,new,17.0,0.32075471698113206,0.016804387866518555,-0.004367697368244997,0.15162622911500387,-0.02997809636390608,0.7201982202556686,-0.12918787222077102,17.0,0.07692307692307693,0.016799412193169095,-0.004758496295140741,0.151153048848925,-0.03191790843839072,0.6917149295171864,-0.1265271788000579,2.0,0.009345794392523364,0.001,-0.00197232897919354,0.01,-0.01807483835938739,0.1,-0.15279527773575607,12.0,0.05128205128205128,0.011754031924834946,-0.006134322843736687,0.10055030286308436,-0.03681002304133152,0.5281112601445379,-0.2,21.0,0.44680851063829785,0.02078446304007882,-0.005464495037786187,0.18970267346850173,-0.037481396261675036,1.05596983813419,-0.15024054079140406,1.0,0.038461538461538464,0.001,-7.233739720363479e-05,0.01,-0.0032559899048389815,0.1,-0.058552636772875366
acetone_65,acetone,acetone\acetone_65.csv,Period_II,Day 17,17,Period II Day 17,batch3,new,11.0,0.2037037037037037,0.010926404034629328,-0.0037101365058678612,0.10298709362090046,-0.025496970630013223,0.6302370609507788,-0.1394459126463944,12.0,0.05429864253393665,0.011792986177660118,-0.004459626727225846,0.10367409935356506,-0.031029362891256504,0.6504920448099221,-0.14626255673735056,1.0,0.004672897196261682,0.001,-0.0010141697748474784,0.01,-0.010848368592125297,0.1,-0.10047502602671475,9.0,0.03829787234042553,0.007854534000492505,-0.0036804805866810274,0.06701305381202867,-0.025592770084115903,0.45042257518586976,-0.16450432655453393,15.0,0.3125,0.014923267204355089,-0.004777617246395793,0.14256024945405402,-0.033292792819711904,0.9363905123265985,-0.17017430676171408,0.0,0.0,0.0,-9.999999999999159e-07,0.0,-9.99999999999994e-05,0.0,-0.009999999999999995
acetone_66,acetone,acetone\acetone_66.csv,Period_II,Day 17,17,Period II Day 17,batch3,new,11.0,0.2037037037037037,0.009924321597222896,-0.0037038763025170063,0.09271757903573752,-0.02584339822450047,0.5430504671390202,-0.13845461812230817,11.0,0.04954954954954955,0.010838413376335919,-0.0034945767970115346,0.09503926169153722,-0.02615230537075132,0.48879691176677553,-0.13420846433428293,1.0,0.004672897196261682,0.001,-6.729679648337676e-05,0.01,-0.004596056527582973,0.1,-0.09799090182506243,11.0,0.04680851063829787,0.009651439617897743,-0.004744983569431986,0.07625460631611396,-0.03281645044887578,0.3684163217017027,-0.17054341900203598,14.0,0.2916666666666667,0.012893500201560111,-0.0054014878819300905,0.11979241093500093,-0.03859943260670576,0.6616641458440937,-0.17314269483695185,1.0,0.037037037037037035,0.001,-1.0480365211426416e-05,0.01,-0.0007539347412469487,0.1,-0.026295871967527112
acetone_67,acetone,acetone\acetone_67.csv,Period_II,Day 17,17,Period II Day 17,batch3,new,17.0,0.32075471698113206,0.015839976063316472,-0.00849193680312713,0.1448493046572537,-0.05667247591708305,0.7273442388621174,-0.24599707609684882,18.0,0.0821917808219178,0.01766267592839606,-0.010963386362710836,0.15252849500580878,-0.07009038601462067,0.700019032453786,-0.25536603689034754,3.0,0.014354066985645933,0.0019870915674563587,-0.0019732093387707286,0.01878780242056135,-0.017535415256987444,0.13015569165432841,-0.10460001868012644,13.0,0.0546218487394958,0.009815829199143653,-0.008738942227697192,0.08344971928947348,-0.05533135462805071,0.44979960667052704,-0.22680514228259135,19.0,0.40425531914893614,0.01777969986915587,-0.010276387612843083,0.15942860497420394,-0.06823653027159773,0.6738788411113061,-0.29661599403910005,0.0,0.0,0.0,0.0,0.0,0.0,0.0,0.0
acetone_68,acetone,acetone\acetone_68.csv,Period_II,Day 17,17,Period II Day 17,batch3,new,20.0,0.37735849056603776,0.01870155335879973,-0.008965578334792616,0.16498634657822342,-0.057359416695617886,0.9249801697980335,-0.27297385518021056,23.0,0.1050228310502283,0.02148359360121835,-0.010684524819848443,0.18114423202677502,-0.06398434697409182,0.8547806574581839,-0.24744045345409976,3.0,0.014285714285714285,0.0029516067585124445,-0.0010019506042116657,0.02566260837903836,-0.010155634987674267,0.14446407097913339,-0.10150811853521098,17.0,0.07112970711297072,0.014333503003293389,-0.008058340353152938,0.11026060705718523,-0.047807776795816326,0.5363600718521616,-0.23294954466531262,21.0,0.4375,0.020788287909441698,-0.008962600300672835,0.18994336647691412,-0.05926882536229467,1.09933769,-0.31513062043215734,0.0,0.0,0.0,0.0,0.0,0.0,0.0,0.0
air_18,air,air\air_18.csv,Period_II,Day 10,10,Period II Day 10,batch3,new,1.0,0.018518518518518517,0.00015071815052435772,-0.00010833361556858196,0.007481417541026164,-0.006324367323559445,0.099985098270827,-0.09929800689272916,3.0,0.012244897959183673,0.0012340033289692425,-5.8672144385801014e-05,0.01635822892502163,-0.0038012478951982174,0.12672022616787204,-0.09769477225407032,2.0,0.008771929824561403,0.001026031911055559,-0.00010107932990560534,0.011882923873093601,-0.005988425142692116,0.10673075283053766,-0.09952064164155026,3.0,0.01079136690647482,0.0012543355489046239,-0.001043918005666607,0.020405314741552043,-0.012948595304395455,0.15786463009297919,-0.15303929281236747,2.0,0.03773584905660377,0.0010152568907514617,-5.191850789096786e-05,0.010796942564809937,-0.0030327376941206583,0.10276365540818172,-0.07798188433235692,1.0,0.058823529411764705,0.001,-3.924481200867332e-06,0.01,-0.000336126038533802,0.1,-0.01880337235789288
air_19,air,air\air_19.csv,Period_II,Day 10,10,Period II Day 10,batch3,new,1.0,0.02127659574468085,0.001,-8.529884205569734e-05,0.01,-0.005090535189654717,0.1,-0.0985890043074954,3.0,0.012875536480686695,0.0019942975048249105,-5.821288280075522e-05,0.01933850451375592,-0.003929930579535386,0.15492211860256247,-0.09864610128871308,2.0,0.009174311926605505,0.0019482751693901295,-7.702083061524869e-05,0.017395895590231875,-0.005063875155948716,0.12495918638372891,-0.10192753178180339,4.0,0.015267175572519083,0.0036311398017344248,-0.00019956327544875618,0.023092732335979686,-0.01190302024407708,0.2,-0.1530325761539364,3.0,0.06521739130434782,0.002006455758014089,-2.4670873761306654e-05,0.019633681695296987,-0.0018706192313524567,0.15329044580400564,-0.07982643249056753,1.0,0.07142857142857142,0.001,-2.618398492303098e-05,0.01,-0.0015143241931892815,0.1,-0.04335391736860618
air_20,air,air\air_20.csv,Period_II,Day 11,11,Period II Day 11,batch3,new,1.0,0.022222222222222223,0.001,-0.00012948208235351365,0.01,-0.007373482236892605,0.1,-0.09992699716099017,2.0,0.008849557522123894,0.0018312398405155444,-1.6854836416980773e-05,0.012844477638326034,-0.0015620521983014373,0.1001840958240206,-0.08143875404993363,1.0,0.004761904761904762,0.001,-6.3719444120598e-05,0.01,-0.004738154698463536,0.1,-0.0993917100646399,5.0,0.0199203187250996,0.0037100518459724616,-2.1585477196322568e-05,0.02590495596202643,-0.0018303556755068125,0.1660098201491,-0.1265716071470656,1.0,0.021739130434782608,0.001,-5.901551093381223e-05,0.01,-0.003950842021420494,0.1,-0.08151496951443184,1.0,0.07692307692307693,2.3945664195337553e-05,-0.001,0.0011228176138444873,-0.01,0.027910535322802743,-0.1
air_21,air,air\air_21.csv,Period_II,Day 11,11,Period II Day 11,batch3,new,1.0,0.045454545454545456,0.00013031023268413316,-3.798312371491896e-05,0.006317019948889024,-0.002105972477696479,0.09134373648498702,-0.04755799360967001,2.0,0.011363636363636364,1.812445189676654e-05,-7.369705562525663e-05,0.0024239250116976814,-0.004250342959597956,0.06491594550362101,-0.08167854035605304,2.0,0.012048192771084338,6.238167355650931e-05,-4.584418495797078e-05,0.00500727947642394,-0.002636482200976345,0.09911612377203796,-0.05260994219385759,6.0,0.02926829268292683,5.9880139920017415e-06,-0.0020083495048411663,0.004353448937416595,-0.02038814742443057,0.1215498168664179,-0.17310922560788608,1.0,0.037037037037037035,0.00011540980741953717,-4.9176537522248884e-05,0.005699651637665705,-0.0027502080709541797,0.09385837502724328,-0.0512636718872858,1.0,0.09090909090909091,1.3076645395050006e-05,-0.001,0.0008155857349262594,-0.01,0.025904069275674624,-0.1
air_22,air,air\air_22.csv,Period_II,Day 12,12,Period II Day 12,batch3,new,3.0,0.061224489795918366,0.001974375369013291,-0.0010297370089809995,0.018187492424933106,-0.012048452604045513,0.11946612914537821,-0.10570381663499999,4.0,0.017316017316017316,0.0019672620363241806,-0.002030248794587854,0.017927375169330094,-0.021180028678539395,0.1187652511959208,-0.12610598824552496,3.0,0.014705882352941176,0.0019639402212991916,-0.0010605322457887443,0.01751071067181848,-0.013212139580141495,0.11376970159331848,-0.11942924265607276,5.0,0.0196078431372549,0.0037493621397500705,-0.003024132073233136,0.025005496651093757,-0.029988647665777815,0.1540259925011419,-0.17578659871805605,3.0,0.061224489795918366,0.0019647794286547678,-0.001052491225012884,0.01760058980778114,-0.013477303075222605,0.13450681232374337,-0.11073603364450023,1.0,0.08333333333333333,9.999999999999159e-07,0.0,9.99999999999994e-05,0.0,0.009999999999999995,0.0
air_23,air,air\air_23.csv,Period_II,Day 12,12,Period II Day 12,batch3,new,1.0,0.034482758620689655,0.001,-4.171625269278653e-05,0.01,-0.0028370187844125056,0.1,-0.07088579261902503,2.0,0.010362694300518135,0.0010835194732198483,-1.8982859434860588e-05,0.011884139391589289,-0.0013197834293051467,0.10003038047893886,-0.047677042865889106,3.0,0.017045454545454544,0.001002607902474548,-9.853581061155701e-05,0.010073489471986458,-0.0059568149996561915,0.1000000123439931,-0.09512339381187998,5.0,0.0228310502283105,0.002836853806087333,-0.0010642178284612632,0.021290578605406577,-0.01404994959890761,0.1549771873327157,-0.1672995363157305,2.0,0.0625,0.0010156738958452774,-9.565175451061261e-05,0.010282537549488003,-0.005309106001095184,0.10000000903261556,-0.09843119983348372,1.0,0.08333333333333333,0.001,-1.3150518530564157e-05,0.01,-0.0008609243684468987,0.1,-0.028857357923903496
air_24,air,air\air_24.csv,Period_II,Day 13,13,Period II Day 13,batch3,new,2.0,0.03333333333333333,0.0010019721852223098,-0.001,0.0101737842642811,-0.01,0.10467731555366185,-0.1,2.0,0.008097165991902834,0.001,-0.001,0.01,-0.01,0.1,-0.1,2.0,0.008849557522123894,0.001,-0.001,0.01,-0.01,0.1,-0.1,5.0,0.017605633802816902,0.0010020414762207312,-0.0010039741087045791,0.012037398628477932,-0.010550080346101635,0.16947821013832873,-0.14850058154869414,3.0,0.04838709677419355,0.00100594230387911,-0.0010029279298052278,0.01054494065127016,-0.010235606886307393,0.12380756593534796,-0.10321254499755576,2.0,0.14285714285714285,0.001,-0.001,0.01,-0.01,0.1,-0.1
air_25,air,air\air_25.csv,Period_II,Day 13,13,Period II Day 13,batch3,new,2.0,0.03278688524590164,0.0010008219316276865,-0.001,0.010013947556877522,-0.01,0.10000000001075306,-0.1,2.0,0.008032128514056224,0.0010164651138056065,-1.8218283373619025e-05,0.010120018367739804,-0.0012715196906643994,0.10000000000001641,-0.04328162789521711,1.0,0.004405286343612335,0.001,0.0,0.01,0.0,0.1,0.0,3.0,0.010452961672473868,0.0019796008272074716,-0.0010082018717528006,0.017966156880577178,-0.010882952553427557,0.1526491638709474,-0.1392673417005085,2.0,0.031746031746031744,0.0010161243161524545,-0.001,0.011013048748974576,-0.01,0.10444148754048468,-0.1,1.0,0.06666666666666667,0.001,-1.9900448802096828e-06,0.01,-0.00019043820750088043,0.1,-0.013486784400999999
air_26,air,air\air_26.csv,Period_II,Day 13,13,Period II Day 13,batch3,new,1.0,0.01639344262295082,0.00017431381020491796,-0.001,0.006969791565622248,-0.01,0.09940880349270942,-0.1,2.0,0.008064516129032258,0.001,-0.001,0.01,-0.01,0.1,-0.1,2.0,0.008849557522123894,0.0010617844422934992,-0.001,0.010683853915550084,-0.01,0.10031765509052365,-0.1,3.0,0.01048951048951049,0.0005685837563382611,-0.0010341365906485003,0.016215361265704258,-0.012660464304399523,0.14606842733807343,-0.15262024251125503,3.0,0.04838709677419355,0.0012669412313964315,-0.001,0.0174585540544345,-0.01,0.11666920697485923,-0.1,0.0,0.0,0.0,0.0,0.0,0.0,0.0,0.0
air_27,air,air\air_27.csv,Period_II,Day 13,13,Period II Day 13,batch3,new,2.0,0.03389830508474576,0.0010128463313844808,-0.001,0.010272354231318104,-0.01,0.10232942485686874,-0.1,1.0,0.0040650406504065045,0.00011974642387521282,-0.001,0.006109009272043657,-0.01,0.0995445121102423,-0.1,2.0,0.008888888888888889,0.0017957095107040744,-0.00010850580308035456,0.014283569447966401,-0.005580348336538931,0.1126516575860954,-0.10066241316314005,3.0,0.010526315789473684,0.001986194281957338,-0.0011397344940151475,0.018779759267997975,-0.016978857670284717,0.15511059405118224,-0.14309505891139235,2.0,0.03225806451612903,0.001,-0.00023038483630989464,0.01,-0.010450598998556392,0.10013158480068274,-0.10020060347632037,1.0,0.07142857142857142,4.796050151207026e-06,-0.001,0.00022881249296226314,-0.01,0.010717902023023335,-0.1
air_28,air,air\air_28.csv,Period_II,Day 13,13,Period II Day 13,batch3,new,2.0,0.03773584905660377,0.001,-0.0010027600636116035,0.01,-0.010130050176137202,0.1,-0.10000552508104375,1.0,0.00423728813559322,9.048154689832101e-05,-0.001,0.005342490818455789,-0.01,0.09791033791149688,-0.1,1.0,0.0045662100456621,0.0001027845243784458,-0.001,0.005417338516052409,-0.01,0.09910416504546053,-0.1,5.0,0.01893939393939394,0.0019786425419079296,-0.0029895402925457105,0.017633823499385713,-0.028147822518821822,0.15263377094388536,-0.17030348177472188,1.0,0.017857142857142856,8.462285569860509e-05,-0.001,0.004924771852227757,-0.01,0.09969238826817668,-0.1,1.0,0.07142857142857142,0.0002294222492386864,-6.899103719298807e-05,0.006565481565328304,-0.003084747332781348,0.08602500778543665,-0.07081170080785154
air_29,air,air\air_29.csv,Period_II,Day 14,14,Period II Day 14,batch3,new,1.0,0.023809523809523808,0.001,-6.80868742088432e-05,0.01,-0.0032725261399532395,0.1,-0.05260532969971778,2.0,0.009389671361502348,0.0019323723728924729,-0.0001293574523695539,0.014954431660675768,-0.005982503506236606,0.10067457997129603,-0.1007480745053423,1.0,0.005154639175257732,0.001,-0.00012847883371367688,0.01,-0.005737117342762223,0.1,-0.09996124618176201,4.0,0.01639344262295082,0.002891263879335481,-0.00114389837207297,0.023116470533596004,-0.01706386857398229,0.20100000000000004,-0.19522507468594086,2.0,0.047619047619047616,0.001,-0.0010507824864242656,0.01,-0.01204321268773547,0.10112385542708285,-0.1038621825669813,1.0,0.06666666666666667,0.001,-9.999999999999159e-07,0.01,-9.99999999999994e-05,0.1,-0.009999999999999995
air_30,air,air\air_30.csv,Period_II,Day 14,14,Period II Day 14,batch3,new,2.0,0.047619047619047616,0.0010203498778982303,-1.9920279440699407e-06,0.010137015457166136,-0.00019227446944279115,0.10000006076397207,-0.014304672099999999,1.0,0.004672897196261682,0.001,-0.00011819227501945852,0.01,-0.005620669941488744,0.1,-0.09918242065452106,2.0,0.010309278350515464,0.0018281220005278683,-2.8393424550822487e-05,0.012667413461082296,-0.0023692295747679516,0.10003342693810637,-0.07933819662066736,4.0,0.0163265306122449,0.0020146651775035706,-0.0011761501236110983,0.02043558343232774,-0.018977393338728065,0.19548201225394085,-0.2055166047324618,1.0,0.023255813953488372,0.00021848707332277793,-8.208013602928397e-05,0.006390862107005348,-0.004308423369082938,0.09635564159511165,-0.08682239681300592,0.0,0.0,0.0,0.0,0.0,0.0,0.0,0.0
air_31,air,air\air_31.csv,Period_II,Day 14,14,Period II Day 14,batch3,new,1.0,0.02702702702702703,0.00017593022304314605,-0.001,0.006120755973867196,-0.01,0.09319021413258156,-0.1,3.0,0.014778325123152709,3.325318639466198e-05,-0.0010009398537314349,0.010070892216265625,-0.010053626822520718,0.10458416189319304,-0.10001455578342931,2.0,0.010526315789473684,0.0010145040997404065,-0.001965594306372195,0.011723935929360382,-0.017038740628231845,0.11011562579935232,-0.10267158113006242,6.0,0.026200873362445413,0.0010362248107345377,-0.0029052098817239145,0.013020090567215616,-0.02379212088315989,0.19773351510265685,-0.19112394990151485,1.0,0.02631578947368421,0.0001855070769068301,-0.001,0.008110766391676145,-0.01,0.0999622159241884,-0.1,1.0,0.07142857142857142,0.001,-1.9455126435024596e-06,0.01,-0.0001569601202477157,0.1,-0.010027389274499532
air_32,air,air\air_32.csv,Period_II,Day 14,14,Period II Day 14,batch3,new,1.0,0.027777777777777776,8.770332426213511e-05,-0.001,0.0034334036189220428,-0.01,0.05261783287530219,-0.1,2.0,0.009900990099009901,0.0011639149079265708,-0.001,0.013441111172993955,-0.01,0.10034951614764549,-0.1,2.0,0.010582010582010581,0.0010319232912952725,-0.001,0.010632051873944719,-0.01,0.10002537618092766,-0.1,5.0,0.021834061135371178,0.0023192577936747704,-0.002,0.025481436769508415,-0.02,0.20028306089156572,-0.2,2.0,0.05405405405405406,0.0010491911782589112,-0.001005564072074664,0.011328343649844063,-0.01066778052085932,0.10034449650564425,-0.10207874456359722,0.0,0.0,0.0,0.0,0.0,0.0,0.0,0.0
air_33,air,air\air_33.csv,Period_II,Day 14,14,Period II Day 14,batch3,new,2.0,0.05555555555555555,0.001,-0.001,0.01,-0.01,0.1,-0.1,2.0,0.01,7.000329825429953e-05,-0.001,0.0062868864059885425,-0.01,0.09975092401077439,-0.1,2.0,0.010526315789473684,0.001,-0.001,0.01,-0.01,0.1,-0.1,5.0,0.02100840336134454,0.002,-0.003810716843637446,0.02,-0.028422042144562086,0.2,-0.21281808599964905,2.0,0.05263157894736842,0.001004869761700395,-0.001000830196331617,0.010384248955015751,-0.010015422195179384,0.1037040295481994,-0.10000000003083946,0.0,0.0,0.0,0.0,0.0,0.0,0.0,0.0
air_34,air,air\air_34.csv,Period_II,Day 14,14,Period II Day 14,batch3,new,1.0,0.02857142857142857,4.318149341873772e-05,-0.001,0.00260213970724484,-0.01,0.05069229404304852,-0.1,2.0,0.01015228426395939,0.001017179937986032,-7.306038042176701e-05,0.011341680709068807,-0.0038265510426961098,0.10021965073415241,-0.07851429835170323,1.0,0.005263157894736842,0.001,-9.286481339086997e-05,0.01,-0.004298872806319453,0.1,-0.05262938273167551,4.0,0.017167381974248927,0.002,-0.0010495869047032129,0.02,-0.013891943279791645,0.20526399028731332,-0.1985870753163222,1.0,0.02631578947368421,0.001,-7.22087418696879e-05,0.01,-0.0034993388386885278,0.1,-0.05257033879410583,0.0,0.0,0.0,0.0,0.0,0.0,0.0,0.0
air_35,air,air\air_35.csv,Period_II,Day 15,15,Period II Day 15,batch3,new,1.0,0.022222222222222223,0.001,-0.001,0.01,-0.01,0.1,-0.1,2.0,0.009259259259259259,0.0010548340144496693,-3.093206847699199e-05,0.012377525832754342,-0.0020636980066103226,0.10992821745242407,-0.0712448615409896,2.0,0.009433962264150943,0.00012939441891012004,-0.001,0.005260570371077098,-0.01,0.0802461150725184,-0.1,5.0,0.02262443438914027,0.002878352037700225,-0.00016608278166113828,0.023465944761780193,-0.008114278228369963,0.1621105209227685,-0.12297029719104427,1.0,0.025,0.001,-0.001,0.01,-0.01,0.1,-0.1,0.0,0.0,0.0,0.0,0.0,0.0,0.0,0.0
air_36,air,air\air_36.csv,Period_II,Day 15,15,Period II Day 15,batch3,new,1.0,0.022222222222222223,0.001,-0.001,0.01,-0.01,0.1,-0.1,1.0,0.004629629629629629,1.989565066605036e-05,-0.001,0.0014117271554175762,-0.01,0.04157625870628574,-0.1,2.0,0.009478672985781991,3.443094312304614e-05,-0.001999034411492963,0.0012374799057848825,-0.019929655230500044,0.032534958671307124,-0.1997496844495007,5.0,0.02262443438914027,0.001030703025040422,-0.0038842695952289365,0.012128284089997353,-0.034661881198969804,0.15996018863840683,-0.3499934249705042,1.0,0.025,0.001,-0.001,0.01,-0.01,0.1,-0.1,1.0,0.07692307692307693,7.387145933001747e-05,-0.0001371968554802664,0.0031196742381006037,-0.00614992414069773,0.06094981753343549,-0.09677097077096335
air_37,air,air\air_37.csv,Period_II,Day 15,15,Period II Day 15,batch3,new,1.0,0.022222222222222223,1.115811813621353e-05,-0.001,0.00043582963217476435,-0.01,0.019434231620901285,-0.1,1.0,0.004629629629629629,0.00010246717885338617,-0.00013104323699943674,0.0034171775764744476,-0.006234309800974435,0.052183915285224605,-0.09164804591469392,1.0,0.004807692307692308,9.770693087804807e-05,-0.001,0.0027804367460446695,-0.01,0.05983360741345044,-0.1,4.0,0.017316017316017316,0.00119765366355859,-0.0020898387706987888,0.015405819921162201,-0.02457950115168801,0.1652199898717216,-0.25373597000130843,1.0,0.024390243902439025,0.0001919772883187536,-9.680398538049412e-05,0.0051838102124833665,-0.0046069926333370485,0.07204973329002685,-0.06895193468084174,0.0,0.0,0.0,0.0,0.0,0.0,0.0,0.0
air_38,air,air\air_38.csv,Period_II,Day 15,15,Period II Day 15,batch3,new,1.0,0.021739130434782608,0.001,-9.061960537847208e-05,0.01,-0.005780066447270614,0.1,-0.09908095042937444,2.0,0.009174311926605505,0.0010001516874678564,-0.001,0.010057153540579063,-0.01,0.10022528399207498,-0.1,3.0,0.014354066985645933,0.0002000209224124332,-9.295852525764302e-05,0.007940110237840442,-0.006096422881332001,0.09803009025652769,-0.09998566062081861,3.0,0.012711864406779662,0.0019219904546570472,-0.001993039869298504,0.01630898071643012,-0.019338719409045066,0.15275777250411066,-0.1594488201491,1.0,0.023809523809523808,0.00012945799146650983,-0.001,0.004208972704999914,-0.01,0.0767015133182098,-0.1,1.0,0.07692307692307693,6.165780174438552e-05,-0.001,0.0019276484020868782,-0.01,0.04123964878910492,-0.1
air_39,air,air\air_39.csv,Period_II,Day 15,15,Period II Day 15,batch3,new,1.0,0.020833333333333332,0.0003108212725790201,-4.543556173353992e-05,0.009038874885981806,-0.0027074023059312623,0.09999936080481397,-0.05202005114400675,1.0,0.0045662100456621,0.00028145782668379123,-6.115826802531295e-05,0.009164219446336982,-0.003839576952141757,0.09999999960820409,-0.08730176850884785,1.0,0.004784688995215311,2.210729515379631e-05,-0.001,0.0008562379719088964,-0.01,0.028487351043940692,-0.1,3.0,0.012605042016806723,0.001016730834367642,-0.001,0.011454506395616617,-0.01,0.1511677453187174,-0.1,1.0,0.022727272727272728,0.0002730703700111124,-5.183192111762403e-05,0.008230156044534427,-0.0029874321425229153,0.09762409251559774,-0.07261762638108421,0.0,0.0,0.0,0.0,0.0,0.0,0.0,0.0
air_40,air,air\air_40.csv,Period_II,Day 15,15,Period II Day 15,batch3,new,1.0,0.020833333333333332,0.001,-1.9762739865835256e-06,0.01,-0.0001785678140807205,0.1,-0.010797664430768725,1.0,0.0045871559633027525,2.99002097601587e-06,-0.001,0.00029020761594009993,-0.01,0.021875409999999998,-0.1,2.0,0.009615384615384616,0.0001552271371910107,-0.0019601326590275294,0.005192728537169164,-0.017400162963787384,0.08090135117842047,-0.16227593585929376,2.0,0.008403361344537815,0.0002742917967867224,-0.0019346813629378147,0.009584984896307377,-0.01624329972886724,0.1513130709059879,-0.15263159754425448,1.0,0.022727272727272728,0.001,-1.2760985221331933e-05,0.01,-0.0008846424884992876,0.1,-0.03152677874433345,0.0,0.0,0.0,0.0,0.0,0.0,0.0,0.0
air_41,air,air\air_41.csv,Period_II,Day 16,16,Period II Day 16,batch3,new,2.0,0.03773584905660377,0.001,-0.0010008957848329039,0.01,-0.010033103308832102,0.1,-0.10000009261387131,1.0,0.004405286343612335,0.001,-0.001,0.01,-0.01,0.1,-0.1,2.0,0.00909090909090909,0.001,-0.0018495346589761804,0.01,-0.011946231055554275,0.1,-0.10000000407470011,2.0,0.00819672131147541,0.001,-0.0010355192809474545,0.01,-0.012513761920146305,0.1,-0.14483394388964754,2.0,0.041666666666666664,0.001,-0.0018598404033011487,0.01,-0.012209445463681532,0.1,-0.1000000822499659,1.0,0.0625,0.001,-9.999999999999159e-07,0.01,-9.99999999999994e-05,0.1,-0.009999999999999995
air_42,air,air\air_42.csv,Period_II,Day 16,16,Period II Day 16,batch3,new,2.0,0.038461538461538464,0.001,-0.001,0.01,-0.01,0.1,-0.1,1.0,0.004424778761061947,0.001,0.0,0.01,0.0,0.1,0.0,2.0,0.0091324200913242,0.001,-0.001,0.01,-0.01,0.10027812839075083,-0.1,3.0,0.012448132780082987,0.0010127745763190011,-0.001980358648664077,0.012835725914336175,-0.018322738990252687,0.15262925148594297,-0.14539595806675057,2.0,0.0425531914893617,0.001,-0.001,0.01,-0.01,0.10001798400039347,-0.1,1.0,0.06666666666666667,1.946459102604957e-06,-0.001,0.00015753547499769253,-0.01,0.010030432527221703,-0.1
air_43,air,air\air_43.csv,Period_II,Day 16,16,Period II Day 16,batch3,new,2.0,0.038461538461538464,0.001,0.0,0.01,0.0,0.1,0.0,1.0,0.004424778761061947,0.0002299591275375508,-6.96884010296208e-05,0.008642511835076128,-0.0043232103162695965,0.09999999763246802,-0.08389710071876766,2.0,0.0091324200913242,0.00030352650844042554,-0.001,0.009409733586426387,-0.01,0.10012028531975707,-0.1,2.0,0.00823045267489712,0.001035817423219622,-0.001,0.013665363492511717,-0.010762303033672408,0.15263157802755278,-0.15068369682780333,1.0,0.020833333333333332,0.00032046980892641184,-1.79536645787781e-05,0.009220275092220896,-0.0011643299786356295,0.09999999975335737,-0.03473141231231394,1.0,0.06666666666666667,0.00016848764498523952,-0.001,0.005551139694322177,-0.01,0.07277548644685694,-0.1
air_44,air,air\air_44.csv,Period_II,Day 16,16,Period II Day 16,batch3,new,2.0,0.038461538461538464,0.0010575396716438936,-0.001,0.010737129122349268,-0.01,0.10002977342782124,-0.1,2.0,0.008849557522123894,0.001938475776007132,-9.659465613889482e-05,0.015521755080898952,-0.006262672328886238,0.10132682911310195,-0.10019838179270037,2.0,0.0091324200913242,0.0010042872129108736,-0.001,0.010109193544493144,-0.01,0.10531417094788602,-0.1,4.0,0.01652892561983471,0.0019663431475535715,-0.0010319660070669547,0.016392072356094738,-0.01243649689736782,0.15290970998835243,-0.15258131552890544,1.0,0.020833333333333332,0.001,-9.958406798148242e-05,0.01,-0.0057404189427383385,0.1,-0.0969865023819439,1.0,0.06666666666666667,0.001,-1.9233805540685165e-05,0.01,-0.001050398826607674,0.1,-0.032228141987639625
air_45,air,air\air_45.csv,Period_II,Day 17,17,Period II Day 17,batch3,new,3.0,0.058823529411764705,0.0010000860736828357,-0.001,0.010036473598626616,-0.01,0.10004174370138123,-0.1,3.0,0.0136986301369863,0.0001545325891443881,-0.001,0.007755935714372178,-0.01,0.09999585673550772,-0.1,3.0,0.014084507042253521,8.014713633486465e-05,-0.001031639561307161,0.0076473173815679776,-0.011721917491144025,0.1008197381775772,-0.1050426216458652,4.0,0.017391304347826087,0.00019155363016190455,-0.0010473555580093141,0.01095385813086083,-0.013011101794493178,0.15271569224309028,-0.15262662915217376,2.0,0.043478260869565216,0.0010086647151146514,-1.8202885863625225e-06,0.010617676260778445,-0.00011367000049565881,0.10323516664453658,-0.010000000008709972,0.0,0.0,0.0,0.0,0.0,0.0,0.0,0.0
air_46,air,air\air_46.csv,Period_II,Day 17,17,Period II Day 17,batch3,new,2.0,0.0392156862745098,7.060980707710438e-05,-0.0010284883481958217,0.004275301782079879,-0.010768582123326875,0.09154399022697124,-0.1000005770755436,2.0,0.009216589861751152,8.19893667029694e-05,-0.0010081468880886253,0.0038894578342807467,-0.010331467760741873,0.06165560138864555,-0.1000030220930992,2.0,0.009615384615384616,0.001,-0.001,0.01,-0.01,0.1,-0.1,5.0,0.02127659574468085,0.00022686655497557618,-0.0029440127407080303,0.010118799767777454,-0.024450061942787746,0.14428547996678665,-0.1570145811078362,2.0,0.043478260869565216,0.0001320885961233416,-0.001,0.006715573485021482,-0.01,0.0994306360232946,-0.1,1.0,0.038461538461538464,0.00011448532336218512,-0.001,0.005273268018213852,-0.01,0.09412989099811954,-0.1
air_47,air,air\air_47.csv,Period_II,Day 17,17,Period II Day 17,batch3,new,1.0,0.029411764705882353,0.001,-1.141164106400333e-05,0.01,-0.0008315891384417691,0.1,-0.04473186130015793,2.0,0.010526315789473684,0.001,-0.001006541535716567,0.01,-0.010354794620800727,0.10000024950430486,-0.1000624979356961,2.0,0.010582010582010581,0.001000948354863978,-0.001,0.010058703678193748,-0.01,0.10003757102126137,-0.1,3.0,0.014925373134328358,0.0011058997789852036,-0.0010403568181120062,0.014868323827484476,-0.012004382492542846,0.1526339406645915,-0.15461828178947967,1.0,0.03225806451612903,0.0001788873592819283,-0.001,0.005664874162288066,-0.01,0.08627273384637257,-0.1,1.0,0.07142857142857142,0.001,-9.999999999999159e-07,0.01,-9.99999999999994e-05,0.1,-0.009999999999999995
air_48,air,air\air_48.csv,Period_II,Day 17,17,Period II Day 17,batch3,new,2.0,0.06060606060606061,0.001,-0.001,0.01,-0.01,0.1,-0.1,2.0,0.010582010582010581,0.00010824258207300626,-0.001,0.005522908350955133,-0.01,0.09947502262634432,-0.1,2.0,0.010638297872340425,0.0001231878455457085,-0.001,0.006450890633595084,-0.01,0.09987442329504406,-0.1,3.0,0.01507537688442211,0.001,-0.0010527466186878746,0.01,-0.013254309493144743,0.14324203798247628,-0.15262662915217376,1.0,0.03225806451612903,0.00028215111724970443,-7.893121264592037e-06,0.00935108043304658,-0.000702471603696582,0.09999999976590734,-0.03202030785760135,0.0,0.0,0.0,0.0,0.0,0.0,0.0,0.0
alcohol_44,alcohol,alcohol\alcohol_44.csv,Period_II,Day 10,10,Period II Day 10,batch3,new,25.0,0.46296296296296297,0.024632701454864566,-0.02146610918921931,0.21636697736283148,-0.14825271463627854,1.0380640330906468,-0.5674969309584994,8.0,0.0326530612244898,0.007889155302645041,-0.006698317046335857,0.06988122266768254,-0.05007953591893099,0.39241000000000004,-0.21361491276992103,3.0,0.013157894736842105,0.0029692951145023,-0.0019919267812404723,0.02717888506867138,-0.019141393025368943,0.17371000000000003,-0.12554018051636376,6.0,0.021739130434782608,0.004952425247996113,-0.004497297159629753,0.04560168767165919,-0.03285169469418251,0.2686404032453208,-0.2051439307253899,21.0,0.39622641509433965,0.020766968573209137,-0.012588409251156688,0.1883699349847933,-0.09286275278614882,1.1656541,-0.613602263987827,0.0,0.0,0.0,-1.904792147113584e-06,0.0,-0.00013660323412732246,0.0,-0.010000265613988882
alcohol_45,alcohol,alcohol\alcohol_45.csv,Period_II,Day 10,10,Period II Day 10,batch3,new,16.0,0.2962962962962963,0.014932128053980392,-0.009798974468593125,0.14332845102929975,-0.06457628885872631,0.946040263300158,-0.23007713603562033,6.0,0.024390243902439025,0.004998914443639998,-0.003694138997897138,0.049818316653587116,-0.02466528165546447,0.4374308867905352,-0.13477298954222783,3.0,0.013100436681222707,0.0020019681137653307,-0.0019120316935462552,0.02016911682767447,-0.013954731900597431,0.19734983550100002,-0.10335396654182184,5.0,0.017921146953405017,0.004972152293782114,-0.004525265045545531,0.04734618041390819,-0.02720817438643365,0.32297688411218484,-0.18338971168426021,15.0,0.2777777777777778,0.013830899583519733,-0.013891322325901921,0.12468421803269426,-0.09884589017744455,0.7199604943484332,-0.34526006343786125,1.0,0.058823529411764705,0.001,-1.843593060294954e-06,0.01,-0.00011811269531259751,0.1,-0.010000000166428089
alcohol_46,alcohol,alcohol\alcohol_46.csv,Period_II,Day 10,10,Period II Day 10,batch3,new,9.0,0.1875,0.007944340822508014,-0.008635814614471264,0.07473036745326053,-0.055296321512114346,0.4827298966074252,-0.21214350540100002,4.0,0.01694915254237288,0.00299391642831018,-0.005310223159902936,0.02932836713927909,-0.024990043413257616,0.25756903086581,-0.14304672100000004,1.0,0.004524886877828055,0.001,-0.0018859913078579794,0.01,-0.012971466998086099,0.1,-0.10350344579140179,3.0,0.011363636363636364,0.0010128826287061938,-0.005477709952052613,0.011188086079666542,-0.034124832717729266,0.15720063335481976,-0.18441630422993213,6.0,0.125,0.005907216145356827,-0.006988467926667424,0.05173231246099662,-0.04465088549090304,0.3583860310000001,-0.19256476503561223,1.0,0.06666666666666667,1.9920279440699407e-06,-0.001,0.00019227446944279115,-0.01,0.014304672099999999,-0.1
alcohol_47,alcohol,alcohol\alcohol_47.csv,Period_II,Day 10,10,Period II Day 10,batch3,new,23.0,0.46938775510204084,0.022826179114804772,-0.020776603341838902,0.2136281371618831,-0.14364357077013118,1.3161773438861852,-0.6468883445059295,10.0,0.0423728813559322,0.008945300112891963,-0.007663896637079884,0.08479197757692747,-0.05578816853722068,0.5651548112781639,-0.22604618799547596,4.0,0.01818181818181818,0.003952560805412246,-0.0037304859016499595,0.03571738944495654,-0.025326358172864587,0.19926287479669083,-0.14355083661731244,9.0,0.03383458646616541,0.008883404538324495,-0.004804996687500547,0.07949228384745109,-0.03422111073909909,0.4070046428043457,-0.1758671987058772,25.0,0.5208333333333334,0.024727313322984473,-0.020638474410677267,0.224680481317475,-0.1443448983986019,1.1639292193302735,-0.6480752471153783,1.0,0.06666666666666667,2.9880389151256716e-06,-0.0001791752579554614,0.00028838162474836317,-0.00823860956680041,0.021164204889999982,-0.09989388833880036
alcohol_48,alcohol,alcohol\alcohol_48.csv,Period_II,Day 11,11,Period II Day 11,batch3,new,7.0,0.15217391304347827,0.006983067724818178,-0.006206679885372278,0.06836532020387702,-0.04314444161002865,0.5770481898886939,-0.23666345715670983,4.0,0.017543859649122806,0.00399004384541912,-0.00287460124458651,0.03904249113217104,-0.020325062866928877,0.33194506028167103,-0.13293736600051928,2.0,0.009478672985781991,0.0019940269112106303,-0.0019625993465138946,0.019426130734793427,-0.016351934518397702,0.15988402503910001,-0.10309383534465205,3.0,0.011811023622047244,0.0020069293706596043,-0.0030159205160433453,0.020632589138441768,-0.02801091147360322,0.22573186130015796,-0.15777145351894994,9.0,0.19148936170212766,0.008991002000000001,-0.009533325626121213,0.089102,-0.0688932904995278,0.812,-0.4225022344375059,1.0,0.07692307692307693,9.999999999999159e-07,-0.001,9.99999999999994e-05,-0.01,0.009999999999999995,-0.1
alcohol_49,alcohol,alcohol\alcohol_49.csv,Period_II,Day 11,11,Period II Day 11,batch3,new,4.0,0.09090909090909091,0.003986079635255744,-0.0048162306067160016,0.03867646270048991,-0.042040232407726516,0.31328405971522844,-0.21729242712563607,3.0,0.013333333333333334,0.002992015980014994,-0.005477307881190158,0.02921580149401,-0.03437978788868825,0.23414410000000005,-0.13542033419520474,3.0,0.014285714285714285,0.0029850618213754184,-0.002962092020073579,0.028560247024662172,-0.025845553441034896,0.19733973804910004,-0.11878983470363046,3.0,0.012,0.002987073683038428,-0.004825507567042621,0.028770921571281034,-0.03328491461405548,0.22045804299982452,-0.21620674265398207,7.0,0.15555555555555556,0.0069701007136806995,-0.0072452781163058165,0.06709819691537228,-0.05494628790934282,0.477990972220771,-0.2511163396300943,0.0,0.0,0.0,-9.999999999999159e-07,0.0,-9.99999999999994e-05,0.0,-0.009999999999999995
alcohol_50,alcohol,alcohol\alcohol_50.csv,Period_II,Day 11,11,Period II Day 11,batch3,new,6.0,0.2608695652173913,0.004993960298804378,-0.005456198117570321,0.0493628834150008,-0.03348565267845934,0.420779666899158,-0.14759266545138727,6.0,0.03296703296703297,0.004995983107661704,-0.006360832864911036,0.049584046794672494,-0.039901467591731715,0.45102107976581,-0.17650904998032346,3.0,0.017857142857142856,0.0029950049970010003,-0.00392138344147776,0.0295049701,-0.03322614004061507,0.25471,-0.1589490226604138,4.0,0.01834862385321101,0.0020128895024355774,-0.006120762817451225,0.021193886722664562,-0.045789414283131505,0.25675768222261225,-0.24414942727823946,7.0,0.25925925925925924,0.00599298010971649,-0.006644008849225107,0.05928107208496493,-0.04776151682224112,0.5185952798509,-0.18254242940941703,0.0,0.0,0.0,-0.001,0.0,-0.01,0.0,-0.1
alcohol_51,alcohol,alcohol\alcohol_51.csv,Period_II,Day 11,11,Period II Day 11,batch3,new,3.0,0.12,0.002994006996001,-0.0029462199630672908,0.029406960100000004,-0.024933508711056592,0.24661000000000002,-0.14500166871775394,4.0,0.02185792349726776,0.0029939990398812092,-0.003951519717207792,0.029399388307500877,-0.03558365208197162,0.24199678440100003,-0.1841145354330741,3.0,0.017341040462427744,0.0020029611595807897,-0.0038434335029372026,0.020262558780055385,-0.02765393826537426,0.20349116186581004,-0.1482768443013416,4.0,0.018691588785046728,0.0020059452114570006,-0.003760882701307747,0.020547066588556262,-0.026203104194212547,0.22163894626681002,-0.2,4.0,0.13793103448275862,0.003995002,-0.002953553355847082,0.039502,-0.025821007155347922,0.3520000000000001,-0.12646836778455245,0.0,0.0,0.0,-3.8973513822146595e-06,0.0,-0.00031530502836408375,0.0,-0.013183836839538485
alcohol_52,alcohol,alcohol\alcohol_52.csv,Period_II,Day 12,12,Period II Day 12,batch3,new,10.0,0.2127659574468085,0.008987957289963718,-0.0029323061750742164,0.08875980876597313,-0.02426126233386989,0.7579529769446619,-0.11204543106573547,6.0,0.02631578947368421,0.004997002999,-0.001000956932890672,0.04970299,-0.010064261160208471,0.47290000000000004,-0.10009697737297876,3.0,0.014563106796116505,0.0019970029990000002,-0.001001949836841312,0.01970299,-0.01016695318115128,0.17290000000000003,-0.10159017823429031,4.0,0.016129032258064516,0.0020098400494735938,-0.003712653682450264,0.020849100165208898,-0.02370973573685757,0.2105475370750191,-0.1436211232722115,7.0,0.14583333333333334,0.005918084441442393,-0.0035858829332952166,0.05399257420434309,-0.02026521933706764,0.4251687252615304,-0.11256442192071181,1.0,0.08333333333333333,0.001,0.0,0.01,0.0,0.1,0.0
alcohol_53,alcohol,alcohol\alcohol_53.csv,Period_II,Day 12,12,Period II Day 12,batch3,new,13.0,0.28888888888888886,0.01290350482073296,-0.004462349630716094,0.12078596535303937,-0.026903367404690834,0.6816859149010429,-0.14794119796526578,5.0,0.022321428571428572,0.003991023890454638,-0.001972381563664554,0.03912294426453587,-0.01755257586254404,0.32645108867905354,-0.10568288844721302,3.0,0.014705882352941176,0.0019970029990000002,-0.0019355579365072887,0.01970299,-0.01609546955139439,0.17290000000000003,-0.10782416265326075,6.0,0.025,0.003971208773007133,-0.004358533939111789,0.03729824990453054,-0.034472035747807495,0.23910752341890457,-0.16390771064933748,13.0,0.2765957446808511,0.012904394995738817,-0.008745249792095004,0.12078611193536548,-0.06510650503001236,0.9124590000000001,-0.2823717589910272,1.0,0.09090909090909091,9.999999999999159e-07,-0.001,9.99999999999994e-05,-0.01,0.009999999999999995,-0.1
alcohol_54,alcohol,alcohol\alcohol_54.csv,Period_II,Day 12,12,Period II Day 12,batch3,new,8.0,0.18181818181818182,0.007974067871165853,-0.0010012094281656085,0.07746672645290631,-0.010269666695349122,0.5966207389000001,-0.12025144796340607,5.0,0.02242152466367713,0.004981083727674699,-0.0010772749010067198,0.04818133631637228,-0.012448663379487631,0.372331972220771,-0.11579360217240328,3.0,0.014563106796116505,0.0029830975952341333,-8.247462272134467e-05,0.02839406087939727,-0.006391113119745349,0.19735217649882453,-0.12633122656712525,4.0,0.016877637130801686,0.00398605878758479,-0.0010872131667161167,0.03865692740674516,-0.014872391216555841,0.3025169543207711,-0.14781430658247274,13.0,0.28888888888888886,0.012969070836280645,-0.0019015234723122106,0.12696938774640543,-0.01363573007373453,1.0523166161100002,-0.1410001365830977,1.0,0.09090909090909091,9.045542861479592e-05,-0.001,0.004196390967728675,-0.01,0.07306016595058891,-0.1
alcohol_55,alcohol,alcohol\alcohol_55.csv,Period_II,Day 12,12,Period II Day 12,batch3,new,11.0,0.24444444444444444,0.010807571530075048,-0.00269837572184475,0.09285232784581134,-0.014921308517710492,0.39909714025999254,-0.10012524920289298,6.0,0.02666666666666667,0.004936587754031286,-0.0019399820724512401,0.04415937019027163,-0.01543131357702427,0.24275724449228217,-0.10076143184724784,3.0,0.014423076923076924,0.0029693037706969047,-0.0010000253951423113,0.02718479931096872,-0.010010508290288125,0.1575604314253143,-0.10000105813505426,6.0,0.024896265560165973,0.005891468493445231,-0.002,0.05034774165505403,-0.02,0.2632029117811242,-0.2,9.0,0.19148936170212766,0.008890153767821575,-0.001,0.07998354002179862,-0.01,0.43105494470586647,-0.1,1.0,0.09090909090909091,2.060287757373806e-05,-0.00015608414165011277,0.0009733958707361743,-0.007838426070167239,0.030897873324347944,-0.09945665677111912
alcohol_56,alcohol,alcohol\alcohol_56.csv,Period_II,Day 13,13,Period II Day 13,batch3,new,31.0,0.5535714285714286,0.030466588086106108,-0.008378061057139742,0.26351080827141027,-0.05149444272623358,1.2281959024145663,-0.19583082393236764,8.0,0.03319502074688797,0.007871055356253868,-0.0028913602935171424,0.06875215069583508,-0.021601921780043616,0.3555083984925954,-0.11214486541093792,3.0,0.013392857142857142,0.002979099715539286,-0.001,0.02799720329267521,-0.01,0.19,-0.1,8.0,0.029850746268656716,0.00784676159297365,-0.0038564664950432558,0.066871685410206,-0.028925209966871757,0.33543463821534925,-0.1483904731121849,29.0,0.5087719298245614,0.02856392890796058,-0.006714966507017574,0.2526594463760673,-0.04744234857580103,1.4960598547131307,-0.20454643952516793,1.0,0.07142857142857142,0.001,-0.001,0.01,-0.01,0.1,-0.1
alcohol_57,alcohol,alcohol\alcohol_57.csv,Period_II,Day 13,13,Period II Day 13,batch3,new,21.0,0.3888888888888889,0.020887370159381337,-0.0037735774913135816,0.19906271664962583,-0.025935584109684107,1.2691031571380003,-0.12528558526468359,7.0,0.029535864978902954,0.006966135544387324,-0.001000879797032764,0.06673156549581577,-0.010027625166769921,0.4612112371508044,-0.10000001390084524,3.0,0.013574660633484163,0.002003904637334128,-0.001,0.02031014055885917,-0.01,0.18780051386407443,-0.1,6.0,0.022900763358778626,0.003996883965491062,-0.0010684705454959867,0.03959226231761957,-0.013701265320760006,0.3166424959590916,-0.1425549695608984,23.0,0.41818181818181815,0.0228615016460418,-0.0019688506876969314,0.21658972870384025,-0.016994231989181735,1.4150628856890537,-0.10899922451495278,1.0,0.07142857142857142,0.001,-7.856815182785768e-05,0.01,-0.003367991385160622,0.1,-0.06923800223113755
alcohol_58,alcohol,alcohol\alcohol_58.csv,Period_II,Day 14,14,Period II Day 14,batch3,new,18.0,0.45,0.017585819186958722,-0.004714398348427127,0.15165578880163966,-0.02979279535293549,0.7290171102698769,-0.14819607392756587,7.0,0.03349282296650718,0.00594137289303231,-0.003767261470304528,0.05446278815884987,-0.024190040967007928,0.2771056357274305,-0.12536850736027869,4.0,0.02072538860103627,0.0029870142292206933,-0.0028465875755288,0.028716138783445568,-0.019232888806329625,0.1950333290088757,-0.12366446436021623,7.0,0.029288702928870293,0.004930867216378094,-0.005783896681904813,0.04381584654931171,-0.042735276974350575,0.2659779334057208,-0.2142630153390835,20.0,0.4878048780487805,0.019510489337669166,-0.004689842319707453,0.1578653189876116,-0.028804721279167188,0.9205965539998247,-0.1464596570539148,1.0,0.07142857142857142,2.901449097707557e-05,-0.001,0.001362736513236153,-0.01,0.03428008210000001,-0.1
alcohol_59,alcohol,alcohol\alcohol_59.csv,Period_II,Day 14,14,Period II Day 14,batch3,new,17.0,0.4594594594594595,0.01655952323939292,-0.004412992341635753,0.13196266477825602,-0.023643509795756804,0.5331509066775738,-0.12712896089982453,7.0,0.034653465346534656,0.0059109684781756796,-0.0019417162671515169,0.051912115213958374,-0.015993193127314308,0.2932074127794516,-0.11057770170694305,4.0,0.021164021164021163,0.0029761210719365006,-0.0018589884196106412,0.027721297511960244,-0.012793753670351826,0.18959875901130613,-0.10001423174236189,7.0,0.030303030303030304,0.004949316286572754,-0.0012217502866255698,0.04523093999350842,-0.020448435362842826,0.26308232373162005,-0.20636465321430777,19.0,0.5,0.018532983422728043,-0.0027853217402502243,0.14968934893384808,-0.01657307468704753,0.7637050999999999,-0.10608774889916288,0.0,0.0,0.0,0.0,0.0,0.0,0.0,0.0
alcohol_60,alcohol,alcohol\alcohol_60.csv,Period_II,Day 14,14,Period II Day 14,batch3,new,18.0,0.5806451612903226,0.01657471162266933,-0.008117390599131556,0.13292253416627975,-0.048607178631639325,0.6544968025023237,-0.20211419527642396,8.0,0.0425531914893617,0.007792802636842645,-0.0037137367702841993,0.062320389241184826,-0.022775639310619756,0.410259331,-0.1297302315918582,4.0,0.021739130434782608,0.0029910110208962036,-0.0028914010762226402,0.029111199801510876,-0.022599333078682986,0.22224088440100004,-0.1429829118694902,8.0,0.03902439024390244,0.005754932732840992,-0.004905842592240423,0.04492614419765395,-0.04036393506412922,0.3012197153062559,-0.22899840907885105,15.0,0.5,0.013614452675375208,-0.005492457918025239,0.10796258310659676,-0.031191796906384343,0.8898849076531281,-0.18790921050465093,0.0,0.0,0.0,0.0,0.0,0.0,0.0,0.0
alcohol_61,alcohol,alcohol\alcohol_61.csv,Period_II,Day 15,15,Period II Day 15,batch3,new,5.0,0.10869565217391304,0.004907170780666508,-0.00195769732491334,0.04168458994667861,-0.016381001620764685,0.19258866541821834,-0.1075216242426299,2.0,0.009216589861751152,0.001981170034864399,-4.427058935887844e-05,0.01826168623835587,-0.0026686758576830007,0.11350851717672994,-0.08490743604689917,2.0,0.009433962264150943,0.001988081593540504,-0.0010531954458058873,0.01887807009480419,-0.012528551853079276,0.1330090117432769,-0.1311110230631657,6.0,0.02654867256637168,0.003625525153742656,-0.0038731151741208275,0.026822888548864013,-0.03083810342211627,0.17210774452644934,-0.21653261863114634,9.0,0.21951219512195122,0.00880856080399899,-0.0035191825381846904,0.07296544737536323,-0.02391451385676014,0.36077869000000007,-0.1424752079509764,1.0,0.07692307692307693,0.001,-3.536124002647507e-06,0.01,-0.00020744870912642148,0.1,-0.012824295364810001
alcohol_62,alcohol,alcohol\alcohol_62.csv,Period_II,Day 15,15,Period II Day 15,batch3,new,8.0,0.1702127659574468,0.007876637656551357,-0.0037065697511404995,0.06900120440909846,-0.025290844860571697,0.329287915817439,-0.1360344101491,3.0,0.0136986301369863,0.002955675381320523,-0.001,0.026112386510344247,-0.01,0.14381959581098944,-0.1,3.0,0.014354066985645933,0.0019704466994815307,-0.001,0.0174104447118031,-0.01,0.10624191327237584,-0.10003481217751678,5.0,0.02092050209205021,0.003956435093293442,-0.0019932846257223976,0.03601726148830886,-0.018957738262208167,0.2185800944373075,-0.15312001642164244,13.0,0.3023255813953488,0.012771255653404597,-0.004681855008866092,0.10976989973438694,-0.032300093780150384,0.4546551718238103,-0.14403149190218362,1.0,0.07692307692307693,0.001,-0.001,0.01,-0.01,0.1,-0.1
alcohol_63,alcohol,alcohol\alcohol_63.csv,Period_II,Day 15,15,Period II Day 15,batch3,new,14.0,0.3333333333333333,0.013588863205119879,-0.006892966236652746,0.11271328279052202,-0.0389579827341581,0.5326471169200001,-0.1514878978616927,6.0,0.029411764705882353,0.004944392220733201,-0.0035515386402924856,0.04477671112801134,-0.021307313607421774,0.245071,-0.10400445276785515,5.0,0.025252525252525252,0.0039563321989274265,-0.002835627644982729,0.03591667694693141,-0.01906618216355736,0.23676700474810003,-0.11355103901171637,12.0,0.05555555555555555,0.007601215766692998,-0.012730345066669459,0.0555788863586226,-0.07653795105671245,0.35645872248658106,-0.5881677899626055,16.0,0.43243243243243246,0.014816224786786156,-0.007805758446179637,0.13267925691397703,-0.045384841117058164,0.8264478303110001,-0.1925018039166873,1.0,0.07142857142857142,2.8502061050541595e-05,-0.001,0.001252392867212392,-0.01,0.04159461822614442,-0.1
alcohol_64,alcohol,alcohol\alcohol_64.csv,Period_II,Day 17,17,Period II Day 17,batch3,new,10.0,0.19230769230769232,0.008376083815698956,-0.0028372512188882624,0.07028718808697114,-0.018688878907204755,0.6277242953648101,-0.12099980092954624,3.0,0.013636363636363636,0.002003953202420209,-0.001,0.020354973092254834,-0.01,0.208532045679229,-0.1,2.0,0.009302325581395349,0.0019970029990000002,-0.001,0.01970299,-0.01,0.17290000000000003,-0.10005111244269758,4.0,0.017241379310344827,0.0029604356511341925,-0.001961261447810417,0.026421501978086154,-0.017107888419999228,0.19937690765312796,-0.14623280765312793,15.0,0.32608695652173914,0.01349949188413881,-0.005552940026831618,0.09954236985798413,-0.03493431702676565,0.8253263846103062,-0.1651738348209941,0.0,0.0,0.0,0.0,0.0,0.0,0.0,0.0
alcohol_65,alcohol,alcohol\alcohol_65.csv,Period_II,Day 17,17,Period II Day 17,batch3,new,15.0,0.2830188679245283,0.014858862444082473,-0.007003953454421034,0.13663141313716234,-0.044076082547594105,0.7776027502816711,-0.14397790510369338,5.0,0.02262443438914027,0.004958265965769561,-0.0018770181846290205,0.046056902133347295,-0.0126436490461208,0.3629,-0.10982079865208812,3.0,0.014018691588785047,0.0029890279550509585,-0.0019620052037301943,0.028927555059219304,-0.016928749126051662,0.21397113100000004,-0.10445579146316591,6.0,0.02564102564102564,0.004932616227994997,-0.003738917562197643,0.04379113916955299,-0.024299458605595094,0.25315740742919807,-0.15311249051784234,20.0,0.425531914893617,0.018618345101033516,-0.00806523991870962,0.1602151443731244,-0.052569014276919554,0.799624352562796,-0.21041203240565037,1.0,0.038461538461538464,0.001,-0.001,0.01,-0.01,0.1,-0.1
alcohol_66,alcohol,alcohol\alcohol_66.csv,Period_II,Day 17,17,Period II Day 17,batch3,new,11.0,0.2037037037037037,0.01084134727694867,-0.003805343748610218,0.09528063820774846,-0.02570420753961533,0.6099865318100002,-0.13917251611000003,4.0,0.01818181818181818,0.0029900220127597917,-6.540429179544287e-05,0.02902210667781381,-0.004186167841921169,0.22154781579922903,-0.09165345331661959,4.0,0.018779342723004695,0.002926369521054387,-0.001,0.02373321385973226,-0.01,0.14772403655366187,-0.1,7.0,0.030042918454935622,0.00483410905537216,-0.002009770686735967,0.036576982324266316,-0.020793062628975845,0.18460409745452974,-0.2094669660639074,14.0,0.2916666666666667,0.013596010596629935,-0.005546691140765102,0.11208851928904727,-0.035081033036743745,0.5097498561380001,-0.17598231099903702,1.0,0.037037037037037035,0.001,-2.1984219672433955e-05,0.01,-0.0012357993197803958,0.1,-0.04105090793170526
alcohol_67,alcohol,alcohol\alcohol_67.csv,Period_II,Day 17,17,Period II Day 17,batch3,new,20.0,0.3333333333333333,0.01977167114032618,-0.013071460455646583,0.1785945676372146,-0.08023860699663936,0.8842388226540419,-0.3322908023800134,5.0,0.022026431718061675,0.003973064877573039,-0.0028725195073550933,0.0373718134131532,-0.020522327890405787,0.22455873261021728,-0.11400600885931497,3.0,0.014354066985645933,0.0020019057949340864,-0.001002788724825713,0.020112596602965487,-0.010196059601,0.17570052825394028,-0.116561,6.0,0.024193548387096774,0.003957055616836912,-0.005515273388902238,0.035812527617120046,-0.03405697513792358,0.22695630786335802,-0.18611510541150228,22.0,0.4230769230769231,0.020782528325753488,-0.012783747045558985,0.18956185174387044,-0.0764601129982845,0.8996790980425532,-0.30865079927576367,1.0,0.037037037037037035,9.481895017468588e-05,-0.00010606413873605824,0.004542408966505457,-0.004482102411967077,0.06795868751094869,-0.08305806499893557
alcohol_68,alcohol,alcohol\alcohol_68.csv,Period_II,Day 17,17,Period II Day 17,batch3,new,21.0,0.38181818181818183,0.017857057594581716,-0.01378679949608869,0.1538482873574534,-0.08285105509644478,0.809217698765498,-0.3292923038232701,4.0,0.018018018018018018,0.003961333626979459,-0.004645664110213536,0.03641346949899446,-0.02819665327041878,0.19999843214488855,-0.124377738807931,3.0,0.014285714285714285,0.002773233810333597,-0.003745258400968378,0.01852916090887549,-0.023990356093546685,0.12206551505812106,-0.1509798039984983,8.0,0.03319502074688797,0.006503893670950304,-0.007340142647040835,0.04308730434299725,-0.04215363440014089,0.29423392725233577,-0.18151522556659866,22.0,0.4489795918367347,0.020100412634230937,-0.011625966212381413,0.16299199844263293,-0.07170435571444311,0.8534382629473615,-0.322527891848575,1.0,0.037037037037037035,0.001,-5.8795083393090985e-06,0.01,-0.0004920119171274683,0.1,-0.025362194400999988
acetone_69,acetone,acetone\acetone_69.csv,Period_III,Day 18,18,Period III Day 18,batch4,new,12.0,0.23529411764705882,0.01171313783620146,-0.004537124999422321,0.10109152053216304,-0.02842963219553052,0.7194160000000002,-0.14448692611000002,14.0,0.06334841628959276,0.013616245323565132,-0.005502825804550225,0.10755946159744667,-0.035120795153304414,0.6457060000000001,-0.14461230758514904,1.0,0.004651162790697674,0.001,-0.00196368247223328,0.01,-0.016912360514823744,0.1,-0.10282284415110879,11.0,0.048672566371681415,0.010753307850751494,-0.006391201863760221,0.08920307120020933,-0.042243771323461195,0.5234070429998245,-0.22624544560369353,16.0,0.37209302325581395,0.01594609886220766,-0.004592687328870089,0.15469764046358414,-0.02747933822135626,1.1633122155990003,-0.14304672100000004,0.0,0.0,0.0,-0.001,0.0,-0.01,0.0,-0.1
acetone_70,acetone,acetone\acetone_70.csv,Period_III,Day 18,18,Period III Day 18,batch4,new,23.0,0.45098039215686275,0.02280805387096658,-0.0072313553514794715,0.21171776328258257,-0.04763033549152578,1.1374759499054243,-0.19788792623086332,24.0,0.10909090909090909,0.02367153735671438,-0.008529399135501423,0.21170857826285944,-0.055143907653192215,1.132200245270234,-0.20560457738570775,2.0,0.009302325581395349,0.0019900458712456643,-0.0010047751762728748,0.01904473426733553,-0.0103154133924648,0.13525526449900002,-0.10045552748312962,18.0,0.07929515418502203,0.016537020485697284,-0.007921129943372986,0.14502068838677495,-0.047563216757766966,0.7904643953626294,-0.22404648748460543,29.0,0.6744186046511628,0.027782155736921416,-0.0056038248319608954,0.25921833636216357,-0.03761575820516963,1.4354168672729333,-0.2033756940352822,0.0,0.0,0.0,-0.001,0.0,-0.01,0.0,-0.1
acetone_71,acetone,acetone\acetone_71.csv,Period_III,Day 18,18,Period III Day 18,batch4,new,39.0,0.7647058823529411,0.038158295625557545,-0.016921180691640763,0.320341500664694,-0.10882068151888892,1.7722444457200002,-0.4114951856990152,42.0,0.19090909090909092,0.04084668291051443,-0.019239347765561323,0.33786989471729095,-0.11844812209271725,1.5041439701480002,-0.3862181177388345,3.0,0.014018691588785047,0.0029761710492349097,-0.001954089661379336,0.027762860289923093,-0.01625081203877,0.16735910671986975,-0.1008518555921798,29.0,0.1277533039647577,0.02744066590658065,-0.01570419185648616,0.22959243622156497,-0.08614835653073331,1.048311554712537,-0.28960425362482434,36.0,0.8181818181818182,0.035562327360113395,-0.011350741726055564,0.3190746380153859,-0.0743072070167237,1.5638474281834407,-0.30814685210383896,1.0,0.08333333333333333,4.427634930328356e-06,-0.001,0.0002301904572131544,-0.01,0.010717897987691849,-0.1
acetone_72,acetone,acetone\acetone_72.csv,Period_III,Day 18,18,Period III Day 18,batch4,new,27.0,0.5294117647058824,0.026800756089091042,-0.00650289995685807,0.25073925121904905,-0.042197124071876285,1.8356231282107711,-0.20557611636481005,29.0,0.1318181818181818,0.02874028125238179,-0.008177011621841855,0.26513994915782346,-0.05040196898662235,1.7390273502195517,-0.18138705364810004,2.0,0.009345794392523364,0.0019960129541197903,-0.001,0.01961255179249912,-0.01,0.16941321559900002,-0.1,18.0,0.07929515418502203,0.01675692281024638,-0.008184839090020716,0.1473346911500296,-0.04974451553845563,0.8576524393134044,-0.20955408940890452,26.0,0.5909090909090909,0.025891242473585,-0.0066091681001405325,0.24933787411625982,-0.0448137068711764,1.8792330709791334,-0.20865672100000004,1.0,0.08333333333333333,4.810603827978561e-06,-0.001,0.00036568451186579955,-0.01,0.014619381294135286,-0.1
acetone_73,acetone,acetone\acetone_73.csv,Period_III,Day 18,18,Period III Day 18,batch4,new,15.0,0.29411764705882354,0.014805443483796157,-0.0052776904734476195,0.13177859541909026,-0.03062134946536437,0.7363448733908183,-0.15532612579915797,16.0,0.07239819004524888,0.015803386446816448,-0.006474861691107901,0.14152946742161285,-0.038969299339533386,0.73579712491,-0.16099542551848803,2.0,0.009389671361502348,0.001000999,-0.0010107194880195742,0.010099,-0.010394511791831805,0.109,-0.10001337726990574,14.0,0.06167400881057269,0.012812644715275948,-0.007618619292096742,0.11265665680491829,-0.053613836553944916,0.607091349539489,-0.29294922847631666,18.0,0.4090909090909091,0.017818064650908273,-0.0051716813373669755,0.1627268091366102,-0.03193229982727688,1.038492424829858,-0.15479468479915795,0.0,0.0,0.0,-0.001,0.0,-0.01,0.0,-0.1
acetone_74,acetone,acetone\acetone_74.csv,Period_III,Day 19,19,Period III Day 19,batch4,new,28.0,0.5714285714285714,0.026676943877335737,-0.013944280023839264,0.2116605755922111,-0.0865695913299473,1.065624582150443,-0.34132978372308553,30.0,0.1382488479262673,0.028569337818419957,-0.015686170628827687,0.221126961839633,-0.09400104364109542,1.04732215086459,-0.29941103962150273,2.0,0.009345794392523364,0.0019531108968798942,-0.001913163101937441,0.01617290140942288,-0.014109964323531758,0.1006362685441136,-0.10074896573605965,21.0,0.09767441860465116,0.019668876080945193,-0.012270763772109262,0.14536751559557612,-0.0640290836395297,0.6941272012823272,-0.25508733212086976,26.0,0.6046511627906976,0.025577955074794635,-0.009882805616360499,0.22114878917482553,-0.06358865220570241,1.5338000000000003,-0.2786575915821113,1.0,0.07692307692307693,0.00010415856053805372,-0.001,0.004772548511228927,-0.01,0.08202962254919215,-0.1
acetone_75,acetone,acetone\acetone_75.csv,Period_III,Day 19,19,Period III Day 19,batch4,new,40.0,0.8163265306122449,0.03976768668178129,-0.010305221151515203,0.3773749765838926,-0.06344347237399872,2.71634557,-0.2558133945909219,39.0,0.17972350230414746,0.03872202949439027,-0.013522291778495746,0.36310733390928157,-0.08206523963852434,2.4307882230000004,-0.2737357090229061,3.0,0.014084507042253521,0.002991024943094894,-0.0010044619427186366,0.029124439394766506,-0.010159367323408736,0.23015135890000005,-0.10000032191080398,22.0,0.102803738317757,0.021787151503177588,-0.01111854967652233,0.19971235546310437,-0.05971880756035255,1.310035216112185,-0.20512101431425228,41.0,0.9761904761904762,0.040777634765097076,-0.0069795802208980125,0.38832383623944955,-0.04541659931094695,2.5555969054463388,-0.17329462870137094,0.0,0.0,0.0,-9.999999999999159e-07,0.0,-9.99999999999994e-05,0.0,-0.009999999999999995
acetone_76,acetone,acetone\acetone_76.csv,Period_III,Day 19,19,Period III Day 19,batch4,new,34.0,0.7083333333333334,0.031627685730078986,-0.013685367247508788,0.27592961021222007,-0.09132933340060266,1.9190878910184872,-0.3903381840639102,35.0,0.16129032258064516,0.03250708174716552,-0.015163971672434665,0.28419692291072374,-0.09932756708358485,1.6837838228804483,-0.36269286816810886,2.0,0.009389671361502348,0.0010099322493701596,-0.0010029142080812728,0.010934438045261959,-0.010224159175492352,0.15170713682671,-0.10141827208550415,22.0,0.10377358490566038,0.020060986888684892,-0.010637913532226453,0.16921100741931175,-0.056696952301598005,1.143039730188852,-0.23606379987460432,36.0,0.8571428571428571,0.03588617882610297,-0.007619245199107634,0.34877727026605,-0.05355732962287791,2.8028850000000003,-0.25346165271060894,0.0,0.0,0.0,-0.001,0.0,-0.01,0.0,-0.1
acetone_77,acetone,acetone\acetone_77.csv,Period_III,Day 20,20,Period III Day 20,batch4,new,47.0,1.146341463414634,0.046549371502135894,-0.013353465275325705,0.4269970576185171,-0.07904742392843736,2.3900188339657245,-0.28100397602176785,51.0,0.2524752475247525,0.049541275931691484,-0.01763623955519281,0.45611345874084963,-0.09995727280084428,2.5179164123969118,-0.3294046533876709,5.0,0.025510204081632654,0.0039750731138863986,-0.001,0.037573958539398836,-0.01,0.228799699434348,-0.1,24.0,0.11059907834101383,0.02265774567211038,-0.011709643010325448,0.2034570724648582,-0.0637738312268654,1.1817544485324023,-0.26033759313202076,43.0,1.1944444444444444,0.041732870301628935,-0.01016345280988351,0.3940551645166011,-0.06089290089854573,2.5636080113209463,-0.2609587900868287,0.0,0.0,0.0,0.0,0.0,0.0,0.0,0.0
acetone_78,acetone,acetone\acetone_78.csv,Period_III,Day 20,20,Period III Day 20,batch4,new,31.0,0.7380952380952381,0.030514146519111683,-0.013588857950875093,0.27555026181048603,-0.07949267122942637,1.4506187149733514,-0.29300122523832683,36.0,0.17560975609756097,0.03545949080604472,-0.018347440203619166,0.3097732143272504,-0.10407967943442012,1.5535593097214515,-0.2916818916176795,3.0,0.015151515151515152,0.0029741653279268623,-0.001937726180287522,0.027559449024327054,-0.015151255964555712,0.17371000000000003,-0.10093650741866474,18.0,0.0821917808219178,0.01775714448408682,-0.0141659407144362,0.15752103524287897,-0.07594640312691969,0.7786734451974511,-0.2727148894668231,32.0,0.8648648648648649,0.031725487071772716,-0.01131452429707578,0.293835443724132,-0.07009330544544114,1.5918194772430507,-0.33666686697515386,0.0,0.0,0.0,0.0,0.0,0.0,0.0,0.0
acetone_79,acetone,acetone\acetone_79.csv,Period_III,Day 20,20,Period III Day 20,batch4,new,23.0,0.5348837209302325,0.022781122229134212,-0.00638754450761988,0.2090890985234051,-0.04313880387693332,1.203873411,-0.17521673200087878,25.0,0.12135922330097088,0.02465360112470879,-0.007862741811206239,0.22007817798655466,-0.04943024725840262,1.2141596810180004,-0.18830447158785574,2.0,0.010050251256281407,0.001994014980014994,-0.001,0.019414801494010002,-0.01,0.15314410000000003,-0.10003381240384307,14.0,0.0639269406392694,0.013873728635578385,-0.007144380360774311,0.12799961607934168,-0.04404847727864371,0.80672989422087,-0.21051430431043938,27.0,0.7105263157894737,0.026852418263884237,-0.007837590564392295,0.2556117177447288,-0.05486832852113693,1.7229621000000002,-0.20986512182684514,0.0,0.0,0.0,0.0,0.0,0.0,0.0,0.0
acetone_80,acetone,acetone\acetone_80.csv,Period_III,Day 20,20,Period III Day 20,batch4,new,36.0,0.8372093023255814,0.0347708401181449,-0.01088494909945252,0.3278233760685946,-0.06951925195472868,1.9453463557032764,-0.2639298684773331,40.0,0.1941747572815534,0.03952403309344,-0.013548618016262344,0.35502048746850673,-0.07904518347826167,2.0473634154000004,-0.2642427585141663,3.0,0.01507537688442211,0.0029880339400709436,-0.001,0.028833407044279197,-0.01,0.20865672100000004,-0.1,19.0,0.08597285067873303,0.016817022040232717,-0.007438286741419726,0.15259546118830938,-0.04419712863579689,0.9472478442429799,-0.2171586400020506,37.0,0.9487179487179487,0.0368503614146545,-0.008877198152855398,0.35535620500252196,-0.05562566549234637,2.5094745139000003,-0.21596502803932283,0.0,0.0,0.0,0.0,0.0,0.0,0.0,0.0
acetone_81,acetone,acetone\acetone_81.csv,Period_III,Day 21,21,Period III Day 21,batch4,new,45.0,1.0227272727272727,0.04466675349574033,-0.0128493085288735,0.4181884537650843,-0.08311718750487984,2.4097042933138724,-0.35522922051428674,44.0,0.21153846153846154,0.043294071254821556,-0.015437430694200161,0.39248627563006155,-0.09994899704234171,2.3244664133386834,-0.33229982273367153,3.0,0.015,0.0029702662757755027,-0.0010009801888648294,0.02725151580397675,-0.010081790693759723,0.1559162298878277,-0.1012157665459057,30.0,0.14705882352941177,0.027380097162395402,-0.013832444274090222,0.1981410718444759,-0.07616701851406218,1.0336706051726376,-0.28991840836403937,35.0,0.9210526315789473,0.03475526081872013,-0.00939131568120977,0.32661581714032656,-0.0628069167971239,1.9259897769917154,-0.3190760277698192,1.0,0.09090909090909091,2.9702130370874626e-06,-0.001,0.00027204642163829,-0.01,0.016560999999999992,-0.1
acetone_82,acetone,acetone\acetone_82.csv,Period_III,Day 21,21,Period III Day 21,batch4,new,30.0,0.6666666666666666,0.02951858817791632,-0.009467643912598932,0.2557401610152655,-0.0596200851794023,1.97060658,-0.25211781106765674,36.0,0.1722488038277512,0.034475588638001396,-0.011124098138111462,0.30146065669337735,-0.06917697759136604,1.8439481413418133,-0.25159563641121285,3.0,0.01485148514851485,0.0020068748364201246,-0.001,0.020582051790539797,-0.01,0.2010188619723701,-0.1,21.0,0.10194174757281553,0.019540709705193365,-0.00912385842585664,0.16747206368467255,-0.05315833259782929,1.0338983865414237,-0.2152977138002087,31.0,0.7948717948717948,0.030887263606366785,-0.0056884287599603366,0.2989600964867486,-0.04015190285962666,2.1980633610000004,-0.21019341668556762,1.0,0.09090909090909091,0.001,-3.5776200681309845e-05,0.01,-0.0016347872103971602,0.1,-0.03891248705910457
acetone_83,acetone,acetone\acetone_83.csv,Period_III,Day 21,21,Period III Day 21,batch4,new,49.0,1.065217391304348,0.04879246933062362,-0.015211978842772086,0.46966336202145675,-0.09788663511391008,3.365415870000001,-0.39467021933716606,52.0,0.24528301886792453,0.05060947593351727,-0.017535022284622694,0.45937908949356976,-0.11034539021725029,2.9919465930000007,-0.3763285927899921,3.0,0.014705882352941176,0.002994006996001,-0.0018895340096574832,0.029406960100000004,-0.013085756367427962,0.24661000000000002,-0.1000004478911563,33.0,0.15789473684210525,0.031160466640499554,-0.018194923262739915,0.2470226517008709,-0.09887781847159852,1.529688697653128,-0.345398218040986,43.0,1.075,0.042656374606757926,-0.012305272510455753,0.39684457948493623,-0.08243719066376128,2.90127388,-0.39319606991188016,1.0,0.09090909090909091,0.001,-0.001,0.01,-0.01,0.1,-0.1
acetone_84,acetone,acetone\acetone_84.csv,Period_III,Day 21,21,Period III Day 21,batch4,new,90.0,1.836734693877551,0.08816408110161165,-0.010613068405323618,0.8161081019719683,-0.06683387112456747,4.81984816746481,-0.2598857824854872,85.0,0.38990825688073394,0.0839972522232295,-0.01201153859936897,0.7551270268805752,-0.07224293909920138,4.146061711910002,-0.2634065208443057,6.0,0.028708133971291867,0.004978038086297223,-0.001,0.047838801681305505,-0.01,0.3214766530101755,-0.1,58.0,0.2648401826484018,0.05568489923941644,-0.013145187104674622,0.4865642620678839,-0.07047538150805298,2.790091723921775,-0.23756098033478665,84.0,1.9534883720930232,0.08247369594818765,-0.007860563492312251,0.778868599663672,-0.04923155525691764,4.905966328445461,-0.20000580099638363,0.0,0.0,0.0,0.0,0.0,0.0,0.0,0.0
air_49,air,air\air_49.csv,Period_III,Day 18,18,Period III Day 18,batch4,new,1.0,0.02,7.127262084572644e-05,-0.001,0.0036054722501792326,-0.01,0.0662879121869493,-0.1,1.0,0.0045662100456621,4.303836208533363e-05,-0.001,0.0028303777956793785,-0.01,0.06990593629528322,-0.1,1.0,0.004672897196261682,7.525250677082066e-05,-0.001,0.0037608532803128656,-0.01,0.0732293037432043,-0.1,3.0,0.01327433628318584,0.001993048797579791,-0.001968943908806678,0.01934702690774517,-0.0175949826781664,0.16346795432077102,-0.15204302423399024,1.0,0.023255813953488372,5.106697881649932e-05,-0.001,0.002406421110853791,-0.01,0.05107515723706392,-0.1,1.0,0.08333333333333333,4.537820125688919e-06,-0.001,0.00025629934655213224,-0.01,0.010800997860549139,-0.1
air_50,air,air\air_50.csv,Period_III,Day 18,18,Period III Day 18,batch4,new,2.0,0.0392156862745098,0.0010214996296256382,-0.001,0.010421315238475275,-0.01,0.10000062215273252,-0.1,2.0,0.00909090909090909,0.0010015986079202988,-0.001,0.010021261725906935,-0.01,0.1000000000025887,-0.1,2.0,0.009389671361502348,0.0010058265431551801,-0.0019057432732144516,0.010118251978134858,-0.013716412677231758,0.10014773700095021,-0.10000548457102636,3.0,0.013157894736842105,0.001987338443780036,-0.0019970089870109953,0.01632010139700403,-0.01970887109501,0.14602111804548884,-0.1778051,2.0,0.045454545454545456,0.0010098546039236848,-0.001,0.010177477773016414,-0.01,0.10000021539724625,-0.1,0.0,0.0,0.0,0.0,0.0,0.0,0.0,0.0
air_51,air,air\air_51.csv,Period_III,Day 18,18,Period III Day 18,batch4,new,1.0,0.0196078431372549,0.00012232949198024887,-0.001,0.004675670697291797,-0.01,0.06554998047320651,-0.1,1.0,0.004545454545454545,4.921789036187955e-05,-0.001,0.0025079381621395678,-0.01,0.047898219041051286,-0.1,1.0,0.004694835680751174,3.581069481828228e-05,-0.001,0.0014155001562682467,-0.01,0.03164290062467626,-0.1,2.0,0.008771929824561403,0.00015539772222822302,-0.001,0.009621237364246684,-0.01,0.14867929313529235,-0.1,1.0,0.022727272727272728,4.810213351228777e-05,-0.001,0.0017148564502181256,-0.01,0.0381890776089349,-0.1,0.0,0.0,0.0,0.0,0.0,0.0,0.0,0.0
air_52,air,air\air_52.csv,Period_III,Day 18,18,Period III Day 18,batch4,new,1.0,0.0196078431372549,0.001,-0.001,0.01,-0.01,0.1,-0.1,1.0,0.004545454545454545,1.89042354277664e-06,-0.001,0.00013116610814491343,-0.01,0.010000049218808371,-0.1,1.0,0.004694835680751174,1.3981211835346289e-05,-0.001,0.0004955195768876399,-0.01,0.016104729884965557,-0.1,2.0,0.008771929824561403,0.0019841894718667552,-0.0010530796468697081,0.018576482562287673,-0.01277654429536721,0.13763014506824267,-0.14147009998264687,1.0,0.022727272727272728,4.92770725253589e-06,-0.001,0.00019968836403577717,-0.01,0.010797664430768725,-0.1,0.0,0.0,0.0,0.0,0.0,0.0,0.0,0.0
air_53,air,air\air_53.csv,Period_III,Day 19,19,Period III Day 19,batch4,new,2.0,0.038461538461538464,0.00012193879715109008,-0.001,0.006700502106421006,-0.01,0.09974371186773745,-0.1,2.0,0.009216589861751152,0.00025170850101932836,-0.001,0.009252128187348394,-0.01,0.1009847766663143,-0.1,2.0,0.009345794392523364,0.001,-0.001,0.01,-0.01,0.1,-0.1,4.0,0.017937219730941704,0.00013176800933207894,-0.0019624087962740846,0.008980822031586016,-0.017242823956874855,0.15242190083712115,-0.14264735214067784,2.0,0.044444444444444446,0.001,-0.001,0.01,-0.01,0.1,-0.1,1.0,0.0625,0.00016568551306084288,-4.647149936192678e-05,0.007377851336265489,-0.002153836820261103,0.09465633005120261,-0.054657860892152584
air_54,air,air\air_54.csv,Period_III,Day 19,19,Period III Day 19,batch4,new,2.0,0.04,0.00019350414160080296,-0.001,0.008676921422519246,-0.01,0.09999999176446357,-0.1,1.0,0.004629629629629629,0.00013288867919057266,-0.001,0.007069317143991177,-0.01,0.09997427589934492,-0.1,1.0,0.004694835680751174,0.000201251331195554,-0.001,0.007515424462652241,-0.01,0.09813454848087429,-0.1,4.0,0.0182648401826484,2.0774766717642813e-05,-0.0019081992225339454,0.009423864358738501,-0.015514983363492222,0.1426190822182315,-0.1407561689886262,1.0,0.022727272727272728,0.00019654797445365529,-0.001,0.00862993503791791,-0.01,0.09999999353998172,-0.1,1.0,0.06666666666666667,9.999999999999159e-07,-0.001,9.99999999999994e-05,-0.01,0.009999999999999995,-0.1
air_55,air,air\air_55.csv,Period_III,Day 20,20,Period III Day 20,batch4,new,1.0,0.02631578947368421,0.001,-9.21258795217538e-05,0.01,-0.004346433318038586,0.1,-0.09016456364579539,1.0,0.005050505050505051,0.001,-5.329617500488752e-05,0.01,-0.0029240074883319436,0.1,-0.07609931988892471,2.0,0.010362694300518135,0.0019484242760892166,-0.00017173304841366,0.01591441092002162,-0.00813803416400711,0.10210597221767453,-0.10497811449607754,3.0,0.014285714285714285,0.001970882704332639,-3.754750256831094e-05,0.017747161185763086,-0.005279581153924785,0.15635827260466967,-0.1420520296550674,1.0,0.029411764705882353,0.001,-2.1861137124772664e-05,0.01,-0.0011742945251930568,0.1,-0.04682635073153835,0.0,0.0,0.0,0.0,0.0,0.0,0.0,0.0
air_56,air,air\air_56.csv,Period_III,Day 20,20,Period III Day 20,batch4,new,1.0,0.02631578947368421,0.001,-0.001,0.01,-0.01,0.1,-0.1,2.0,0.01015228426395939,0.0010702216749274966,-0.001,0.013407223677064291,-0.01,0.11486367866623312,-0.1,2.0,0.010362694300518135,0.0019253713683694538,-0.001,0.01526540287173496,-0.01,0.10028865589602967,-0.1,4.0,0.01904761904761905,0.0020546663075340834,-0.001,0.01894985046897519,-0.01,0.15604768169114883,-0.1,1.0,0.029411764705882353,0.001,-0.001,0.01,-0.01,0.1,-0.1,1.0,0.07142857142857142,2.749753881757294e-05,-0.001,0.0008537539409271284,-0.01,0.023290965911965264,-0.1
air_57,air,air\air_57.csv,Period_III,Day 20,20,Period III Day 20,batch4,new,1.0,0.022727272727272728,0.001,-1.2722619820227645e-05,0.01,-0.0010592343257919534,0.1,-0.04070576696080353,1.0,0.004830917874396135,0.00033944828253189567,-1.2786184108829401e-05,0.009773562479580888,-0.0011044873848758269,0.09999999999999976,-0.04640671416717596,1.0,0.005025125628140704,0.00029498288356519264,-3.100925562636331e-05,0.009494276084085441,-0.002373325374455639,0.0999999999987842,-0.05254242016712251,3.0,0.013513513513513514,0.001435555949645467,-0.001,0.0209558612452855,-0.01,0.15454386775657342,-0.10186263833672105,1.0,0.02564102564102564,0.00033320291619012843,-2.990453640205014e-05,0.009639539235074678,-0.002234213134355602,0.09999999999874074,-0.051399207403768736,0.0,0.0,0.0,0.0,0.0,0.0,0.0,0.0
air_58,air,air\air_58.csv,Period_III,Day 20,20,Period III Day 20,batch4,new,1.0,0.022727272727272728,0.00011493718391977087,-0.001,0.005199710643280575,-0.01,0.09868379927035698,-0.1,2.0,0.00966183574879227,0.0010595914823430298,-0.001,0.013205262741681554,-0.01,0.10396771716624002,-0.1,2.0,0.010050251256281407,0.00016031747479485793,-0.001,0.008300687069000242,-0.01,0.10156076210597621,-0.1,4.0,0.018018018018018018,0.002019046906646489,-0.002892464075946154,0.020640175597091335,-0.0223206712189399,0.1579674561965575,-0.191,1.0,0.02564102564102564,0.00022014885963834204,-0.001,0.00858713145851339,-0.01,0.09998376694815315,-0.1,0.0,0.0,0.0,0.0,0.0,0.0,0.0,0.0
air_59,air,air\air_59.csv,Period_III,Day 21,21,Period III Day 21,batch4,new,2.0,0.043478260869565216,0.001,-0.0010039287460347837,0.01,-0.010334956599483053,0.1,-0.1079708522173772,3.0,0.014354066985645933,0.001904363487849712,-0.0010269586983509573,0.013822254845302381,-0.011927977367943998,0.12816419192799616,-0.11031273169549113,3.0,0.014925373134328358,0.0019393582968497132,-0.00197250269789437,0.015590506229260274,-0.017637794893794044,0.11636207816705386,-0.1091355464498659,4.0,0.019138755980861243,0.0019764450793368035,-0.0028800214786268443,0.017996663411805468,-0.021516176606088386,0.14653845402433974,-0.1526618904777881,2.0,0.05,0.001886433385119342,-0.001,0.01314493911930124,-0.01,0.10072652276548912,-0.1,1.0,0.08333333333333333,0.00012983440923761645,-0.001,0.005010926389799582,-0.01,0.08251867838596537,-0.1
air_60,air,air\air_60.csv,Period_III,Day 21,21,Period III Day 21,batch4,new,2.0,0.046511627906976744,0.001,-0.001,0.01,-0.01,0.1,-0.1,3.0,0.014634146341463415,0.0010028612761220222,-0.0019203784926067214,0.010186664926589548,-0.014374261819890452,0.10026060879060505,-0.10003536077024945,2.0,0.010050251256281407,0.001006520694668052,-0.001,0.011642409081540808,-0.01,0.12300960483310637,-0.1,4.0,0.019801980198019802,0.0010173619079498382,-0.002888972275563481,0.011251942571682138,-0.02173437659691948,0.1426313754517576,-0.15970510000000002,2.0,0.05405405405405406,0.00029767754406528587,-0.001,0.009599321542974756,-0.01,0.10001188279674765,-0.1,0.0,0.0,0.0,0.0,0.0,0.0,0.0,0.0
air_61,air,air\air_61.csv,Period_III,Day 21,21,Period III Day 21,batch4,new,1.0,0.02040816326530612,2.8852714064506093e-05,-0.001,0.001164812768662385,-0.01,0.03395529045397587,-0.1,1.0,0.0045871559633027525,9.202258926549749e-05,-0.001,0.003590073201141418,-0.01,0.058080454332401804,-0.1,1.0,0.004784688995215311,0.001,-3.80440211759296e-06,0.01,-0.0002761950772731739,0.1,-0.013486789247925027,2.0,0.009174311926605505,0.0002811616515629148,-0.0019315317233908006,0.010009705269936211,-0.015431239249764767,0.13276026167579386,-0.11413729008144506,1.0,0.023255813953488372,0.001,-1.9762739865835256e-06,0.01,-0.0001785678140807205,0.1,-0.010797664430768725,1.0,0.07692307692307693,0.001,0.0,0.01,0.0,0.1,0.0
air_62,air,air\air_62.csv,Period_III,Day 21,21,Period III Day 21,batch4,new,1.0,0.02,0.001,-9.999999999999159e-07,0.01,-9.99999999999994e-05,0.1,-0.009999999999999995,0.0,0.0,0.0,0.0,0.0,0.0,0.0,0.0,1.0,0.004784688995215311,5.6829728582702085e-05,-0.001,0.0019448838169976793,-0.01,0.04886253392772185,-0.1,1.0,0.0045662100456621,0.00019077798771597264,-0.001,0.004984757340248809,-0.01,0.052631578947368425,-0.1,1.0,0.023255813953488372,0.00028643757849998496,-3.6169295762127746e-05,0.008021262942543048,-0.0019746304852781855,0.09881825965029817,-0.044904527680443694,1.0,0.07692307692307693,0.001,-4.761663201098901e-06,0.01,-0.0003378817536658866,0.1,-0.0183786604814844
alcohol_69,alcohol,alcohol\alcohol_69.csv,Period_III,Day 18,18,Period III Day 18,batch4,new,11.0,0.22,0.010596788475429785,-0.003862485743804579,0.08103564304133377,-0.028901337827548078,0.3581458190200001,-0.13711360478905354,3.0,0.0136986301369863,0.0029370072754562986,-0.001,0.02451805127342563,-0.01,0.14616197183003338,-0.1,2.0,0.009345794392523364,0.0019890578024950346,-0.001,0.01895606864778815,-0.01,0.13232597818167102,-0.1,6.0,0.02666666666666667,0.005628656795821687,-0.0037879753432432475,0.04049365394500331,-0.026238742563829312,0.22357329382985786,-0.15524368291906623,16.0,0.38095238095238093,0.01464859979729646,-0.0063198261478926215,0.11940592669392179,-0.04089944433358994,0.6564718721000002,-0.1765675837185518,1.0,0.07692307692307693,0.001,-1.8343597953352723e-06,0.01,-0.00011621698900110035,0.1,-0.010000000052226898
alcohol_70,alcohol,alcohol\alcohol_70.csv,Period_III,Day 18,18,Period III Day 18,batch4,new,29.0,0.58,0.026710387398824174,-0.011047758561618895,0.19160183873365846,-0.06956870550551722,0.8038803417392464,-0.2759057352279519,7.0,0.0319634703196347,0.005895136996225977,-0.0028089477800193052,0.05046837675893597,-0.017778999272132272,0.26760006755366195,-0.10725874631999541,4.0,0.018691588785046728,0.00395244186802114,-0.001959829596590581,0.03561522860342115,-0.01663673301607045,0.18211169385595893,-0.10162012354868143,11.0,0.04888888888888889,0.009618688501307468,-0.006362642637953648,0.06922728030279912,-0.04303171470739465,0.2973523195177918,-0.23697787425594388,30.0,0.6976744186046512,0.029014521143808942,-0.010918629211435497,0.2205137957752272,-0.06924075911352631,0.9807821650046642,-0.28762102288851843,0.0,0.0,0.0,0.0,0.0,0.0,0.0,0.0
alcohol_71,alcohol,alcohol\alcohol_71.csv,Period_III,Day 18,18,Period III Day 18,batch4,new,23.0,0.46,0.02258365819127383,-0.011839238918974353,0.19224643266993516,-0.07673647265719784,0.8203811372895329,-0.273435078915088,6.0,0.02727272727272727,0.005905059121937428,-0.002879845795372043,0.051391925732561204,-0.02080529450488005,0.29285284655810007,-0.10984770902183613,3.0,0.014018691588785047,0.0029791155295756273,-0.0026092400142512196,0.028011433714138854,-0.01740148714381606,0.17104982955818687,-0.10452434610249524,8.0,0.03524229074889868,0.007762734521224879,-0.005386166796053163,0.06000296440392286,-0.03559634900234734,0.3080190429998245,-0.17390007815103423,23.0,0.5348837209302325,0.021662926620044383,-0.010231524149358864,0.1887847306625835,-0.0705980868591669,1.160307315553662,-0.27997296452282966,1.0,0.08333333333333333,1.92863731070074e-06,-0.001,0.00014753400420056996,-0.01,0.010004110983167058,-0.1
alcohol_72,alcohol,alcohol\alcohol_72.csv,Period_III,Day 18,18,Period III Day 18,batch4,new,23.0,0.45098039215686275,0.021922977562663443,-0.011153185186563424,0.1459972071422364,-0.07212117664125801,0.7147909066197711,-0.27406803264506907,5.0,0.02262443438914027,0.004901486388123058,-0.001966605720728033,0.04136383388027001,-0.017145575118923048,0.24314410000000003,-0.106619817446317,3.0,0.014018691588785047,0.002934096006563933,-0.002007331015871368,0.024296307571193193,-0.0202861836018869,0.15112792503910003,-0.17416873606503797,9.0,0.039647577092511016,0.007634934058022573,-0.0045241818787265225,0.0521591704010189,-0.029077980392594273,0.21691616154472787,-0.16750155863635474,22.0,0.5,0.020978258810460785,-0.010668335042797787,0.14022826452978865,-0.07103598916435944,0.6372024644990001,-0.316199364444348,1.0,0.08333333333333333,3.827250770732605e-06,0.0,0.0002761717945992583,0.0,0.012083676006108796,0.0
alcohol_73,alcohol,alcohol\alcohol_73.csv,Period_III,Day 18,18,Period III Day 18,batch4,new,34.0,0.6666666666666666,0.030855780397223965,-0.014265288136153076,0.2388578109280045,-0.09167053570563756,0.9935001200907818,-0.3411603219253766,8.0,0.03619909502262444,0.007842989097415947,-0.0029215913829454083,0.06594617410652794,-0.023415192875950053,0.3383075340100001,-0.126363576855961,4.0,0.018691588785046728,0.003922033934830795,-0.0019929173297660247,0.03305738376653904,-0.019235954471057456,0.18452515960900004,-0.1349962561606141,11.0,0.04824561403508772,0.009492750120626763,-0.00629588741964287,0.06876678897209304,-0.039272462750525816,0.2791371076797686,-0.23098195491640028,28.0,0.6222222222222222,0.02622656422073754,-0.013022204898418998,0.2035437923251171,-0.08727032150647478,1.1716227709571,-0.3600182466272347,0.0,0.0,0.0,0.0,0.0,0.0,0.0,0.0
alcohol_74,alcohol,alcohol\alcohol_74.csv,Period_III,Day 19,19,Period III Day 19,batch4,new,33.0,0.6346153846153846,0.03192536806511178,-0.006542285354058889,0.2584975629571422,-0.04135543889174253,1.0617697954592786,-0.16301206883981295,7.0,0.031818181818181815,0.006894189452925188,-0.0028371937107634438,0.060408502743852815,-0.01900905877923011,0.2731515094279176,-0.10049559481821395,4.0,0.018518518518518517,0.003936772630836713,-0.00192049655206636,0.03431864394894468,-0.014436146170978433,0.17290000000000003,-0.10029316301067599,9.0,0.04054054054054054,0.00859236343412988,-0.005575538877902539,0.06234763267478396,-0.034172157431165154,0.2350499760905891,-0.15752581879352653,28.0,0.6222222222222222,0.027193052037782668,-0.006510844429539818,0.21762963868414942,-0.03931745515849456,1.400559,-0.17675542304282185,1.0,0.06666666666666667,0.001,-9.999999999999159e-07,0.01,-9.99999999999994e-05,0.1,-0.009999999999999995
alcohol_75,alcohol,alcohol\alcohol_75.csv,Period_III,Day 19,19,Period III Day 19,batch4,new,43.0,0.8269230769230769,0.042340915579473545,-0.012209642417831401,0.36990145189526774,-0.07403853077393244,1.6907364969338476,-0.262701765772307,10.0,0.045454545454545456,0.008878090024905666,-0.0036535761456797005,0.07874562463258583,-0.022032937155320204,0.46429601437989293,-0.11968677908336176,4.0,0.018518518518518517,0.003966184361563154,-0.0019398687700684092,0.03677875378913027,-0.015371269856576896,0.2187541,-0.10016957992657256,10.0,0.04524886877828054,0.008429062134484456,-0.005637368000312343,0.07019472103005515,-0.03516823148885257,0.31577884111130616,-0.15323437777067547,40.0,0.8888888888888888,0.0393010077542946,-0.007473550398988776,0.33680994283399834,-0.04702845155487043,2.1615749220000007,-0.20039453767982796,1.0,0.07142857142857142,1.1923340697130285e-05,-0.001,0.0006766619467007632,-0.01,0.026124743319144203,-0.1
alcohol_76,alcohol,alcohol\alcohol_76.csv,Period_III,Day 19,19,Period III Day 19,batch4,new,33.0,0.6470588235294118,0.03213470328998347,-0.011649553492587516,0.2552342397624573,-0.07172985411181665,1.13582,-0.26457796502132025,8.0,0.0365296803652968,0.007814937701171937,-0.0044016221438264915,0.06386949370537352,-0.022989883364271498,0.40780000000000005,-0.12394689679751528,4.0,0.018604651162790697,0.003591037198025744,-0.0018487409722109688,0.02950399,-0.011940690312854201,0.2539,-0.10079766443076874,11.0,0.05045871559633028,0.009999647890086534,-0.006216303920942689,0.07806805806972865,-0.03353537075193661,0.3275763986117219,-0.15729219483485885,33.0,0.75,0.032666561318682216,-0.0071230449034485575,0.2988427929301609,-0.04301105540418826,1.6487944269491253,-0.19798359100302088,1.0,0.07142857142857142,0.001,0.0,0.01,0.0,0.1,0.0
alcohol_77,alcohol,alcohol\alcohol_77.csv,Period_III,Day 20,20,Period III Day 20,batch4,new,32.0,0.7619047619047619,0.0308805646049153,-0.010578987659021492,0.23193748847225804,-0.06422704480633354,0.8348264849710677,-0.25292504776466174,8.0,0.03902439024390244,0.007860684231962744,-0.001986641173589871,0.06746760384990745,-0.018455116818660574,0.30637869322077105,-0.12011547534755468,4.0,0.020202020202020204,0.003871806478127964,-0.001855479000820919,0.029377761096564182,-0.01208222236130259,0.20047784401000002,-0.10631107976581,8.0,0.03636363636363636,0.006826055299819178,-0.0037533673447559847,0.05506537071030039,-0.025527390621183164,0.291812568581086,-0.1652119766789733,30.0,0.8108108108108109,0.027993729148710504,-0.008943990029381246,0.21709028495016802,-0.055810562797978164,1.0502473549910525,-0.22083553426241753,0.0,0.0,0.0,0.0,0.0,0.0,0.0,0.0
alcohol_78,alcohol,alcohol\alcohol_78.csv,Period_III,Day 20,20,Period III Day 20,batch4,new,21.0,0.5,0.019335040396827704,-0.006355937997207527,0.1575476063698766,-0.03911046356668022,0.8836227726899243,-0.1754531580151713,6.0,0.02926829268292683,0.005954310632219392,-0.0010203416234622824,0.055698693440865116,-0.011527708877101793,0.3489332631357772,-0.10909965538934599,3.0,0.015151515151515152,0.0029731713159110466,-0.0010144137181377424,0.027465327601828432,-0.01100651458882871,0.18100000000000002,-0.1027186042807828,6.0,0.02727272727272727,0.004898429102510133,-0.002002421824301377,0.04102693807906866,-0.019850142849667903,0.2544553732575271,-0.15735117187990744,20.0,0.5405405405405406,0.01884585316998686,-0.0038054912502416566,0.17532798947485886,-0.02585576899432227,0.9646408122430608,-0.14085134936917576,0.0,0.0,0.0,0.0,0.0,0.0,0.0,0.0
alcohol_79,alcohol,alcohol\alcohol_79.csv,Period_III,Day 20,20,Period III Day 20,batch4,new,24.0,0.5581395348837209,0.023040501167360394,-0.01013470905196752,0.17050311156827042,-0.06146063090837552,1.042375056171671,-0.24481215289161706,7.0,0.03398058252427184,0.006928490902325646,-0.0028807434068229146,0.06327257987111375,-0.020835052500333177,0.4404323,-0.12081788113401452,4.0,0.020100502512562814,0.0039543798593756905,-0.0019811710170165864,0.03576140763557482,-0.018262520752117317,0.21411606028167102,-0.11365861181202694,7.0,0.031818181818181815,0.006819337765401124,-0.004708243416254573,0.054584610067014636,-0.030637777506667893,0.2793993081714956,-0.2,19.0,0.5,0.01842166142986058,-0.007184824283773207,0.15026969123561254,-0.04331009627327529,0.8874308527298581,-0.21466870941899718,0.0,0.0,0.0,0.0,0.0,0.0,0.0,0.0
alcohol_80,alcohol,alcohol\alcohol_80.csv,Period_III,Day 20,20,Period III Day 20,batch4,new,23.0,0.5348837209302325,0.0223227736786054,-0.009493087535138962,0.17239890168724237,-0.059471642484316016,0.75866666501,-0.2438467564654121,7.0,0.03414634146341464,0.005904123560043733,-0.00355614176977015,0.05135829672142381,-0.02377205004547126,0.28647219960021725,-0.125373964088574,4.0,0.020202020202020204,0.002934149949996237,-0.002640955580544384,0.024341030848376664,-0.01829889273733783,0.15445787651248974,-0.11676852817249275,6.0,0.02727272727272727,0.004904333813154754,-0.0037616339617913886,0.041543437371479024,-0.025315776745124755,0.21994280765312796,-0.17706321397955516,19.0,0.5,0.01844089790578842,-0.0064397432590777405,0.14271965529643055,-0.040553203115750586,0.8059058650100002,-0.18085866683198468,0.0,0.0,0.0,0.0,0.0,0.0,0.0,0.0
alcohol_81,alcohol,alcohol\alcohol_81.csv,Period_III,Day 21,21,Period III Day 21,batch4,new,32.0,0.7441860465116279,0.031143293197277048,-0.016091014316772036,0.2499146968334326,-0.09994404536549759,1.1663093000000002,-0.3549584864590569,10.0,0.04854368932038835,0.008850909245860912,-0.005520158929735113,0.07667472045372843,-0.03447079687525184,0.4692168416711422,-0.14594926995574256,6.0,0.030303030303030304,0.004772064111437771,-0.0028836778609816153,0.033762405891485395,-0.02106294778364897,0.22997341000000002,-0.10887949548364495,12.0,0.06,0.01020734115603481,-0.00898025544672577,0.07118023159547135,-0.04596853987810897,0.3042768087198579,-0.18293245159586471,27.0,0.7297297297297297,0.02654898374310647,-0.009686705648780252,0.22906620106480813,-0.061726707733588265,1.3478952798111483,-0.2566673396911634,1.0,0.09090909090909091,0.001,-4.608657333686776e-05,0.01,-0.0022206469924349933,0.1,-0.052416745982315605
alcohol_82,alcohol,alcohol\alcohol_82.csv,Period_III,Day 21,21,Period III Day 21,batch4,new,22.0,0.5116279069767442,0.0208883015224757,-0.0070966615275343935,0.1990972673011476,-0.043844437066514926,1.3136780000000001,-0.21689840432728524,8.0,0.03864734299516908,0.007950156719310784,-0.002874188235595557,0.07515422088490789,-0.020495017515196105,0.68,-0.10966726376886592,3.0,0.015,0.002995003999,-0.0010067620414636158,0.02950399,-0.010494709853054705,0.2539,-0.10190624353239229,9.0,0.045,0.006719359450253177,-0.0038366059344821127,0.05028016678389217,-0.027702196150448888,0.284405509833357,-0.16098685771283697,19.0,0.5135135135135135,0.016993446765962594,-0.004705143209647673,0.1653438334864658,-0.03142334750443955,1.2785960642519,-0.1770854627812708,1.0,0.09090909090909091,0.001,-9.999999999999159e-07,0.01,-9.99999999999994e-05,0.1,-0.009999999999999995
alcohol_83,alcohol,alcohol\alcohol_83.csv,Period_III,Day 21,21,Period III Day 21,batch4,new,31.0,0.6326530612244898,0.028165397773615975,-0.012149916160309398,0.18735952956398086,-0.0736852003808838,0.9418519219320343,-0.2847735073671447,9.0,0.041474654377880185,0.007641292717375978,-0.0035886414178877934,0.05302163176248294,-0.022482249904948348,0.3761718101113062,-0.13026706686072453,4.0,0.019138755980861243,0.0029475100356909914,-0.0018875786316917937,0.02521192451841599,-0.013327927751200817,0.22993281830033344,-0.1032065192848934,11.0,0.05045871559633028,0.009291882716041967,-0.005416175656390224,0.05842790253080543,-0.027925071614457023,0.26818180765312793,-0.14818579209044905,25.0,0.5813953488372093,0.02440515862100017,-0.009625952067999495,0.19864967752903817,-0.05991970457324213,0.9408521000000001,-0.27287087979220326,1.0,0.08333333333333333,9.999999999999159e-07,0.0,9.99999999999994e-05,0.0,0.009999999999999995,0.0
alcohol_84,alcohol,alcohol\alcohol_84.csv,Period_III,Day 21,21,Period III Day 21,batch4,new,30.0,0.6122448979591837,0.027916107003929047,-0.012594206113689686,0.23136413580555046,-0.07483967733023009,1.238678650757,-0.28545167393922766,9.0,0.041474654377880185,0.00845806129704569,-0.00430517642199431,0.07105740104666725,-0.026556223860226894,0.38602000000000003,-0.12430466553501451,4.0,0.019138755980861243,0.003979083779399483,-0.001937964948551195,0.03798182948686636,-0.015251764229403345,0.25542778060900007,-0.1012157665459057,11.0,0.05045871559633028,0.010372624528587584,-0.006481485009867698,0.07142196895663096,-0.03909966041693876,0.33726278791790454,-0.16235346929846228,29.0,0.6904761904761905,0.027672153618371532,-0.01068656537041136,0.2490717674079879,-0.0674783437004883,1.4082645665464961,-0.28927531272019086,0.0,0.0,0.0,-0.001,0.0,-0.01,0.0,-0.1
acetone_85,acetone,acetone\acetone_85.csv,Period_IV,Day 22,22,Period IV Day 22,batch5,new,18.0,0.26865671641791045,0.017839758766471606,-0.005491369819652135,0.1646390614654856,-0.039012915129737084,1.1766,-0.18601255170793626,4.0,0.01680672268907563,0.003992006998,-0.0019626994604352264,0.03920698,-0.016829028367925075,0.3268000000000001,-0.10193869671990116,3.0,0.013333333333333334,0.001007958131701496,-0.0010255034339758694,0.010759290590954934,-0.012148772894249975,0.1486511798509,-0.1493932186367035,4.0,0.015384615384615385,0.00199489622940836,-0.0020005892528990824,0.019421775026722835,-0.019776180847172826,0.15786037565584346,-0.15852663627273295,18.0,0.32142857142857145,0.01686353477079037,-0.0036160980484725687,0.15682386757643893,-0.02703245534099285,1.2365949000000003,-0.15851052990569692,1.0,0.06666666666666667,1.8993769480308165e-06,-0.001,0.00013446121833475023,-0.01,0.010000141158163861,-0.1
acetone_86,acetone,acetone\acetone_86.csv,Period_IV,Day 22,22,Period IV Day 22,batch5,new,32.0,0.5079365079365079,0.030217134628009273,-0.01007028341765567,0.26536697645718765,-0.06264081603694233,1.3594253839213257,-0.23577490942200702,7.0,0.030042918454935622,0.006933452862569955,-0.0019184805840119562,0.06373428847373713,-0.01425937135628313,0.32930230917258285,-0.10001418383014347,3.0,0.013392857142857142,0.002971236534430474,-0.0010009550199818235,0.02732398565899625,-0.010062982363120324,0.1522874051555903,-0.1000785516721128,6.0,0.023809523809523808,0.004905354370759489,-0.0020004040387662327,0.04164073079870368,-0.01965384976016578,0.24544387577676358,-0.1561143403646361,25.0,0.4716981132075472,0.023487595173484185,-0.006532167230719491,0.2101117764317792,-0.04514821229879818,1.0766858431375512,-0.18903161059815698,1.0,0.06666666666666667,3.4996106665010403e-05,-0.001,0.0016878526091489154,-0.01,0.037336669808323356,-0.1
acetone_87,acetone,acetone\acetone_87.csv,Period_IV,Day 22,22,Period IV Day 22,batch5,new,34.0,0.5483870967741935,0.03390613688705199,-0.011954078311297345,0.33073587518800995,-0.07252759297906358,2.5862081,-0.2812679958532518,31.0,0.1341991341991342,0.03050614445546262,-0.0128389367030744,0.2672100215355743,-0.07744108454528971,1.9385309261100006,-0.24380796362761245,3.0,0.013513513513513514,0.001996005996001,-0.0019249745238007683,0.0196059601,-0.014588694078013859,0.16561000000000003,-0.10004046461292485,13.0,0.052,0.011221085536403375,-0.009669838528311936,0.1006161332900001,-0.049892892729140076,0.781093961300158,-0.19479612989403933,22.0,0.4230769230769231,0.021942068955015,-0.008336690879891091,0.214268551498,-0.05481333596682238,1.7607200000000003,-0.20213283394253606,1.0,0.06666666666666667,0.001,-1.7989181424795915e-05,0.01,-0.0008895331635857626,0.1,-0.028580897142307535
acetone_88,acetone,acetone\acetone_88.csv,Period_IV,Day 22,22,Period IV Day 22,batch5,new,26.0,0.4482758620689655,0.025745309694032572,-0.006653314711551407,0.23567182777445891,-0.050289694621846896,1.5812331600000005,-0.2534791687221918,27.0,0.11894273127753303,0.02671267749737618,-0.006845094764624516,0.24272059237698793,-0.05470137651629002,1.4391252460100001,-0.22510326433873756,1.0,0.004545454545454545,0.001,-0.0010404591401580242,0.01,-0.012353622077776055,0.1,-0.10203683482482068,14.0,0.05761316872427984,0.012361567894889527,-0.005585443422741695,0.11021459846384865,-0.036279560921845116,0.6710008050012174,-0.20654319558675857,27.0,0.5510204081632653,0.026918211583547517,-0.003979660214379684,0.2620078843207996,-0.03549007443733462,2.0553250818000004,-0.22530994810782373,0.0,0.0,0.0,0.0,0.0,0.0,0.0,0.0
acetone_89,acetone,acetone\acetone_89.csv,Period_IV,Day 23,23,Period IV Day 23,batch5,new,29.0,0.6041666666666666,0.028523428396362325,-0.011442424659427304,0.24609102199489383,-0.07009877350243335,1.4172860292816714,-0.3006088641999219,31.0,0.14761904761904762,0.030513373481449273,-0.014047482885945862,0.26504511614580994,-0.07896597635896775,1.3371411000000004,-0.2552335083444626,3.0,0.014423076923076924,0.0028825496862361828,-0.0019159596338020445,0.020899740686678322,-0.014242328504141262,0.19,-0.10011633202594025,18.0,0.07725321888412018,0.01739945125484985,-0.011442828550715635,0.13264064999613664,-0.057429001479322936,0.679858754012185,-0.22445291002022724,23.0,0.575,0.02287235733013578,-0.00787674975306633,0.21755140161780462,-0.04596316828632868,1.550670234171671,-0.20378513092350853,0.0,0.0,0.0,0.0,0.0,0.0,0.0,0.0
acetone_90,acetone,acetone\acetone_90.csv,Period_IV,Day 23,23,Period IV Day 23,batch5,new,32.0,0.6666666666666666,0.03188820168664946,-0.010595984398700499,0.30899892358501685,-0.06411091555469957,2.395371238654504,-0.2736865545248773,34.0,0.1619047619047619,0.03367261178901496,-0.012329588520445248,0.30866603591379915,-0.07238796306710675,2.2230859432896946,-0.25923636808232553,2.0,0.009615384615384616,0.001998001,-1.2857996014103241e-05,0.019801,-0.0011665280927262815,0.18100000000000002,-0.051571451062117246,15.0,0.06437768240343347,0.013443507646797493,-0.007197447894474489,0.09616017821336575,-0.041546048072063524,0.5872915776693174,-0.20819307031118123,20.0,0.5,0.019809942066333002,-0.006222559543890822,0.18181622440149847,-0.037659961212854205,1.3244100000000003,-0.19935975163327063,1.0,0.07142857142857142,3.781281173718216e-06,-0.001,0.00026330421507180304,-0.01,0.0181009436411545,-0.1
acetone_91,acetone,acetone\acetone_91.csv,Period_IV,Day 23,23,Period IV Day 23,batch5,new,48.0,0.7868852459016393,0.04688113912290102,-0.011987425170704842,0.43721692191551076,-0.07726971468903958,2.743902978679054,-0.32505432779774646,45.0,0.19736842105263158,0.0439833101244383,-0.012953205661004368,0.37543352922195333,-0.08255167971210622,2.2176977900000003,-0.2796757479052451,2.0,0.009009009009009009,0.001996005996001,-0.0010039325511306955,0.0196059601,-0.010337262428291118,0.16561000000000003,-0.10685741233322364,24.0,0.09716599190283401,0.023493015532999054,-0.009574134111643576,0.19921803820423015,-0.06134672537574823,1.11747960813087,-0.24705913607897262,43.0,0.8431372549019608,0.04274577953290121,-0.008346959158253328,0.40526649852147456,-0.059628184596965686,2.9118397900000006,-0.3132041921051727,0.0,0.0,0.0,0.0,0.0,0.0,0.0,0.0
acetone_92,acetone,acetone\acetone_92.csv,Period_IV,Day 23,23,Period IV Day 23,batch5,new,70.0,1.1864406779661016,0.0693324019715112,-0.010857874684656522,0.6361967414471562,-0.06835692471358436,3.8501112348120277,-0.3186196797921901,62.0,0.27312775330396477,0.06132385555811551,-0.011809119743535424,0.5568095401000707,-0.07574454256151057,3.2314893591100002,-0.28851878804596254,4.0,0.01809954751131222,0.002987024082257009,-0.0019483125673087375,0.02872475833428481,-0.015846194743388525,0.2031381059609,-0.108504267154039,32.0,0.1306122448979592,0.031633439421202655,-0.010854386645097757,0.28543906079778253,-0.061868657009566036,1.4327762025565949,-0.25754551725140423,62.0,1.2653061224489797,0.06146861111321266,-0.008076574370738766,0.5691332582460766,-0.05213320589474856,3.0782613629640485,-0.26144558082047825,0.0,0.0,0.0,-0.001,0.0,-0.01,0.0,-0.1
acetone_93,acetone,acetone\acetone_93.csv,Period_IV,Day 24,24,Period IV Day 24,batch5,new,55.0,0.8870967741935484,0.05455892860954381,-0.007349723281533025,0.5075810308513716,-0.05312341702479934,3.291735300000001,-0.26022758823691994,46.0,0.19913419913419914,0.04563859423388303,-0.0077344533275771074,0.4252522997456608,-0.05778228555272009,2.4937090691341903,-0.22682338475771477,3.0,0.013157894736842105,0.002991022959049959,-0.0019455341958277842,0.029122594959219303,-0.015708006469441593,0.22936113100000002,-0.10030470975740179,27.0,0.11020408163265306,0.02680581068412541,-0.006419033540275969,0.2512902940538869,-0.04475100485758974,1.4880506101491,-0.1967804839156211,49.0,0.9607843137254902,0.04869203545853739,-0.004854745005492416,0.4601130734876054,-0.03767030345880601,3.2485730690377945,-0.19359915339044673,1.0,0.06666666666666667,0.001,0.0,0.01,0.0,0.1,0.0
acetone_94,acetone,acetone\acetone_94.csv,Period_IV,Day 24,24,Period IV Day 24,batch5,new,22.0,0.36666666666666664,0.021348730540124768,-0.007025197257947282,0.164966591875521,-0.04308138505380464,1.146989,-0.2113751049670276,22.0,0.09606986899563319,0.021350302944009213,-0.0070316770772455755,0.16481388492952656,-0.0399174256353011,0.9110701000000001,-0.1749701320991657,1.0,0.004405286343612335,0.001,-0.001100481122859096,0.01,-0.014244392468588614,0.1,-0.10252394327591563,16.0,0.06611570247933884,0.014479693260930565,-0.005469366735241425,0.12056695467093738,-0.032806172476733675,0.7179498613001579,-0.184098853541986,24.0,0.4897959183673469,0.022940068034696694,-0.004668752513238735,0.2240683202856825,-0.029652550799722316,1.7690621797658104,-0.142005801524641,1.0,0.07142857142857142,2.1543072492137463e-05,-0.001,0.0010020776965116458,-0.01,0.02567712658534642,-0.1
acetone_95,acetone,acetone\acetone_95.csv,Period_IV,Day 24,24,Period IV Day 24,batch5,new,25.0,0.4166666666666667,0.0243529031186286,-0.0133924083627328,0.19638019833090511,-0.08473895391380117,1.3533301910000004,-0.386263244936211,26.0,0.11353711790393013,0.02527634680730329,-0.014289352849018971,0.19757703682142427,-0.08734771386891065,1.124199183562683,-0.3148799273922607,3.0,0.01327433628318584,0.0019646085069287143,-0.0010154206183271418,0.016954094235281606,-0.011105645924500052,0.1108656721,-0.10369062671557729,17.0,0.07053941908713693,0.016560589868623927,-0.010789243140347904,0.13215436584930731,-0.05560381084612025,0.7578917794089046,-0.26209459487142744,23.0,0.46,0.022413030707272383,-0.011416113204380834,0.21002107535452894,-0.07395286368671888,1.6404790000000005,-0.3450126278212351,0.0,0.0,0.0,0.0,0.0,0.0,0.0,0.0
acetone_96,acetone,acetone\acetone_96.csv,Period_IV,Day 24,24,Period IV Day 24,batch5,new,23.0,0.38333333333333336,0.021309554684750986,-0.011012011818078617,0.16150477206313063,-0.07000030394834787,0.9605100000000001,-0.2719891587972735,23.0,0.10043668122270742,0.021135549053837268,-0.011975883327651163,0.1627122145623705,-0.07411990429885171,0.8705100000000002,-0.26764860201063356,2.0,0.008849557522123894,0.001968491075759527,-0.0010009550199818235,0.017249803359578535,-0.010062982363120324,0.10343368382029253,-0.1000785516721128,15.0,0.06224066390041494,0.013913150645394466,-0.009660447546033695,0.09535266253346755,-0.053656682196298225,0.41122686980523027,-0.22788792946474765,17.0,0.3469387755102041,0.01591562780626734,-0.00922757877601683,0.12229927694264892,-0.06159544228936026,0.4837630281190278,-0.25717790466921103,0.0,0.0,0.0,0.0,0.0,0.0,0.0,0.0
air_63,air,air\air_63.csv,Period_IV,Day 22,22,Period IV Day 22,batch5,new,1.0,0.01639344262295082,0.00031918730986080495,-2.448371409027167e-05,0.008929624340464798,-0.0012583960758139803,0.09976346993230682,-0.03294230276360262,1.0,0.0044444444444444444,0.001,-3.970198067261219e-06,0.01,-0.00037189958364588875,0.1,-0.023087730753969984,2.0,0.009433962264150943,0.0010056031111088251,-1.9463657086493885e-05,0.01002247965071801,-0.001562227262699431,0.10000000000000002,-0.04737096970533788,2.0,0.008130081300813009,0.0004892426318333259,-0.00012834041112981488,0.013953599719101172,-0.0068412278112986585,0.1526267930945518,-0.12687477845790124,1.0,0.0196078431372549,0.00021398908459336913,-6.818742077606085e-05,0.006740745695539448,-0.0033977905132340173,0.09297879002060648,-0.06197247721182538,0.0,0.0,0.0,0.0,0.0,0.0,0.0,0.0
air_64,air,air\air_64.csv,Period_IV,Day 22,22,Period IV Day 22,batch5,new,1.0,0.016666666666666666,0.001,-5.435972005398738e-05,0.01,-0.00421508068365662,0.1,-0.09872751670859208,2.0,0.008928571428571428,0.001892755607725575,-2.9044864689546407e-05,0.01633282515807863,-0.0019118318629108323,0.11007572605687202,-0.08496534130827885,2.0,0.009389671361502348,0.001771753181936874,-0.00011613679186877137,0.011723528189089791,-0.006864566963300512,0.10451035946886188,-0.09997327818712931,3.0,0.012345679012345678,0.001989120179000226,-0.0010167958802278746,0.019013137103736963,-0.011446328330939996,0.15729628322086975,-0.1508876507153133,3.0,0.061224489795918366,0.001954065569244682,-4.480196744529024e-05,0.017196735418424598,-0.0035680575279862245,0.1074118249420418,-0.10143317925929429,1.0,0.06666666666666667,1.628526382175437e-05,-0.001,0.0008939716453378842,-0.01,0.030936487663268855,-0.1
air_65,air,air\air_65.csv,Period_IV,Day 22,22,Period IV Day 22,batch5,new,1.0,0.01694915254237288,9.642173433428421e-05,-0.001,0.004304643355119736,-0.01,0.08516867548374416,-0.1,1.0,0.004464285714285714,0.00025297403176471217,-0.001,0.008607404064398479,-0.01,0.09999922523500063,-0.1,1.0,0.004672897196261682,0.001,-4.710327249596476e-05,0.01,-0.003434537822976924,0.1,-0.09571754919763706,3.0,0.012345679012345678,3.6288853412027016e-05,-0.0019950249301298345,0.00861469334996853,-0.019524312835470937,0.14830192160675268,-0.16914792611,1.0,0.02040816326530612,3.103164390968777e-05,-0.001,0.0014920370745849128,-0.01,0.040648057198567976,-0.1,1.0,0.06666666666666667,0.001,-9.102792591419995e-06,0.01,-0.0004738146817496562,0.1,-0.02010117957194031
air_66,air,air\air_66.csv,Period_IV,Day 23,23,Period IV Day 23,batch5,new,1.0,0.020833333333333332,0.001,-9.178894201977825e-05,0.01,-0.004112522267548071,0.1,-0.07688386524703701,2.0,0.009523809523809525,0.001936104641752671,-0.001,0.015153999422133798,-0.01,0.10010146123395182,-0.1,1.0,0.004807692307692308,0.001,-0.001,0.01,-0.01,0.1,-0.1,3.0,0.01293103448275862,0.002870336977394399,-0.0010896288769068612,0.021230260684115484,-0.014769883375165925,0.18371,-0.15335721869540483,1.0,0.025,0.001,-0.001,0.01,-0.01,0.1,-0.1,1.0,0.06666666666666667,0.001,0.0,0.01,0.0,0.1,0.0
air_67,air,air\air_67.csv,Period_IV,Day 23,23,Period IV Day 23,batch5,new,1.0,0.020833333333333332,0.00014941020676280717,-7.780830900525743e-05,0.006163927419269447,-0.003556848380859812,0.09173116092030228,-0.07336323658833896,2.0,0.009523809523809525,0.001,-0.001,0.01,-0.01,0.1,-0.1,1.0,0.004807692307692308,0.0001717227547013418,-1.5118589737471476e-05,0.007199369839407651,-0.0009496433539042184,0.09903816867058146,-0.03852974908574503,3.0,0.012875536480686695,0.00019944824855507373,-0.0010617278661786823,0.010292354642668063,-0.01346165185240941,0.1524449856665479,-0.1526314002952114,1.0,0.025,0.00021964761934870547,-3.4845916566421755e-05,0.008277849597028337,-0.0021458804775154727,0.09949387550070021,-0.049724241824831795,0.0,0.0,0.0,0.0,0.0,0.0,0.0,0.0
air_68,air,air\air_68.csv,Period_IV,Day 23,23,Period IV Day 23,batch5,new,1.0,0.017241379310344827,0.0002706360707265121,-3.0512176968576737e-05,0.009275171104793565,-0.002186247160828096,0.09999999758181642,-0.06292621041903135,2.0,0.008888888888888889,0.0010956508673513432,-1.6094398978696136e-05,0.014836845943250663,-0.0010600720069496566,0.10184949873124455,-0.037224382801538516,1.0,0.004545454545454545,0.0002163332856976284,-6.407715428487335e-05,0.009008799703206907,-0.004375384116201219,0.09999999930545624,-0.09961880964055052,4.0,0.01646090534979424,0.0019746647643712452,-0.0010071391341033113,0.01797505920571601,-0.01081344255872776,0.1537936365347152,-0.1512374988427787,1.0,0.020833333333333332,0.000178480085243005,-6.690673271886566e-05,0.008210859576906674,-0.004555658441598686,0.09999987745321531,-0.09929256336160888,1.0,0.07142857142857142,0.001,-1.8692973418545263e-06,0.01,-0.00012448652990349265,0.1,-0.010000003926009277
air_69,air,air\air_69.csv,Period_IV,Day 23,23,Period IV Day 23,batch5,new,2.0,0.03571428571428571,0.00021447494555625112,-0.0010152890547302533,0.008525075293993732,-0.01059664168302393,0.09999998519612772,-0.10001003369297047,2.0,0.008968609865470852,0.00021118747151981988,-0.0010245150741113004,0.008846506795935823,-0.011039058530737321,0.10000154296463487,-0.10004166011791193,2.0,0.009174311926605505,0.0002221189510362351,-0.0010295117814125786,0.008757340275017945,-0.011101203304979719,0.10000214830661411,-0.1000222264258237,4.0,0.016597510373443983,0.001,-0.0020006289101666295,0.01,-0.018606205893069907,0.15238575266292248,-0.15258811148525092,2.0,0.0425531914893617,0.001,-0.001,0.01,-0.01,0.1,-0.1,0.0,0.0,0.0,0.0,0.0,0.0,0.0,0.0
air_70,air,air\air_70.csv,Period_IV,Day 24,24,Period IV Day 24,batch5,new,1.0,0.016666666666666666,0.00027619396396194086,-4.826456155725698e-06,0.00942609243000501,-0.0003718772768419448,0.09999831076626679,-0.01995751114828752,1.0,0.0045045045045045045,0.00028150843552110613,-2.8114183550738067e-06,0.009521534469773201,-0.00019043820750088043,0.09999999905883332,-0.013486784400999999,1.0,0.0045871559633027525,8.803255502629742e-05,-0.0001340346560450373,0.0038099265129551887,-0.007114863977835999,0.05924932712883445,-0.09982737936079263,3.0,0.012295081967213115,0.00013698215575332182,-0.0010379730454679954,0.008480647704967153,-0.012636482200976344,0.1497850688646895,-0.1526099421938576,2.0,0.04081632653061224,7.739756842256552e-05,-0.001,0.005301092710173436,-0.01,0.09821233741758474,-0.1,1.0,0.06666666666666667,9.999999999999159e-07,-0.001,9.99999999999994e-05,-0.01,0.009999999999999995,-0.1
air_71,air,air\air_71.csv,Period_IV,Day 24,24,Period IV Day 24,batch5,new,2.0,0.03389830508474576,0.0019222465497238206,-0.001006457277017369,0.0144776118496962,-0.010316960517585915,0.10011647609374473,-0.10011297608149552,2.0,0.009009009009009009,0.0019503663944441846,-0.001,0.01605943328413731,-0.01,0.10112547413580593,-0.1,2.0,0.009174311926605505,0.0019512161210187614,-2.6775196752345143e-05,0.01605690798734379,-0.0018487578786025357,0.10059298483688447,-0.04596044510829353,5.0,0.020491803278688523,0.004619764331961109,-0.0028589239181951707,0.027249246121921734,-0.02116598031153105,0.2,-0.153090945450952,2.0,0.04081632653061224,0.001919747350418672,-0.001,0.014478218624752012,-0.01,0.10046181134427323,-0.1,1.0,0.06666666666666667,7.745857209495851e-06,-0.001,0.00037137069853628024,-0.01,0.018248364196623998,-0.1
air_72,air,air\air_72.csv,Period_IV,Day 24,24,Period IV Day 24,batch5,new,2.0,0.03389830508474576,0.001009891718183802,-0.001,0.01016032788977954,-0.01,0.10000006083359249,-0.1,1.0,0.004366812227074236,0.001,-7.934355679589536e-06,0.01,-0.0007374411235016726,0.1,-0.03941745130015794,1.0,0.004424778761061947,0.001,-0.001,0.01,-0.01,0.1,-0.1,3.0,0.0125,0.0018691273463052245,-0.001,0.015239243722783784,-0.01,0.15263157894736848,-0.12783823206714212,1.0,0.02040816326530612,0.001,-0.001,0.01,-0.01,0.1,-0.1,1.0,0.07692307692307693,4.6072395009165e-06,-0.001,0.0002641844104003359,-0.01,0.010475586066498288,-0.1
alcohol_85,alcohol,alcohol\alcohol_85.csv,Period_IV,Day 22,22,Period IV Day 22,batch5,new,24.0,0.36363636363636365,0.023110959387123927,-0.007733658276607634,0.18800053579273404,-0.049846502870787596,1.5932100000000002,-0.20082603415988529,6.0,0.02553191489361702,0.005988041868298504,-0.0019646942490813626,0.05884070940904507,-0.01701533010475201,0.5113488201491001,-0.10393194072292805,3.0,0.013513513513513514,0.002996003997001,-0.001,0.0296039701,-0.01,0.26371,-0.1,6.0,0.023166023166023165,0.005282509795993795,-0.00279130632830195,0.03394069137816319,-0.019033392950026234,0.2560098201491,-0.15769146158053646,15.0,0.26785714285714285,0.014581172072920277,-0.0056534751813967455,0.11597747301016938,-0.03811687079030255,0.7949000000000002,-0.16477979673190796,1.0,0.06666666666666667,0.001,-0.001,0.01,-0.01,0.1,-0.1
alcohol_86,alcohol,alcohol\alcohol_86.csv,Period_IV,Day 22,22,Period IV Day 22,batch5,new,20.0,0.29850746268656714,0.018576462108672448,-0.005583609057402896,0.16408493952026884,-0.04255089947389849,0.8983100000000002,-0.1957076715383228,5.0,0.02109704641350211,0.004951363192773383,-0.00198310019091994,0.04544751924887633,-0.01840124637319524,0.33258692611000007,-0.11371322230997018,4.0,0.017857142857142856,0.0038419116210324073,-0.0029704599518848027,0.028946561394104967,-0.027418201047996034,0.22603441014910003,-0.20474844097549297,6.0,0.023076923076923078,0.005795515049022025,-0.0049319813639211426,0.043711909478613406,-0.04399343021652223,0.276884439430771,-0.25439481682072385,21.0,0.375,0.0198001044658443,-0.0029241923879102416,0.1869067066021117,-0.023437858316985936,1.6013487053648103,-0.14419552015285192,1.0,0.06666666666666667,0.001,-0.001,0.01,-0.01,0.1,-0.1
alcohol_87,alcohol,alcohol\alcohol_87.csv,Period_IV,Day 22,22,Period IV Day 22,batch5,new,15.0,0.26785714285714285,0.013351780009049673,-0.0064929767777102045,0.10522840974633765,-0.04425657043738406,0.5706044683462168,-0.1985555045950057,4.0,0.017699115044247787,0.0029899682246157825,-0.0018427545287974254,0.028978278346692147,-0.011794243689145969,0.25278606186581,-0.10000000159863623,2.0,0.009174311926605505,0.0010059581605807895,-0.0010028384393753766,0.010559568780055385,-0.010172083378742652,0.13059116186581002,-0.10009132016602346,4.0,0.01694915254237288,0.0019945457995947835,-0.002012768681715314,0.019190380171453362,-0.020450220673204338,0.17786489307351222,-0.15810767273458776,10.0,0.20833333333333334,0.00978540507060946,-0.004728954093662089,0.08129035435242198,-0.032074692325850876,0.542,-0.16895506658373927,0.0,0.0,0.0,0.0,0.0,0.0,0.0,0.0
alcohol_88,alcohol,alcohol\alcohol_88.csv,Period_IV,Day 22,22,Period IV Day 22,batch5,new,21.0,0.375,0.019057580730469616,-0.011693060132057165,0.14673849910921688,-0.06917840731924722,0.8331184904063692,-0.27188992562660047,5.0,0.022026431718061675,0.004778433751051945,-0.00197153442798827,0.03765479726266946,-0.017577760847593285,0.261490350738251,-0.11251818735786735,2.0,0.0091324200913242,0.0019870866429950017,-0.0010028894192710117,0.01878351772868978,-0.010207925381450936,0.129437792454961,-0.10185302018885184,6.0,0.025423728813559324,0.004791504950021226,-0.002922535108398007,0.036953951415959134,-0.023604410800059386,0.23007320439069104,-0.16842324492633443,17.0,0.3541666666666667,0.016837206323542422,-0.007344823187060184,0.15474863820237733,-0.04540909284772373,0.8098409036245118,-0.19815762574810003,0.0,0.0,0.0,0.0,0.0,0.0,0.0,0.0
alcohol_89,alcohol,alcohol\alcohol_89.csv,Period_IV,Day 23,23,Period IV Day 23,batch5,new,31.0,0.6458333333333334,0.02884636517699472,-0.007496511029817611,0.20634200198284366,-0.04487289190992462,0.7069065351392909,-0.19418550490579423,8.0,0.0380952380952381,0.0067552910170754245,-0.0019305187000688037,0.05033074843476644,-0.014884201709196566,0.23059116186581002,-0.10473849995909583,3.0,0.014492753623188406,0.0029467810194814476,-0.0010588648866691136,0.02531448093518505,-0.011911950072050523,0.15988402503910001,-0.10003298771352281,7.0,0.030042918454935622,0.0048772938516529925,-0.0019816318701175286,0.03957800537664939,-0.01813577351847463,0.20645703661269432,-0.15268063762188674,21.0,0.525,0.019208495296386584,-0.004708752741707554,0.1475462561077341,-0.030072413780337114,0.5709551368129907,-0.153348959410849,1.0,0.07142857142857142,3.007408449714913e-05,-0.001,0.001457832116667732,-0.01,0.036691382685627535,-0.1
alcohol_90,alcohol,alcohol\alcohol_90.csv,Period_IV,Day 23,23,Period IV Day 23,batch5,new,29.0,0.6041666666666666,0.02671740871883432,-0.011375749392588508,0.19092166263041258,-0.06585054971600107,0.8975051533629699,-0.2472743045763647,7.0,0.03333333333333333,0.005895182928574543,-0.0036554737704377087,0.05051310873201158,-0.02000896395191931,0.31249116186581005,-0.10162721963188369,4.0,0.01932367149758454,0.0029564085361891554,-0.0019049036591070683,0.025994634744238396,-0.013735455971279172,0.18846645130015793,-0.1010364568465259,8.0,0.03418803418803419,0.005810390780950697,-0.004679355400595305,0.04447428274555248,-0.02952318056419604,0.26113968818351224,-0.15874516857888032,23.0,0.575,0.02104153660287149,-0.006944820690981562,0.14590778727542483,-0.039713377297919954,0.8681168627892291,-0.1915543921915351,1.0,0.07142857142857142,3.476064225882143e-05,-0.001,0.0015735882984972416,-0.01,0.03399074911845261,-0.1
alcohol_91,alcohol,alcohol\alcohol_91.csv,Period_IV,Day 23,23,Period IV Day 23,batch5,new,34.0,0.68,0.03316498845523184,-0.009870306053802083,0.2670430869496095,-0.06172329576253479,1.41706476446687,-0.24999750285397002,8.0,0.03773584905660377,0.006829663923987846,-0.0028808706406629045,0.0576377292642509,-0.02091467628697511,0.41161236675581003,-0.11830625633824315,5.0,0.02403846153846154,0.003747100411566698,-0.0019559769147142313,0.0289047765091067,-0.016362497472240795,0.20400284711878003,-0.10088249409410666,7.0,0.029411764705882353,0.006730290123996844,-0.0039003307101271806,0.049984039865282576,-0.03181957725419354,0.32829129411218494,-0.18313690143392536,30.0,0.7142857142857143,0.02828877975261175,-0.007414189708142285,0.2284042080397188,-0.048800346110990205,1.2932370442103065,-0.22028221076581003,1.0,0.07142857142857142,0.001,-0.001,0.01,-0.01,0.1,-0.1
alcohol_92,alcohol,alcohol\alcohol_92.csv,Period_IV,Day 23,23,Period IV Day 23,batch5,new,31.0,0.6078431372549019,0.030099316236872502,-0.011107451919440785,0.24766864829871457,-0.06488628374873819,1.0719900146602352,-0.24038645904910005,7.0,0.03286384976525822,0.0059305620988331,-0.0028561733805729686,0.05353685546612322,-0.01980685701565854,0.3808656721,-0.10183592049655371,3.0,0.014285714285714285,0.002989033910205634,-0.0019494840440357907,0.02893312023878343,-0.01604502608775052,0.2167379250391,-0.10195858845126102,7.0,0.029411764705882353,0.005895379398291187,-0.003821682355904022,0.05068052508197932,-0.027019702701191674,0.2575378411113062,-0.17416453965376053,29.0,0.6744186046511628,0.028254605646494,-0.00808740766847299,0.24287172322095127,-0.04722221823876956,1.24913,-0.19315331388616946,1.0,0.07142857142857142,1.621159911392939e-05,-0.0001861216869673552,0.0007962080205421128,-0.007726238156786527,0.021053998702991336,-0.09815092206899939
alcohol_93,alcohol,alcohol\alcohol_93.csv,Period_IV,Day 24,24,Period IV Day 24,batch5,new,38.0,0.6551724137931034,0.03672793608538083,-0.012558155172001574,0.3107561411548774,-0.07992050370612015,1.1479727906025077,-0.2839979204338507,7.0,0.03167420814479638,0.006869821859786372,-0.0028525999004199156,0.058470132888970704,-0.019278811202999725,0.2539,-0.11574395980880338,4.0,0.01834862385321101,0.003922234176485649,-0.002696157582051875,0.03321965800600255,-0.017258863134080524,0.15988402503910001,-0.10374984276640163,8.0,0.03278688524590164,0.007788468261838352,-0.0053066852588761725,0.06231788902943047,-0.032164965896926134,0.24210626042571823,-0.1623162339510959,32.0,0.6666666666666666,0.030973594297368998,-0.008110634876121917,0.25568869683721696,-0.053113064858113825,1.063772302305394,-0.23238839157401917,1.0,0.06666666666666667,4.01214458135348e-05,-0.001,0.0017669582846905566,-0.01,0.04386787306035239,-0.1
alcohol_94,alcohol,alcohol\alcohol_94.csv,Period_IV,Day 24,24,Period IV Day 24,batch5,new,29.0,0.5087719298245614,0.026113760524913238,-0.013471076046985893,0.20829608069978947,-0.08327687105181492,0.7719774997281537,-0.30709778311981106,6.0,0.02727272727272727,0.005472971307111938,-0.002879050864544824,0.0419591451042818,-0.020835723024516604,0.23275900000000005,-0.10639334255165526,3.0,0.013761467889908258,0.0029574557572973038,-0.0018781017864973023,0.026128065674152337,-0.01272785269921834,0.15104792611,-0.10000025884109032,8.0,0.03305785123966942,0.006693063551984135,-0.004686159829681553,0.051428742115646714,-0.029297632181711133,0.24364293865312797,-0.1698201227414509,36.0,0.7659574468085106,0.03420766804606899,-0.011064067124927343,0.28612734719485206,-0.0703596350081243,1.1463292470699666,-0.2883710838722158,1.0,0.06666666666666667,0.001,-1.2665519388297157e-05,0.01,-0.0006441293524725878,0.1,-0.019078930532588648
alcohol_95,alcohol,alcohol\alcohol_95.csv,Period_IV,Day 24,24,Period IV Day 24,batch5,new,22.0,0.36065573770491804,0.02116713544094546,-0.009906648178500538,0.1539083673337957,-0.06146494205665996,0.5831210612664702,-0.22842877580071916,4.0,0.017316017316017316,0.003937073758746747,-0.00290043368938869,0.034572254221157464,-0.021959874812945753,0.2126461598878479,-0.11625665233008811,2.0,0.008771929824561403,0.0019646229185299475,-0.0019119716531326712,0.016964132180495736,-0.013685861398412477,0.10225283995449393,-0.1123490303725878,7.0,0.02880658436213992,0.00677176948418304,-0.00566060890191598,0.05154678988313047,-0.036888588499975714,0.22809824973465273,-0.15767350072199987,23.0,0.46,0.02213369086615529,-0.009881436972470924,0.16429490919097675,-0.062409548347181494,0.6716256523741804,-0.24853982817576697,1.0,0.07142857142857142,0.00016983696682459936,-1.5151710209084391e-05,0.007770444481592188,-0.0009130225693426784,0.09647550492380381,-0.030604118707779987
alcohol_96,alcohol,alcohol\alcohol_96.csv,Period_IV,Day 24,24,Period IV Day 24,batch5,new,19.0,0.31666666666666665,0.018765015374441148,-0.007236711235142766,0.1682069851145145,-0.04856495894952068,0.7686918604980215,-0.1848432794870634,5.0,0.021834061135371178,0.004934606865735611,-0.001956935764345316,0.043971611619004744,-0.016428063394298212,0.22918663194695948,-0.10100221924593228,2.0,0.00881057268722467,0.0019870777147137147,-0.0010139772685875937,0.01877521022998968,-0.010739089169969959,0.12541865828329002,-0.10010552470478849,6.0,0.024896265560165973,0.004876016570190667,-0.002929542543999704,0.03925026405314892,-0.02416531050300333,0.23565391017586967,-0.14989958258045877,18.0,0.3673469387755102,0.01674439869029512,-0.004756501338190413,0.14645935205041163,-0.031732337480523655,0.7513718599327467,-0.15472322010135067,0.0,0.0,0.0,0.0,0.0,0.0,0.0,0.0
acetone_o1,acetone,acetone\acetone_o1.csv,Period_I,Day 1 afternoon,1,Period I Day 1 afternoon,source,old,2.0,0.0625,0.0019695952764381746,-0.0010027343991500155,0.017425358310862872,-0.010118358242068326,0.11483757182557891,-0.10000198878115567,6.0,0.022900763358778626,0.004896840322154067,-0.0038355936209817257,0.04174314664785857,-0.027543467458470743,0.2305842675321774,-0.138215381147446,3.0,0.016574585635359115,0.001025238861350656,-0.0010390365773141224,0.011388697507924058,-0.012521089791973656,0.10123942481291208,-0.10469558963042147,18.0,0.08450704225352113,0.016835797087670114,-0.00452418743198468,0.15497476740354627,-0.02675912014598561,0.9041625970856058,-0.14424049991776908,16.0,0.38095238095238093,0.01583578490231514,-0.0018303999019739664,0.14624345807772882,-0.011584214782091254,0.9312704562104619,-0.10000005014110983,1.0,0.09090909090909091,2.0162736941595422e-05,-0.001,0.0010647812662239776,-0.01,0.029981613994734105,-0.1
acetone_o2,acetone,acetone\acetone_o2.csv,Period_I,Day 1 afternoon,1,Period I Day 1 afternoon,source,old,1.0,0.03333333333333333,8.555430056863742e-05,-0.001,0.005071181395063214,-0.01,0.09316423345114565,-0.1,5.0,0.0199203187250996,0.001999950386163532,-0.003733556984990045,0.019953702069709114,-0.025208847313813412,0.1754245255572118,-0.1524321371222348,2.0,0.011235955056179775,6.683518421730038e-05,-0.0019743224148844494,0.004200998320288241,-0.01770043145805155,0.09383942922717185,-0.10646108188922669,5.0,0.025380710659898477,0.0030408971427525874,-0.0038848652063517655,0.03166569627687275,-0.030809840083488797,0.224524273607573,-0.15279993619738658,4.0,0.10256410256410256,0.002990315755771273,-0.0012052894384889064,0.028137072724194738,-0.017220370259119787,0.2484914828232701,-0.22741116317535917,1.0,0.09090909090909091,0.001,-5.5565601417358556e-05,0.01,-0.002577755022778839,0.1,-0.05539318129308051
acetone_o3,acetone,acetone\acetone_o3.csv,Period_I,Day 1 afternoon,1,Period I Day 1 afternoon,source,old,7.0,0.2413793103448276,0.006557908181267301,-0.005613792071701487,0.04368808145529285,-0.035464457779451716,0.1767394924550833,-0.20865672100000004,25.0,0.10040160642570281,0.023279655279001308,-0.021215462213376605,0.1476932147961703,-0.12530278006230228,0.5942570812429868,-0.41570082100000016,2.0,0.011363636363636364,0.0019851055324526393,-0.001011163691008862,0.01860145229222565,-0.010583325288381516,0.12081788113401452,-0.10011278937312511,16.0,0.08465608465608465,0.014288126597169964,-0.012445932129794893,0.10283398828218247,-0.07562609069216632,0.4634133078617959,-0.2563242024688516,12.0,0.35294117647058826,0.011535169710907213,-0.005358972481464125,0.09019465420592762,-0.03889282120952685,0.49057933851109237,-0.21696367660838184,0.0,0.0,0.0,0.0,0.0,0.0,0.0,0.0
acetone_o4,acetone,acetone\acetone_o4.csv,Period_I,Day 2 noon,2,Period I Day 2 noon,source,old,40.0,1.3793103448275863,0.03842205331143428,-0.0069622699135639616,0.3531057075101737,-0.04222558638433894,2.482269517496492,-0.20647825553661844,99.0,0.4008097165991903,0.09657982913573615,-0.027338772291842825,0.8488221538720785,-0.18510666491680308,5.768171826936044,-0.6689146227246068,8.0,0.04395604395604396,0.007578987212592521,-0.0018754128095543623,0.05899275828663083,-0.013037756756679156,0.3921933237597234,-0.10886038534952568,97.0,0.485,0.09464506622921272,-0.035348256027630566,0.8152328555192652,-0.20557262052206884,4.729017565739737,-0.704980505003159,106.0,3.1176470588235294,0.10453901468221297,-0.00812140663881474,0.9454520397800369,-0.052014004647200913,5.772397515471486,-0.2186359209956754,1.0,0.09090909090909091,0.001,-9.713872855876885e-05,0.01,-0.004110879386829302,0.1,-0.06982994223544695
acetone_o5,acetone,acetone\acetone_o5.csv,Period_I,Day 2 noon,2,Period I Day 2 noon,source,old,28.0,1.037037037037037,0.027960023993001,-0.007217032081660416,0.2760239300999999,-0.04779342559254112,2.42331,-0.21504372089377163,76.0,0.3206751054852321,0.07581817192401301,-0.029463452294506226,0.7419712413,-0.1993445835047078,6.271700000000001,-0.6785155333324666,7.0,0.03910614525139665,0.006987008998000001,-0.002846317573097251,0.06870898,-0.01902761444732804,0.5788000000000001,-0.11892521208572679,52.0,0.27956989247311825,0.048136324756775054,-0.03360993297033133,0.37915484711812586,-0.19637731288565427,2.2707098201491003,-0.6108189522827008,44.0,1.4666666666666666,0.043944022996999996,-0.014576970193622887,0.43442297,-0.10625495502806236,3.8627000000000002,-0.5343914735489159,1.0,0.09090909090909091,0.001,-2.3371547869131684e-05,0.01,-0.0010855618988638294,0.1,-0.03739305046533016
acetone_o6,acetone,acetone\acetone_o6.csv,Period_I,Day 2 noon,2,Period I Day 2 noon,source,old,14.0,0.5185185185185185,0.012120268821499296,-0.004767414848226617,0.093696721485842,-0.032174210145388654,0.6539326831617931,-0.15599589807064299,42.0,0.17573221757322174,0.03828622340138935,-0.020375506001770627,0.2753249196120869,-0.13718355508831995,1.509980179263949,-0.4599462124138667,3.0,0.01675977653631285,0.0019782041970767446,-0.0019474150585674474,0.01799676309025801,-0.015817037683505966,0.12789851316491543,-0.100379265178586,39.0,0.2074468085106383,0.0341676429430916,-0.025305995919944112,0.209014687403587,-0.14702043882947494,1.0370939805787678,-0.488616303671279,28.0,0.9333333333333333,0.025606678440590253,-0.014543404577182204,0.22580623025582527,-0.10628379996908378,1.696526493060365,-0.5190348186607541,1.0,0.09090909090909091,0.001,-2.0884812646270465e-05,0.01,-0.0014934060702000655,0.1,-0.04790523739881513
acetone_o7,acetone,acetone\acetone_o7.csv,Period_I,Day 2 afternoon,2,Period I Day 2 afternoon,source,old,3.0,0.0967741935483871,0.00294483552251093,-0.0010009304973749532,0.02516462079434867,-0.010048499137027416,0.13486784401000002,-0.10000507528786057,11.0,0.04435483870967742,0.010781379144715764,-0.003633615484622347,0.09088060272603748,-0.02366651928365818,0.4113233371126247,-0.1282429536481,2.0,0.010810810810810811,0.001,-0.0010052510216053505,0.01,-0.01018805925917852,0.10002186511046847,-0.10185302938719298,9.0,0.04390243902439024,0.008766911117966781,-0.0054461773906658364,0.0749262726927153,-0.02914579133044104,0.44268984433885794,-0.15300396559537832,9.0,0.2647058823529412,0.00896907381942022,-0.0018659768527828785,0.08697223132789471,-0.012415022901539879,0.6783041334990001,-0.10631107976581,1.0,0.08333333333333333,0.001,-9.999999999999159e-07,0.01,-9.99999999999994e-05,0.1,-0.009999999999999995
acetone_o8,acetone,acetone\acetone_o8.csv,Period_I,Day 2 afternoon,2,Period I Day 2 afternoon,source,old,9.0,0.3103448275862069,0.008984017990002001,-0.002846976520512726,0.08841790020000001,-0.019258446720471792,0.75702,-0.13851738811624512,21.0,0.08677685950413223,0.020942077939024997,-0.007401908877042772,0.20427739249600002,-0.05351991875161695,1.65794,-0.2958811210444039,2.0,0.01098901098901099,0.00199701195411979,-0.0010139699353729525,0.019711551792499123,-0.010735834048105944,0.178413215599,-0.10011667558955566,19.0,0.09693877551020408,0.018740119470638365,-0.008245544258761348,0.16581976946877883,-0.04820152427299623,1.2033400282107711,-0.21259414126905984,23.0,0.71875,0.022956046975005,-0.002916488571851734,0.2256467505,-0.022459955198094184,1.9045500000000002,-0.2226332397585426,0.0,0.0,0.0,0.0,0.0,0.0,0.0,0.0
acetone_o9,acetone,acetone\acetone_o9.csv,Period_I,Day 2 afternoon,2,Period I Day 2 afternoon,source,old,26.0,0.896551724137931,0.025844576622313105,-0.006368444227355193,0.2449644287278501,-0.041570656184629996,1.5666080000000002,-0.2542011921426095,65.0,0.2708333333333333,0.06459060139488644,-0.021253871993667444,0.6104609909719214,-0.13451444642324895,3.628589784301495,-0.6031572395659826,5.0,0.027624309392265192,0.004957245912215719,-0.0019562355824663384,0.04593648907746288,-0.015919584959805035,0.323050923320771,-0.10668402682774604,56.0,0.2916666666666667,0.05545892800791703,-0.023333186522318375,0.5085623628887967,-0.12544198137554521,3.099307034860255,-0.4780703283928488,62.0,2.0,0.06167606831909068,-0.012341041719316641,0.5885448104234461,-0.09137405374985286,4.355189106574825,-0.48442506024658327,1.0,0.09090909090909091,1.9880657804941925e-06,-0.001,0.00018863848717161173,-0.01,0.012824295364810001,-0.1
acetone_o10,acetone,acetone\acetone_o10.csv,Period_I,Day 3 noon,3,Period I Day 3 noon,source,old,26.0,0.65,0.024315816333446035,-0.005447966209607347,0.20179395823695684,-0.03736179414379957,1.6144265385465952,-0.15783263979473272,47.0,0.17472118959107807,0.04662284241437657,-0.013926689599715988,0.43389315303727605,-0.09577187549064901,2.902,-0.3392031224316482,2.0,0.010050251256281407,0.002,-0.0010074841809410587,0.02,-0.010409876466421294,0.2,-0.10007858194469232,48.0,0.21428571428571427,0.045883581441858494,-0.0229134879748672,0.32105855034910485,-0.13540766697186388,1.8198577683911852,-0.4621637530300325,58.0,1.3181818181818181,0.05593478706603725,-0.01148242346653501,0.5155010288233016,-0.08286588981900432,3.41,-0.44896318903690846,1.0,0.07142857142857142,4.951283957695899e-06,-0.001,0.00045374814968400165,-0.01,0.02916540999999999,-0.1
acetone_o11,acetone,acetone\acetone_o11.csv,Period_I,Day 3 noon,3,Period I Day 3 noon,source,old,36.0,0.9230769230769231,0.035853703452209285,-0.0028776613688102923,0.34598107139677364,-0.020557387601070898,2.7036695302955005,-0.13186360968856453,65.0,0.24528301886792453,0.06464475094533463,-0.0067370549436989195,0.6159977218039762,-0.050687699979216336,4.3356539200882,-0.22395265977740886,4.0,0.02040816326530612,0.003975147403643771,-6.939170355926491e-06,0.037642181513400264,-0.0005959933013257434,0.2518587297382511,-0.03776686650100001,55.0,0.2511415525114155,0.05376396074739727,-0.01853168468283184,0.5172322140654462,-0.11125340440285802,3.7371586061246904,-0.41242364299341505,111.0,2.707317073170732,0.1096314693634772,-0.009133186393604473,1.064428394040387,-0.06444356180990582,8.388544442906346,-0.3301398242171749,1.0,0.07142857142857142,0.001,-0.001,0.01,-0.01,0.1,-0.1
acetone_o12,acetone,acetone\acetone_o12.csv,Period_I,Day 3 noon,3,Period I Day 3 noon,source,old,61.0,1.525,0.06068281372032807,-0.017433209139158176,0.5790023219684464,-0.11980945001029147,4.01147808,-0.6038860896955347,110.0,0.40892193308550184,0.10892745965458049,-0.042390983466091214,0.9974988139539895,-0.2896525243787816,6.707886987176731,-1.100855417765327,8.0,0.04081632653061224,0.007903722993607802,-0.0028508789938284226,0.07098854540357727,-0.01922732660797942,0.43466216373894206,-0.12081788113401452,114.0,0.504424778761062,0.11050678675511558,-0.042996411706014995,0.933276203011106,-0.26687005780220263,6.056569969711186,-0.8850277320112152,151.0,3.511627906976744,0.15039621938801834,-0.02348671357240147,1.450705058608941,-0.1771673540288674,10.80755919234634,-1.1718809595377468,1.0,0.07142857142857142,0.001,-0.001,0.01,-0.01,0.1,-0.1
baseline_1,air,air\baseline_1.csv,Period_I,baseline,0,Period I baseline,source,baseline_as_air,2.0,0.06060606060606061,0.001000437616083117,-5.925072495446002e-06,0.010000024812512196,-0.0005336223243237563,0.1,-0.028812729238788762,3.0,0.011152416356877323,0.002436849075905789,-0.0010002210209273132,0.014559721463271079,-0.010081815744424755,0.10089136279373746,-0.11452613191957352,2.0,0.011111111111111112,0.001466483920522441,-0.0001321698775837855,0.010136980863224598,-0.00753576903255024,0.10000000008507817,-0.09999983692262196,4.0,0.019417475728155338,0.0011283044771757118,-0.0019744627861038354,0.014044234098931425,-0.019019760987691522,0.14992157682357393,-0.1526297492430288,2.0,0.05,0.001,-0.001,0.01,-0.01,0.1,-0.1,0.0,0.0,0.0,0.0,0.0,0.0,0.0,0.0
baseline_3,air,air\baseline_3.csv,Period_I,baseline,0,Period I baseline,source,baseline_as_air,3.0,0.08108108108108109,0.001,-0.0011161053011203995,0.01,-0.012549974954546723,0.1,-0.10000367971929092,6.0,0.02142857142857143,0.001,-0.002854672611439881,0.020229814340932805,-0.020141540683868576,0.14644240981125645,-0.11129659930004009,2.0,0.01020408163265306,0.0010496191102675263,-0.0010008623672548254,0.010805457687819892,-0.010022594815553398,0.10004703079188718,-0.10000000169001827,7.0,0.030042918454935622,0.0019707157971400957,-0.0018962618881503601,0.017618377274045277,-0.015418681286529474,0.14394822627132964,-0.14453157894856317,2.0,0.0425531914893617,0.001716424820938828,-0.001,0.012820346415915227,-0.01,0.10262368448319133,-0.1,1.0,0.07142857142857142,4.352572798486595e-05,-0.001,0.0010440625100945847,-0.01,0.03092198454854206,-0.1
baseline_4,air,air\baseline_4.csv,Period_I,baseline,0,Period I baseline,source,baseline_as_air,2.0,0.09090909090909091,0.0005712741938228387,-7.4500445542977425e-06,0.010033798327140785,-0.0004631648861838176,0.10003614218567382,-0.02675126266644258,7.0,0.03211009174311927,0.0013889117092318176,-0.00011925325839879557,0.028124016184425824,-0.008162663626821273,0.1468099985266679,-0.14046158127406846,4.0,0.024096385542168676,0.0010226710987879485,-0.0010228859034099181,0.01231901386326587,-0.011493250820229773,0.11836917044173684,-0.1022342921963828,7.0,0.046052631578947366,0.0010238860071165976,-0.0019651263176905737,0.014401013241154201,-0.016851447071199253,0.12397173017498106,-0.12945668252169937,3.0,0.11538461538461539,0.0010035953805710715,-1.1956654527072764e-05,0.010154069202340169,-0.0005342893089052749,0.10009655263219595,-0.023735300549441715,1.0,0.1,0.001,-3.820573611662157e-06,0.01,-0.0002669613778083675,0.1,-0.011215766545905684
baseline_5,air,air\baseline_5.csv,Period_I,baseline,0,Period I baseline,source,baseline_as_air,2.0,0.08,0.001,-0.0010027235685558362,0.01,-0.010114066056587693,0.1,-0.10000165011147748,3.0,0.012711864406779662,0.001696966149811697,-0.0011764970383058315,0.014913065861629955,-0.019014847582676242,0.10294230144885128,-0.18103846571776178,2.0,0.011560693641618497,0.0018428686153072488,-0.0011467435960566253,0.01182098536589382,-0.017857481316362406,0.10012244974230983,-0.18999998609084925,7.0,0.040697674418604654,0.002955237700755163,-0.004214133764988461,0.022572841716852636,-0.051775598092405214,0.1833016886830841,-0.5051841126629265,1.0,0.03125,0.001,-0.00018259158819705613,0.01,-0.007604090179358557,0.1,-0.09894454041242029,1.0,0.1,7.074445143189813e-06,-0.001,0.00032047554551191057,-0.01,0.016560999999999992,-0.1
baseline_6,air,air\baseline_6.csv,Period_I,baseline,0,Period I baseline,source,baseline_as_air,2.0,0.06060606060606061,0.0018557944010142817,-0.00013863740154835711,0.01571063783399272,-0.007485314682375439,0.1127931806357237,-0.10750388832141557,6.0,0.022988505747126436,0.005514153557078329,-4.964217074815685e-06,0.045554929151640104,-0.00688445631821161,0.2910108041447938,-0.12691501137953332,7.0,0.037037037037037035,0.0055535811119650615,-1.4812694560921696e-05,0.04433663850211624,-0.009470665543392574,0.2576034274142204,-0.14197221848950697,6.0,0.02926829268292683,0.0034248426395333048,-0.0019832858964667255,0.035016299665486125,-0.01856003866833955,0.19514361194611266,-0.15394902921315434,3.0,0.07317073170731707,0.0015119058368959516,-0.00013315672224877787,0.022057536805933274,-0.005887565049794561,0.15470657215100603,-0.11559460849450595,1.0,0.06666666666666667,0.001,-0.00020738750423945386,0.01,-0.007733839126557211,0.1,-0.09962852549652813
baseline_7,air,air\baseline_7.csv,Period_I,baseline,0,Period I baseline,source,baseline_as_air,1.0,0.037037037037037035,0.001,-1.2749284307880457e-05,0.01,-0.0006472851804420702,0.1,-0.026966763050600417,2.0,0.00847457627118644,0.0010027877868694433,-0.001,0.010143643977761829,-0.01,0.10001403829139865,-0.1,2.0,0.011299435028248588,0.001943734720981622,-0.001,0.015653712893083878,-0.01,0.10104569678701869,-0.1,4.0,0.021621621621621623,0.0024560431584966847,-0.0010350410024123667,0.015865171332962773,-0.012197785796120228,0.12117878661763043,-0.11649184790970576,1.0,0.03333333333333333,0.001,-0.00010049563123699424,0.01,-0.0043816594961777425,0.1,-0.0869691776153724,1.0,0.09090909090909091,0.001,-1.92863731070074e-06,0.01,-0.00014753400420056996,0.1,-0.010004110983167058
alcohol_o1,alcohol,alcohol\alcohol_o1.csv,Period_I,Day 1 afternoon,1,Period I Day 1 afternoon,source,old,1.0,0.04,1.3102380036968987e-05,-0.0010132264028101868,0.0008747659007392692,-0.010245353176911009,0.04968021171806003,-0.10000004347279196,4.0,0.017543859649122806,0.0029125108902448424,-0.002941779652933952,0.023550779110977513,-0.024000634775435216,0.18100000000000002,-0.15021863648539954,3.0,0.017543859649122806,0.0010211230484497207,-0.001963486771740246,0.011474966885379646,-0.01568752883957522,0.125573372044039,-0.10571798437905898,5.0,0.030864197530864196,0.0037618882686369713,-0.002124996731362948,0.024328852753774284,-0.021690182799889574,0.16274504635297002,-0.1297599194089736,1.0,0.03333333333333333,0.001,-0.0018961841909446717,0.01,-0.013102161246944067,0.1,-0.10299787235998495,1.0,0.1,1.2502540282486891e-05,-0.001,0.0005790867489385756,-0.01,0.022266589806770085,-0.1
alcohol_o2,alcohol,alcohol\alcohol_o2.csv,Period_I,Day 1 afternoon,1,Period I Day 1 afternoon,source,old,2.0,0.08,0.0019860955674571214,-7.7810482886141e-06,0.018691802295523,-0.0006395333948834587,0.12403336964980435,-0.03058494671160622,6.0,0.02666666666666667,0.005866235649612949,-0.0028918535603786413,0.04837384456925489,-0.02404566231598801,0.23595193640763593,-0.15598362676928768,3.0,0.01764705882352941,0.0029345359692668316,-0.0019350947794433532,0.024615831071161227,-0.0166667769862377,0.12289968701215206,-0.11132339186789035,7.0,0.0440251572327044,0.00655790576433326,-0.0046508011087911,0.04341284884628352,-0.030276256704699654,0.16422750812815706,-0.14023043069693011,3.0,0.10344827586206896,0.001998761715612212,-0.001,0.01969957232817201,-0.01,0.1412192429621476,-0.1,1.0,0.1,3.765134035342132e-05,-0.001,0.0017215671714283284,-0.01,0.06017334290217172,-0.1
alcohol_o3,alcohol,alcohol\alcohol_o3.csv,Period_I,Day 1 afternoon,1,Period I Day 1 afternoon,source,old,2.0,0.08695652173913043,0.0010057068025850669,-8.882956594990707e-06,0.010365646638348928,-0.0007910995136825773,0.1006251729983341,-0.03796567209999999,3.0,0.0136986301369863,0.0011407167437890763,-0.0020217407556755414,0.018617852280793892,-0.01885138532283678,0.13612914269243406,-0.11758048178263945,1.0,0.005988023952095809,0.0001300211106574394,-0.001018860016709509,0.007465170417286317,-0.01162935359391073,0.09999991002375398,-0.10935779257097457,3.0,0.01910828025477707,0.001,-0.002881996383302327,0.01012903794685185,-0.02258259924639614,0.114569152368581,-0.13177753292365296,2.0,0.07142857142857142,0.001953853108522625,-0.001,0.016504068245598025,-0.01,0.10965681164687262,-0.1,1.0,0.1,0.001,-3.3976844007932894e-05,0.01,-0.0015949405235607013,0.1,-0.03873418688731794
alcohol_o4,alcohol,alcohol\alcohol_o4.csv,Period_I,Day 2 noon,2,Period I Day 2 noon,source,old,0.0,0.0,0.0,-2.3384337361485527e-05,0.0,-0.0018766018732771124,0.0,-0.060018453435902015,1.0,0.0036900369003690036,0.001,-6.872007618373671e-05,0.01,-0.00458153725477741,0.1,-0.09980988223840637,1.0,0.005319148936170213,0.001,-1.859507908873832e-05,0.01,-0.001537084105054095,0.1,-0.061257951099999985,5.0,0.022222222222222223,0.0037364103015608227,-0.00207973089817736,0.023251433835293663,-0.024479162167554587,0.12310066349852743,-0.16238606748623224,2.0,0.047619047619047616,0.0018521140490572307,-0.0010562271511202607,0.012012103139911457,-0.013695408488214274,0.10000000812363896,-0.11522314284403555,0.0,0.0,0.0,0.0,0.0,0.0,0.0,0.0
alcohol_o5,alcohol,alcohol\alcohol_o5.csv,Period_I,Day 2 noon,2,Period I Day 2 noon,source,old,8.0,0.25806451612903225,0.007989007998,-0.001,0.07890798,-0.01,0.6978000000000001,-0.1,11.0,0.043478260869565216,0.008984007016965036,-3.2229856976527115e-05,0.08840716653479071,-0.00262551151705704,0.7483829690000001,-0.08521797488357874,4.0,0.02197802197802198,0.003992006998,-4.614481380719841e-05,0.03920698,-0.0026620419982765963,0.3268000000000001,-0.07806967379639528,7.0,0.03553299492385787,0.005873006066486423,-0.0010088612734489165,0.050052693075337835,-0.010772003659597792,0.47507026195089996,-0.12335059983213181,19.0,0.5588235294117647,0.01897502196905593,-0.002920671900483075,0.18752169553055723,-0.023376920830766434,1.6693953279000002,-0.11594629105752302,1.0,0.09090909090909091,1.009216668150124e-05,-0.001,0.0006193996107844418,-0.01,0.027099999999999985,-0.1
alcohol_o6,alcohol,alcohol\alcohol_o6.csv,Period_I,Day 2 noon,2,Period I Day 2 noon,source,old,6.0,0.1935483870967742,0.005995001,-0.001,0.059501,-0.01,0.5510000000000002,-0.1,9.0,0.03543307086614173,0.007995935368659604,-3.483455138048703e-05,0.07953856913844178,-0.0022769593434615884,0.721531861300158,-0.05565709440099999,4.0,0.02197802197802198,0.0030019453267355195,0.0,0.030148156654058886,0.0,0.288012779200158,0.0,6.0,0.029850746268656716,0.005405688151942861,-0.002921782630471303,0.04886202107228105,-0.023608607892520443,0.4224090429998245,-0.1288678822311865,13.0,0.37142857142857144,0.012979012997,-0.001023918860751677,0.12791297,-0.011605527721049037,1.1027000000000002,-0.10739051509007798,1.0,0.09090909090909091,7.210868127072731e-06,-0.001,0.0005094675088346719,-0.01,0.01985040569879115,-0.1
alcohol_o7,alcohol,alcohol\alcohol_o7.csv,Period_I,Day 2 afternoon,2,Period I Day 2 afternoon,source,old,2.0,0.06060606060606061,0.0019970079840199847,-0.001,0.0197078419850599,-0.01,0.17658559000000001,-0.1,2.0,0.0078125,0.001,-2.1718142617942844e-05,0.01,-0.0019364418497636506,0.1,-0.08831054905430341,2.0,0.0106951871657754,0.0010091535327654162,-2.6315632799918322e-05,0.01085151914296156,-0.0015584175379208566,0.1120362302391395,-0.07458134171670999,5.0,0.023474178403755867,0.0038074075009488263,-0.0019371961183505188,0.026467634220963113,-0.01625312578664493,0.1845756721,-0.14453163763801935,6.0,0.16216216216216217,0.005867758189007974,-0.0019851153392864036,0.04961187706443033,-0.01860967599174987,0.42490000000000006,-0.12215889446726917,1.0,0.08333333333333333,0.00010223740010640052,-0.001,0.0043725901690195015,-0.01,0.07071090096668585,-0.1
alcohol_o8,alcohol,alcohol\alcohol_o8.csv,Period_I,Day 2 afternoon,2,Period I Day 2 afternoon,source,old,2.0,0.058823529411764705,0.0018838192016329604,-0.001,0.013412104564374938,-0.01,0.10056803593247103,-0.1,3.0,0.011627906976744186,0.001,-0.001,0.01,-0.01,0.1,-0.1,1.0,0.005291005291005291,0.001,-0.001,0.01,-0.01,0.1,-0.1,3.0,0.0136986301369863,0.0027543747279767227,-0.001,0.018826714619354073,-0.01,0.14767720112086974,-0.1,5.0,0.13157894736842105,0.004674271940743568,-0.001974289640261281,0.030936474839406584,-0.017676877759754406,0.19035311240968963,-0.1056079182309592,1.0,0.08333333333333333,0.001,-0.00015901481515979228,0.01,-0.006972367472875709,0.1,-0.09548279031569096
alcohol_o9,alcohol,alcohol\alcohol_o9.csv,Period_I,Day 2 afternoon,2,Period I Day 2 afternoon,source,old,9.0,0.2571428571428571,0.008743425084500532,-0.003530509709476517,0.06858039435136168,-0.020605908681687733,0.278722446271522,-0.13323068440207,8.0,0.030303030303030304,0.007740854904829064,-0.004425245381746056,0.06075771565885468,-0.022260939389166234,0.28583955110730663,-0.12693573143977116,2.0,0.010526315789473684,0.001990044880209748,-0.0018913752967255563,0.019043820750088043,-0.013168922638097285,0.13486784401000002,-0.1000008574954049,8.0,0.03571428571428571,0.00779935305721652,-0.007139085493582806,0.06263196663366087,-0.04171750628381048,0.3033626516793494,-0.18515203830890453,14.0,0.358974358974359,0.013787048112162626,-0.005664605968121493,0.120429354930011,-0.037541893016114436,0.5776566139100001,-0.195877307545039,0.0,0.0,0.0,-0.001,0.0,-0.01,0.0,-0.1
alcohol_o10,alcohol,alcohol\alcohol_o10.csv,Period_I,Day 3 noon,3,Period I Day 3 noon,source,old,13.0,0.2653061224489796,0.011696574617505985,-0.0029062652727143284,0.09481547981939237,-0.02237723907480557,0.4942984849575571,-0.12420493173917387,8.0,0.02768166089965398,0.007733439622637619,-0.0028874167633603483,0.06408704549852233,-0.02126658650454186,0.3398535257414108,-0.11509207549110488,3.0,0.014925373134328358,0.002904316525076925,-0.001000994014980015,0.02222296208079825,-0.0100941480149401,0.18100000000000002,-0.10531441,12.0,0.04897959183673469,0.011230291829131225,-0.007449038225331185,0.0823044674910123,-0.050000371831889885,0.4171051656602849,-0.1806373796152005,25.0,0.5102040816326531,0.024910322172435242,-0.005139872421684272,0.24131485195837235,-0.0366577532865848,1.852858316038,-0.20356421523172952,1.0,0.07142857142857142,0.001,-0.001,0.01,-0.01,0.1,-0.1
alcohol_o11,alcohol,alcohol\alcohol_o11.csv,Period_I,Day 3 noon,3,Period I Day 3 noon,source,old,8.0,0.17391304347826086,0.007582564857144201,-0.0035923566199389037,0.05910499000000001,-0.024058484873718936,0.5149000000000001,-0.14520197028017748,7.0,0.024822695035460994,0.006983016993000999,-0.00364313066226703,0.06831693009999999,-0.023893754343960627,0.5510000000000002,-0.13266754971521988,4.0,0.01990049751243781,0.003991009995001,-0.0010409974679166105,0.0391099501,-0.010691300126512893,0.31951000000000007,-0.10000000253277462,7.0,0.029411764705882353,0.005650147304889524,-0.006412815555843326,0.04157657325455732,-0.03415914004572346,0.35354016186581005,-0.15962165665495948,12.0,0.2553191489361702,0.010973989186468951,-0.0044493551456362915,0.10739081774158443,-0.029082444551399293,0.8432202357558101,-0.21998730006143483,1.0,0.07142857142857142,0.001,-7.41861163188112e-05,0.01,-0.003315747234851992,0.1,-0.057705187364827486
alcohol_o12,alcohol,alcohol\alcohol_o12.csv,Period_I,Day 3 noon,3,Period I Day 3 noon,source,old,7.0,0.1590909090909091,0.005980004317374792,-0.002855971533725025,0.05800703170260017,-0.019453302024106094,0.42353611506483735,-0.13181455105405965,6.0,0.02158273381294964,0.0049799954277084104,-0.0019905561680166307,0.04799907735511517,-0.018772049876909162,0.3244340150013062,-0.1291313517047132,2.0,0.009900990099009901,0.001995009990004999,-0.001006547139140703,0.019509900498999998,-0.010357809476301329,0.15904900000000002,-0.10006616766465892,7.0,0.029914529914529916,0.0048240573022771075,-0.0045316164248008165,0.03937730784580058,-0.026129241545048906,0.30038126681677735,-0.1415066536505123,14.0,0.30434782608695654,0.012917300767845979,-0.002856051232644809,0.12199841194341432,-0.0204717105243458,0.7386689246230949,-0.15460774784937936,1.0,0.07142857142857142,2.3495054853216483e-05,-0.001,0.0012495250635269385,-0.01,0.03513508900184584,-0.1
